date,absolute_value
1994-09-22,0.43709944359261177
1994-09-23,0.4365216453376661
1994-09-24,0.4365216453376661
1994-09-25,0.4365216453376661
1994-09-26,0.43718921508249703
1994-09-27,0.4366863711204902
1994-09-28,0.43733971838571045
1994-09-29,0.43702859583386133
1994-09-30,0.4286013730089247
1994-10-01,0.4286013730089247
1994-10-02,0.4286013730089247
1994-10-03,0.4287507745249075
1994-10-04,0.42853934039371727
1994-10-05,0.4284595000666236
1994-10-06,0.42848626335359036
1994-10-07,0.4097159912102922
1994-10-08,0.4097159912102922
1994-10-09,0.4097159912102922
1994-10-10,0.41018793663393155
1994-10-11,0.41037610162677074
1994-10-12,0.4104928247888447
1994-10-13,0.410063218213222
1994-10-14,0.3961325905905004
1994-10-15,0.3961325905905004
1994-10-16,0.3961325905905004
1994-10-17,0.3952808919644313
1994-10-18,0.3951487401128854
1994-10-19,0.3952723969685241
1994-10-20,0.3950552626177304
1994-10-21,0.41958791815171803
1994-10-22,0.41958791815171803
1994-10-23,0.41958791815171803
1994-10-24,0.4193475772643702
1994-10-25,0.4193329035207576
1994-10-26,0.4192235780308086
1994-10-27,0.4194645780167684
1994-10-28,0.40868809075378104
1994-10-29,0.40868809075378104
1994-10-30,0.40868809075378104
1994-10-31,0.40855058172386255
1994-11-01,0.4085012736141047
1994-11-02,0.4088460857609106
1994-11-03,0.4095369734830844
1994-11-04,0.4123157529595777
1994-11-05,0.4123157529595777
1994-11-06,0.4123157529595777
1994-11-07,0.41179918306061586
1994-11-08,0.4113743651908016
1994-11-09,0.41241974531727094
1994-11-10,0.41284884732950705
1994-11-11,0.4120428273167119
1994-11-12,0.4120428273167119
1994-11-13,0.4120428273167119
1994-11-14,0.4129412175480258
1994-11-15,0.4134759399352468
1994-11-16,0.41351978255563604
1994-11-17,0.4137065605184002
1994-11-18,0.4160137020291701
1994-11-19,0.4160137020291701
1994-11-20,0.4160137020291701
1994-11-21,0.4161091780306243
1994-11-22,0.4161648129072167
1994-11-23,0.416204492875427
1994-11-24,0.41646684159251507
1994-11-25,0.4152244569999104
1994-11-26,0.4152244569999104
1994-11-27,0.4152244569999104
1994-11-28,0.4153626128839258
1994-11-29,0.41528903436768455
1994-11-30,0.4150563493623944
1994-12-01,0.41518938777696274
1994-12-02,0.41557283637679876
1994-12-03,0.41557283637679876
1994-12-04,0.41557283637679876
1994-12-05,0.4195705715561857
1994-12-06,0.41952480731714326
1994-12-07,0.4193739583821099
1994-12-08,0.41973085426895324
1994-12-09,0.4243114005709948
1994-12-10,0.4243114005709948
1994-12-11,0.4243114005709948
1994-12-12,0.42430793976519976
1994-12-13,0.42439876812871724
1994-12-14,0.42481505126640545
1994-12-15,0.4246507737654019
1994-12-16,0.4290495240439078
1994-12-17,0.4290495240439078
1994-12-18,0.4290495240439078
1994-12-19,0.4292199217316337
1994-12-20,0.43003480989644194
1994-12-21,0.4303041950999383
1994-12-22,0.43169184041982406
1994-12-23,0.4389251314201608
1994-12-24,0.4389251314201608
1994-12-25,0.4389251314201608
1994-12-26,0.4391655438577415
1994-12-27,0.4399561547363838
1994-12-28,0.4385069962855084
1994-12-29,0.4382613646197105
1994-12-30,0.43817720596826004
1994-12-31,0.43817720596826004
1995-01-01,0.43817720596826004
1995-01-02,0.4386931858874243
1995-01-03,0.43914386719517545
1995-01-04,0.43981768605354604
1995-01-05,0.4393968485584511
1995-01-06,0.4339374959551641
1995-01-07,0.4339374959551641
1995-01-08,0.4339374959551641
1995-01-09,0.4328509910082459
1995-01-10,0.43351498375863773
1995-01-11,0.4334197852828739
1995-01-12,0.43301664978975907
1995-01-13,0.43295392517064196
1995-01-14,0.43295392517064196
1995-01-15,0.43295392517064196
1995-01-16,0.43307215967066015
1995-01-17,0.4329939653616409
1995-01-18,0.43335958045359557
1995-01-19,0.43302295748240005
1995-01-20,0.4325525396590048
1995-01-21,0.4325525396590048
1995-01-22,0.4325525396590048
1995-01-23,0.4327352403844242
1995-01-24,0.4327383373062358
1995-01-25,0.4330009686012698
1995-01-26,0.43287840848567705
1995-01-27,0.4329375075380595
1995-01-28,0.4329375075380595
1995-01-29,0.4329375075380595
1995-01-30,0.4335214329588127
1995-01-31,0.43332198783108655
1995-02-01,0.4363593391158483
1995-02-02,0.4365078454927637
1995-02-03,0.4369998686587036
1995-02-04,0.4369998686587036
1995-02-05,0.4369998686587036
1995-02-06,0.4373513114926135
1995-02-07,0.4376239290713513
1995-02-08,0.4376839463690342
1995-02-09,0.43771046051082607
1995-02-10,0.4264818362642813
1995-02-11,0.4264818362642813
1995-02-12,0.4264818362642813
1995-02-13,0.42666146410198913
1995-02-14,0.42663909071184547
1995-02-15,0.4268671052306951
1995-02-16,0.4264096002440359
1995-02-17,0.4273564898721867
1995-02-18,0.4273564898721867
1995-02-19,0.4273564898721867
1995-02-20,0.42690511261480785
1995-02-21,0.4268988612786371
1995-02-22,0.4271471508304657
1995-02-23,0.4267657306772954
1995-02-24,0.43784493646002826
1995-02-25,0.43784493646002826
1995-02-26,0.43784493646002826
1995-02-27,0.43793829843767434
1995-02-28,0.43823841384941625
1995-03-01,0.43826244617295124
1995-03-02,0.43797801453922813
1995-03-03,0.46378607253436743
1995-03-04,0.46378607253436743
1995-03-05,0.46378607253436743
1995-03-06,0.46280679082953513
1995-03-07,0.462170206460353
1995-03-08,0.46266892739924104
1995-03-09,0.46332121735557763
1995-03-10,0.4640167344427704
1995-03-11,0.4640167344427704
1995-03-12,0.4640167344427704
1995-03-13,0.4644713850478
1995-03-14,0.46492095371271935
1995-03-15,0.46434112880861933
1995-03-16,0.46460279348971273
1995-03-17,0.46610301651218283
1995-03-18,0.46610301651218283
1995-03-19,0.46610301651218283
1995-03-20,0.4667026136313644
1995-03-21,0.4670345626301405
1995-03-22,0.46708150221028816
1995-03-23,0.4667356303073354
1995-03-24,0.4658323963622735
1995-03-25,0.4658323963622735
1995-03-26,0.4658323963622735
1995-03-27,0.4656626854400038
1995-03-28,0.46520060494779497
1995-03-29,0.46477493223096233
1995-03-30,0.46541618292741205
1995-03-31,0.4637294385192813
1995-04-01,0.4637294385192813
1995-04-02,0.4637294385192813
1995-04-03,0.46336305867696115
1995-04-04,0.4631579717062244
1995-04-05,0.4627087120926368
1995-04-06,0.46249204654392717
1995-04-07,0.4623297668871467
1995-04-08,0.4623297668871467
1995-04-09,0.4623297668871467
1995-04-10,0.5586790369929023
1995-04-11,0.5586923342026417
1995-04-12,0.5585786153911958
1995-04-13,0.5581259353802661
1995-04-14,0.5581942195449936
1995-04-15,0.5581942195449936
1995-04-16,0.5581942195449936
1995-04-17,0.5571401070163087
1995-04-18,0.5563885984332841
1995-04-19,0.5567247999520312
1995-04-20,0.5576209772590989
1995-04-21,0.557013430594569
1995-04-22,0.557013430594569
1995-04-23,0.557013430594569
1995-04-24,0.5736932233515165
1995-04-25,0.5730676497574189
1995-04-26,0.5736748215048548
1995-04-27,0.5735929880268048
1995-04-28,0.5724169939012135
1995-04-29,0.5724169939012135
1995-04-30,0.5724169939012135
1995-05-01,0.5724365779958842
1995-05-02,0.571982841659832
1995-05-03,0.5716339758463442
1995-05-04,0.5711672521222516
1995-05-05,0.5701150854916108
1995-05-06,0.5701150854916108
1995-05-07,0.5701150854916108
1995-05-08,0.5693664948735301
1995-05-09,0.5705817061298347
1995-05-10,0.5712961899726082
1995-05-11,0.5735052074629186
1995-05-12,0.5697502836910968
1995-05-13,0.5697502836910968
1995-05-14,0.5697502836910968
1995-05-15,0.5698968310736942
1995-05-16,0.5701719837911491
1995-05-17,0.5700037003886927
1995-05-18,0.5706358711825243
1995-05-19,0.5707125567648248
1995-05-20,0.5707125567648248
1995-05-21,0.5707125567648248
1995-05-22,0.6105190107814336
1995-05-23,0.6102262951697561
1995-05-24,0.6101643467728851
1995-05-25,0.6086653099783474
1995-05-26,0.6068269774617371
1995-05-27,0.6068269774617371
1995-05-28,0.6068269774617371
1995-05-29,0.6070659205847624
1995-05-30,0.6078275123266071
1995-05-31,0.6093035040528013
1995-06-01,0.6098029913462006
1995-06-02,0.6103604159256699
1995-06-03,0.6103604159256699
1995-06-04,0.6103604159256699
1995-06-05,0.6100516734697211
1995-06-06,0.610786957578488
1995-06-07,0.610825328250844
1995-06-08,0.6107394991052154
1995-06-09,0.6117855072709022
1995-06-10,0.6117855072709022
1995-06-11,0.6117855072709022
1995-06-12,0.6120393582599619
1995-06-13,0.6123358360687675
1995-06-14,0.6118167559952957
1995-06-15,0.6123893077240942
1995-06-16,0.6102642100339961
1995-06-17,0.6102642100339961
1995-06-18,0.6102642100339961
1995-06-19,0.610267371885196
1995-06-20,0.6100974079755928
1995-06-21,0.6095766199725657
1995-06-22,0.6098611217281533
1995-06-23,0.608629792741528
1995-06-24,0.608629792741528
1995-06-25,0.608629792741528
1995-06-26,0.6090089110935275
1995-06-27,0.6088240545419678
1995-06-28,0.6097699135219573
1995-06-29,0.609276450462935
1995-06-30,0.608951766504973
1995-07-01,0.608951766504973
1995-07-02,0.608951766504973
1995-07-03,0.6025512142729372
1995-07-04,0.6029340585376695
1995-07-05,0.6027374116542876
1995-07-06,0.6028260350533813
1995-07-07,0.6134038744071264
1995-07-08,0.6134038744071264
1995-07-09,0.6134038744071264
1995-07-10,0.6138893271652031
1995-07-11,0.6146016262576999
1995-07-12,0.6143239813023199
1995-07-13,0.6136257500681026
1995-07-14,0.610252869507563
1995-07-15,0.610252869507563
1995-07-16,0.610252869507563
1995-07-17,0.6106186464567507
1995-07-18,0.6104842699569545
1995-07-19,0.6096821556695703
1995-07-20,0.6098261407181228
1995-07-21,0.6123334636731661
1995-07-22,0.6123334636731661
1995-07-23,0.6123334636731661
1995-07-24,0.6121626328784344
1995-07-25,0.6126888989038869
1995-07-26,0.6127482587760118
1995-07-27,0.6124300162432579
1995-07-28,0.612350604220443
1995-07-29,0.612350604220443
1995-07-30,0.612350604220443
1995-07-31,0.6124561516802521
1995-08-01,0.6118311413005684
1995-08-02,0.6128742240463957
1995-08-03,0.6125437566625969
1995-08-04,0.6129149183943475
1995-08-05,0.6129149183943475
1995-08-06,0.6129149183943475
1995-08-07,0.6140612656292938
1995-08-08,0.6143550045816523
1995-08-09,0.6146762531471713
1995-08-10,0.6154109213844049
1995-08-11,0.6131742072564972
1995-08-12,0.6131742072564972
1995-08-13,0.6131742072564972
1995-08-14,0.6134205014267216
1995-08-15,0.619107484766441
1995-08-16,0.6207542499497557
1995-08-17,0.6152109044242071
1995-08-18,0.6156988431962672
1995-08-19,0.6156988431962672
1995-08-20,0.6156988431962672
1995-08-21,0.6156810385688423
1995-08-22,0.6164232889612994
1995-08-23,0.6164864028300566
1995-08-24,0.6162537314490395
1995-08-25,0.6213988881947686
1995-08-26,0.6213988881947686
1995-08-27,0.6213988881947686
1995-08-28,0.620815451475495
1995-08-29,0.621520107186365
1995-08-30,0.6216181925218196
1995-08-31,0.6208312208541755
1995-09-01,0.6255770177181358
1995-09-02,0.6255770177181358
1995-09-03,0.6255770177181358
1995-09-04,0.6255133738981762
1995-09-05,0.62584497777319
1995-09-06,0.6265753090423706
1995-09-07,0.6267034415482382
1995-09-08,0.627748934333499
1995-09-09,0.627748934333499
1995-09-10,0.627748934333499
1995-09-11,0.6276847133340948
1995-09-12,0.6276554288798525
1995-09-13,0.6292452528688965
1995-09-14,0.6295011305798454
1995-09-15,0.632217459251168
1995-09-16,0.632217459251168
1995-09-17,0.632217459251168
1995-09-18,0.6326392854194786
1995-09-19,0.6328300790164135
1995-09-20,0.6318377813887053
1995-09-21,0.6293323505740687
1995-09-22,0.6302569752994384
1995-09-23,0.6302569752994384
1995-09-24,0.6302569752994384
1995-09-25,0.6306369005678288
1995-09-26,0.6314167857904831
1995-09-27,0.6308155552758276
1995-09-28,0.6301846132911877
1995-09-29,0.6306012513667928
1995-09-30,0.6306012513667928
1995-10-01,0.6306012513667928
1995-10-02,0.6318819762545996
1995-10-03,0.6324440863013471
1995-10-04,0.6322943967356663
1995-10-05,0.6319727895283838
1995-10-06,0.6309877627254209
1995-10-07,0.6309877627254209
1995-10-08,0.6309877627254209
1995-10-09,0.6305850571074034
1995-10-10,0.6311790393561093
1995-10-11,0.6315196304270869
1995-10-12,0.6317441903492949
1995-10-13,0.6322453651409826
1995-10-14,0.6322453651409826
1995-10-15,0.6322453651409826
1995-10-16,0.6323042655338015
1995-10-17,0.6325716898874294
1995-10-18,0.6329321823844627
1995-10-19,0.6334653086979982
1995-10-20,0.633121657672031
1995-10-21,0.633121657672031
1995-10-22,0.633121657672031
1995-10-23,0.6325639079048186
1995-10-24,0.6324911803297547
1995-10-25,0.6329954923278207
1995-10-26,0.633794219819266
1995-10-27,0.6340027745506495
1995-10-28,0.6340027745506495
1995-10-29,0.6340027745506495
1995-10-30,0.6337233348004806
1995-10-31,0.6340977134678439
1995-11-01,0.6348890387163972
1995-11-02,0.6355864982519351
1995-11-03,0.6356194645950118
1995-11-04,0.6356194645950118
1995-11-05,0.6356194645950118
1995-11-06,0.6356156173746967
1995-11-07,0.6357133474175676
1995-11-08,0.6360085451450866
1995-11-09,0.6354915029139234
1995-11-10,0.6355976909246858
1995-11-11,0.6355976909246858
1995-11-12,0.6355976909246858
1995-11-13,0.636037270847581
1995-11-14,0.6360233435046374
1995-11-15,0.6358568097156725
1995-11-16,0.6361091712355519
1995-11-17,0.6364248403310018
1995-11-18,0.6364248403310018
1995-11-19,0.6364248403310018
1995-11-20,0.6365838120908855
1995-11-21,0.6366118332192736
1995-11-22,0.6365596227160882
1995-11-23,0.6366847175690066
1995-11-24,0.6385964910410349
1995-11-25,0.6385964910410349
1995-11-26,0.6385964910410349
1995-11-27,0.6395131075746145
1995-11-28,0.6396214664644071
1995-11-29,0.6396916254032226
1995-11-30,0.6405746093371132
1995-12-01,0.6391941346488885
1995-12-02,0.6391941346488885
1995-12-03,0.6391941346488885
1995-12-04,0.639747623323894
1995-12-05,0.6391193289179274
1995-12-06,0.6395013778795933
1995-12-07,0.6396802392764972
1995-12-08,0.6433850725345893
1995-12-09,0.6433850725345893
1995-12-10,0.6433850725345893
1995-12-11,0.6432968997472202
1995-12-12,0.6440754810956215
1995-12-13,0.6436964601515365
1995-12-14,0.6431907531180941
1995-12-15,0.6439365844303184
1995-12-16,0.6439365844303184
1995-12-17,0.6439365844303184
1995-12-18,0.6431909533399459
1995-12-19,0.6434839095625006
1995-12-20,0.6436574728972937
1995-12-21,0.6436562556387633
1995-12-22,0.658455030349379
1995-12-23,0.658455030349379
1995-12-24,0.658455030349379
1995-12-25,0.6586048659316761
1995-12-26,0.6588365756282729
1995-12-27,0.659182856003719
1995-12-28,0.6594804473020753
1995-12-29,0.6589335665777563
1995-12-30,0.6589335665777563
1995-12-31,0.6589335665777563
1996-01-01,0.6589335665777563
1996-01-02,0.642713768595368
1996-01-03,0.6431107630330353
1996-01-04,0.6438983443121505
1996-01-05,0.6385113354550741
1996-01-06,0.6385113354550741
1996-01-07,0.6371161769414824
1996-01-08,0.6374063615305772
1996-01-09,0.6383382220791022
1996-01-10,0.6374354120653047
1996-01-11,0.6375710289413961
1996-01-12,0.6383766104783761
1996-01-13,0.6383766104783761
1996-01-14,0.6383766104783761
1996-01-15,0.6387821930083885
1996-01-16,0.6395214640303473
1996-01-17,0.6399922979611342
1996-01-18,0.640704662671501
1996-01-19,0.6411995664471827
1996-01-20,0.6411995664471827
1996-01-21,0.6411995664471827
1996-01-22,0.6430858960905287
1996-01-23,0.6431024044209345
1996-01-24,0.6433113383647846
1996-01-25,0.6427533651976315
1996-01-26,0.6438386157434525
1996-01-27,0.6438386157434525
1996-01-28,0.6438386157434525
1996-01-29,0.6433164511504416
1996-01-30,0.6445538936515505
1996-01-31,0.6443982531243341
1996-02-01,0.6432854475206786
1996-02-02,0.6336438473244282
1996-02-03,0.6336438473244282
1996-02-04,0.6336438473244282
1996-02-05,0.6328536048223786
1996-02-06,0.6329360307940164
1996-02-07,0.6340706854691538
1996-02-08,0.6360308583627126
1996-02-09,0.6364500288139419
1996-02-10,0.6364500288139419
1996-02-11,0.6364500288139419
1996-02-12,0.6363979287658734
1996-02-13,0.6357358161419271
1996-02-14,0.6353955395336957
1996-02-15,0.6355858718662297
1996-02-16,0.635776020355591
1996-02-17,0.635776020355591
1996-02-18,0.635776020355591
1996-02-19,0.6361565527281496
1996-02-20,0.6369536480411807
1996-02-21,0.6365545073948317
1996-02-22,0.6369676504839513
1996-02-23,0.6287665210971654
1996-02-24,0.6287665210971654
1996-02-25,0.6287665210971654
1996-02-26,0.6287872426925356
1996-02-27,0.628379350763764
1996-02-28,0.6291966129809992
1996-02-29,0.6300051056062259
1996-03-01,0.6209591279965968
1996-03-02,0.6209591279965968
1996-03-03,0.6209591279965968
1996-03-04,0.6216956501850254
1996-03-05,0.6214434052568097
1996-03-06,0.6119955392860197
1996-03-07,0.6118706459689182
1996-03-08,0.6152322248993016
1996-03-09,0.6152322248993016
1996-03-10,0.6152322248993016
1996-03-11,0.6157206475163698
1996-03-12,0.6153338324103969
1996-03-13,0.6150056292739386
1996-03-14,0.6144385757695543
1996-03-15,0.6152442860817059
1996-03-16,0.6152442860817059
1996-03-17,0.6152442860817059
1996-03-18,0.6152586217365075
1996-03-19,0.6149246994572543
1996-03-20,0.615424821959647
1996-03-21,0.6156190531835836
1996-03-22,0.6214825195629354
1996-03-23,0.6214825195629354
1996-03-24,0.6214825195629354
1996-03-25,0.6209922382107492
1996-03-26,0.621113024739937
1996-03-27,0.621512897679336
1996-03-28,0.621154717791406
1996-03-29,0.6209328931023218
1996-03-30,0.6209328931023218
1996-03-31,0.6209328931023218
1996-04-01,0.6210747132690692
1996-04-02,0.6209764894259096
1996-04-03,0.621270316971775
1996-04-04,0.6212885578953461
1996-04-05,0.6214972891381161
1996-04-06,0.6214972891381161
1996-04-07,0.6214972891381161
1996-04-08,0.6216275901256048
1996-04-09,0.6223877064770745
1996-04-10,0.6226674225404818
1996-04-11,0.6232171804657068
1996-04-12,0.6235150852102465
1996-04-13,0.6235150852102465
1996-04-14,0.6235150852102465
1996-04-15,0.6239186324349222
1996-04-16,0.6240858305732088
1996-04-17,0.6240900932302104
1996-04-18,0.623903853129467
1996-04-19,0.6244879398816404
1996-04-20,0.6244879398816404
1996-04-21,0.6244879398816404
1996-04-22,0.6245430029049062
1996-04-23,0.6249689483901413
1996-04-24,0.62543852745247
1996-04-25,0.6263143106329004
1996-04-26,0.6132795014682794
1996-04-27,0.6132795014682794
1996-04-28,0.6132795014682794
1996-04-29,0.6135598845299642
1996-04-30,0.6141773092802192
1996-05-01,0.6144601948149034
1996-05-02,0.6148520724155709
1996-05-03,0.6105950305586894
1996-05-04,0.6105950305586894
1996-05-05,0.6105950305586894
1996-05-06,0.6106670395978246
1996-05-07,0.6110981506048864
1996-05-08,0.6109269209942125
1996-05-09,0.6107884186263419
1996-05-10,0.6135371242082547
1996-05-11,0.6135371242082547
1996-05-12,0.6135371242082547
1996-05-13,0.6135170330160965
1996-05-14,0.6136426351003286
1996-05-15,0.6139775349421654
1996-05-16,0.614286475371662
1996-05-17,0.6122774168130775
1996-05-18,0.6122774168130775
1996-05-19,0.6122774168130775
1996-05-20,0.6133374169568105
1996-05-21,0.6138710816413915
1996-05-22,0.6142275351665182
1996-05-23,0.6143312584663183
1996-05-24,0.6146135921644642
1996-05-25,0.6146135921644642
1996-05-26,0.6146135921644642
1996-05-27,0.6156111934130429
1996-05-28,0.6168743143518923
1996-05-29,0.6147873820305032
1996-05-30,0.6144031535258961
1996-05-31,0.6239828486953393
1996-06-01,0.6239828486953393
1996-06-02,0.6239828486953393
1996-06-03,0.6242543120003619
1996-06-04,0.6247252927910943
1996-06-05,0.6251629203768063
1996-06-06,0.6255153160900402
1996-06-07,0.6265690245503849
1996-06-08,0.6265690245503849
1996-06-09,0.6265690245503849
1996-06-10,0.626882612058849
1996-06-11,0.6271190952907729
1996-06-12,0.6268798977985099
1996-06-13,0.6268351451532673
1996-06-14,0.623150948791449
1996-06-15,0.623150948791449
1996-06-16,0.623150948791449
1996-06-17,0.6232881153225637
1996-06-18,0.6228271211575489
1996-06-19,0.623271668554758
1996-06-20,0.62329756641015
1996-06-21,0.624526278434782
1996-06-22,0.624526278434782
1996-06-23,0.624526278434782
1996-06-24,0.6244187242669784
1996-06-25,0.6243400270152403
1996-06-26,0.6243404796057358
1996-06-27,0.6239888815666118
1996-06-28,0.6236250388347991
1996-06-29,0.6236250388347991
1996-06-30,0.6236250388347991
1996-07-01,0.6237237131082859
1996-07-02,0.6243136630220998
1996-07-03,0.6244759150268037
1996-07-04,0.6249352695967241
1996-07-05,0.6209916995419615
1996-07-06,0.6209916995419615
1996-07-07,0.6209916995419615
1996-07-08,0.6212863373325945
1996-07-09,0.6212328245284955
1996-07-10,0.6207490302810569
1996-07-11,0.621227226248394
1996-07-12,0.6211634168348754
1996-07-13,0.6211634168348754
1996-07-14,0.6211634168348754
1996-07-15,0.6211893768309892
1996-07-16,0.6196628035770172
1996-07-17,0.6197259998484853
1996-07-18,0.619826013390518
1996-07-19,0.622846097536323
1996-07-20,0.622846097536323
1996-07-21,0.622846097536323
1996-07-22,0.6223626508249264
1996-07-23,0.6224735240146169
1996-07-24,0.6226688229791537
1996-07-25,0.6222343578645443
1996-07-26,0.6226478946541957
1996-07-27,0.6226478946541957
1996-07-28,0.6226478946541957
1996-07-29,0.6226084681267599
1996-07-30,0.6226709213489308
1996-07-31,0.6228427985129568
1996-08-01,0.6231291672162153
1996-08-02,0.6285524042465674
1996-08-03,0.6285524042465674
1996-08-04,0.6285524042465674
1996-08-05,0.6286312495826881
1996-08-06,0.6288267533813457
1996-08-07,0.629109942760712
1996-08-08,0.6292651338397963
1996-08-09,0.6283686357426261
1996-08-10,0.6283686357426261
1996-08-11,0.6283686357426261
1996-08-12,0.6282504361984363
1996-08-13,0.6283153678610984
1996-08-14,0.6289241625831218
1996-08-15,0.6289341695110015
1996-08-16,0.6291775651170727
1996-08-17,0.6291775651170727
1996-08-18,0.6291775651170727
1996-08-19,0.6290041358084268
1996-08-20,0.629051260642221
1996-08-21,0.6287827385368621
1996-08-22,0.6291879762707936
1996-08-23,0.6284791157436561
1996-08-24,0.6284791157436561
1996-08-25,0.6284791157436561
1996-08-26,0.6285456940796496
1996-08-27,0.6286827168199559
1996-08-28,0.6287099655438664
1996-08-29,0.6292041943210064
1996-08-30,0.6293019655514704
1996-08-31,0.6293019655514704
1996-09-01,0.6293019655514704
1996-09-02,0.6299571360294137
1996-09-03,0.630316227348866
1996-09-04,0.6302139953980672
1996-09-05,0.6307847643761884
1996-09-06,0.6269393552116145
1996-09-07,0.6269393552116145
1996-09-08,0.6269393552116145
1996-09-09,0.6271787413233667
1996-09-10,0.6278782078218543
1996-09-11,0.6280003686066525
1996-09-12,0.6280648309687572
1996-09-13,0.6282542943329914
1996-09-14,0.6282542943329914
1996-09-15,0.6282542943329914
1996-09-16,0.6283124310893701
1996-09-17,0.6283582371809445
1996-09-18,0.6280936644495123
1996-09-19,0.6285063902204157
1996-09-20,0.6287227855425261
1996-09-21,0.6287227855425261
1996-09-22,0.6287227855425261
1996-09-23,0.6287303310252048
1996-09-24,0.6280098382784561
1996-09-25,0.6285561420488559
1996-09-26,0.6292180977381372
1996-09-27,0.6293686937017688
1996-09-28,0.6293686937017688
1996-09-29,0.6293686937017688
1996-09-30,0.629664514551838
1996-10-01,0.6295873808427619
1996-10-02,0.6298829656583259
1996-10-03,0.6298202906022247
1996-10-04,0.6297953846684127
1996-10-05,0.6297953846684127
1996-10-06,0.6297953846684127
1996-10-07,0.6300457913836829
1996-10-08,0.629886821508408
1996-10-09,0.6297769222538501
1996-10-10,0.630003699520385
1996-10-11,0.6392742472932842
1996-10-12,0.6392742472932842
1996-10-13,0.6392742472932842
1996-10-14,0.6386683411180566
1996-10-15,0.6392953386482865
1996-10-16,0.6396055564324115
1996-10-17,0.6396820588287944
1996-10-18,0.6401743061210716
1996-10-19,0.6401743061210716
1996-10-20,0.6401743061210716
1996-10-21,0.6406044781390552
1996-10-22,0.6399199032870904
1996-10-23,0.6400591239967545
1996-10-24,0.6407144366704629
1996-10-25,0.6406685680074811
1996-10-26,0.6406685680074811
1996-10-27,0.6406685680074811
1996-10-28,0.6408377100579747
1996-10-29,0.64053737397637
1996-10-30,0.6406656207669603
1996-10-31,0.6409069699049281
1996-11-01,0.6408837500625882
1996-11-02,0.6408837500625882
1996-11-03,0.6408837500625882
1996-11-04,0.6409267145778322
1996-11-05,0.6414245600705065
1996-11-06,0.6412956815064079
1996-11-07,0.6410633868865503
1996-11-08,0.6405926724076666
1996-11-09,0.6405926724076666
1996-11-10,0.6405926724076666
1996-11-11,0.6400923081672537
1996-11-12,0.6405510321372049
1996-11-13,0.6407468178877451
1996-11-14,0.6410470540756852
1996-11-15,0.6668762819250256
1996-11-16,0.6668762819250256
1996-11-17,0.6668762819250256
1996-11-18,0.666592417146024
1996-11-19,0.6667061191604763
1996-11-20,0.667340932334902
1996-11-21,0.6683887976830417
1996-11-22,0.6687238858888649
1996-11-23,0.6687238858888649
1996-11-24,0.6687238858888649
1996-11-25,0.670076081594817
1996-11-26,0.6703949546788498
1996-11-27,0.6704186255326791
1996-11-28,0.6709142363870834
1996-11-29,0.6701829907705111
1996-11-30,0.6701829907705111
1996-12-01,0.6701829907705111
1996-12-02,0.6710489205706034
1996-12-03,0.6725790907327301
1996-12-04,0.6729926749333209
1996-12-05,0.6732252736452803
1996-12-06,0.6743716894174512
1996-12-07,0.6743716894174512
1996-12-08,0.6743716894174512
1996-12-09,0.6766301475100293
1996-12-10,0.6765647094402961
1996-12-11,0.6761630916869108
1996-12-12,0.6763657511680693
1996-12-13,0.6769659812754459
1996-12-14,0.6769659812754459
1996-12-15,0.6769659812754459
1996-12-16,0.6767018801886324
1996-12-17,0.6762464821426493
1996-12-18,0.6760040153309052
1996-12-19,0.6772163218707202
1996-12-20,0.6755005294050057
1996-12-21,0.6755005294050057
1996-12-22,0.6755005294050057
1996-12-23,0.6758544041298654
1996-12-24,0.6760604839216596
1996-12-25,0.6761767217613556
1996-12-26,0.676154381889728
1996-12-27,0.6640985901252159
1996-12-28,0.6640985901252159
1996-12-29,0.6640985901252159
1996-12-30,0.6649927568977896
1996-12-31,0.6644950737621736
1997-01-01,0.6644928496455224
1997-01-02,0.6636069480159844
1997-01-03,0.6666704577968993
1997-01-04,0.6666704577968993
1997-01-05,0.6666704577968993
1997-01-06,0.6685500574985019
1997-01-07,0.6678547462089006
1997-01-08,0.6688627983586736
1997-01-09,0.668970767174477
1997-01-10,0.6700983324962685
1997-01-11,0.6700983324962685
1997-01-12,0.6700983324962685
1997-01-13,0.6706579395549256
1997-01-14,0.6716721906795996
1997-01-15,0.6713109161634342
1997-01-16,0.6718090436296168
1997-01-17,0.6745161171143791
1997-01-18,0.6745161171143791
1997-01-19,0.6745161171143791
1997-01-20,0.6759282402769555
1997-01-21,0.6766167925717483
1997-01-22,0.6781933974566468
1997-01-23,0.6796035417434714
1997-01-24,0.6792691975084102
1997-01-25,0.6792691975084102
1997-01-26,0.6792691975084102
1997-01-27,0.6802461737441959
1997-01-28,0.6811395378429944
1997-01-29,0.6837496200314304
1997-01-30,0.6857033679750245
1997-01-31,0.6877714977964537
1997-02-01,0.6877714977964537
1997-02-02,0.6877714977964537
1997-02-03,0.6901317051481473
1997-02-04,0.6915847920257238
1997-02-05,0.6915316967882598
1997-02-06,0.692452502186241
1997-02-07,0.6940648266431598
1997-02-08,0.6940648266431598
1997-02-09,0.6940648266431598
1997-02-10,0.694684556766886
1997-02-11,0.6953289847519348
1997-02-12,0.696240944168416
1997-02-13,0.6969742430171122
1997-02-14,0.6965407571744056
1997-02-15,0.6965407571744056
1997-02-16,0.6965407571744056
1997-02-17,0.6970079047012994
1997-02-18,0.6974899376055945
1997-02-19,0.6966530756813929
1997-02-20,0.6949650319552526
1997-02-21,0.6962832423580169
1997-02-22,0.6962832423580169
1997-02-23,0.6962832423580169
1997-02-24,0.6935297157559857
1997-02-25,0.6936821126282414
1997-02-26,0.6944728408835167
1997-02-27,0.693528739865001
1997-02-28,0.6930268726293969
1997-03-01,0.6930268726293969
1997-03-02,0.6930268726293969
1997-03-03,0.6925876235745722
1997-03-04,0.6924213269223486
1997-03-05,0.6921135364760082
1997-03-06,0.6930715203945433
1997-03-07,0.6926169549390565
1997-03-08,0.6926169549390565
1997-03-09,0.6926169549390565
1997-03-10,0.6925545780540863
1997-03-11,0.6924679389121204
1997-03-12,0.6920933394199134
1997-03-13,0.6928387119589927
1997-03-14,0.692365352070031
1997-03-15,0.692365352070031
1997-03-16,0.692365352070031
1997-03-17,0.692578032488232
1997-03-18,0.6921450858894765
1997-03-19,0.692253549106506
1997-03-20,0.6929503999689522
1997-03-21,0.6928685915590634
1997-03-22,0.6928685915590634
1997-03-23,0.6928685915590634
1997-03-24,0.6925024320177425
1997-03-25,0.6927083653670166
1997-03-26,0.6926024217355915
1997-03-27,0.6919881035681432
1997-03-28,0.6924946448816469
1997-03-29,0.6924946448816469
1997-03-30,0.6924946448816469
1997-03-31,0.6923272126132319
1997-04-01,0.6918373175073099
1997-04-02,0.6921769890785469
1997-04-03,0.6924140848353373
1997-04-04,0.6934078964948182
1997-04-05,0.6934078964948182
1997-04-06,0.6934078964948182
1997-04-07,0.6949483923810665
1997-04-08,0.695229180032071
1997-04-09,0.6960371689839349
1997-04-10,0.6957653471079821
1997-04-11,0.6952635244293176
1997-04-12,0.6952635244293176
1997-04-13,0.6952635244293176
1997-04-14,0.6957711673491417
1997-04-15,0.6960427727263031
1997-04-16,0.6960605888969459
1997-04-17,0.6960372618160505
1997-04-18,0.695815890292337
1997-04-19,0.695815890292337
1997-04-20,0.695815890292337
1997-04-21,0.6961049712677992
1997-04-22,0.6968810303675649
1997-04-23,0.696904906124621
1997-04-24,0.6972115103833111
1997-04-25,0.6985084971233865
1997-04-26,0.6985084971233865
1997-04-27,0.6985084971233865
1997-04-28,0.6989423667925528
1997-04-29,0.6988082000176196
1997-04-30,0.6990149453577907
1997-05-01,0.6985567261219569
1997-05-02,0.6990204723762375
1997-05-03,0.6990204723762375
1997-05-04,0.6990204723762375
1997-05-05,0.6994716294257511
1997-05-06,0.6989139906663709
1997-05-07,0.6993085508391395
1997-05-08,0.6982846826847112
1997-05-09,0.6969832366318764
1997-05-10,0.6969832366318764
1997-05-11,0.6969832366318764
1997-05-12,0.6977661413122419
1997-05-13,0.6971598344103492
1997-05-14,0.6970042821104344
1997-05-15,0.6970918999560672
1997-05-16,0.7016161154446403
1997-05-17,0.697312087386893
1997-05-18,0.697312087386893
1997-05-19,0.702135672416839
1997-05-20,0.7003881763926927
1997-05-21,0.7003084661753575
1997-05-22,0.7018369820575228
1997-05-23,0.7048137017129618
1997-05-24,0.7048137017129618
1997-05-25,0.7048137017129618
1997-05-26,0.7047535195272931
1997-05-27,0.7068763498819992
1997-05-28,0.7064645252160062
1997-05-29,0.7051413021114685
1997-05-30,0.7050713608024831
1997-05-31,0.7050713608024831
1997-06-01,0.7050713608024831
1997-06-02,0.7063864124003886
1997-06-03,0.7070759993634629
1997-06-04,0.7070849571077865
1997-06-05,0.7072851357621939
1997-06-06,0.7079583919340409
1997-06-07,0.7079583919340409
1997-06-08,0.7079583919340409
1997-06-09,0.7068985198603477
1997-06-10,0.7069564144879814
1997-06-11,0.7070153152978702
1997-06-12,0.7078894159794016
1997-06-13,0.7085928566828094
1997-06-14,0.7085928566828094
1997-06-15,0.7085928566828094
1997-06-16,0.7079689531905297
1997-06-17,0.7080926355059246
1997-06-18,0.7077911911234155
1997-06-19,0.7080516194697619
1997-06-20,0.7081718140003705
1997-06-21,0.7081718140003705
1997-06-22,0.7081718140003705
1997-06-23,0.7074307503650911
1997-06-24,0.7077767361980452
1997-06-25,0.7076301325569186
1997-06-26,0.7075030173923417
1997-06-27,0.7089323815085419
1997-06-28,0.7089323815085419
1997-06-29,0.7089323815085419
1997-06-30,0.7091900295518379
1997-07-01,0.7091867667033168
1997-07-02,0.7099205078696043
1997-07-03,0.7093572714036624
1997-07-04,0.7098354826053894
1997-07-05,0.7098354826053894
1997-07-06,0.7098354826053894
1997-07-07,0.7099511999501821
1997-07-08,0.710333437906606
1997-07-09,0.7103253468685631
1997-07-10,0.7102993242576845
1997-07-11,0.7119627036765569
1997-07-12,0.7119627036765569
1997-07-13,0.7119627036765569
1997-07-14,0.7134688786203369
1997-07-15,0.7144229443226585
1997-07-16,0.7144946537772017
1997-07-17,0.7147576521409025
1997-07-18,0.7151293774260663
1997-07-19,0.7151293774260663
1997-07-20,0.7151293774260663
1997-07-21,0.7160903942140129
1997-07-22,0.7171287751219665
1997-07-23,0.7174124900064646
1997-07-24,0.7183359834405649
1997-07-25,0.7187281948638735
1997-07-26,0.7187281948638735
1997-07-27,0.7187281948638735
1997-07-28,0.7194243172532105
1997-07-29,0.719261765474509
1997-07-30,0.7193135788087901
1997-07-31,0.7199654955733743
1997-08-01,0.7215158732832966
1997-08-02,0.7215158732832966
1997-08-03,0.7215158732832966
1997-08-04,0.7217928969514871
1997-08-05,0.7227155489773252
1997-08-06,0.7233691903060778
1997-08-07,0.7233597380819609
1997-08-08,0.7221507237844653
1997-08-09,0.7221507237844653
1997-08-10,0.7221507237844653
1997-08-11,0.722894479131868
1997-08-12,0.7238308142146189
1997-08-13,0.7224464876215378
1997-08-14,0.7235075427293552
1997-08-15,0.7233161620959273
1997-08-16,0.7233161620959273
1997-08-17,0.7233161620959273
1997-08-18,0.7243014477516093
1997-08-19,0.7241862145361503
1997-08-20,0.7251605856050514
1997-08-21,0.7243565813009288
1997-08-22,0.7225683506292535
1997-08-23,0.7225683506292535
1997-08-24,0.7225683506292535
1997-08-25,0.7226289905997123
1997-08-26,0.721995577311111
1997-08-27,0.7232424237242464
1997-08-28,0.7234406726280368
1997-08-29,0.7244409520965311
1997-08-30,0.7244409520965311
1997-08-31,0.7244409520965311
1997-09-01,0.7251808573700016
1997-09-02,0.7265637444548237
1997-09-03,0.7259910229091284
1997-09-04,0.7263816300616105
1997-09-05,0.7252089005228912
1997-09-06,0.7252089005228912
1997-09-07,0.7252089005228912
1997-09-08,0.7254361030225186
1997-09-09,0.72580184692971
1997-09-10,0.7252984760957826
1997-09-11,0.7247198872078456
1997-09-12,0.7090590981379683
1997-09-13,0.7090590981379683
1997-09-14,0.7090590981379683
1997-09-15,0.7083184154962089
1997-09-16,0.7098415536228678
1997-09-17,0.7100562405677382
1997-09-18,0.7107407511544273
1997-09-19,0.7145244021269276
1997-09-20,0.7145244021269276
1997-09-21,0.7145244021269276
1997-09-22,0.7157162023659136
1997-09-23,0.7155584628818455
1997-09-24,0.7141898347759382
1997-09-25,0.7141220490011974
1997-09-26,0.7155105620412952
1997-09-27,0.7155105620412952
1997-09-28,0.7155105620412952
1997-09-29,0.716010802654319
1997-09-30,0.7159867344397544
1997-10-01,0.7176317827162605
1997-10-02,0.7175202217710573
1997-10-03,0.7167938730245825
1997-10-04,0.7167938730245825
1997-10-05,0.7167938730245825
1997-10-06,0.7168060361196198
1997-10-07,0.7168519852416504
1997-10-08,0.7156005994924354
1997-10-09,0.7146858785049742
1997-10-10,0.713987052972042
1997-10-11,0.713987052972042
1997-10-12,0.713987052972042
1997-10-13,0.7144855264547144
1997-10-14,0.7145968578523832
1997-10-15,0.7153329206202063
1997-10-16,0.7149369062339987
1997-10-17,0.7166607600746107
1997-10-18,0.7166607600746107
1997-10-19,0.7166607600746107
1997-10-20,0.7174104347745522
1997-10-21,0.7190605537266294
1997-10-22,0.7194635604871878
1997-10-23,0.7184636591322477
1997-10-24,0.7211910194687957
1997-10-25,0.7211910194687957
1997-10-26,0.7211910194687957
1997-10-27,0.7215261385035894
1997-10-28,0.7202921587381376
1997-10-29,0.7202949299422389
1997-10-30,0.7204674319686848
1997-10-31,0.7172876718951218
1997-11-01,0.7172876718951218
1997-11-02,0.7172876718951218
1997-11-03,0.7155590099374658
1997-11-04,0.7154800669221466
1997-11-05,0.7156416956356368
1997-11-06,0.7165781872252881
1997-11-07,0.7124919297390115
1997-11-08,0.7124919297390115
1997-11-09,0.7124919297390115
1997-11-10,0.7125383883894488
1997-11-11,0.7126740526309395
1997-11-12,0.713889132431804
1997-11-13,0.714547937360426
1997-11-14,0.7151644075795944
1997-11-15,0.7151644075795944
1997-11-16,0.7151644075795944
1997-11-17,0.7151374817177213
1997-11-18,0.7155701017132711
1997-11-19,0.7167928413012117
1997-11-20,0.7172950469328834
1997-11-21,0.7171902787328508
1997-11-22,0.7171902787328508
1997-11-23,0.7171902787328508
1997-11-24,0.7175777163649536
1997-11-25,0.7195291529979896
1997-11-26,0.7206753935224035
1997-11-27,0.72110907463607
1997-11-28,0.7183096492230617
1997-11-29,0.7183096492230617
1997-11-30,0.7183096492230617
1997-12-01,0.7204961209183339
1997-12-02,0.7205941073734863
1997-12-03,0.7208562903073292
1997-12-04,0.7212657167732138
1997-12-05,0.71987553555753
1997-12-06,0.71987553555753
1997-12-07,0.71987553555753
1997-12-08,0.7205971623130686
1997-12-09,0.7217074200821366
1997-12-10,0.72171443263745
1997-12-11,0.7218100873289289
1997-12-12,0.7241990435092208
1997-12-13,0.7241990435092208
1997-12-14,0.7241990435092208
1997-12-15,0.7264427325236081
1997-12-16,0.7268784927421297
1997-12-17,0.7243224114026747
1997-12-18,0.7244962990259485
1997-12-19,0.7245638186113007
1997-12-20,0.7245638186113007
1997-12-21,0.7245638186113007
1997-12-22,0.719428669535385
1997-12-23,0.7192914005298265
1997-12-24,0.720116494811188
1997-12-25,0.7202247588714821
1997-12-26,0.7190191461599963
1997-12-27,0.7190191461599963
1997-12-28,0.7190191461599963
1997-12-29,0.7204485581089612
1997-12-30,0.721254638320824
1997-12-31,0.7221642299510727
1998-01-01,0.7221607968176681
1998-01-02,0.6988567353896029
1998-01-03,0.6988567353896029
1998-01-04,0.6988567353896029
1998-01-05,0.703190334653865
1998-01-06,0.7063985740905888
1998-01-07,0.7062054986494505
1998-01-08,0.7105336573307981
1998-01-09,0.7095473744511549
1998-01-10,0.7095473744511549
1998-01-11,0.7095473744511549
1998-01-12,0.7099341700046647
1998-01-13,0.7084826487623417
1998-01-14,0.7068253670159114
1998-01-15,0.7089417184715959
1998-01-16,0.7186982569632181
1998-01-17,0.7186982569632181
1998-01-18,0.7186982569632181
1998-01-19,0.7200113797138754
1998-01-20,0.7230588846422409
1998-01-21,0.7235202075003955
1998-01-22,0.7244383995326171
1998-01-23,0.7222130876074725
1998-01-24,0.7222130876074725
1998-01-25,0.7222130876074725
1998-01-26,0.7215918371082385
1998-01-27,0.7185224391331447
1998-01-28,0.7207545945152644
1998-01-29,0.7207152341523515
1998-01-30,0.721368327437524
1998-01-31,0.721368327437524
1998-02-01,0.721368327437524
1998-02-02,0.7201861620357409
1998-02-03,0.7192776969255839
1998-02-04,0.7181085771636103
1998-02-05,0.7174177435140372
1998-02-06,0.7154721170652605
1998-02-07,0.7154721170652605
1998-02-08,0.7154721170652605
1998-02-09,0.7162966229625124
1998-02-10,0.7121913195734387
1998-02-11,0.7123192298596898
1998-02-12,0.7135618648597617
1998-02-13,0.7140760333407009
1998-02-14,0.7140760333407009
1998-02-15,0.7140760333407009
1998-02-16,0.7162932065746556
1998-02-17,0.7161445013533311
1998-02-18,0.715326485341689
1998-02-19,0.7131934578133509
1998-02-20,0.7104482635447373
1998-02-21,0.7104482635447373
1998-02-22,0.7104482635447373
1998-02-23,0.7103939794595392
1998-02-24,0.7098003525378285
1998-02-25,0.7108794287979268
1998-02-26,0.7098476007287976
1998-02-27,0.7088586203935939
1998-02-28,0.7088586203935939
1998-03-01,0.7088586203935939
1998-03-02,0.7085385831979746
1998-03-03,0.7095016526308551
1998-03-04,0.7104696711645593
1998-03-05,0.7134572513033859
1998-03-06,0.717062299395692
1998-03-07,0.717062299395692
1998-03-08,0.717062299395692
1998-03-09,0.7216272903704193
1998-03-10,0.7208698407513219
1998-03-11,0.7216387302050637
1998-03-12,0.7204868103546443
1998-03-13,0.7113966344836269
1998-03-14,0.7113966344836269
1998-03-15,0.7113966344836269
1998-03-16,0.7119900020515518
1998-03-17,0.7120732333673601
1998-03-18,0.7126768366623244
1998-03-19,0.713855669327499
1998-03-20,0.7148637923091778
1998-03-21,0.7148637923091778
1998-03-22,0.7148637923091778
1998-03-23,0.713542228446541
1998-03-24,0.7134976171620222
1998-03-25,0.7128011498766469
1998-03-26,0.7124575799539431
1998-03-27,0.7131647933385017
1998-03-28,0.7131647933385017
1998-03-29,0.7131647933385017
1998-03-30,0.7151865883103788
1998-03-31,0.716488032228805
1998-04-01,0.7173205624931831
1998-04-02,0.7175285929429335
1998-04-03,0.7193416746060998
1998-04-04,0.7193416746060998
1998-04-05,0.7193416746060998
1998-04-06,0.7184287992272785
1998-04-07,0.7183290661778581
1998-04-08,0.7171144221589975
1998-04-09,0.7154970534280498
1998-04-10,0.7147841395025593
1998-04-11,0.7147841395025593
1998-04-12,0.7147841395025593
1998-04-13,0.7149351425759461
1998-04-14,0.7140065037053102
1998-04-15,0.7147411333123309
1998-04-16,0.7150740792069268
1998-04-17,0.7096809516367792
1998-04-18,0.7096809516367792
1998-04-19,0.7096809516367792
1998-04-20,0.7092983386877514
1998-04-21,0.7079095992886867
1998-04-22,0.708444997399659
1998-04-23,0.7088721552753688
1998-04-24,0.7040458933580058
1998-04-25,0.7040458933580058
1998-04-26,0.7040458933580058
1998-04-27,0.7047781844063582
1998-04-28,0.7051415576977058
1998-04-29,0.7051824529264873
1998-04-30,0.7046416931049241
1998-05-01,0.7023497588778909
1998-05-02,0.7023497588778909
1998-05-03,0.7023497588778909
1998-05-04,0.7023101228977097
1998-05-05,0.7019813007596013
1998-05-06,0.7044360954363977
1998-05-07,0.7049872506983211
1998-05-08,0.7024632165284626
1998-05-09,0.7024632165284626
1998-05-10,0.7024632165284626
1998-05-11,0.703182318185888
1998-05-12,0.7034595140817428
1998-05-13,0.7056547180952132
1998-05-14,0.7053554830215523
1998-05-15,0.703370813337034
1998-05-16,0.703370813337034
1998-05-17,0.703370813337034
1998-05-18,0.7052684432784886
1998-05-19,0.7062998791985857
1998-05-20,0.7046533679820665
1998-05-21,0.7032216895176154
1998-05-22,0.7093804977655701
1998-05-23,0.7093804977655701
1998-05-24,0.7093804977655701
1998-05-25,0.7095171253524198
1998-05-26,0.71020086596504
1998-05-27,0.7117975548000973
1998-05-28,0.7126753073146767
1998-05-29,0.7123556181634567
1998-05-30,0.7123556181634567
1998-05-31,0.7123556181634567
1998-06-01,0.7131229071586866
1998-06-02,0.7125723348747818
1998-06-03,0.712008499097461
1998-06-04,0.7119784572386824
1998-06-05,0.7133281100249215
1998-06-06,0.7133281100249215
1998-06-07,0.7133281100249215
1998-06-08,0.7141915369702632
1998-06-09,0.7150350491135892
1998-06-10,0.7186101474612552
1998-06-11,0.7197290906269006
1998-06-12,0.7202432750994024
1998-06-13,0.7202432750994024
1998-06-14,0.7202432750994024
1998-06-15,0.7214163975182514
1998-06-16,0.7203525677524378
1998-06-17,0.7173118151516281
1998-06-18,0.7175843227116355
1998-06-19,0.7160275142926539
1998-06-20,0.7160275142926539
1998-06-21,0.7160275142926539
1998-06-22,0.7175588639995176
1998-06-23,0.7182011393608411
1998-06-24,0.7181212963985357
1998-06-25,0.7189313460305952
1998-06-26,0.7129964804260259
1998-06-27,0.7129964804260259
1998-06-28,0.7129964804260259
1998-06-29,0.7134626683053596
1998-06-30,0.7118931981385928
1998-07-01,0.7121229660998025
1998-07-02,0.7135149712361644
1998-07-03,0.7061509700003736
1998-07-04,0.7061509700003736
1998-07-05,0.7061509700003736
1998-07-06,0.7067536246248125
1998-07-07,0.7060432648885249
1998-07-08,0.7067199147877032
1998-07-09,0.7082118525144575
1998-07-10,0.7078040606304232
1998-07-11,0.7078040606304232
1998-07-12,0.7078040606304232
1998-07-13,0.7061946493579702
1998-07-14,0.7049172238072887
1998-07-15,0.7046885827410942
1998-07-16,0.7030170348614898
1998-07-17,0.7024728298117903
1998-07-18,0.7024728298117903
1998-07-19,0.7024728298117903
1998-07-20,0.7024396451245135
1998-07-21,0.7034044251798258
1998-07-22,0.7038348418265774
1998-07-23,0.7038934054273753
1998-07-24,0.7037397936536198
1998-07-25,0.7037397936536198
1998-07-26,0.7037397936536198
1998-07-27,0.7044950609914699
1998-07-28,0.7032583637153783
1998-07-29,0.7030562402050069
1998-07-30,0.7035045806465572
1998-07-31,0.7016040287529761
1998-08-01,0.7016040287529761
1998-08-02,0.7016040287529761
1998-08-03,0.7025666804707258
1998-08-04,0.7014836692977012
1998-08-05,0.7011370937275986
1998-08-06,0.703122476704538
1998-08-07,0.6994465980868227
1998-08-08,0.6994465980868227
1998-08-09,0.6994465980868227
1998-08-10,0.6999606998584741
1998-08-11,0.7013812814799527
1998-08-12,0.7015309132795619
1998-08-13,0.7013374155157347
1998-08-14,0.7025809231380733
1998-08-15,0.7025809231380733
1998-08-16,0.7025809231380733
1998-08-17,0.7033361868211432
1998-08-18,0.7035398826805572
1998-08-19,0.7032985662224551
1998-08-20,0.7041344583510101
1998-08-21,0.70597601450864
1998-08-22,0.70597601450864
1998-08-23,0.70597601450864
1998-08-24,0.7053138316892189
1998-08-25,0.7073034275058556
1998-08-26,0.7105366205381385
1998-08-27,0.7145999555349335
1998-08-28,0.7098047478526689
1998-08-29,0.7098047478526689
1998-08-30,0.7098047478526689
1998-08-31,0.7071179645416735
1998-09-01,0.7064764750502256
1998-09-02,0.7072384077152306
1998-09-03,0.7117447619147378
1998-09-04,0.7125731429072966
1998-09-05,0.7125731429072966
1998-09-06,0.7125731429072966
1998-09-07,0.7127280373786918
1998-09-08,0.7132532039653652
1998-09-09,0.711587996489403
1998-09-10,0.7077841212298627
1998-09-11,0.7061024581265725
1998-09-12,0.7061024581265725
1998-09-13,0.7061024581265725
1998-09-14,0.7026952066548187
1998-09-15,0.7043389022582913
1998-09-16,0.706453132048311
1998-09-17,0.707769139600014
1998-09-18,0.710369684320733
1998-09-19,0.710369684320733
1998-09-20,0.710369684320733
1998-09-21,0.7115344147099427
1998-09-22,0.7094366174668627
1998-09-23,0.7086683201992089
1998-09-24,0.7073471281589668
1998-09-25,0.690159446782152
1998-09-26,0.690159446782152
1998-09-27,0.690159446782152
1998-09-28,0.6898740700377345
1998-09-29,0.6893454523490338
1998-09-30,0.6900816506127676
1998-10-01,0.6900177585631803
1998-10-02,0.6974946455587877
1998-10-03,0.6974946455587877
1998-10-04,0.6974946455587877
1998-10-05,0.6966984895923493
1998-10-06,0.6958645636138467
1998-10-07,0.6915716683903941
1998-10-08,0.6917372452225338
1998-10-09,0.6922186119272269
1998-10-10,0.6922186119272269
1998-10-11,0.6922186119272269
1998-10-12,0.692470574167121
1998-10-13,0.6916988776930495
1998-10-14,0.6916416366762446
1998-10-15,0.6908571834251633
1998-10-16,0.6900751211228515
1998-10-17,0.6900751211228515
1998-10-18,0.6900751211228515
1998-10-19,0.6909746680045324
1998-10-20,0.6914579421288176
1998-10-21,0.6911727895244711
1998-10-22,0.6913072254271243
1998-10-23,0.6924978873386379
1998-10-24,0.6924978873386379
1998-10-25,0.6924978873386379
1998-10-26,0.6930021174982608
1998-10-27,0.693371601543403
1998-10-28,0.693856124175827
1998-10-29,0.6934160803902754
1998-10-30,0.6936288761343018
1998-10-31,0.6936288761343018
1998-11-01,0.6936288761343018
1998-11-02,0.6962255095751387
1998-11-03,0.6964667873479818
1998-11-04,0.6983967583330436
1998-11-05,0.696852276006764
1998-11-06,0.7036256228063134
1998-11-07,0.7036256228063134
1998-11-08,0.7036256228063134
1998-11-09,0.7059627880686088
1998-11-10,0.7064294923155329
1998-11-11,0.7057752721797028
1998-11-12,0.7074547030285976
1998-11-13,0.7071491930656707
1998-11-14,0.7071491930656707
1998-11-15,0.7071491930656707
1998-11-16,0.7060473259989071
1998-11-17,0.7064924941825141
1998-11-18,0.7063854152924142
1998-11-19,0.7003892361239435
1998-11-20,0.7003494667364846
1998-11-21,0.7003494667364846
1998-11-22,0.7003494667364846
1998-11-23,0.702517231680028
1998-11-24,0.7029392242024298
1998-11-25,0.700099677240486
1998-11-26,0.7003618140674036
1998-11-27,0.7157159658387171
1998-11-28,0.7157159658387171
1998-11-29,0.7157159658387171
1998-11-30,0.7145553907232131
1998-12-01,0.7141508843965463
1998-12-02,0.6989808447816288
1998-12-03,0.6988612306876401
1998-12-04,0.7007746192714934
1998-12-05,0.7007746192714934
1998-12-06,0.7007746192714934
1998-12-07,0.7004274628183736
1998-12-08,0.7002067783249146
1998-12-09,0.6997554576776565
1998-12-10,0.6987322247861109
1998-12-11,0.7085224155265333
1998-12-12,0.7085224155265333
1998-12-13,0.7085224155265333
1998-12-14,0.7090305741235362
1998-12-15,0.7101806664141913
1998-12-16,0.7118951969268524
1998-12-17,0.7102828638437412
1998-12-18,0.7088861086093563
1998-12-19,0.7088861086093563
1998-12-20,0.7088861086093563
1998-12-21,0.7083603841893328
1998-12-22,0.7087030441616912
1998-12-23,0.7091398641944116
1998-12-24,0.7097485405302082
1998-12-25,0.7099514647629872
1998-12-26,0.7099514647629872
1998-12-27,0.7099514647629872
1998-12-28,0.7103794978075572
1998-12-29,0.7125317106893251
1998-12-30,0.7133171441247813
1998-12-31,0.7130257356708086
1999-01-01,0.7130262103333265
1999-01-02,0.7130262103333265
1999-01-03,0.7130262103333265
1999-01-04,0.7084436080888925
1999-01-05,0.7083485306225603
1999-01-06,0.709878617923022
1999-01-07,0.709634390658533
1999-01-08,0.7063070261090991
1999-01-09,0.7063070261090991
1999-01-10,0.7063070261090991
1999-01-11,0.7100799004763303
1999-01-12,0.7106882638952121
1999-01-13,0.7130081789187936
1999-01-14,0.7122109331490886
1999-01-15,0.7136500250621425
1999-01-16,0.7136500250621425
1999-01-17,0.7136500250621425
1999-01-18,0.7148636966305677
1999-01-19,0.7144777893807454
1999-01-20,0.7145553413972726
1999-01-21,0.7160504365153979
1999-01-22,0.7175564622295889
1999-01-23,0.7175564622295889
1999-01-24,0.7175564622295889
1999-01-25,0.7185281329830226
1999-01-26,0.718570686329503
1999-01-27,0.720348307130938
1999-01-28,0.7210752944269677
1999-01-29,0.7355029689128029
1999-01-30,0.7355029689128029
1999-01-31,0.7355029689128029
1999-02-01,0.723538524501065
1999-02-02,0.7224221569541255
1999-02-03,0.7224292356385904
1999-02-04,0.7222146276899272
1999-02-05,0.7230586522979888
1999-02-06,0.7230586522979888
1999-02-07,0.7230586522979888
1999-02-08,0.7218355091404206
1999-02-09,0.7220306017669854
1999-02-10,0.7130044640447275
1999-02-11,0.7140088571883404
1999-02-12,0.7135225586774172
1999-02-13,0.7135225586774172
1999-02-14,0.7135225586774172
1999-02-15,0.7144585959595766
1999-02-16,0.7155127198894496
1999-02-17,0.7282453616380259
1999-02-18,0.7289404210002124
1999-02-19,0.730834815304689
1999-02-20,0.730834815304689
1999-02-21,0.730834815304689
1999-02-22,0.7320706313678569
1999-02-23,0.7321692837292134
1999-02-24,0.733440350651464
1999-02-25,0.7336503523996034
1999-02-26,0.7634415089960112
1999-02-27,0.7634415089960112
1999-02-28,0.7634415089960112
1999-03-01,0.7396074482839238
1999-03-02,0.7406770569302147
1999-03-03,0.7408519667361796
1999-03-04,0.7413382458041351
1999-03-05,0.7698036477645539
1999-03-06,0.7698036477645539
1999-03-07,0.7698036477645539
1999-03-08,0.7564956360548967
1999-03-09,0.7564106172459518
1999-03-10,0.7555159459245121
1999-03-11,0.7556387894714542
1999-03-12,0.7566451477600109
1999-03-13,0.7566451477600109
1999-03-14,0.7566451477600109
1999-03-15,0.7561611449591678
1999-03-16,0.7562872244312695
1999-03-17,0.7575965587124261
1999-03-18,0.7571870955549393
1999-03-19,0.758327644878649
1999-03-20,0.758327644878649
1999-03-21,0.758327644878649
1999-03-22,0.7476422056168434
1999-03-23,0.7484074620129983
1999-03-24,0.7495690536171837
1999-03-25,0.7496223783785392
1999-03-26,0.7744309685522959
1999-03-27,0.7744309685522959
1999-03-28,0.7744309685522959
1999-03-29,0.7643389706775974
1999-03-30,0.7650266306006734
1999-03-31,0.7631864599831206
1999-04-01,0.764252440754
1999-04-02,0.7645197014432172
1999-04-03,0.7645197014432172
1999-04-04,0.7645197014432172
1999-04-05,0.7665695121475644
1999-04-06,0.76530286396223
1999-04-07,0.7678070910462312
1999-04-08,0.7680945783122632
1999-04-09,0.7764264990075332
1999-04-10,0.7764264990075332
1999-04-11,0.7764264990075332
1999-04-12,0.772865989032066
1999-04-13,0.7735531519641103
1999-04-14,0.7724716857770234
1999-04-15,0.772902080616321
1999-04-16,0.7726770340663317
1999-04-17,0.7726770340663317
1999-04-18,0.7726770340663317
1999-04-19,0.7724716178021359
1999-04-20,0.7738081134571212
1999-04-21,0.7742854179795973
1999-04-22,0.7740741643663749
1999-04-23,0.7735505661632743
1999-04-24,0.7735505661632743
1999-04-25,0.7735505661632743
1999-04-26,0.7858479521416376
1999-04-27,0.7857857764426176
1999-04-28,0.7583728389402801
1999-04-29,0.7575570589680956
1999-04-30,0.7584339258127081
1999-05-01,0.7584339258127081
1999-05-02,0.7584339258127081
1999-05-03,0.7755397326174052
1999-05-04,0.7739672966071429
1999-05-05,0.7730066864615239
1999-05-06,0.7724097233441208
1999-05-07,0.7586790573579911
1999-05-08,0.7586790573579911
1999-05-09,0.7586790573579911
1999-05-10,0.7584506727927848
1999-05-11,0.7705220844828229
1999-05-12,0.7723135114055841
1999-05-13,0.7744234045660884
1999-05-14,0.7744388460727597
1999-05-15,0.7744388460727597
1999-05-16,0.7744388460727597
1999-05-17,0.7748266110273797
1999-05-18,0.7738720518033578
1999-05-19,0.7746275783208587
1999-05-20,0.7750318690175889
1999-05-21,0.7762984515539597
1999-05-22,0.7762984515539597
1999-05-23,0.7762984515539597
1999-05-24,0.7858638179220143
1999-05-25,0.786534938217472
1999-05-26,0.7885660824211965
1999-05-27,0.7897645350478715
1999-05-28,0.7910988104780685
1999-05-29,0.7910988104780685
1999-05-30,0.7910988104780685
1999-05-31,0.7911930419276055
1999-06-01,0.8010589267115508
1999-06-02,0.8025722327116346
1999-06-03,0.8030437081395317
1999-06-04,0.8031484060944639
1999-06-05,0.8031484060944639
1999-06-06,0.8031484060944639
1999-06-07,0.8010886073436954
1999-06-08,0.7941934707325929
1999-06-09,0.7940629246959237
1999-06-10,0.7938827769308014
1999-06-11,0.7944533599159854
1999-06-12,0.7944533599159854
1999-06-13,0.7944533599159854
1999-06-14,0.8045387796627408
1999-06-15,0.8047333465550615
1999-06-16,0.8065361239759113
1999-06-17,0.8051335457363822
1999-06-18,0.8053100606471963
1999-06-19,0.8053100606471963
1999-06-20,0.8053100606471963
1999-06-21,0.7854598040807849
1999-06-22,0.7863694935976344
1999-06-23,0.7856503364634311
1999-06-24,0.7865190757107073
1999-06-25,0.7858173021059814
1999-06-26,0.7858173021059814
1999-06-27,0.7858173021059814
1999-06-28,0.7863671074767508
1999-06-29,0.7921263984201611
1999-06-30,0.7907265113187674
1999-07-01,0.7925109744126682
1999-07-02,0.79207627977322
1999-07-03,0.79207627977322
1999-07-04,0.79207627977322
1999-07-05,0.7916744214161497
1999-07-06,0.7917813350037409
1999-07-07,0.7987096101367939
1999-07-08,0.7927999898573309
1999-07-09,0.7765611671187246
1999-07-10,0.7765611671187246
1999-07-11,0.7765611671187246
1999-07-12,0.778745539234033
1999-07-13,0.778142208505955
1999-07-14,0.7774703430675977
1999-07-15,0.7770983357622447
1999-07-16,0.7776490657349319
1999-07-17,0.7776490657349319
1999-07-18,0.7776490657349319
1999-07-19,0.746378289919718
1999-07-20,0.7491244720494042
1999-07-21,0.74834994755609
1999-07-22,0.7485361568181698
1999-07-23,0.7483769200955314
1999-07-24,0.7483769200955314
1999-07-25,0.7483769200955314
1999-07-26,0.7483451408748109
1999-07-27,0.7478221066963265
1999-07-28,0.7473476473540607
1999-07-29,0.7461445006291199
1999-07-30,0.7464304728838871
1999-07-31,0.7464304728838871
1999-08-01,0.7464304728838871
1999-08-02,0.7471022063264147
1999-08-03,0.7471816471494308
1999-08-04,0.7467507357636333
1999-08-05,0.7472376730515496
1999-08-06,0.7492006441570256
1999-08-07,0.7492006441570256
1999-08-08,0.7492006441570256
1999-08-09,0.7494469381362491
1999-08-10,0.7493660019371555
1999-08-11,0.7504927966838263
1999-08-12,0.7510477948756326
1999-08-13,0.7522223580174774
1999-08-14,0.7522223580174774
1999-08-15,0.7522223580174774
1999-08-16,0.750004340396549
1999-08-17,0.7503775157889405
1999-08-18,0.749096643613936
1999-08-19,0.7488198836620978
1999-08-20,0.7484464346933538
1999-08-21,0.7484464346933538
1999-08-22,0.7484464346933538
1999-08-23,0.7499092536169901
1999-08-24,0.7530429672235983
1999-08-25,0.7545395708162868
1999-08-26,0.7553067351413615
1999-08-27,0.7558150268184602
1999-08-28,0.7558150268184602
1999-08-29,0.7558150268184602
1999-08-30,0.7558002589493931
1999-08-31,0.7546736422331477
1999-09-01,0.7550962704390459
1999-09-02,0.7537762641586242
1999-09-03,0.7546022638965281
1999-09-04,0.7546022638965281
1999-09-05,0.7546022638965281
1999-09-06,0.7559054550390752
1999-09-07,0.7615350584463523
1999-09-08,0.7613725776768083
1999-09-09,0.7614109327539506
1999-09-10,0.7627651474606302
1999-09-11,0.7627651474606302
1999-09-12,0.7627651474606302
1999-09-13,0.7624535875957955
1999-09-14,0.7623261780866111
1999-09-15,0.7631100891783682
1999-09-16,0.7636540957981778
1999-09-17,0.7635466003437427
1999-09-18,0.7635466003437427
1999-09-19,0.7635466003437427
1999-09-20,0.7635539823585462
1999-09-21,0.762799500422952
1999-09-22,0.7636468065081555
1999-09-23,0.7631388256801223
1999-09-24,0.7552420847481565
1999-09-25,0.7552420847481565
1999-09-26,0.7552420847481565
1999-09-27,0.7495433302559527
1999-09-28,0.7561437706696452
1999-09-29,0.7555217246611713
1999-09-30,0.7551398043492398
1999-10-01,0.7549100332995039
1999-10-02,0.7549100332995039
1999-10-03,0.7549100332995039
1999-10-04,0.7469416568870275
1999-10-05,0.7466451084611241
1999-10-06,0.748422092423034
1999-10-07,0.7480931818236726
1999-10-08,0.7495151377773538
1999-10-09,0.7495151377773538
1999-10-10,0.7495151377773538
1999-10-11,0.7493924122633956
1999-10-12,0.7487925351579534
1999-10-13,0.7514101385539638
1999-10-14,0.7310521179576605
1999-10-15,0.7545159990951145
1999-10-16,0.7545159990951145
1999-10-17,0.7545159990951145
1999-10-18,0.7555609647883839
1999-10-19,0.7546219565807556
1999-10-20,0.75572127722145
1999-10-21,0.7535967584624543
1999-10-22,0.7554039939739718
1999-10-23,0.7554039939739718
1999-10-24,0.7554039939739718
1999-10-25,0.7585559049974588
1999-10-26,0.760117465738915
1999-10-27,0.761965517362721
1999-10-28,0.760799263413823
1999-10-29,0.7613036591202519
1999-10-30,0.7613036591202519
1999-10-31,0.7613036591202519
1999-11-01,0.7611781163358093
1999-11-02,0.756010529896392
1999-11-03,0.7578067937199636
1999-11-04,0.7598028746206225
1999-11-05,0.7585817418572732
1999-11-06,0.7585817418572732
1999-11-07,0.7585817418572732
1999-11-08,0.7581896455214281
1999-11-09,0.7589987302566337
1999-11-10,0.7598875400155856
1999-11-11,0.760285363852594
1999-11-12,0.7515067855332853
1999-11-13,0.7515067855332853
1999-11-14,0.7515067855332853
1999-11-15,0.750419775556092
1999-11-16,0.7539698779462489
1999-11-17,0.7531461977217023
1999-11-18,0.7458059851091989
1999-11-19,0.7465499169844492
1999-11-20,0.7465499169844492
1999-11-21,0.7465499169844492
1999-11-22,0.7533982255912842
1999-11-23,0.7533787389499383
1999-11-24,0.7546790888640613
1999-11-25,0.75463934203711
1999-11-26,0.7540662887538176
1999-11-27,0.7540662887538176
1999-11-28,0.7540662887538176
1999-11-29,0.7552170774489926
1999-11-30,0.7564203275601151
1999-12-01,0.7553262767669111
1999-12-02,0.7557352130858604
1999-12-03,0.7568859635359153
1999-12-04,0.7568859635359153
1999-12-05,0.7568859635359153
1999-12-06,0.7541656042559907
1999-12-07,0.7537906369565933
1999-12-08,0.7525738144562383
1999-12-09,0.7529803345700935
1999-12-10,0.7479009046478694
1999-12-11,0.7479009046478694
1999-12-12,0.7479009046478694
1999-12-13,0.7481981626709482
1999-12-14,0.7490388066456881
1999-12-15,0.7487030556995108
1999-12-16,0.7470901864082977
1999-12-17,0.7475934945470865
1999-12-18,0.7475934945470865
1999-12-19,0.7475934945470865
1999-12-20,0.7473712402003198
1999-12-21,0.7515099919221733
1999-12-22,0.7573438874786167
1999-12-23,0.7580417347225263
1999-12-24,0.7694480713354186
1999-12-25,0.7694480713354186
1999-12-26,0.7694480713354186
1999-12-27,0.768111823046169
1999-12-28,0.7692781187950875
1999-12-29,0.7692106913255506
1999-12-30,0.7694219881939554
1999-12-31,0.7701476062612251
2000-01-01,0.7701476062612251
2000-01-02,0.7701476062612251
2000-01-03,0.7683915449668145
2000-01-04,0.7689912241907217
2000-01-05,0.7702578341117701
2000-01-06,0.7710783525460111
2000-01-07,0.759861045118107
2000-01-08,0.759861045118107
2000-01-09,0.759861045118107
2000-01-10,0.7681360225005196
2000-01-11,0.7682794425764556
2000-01-12,0.7690423912972474
2000-01-13,0.7691478596797446
2000-01-14,0.7708169320623057
2000-01-15,0.7708169320623057
2000-01-16,0.7708169320623057
2000-01-17,0.7709301517080458
2000-01-18,0.7712372977783224
2000-01-19,0.7709738109575525
2000-01-20,0.7704723538007124
2000-01-21,0.7729214216090334
2000-01-22,0.7729214216090334
2000-01-23,0.7729214216090334
2000-01-24,0.7733887287355949
2000-01-25,0.7737077820379741
2000-01-26,0.7765328768708881
2000-01-27,0.7785810730664905
2000-01-28,0.7822879722395053
2000-01-29,0.7822879722395053
2000-01-30,0.7822879722395053
2000-01-31,0.7824313710699567
2000-02-01,0.7830146777956591
2000-02-02,0.7826192291226898
2000-02-03,0.7812501189697949
2000-02-04,0.7815980080180284
2000-02-05,0.7815980080180284
2000-02-06,0.7815980080180284
2000-02-07,0.7819150849659645
2000-02-08,0.7813562372551774
2000-02-09,0.7818565498486489
2000-02-10,0.7824529238299941
2000-02-11,0.7825770077066219
2000-02-12,0.7825770077066219
2000-02-13,0.7825770077066219
2000-02-14,0.7783761686286431
2000-02-15,0.7779875735963709
2000-02-16,0.7784086388129381
2000-02-17,0.7776389101235395
2000-02-18,0.7666006357531444
2000-02-19,0.7666006357531444
2000-02-20,0.7666006357531444
2000-02-21,0.7669736257076443
2000-02-22,0.7704152136589841
2000-02-23,0.7708194979305594
2000-02-24,0.771635354216217
2000-02-25,0.7730809965640194
2000-02-26,0.7730809965640194
2000-02-27,0.7730809965640194
2000-02-28,0.7731549363823682
2000-02-29,0.7743475964769003
2000-03-01,0.7738575398176176
2000-03-02,0.7744998810196254
2000-03-03,0.7751227586328845
2000-03-04,0.7751227586328845
2000-03-05,0.7751227586328845
2000-03-06,0.774656675104669
2000-03-07,0.7761539458084237
2000-03-08,0.7764770896052824
2000-03-09,0.7750013834160508
2000-03-10,0.7754014471120242
2000-03-11,0.7754014471120242
2000-03-12,0.7754014471120242
2000-03-13,0.7745361983308827
2000-03-14,0.7760033096191551
2000-03-15,0.7756003292412433
2000-03-16,0.7753645949390144
2000-03-17,0.7823810046891193
2000-03-18,0.7823810046891193
2000-03-19,0.7823810046891193
2000-03-20,0.7887208128738835
2000-03-21,0.7795583043296408
2000-03-22,0.7831857444796003
2000-03-23,0.7835313370608668
2000-03-24,0.782778855161565
2000-03-25,0.782778855161565
2000-03-26,0.782778855161565
2000-03-27,0.7868194093674572
2000-03-28,0.7813929361197264
2000-03-29,0.7831038884915077
2000-03-30,0.7847759403584295
2000-03-31,0.7826418330970036
2000-04-01,0.7826418330970036
2000-04-02,0.7826418330970036
2000-04-03,0.7846372154962115
2000-04-04,0.7850156655218166
2000-04-05,0.7894030703542333
2000-04-06,0.7844628669074988
2000-04-07,0.7749530485105111
2000-04-08,0.7749530485105111
2000-04-09,0.7749530485105111
2000-04-10,0.7755049621364487
2000-04-11,0.7849215683473781
2000-04-12,0.7820572454521151
2000-04-13,0.7837569033170877
2000-04-14,0.7672925074695274
2000-04-15,0.7672925074695274
2000-04-16,0.7672925074695274
2000-04-17,0.7681364435282455
2000-04-18,0.7694650107496954
2000-04-19,0.7694939165463884
2000-04-20,0.7698716678713587
2000-04-21,0.7681706583910376
2000-04-22,0.7681706583910376
2000-04-23,0.7681706583910376
2000-04-24,0.7692915610097968
2000-04-25,0.7719036049820236
2000-04-26,0.7712466714286389
2000-04-27,0.7731056978728991
2000-04-28,0.7884892876934936
2000-04-29,0.7884892876934936
2000-04-30,0.7884892876934936
2000-05-01,0.7877510234432029
2000-05-02,0.7915998321680708
2000-05-03,0.7901220469904815
2000-05-04,0.7962265064598509
2000-05-05,0.7975415913360681
2000-05-06,0.7975415913360681
2000-05-07,0.7975415913360681
2000-05-08,0.7968476915836242
2000-05-09,0.7965395948072538
2000-05-10,0.7982259930081512
2000-05-11,0.7998646815279434
2000-05-12,0.7961575641773345
2000-05-13,0.7961575641773345
2000-05-14,0.7961575641773345
2000-05-15,0.7969060888521763
2000-05-16,0.7973349866963401
2000-05-17,0.7991049887321021
2000-05-18,0.7971070700371508
2000-05-19,0.7994324932004903
2000-05-20,0.7994324932004903
2000-05-21,0.7994324932004903
2000-05-22,0.7992753297650852
2000-05-23,0.7992535350633704
2000-05-24,0.8001595924166426
2000-05-25,0.7977685858526324
2000-05-26,0.7958212827182204
2000-05-27,0.7958212827182204
2000-05-28,0.7958212827182204
2000-05-29,0.7967986268026035
2000-05-30,0.7972704588996093
2000-05-31,0.7967257580267139
2000-06-01,0.7975219173271312
2000-06-02,0.7950278447579294
2000-06-03,0.7950278447579294
2000-06-04,0.7950278447579294
2000-06-05,0.7959719265983042
2000-06-06,0.7950977299729927
2000-06-07,0.7946764040373506
2000-06-08,0.7967942316068192
2000-06-09,0.7960998939157148
2000-06-10,0.7960998939157148
2000-06-11,0.7960998939157148
2000-06-12,0.7955437747849036
2000-06-13,0.7952548988657866
2000-06-14,0.7949014011566837
2000-06-15,0.7952731954756637
2000-06-16,0.7939254963845483
2000-06-17,0.7939254963845483
2000-06-18,0.7939254963845483
2000-06-19,0.795264699706215
2000-06-20,0.7995300121812581
2000-06-21,0.8024940002983546
2000-06-22,0.8049773752094745
2000-06-23,0.8054145837825029
2000-06-24,0.8054145837825029
2000-06-25,0.8054145837825029
2000-06-26,0.8039996192442647
2000-06-27,0.8022524069227965
2000-06-28,0.8014774415715398
2000-06-29,0.8002355045583287
2000-06-30,0.801004672361272
2000-07-01,0.801004672361272
2000-07-02,0.801004672361272
2000-07-03,0.8013418479690935
2000-07-04,0.8014562742557192
2000-07-05,0.8037721048063313
2000-07-06,0.8041802607782745
2000-07-07,0.8225538105520735
2000-07-08,0.8224108100016122
2000-07-09,0.8224108100016122
2000-07-10,0.8193286092251642
2000-07-11,0.8051240568427719
2000-07-12,0.8073245664090619
2000-07-13,0.8095919153578124
2000-07-14,0.8230700548976263
2000-07-15,0.8230700548976263
2000-07-16,0.8230700548976263
2000-07-17,0.8245184479403062
2000-07-18,0.8280945291803097
2000-07-19,0.8123670343073905
2000-07-20,0.8110138987747245
2000-07-21,0.8093634758764571
2000-07-22,0.8093634758764571
2000-07-23,0.8093634758764571
2000-07-24,0.811199884810589
2000-07-25,0.8112493314451484
2000-07-26,0.8110501785917336
2000-07-27,0.8097199275646996
2000-07-28,0.81039756189511
2000-07-29,0.81039756189511
2000-07-30,0.81039756189511
2000-07-31,0.8106200351833138
2000-08-01,0.8136473634542937
2000-08-02,0.8127740446707066
2000-08-03,0.8133787460073817
2000-08-04,0.8132157493416472
2000-08-05,0.8132157493416472
2000-08-06,0.8132157493416472
2000-08-07,0.8134162652225978
2000-08-08,0.8165111352157207
2000-08-09,0.816679521368443
2000-08-10,0.8189868972881256
2000-08-11,0.8198809948083773
2000-08-12,0.8198809948083773
2000-08-13,0.8198809948083773
2000-08-14,0.8197112133391454
2000-08-15,0.8065344691162463
2000-08-16,0.8190163836995057
2000-08-17,0.817901375573237
2000-08-18,0.8901295411232932
2000-08-19,0.8901295411232932
2000-08-20,0.8901295411232932
2000-08-21,0.890665982863283
2000-08-22,0.8922425148014856
2000-08-23,0.8938514450913864
2000-08-24,0.8304191847407346
2000-08-25,0.8303660820672041
2000-08-26,0.8303660820672041
2000-08-27,0.8303660820672041
2000-08-28,0.8350993124841439
2000-08-29,0.8115614103499543
2000-08-30,0.8111906727862835
2000-08-31,0.8129992702076978
2000-09-01,0.8113416565686618
2000-09-02,0.8113416565686618
2000-09-03,0.8113416565686618
2000-09-04,0.8118038049097822
2000-09-05,0.8136919043917868
2000-09-06,0.818097232765099
2000-09-07,0.812471860207464
2000-09-08,0.8135503242323624
2000-09-09,0.8135503242323624
2000-09-10,0.8135503242323624
2000-09-11,0.8152692425290032
2000-09-12,0.8155906434730169
2000-09-13,0.816732730302336
2000-09-14,0.8162930188910293
2000-09-15,0.8169608512249668
2000-09-16,0.8169608512249668
2000-09-17,0.8169608512249668
2000-09-18,0.8190800862924519
2000-09-19,0.8189292546408984
2000-09-20,0.8201385641522537
2000-09-21,0.8188974800652178
2000-09-22,0.8162501132053218
2000-09-23,0.8162501132053218
2000-09-24,0.8162501132053218
2000-09-25,0.8164122355938807
2000-09-26,0.8178514977603945
2000-09-27,0.8197578348322362
2000-09-28,0.8205819122029885
2000-09-29,0.8205427643011245
2000-09-30,0.8205427643011245
2000-10-01,0.8205427643011245
2000-10-02,0.819853476220281
2000-10-03,0.8232341896267936
2000-10-04,0.8227265356323509
2000-10-05,0.8223472302326146
2000-10-06,0.8192825143216114
2000-10-07,0.8192825143216114
2000-10-08,0.8192825143216114
2000-10-09,0.8195841995812432
2000-10-10,0.8207262836209293
2000-10-11,0.8216027199562435
2000-10-12,0.8231489538201766
2000-10-13,0.8240894533034516
2000-10-14,0.8240894533034516
2000-10-15,0.8240894533034516
2000-10-16,0.8252859152491123
2000-10-17,0.8259541789771568
2000-10-18,0.8269048195297387
2000-10-19,0.8252804870430772
2000-10-20,0.8248783060132936
2000-10-21,0.8248783060132936
2000-10-22,0.8248783060132936
2000-10-23,0.8266038006070336
2000-10-24,0.8293303625028834
2000-10-25,0.8318245527126135
2000-10-26,0.830825799546969
2000-10-27,0.8289551426929092
2000-10-28,0.8289551426929092
2000-10-29,0.8289551426929092
2000-10-30,0.8288173112069127
2000-10-31,0.8285250815063905
2000-11-01,0.826186626122965
2000-11-02,0.8266716976225981
2000-11-03,0.8251584366937238
2000-11-04,0.8251584366937238
2000-11-05,0.8251584366937238
2000-11-06,0.8274660142232602
2000-11-07,0.8282024069352355
2000-11-08,0.829314783120122
2000-11-09,0.8280887145476198
2000-11-10,0.8289075398437915
2000-11-11,0.8289075398437915
2000-11-12,0.8289075398437915
2000-11-13,0.828179468679346
2000-11-14,0.8287385616760444
2000-11-15,0.8296480611218726
2000-11-16,0.8309366992137887
2000-11-17,0.8314441363717964
2000-11-18,0.8314441363717964
2000-11-19,0.8314441363717964
2000-11-20,0.8318381444757489
2000-11-21,0.8320721191775102
2000-11-22,0.8314504044013113
2000-11-23,0.8344558323432905
2000-11-24,0.8337744039727186
2000-11-25,0.8337744039727186
2000-11-26,0.8337744039727186
2000-11-27,0.8310747766138593
2000-11-28,0.830832898945365
2000-11-29,0.8308645809777535
2000-11-30,0.8292408161805404
2000-12-01,0.8287012766466673
2000-12-02,0.8287012766466673
2000-12-03,0.8287012766466673
2000-12-04,0.8261570098119327
2000-12-05,0.8219682307467289
2000-12-06,0.8203304685083171
2000-12-07,0.8205288294482134
2000-12-08,0.8210982450470222
2000-12-09,0.8210982450470222
2000-12-10,0.8210982450470222
2000-12-11,0.8221678281658212
2000-12-12,0.8221145636135574
2000-12-13,0.8227624287337891
2000-12-14,0.8199557664578997
2000-12-15,0.8196483716771332
2000-12-16,0.8196483716771332
2000-12-17,0.8196483716771332
2000-12-18,0.8195042210697878
2000-12-19,0.8191311136950317
2000-12-20,0.8177983734733781
2000-12-21,0.8164778085765679
2000-12-22,0.8142447537026232
2000-12-23,0.8142447537026232
2000-12-24,0.8142447537026232
2000-12-25,0.8142998211474489
2000-12-26,0.8132537471302668
2000-12-27,0.8140804333534287
2000-12-28,0.8125933701254814
2000-12-29,0.8124952380185227
2000-12-30,0.8124952380185227
2000-12-31,0.8124952380185227
2001-01-01,0.8124922829531496
2001-01-02,0.8106731750273106
2001-01-03,0.8144293050601198
2001-01-04,0.8117996910338873
2001-01-05,0.8099442301811685
2001-01-06,0.8099442301811685
2001-01-07,0.8099442301811685
2001-01-08,0.8130833774656476
2001-01-09,0.8129228512133593
2001-01-10,0.8145945929187606
2001-01-11,0.8132847756106556
2001-01-12,0.8141683687608936
2001-01-13,0.8141683687608936
2001-01-14,0.8141683687608936
2001-01-15,0.8163384307945235
2001-01-16,0.8150581318365365
2001-01-17,0.8150556729771171
2001-01-18,0.8136501053705911
2001-01-19,0.8153062181546218
2001-01-20,0.8153062181546218
2001-01-21,0.8153062181546218
2001-01-22,0.814867503537174
2001-01-23,0.8153992412185425
2001-01-24,0.8185779247478162
2001-01-25,0.8167230082831928
2001-01-26,0.8172547909563892
2001-01-27,0.8172547909563892
2001-01-28,0.8172547909563892
2001-01-29,0.8177745160665749
2001-01-30,0.8168307510122371
2001-01-31,0.8120078419667144
2001-02-01,0.8125795456099011
2001-02-02,0.8127984953837085
2001-02-03,0.8127984953837085
2001-02-04,0.8127984953837085
2001-02-05,0.8030559125506843
2001-02-06,0.803298307051796
2001-02-07,0.8042033350744761
2001-02-08,0.8061907804107127
2001-02-09,0.8057765419326212
2001-02-10,0.8057765419326212
2001-02-11,0.8057765419326212
2001-02-12,0.8036858868912082
2001-02-13,0.8066978433639035
2001-02-14,0.8069406942869182
2001-02-15,0.8084659178542756
2001-02-16,0.8071860199522055
2001-02-17,0.8071860199522055
2001-02-18,0.8071860199522055
2001-02-19,0.8110348599424183
2001-02-20,0.8070033449643116
2001-02-21,0.8090352628367096
2001-02-22,0.8139192575207712
2001-02-23,0.8362202610675773
2001-02-24,0.8362202610675773
2001-02-25,0.8362202610675773
2001-02-26,0.8388551382275318
2001-02-27,0.8375961801129663
2001-02-28,0.8372829270051659
2001-03-01,0.847610088914144
2001-03-02,0.8447486863787202
2001-03-03,0.8447486863787202
2001-03-04,0.8447486863787202
2001-03-05,0.8472457027514563
2001-03-06,0.8452748099813667
2001-03-07,0.8459079087281621
2001-03-08,0.8452590891654314
2001-03-09,0.8456988496732843
2001-03-10,0.8456988496732843
2001-03-11,0.8456988496732843
2001-03-12,0.8485893395310153
2001-03-13,0.8504072731067953
2001-03-14,0.8521749703507797
2001-03-15,0.8552153396385554
2001-03-16,0.8565573358707744
2001-03-17,0.8565573358707744
2001-03-18,0.8565573358707744
2001-03-19,0.8572205366208872
2001-03-20,0.8552036513463154
2001-03-21,0.8572760931542641
2001-03-22,0.8596895660489774
2001-03-23,0.859456702858128
2001-03-24,0.859456702858128
2001-03-25,0.859456702858128
2001-03-26,0.8579521825153363
2001-03-27,0.848690430061866
2001-03-28,0.8498493840882527
2001-03-29,0.8515975498838171
2001-03-30,0.8523293263404069
2001-03-31,0.8523293263404069
2001-04-01,0.8523293263404069
2001-04-02,0.8540582381199779
2001-04-03,0.852462168764659
2001-04-04,0.8524737023077772
2001-04-05,0.8525373653221858
2001-04-06,0.8510869940053299
2001-04-07,0.8510869940053299
2001-04-08,0.8510869940053299
2001-04-09,0.8576029604374564
2001-04-10,0.8501105801990991
2001-04-11,0.8500771764573998
2001-04-12,0.8501713666765104
2001-04-13,0.8487872548516865
2001-04-14,0.8487872548516865
2001-04-15,0.8487872548516865
2001-04-16,0.8490273458561398
2001-04-17,0.837949996575262
2001-04-18,0.8350481162529597
2001-04-19,0.8331530490343719
2001-04-20,0.8341306430568863
2001-04-21,0.8341306430568863
2001-04-22,0.8341306430568863
2001-04-23,0.8384277022051236
2001-04-24,0.8385856424679425
2001-04-25,0.8395038538245031
2001-04-26,0.8390588884399978
2001-04-27,0.8380995894951652
2001-04-28,0.8380995894951652
2001-04-29,0.8380995894951652
2001-04-30,0.8386142241174113
2001-05-01,0.8370090497952408
2001-05-02,0.8378774102173517
2001-05-03,0.8388292584660411
2001-05-04,0.8372543455319646
2001-05-05,0.8372543455319646
2001-05-06,0.8372543455319646
2001-05-07,0.8475523521664317
2001-05-08,0.8483683314426617
2001-05-09,0.8484326617163814
2001-05-10,0.8487675042977785
2001-05-11,0.8504701306019642
2001-05-12,0.8504701306019642
2001-05-13,0.8504701306019642
2001-05-14,0.8517445123115727
2001-05-15,0.8515404512871756
2001-05-16,0.8501979791584364
2001-05-17,0.8492842845792037
2001-05-18,0.8485011813466244
2001-05-19,0.8485011813466244
2001-05-20,0.8485011813466244
2001-05-21,0.8496756671645906
2001-05-22,0.8504405900833187
2001-05-23,0.8531631289380366
2001-05-24,0.8532271322608453
2001-05-25,0.8526952157185785
2001-05-26,0.8526952157185785
2001-05-27,0.8526952157185785
2001-05-28,0.8530007456899747
2001-05-29,0.8542733380520603
2001-05-30,0.854906082627225
2001-05-31,0.8430854885445271
2001-06-01,0.8426475743347032
2001-06-02,0.8426475743347032
2001-06-03,0.8426475743347032
2001-06-04,0.8431345945953966
2001-06-05,0.8426239741476623
2001-06-06,0.8426834405040585
2001-06-07,0.841927281351066
2001-06-08,0.8423923996481768
2001-06-09,0.8423923996481768
2001-06-10,0.8423923996481768
2001-06-11,0.8434440565338224
2001-06-12,0.8430521841646645
2001-06-13,0.8426519660097361
2001-06-14,0.8411922461486844
2001-06-15,0.8414555885209518
2001-06-16,0.8414555885209518
2001-06-17,0.8275636528443696
2001-06-18,0.8283626230532141
2001-06-19,0.8296048309027553
2001-06-20,0.8308671481379335
2001-06-21,0.8298443632320286
2001-06-22,0.8293390441786624
2001-06-23,0.8293390441786624
2001-06-24,0.8293390441786624
2001-06-25,0.8290336729831629
2001-06-26,0.8282943265066762
2001-06-27,0.8282503233403761
2001-06-28,0.831228212492727
2001-06-29,0.8310387905793215
2001-06-30,0.8310387905793215
2001-07-01,0.8310387905793215
2001-07-02,0.8312698129337966
2001-07-03,0.8312126559053462
2001-07-04,0.8371185954402496
2001-07-05,0.8334882995965669
2001-07-06,0.8337226238735926
2001-07-07,0.8337226238735926
2001-07-08,0.8337226238735926
2001-07-09,0.8342193846415616
2001-07-10,0.834196656634572
2001-07-11,0.8299724093845714
2001-07-12,0.8304504579270541
2001-07-13,0.8304764213536718
2001-07-14,0.8304764213536718
2001-07-15,0.8304764213536718
2001-07-16,0.8317098951284261
2001-07-17,0.8294492383849946
2001-07-18,0.8277009680448947
2001-07-19,0.8277245154355577
2001-07-20,0.8271866587681245
2001-07-21,0.8271866587681245
2001-07-22,0.8271866587681245
2001-07-23,0.8262108517814702
2001-07-24,0.8258537039950683
2001-07-25,0.8254186853754855
2001-07-26,0.8250587624027937
2001-07-27,0.8247117073518309
2001-07-28,0.8247117073518309
2001-07-29,0.8247117073518309
2001-07-30,0.8263880872349865
2001-07-31,0.8258933970281568
2001-08-01,0.8256086007143254
2001-08-02,0.8247721110572603
2001-08-03,0.8241035727598844
2001-08-04,0.8241035727598844
2001-08-05,0.8241035727598844
2001-08-06,0.8252283654703224
2001-08-07,0.8256296116199772
2001-08-08,0.8249379212337966
2001-08-09,0.823437154544559
2001-08-10,0.8235919719154174
2001-08-11,0.8235919719154174
2001-08-12,0.8235919719154174
2001-08-13,0.8240140627838974
2001-08-14,0.8231242158862953
2001-08-15,0.82219820984985
2001-08-16,0.8222508533865125
2001-08-17,0.8208268643337638
2001-08-18,0.8208268643337638
2001-08-19,0.8208268643337638
2001-08-20,0.8218996872006709
2001-08-21,0.8161366317331866
2001-08-22,0.8163444920164472
2001-08-23,0.8157867555975158
2001-08-24,0.816379003389227
2001-08-25,0.816379003389227
2001-08-26,0.816379003389227
2001-08-27,0.8168294684603732
2001-08-28,0.8165482754578428
2001-08-29,0.8316278701920123
2001-08-30,0.8302154566955064
2001-08-31,0.8308199958418138
2001-09-01,0.8308199958418138
2001-09-02,0.8308199958418138
2001-09-03,0.8359128707542389
2001-09-04,0.8344007220483669
2001-09-05,0.8348953335196231
2001-09-06,0.8340205456872444
2001-09-07,0.8331633973907084
2001-09-08,0.8331633973907084
2001-09-09,0.8331633973907084
2001-09-10,0.8353256020079888
2001-09-11,0.835073403881992
2001-09-12,0.8350062637718987
2001-09-13,0.8460840078542032
2001-09-14,0.8504831097641014
2001-09-15,0.8504831097641014
2001-09-16,0.8504831097641014
2001-09-17,0.8509174476205174
2001-09-18,0.8510574208645425
2001-09-19,0.8468439829153407
2001-09-20,0.8475817979031527
2001-09-21,0.8505800570056566
2001-09-22,0.8505800570056566
2001-09-23,0.8505800570056566
2001-09-24,0.850145086051486
2001-09-25,0.8496973908810348
2001-09-26,0.8506147945970619
2001-09-27,0.8512801933000409
2001-09-28,0.851426281553844
2001-09-29,0.8377368943163465
2001-09-30,0.8377368943163465
2001-10-01,0.8377238719003116
2001-10-02,0.8383436128503048
2001-10-03,0.8389008616860385
2001-10-04,0.8520740564039113
2001-10-05,0.8520831080043058
2001-10-06,0.8520831080043058
2001-10-07,0.8520831080043058
2001-10-08,0.8522695068906494
2001-10-09,0.8532225045946977
2001-10-10,0.8535683720990996
2001-10-11,0.8539163234990242
2001-10-12,0.8525025109957971
2001-10-13,0.8525025109957971
2001-10-14,0.8525025109957971
2001-10-15,0.8524410192406905
2001-10-16,0.8524705676290325
2001-10-17,0.853307408149291
2001-10-18,0.8536599869386413
2001-10-19,0.8547126855566543
2001-10-20,0.8547126855566543
2001-10-21,0.8547126855566543
2001-10-22,0.8558466283257607
2001-10-23,0.8557430699330653
2001-10-24,0.8562647931275641
2001-10-25,0.8565617670705494
2001-10-26,0.8566035693715665
2001-10-27,0.8566035693715665
2001-10-28,0.8566035693715665
2001-10-29,0.8556913898917121
2001-10-30,0.8565787528984339
2001-10-31,0.8570534511959059
2001-11-01,0.8567066569018926
2001-11-02,0.8568361694523057
2001-11-03,0.8568361694523057
2001-11-04,0.8568361694523057
2001-11-05,0.85663251249749
2001-11-06,0.8562728404382542
2001-11-07,0.8556110092600321
2001-11-08,0.8552307510705907
2001-11-09,0.8558253199505278
2001-11-10,0.8558253199505278
2001-11-11,0.8558253199505278
2001-11-12,0.8554641695493547
2001-11-13,0.8567952047109729
2001-11-14,0.8565591064079044
2001-11-15,0.858140207457524
2001-11-16,0.8580967160593146
2001-11-17,0.8580967160593146
2001-11-18,0.8580967160593146
2001-11-19,0.8586645555756013
2001-11-20,0.8587573110900193
2001-11-21,0.8592809726947913
2001-11-22,0.865093508653554
2001-11-23,0.8596531614576706
2001-11-24,0.8596531614576706
2001-11-25,0.8596531614576706
2001-11-26,0.8588715260221863
2001-11-27,0.8585894097182278
2001-11-28,0.8575771631756176
2001-11-29,0.8588326532217003
2001-11-30,0.8568798926690173
2001-12-01,0.8568798926690173
2001-12-02,0.8568798926690173
2001-12-03,0.8628242787773355
2001-12-04,0.85743098544077
2001-12-05,0.8579004201199831
2001-12-06,0.8572773316441223
2001-12-07,0.8587623980432362
2001-12-08,0.8587623980432362
2001-12-09,0.8587623980432362
2001-12-10,0.8576570090473141
2001-12-11,0.8555439935299288
2001-12-12,0.8553137959692193
2001-12-13,0.8561419927587477
2001-12-14,0.8565380776463257
2001-12-15,0.8565380776463257
2001-12-16,0.8565380776463257
2001-12-17,0.8559631158428548
2001-12-18,0.8558717626990096
2001-12-19,0.8565135946889028
2001-12-20,0.8583176574454905
2001-12-21,0.8532282757347288
2001-12-22,0.8532282757347288
2001-12-23,0.8532282757347288
2001-12-24,0.8548597632669547
2001-12-25,0.8549154980225061
2001-12-26,0.854484376028065
2001-12-27,0.8545817142798996
2001-12-28,0.8540692090695559
2001-12-29,0.8540692090695559
2001-12-30,0.8540692090695559
2001-12-31,0.8530155706496118
2002-01-01,0.8530144755565695
2002-01-02,0.8523410577911708
2002-01-03,0.8529328465052921
2002-01-04,0.852854716743345
2002-01-05,0.852854716743345
2002-01-06,0.852854716743345
2002-01-07,0.8522043494851425
2002-01-08,0.8530896125894311
2002-01-09,0.8539322549131931
2002-01-10,0.8623901060930168
2002-01-11,0.8665939120675034
2002-01-12,0.8665939120675034
2002-01-13,0.8665939120675034
2002-01-14,0.8666968595217255
2002-01-15,0.8681047499692224
2002-01-16,0.8683289804065651
2002-01-17,0.8691331770053748
2002-01-18,0.8678331415398989
2002-01-19,0.8678331415398989
2002-01-20,0.8678331415398989
2002-01-21,0.8674082894769117
2002-01-22,0.8738840119357997
2002-01-23,0.8740762448520139
2002-01-24,0.8687730791464673
2002-01-25,0.8714212717533776
2002-01-26,0.8714212717533776
2002-01-27,0.8714212717533776
2002-01-28,0.8712669076078444
2002-01-29,0.8710139627932324
2002-01-30,0.8723427716354317
2002-01-31,0.9063139127090825
2002-02-01,0.9063047571959406
2002-02-02,0.9063047571959406
2002-02-03,0.9063047571959406
2002-02-04,0.9061582060714694
2002-02-05,0.9062493254402834
2002-02-06,0.906896505763363
2002-02-07,0.9064849672787296
2002-02-08,0.9069837101830643
2002-02-09,0.9069837101830643
2002-02-10,0.9069837101830643
2002-02-11,0.9055053345015639
2002-02-12,0.9039035387496619
2002-02-13,0.9047512010658825
2002-02-14,0.90422625307426
2002-02-15,0.9037930126656686
2002-02-16,0.9037930126656686
2002-02-17,0.9037930126656686
2002-02-18,0.9040079713175451
2002-02-19,0.9050786198247347
2002-02-20,0.9067054512664063
2002-02-21,0.9069937528743128
2002-02-22,0.9069472628163199
2002-02-23,0.9069472628163199
2002-02-24,0.9069472628163199
2002-02-25,0.9081658999236895
2002-02-26,0.9097790308479261
2002-02-27,0.9087563311751206
2002-02-28,0.9078941656888543
2002-03-01,0.8812499861564198
2002-03-02,0.8812499861564198
2002-03-03,0.8812499861564198
2002-03-04,0.8801388177746661
2002-03-05,0.8644964261260019
2002-03-06,0.861570723524412
2002-03-07,0.8611603700769433
2002-03-08,0.8624458188804598
2002-03-09,0.8624458188804598
2002-03-10,0.8624458188804598
2002-03-11,0.8617163209745202
2002-03-12,0.8631040912861361
2002-03-13,0.863136694602384
2002-03-14,0.8700550345890825
2002-03-15,0.8618135022488842
2002-03-16,0.8618135022488842
2002-03-17,0.8618135022488842
2002-03-18,0.8627944317631022
2002-03-19,0.8630085245830285
2002-03-20,0.8601275425752769
2002-03-21,0.8597103563534717
2002-03-22,0.8624909242508572
2002-03-23,0.8624909242508572
2002-03-24,0.8624909242508572
2002-03-25,0.8642182733193862
2002-03-26,0.8619714070363196
2002-03-27,0.8636864951626455
2002-03-28,0.8639174425786884
2002-03-29,0.8639971626563421
2002-03-30,0.8639971626563421
2002-03-31,0.8639971626563421
2002-04-01,0.9207319367058613
2002-04-02,0.9200755067757577
2002-04-03,0.9197269705742999
2002-04-04,0.9199396742394349
2002-04-05,0.9186290763303453
2002-04-06,0.9186290763303453
2002-04-07,0.9186290763303453
2002-04-08,0.9201075551836684
2002-04-09,0.9143270207062612
2002-04-10,0.9133028665799213
2002-04-11,0.9123765750710033
2002-04-12,0.9295482451097025
2002-04-13,0.9295482451097025
2002-04-14,0.9295482451097025
2002-04-15,0.9299736642760368
2002-04-16,0.9292581712045096
2002-04-17,0.928035914424487
2002-04-18,0.9286622291688313
2002-04-19,0.9282339703311002
2002-04-20,0.9282339703311002
2002-04-21,0.9282339703311002
2002-04-22,0.9291756736934512
2002-04-23,0.9294165023988137
2002-04-24,0.9283219844360227
2002-04-25,0.9284008455366145
2002-04-26,0.9269709211542082
2002-04-27,0.9269709211542082
2002-04-28,0.9269709211542082
2002-04-29,0.9256381713925975
2002-04-30,0.9269086899663577
2002-05-01,0.9251484108025003
2002-05-02,0.8686657798160456
2002-05-03,0.8676703731088231
2002-05-04,0.8676703731088231
2002-05-05,0.8676703731088231
2002-05-06,0.8673205750685593
2002-05-07,0.8679568117091475
2002-05-08,0.8693913339524996
2002-05-09,0.8693636731753889
2002-05-10,0.8686901049564096
2002-05-11,0.8686901049564096
2002-05-12,0.8686901049564096
2002-05-13,0.8696596478956712
2002-05-14,0.8702424582918911
2002-05-15,0.8890053118776489
2002-05-16,0.888997017579376
2002-05-17,0.8888036454496354
2002-05-18,0.8888036454496354
2002-05-19,0.8888036454496354
2002-05-20,0.8882605933746626
2002-05-21,0.8874265871382807
2002-05-22,0.8870872929259104
2002-05-23,0.8879353590267189
2002-05-24,0.8877312448375169
2002-05-25,0.8877312448375169
2002-05-26,0.8877312448375169
2002-05-27,0.8870295883974817
2002-05-28,0.885959142195199
2002-05-29,0.8855127448055349
2002-05-30,0.8848618227061803
2002-05-31,0.8850612337709405
2002-06-01,0.8850612337709405
2002-06-02,0.8850612337709405
2002-06-03,0.883872601344288
2002-06-04,0.8849683765453868
2002-06-05,0.886339069386366
2002-06-06,0.8855036552965321
2002-06-07,0.8810767946707453
2002-06-08,0.8810767946707453
2002-06-09,0.8810767946707453
2002-06-10,0.8805928019014237
2002-06-11,0.8807201706332488
2002-06-12,0.8827932264813854
2002-06-13,0.8827869036865569
2002-06-14,0.8835085363588997
2002-06-15,0.8835085363588997
2002-06-16,0.8835085363588997
2002-06-17,0.8839018831399194
2002-06-18,0.8823661649376784
2002-06-19,0.881358828114435
2002-06-20,0.8818368670033914
2002-06-21,0.8813142381491686
2002-06-22,0.8813142381491686
2002-06-23,0.8813142381491686
2002-06-24,0.8815187747763691
2002-06-25,0.8811227130630218
2002-06-26,0.8814185415673953
2002-06-27,0.8803505086936599
2002-06-28,0.8795575955495658
2002-06-29,0.8795575955495658
2002-06-30,0.8795575955495658
2002-07-01,0.8794382221823461
2002-07-02,0.8790974018771586
2002-07-03,0.880228580195093
2002-07-04,0.8857952650370783
2002-07-05,0.8821070547824534
2002-07-06,0.8821070547824534
2002-07-07,0.8821070547824534
2002-07-08,0.8802768093405297
2002-07-09,0.8795902026379128
2002-07-10,0.88057172551745
2002-07-11,0.8818558551451993
2002-07-12,0.8818657483613197
2002-07-13,0.8818657483613197
2002-07-14,0.8818657483613197
2002-07-15,0.8804659177122716
2002-07-16,0.879088804700565
2002-07-17,0.879882289112117
2002-07-18,0.8795430265255604
2002-07-19,0.8797099193832347
2002-07-20,0.8797099193832347
2002-07-21,0.8797099193832347
2002-07-22,0.8816646996852793
2002-07-23,0.8868011168083533
2002-07-24,0.885721824500914
2002-07-25,0.8855917456717639
2002-07-26,0.8890243385080471
2002-07-27,0.8890243385080471
2002-07-28,0.8890243385080471
2002-07-29,0.8892242142355666
2002-07-30,0.8888990330979588
2002-07-31,0.890930454502836
2002-08-01,0.8885106258883818
2002-08-02,0.887895021782938
2002-08-03,0.887895021782938
2002-08-04,0.887895021782938
2002-08-05,0.8905774128555999
2002-08-06,0.8918470239179702
2002-08-07,0.8900891507376307
2002-08-08,0.8901268477874559
2002-08-09,0.8909116297163611
2002-08-10,0.8909116297163611
2002-08-11,0.8909116297163611
2002-08-12,0.890509491309458
2002-08-13,0.8902873459255972
2002-08-14,0.8906357295448118
2002-08-15,0.8909408992090634
2002-08-16,0.8892995175744987
2002-08-17,0.8892995175744987
2002-08-18,0.8892995175744987
2002-08-19,0.890553447733343
2002-08-20,0.8900704223265222
2002-08-21,0.8901077944116988
2002-08-22,0.8924181209132609
2002-08-23,0.8915801433566448
2002-08-24,0.8915801433566448
2002-08-25,0.8915801433566448
2002-08-26,0.8906198189787258
2002-08-27,0.8895149532656922
2002-08-28,0.8905363562550441
2002-08-29,0.8898977126429658
2002-08-30,0.8899928878490323
2002-08-31,0.8899928878490323
2002-09-01,0.8899928878490323
2002-09-02,0.8893783021668986
2002-09-03,0.8890977418440585
2002-09-04,0.8894676981297189
2002-09-05,0.889435499795466
2002-09-06,0.8908110181215033
2002-09-07,0.8908110181215033
2002-09-08,0.8908110181215033
2002-09-09,0.8911605458006674
2002-09-10,0.8929989172428728
2002-09-11,0.8921784442264268
2002-09-12,0.8914744427299266
2002-09-13,0.8927494611504859
2002-09-14,0.8927494611504859
2002-09-15,0.8927494611504859
2002-09-16,0.894312194221741
2002-09-17,0.8943393672526463
2002-09-18,0.8936872284741624
2002-09-19,0.8787765625056772
2002-09-20,0.880348782337787
2002-09-21,0.880348782337787
2002-09-22,0.880348782337787
2002-09-23,0.8817249358494315
2002-09-24,0.880947313149445
2002-09-25,0.8812861310712953
2002-09-26,0.8344748758449876
2002-09-27,0.8344526172232143
2002-09-28,0.8344526172232143
2002-09-29,0.8344526172232143
2002-09-30,0.8332865832662727
2002-10-01,0.8332996040796783
2002-10-02,0.8572264967985928
2002-10-03,0.8568320021494483
2002-10-04,0.8574568870785934
2002-10-05,0.8574568870785934
2002-10-06,0.8574568870785934
2002-10-07,0.857977795318309
2002-10-08,0.8587623665621986
2002-10-09,0.8582674199421726
2002-10-10,0.8357669346363464
2002-10-11,0.8349953917784693
2002-10-12,0.8349953917784693
2002-10-13,0.8349953917784693
2002-10-14,0.8351945645495429
2002-10-15,0.8363746683077083
2002-10-16,0.8365468679842311
2002-10-17,0.8374685184313325
2002-10-18,0.8374315225009719
2002-10-19,0.8374315225009719
2002-10-20,0.8374315225009719
2002-10-21,0.8366291203372855
2002-10-22,0.8363047975342545
2002-10-23,0.8370124516345065
2002-10-24,0.8364105964298233
2002-10-25,0.8361817522692233
2002-10-26,0.8361817522692233
2002-10-27,0.8361817522692233
2002-10-28,0.8360570777663261
2002-10-29,0.8356630625051354
2002-10-30,0.8355073304230097
2002-10-31,0.8338629229685584
2002-11-01,0.8328060486011971
2002-11-02,0.8328060486011971
2002-11-03,0.8328060486011971
2002-11-04,0.8323672638095297
2002-11-05,0.832313102550131
2002-11-06,0.832213519681697
2002-11-07,0.8311297672669637
2002-11-08,0.830743606380072
2002-11-09,0.830743606380072
2002-11-10,0.830743606380072
2002-11-11,0.830949920303074
2002-11-12,0.8312052950703467
2002-11-13,0.8312931778635723
2002-11-14,0.8313205525152128
2002-11-15,0.8303814152108531
2002-11-16,0.8303814152108531
2002-11-17,0.8303814152108531
2002-11-18,0.8297924717326955
2002-11-19,0.8308300949383833
2002-11-20,0.7892630237797057
2002-11-21,0.7892400377550887
2002-11-22,0.7899505789535826
2002-11-23,0.7899505789535826
2002-11-24,0.7899505789535826
2002-11-25,0.7901815361748967
2002-11-26,0.7904152470910443
2002-11-27,0.7815025417813979
2002-11-28,0.7910970131003044
2002-11-29,0.7813663580152417
2002-11-30,0.7813663580152417
2002-12-01,0.7876898555177692
2002-12-02,0.787029151602498
2002-12-03,0.787637281253328
2002-12-04,0.787543845886723
2002-12-05,0.716247247931161
2002-12-06,0.7155022524745641
2002-12-07,0.7155022524745641
2002-12-08,0.7155022524745641
2002-12-09,0.7150981064185721
2002-12-10,0.7771126109676657
2002-12-11,0.7759047942297967
2002-12-12,0.7744590131213465
2002-12-13,0.7733471194479786
2002-12-14,0.7733471194479786
2002-12-15,0.7733471194479786
2002-12-16,0.7729908273509482
2002-12-17,0.7727156512084388
2002-12-18,0.772432140401099
2002-12-19,0.7722930671301135
2002-12-20,0.7727142277741298
2002-12-21,0.7727142277741298
2002-12-22,0.7727142277741298
2002-12-23,0.7723997826514772
2002-12-24,0.7720686453190888
2002-12-25,0.7716406203047977
2002-12-26,0.7715902921772538
2002-12-27,0.7712592438573239
2002-12-28,0.7712592438573239
2002-12-29,0.7712592438573239
2002-12-30,0.7706810750637736
2002-12-31,0.7704141916458259
2003-01-01,0.7643621719652646
2003-01-02,0.8146848265618579
2003-01-03,0.8122893375441905
2003-01-04,0.8122893375441905
2003-01-05,0.8122893375441905
2003-01-06,0.8114433139053082
2003-01-07,0.8048930954197594
2003-01-08,0.8040766939025654
2003-01-09,0.8046269259229695
2003-01-10,0.8034142760455703
2003-01-11,0.8034142760455703
2003-01-12,0.8034142760455703
2003-01-13,0.8034079620336687
2003-01-14,0.8028403553400055
2003-01-15,0.7551736294734133
2003-01-16,0.7466332684101294
2003-01-17,0.7458757221012169
2003-01-18,0.7458757221012169
2003-01-19,0.7458757221012169
2003-01-20,0.7460886136123397
2003-01-21,0.7464996419378406
2003-01-22,0.7469841966614371
2003-01-23,0.746241834420572
2003-01-24,0.7461491702522481
2003-01-25,0.7461491702522481
2003-01-26,0.7461491702522481
2003-01-27,0.7465273578526138
2003-01-28,0.7549163557622347
2003-01-29,0.7556181337006391
2003-01-30,0.755766387992146
2003-01-31,0.7564568377824822
2003-02-01,0.7700916770529587
2003-02-02,0.7222107730127127
2003-02-03,0.7224675930539396
2003-02-04,0.7212952106052888
2003-02-05,0.722593906643975
2003-02-06,0.7225385610529761
2003-02-07,0.6613166308863148
2003-02-08,0.6613166308863148
2003-02-09,0.6613166308863148
2003-02-10,0.662539279989645
2003-02-11,0.6764200186509323
2003-02-12,0.6766752419242156
2003-02-13,0.6762861914692493
2003-02-14,0.6764369425537539
2003-02-15,0.6764369425537539
2003-02-16,0.6764369425537539
2003-02-17,0.677134700832891
2003-02-18,0.6767325302923082
2003-02-19,0.6761973959592132
2003-02-20,0.674845142922832
2003-02-21,0.6754949591222913
2003-02-22,0.6754949591222913
2003-02-23,0.6754949591222913
2003-02-24,0.6742743353550379
2003-02-25,0.674640658101185
2003-02-26,0.6746973492878009
2003-02-27,0.6747545762017594
2003-02-28,0.6746457095911073
2003-03-01,0.6746457095911073
2003-03-02,0.6746457095911073
2003-03-03,0.6740993697742043
2003-03-04,0.6990750630084502
2003-03-05,0.6988539044713152
2003-03-06,0.6984083937345268
2003-03-07,0.7276318414115072
2003-03-08,0.7276318414115072
2003-03-09,0.7276318414115072
2003-03-10,0.7279348496946061
2003-03-11,0.7276207012144857
2003-03-12,0.728875488853694
2003-03-13,0.7297972282787891
2003-03-14,0.7281328942894834
2003-03-15,0.7281328942894834
2003-03-16,0.7281328942894834
2003-03-17,0.7305971261722072
2003-03-18,0.7302278780765976
2003-03-19,0.732189078744778
2003-03-20,0.7314284098118369
2003-03-21,0.7327689520566124
2003-03-22,0.7327689520566124
2003-03-23,0.7327689520566124
2003-03-24,0.7310651062234853
2003-03-25,0.7300429149917403
2003-03-26,0.7301793858499612
2003-03-27,0.7294571113135218
2003-03-28,0.7289385926438878
2003-03-29,0.7289385926438878
2003-03-30,0.7289385926438878
2003-03-31,0.7278494159025796
2003-04-01,0.727523110154721
2003-04-02,0.7284915322428829
2003-04-03,0.7283685138620514
2003-04-04,0.7288731321712889
2003-04-05,0.7288731321712889
2003-04-06,0.7288731321712889
2003-04-07,0.7289779329025166
2003-04-08,0.7288400192572706
2003-04-09,0.7281273502629556
2003-04-10,0.727992758601986
2003-04-11,0.7283048633141568
2003-04-12,0.7283048633141568
2003-04-13,0.7283048633141568
2003-04-14,0.72817380610868
2003-04-15,0.7268120886934971
2003-04-16,0.7253677728793771
2003-04-17,0.7258649724988117
2003-04-18,0.7258595627626688
2003-04-19,0.7258595627626688
2003-04-20,0.7258595627626688
2003-04-21,0.7759006372897892
2003-04-22,0.7736243929466524
2003-04-23,0.7255706299848343
2003-04-24,0.7246891435179251
2003-04-25,0.7247114840136787
2003-04-26,0.7247114840136787
2003-04-27,0.7247114840136787
2003-04-28,0.7551878285455986
2003-04-29,0.7537668213201311
2003-04-30,0.7225871593391971
2003-05-01,0.7204740445087955
2003-05-02,0.7266972441434874
2003-05-03,0.7266972441434874
2003-05-04,0.7266972441434874
2003-05-05,0.7261914903852095
2003-05-06,0.7155679962271214
2003-05-07,0.7087710329852411
2003-05-08,0.7072062938089815
2003-05-09,0.6998325638569405
2003-05-10,0.6998325638569405
2003-05-11,0.6998325638569405
2003-05-12,0.6982985403332758
2003-05-13,0.6856348904104389
2003-05-14,0.6865821882339656
2003-05-15,0.6833386819189166
2003-05-16,0.6816431685858237
2003-05-17,0.6816431685858237
2003-05-18,0.6816431685858237
2003-05-19,0.6730932790914222
2003-05-20,0.6714799474184779
2003-05-21,0.6715752561380534
2003-05-22,0.5894118862016317
2003-05-23,0.5768605770907624
2003-05-24,0.5768605770907624
2003-05-25,0.5768605770907624
2003-05-26,0.5768538368621675
2003-05-27,0.5775093792860404
2003-05-28,0.5779821350332146
2003-05-29,0.5765538284093226
2003-05-30,0.5671400757105212
2003-05-31,0.5671400757105212
2003-06-01,0.5669857995557812
2003-06-02,0.5569482681702612
2003-06-03,0.5575590265582543
2003-06-04,0.5588271561733129
2003-06-05,0.577121223572955
2003-06-06,0.5778280908857917
2003-06-07,0.5778280908857917
2003-06-08,0.5778280908857917
2003-06-09,0.5779783185213901
2003-06-10,0.578314640882875
2003-06-11,0.5774780846666179
2003-06-12,0.4912207780315296
2003-06-13,0.4905767817370682
2003-06-14,0.4905767817370682
2003-06-15,0.4905767817370682
2003-06-16,0.546538558569321
2003-06-17,0.5759972365161363
2003-06-18,0.5775001304614727
2003-06-19,0.5774730325041147
2003-06-20,0.5907880127753358
2003-06-21,0.5907880127753358
2003-06-22,0.5907880127753358
2003-06-23,0.5913462406583879
2003-06-24,0.5686364640537369
2003-06-25,0.4908648682550166
2003-06-26,0.514518362201722
2003-06-27,0.5147072661399041
2003-06-28,0.5147072661399041
2003-06-29,0.5147072661399041
2003-06-30,0.5141862636044555
2003-07-01,0.5126276704251254
2003-07-02,0.5126429586026744
2003-07-03,0.512855086549485
2003-07-04,0.5065027913657347
2003-07-05,0.5065027913657347
2003-07-06,0.5065027913657347
2003-07-07,0.4994205002746517
2003-07-08,0.5000919841337873
2003-07-09,0.48459202322148776
2003-07-10,0.4844066565291185
2003-07-11,0.4772926721450277
2003-07-12,0.4772926721450277
2003-07-13,0.4772926721450277
2003-07-14,0.4773555584576075
2003-07-15,0.45998491904702576
2003-07-16,0.4600494035047154
2003-07-17,0.46039196805002136
2003-07-18,0.46049122715542073
2003-07-19,0.46049122715542073
2003-07-20,0.49375953977852466
2003-07-21,0.49366865592818987
2003-07-22,0.4938441052837969
2003-07-23,0.49234195145999143
2003-07-24,0.4921847819299978
2003-07-25,0.46986319578593655
2003-07-26,0.46986319578593655
2003-07-27,0.46986319578593655
2003-07-28,0.4701790407847371
2003-07-29,0.47131446377893677
2003-07-30,0.471681272295399
2003-07-31,0.4731291206552804
2003-08-01,0.4735947938508297
2003-08-02,0.4735947938508297
2003-08-03,0.4735947938508297
2003-08-04,0.47328465779297585
2003-08-05,0.47296616425258486
2003-08-06,0.47395109253738416
2003-08-07,0.4884833831408068
2003-08-08,0.4961933996413751
2003-08-09,0.4961933996413751
2003-08-10,0.4961933996413751
2003-08-11,0.5034972505908392
2003-08-12,0.511072597395581
2003-08-13,0.5149748692515312
2003-08-14,0.5153100015740588
2003-08-15,0.5151052987248202
2003-08-16,0.5151052987248202
2003-08-17,0.5151052987248202
2003-08-18,0.5157422035823559
2003-08-19,0.5159463773932039
2003-08-20,0.5158762434788858
2003-08-21,0.5176857205803337
2003-08-22,0.499161983531767
2003-08-23,0.499161983531767
2003-08-24,0.499161983531767
2003-08-25,0.4738283888061912
2003-08-26,0.47393813785104283
2003-08-27,0.4850089930270776
2003-08-28,0.49215765148368373
2003-08-29,0.4985304813124203
2003-08-30,0.4985304813124203
2003-08-31,0.4985304813124203
2003-09-01,0.5175007553516541
2003-09-02,0.5688207179334662
2003-09-03,0.5881226355362634
2003-09-04,0.5873357794999944
2003-09-05,0.586153216985073
2003-09-06,0.586153216985073
2003-09-07,0.586153216985073
2003-09-08,0.5864323117669661
2003-09-09,0.5549195672083532
2003-09-10,0.5276266618072805
2003-09-11,0.5109306733813167
2003-09-12,0.49463147079687136
2003-09-13,0.49463147079687136
2003-09-14,0.49463147079687136
2003-09-15,0.5029532336998315
2003-09-16,0.5038019465719886
2003-09-17,0.5168394682848503
2003-09-18,0.5168590803225108
2003-09-19,0.5089435975256319
2003-09-20,0.5089435975256319
2003-09-21,0.5089435975256319
2003-09-22,0.5073601960439637
2003-09-23,0.5077577863661712
2003-09-24,0.5070341732419931
2003-09-25,0.519610526982468
2003-09-26,0.5157408025027612
2003-09-27,0.5157408025027612
2003-09-28,0.5157408025027612
2003-09-29,0.509898201982863
2003-09-30,0.5091677712697004
2003-10-01,0.5081160739145246
2003-10-02,0.5082795367357792
2003-10-03,0.5091672029524696
2003-10-04,0.5091672029524696
2003-10-05,0.5091672029524696
2003-10-06,0.4895990567286839
2003-10-07,0.47472089035646214
2003-10-08,0.47434203917397116
2003-10-09,0.4609592616637912
2003-10-10,0.4740644990369238
2003-10-11,0.4740644990369238
2003-10-12,0.4740644990369238
2003-10-13,0.4749780182045537
2003-10-14,0.4751224101066622
2003-10-15,0.4585320299723144
2003-10-16,0.4668847867064877
2003-10-17,0.4665368003856241
2003-10-18,0.4665368003856241
2003-10-19,0.4665368003856241
2003-10-20,0.46298496729403066
2003-10-21,0.45597707621380645
2003-10-22,0.45766559937554024
2003-10-23,0.4575615933916727
2003-10-24,0.4492024017500614
2003-10-25,0.4492024017500614
2003-10-26,0.4492024017500614
2003-10-27,0.44940764345308637
2003-10-28,0.44626236244886025
2003-10-29,0.4362221646701387
2003-10-30,0.43327666826592315
2003-10-31,0.43376020993592457
2003-11-01,0.43376020993592457
2003-11-02,0.43376020993592457
2003-11-03,0.43468619389086244
2003-11-04,0.4340800743261736
2003-11-05,0.41004349767436327
2003-11-06,0.41398194104760294
2003-11-07,0.43139517375110065
2003-11-08,0.43139517375110065
2003-11-09,0.43139517375110065
2003-11-10,0.4176482371192808
2003-11-11,0.43141323943875687
2003-11-12,0.4325285634282378
2003-11-13,0.42165942254619077
2003-11-14,0.3969262959281048
2003-11-15,0.3969262959281048
2003-11-16,0.3969262959281048
2003-11-17,0.40085326273455585
2003-11-18,0.40133533845293173
2003-11-19,0.4016378966828009
2003-11-20,0.39745120460426375
2003-11-21,0.39647357205541117
2003-11-22,0.39647357205541117
2003-11-23,0.39647357205541117
2003-11-24,0.4036962616225866
2003-11-25,0.3977193600931803
2003-11-26,0.3833716196578477
2003-11-27,0.38368131996980015
2003-11-28,0.38341496396511804
2003-11-29,0.38341496396511804
2003-11-30,0.38341496396511804
2003-12-01,0.5908895421672515
2003-12-02,0.6042235567204504
2003-12-03,0.6335385777851179
2003-12-04,0.6336417251715704
2003-12-05,0.654082149931186
2003-12-06,0.654082149931186
2003-12-07,0.654082149931186
2003-12-08,0.6532366827600079
2003-12-09,0.6572967069623983
2003-12-10,0.6755920388969286
2003-12-11,0.677584562404923
2003-12-12,0.6761975291174517
2003-12-13,0.6761975291174517
2003-12-14,0.6761975291174517
2003-12-15,0.6670411798353424
2003-12-16,0.6669031480365758
2003-12-17,0.6841108262360389
2003-12-18,0.7244678339259082
2003-12-19,0.7223283155716381
2003-12-20,0.7223283155716381
2003-12-21,0.7299734560097783
2003-12-22,0.7306946667336067
2003-12-23,0.7304884780826708
2003-12-24,0.729514854664352
2003-12-25,0.7295224042781024
2003-12-26,0.7296853567203685
2003-12-27,0.7296853567203685
2003-12-28,0.7296853567203685
2003-12-29,0.7288658803777842
2003-12-30,0.72822265106781
2003-12-31,0.6875815952684458
2004-01-01,0.6878713170159075
2004-01-02,0.688246372537216
2004-01-03,0.688246372537216
2004-01-04,0.688246372537216
2004-01-05,0.6798013012890963
2004-01-06,0.6424337594506054
2004-01-07,0.6442635053782368
2004-01-08,0.6110877759567219
2004-01-09,0.5675722242696795
2004-01-10,0.5675722242696795
2004-01-11,0.5675722242696795
2004-01-12,0.5687132376103282
2004-01-13,0.5693559648066377
2004-01-14,0.5710047799280066
2004-01-15,0.5719026486555085
2004-01-16,0.5554898788379871
2004-01-17,0.5554898788379871
2004-01-18,0.5554898788379871
2004-01-19,0.6034042402297731
2004-01-20,0.6012263726555007
2004-01-21,0.6462278903098603
2004-01-22,0.49880130111162135
2004-01-23,0.4857452609056184
2004-01-24,0.4857452609056184
2004-01-25,0.4857452609056184
2004-01-26,0.48691114738294833
2004-01-27,0.48662139933513443
2004-01-28,0.5473352598137649
2004-01-29,0.5428260406626756
2004-01-30,0.5315848817690171
2004-01-31,0.5315848817690171
2004-02-01,0.5315848817690171
2004-02-02,0.5016167415624838
2004-02-03,0.4998012007972584
2004-02-04,0.5005323817821705
2004-02-05,0.5005785112670839
2004-02-06,0.514592383368697
2004-02-07,0.514592383368697
2004-02-08,0.514592383368697
2004-02-09,0.5296829001919845
2004-02-10,0.5505049299203786
2004-02-11,0.5380558928781776
2004-02-12,0.5731846543147855
2004-02-13,0.5856488872674626
2004-02-14,0.5856488872674626
2004-02-15,0.5856488872674626
2004-02-16,0.6278255817920692
2004-02-17,0.6419845728483642
2004-02-18,0.58607425824308
2004-02-19,0.5674686192727376
2004-02-20,0.5621854924006842
2004-02-21,0.5621854924006842
2004-02-22,0.5621854924006842
2004-02-23,0.5643303968105869
2004-02-24,0.562388630543614
2004-02-25,0.5638340074308901
2004-02-26,0.5646733286629837
2004-02-27,0.5642747716654675
2004-02-28,0.5642747716654675
2004-02-29,0.5642747716654675
2004-03-01,0.5466209261121835
2004-03-02,0.5485096542623954
2004-03-03,0.5539070102506756
2004-03-04,0.5536569802204158
2004-03-05,0.5479909094093272
2004-03-06,0.5479909094093272
2004-03-07,0.5479909094093272
2004-03-08,0.54769805011324
2004-03-09,0.5502944762976741
2004-03-10,0.5533977140303893
2004-03-11,0.554530326609216
2004-03-12,0.5582587841221169
2004-03-13,0.5582587841221169
2004-03-14,0.5582587841221169
2004-03-15,0.5669086185829101
2004-03-16,0.5726420748144954
2004-03-17,0.5893941825272928
2004-03-18,0.6152060754015348
2004-03-19,0.6156008876085235
2004-03-20,0.6156008876085235
2004-03-21,0.6225573681161259
2004-03-22,0.5638298101894803
2004-03-23,0.5511071144410133
2004-03-24,0.551919029071091
2004-03-25,0.5503438563361926
2004-03-26,0.5632807375412653
2004-03-27,0.5632807375412653
2004-03-28,0.5632807375412653
2004-03-29,0.5632582867060207
2004-03-30,0.5688009785933453
2004-03-31,0.5681343365294113
2004-04-01,0.5688355475327853
2004-04-02,0.5734491779979155
2004-04-03,0.5734491779979155
2004-04-04,0.573456512271037
2004-04-05,0.5752831991067179
2004-04-06,0.5734345542850909
2004-04-07,0.5724710813870498
2004-04-08,0.5730770223218399
2004-04-09,0.5731815383217609
2004-04-10,0.5731815383217609
2004-04-11,0.5731815383217609
2004-04-12,0.5732179940644422
2004-04-13,0.5590715839081867
2004-04-14,0.5604982204301541
2004-04-15,0.5593644285696157
2004-04-16,0.5568365514321754
2004-04-17,0.5568365514321754
2004-04-18,0.5568406574175596
2004-04-19,0.5594106488048242
2004-04-20,0.5677396993003944
2004-04-21,0.568919936533356
2004-04-22,0.5739443199937442
2004-04-23,0.5735382263759151
2004-04-24,0.5735382994086448
2004-04-25,0.5735382994086448
2004-04-26,0.5750078901707779
2004-04-27,0.5749458489694818
2004-04-28,0.5630975655437335
2004-04-29,0.5507601523899778
2004-04-30,0.5476912336335614
2004-05-01,0.5476914349437373
2004-05-02,0.5476913691593657
2004-05-03,0.5506542092178971
2004-05-04,0.5503232312659159
2004-05-05,0.5459456096815021
2004-05-06,0.5476400219976791
2004-05-07,0.49159407688750906
2004-05-08,0.49158171016065916
2004-05-09,0.49158439800814957
2004-05-10,0.5044931689714409
2004-05-11,0.5248044736147153
2004-05-12,0.5360079212474602
2004-05-13,0.5370587568404346
2004-05-14,0.5364315312453813
2004-05-15,0.5364314668134651
2004-05-16,0.536448973484319
2004-05-17,0.5354062788429685
2004-05-18,0.5138567286635203
2004-05-19,0.5235311615933236
2004-05-20,0.5507974403723437
2004-05-21,0.534535950525964
2004-05-22,0.534536082796511
2004-05-23,0.5345224739376763
2004-05-24,0.5348868498059406
2004-05-25,0.5341245516336421
2004-05-26,0.5221988506809849
2004-05-27,0.526484710579242
2004-05-28,0.5272818028614112
2004-05-29,0.527281609053022
2004-05-30,0.5272816992084151
2004-05-31,0.5277722095213903
2004-06-01,0.5274591340769448
2004-06-02,0.5142489857337208
2004-06-03,0.5142160862986576
2004-06-04,0.49740259804573517
2004-06-05,0.497402656727702
2004-06-06,0.4973941261827676
2004-06-07,0.5058133451814615
2004-06-08,0.4987481184902386
2004-06-09,0.500871821946482
2004-06-10,0.5008061905879282
2004-06-11,0.49251378527506046
2004-06-12,0.4924760818762635
2004-06-13,0.4924763698318223
2004-06-14,0.4929057773257029
2004-06-15,0.49919484905536576
2004-06-16,0.49971328389113195
2004-06-17,0.49951775206949456
2004-06-18,0.503026712359305
2004-06-19,0.503026712359305
2004-06-20,0.5030267711873514
2004-06-21,0.5028010343697839
2004-06-22,0.5028366003640566
2004-06-23,0.4980967328693647
2004-06-24,0.5081411016457583
2004-06-25,0.5306896203443291
2004-06-26,0.5306897482073444
2004-06-27,0.5306897482073444
2004-06-28,0.5301408617515345
2004-06-29,0.5251358051555394
2004-06-30,0.5245012303593981
2004-07-01,0.5242166565918726
2004-07-02,0.5228069793552592
2004-07-03,0.5228072276344831
2004-07-04,0.522796141441197
2004-07-05,0.5830854461410336
2004-07-06,0.583631850055393
2004-07-07,0.5759242557875202
2004-07-08,0.5857141511143446
2004-07-09,0.6014486364292214
2004-07-10,0.6014429879367557
2004-07-11,0.6014220897416096
2004-07-12,0.6011725129385
2004-07-13,0.6057265037113699
2004-07-14,0.605684406797556
2004-07-15,0.6235144814996396
2004-07-16,0.6229754110869458
2004-07-17,0.6229756486682901
2004-07-18,0.6229894588561791
2004-07-19,0.6080014829239132
2004-07-20,0.6021266358820241
2004-07-21,0.5968040202226367
2004-07-22,0.59949303749101
2004-07-23,0.6005041159841152
2004-07-24,0.6005043449956887
2004-07-25,0.6004884936968817
2004-07-26,0.602610541675093
2004-07-27,0.5984547787031124
2004-07-28,0.5977729096030061
2004-07-29,0.604438995293041
2004-07-30,0.6040541010265782
2004-07-31,0.6040541010265782
2004-08-01,0.6040569015546576
2004-08-02,0.6038056387326197
2004-08-03,0.6040829372166904
2004-08-04,0.604176737682
2004-08-05,0.6164049382508507
2004-08-06,0.6136203340155709
2004-08-07,0.6136204150818919
2004-08-08,0.6136228086240727
2004-08-09,0.6134158847557656
2004-08-10,0.6156725494939527
2004-08-11,0.6173340068038882
2004-08-12,0.5952870303908421
2004-08-13,0.5941818892581562
2004-08-14,0.5941820324266978
2004-08-15,0.5941818232641257
2004-08-16,0.5597367283543887
2004-08-17,0.5598437750255733
2004-08-18,0.587537579900104
2004-08-19,0.6022536579960673
2004-08-20,0.625585126508027
2004-08-21,0.6255851996690576
2004-08-22,0.6255785801719513
2004-08-23,0.6608994768919633
2004-08-24,0.6736866821590045
2004-08-25,0.635259897455074
2004-08-26,0.6712467111224032
2004-08-27,0.671846517352787
2004-08-28,0.671846442080887
2004-08-29,0.6718419606529181
2004-08-30,0.6904880895260072
2004-08-31,0.698432969063844
2004-09-01,0.6981408590538196
2004-09-02,0.7272483550387876
2004-09-03,0.7423524288671016
2004-09-04,0.7423524288671016
2004-09-05,0.7423549453118835
2004-09-06,0.743300288853448
2004-09-07,0.7181835101075508
2004-09-08,0.7127855077681601
2004-09-09,0.7171728627118247
2004-09-10,0.7215879474544619
2004-09-11,0.7215877000479365
2004-09-12,0.8057280557022916
2004-09-13,0.8043388441638513
2004-09-14,0.8036360709835942
2004-09-15,0.7936980225487668
2004-09-16,0.7931254688903708
2004-09-17,0.8107619268002572
2004-09-18,0.8107622221552497
2004-09-19,0.8107722988975731
2004-09-20,0.7164802260235533
2004-09-21,0.7153478777171162
2004-09-22,0.7355334412567903
2004-09-23,0.7519429079243326
2004-09-24,0.7511532846069842
2004-09-25,0.7511532846069842
2004-09-26,0.7511508712456854
2004-09-27,0.7518511693520888
2004-09-28,0.7685147717409504
2004-09-29,0.8407583109679858
2004-09-30,0.9122419150162863
2004-10-01,0.9155972379853939
2004-10-02,0.915599805836475
2004-10-03,0.9155937328693177
2004-10-04,0.8147128166820993
2004-10-05,0.8269037227621546
2004-10-06,0.8407259518105619
2004-10-07,0.84123446655227
2004-10-08,0.839145199426561
2004-10-09,0.8391449164485327
2004-10-10,0.8391525827526344
2004-10-11,0.8389581067620029
2004-10-12,0.8395148713091695
2004-10-13,0.8399291076073534
2004-10-14,0.8399223879306499
2004-10-15,0.8429027132151158
2004-10-16,0.8429029974603479
2004-10-17,0.842891155674244
2004-10-18,0.842284828975588
2004-10-19,0.8414024606314359
2004-10-20,0.8409746276890725
2004-10-21,0.8395233993028594
2004-10-22,0.8375634056102826
2004-10-23,0.8375636880549857
2004-10-24,0.8375582241726192
2004-10-25,0.8371765400091067
2004-10-26,0.8375736738907933
2004-10-27,0.8384426982831734
2004-10-28,0.8413158769758878
2004-10-29,0.8482489480132234
2004-10-30,0.8482492340613251
2004-10-31,0.8482562598737345
2004-11-01,0.8379730557307965
2004-11-02,0.8378113129768664
2004-11-03,0.8673701219926607
2004-11-04,0.8653587022205876
2004-11-05,0.9146961537654077
2004-11-06,0.9146932742289097
2004-11-07,0.9147175230650711
2004-11-08,0.9138899553762994
2004-11-09,0.9520869156477666
2004-11-10,1.007610549236372
2004-11-11,1.0077408439020394
2004-11-12,1.005695773378567
2004-11-13,1.0056960017206082
2004-11-14,1.0056960017206082
2004-11-15,0.948363634386502
2004-11-16,0.9492937875457658
2004-11-17,0.9472920838965361
2004-11-18,0.8881419662757657
2004-11-19,0.9135499775260202
2004-11-20,0.9135499775260202
2004-11-21,0.9135680552497507
2004-11-22,0.9130822229172139
2004-11-23,0.9120849355039689
2004-11-24,0.8881464525544375
2004-11-25,0.8842985781792537
2004-11-26,0.9093557619639917
2004-11-27,0.9093557619639917
2004-11-28,0.9093529502074031
2004-11-29,0.9092528263642427
2004-11-30,0.9685805927410365
2004-12-01,0.96724191701981
2004-12-02,0.967798933071407
2004-12-03,0.9650794725454426
2004-12-04,0.9650767663029459
2004-12-05,0.9650831521069001
2004-12-06,0.94752523431053
2004-12-07,0.947014993715962
2004-12-08,0.9498308615115659
2004-12-09,0.9510989522385151
2004-12-10,0.9435759397724616
2004-12-11,0.9435797609430984
2004-12-12,0.9435673176274294
2004-12-13,0.9422846678770644
2004-12-14,0.9414423016945702
2004-12-15,0.938686087614634
2004-12-16,0.9402978681202402
2004-12-17,0.9406813086804336
2004-12-18,0.9406818394438672
2004-12-19,0.9406896402314638
2004-12-20,0.9381576460641208
2004-12-21,0.938093710810906
2004-12-22,0.9369316433640412
2004-12-23,0.9363285616394831
2004-12-24,0.9376562985963416
2004-12-25,0.9376564081973595
2004-12-26,0.9376532898013638
2004-12-27,0.9345380848755022
2004-12-28,0.9012483250350829
2004-12-29,0.8703933487653132
2004-12-30,0.8695049336286798
2004-12-31,0.8830017108417056
2005-01-01,0.8830017108417056
2005-01-02,0.88298334101633
2005-01-03,0.8910120036895741
2005-01-04,0.8944617867480589
2005-01-05,0.88015809067912
2005-01-06,0.8676233548761031
2005-01-07,0.870022286978027
2005-01-08,0.8700225804011366
2005-01-09,0.870013513269225
2005-01-10,0.8655448078835778
2005-01-11,0.8657395703963773
2005-01-12,0.862942514318409
2005-01-13,0.8630546773978411
2005-01-14,0.907650231796871
2005-01-15,0.9076504379004418
2005-01-16,0.9076292651060609
2005-01-17,0.9090125779821607
2005-01-18,0.9102935277595143
2005-01-19,0.9133278304140996
2005-01-20,0.924303450146789
2005-01-21,0.9218364729097345
2005-01-22,0.9218392911226719
2005-01-23,0.9218270384778163
2005-01-24,0.9220374022660097
2005-01-25,0.9227178968054671
2005-01-26,0.9212770747890526
2005-01-27,0.9275732245370455
2005-01-28,0.9300989545206441
2005-01-29,0.9300986408362311
2005-01-30,0.9300974554004481
2005-01-31,0.931487341212848
2005-02-01,0.9376501713143546
2005-02-02,0.9304286914356831
2005-02-03,0.9316020526437897
2005-02-04,0.92293651191249
2005-02-05,0.9229367152982296
2005-02-06,0.9229353673896039
2005-02-07,0.9149509642799551
2005-02-08,0.9157814307507253
2005-02-09,0.9151757696210783
2005-02-10,0.9140426489744714
2005-02-11,0.9289998901539597
2005-02-12,0.929000305827435
2005-02-13,0.9290016927061023
2005-02-14,0.9343724871773045
2005-02-15,0.9268770363212642
2005-02-16,0.9272364743308825
2005-02-17,0.9258930082457119
2005-02-18,0.9246062062148868
2005-02-19,0.924606518101921
2005-02-20,0.9246066432103935
2005-02-21,0.9252201515169296
2005-02-22,0.9224219867717812
2005-02-23,0.9230124922659472
2005-02-24,0.9227922513515664
2005-02-25,0.9169382016213523
2005-02-26,0.9169382016213523
2005-02-27,0.9169429020606162
2005-02-28,0.9165961749965245
2005-03-01,0.920994329573644
2005-03-02,0.9256615386628795
2005-03-03,0.9267252077017597
2005-03-04,0.9202194534987047
2005-03-05,0.9202198715232827
2005-03-06,0.9202141719723567
2005-03-07,0.9215973390220298
2005-03-08,0.9144529524719278
2005-03-09,0.9131735340333147
2005-03-10,0.921789288295567
2005-03-11,0.9208846913101366
2005-03-12,0.9208843806758505
2005-03-13,0.9208843806758505
2005-03-14,0.9230945145124015
2005-03-15,0.9252751285467445
2005-03-16,0.9219628657435789
2005-03-17,0.9271333715638849
2005-03-18,0.9274150088857598
2005-03-19,0.9274182701269333
2005-03-20,0.9274183723122483
2005-03-21,0.9303822444314773
2005-03-22,0.9714427427927624
2005-03-23,0.9592535531419976
2005-03-24,0.9599872014308628
2005-03-25,0.9597926757239444
2005-03-26,0.9597928937275934
2005-03-27,0.9597928937275934
2005-03-28,0.9635342540457364
2005-03-29,0.9379705001619779
2005-03-30,0.9621521500560679
2005-03-31,0.9680927119865788
2005-04-01,0.9684471113190307
2005-04-02,0.9684471113190307
2005-04-03,0.9684471113190307
2005-04-04,0.9698149529689161
2005-04-05,0.9697348185980096
2005-04-06,0.9693116205799243
2005-04-07,0.9690537638158028
2005-04-08,0.9367942775158833
2005-04-09,0.9367936394921713
2005-04-10,0.9367986419375313
2005-04-11,0.9360662630002435
2005-04-12,0.9365415416837947
2005-04-13,0.936578533194822
2005-04-14,0.9489007975905219
2005-04-15,0.9487830779947658
2005-04-16,0.9487833980398886
2005-04-17,0.9487833980398886
2005-04-18,0.9479729731576414
2005-04-19,0.94589826398041
2005-04-20,0.9446327659442617
2005-04-21,0.9449182163462684
2005-04-22,0.9372524371346501
2005-04-23,0.9372596622806547
2005-04-24,0.9372596622806547
2005-04-25,0.9379501063305843
2005-04-26,0.9387061755998327
2005-04-27,0.939147250861355
2005-04-28,0.9399789738646891
2005-04-29,0.9395404353314403
2005-04-30,0.9395407522588309
2005-05-01,0.9395406487350716
2005-05-02,0.9395490751410128
2005-05-03,0.9392880559540008
2005-05-04,0.9377353318752433
2005-05-05,0.9185687520007669
2005-05-06,0.9190073562107355
2005-05-07,0.9190100556815366
2005-05-08,0.9190099544226633
2005-05-09,0.9181653871622175
2005-05-10,0.9175732038157125
2005-05-11,0.9191348781843248
2005-05-12,0.9218461657919677
2005-05-13,0.9176312620652392
2005-05-14,0.9176208785198423
2005-05-15,0.9176208785198423
2005-05-16,0.919614957700012
2005-05-17,0.9188654335965244
2005-05-18,0.9103736021315003
2005-05-19,0.900767794617937
2005-05-20,0.9139489969597944
2005-05-21,0.9139489969597944
2005-05-22,0.9139489969597944
2005-05-23,0.9250293228094704
2005-05-24,0.9250567437943988
2005-05-25,0.9272306145031365
2005-05-26,0.9292328185116203
2005-05-27,0.9280650796018223
2005-05-28,0.9280673869489641
2005-05-29,0.9280673869489641
2005-05-30,0.9304547227510446
2005-05-31,0.9334777887486531
2005-06-01,0.9288439285653982
2005-06-02,0.9275471398980252
2005-06-03,0.9280428502966903
2005-06-04,0.9280402238520123
2005-06-05,0.9280402238520123
2005-06-06,0.9287089451016992
2005-06-07,0.9270596587532477
2005-06-08,0.9284510732685595
2005-06-09,0.9293957473865169
2005-06-10,0.9308966475752114
2005-06-11,0.9309029783878386
2005-06-12,0.9309046360952258
2005-06-13,0.9328180536727393
2005-06-14,0.9196993588250386
2005-06-15,0.9177509429610877
2005-06-16,0.9216189537362481
2005-06-17,0.9189203729952014
2005-06-18,0.9189277605631986
2005-06-19,0.9189315580554072
2005-06-20,0.9199598154250357
2005-06-21,0.920016805524151
2005-06-22,0.9211393446950081
2005-06-23,0.9226545578395671
2005-06-24,0.9226154794625671
2005-06-25,0.9226220650766445
2005-06-26,0.922626268016247
2005-06-27,0.9213973246626121
2005-06-28,0.921467657629666
2005-06-29,0.9260804567779571
2005-06-30,0.9256448636116855
2005-07-01,0.9287261562631031
2005-07-02,0.9287276323679501
2005-07-03,0.9287274277060802
2005-07-04,0.9286556290003689
2005-07-05,0.9312123149379526
2005-07-06,0.9317666514806008
2005-07-07,0.9319118632260273
2005-07-08,0.9283863768863734
2005-07-09,0.92839067678852
2005-07-10,0.9283898585037796
2005-07-11,0.925753267375892
2005-07-12,0.9219105178888223
2005-07-13,0.9248841983943678
2005-07-14,0.924713453339775
2005-07-15,0.9251074835986572
2005-07-16,0.9251083052678566
2005-07-17,0.9251135132569759
2005-07-18,0.9233558122341636
2005-07-19,0.9254722667667922
2005-07-20,0.9243294488792657
2005-07-21,0.9223925030204122
2005-07-22,0.9237145942213175
2005-07-23,0.9237147977785246
2005-07-24,0.9237147977785246
2005-07-25,0.9238493478234255
2005-07-26,0.9249617339878513
2005-07-27,0.9249364857608596
2005-07-28,0.9227973866209581
2005-07-29,0.9227176678621732
2005-07-30,0.9227186186052382
2005-07-31,0.9227186186052382
2005-08-01,0.9136295546416077
2005-08-02,0.9079268418177247
2005-08-03,0.9006911274679764
2005-08-04,0.904171070504475
2005-08-05,0.9154474244268666
2005-08-06,0.9154516828420003
2005-08-07,0.9154516828420003
2005-08-08,0.9061530705780131
2005-08-09,0.8966783266710848
2005-08-10,0.9053069343154346
2005-08-11,0.9131489774574026
2005-08-12,0.9134566060830243
2005-08-13,0.9134543290465994
2005-08-14,0.9134543290465994
2005-08-15,0.8808450312518394
2005-08-16,0.9090389063793117
2005-08-17,0.9169103950926065
2005-08-18,0.9140650942890356
2005-08-19,0.9152276120480664
2005-08-20,0.9152324822906736
2005-08-21,0.9152324822906736
2005-08-22,0.9119784918071595
2005-08-23,0.9122570218122054
2005-08-24,0.9097870637389393
2005-08-25,0.9122471564890171
2005-08-26,0.9119129970920131
2005-08-27,0.9119078369071352
2005-08-28,0.9119108750556905
2005-08-29,0.9137087927702359
2005-08-30,0.8982287626462573
2005-08-31,0.9104331216740313
2005-09-01,0.8917578779618387
2005-09-02,0.8965339432529091
2005-09-03,0.8965384099190843
2005-09-04,0.8965432222784373
2005-09-05,0.8957310328645361
2005-09-06,0.8889741006486285
2005-09-07,0.8809694302184766
2005-09-08,0.8531739161268241
2005-09-09,0.8500578050551851
2005-09-10,0.8500578050551851
2005-09-11,0.8500584415299132
2005-09-12,0.8515650063928671
2005-09-13,0.8584045057244575
2005-09-14,0.8618513907243137
2005-09-15,0.863949988853495
2005-09-16,0.8695704580362867
2005-09-17,0.8695769582325376
2005-09-18,0.8695768624254364
2005-09-19,0.8634963677194931
2005-09-20,0.8919264806698971
2005-09-21,0.8775254024560422
2005-09-22,0.8575934401624844
2005-09-23,0.8629412264955034
2005-09-24,0.8629509893800051
2005-09-25,0.8629509893800051
2005-09-26,0.8510112871714819
2005-09-27,0.8540518349836903
2005-09-28,0.8509716488495237
2005-09-29,0.8478810304240689
2005-09-30,0.8598552301891188
2005-10-01,0.8598569117639284
2005-10-02,0.859857858861089
2005-10-03,0.85130759630232
2005-10-04,0.8522223117862096
2005-10-05,0.8414457034679743
2005-10-06,0.8481988916138985
2005-10-07,0.8367936587279762
2005-10-08,0.8367938487053344
2005-10-09,0.8368028514817277
2005-10-10,0.8425971395681341
2005-10-11,0.8549945002498188
2005-10-12,0.8469117112354694
2005-10-13,0.83594558009304
2005-10-14,0.8324223214563118
2005-10-15,0.832422401970065
2005-10-16,0.832422401970065
2005-10-17,0.8314431563192314
2005-10-18,0.8309912474223334
2005-10-19,0.8284799145097073
2005-10-20,0.8206933484683913
2005-10-21,0.826389266159942
2005-10-22,0.8263916049224599
2005-10-23,0.8263916049224599
2005-10-24,0.8180140791276347
2005-10-25,0.8165027253942145
2005-10-26,0.815852826633332
2005-10-27,0.8015520560665407
2005-10-28,0.8041139778382492
2005-10-29,0.8041088703097019
2005-10-30,0.8041085159383259
2005-10-31,0.8019172974728925
2005-11-01,0.8019802217691187
2005-11-02,0.804182833235284
2005-11-03,0.7857404488830592
2005-11-04,0.8069646012706461
2005-11-05,0.8069676177721435
2005-11-06,0.8069674399517693
2005-11-07,0.7884505470619101
2005-11-08,0.78444817361822
2005-11-09,0.784848374912543
2005-11-10,0.7871622879098399
2005-11-11,0.7864922208539026
2005-11-12,0.7864953393712903
2005-11-13,0.7864953393712903
2005-11-14,0.7948784759182859
2005-11-15,0.8219190924184706
2005-11-16,0.8077635049611084
2005-11-17,0.83532866766141
2005-11-18,0.8342329082946813
2005-11-19,0.834232816376777
2005-11-20,0.834232816376777
2005-11-21,0.8348979051499268
2005-11-22,0.80889693135815
2005-11-23,0.8062835395741224
2005-11-24,0.8199298316312431
2005-11-25,0.8122013001242119
2005-11-26,0.8122013896146338
2005-11-27,0.8122013001242119
2005-11-28,0.8023351720107386
2005-11-29,0.807142176293222
2005-11-30,0.8043182092067955
2005-12-01,0.8050090778773198
2005-12-02,0.8063850243532702
2005-12-03,0.8063836985967517
2005-12-04,0.8063835209003152
2005-12-05,0.8088988971380595
2005-12-06,0.8155270483456417
2005-12-07,0.8128518345932872
2005-12-08,0.8135690713832388
2005-12-09,0.8129670069150375
2005-12-10,0.8129688916481941
2005-12-11,0.8129658815451163
2005-12-12,0.8101285001455436
2005-12-13,0.8097003463257373
2005-12-14,0.8062543331752068
2005-12-15,0.8147062596875998
2005-12-16,0.8050580685172972
2005-12-17,0.805059386656797
2005-12-18,0.8050621932537557
2005-12-19,0.8119395936640325
2005-12-20,0.8130159243241014
2005-12-21,0.8127136139232735
2005-12-22,0.8014593104997226
2005-12-23,0.8045811753937222
2005-12-24,0.8045813580378076
2005-12-25,0.8045818446641082
2005-12-26,0.8072288426515266
2005-12-27,0.7971693386857089
2005-12-28,0.7882641110991049
2005-12-29,0.7866506381091917
2005-12-30,0.7810246515656961
2005-12-31,0.7810245655104076
2006-01-01,0.7810246515656961
2006-01-02,0.7812909449494941
2006-01-03,0.7731348792905316
2006-01-04,0.7526019254311899
2006-01-05,0.7569799618719282
2006-01-06,0.7643081980715333
2006-01-07,0.7643083715782146
2006-01-08,0.764304247585641
2006-01-09,0.7660942655641819
2006-01-10,0.7678743267140878
2006-01-11,0.7646682744025287
2006-01-12,0.7672871669388783
2006-01-13,0.7743935562966182
2006-01-14,0.774393641621277
2006-01-15,0.7743922476021513
2006-01-16,0.7756454588551804
2006-01-17,0.7708860116310393
2006-01-18,0.7567262165091492
2006-01-19,0.7529391743471534
2006-01-20,0.7632746375988569
2006-01-21,0.7632746375988569
2006-01-22,0.7632753527794454
2006-01-23,0.7556400090748963
2006-01-24,0.7628431694832499
2006-01-25,0.7625185896689173
2006-01-26,0.7592783524882489
2006-01-27,0.7629163693443561
2006-01-28,0.7629133449520527
2006-01-29,0.7629123777628727
2006-01-30,0.7620546768215815
2006-01-31,0.7595054279715399
2006-02-01,0.7633254834036921
2006-02-02,0.7659756551690913
2006-02-03,0.7655636958967982
2006-02-04,0.7655637802530663
2006-02-05,0.7654953698765087
2006-02-06,0.765817000505647
2006-02-07,0.7653743023854722
2006-02-08,0.7536896853999379
2006-02-09,0.7552100758808596
2006-02-10,0.7673539666659113
2006-02-11,0.7673541409597694
2006-02-12,0.7673552498526217
2006-02-13,0.7725290879687614
2006-02-14,0.7679739104912228
2006-02-15,0.7693581062750453
2006-02-16,0.7673062695552189
2006-02-17,0.793134691180219
2006-02-18,0.7931346858616847
2006-02-19,0.7931346858616847
2006-02-20,0.7683685979286052
2006-02-21,0.7703011009786561
2006-02-22,0.7709989981228212
2006-02-23,0.7702830634872792
2006-02-24,0.8230152700421504
2006-02-25,0.82301372768452
2006-02-26,0.8230104025270799
2006-02-27,0.8409638211181364
2006-02-28,0.8393298304340767
2006-03-01,0.8402345266396712
2006-03-02,0.8084706264061565
2006-03-03,0.8125689227571987
2006-03-04,0.812565931906901
2006-03-05,0.8125643576655313
2006-03-06,0.8089286841774902
2006-03-07,0.8072858243191767
2006-03-08,0.8104676734761296
2006-03-09,0.8056677281695628
2006-03-10,0.8030809148098974
2006-03-11,0.8030807324863871
2006-03-12,0.8030803785492407
2006-03-13,0.8028135215973534
2006-03-14,0.806074396729663
2006-03-15,0.7942330670008148
2006-03-16,0.8082020108309497
2006-03-17,0.8132044512719794
2006-03-18,0.8132044512719794
2006-03-19,0.8132000672662514
2006-03-20,0.8107538543900474
2006-03-21,0.837514346328488
2006-03-22,0.8278969475378101
2006-03-23,0.8260203618183721
2006-03-24,0.8195015597755838
2006-03-25,0.8195052300146127
2006-03-26,0.8195052300146127
2006-03-27,0.8214961278376451
2006-03-28,0.8265313357006204
2006-03-29,0.8141581812104698
2006-03-30,0.812677196902544
2006-03-31,0.8195601150743898
2006-04-01,0.8195614174575108
2006-04-02,0.8195614174575108
2006-04-03,0.8127385238100707
2006-04-04,0.8169835266136395
2006-04-05,0.8096833009621778
2006-04-06,0.8179435477450524
2006-04-07,0.8224174117649682
2006-04-08,0.8224178757650025
2006-04-09,0.8224177851561497
2006-04-10,0.8121340555746355
2006-04-11,0.8160759510183485
2006-04-12,0.8166772488350531
2006-04-13,0.8291632471999114
2006-04-14,0.8284397379027728
2006-04-15,0.8284414160163404
2006-04-16,0.8284393607974927
2006-04-17,0.8273797261677871
2006-04-18,0.8177443261294727
2006-04-19,0.8207707463994999
2006-04-20,0.8141988312383815
2006-04-21,0.8129365163971428
2006-04-22,0.8129368854736975
2006-04-23,0.8129367959165691
2006-04-24,0.8145333661053568
2006-04-25,0.8016391100863846
2006-04-26,0.8171556645831425
2006-04-27,0.8112655493431593
2006-04-28,0.8062372220829745
2006-04-29,0.806237954173356
2006-04-30,0.8062393165533274
2006-05-01,0.8022209767616241
2006-05-02,0.8082797345690534
2006-05-03,0.8033538316462914
2006-05-04,0.7999756047900516
2006-05-05,0.7955889575781978
2006-05-06,0.7955886069615565
2006-05-07,0.7955900341633033
2006-05-08,0.8064996429623595
2006-05-09,0.7946881873410417
2006-05-10,0.7955447444945053
2006-05-11,0.7969306855081664
2006-05-12,0.7795724581425797
2006-05-13,0.779572187867257
2006-05-14,0.7795734875192366
2006-05-15,0.7734513277738689
2006-05-16,0.7796616228743386
2006-05-17,0.7788978225566129
2006-05-18,0.7793323415336801
2006-05-19,0.7801642900747677
2006-05-20,0.780163667608709
2006-05-21,0.7801607210783724
2006-05-22,0.7798100136505308
2006-05-23,0.7839370192099958
2006-05-24,0.7859078629308398
2006-05-25,0.780930464501012
2006-05-26,0.7812479029899444
2006-05-27,0.7812480765867175
2006-05-28,0.7812479029899444
2006-05-29,0.7804114999009361
2006-05-30,0.7842351827031969
2006-05-31,0.7770509986408114
2006-06-01,0.7823795881982609
2006-06-02,0.7689048358880246
2006-06-03,0.7689051024565771
2006-06-04,0.7689057695501923
2006-06-05,0.7877522553072775
2006-06-06,0.7754379657216354
2006-06-07,0.7793805144325932
2006-06-08,0.7826310667703545
2006-06-09,0.7820290205159846
2006-06-10,0.7820290205159846
2006-06-11,0.7820287598779139
2006-06-12,0.7819938901707659
2006-06-13,0.7762449618212502
2006-06-14,0.7765290995372159
2006-06-15,0.7569607606089302
2006-06-16,0.7545340684749856
2006-06-17,0.7545340684749856
2006-06-18,0.7545340684749856
2006-06-19,0.755738739189121
2006-06-20,0.7557710306974615
2006-06-21,0.7607915852159897
2006-06-22,0.7635559386411707
2006-06-23,0.7645570688131592
2006-06-24,0.7645568109895695
2006-06-25,0.7645565582806236
2006-06-26,0.764273166195406
2006-06-27,0.7620673389297722
2006-06-28,0.7623964381752263
2006-06-29,0.7598463019779599
2006-06-30,0.7580201362927738
2006-07-01,0.7580201362927738
2006-07-02,0.7580203868679616
2006-07-03,0.7561994738785462
2006-07-04,0.773686885616141
2006-07-05,0.7760824976161949
2006-07-06,0.7744263096543357
2006-07-07,0.772030261254571
2006-07-08,0.7720284199461042
2006-07-09,0.77202778524283
2006-07-10,0.7733559233840488
2006-07-11,0.7728722368147884
2006-07-12,0.7743040820062588
2006-07-13,0.7774199388701214
2006-07-14,0.7774017106699969
2006-07-15,0.777401800753287
2006-07-16,0.777401800753287
2006-07-17,0.7795942199713212
2006-07-18,0.7819149208576096
2006-07-19,0.783186729516179
2006-07-20,0.7827139185419627
2006-07-21,0.7817116379320719
2006-07-22,0.7817117284903334
2006-07-23,0.7817117284903334
2006-07-24,0.7785329427071193
2006-07-25,0.7799298659348652
2006-07-26,0.7798883774671603
2006-07-27,0.7775381032658876
2006-07-28,0.7702531579549043
2006-07-29,0.7702541041686766
2006-07-30,0.7702539358295849
2006-07-31,0.7711473168139246
2006-08-01,0.7712534181076651
2006-08-02,0.7711752067689843
2006-08-03,0.7732800203727267
2006-08-04,0.7523288822581105
2006-08-05,0.7523295604048981
2006-08-06,0.7523293946199417
2006-08-07,0.7543871394087985
2006-08-08,0.7557511285333431
2006-08-09,0.7495142690751101
2006-08-10,0.7513062046667293
2006-08-11,0.7527794165064969
2006-08-12,0.7527794165064969
2006-08-13,0.7527856408286334
2006-08-14,0.7541690006658734
2006-08-15,0.7528553724610457
2006-08-16,0.7502734269147223
2006-08-17,0.7529715868021257
2006-08-18,0.7534124168147072
2006-08-19,0.7534136919980949
2006-08-20,0.7534136919980949
2006-08-21,0.7530326073758933
2006-08-22,0.7531429497050833
2006-08-23,0.7540624718128859
2006-08-24,0.7548799781256434
2006-08-25,0.758887958614879
2006-08-26,0.7588891645161343
2006-08-27,0.758889842159735
2006-08-28,0.7584735545870857
2006-08-29,0.7573666592066707
2006-08-30,0.7566323464074266
2006-08-31,0.7551389805502231
2006-09-01,0.7540305609740544
2006-09-02,0.7540305609740544
2006-09-03,0.7540304778952581
2006-09-04,0.7531737765687258
2006-09-05,0.7570023023332824
2006-09-06,0.7585717889974437
2006-09-07,0.7581414482985052
2006-09-08,0.7558543972817466
2006-09-09,0.7558543972817466
2006-09-10,0.7558516765850072
2006-09-11,0.7564147039486363
2006-09-12,0.7538562113608447
2006-09-13,0.756383777446896
2006-09-14,0.7522722966897457
2006-09-15,0.7542043748429736
2006-09-16,0.7542044629414115
2006-09-17,0.754204379843454
2006-09-18,0.7518931666063039
2006-09-19,0.7520307929745224
2006-09-20,0.7500527088429945
2006-09-21,0.7503665685644683
2006-09-22,0.7504293873687817
2006-09-23,0.7504294650428635
2006-09-24,0.7504284064046772
2006-09-25,0.7514915181821875
2006-09-26,0.7487452298600265
2006-09-27,0.7378412635504144
2006-09-28,0.7373654358203884
2006-09-29,0.7395832704271542
2006-09-30,0.7395846086289959
2006-10-01,0.7395855951707001
2006-10-02,0.7393404097026721
2006-10-03,0.7399931513125125
2006-10-04,0.7485958188762672
2006-10-05,0.7475416548781403
2006-10-06,0.7486572705132585
2006-10-07,0.7486579453460678
2006-10-08,0.7486577803745965
2006-10-09,0.7668273412764735
2006-10-10,0.7677507477018695
2006-10-11,0.7659205423072946
2006-10-12,0.7647823832129956
2006-10-13,0.758351394758636
2006-10-14,0.758351394758636
2006-10-15,0.758351394758636
2006-10-16,0.7588319865903917
2006-10-17,0.7593689156830767
2006-10-18,0.7640870366561345
2006-10-19,0.7576786910535604
2006-10-20,0.75813098414207
2006-10-21,0.75813098414207
2006-10-22,0.75813098414207
2006-10-23,0.7594804148505684
2006-10-24,0.7658674428245764
2006-10-25,0.7590125534021256
2006-10-26,0.7605063136394289
2006-10-27,0.7564971449382111
2006-10-28,0.7564979965677361
2006-10-29,0.7564958404885678
2006-10-30,0.7575595640486029
2006-10-31,0.7576417779700608
2006-11-01,0.7529326843564003
2006-11-02,0.7532613632792393
2006-11-03,0.7543654930563745
2006-11-04,0.7543654930563745
2006-11-05,0.7543672201231875
2006-11-06,0.753069894059838
2006-11-07,0.7524342365150676
2006-11-08,0.7545283755428698
2006-11-09,0.7511564931448903
2006-11-10,0.7495022837804582
2006-11-11,0.7495020281977521
2006-11-12,0.7495057839030407
2006-11-13,0.7516619796681399
2006-11-14,0.750452734994514
2006-11-15,0.7511565785211776
2006-11-16,0.7505195002077473
2006-11-17,0.750509150984574
2006-11-18,0.7505087260949106
2006-11-19,0.750509719272397
2006-11-20,0.7531964883342913
2006-11-21,0.7520851017628734
2006-11-22,0.7483314585201163
2006-11-23,0.7495700988077504
2006-11-24,0.7492092032126836
2006-11-25,0.7492092032126836
2006-11-26,0.7492092032126836
2006-11-27,0.747859981259725
2006-11-28,0.7566090156954259
2006-11-29,0.757077263740341
2006-11-30,0.7553272155007005
2006-12-01,0.75368724837529
2006-12-02,0.7536886419755361
2006-12-03,0.7536886419755361
2006-12-04,0.7620068286113681
2006-12-05,0.7658425609794175
2006-12-06,0.7744184844233982
2006-12-07,0.777108188821894
2006-12-08,0.7732049070049728
2006-12-09,0.7732049070049728
2006-12-10,0.7732094497290276
2006-12-11,0.7734310725786152
2006-12-12,0.7718377462719305
2006-12-13,0.7695124370451042
2006-12-14,0.7683468453389476
2006-12-15,0.7720391129870847
2006-12-16,0.7720391129870847
2006-12-17,0.77204345758273
2006-12-18,0.7723331839245107
2006-12-19,0.7716157860172507
2006-12-20,0.767178595651959
2006-12-21,0.762875035088569
2006-12-22,0.7573420630523101
2006-12-23,0.7573423940955757
2006-12-24,0.757346521728299
2006-12-25,0.7559022305711047
2006-12-26,0.7573505936068408
2006-12-27,0.7568222718626706
2006-12-28,0.7540197657945009
2006-12-29,0.7574055760408852
2006-12-30,0.7574055760408852
2006-12-31,0.7574054932720458
2007-01-01,0.7506091655829971
2007-01-02,0.7528792238751447
2007-01-03,0.7530207852332353
2007-01-04,0.7488421252874315
2007-01-05,0.7528217246451331
2007-01-06,0.7528230216845007
2007-01-07,0.7528233507348847
2007-01-08,0.743819483294097
2007-01-09,0.7462129179823916
2007-01-10,0.7470903051551259
2007-01-11,0.7544695237705736
2007-01-12,0.7538629677461062
2007-01-13,0.7538629677461062
2007-01-14,0.7538642389788022
2007-01-15,0.7568554068413353
2007-01-16,0.7599748515865307
2007-01-17,0.757919821786498
2007-01-18,0.7566730399844475
2007-01-19,0.7509753106908469
2007-01-20,0.7509753106908469
2007-01-21,0.7509753106908469
2007-01-22,0.7512542490632241
2007-01-23,0.7539083790792916
2007-01-24,0.7562088583614837
2007-01-25,0.7506202406993615
2007-01-26,0.7595165632810423
2007-01-27,0.7595138138254636
2007-01-28,0.7595138138254636
2007-01-29,0.7597870526517181
2007-01-30,0.7504061982664842
2007-01-31,0.7544974213005042
2007-02-01,0.7497258242323358
2007-02-02,0.751049747641072
2007-02-03,0.7510474490656887
2007-02-04,0.7510463948276466
2007-02-05,0.7585184595886534
2007-02-06,0.7564226214556011
2007-02-07,0.7573430106968205
2007-02-08,0.7573014616235527
2007-02-09,0.7590212440100034
2007-02-10,0.7590212440100034
2007-02-11,0.7590214085367614
2007-02-12,0.7626924244736941
2007-02-13,0.7578726345746344
2007-02-14,0.7526307297805256
2007-02-15,0.7529450840867346
2007-02-16,0.7560796205428914
2007-02-17,0.7560797893999918
2007-02-18,0.7560787100914649
2007-02-19,0.7553819702011532
2007-02-20,0.7565596861480871
2007-02-21,0.7567585299800276
2007-02-22,0.7548972418645118
2007-02-23,0.7575131979675325
2007-02-24,0.7575131979675325
2007-02-25,0.7575176291268312
2007-02-26,0.7545161181401235
2007-02-27,0.7630585964045582
2007-02-28,0.7611110412782871
2007-03-01,0.7600561509238898
2007-03-02,0.7600110310067203
2007-03-03,0.7600110310067203
2007-03-04,0.760010087623422
2007-03-05,0.7634980406731354
2007-03-06,0.7696654687752097
2007-03-07,0.7644710426860043
2007-03-08,0.7688339528061017
2007-03-09,0.7682445563960604
2007-03-10,0.7682448945953883
2007-03-11,0.7682444541637768
2007-03-12,0.7647511851108484
2007-03-13,0.7663939719453946
2007-03-14,0.7683646503818986
2007-03-15,0.7610613715444344
2007-03-16,0.7636934559380936
2007-03-17,0.7636935380567684
2007-03-18,0.7636984248348961
2007-03-19,0.7601030405712533
2007-03-20,0.7583736108607522
2007-03-21,0.7561876721026773
2007-03-22,0.7566746986518684
2007-03-23,0.7599172375868383
2007-03-24,0.7599172375868383
2007-03-25,0.7599172375868383
2007-03-26,0.7533340394664436
2007-03-27,0.758100664267083
2007-03-28,0.7609593610909257
2007-03-29,0.7599258864694657
2007-03-30,0.7625137068884911
2007-03-31,0.7625196360709524
2007-04-01,0.7625196360709524
2007-04-02,0.763575382479389
2007-04-03,0.7644855583364292
2007-04-04,0.763280322129046
2007-04-05,0.7645017654961328
2007-04-06,0.7649469999687509
2007-04-07,0.7649467532610383
2007-04-08,0.7649467532610383
2007-04-09,0.7632967606294965
2007-04-10,0.7596361721166011
2007-04-11,0.7606739184139578
2007-04-12,0.7603549454450689
2007-04-13,0.7622473561864952
2007-04-14,0.7622473561864952
2007-04-15,0.7622439572027582
2007-04-16,0.7673720456975075
2007-04-17,0.765311737879365
2007-04-18,0.7615617624929605
2007-04-19,0.762257544097815
2007-04-20,0.765737853784537
2007-04-21,0.765737853784537
2007-04-22,0.7657392112940621
2007-04-23,0.7589355328739253
2007-04-24,0.7509722441467027
2007-04-25,0.7566513310474116
2007-04-26,0.7485722739944086
2007-04-27,0.7476742221128768
2007-04-28,0.7476742221128768
2007-04-29,0.7476788904213233
2007-04-30,0.7501634531895247
2007-05-01,0.7512331876503029
2007-05-02,0.751941469888008
2007-05-03,0.7555789234418401
2007-05-04,0.7544667762168804
2007-05-05,0.7544663657336778
2007-05-06,0.7544663657336778
2007-05-07,0.7544710086199425
2007-05-08,0.7566411925465976
2007-05-09,0.7567527689318059
2007-05-10,0.756251044479018
2007-05-11,0.7566397756810862
2007-05-12,0.7566397756810862
2007-05-13,0.7566397756810862
2007-05-14,0.7572582581316533
2007-05-15,0.7581054020527399
2007-05-16,0.7605298464278809
2007-05-17,0.7648208209489034
2007-05-18,0.7627170542498906
2007-05-19,0.7627170542498906
2007-05-20,0.7627170542498906
2007-05-21,0.7637710009898017
2007-05-22,0.7638066365260171
2007-05-23,0.7617981971007999
2007-05-24,0.763501060076775
2007-05-25,0.7688768619230253
2007-05-26,0.7688768619230253
2007-05-27,0.7688770272685006
2007-05-28,0.7678756026758938
2007-05-29,0.7683146314957094
2007-05-30,0.7560899927115681
2007-05-31,0.758901702575491
2007-06-01,0.7589228079384999
2007-06-02,0.7589228079384999
2007-06-03,0.7589213852626943
2007-06-04,0.7591925309113863
2007-06-05,0.7596340303817896
2007-06-06,0.762411364533366
2007-06-07,0.7735282259147466
2007-06-08,0.7716406778779734
2007-06-09,0.7716405068978219
2007-06-10,0.7716444413761966
2007-06-11,0.7682603110370186
2007-06-12,0.7694784617394274
2007-06-13,0.7621657440777893
2007-06-14,0.7673104981428767
2007-06-15,0.7610675568380699
2007-06-16,0.7610653390698324
2007-06-17,0.7610601145685087
2007-06-18,0.7616206086381153
2007-06-19,0.7601402650211678
2007-06-20,0.7539571065182131
2007-06-21,0.7575608844944783
2007-06-22,0.7573525003589102
2007-06-23,0.7573533392920355
2007-06-24,0.7573533392920355
2007-06-25,0.7602845341070569
2007-06-26,0.7628941203054179
2007-06-27,0.7637381929852872
2007-06-28,0.7400343765402504
2007-06-29,0.738269911807946
2007-06-30,0.7382725527105015
2007-07-01,0.7382728141751708
2007-07-02,0.7362537238341502
2007-07-03,0.7372816744534156
2007-07-04,0.7370630453978928
2007-07-05,0.7387959537077862
2007-07-06,0.7374445365649414
2007-07-07,0.7374445365649414
2007-07-08,0.7374445365649414
2007-07-09,0.7329181049832431
2007-07-10,0.7316969876265531
2007-07-11,0.7342919958707882
2007-07-12,0.732087199937439
2007-07-13,0.7314590427738098
2007-07-14,0.7314596862061564
2007-07-15,0.731456938297238
2007-07-16,0.7316080786619302
2007-07-17,0.7312679597034709
2007-07-18,0.7302248736413204
2007-07-19,0.7353046327316323
2007-07-20,0.738491388877938
2007-07-21,0.7384914682782098
2007-07-22,0.738486137064812
2007-07-23,0.7385851857724565
2007-07-24,0.7379627947720279
2007-07-25,0.7412037557562691
2007-07-26,0.7428828503950887
2007-07-27,0.7425741746188937
2007-07-28,0.7425726414217693
2007-07-29,0.7425720061059917
2007-07-30,0.7431635976003373
2007-07-31,0.7449326401669631
2007-08-01,0.7461102996923087
2007-08-02,0.7495841462684535
2007-08-03,0.7487348002166089
2007-08-04,0.7487396702361697
2007-08-05,0.7487404448649817
2007-08-06,0.7495478960207538
2007-08-07,0.7501535163285156
2007-08-08,0.7486306811713745
2007-08-09,0.7514507720935953
2007-08-10,0.7446283528954252
2007-08-11,0.7446282728502743
2007-08-12,0.74462694251916
2007-08-13,0.7488408760107079
2007-08-14,0.7443759686445319
2007-08-15,0.748305766966208
2007-08-16,0.7480826143087418
2007-08-17,0.7466956315761115
2007-08-18,0.746697764842846
2007-08-19,0.746704487278912
2007-08-20,0.7464751680069098
2007-08-21,0.7497581284607676
2007-08-22,0.7473953495332006
2007-08-23,0.7458438999075564
2007-08-24,0.7452694044140877
2007-08-25,0.7452694044140877
2007-08-26,0.7452679194691421
2007-08-27,0.7458394286855677
2007-08-28,0.7476999659615574
2007-08-29,0.7462536369735646
2007-08-30,0.7394002263432412
2007-08-31,0.7394974566033292
2007-09-01,0.7394974566033292
2007-09-02,0.7394979587553998
2007-09-03,0.7394820685145658
2007-09-04,0.7421457964427912
2007-09-05,0.7409990940115075
2007-09-06,0.736063480116925
2007-09-07,0.7331375518362186
2007-09-08,0.7331392554828101
2007-09-09,0.7331390190273012
2007-09-10,0.7362997357036162
2007-09-11,0.7339470912639483
2007-09-12,0.7319249465329573
2007-09-13,0.7267580352790518
2007-09-14,0.7300364682553825
2007-09-15,0.730036306516111
2007-09-16,0.7300340380238403
2007-09-17,0.7275482119485129
2007-09-18,0.7256672019255419
2007-09-19,0.7229711525283018
2007-09-20,0.7206023679983024
2007-09-21,0.719785125837235
2007-09-22,0.7197849705727458
2007-09-23,0.7197838321635902
2007-09-24,0.7195509725258111
2007-09-25,0.7185828966359117
2007-09-26,0.7181126775911215
2007-09-27,0.7164876584304108
2007-09-28,0.7211509553310832
2007-09-29,0.721150877612853
2007-09-30,0.7211522561002347
2007-10-01,0.7217580310223574
2007-10-02,0.7223608728823017
2007-10-03,0.7233818893764214
2007-10-04,0.7202401732715058
2007-10-05,0.7191574036490398
2007-10-06,0.719157472909624
2007-10-07,0.719157472909624
2007-10-08,0.7201862559797441
2007-10-09,0.717473095548292
2007-10-10,0.7171892470824653
2007-10-11,0.7163393027730903
2007-10-12,0.715967841799352
2007-10-13,0.7159676831377514
2007-10-14,0.7159676059162056
2007-10-15,0.7157684034047057
2007-10-16,0.7168340226555512
2007-10-17,0.7160175355785288
2007-10-18,0.7145116282975942
2007-10-19,0.7150422878364517
2007-10-20,0.7150422878364517
2007-10-21,0.7150344671645784
2007-10-22,0.7172817704979012
2007-10-23,0.714340411971602
2007-10-24,0.7136584198458106
2007-10-25,0.7126228851073908
2007-10-26,0.7082091534711349
2007-10-27,0.7082079086363043
2007-10-28,0.7082110087089479
2007-10-29,0.7085820414876803
2007-10-30,0.703220190182554
2007-10-31,0.7086470504185326
2007-11-01,0.7078270038400016
2007-11-02,0.7068485262706541
2007-11-03,0.7068631698318172
2007-11-04,0.7068605244580701
2007-11-05,0.7077207279685627
2007-11-06,0.7058410167366129
2007-11-07,0.7053110907138386
2007-11-08,0.7063626778922643
2007-11-09,0.7071824679105663
2007-11-10,0.7071821586260778
2007-11-11,0.7071833022167369
2007-11-12,0.7104558920237767
2007-11-13,0.7091906537540122
2007-11-14,0.7088972087021962
2007-11-15,0.7099013971985827
2007-11-16,0.7109625420256325
2007-11-17,0.7109629263389563
2007-11-18,0.7109629263389563
2007-11-19,0.7117962762312611
2007-11-20,0.7102987348444189
2007-11-21,0.7110394951629663
2007-11-22,0.7112035723497697
2007-11-23,0.7111385738622488
2007-11-24,0.7111416795553865
2007-11-25,0.7111456348465153
2007-11-26,0.7118060535149393
2007-11-27,0.7135495391984117
2007-11-28,0.7121494095365359
2007-11-29,0.7105212689882604
2007-11-30,0.7125445303085511
2007-12-01,0.7125526293006644
2007-12-02,0.7125454276613163
2007-12-03,0.7100596632646581
2007-12-04,0.7094578629413189
2007-12-05,0.711185021050249
2007-12-06,0.7105692966349918
2007-12-07,0.7098952132853709
2007-12-08,0.7098891046172622
2007-12-09,0.7098866648803566
2007-12-10,0.7089581204216254
2007-12-11,0.7108822316102578
2007-12-12,0.7099404544128274
2007-12-13,0.7111732747097529
2007-12-14,0.717072936709511
2007-12-15,0.7170696941639213
2007-12-16,0.7170666359235152
2007-12-17,0.7179467708626607
2007-12-18,0.7187416329388524
2007-12-19,0.7039860372537609
2007-12-20,0.7047657217238766
2007-12-21,0.6863424548566442
2007-12-22,0.6863386948379352
2007-12-23,0.6863354438235644
2007-12-24,0.6857927315717306
2007-12-25,0.6857920719892542
2007-12-26,0.6863546049313342
2007-12-27,0.6847012217338914
2007-12-28,0.6777486698576668
2007-12-29,0.6777443282724114
2007-12-30,0.6777411165162888
2007-12-31,0.6859301730037218
2008-01-01,0.6856661567455554
2008-01-02,0.6831334059463104
2008-01-03,0.6834100957749224
2008-01-04,0.6832018823060709
2008-01-05,0.6832118970989486
2008-01-06,0.6832025448332804
2008-01-07,0.6760216544746843
2008-01-08,0.6750893202350128
2008-01-09,0.67593397059812
2008-01-10,0.6731310315516532
2008-01-11,0.669076765361397
2008-01-12,0.6690701834257641
2008-01-13,0.6690587418501593
2008-01-14,0.6648905910485412
2008-01-15,0.6672754499329012
2008-01-16,0.670895004681068
2008-01-17,0.6707970920020685
2008-01-18,0.6716221771903325
2008-01-19,0.6716211094735819
2008-01-20,0.6716229912578009
2008-01-21,0.6755269501369291
2008-01-22,0.674014961795407
2008-01-23,0.6732984220869274
2008-01-24,0.6719667563628151
2008-01-25,0.6723654641273336
2008-01-26,0.6723729256073276
2008-01-27,0.6723894498299493
2008-01-28,0.671020780637465
2008-01-29,0.6714624931347722
2008-01-30,0.6640550057970639
2008-01-31,0.6646748795508328
2008-02-01,0.669436124860992
2008-02-02,0.6694350316849613
2008-02-03,0.6694263023479802
2008-02-04,0.6691213972690383
2008-02-05,0.6711004241376541
2008-02-06,0.6710384656705187
2008-02-07,0.6734283360856446
2008-02-08,0.6702726834936334
2008-02-09,0.6702777099176661
2008-02-10,0.6702657742814665
2008-02-11,0.6695142310695921
2008-02-12,0.6702110738982248
2008-02-13,0.6646820746662319
2008-02-14,0.6698565142776612
2008-02-15,0.6706241095125768
2008-02-16,0.670613896168263
2008-02-17,0.6706143460135293
2008-02-18,0.6703436357642184
2008-02-19,0.67323885659719
2008-02-20,0.6725142042190589
2008-02-21,0.6709813649200052
2008-02-22,0.6710460610861312
2008-02-23,0.6710585045107227
2008-02-24,0.6710634310318827
2008-02-25,0.6665474372920853
2008-02-26,0.663639088361381
2008-02-27,0.661697895542196
2008-02-28,0.660656855129276
2008-02-29,0.6807390871256712
2008-03-01,0.6807443268170053
2008-03-02,0.6807388989164137
2008-03-03,0.6846412613696888
2008-03-04,0.6798278699441374
2008-03-05,0.678750142102819
2008-03-06,0.678236814226358
2008-03-07,0.6788319239567591
2008-03-08,0.6788330587137015
2008-03-09,0.6788298003805848
2008-03-10,0.6799252813104449
2008-03-11,0.6799575487641117
2008-03-12,0.6746803771211396
2008-03-13,0.6742421591890477
2008-03-14,0.6738739697181648
2008-03-15,0.6738904980705314
2008-03-16,0.6738719600502626
2008-03-17,0.677301600925535
2008-03-18,0.6747664287497407
2008-03-19,0.6760609694901626
2008-03-20,0.6776403006661905
2008-03-21,0.6750499726362724
2008-03-22,0.6750545208665798
2008-03-23,0.6750443988646361
2008-03-24,0.6799307301424629
2008-03-25,0.6739054265898619
2008-03-26,0.6751173697822697
2008-03-27,0.6754519662253212
2008-03-28,0.6762168363180111
2008-03-29,0.6762148757129519
2008-03-30,0.6762066784303755
2008-03-31,0.6755767741671153
2008-04-01,0.6767603212793236
2008-04-02,0.6732000575913859
2008-04-03,0.6747215708729508
2008-04-04,0.6739747037058177
2008-04-05,0.6739750689502904
2008-04-06,0.6739750689502904
2008-04-07,0.6739067049334349
2008-04-08,0.673886909693772
2008-04-09,0.6672258856994578
2008-04-10,0.6687247475501802
2008-04-11,0.6659404524378052
2008-04-12,0.6659405707193111
2008-04-13,0.6659326889971099
2008-04-14,0.6667328002918038
2008-04-15,0.6670457691893491
2008-04-16,0.6653180971914414
2008-04-17,0.6677022720930474
2008-04-18,0.6671875685440911
2008-04-19,0.6671824441998526
2008-04-20,0.6671734082356113
2008-04-21,0.6669543804206158
2008-04-22,0.6651086808916629
2008-04-23,0.6674182937553197
2008-04-24,0.6734422101409077
2008-04-25,0.6708717412397752
2008-04-26,0.6708698659253506
2008-04-27,0.6708697932188088
2008-04-28,0.6716435526777726
2008-04-29,0.6710741886329873
2008-04-30,0.6700850943338746
2008-05-01,0.6719712320323717
2008-05-02,0.6710817363792343
2008-05-03,0.671071283502362
2008-05-04,0.6710658351697872
2008-05-05,0.6702146856002613
2008-05-06,0.6718528066562638
2008-05-07,0.6728783401719352
2008-05-08,0.6723363768507938
2008-05-09,0.6720938566760625
2008-05-10,0.6720958123051178
2008-05-11,0.6720907879740721
2008-05-12,0.6721530717760026
2008-05-13,0.6701184517117429
2008-05-14,0.6709395972542446
2008-05-15,0.6710800413184965
2008-05-16,0.6695047663595256
2008-05-17,0.6695077101319633
2008-05-18,0.6695065130117449
2008-05-19,0.653199804390191
2008-05-20,0.6522621420989133
2008-05-21,0.6556726253516866
2008-05-22,0.6556636618924501
2008-05-23,0.654419704283447
2008-05-24,0.6544217645544977
2008-05-25,0.6544166175672398
2008-05-26,0.6546610274641894
2008-05-27,0.6563176212019054
2008-05-28,0.6550580171565502
2008-05-29,0.6565154968581118
2008-05-30,0.655674836477056
2008-05-31,0.655674836477056
2008-06-01,0.655678396961799
2008-06-02,0.6497771345311203
2008-06-03,0.652627060101063
2008-06-04,0.6523023032894507
2008-06-05,0.6508003787177963
2008-06-06,0.6505158642700803
2008-06-07,0.6505144228781977
2008-06-08,0.6505107448669222
2008-06-09,0.6533367367296595
2008-06-10,0.6546714085152125
2008-06-11,0.6578220908027156
2008-06-12,0.6585064505902409
2008-06-13,0.658185231394309
2008-06-14,0.6581876452549963
2008-06-15,0.6581878225360973
2008-06-16,0.6539781025991442
2008-06-17,0.6537613379031074
2008-06-18,0.6552627394449876
2008-06-19,0.6557836463856479
2008-06-20,0.6551293043180556
2008-06-21,0.6551331406167593
2008-06-22,0.6551329997204133
2008-06-23,0.6537294659448778
2008-06-24,0.6535654660461897
2008-06-25,0.6515739444031801
2008-06-26,0.6482191518950129
2008-06-27,0.6481565408158262
2008-06-28,0.6481574760866224
2008-06-29,0.6481527955111404
2008-06-30,0.6528899177532819
2008-07-01,0.6532750706983946
2008-07-02,0.6497540774390698
2008-07-03,0.6502924104664664
2008-07-04,0.6504818561853818
2008-07-05,0.6504786778624441
2008-07-06,0.6504809262416581
2008-07-07,0.6506253743910072
2008-07-08,0.6497462923312649
2008-07-09,0.6499845074402048
2008-07-10,0.6486008400785661
2008-07-11,0.6452322265678292
2008-07-12,0.6452300991121278
2008-07-13,0.6452215468531022
2008-07-14,0.6447235578722116
2008-07-15,0.6436894401204953
2008-07-16,0.6446730051193886
2008-07-17,0.6433912636611203
2008-07-18,0.6465787161702369
2008-07-19,0.646576794221809
2008-07-20,0.6465847236553065
2008-07-21,0.6425055476519144
2008-07-22,0.6433998652845591
2008-07-23,0.644696795233877
2008-07-24,0.6449969825704843
2008-07-25,0.6470545596365668
2008-07-26,0.647054658638193
2008-07-27,0.6470545931865027
2008-07-28,0.6465408851320456
2008-07-29,0.6492668944715424
2008-07-30,0.6481596338941085
2008-07-31,0.6481298120052278
2008-08-01,0.6489941223718623
2008-08-02,0.6489941223718623
2008-08-03,0.6490041638718768
2008-08-04,0.6490496521571991
2008-08-05,0.6523281360640436
2008-08-06,0.6513421354747507
2008-08-07,0.654626139917733
2008-08-08,0.6585947065834353
2008-08-09,0.6585923905227837
2008-08-10,0.6585904330557967
2008-08-11,0.6581033847517723
2008-08-12,0.6570777445253039
2008-08-13,0.6572175724619961
2008-08-14,0.6584535679673106
2008-08-15,0.6552584162958864
2008-08-16,0.6552584162958864
2008-08-17,0.6552583464081791
2008-08-18,0.6626180898126922
2008-08-19,0.6581780887379918
2008-08-20,0.6595637450488548
2008-08-21,0.6572690165300717
2008-08-22,0.6547396306109055
2008-08-23,0.654739840102481
2008-08-24,0.6547485020899729
2008-08-25,0.654169131372671
2008-08-26,0.6536753859551412
2008-08-27,0.6578404301966225
2008-08-28,0.6544685206843854
2008-08-29,0.6613113126740957
2008-08-30,0.6613112421408119
2008-08-31,0.6613159921443865
2008-09-01,0.6588490475342467
2008-09-02,0.6675562833096678
2008-09-03,0.6637971322209507
2008-09-04,0.6672382927596957
2008-09-05,0.6641411158038131
2008-09-06,0.6641410449687102
2008-09-07,0.664150561268554
2008-09-08,0.6696342149585711
2008-09-09,0.6645482541408362
2008-09-10,0.669463905543835
2008-09-11,0.6646208754960715
2008-09-12,0.6625002898460569
2008-09-13,0.662494552591681
2008-09-14,0.6625056165853654
2008-09-15,0.6663427789855297
2008-09-16,0.6663881319062538
2008-09-17,0.6677471659380493
2008-09-18,0.6745022863290968
2008-09-19,0.665416002617161
2008-09-20,0.6654191944515737
2008-09-21,0.6654230540819885
2008-09-22,0.6591509494965234
2008-09-23,0.6649805418827984
2008-09-24,0.6652297080846654
2008-09-25,0.6650179807692884
2008-09-26,0.6629414268953079
2008-09-27,0.6629403680957026
2008-09-28,0.662937608020178
2008-09-29,0.6688361937998863
2008-09-30,0.6744352028287093
2008-10-01,0.6747323056335631
2008-10-02,0.67739293897064
2008-10-03,0.6777900339701916
2008-10-04,0.6777900339701916
2008-10-05,0.6777986540310078
2008-10-06,0.6813086575442807
2008-10-07,0.6846170416378847
2008-10-08,0.6862466723727143
2008-10-09,0.6918393550469331
2008-10-10,0.6931211707432219
2008-10-11,0.6931366522843426
2008-10-12,0.6931489167284557
2008-10-13,0.6896202914759992
2008-10-14,0.6890651144945296
2008-10-15,0.6956311234410373
2008-10-16,0.6941386591016606
2008-10-17,0.6960528345445729
2008-10-18,0.6960528345445729
2008-10-19,0.6960659759856707
2008-10-20,0.6968914007770722
2008-10-21,0.7031579904300072
2008-10-22,0.7084648973145478
2008-10-23,0.7075787531675823
2008-10-24,0.7130188629672491
2008-10-25,0.7130210684287588
2008-10-26,0.7130224334904988
2008-10-27,0.7167632389342077
2008-10-28,0.7099958901638059
2008-10-29,0.7060394489148433
2008-10-30,0.7048737513663174
2008-10-31,0.7068554773807817
2008-11-01,0.7068558258760844
2008-11-02,0.7068525312566795
2008-11-03,0.7109990971594179
2008-11-04,0.7006396315980031
2008-11-05,0.7018175062813489
2008-11-06,0.7053821570590836
2008-11-07,0.7055049020101593
2008-11-08,0.705502646683367
2008-11-09,0.7054970032990205
2008-11-10,0.7103366067159196
2008-11-11,0.7185252671998958
2008-11-12,0.7205918943277937
2008-11-13,0.7120634381638975
2008-11-14,0.7152220747861606
2008-11-15,0.7152220747861606
2008-11-16,0.7152156828630349
2008-11-17,0.7100312132401808
2008-11-18,0.7170218063686623
2008-11-19,0.7201020898195514
2008-11-20,0.722673484146018
2008-11-21,0.7267461808175031
2008-11-22,0.7267457158612781
2008-11-23,0.7267487196243416
2008-11-24,0.7136328334972819
2008-11-25,0.7111203568043741
2008-11-26,0.7119100208026897
2008-11-27,0.7117112131251788
2008-11-28,0.7159797557345925
2008-11-29,0.7159797557345925
2008-11-30,0.7159868677469915
2008-12-01,0.7252544346831195
2008-12-02,0.7194934545680901
2008-12-03,0.7188996351119069
2008-12-04,0.7201131314272395
2008-12-05,0.7215544591844308
2008-12-06,0.7215507295097038
2008-12-07,0.7215512681026109
2008-12-08,0.7154894843324855
2008-12-09,0.715234815584578
2008-12-10,0.7152435660638417
2008-12-11,0.7096008619797368
2008-12-12,0.7149895916192659
2008-12-13,0.7149882725999692
2008-12-14,0.7149933009148622
2008-12-15,0.7086805932442132
2008-12-16,0.7033975110761671
2008-12-17,0.6923330315989422
2008-12-18,0.7035014195255228
2008-12-19,0.7046278516522699
2008-12-20,0.7046278516522699
2008-12-21,0.7046323735675053
2008-12-22,0.7058501542219787
2008-12-23,0.7082271329290332
2008-12-24,0.7060051410225407
2008-12-25,0.7058154108231955
2008-12-26,0.7025173227224866
2008-12-27,0.7025171729639592
2008-12-28,0.7025159011530587
2008-12-29,0.7090816233369839
2008-12-30,0.7041338444676969
2008-12-31,0.7048725993571688
2009-01-01,0.7041866069811701
2009-01-02,0.7056326942465055
2009-01-03,0.7056320925400948
2009-01-04,0.7056315170947308
2009-01-05,0.6902473816366759
2009-01-06,0.6940768592400662
2009-01-07,0.687978521683554
2009-01-08,0.6894195636249534
2009-01-09,0.6959036043445079
2009-01-10,0.6959018432668919
2009-01-11,0.695904153627093
2009-01-12,0.6966991518304011
2009-01-13,0.7009976191184853
2009-01-14,0.7011056277642786
2009-01-15,0.7016609287077582
2009-01-16,0.7000122820173991
2009-01-17,0.7000120516668824
2009-01-18,0.7000173886158179
2009-01-19,0.7040761830274004
2009-01-20,0.7068080222815903
2009-01-21,0.704434285888993
2009-01-22,0.7026748226442805
2009-01-23,0.703263422147048
2009-01-24,0.7032610903722175
2009-01-25,0.7032707131970588
2009-01-26,0.6995452554147247
2009-01-27,0.6983775953671534
2009-01-28,0.6985402381288094
2009-01-29,0.702480577701542
2009-01-30,0.7049057369258535
2009-01-31,0.7049055096793522
2009-02-01,0.7049049708942381
2009-02-02,0.7038312979367966
2009-02-03,0.7066890245429653
2009-02-04,0.7044529438142214
2009-02-05,0.706180857361127
2009-02-06,0.7056557552859641
2009-02-07,0.7056947810574357
2009-02-08,0.7056997509001164
2009-02-09,0.7003896093863424
2009-02-10,0.7052119720542657
2009-02-11,0.7051707846391106
2009-02-12,0.7049100029470509
2009-02-13,0.7057242850389971
2009-02-14,0.7057115084056965
2009-02-15,0.7057125314554944
2009-02-16,0.7078541859680756
2009-02-17,0.7181583165582138
2009-02-18,0.7126070831374728
2009-02-19,0.7102305338989899
2009-02-20,0.7096659259127801
2009-02-21,0.7096661593712386
2009-02-22,0.7096687257949631
2009-02-23,0.7129858258710194
2009-02-24,0.7096986985060314
2009-02-25,0.7094310504862863
2009-02-26,0.71381690675341
2009-02-27,0.7114823656553482
2009-02-28,0.7114823656553482
2009-03-01,0.7114899634295621
2009-03-02,0.7187978994759979
2009-03-03,0.7190677822698679
2009-03-04,0.7166181069311885
2009-03-05,0.7202622812828651
2009-03-06,0.7191455325421668
2009-03-07,0.7190946906612196
2009-03-08,0.7190946133526182
2009-03-09,0.7200457997715817
2009-03-10,0.7176272394308395
2009-03-11,0.7115549384624387
2009-03-12,0.712120169717684
2009-03-13,0.7119593579088812
2009-03-14,0.7119593579088812
2009-03-15,0.7119361936395361
2009-03-16,0.7093428172609166
2009-03-17,0.7092064517990627
2009-03-18,0.7080748222819493
2009-03-19,0.700290903765572
2009-03-20,0.6993785862563052
2009-03-21,0.6993785862563052
2009-03-22,0.6993804907329765
2009-03-23,0.6974277474685093
2009-03-24,0.7008335881425131
2009-03-25,0.6992968187580303
2009-03-26,0.6989987283730561
2009-03-27,0.7018614200746773
2009-03-28,0.7018614200746773
2009-03-29,0.701863353120185
2009-03-30,0.7032186860161841
2009-03-31,0.702185039111617
2009-04-01,0.7011764588018805
2009-04-02,0.6963614800983894
2009-04-03,0.6949135573017742
2009-04-04,0.6949270455299427
2009-04-05,0.6949270455299427
2009-04-06,0.6989784110809828
2009-04-07,0.6973770652612419
2009-04-08,0.6970406938725491
2009-04-09,0.6953576060861016
2009-04-10,0.6997153852765085
2009-04-11,0.6997153852765085
2009-04-12,0.6997142820973532
2009-04-13,0.6982127331531601
2009-04-14,0.6951967783712011
2009-04-15,0.696931542649796
2009-04-16,0.6976823496077665
2009-04-17,0.6986041129597439
2009-04-18,0.6986099026191851
2009-04-19,0.6986099026191851
2009-04-20,0.7043224752134708
2009-04-21,0.7049233824092982
2009-04-22,0.7019349473764361
2009-04-23,0.690623737362864
2009-04-24,0.6949150437898762
2009-04-25,0.6949150437898762
2009-04-26,0.6949139745476991
2009-04-27,0.6920438778510157
2009-04-28,0.6910594259898735
2009-04-29,0.6879066274336633
2009-04-30,0.6981121042150568
2009-05-01,0.6922612578436714
2009-05-02,0.6922787506088256
2009-05-03,0.6922770903840407
2009-05-04,0.6904203438930053
2009-05-05,0.6906076349176682
2009-05-06,0.6933761327059458
2009-05-07,0.6916564447544884
2009-05-08,0.6835635879736507
2009-05-09,0.6835597859943282
2009-05-10,0.6835580705906765
2009-05-11,0.6778659032803809
2009-05-12,0.6839954974221129
2009-05-13,0.6802453725353048
2009-05-14,0.6746801163232001
2009-05-15,0.676686487288845
2009-05-16,0.6766865594639262
2009-05-17,0.6766877641231015
2009-05-18,0.6783979532207048
2009-05-19,0.6710664405416887
2009-05-20,0.6742937925426784
2009-05-21,0.6726118964202028
2009-05-22,0.6761216024295288
2009-05-23,0.6761312678278011
2009-05-24,0.6761798266322993
2009-05-25,0.6685116341299209
2009-05-26,0.6700206953345225
2009-05-27,0.6743557186650482
2009-05-28,0.6702088985400965
2009-05-29,0.6666007325402907
2009-05-30,0.6666161580486716
2009-05-31,0.6665497383199198
2009-06-01,0.667230565873514
2009-06-02,0.6635078431234935
2009-06-03,0.6660753466401413
2009-06-04,0.6664887128161272
2009-06-05,0.6682160191859831
2009-06-06,0.6682115430682695
2009-06-07,0.6682937577223671
2009-06-08,0.6706398739191168
2009-06-09,0.6684161661430258
2009-06-10,0.669566153205781
2009-06-11,0.6675679535390655
2009-06-12,0.6685615762297455
2009-06-13,0.6685752370807607
2009-06-14,0.6684207879206311
2009-06-15,0.6691900408064116
2009-06-16,0.6688202587296841
2009-06-17,0.6690600075006243
2009-06-18,0.668801650930368
2009-06-19,0.6685323354453124
2009-06-20,0.6685323354453124
2009-06-21,0.6682598156529351
2009-06-22,0.6735660786106763
2009-06-23,0.6712872794607788
2009-06-24,0.669320378977291
2009-06-25,0.6675699264684788
2009-06-26,0.6663820740321328
2009-06-27,0.6663804674380458
2009-06-28,0.6661509193839786
2009-06-29,0.6702338463197
2009-06-30,0.6653274552158034
2009-07-01,0.6638745997328778
2009-07-02,0.6661586182489481
2009-07-03,0.6660513527740071
2009-07-04,0.6660444534415438
2009-07-05,0.6659236362971493
2009-07-06,0.6701000187939016
2009-07-07,0.6670325777484186
2009-07-08,0.6690264780282935
2009-07-09,0.6672561956205227
2009-07-10,0.6686380247677393
2009-07-11,0.6686380247677393
2009-07-12,0.6684874272816222
2009-07-13,0.672356349101036
2009-07-14,0.6679234597977769
2009-07-15,0.6668703214602014
2009-07-16,0.6861687086991424
2009-07-17,0.6862479443314322
2009-07-18,0.6862498154754993
2009-07-19,0.6861261427981101
2009-07-20,0.6864371714438944
2009-07-21,0.6829377059245763
2009-07-22,0.6833538373000485
2009-07-23,0.6831288094225438
2009-07-24,0.6837620316818177
2009-07-25,0.6837620316818177
2009-07-26,0.6836496156347599
2009-07-27,0.6822645399319252
2009-07-28,0.6852104457437628
2009-07-29,0.7050624482578806
2009-07-30,0.7029342173923571
2009-07-31,0.7008558991049022
2009-08-01,0.7008603075014342
2009-08-02,0.7008578196393467
2009-08-03,0.7014203801058233
2009-08-04,0.7014204752435091
2009-08-05,0.7010092868699656
2009-08-06,0.6995790282670803
2009-08-07,0.7032514549911216
2009-08-08,0.7032374215913432
2009-08-09,0.7031302626022609
2009-08-10,0.7013827782725335
2009-08-11,0.7033203489670373
2009-08-12,0.702995521258757
2009-08-13,0.7013027688433146
2009-08-14,0.7039900099990475
2009-08-15,0.7039900099990475
2009-08-16,0.7040025806975918
2009-08-17,0.7054167633392748
2009-08-18,0.7040293272143512
2009-08-19,0.7045285094742454
2009-08-20,0.7026106560432492
2009-08-21,0.701317778520016
2009-08-22,0.7013192949811523
2009-08-23,0.7012654620463447
2009-08-24,0.7008762943421174
2009-08-25,0.7037364357835751
2009-08-26,0.7025831577924014
2009-08-27,0.7015875414967795
2009-08-28,0.7011400691211268
2009-08-29,0.7011400691211268
2009-08-30,0.7010364792684007
2009-08-31,0.7019810109687058
2009-09-01,0.7032992412494077
2009-09-02,0.7026224927728122
2009-09-03,0.7016446060615287
2009-09-04,0.7004290745610383
2009-09-05,0.7004379634132157
2009-09-06,0.700476828607751
2009-09-07,0.7000069008112192
2009-09-08,0.6991226993605402
2009-09-09,0.6993789307806418
2009-09-10,0.6957382603448066
2009-09-11,0.6982775564764445
2009-09-12,0.6982775564764445
2009-09-13,0.6982771524637177
2009-09-14,0.696108807021383
2009-09-15,0.6936944302394353
2009-09-16,0.6931500959472092
2009-09-17,0.6913350116749812
2009-09-18,0.6932179410520964
2009-09-19,0.6932168229658197
2009-09-20,0.6932139407996746
2009-09-21,0.6929918861106006
2009-09-22,0.6928797356592437
2009-09-23,0.6912580230541551
2009-09-24,0.6950123198952967
2009-09-25,0.6915281455151429
2009-09-26,0.6915280685763914
2009-09-27,0.6915330049604421
2009-09-28,0.6923658708660503
2009-09-29,0.691480249809571
2009-09-30,0.691897739865918
2009-10-01,0.6938668073210125
2009-10-02,0.6917401700658105
2009-10-03,0.6917400974470188
2009-10-04,0.6916998630445957
2009-10-05,0.6895083650013514
2009-10-06,0.6885969554703594
2009-10-07,0.6894550624861564
2009-10-08,0.6885266259151386
2009-10-09,0.688927373376364
2009-10-10,0.6889241103328312
2009-10-11,0.6889507660039522
2009-10-12,0.6897545339386543
2009-10-13,0.6883576514749078
2009-10-14,0.6857311892409621
2009-10-15,0.6858603159340926
2009-10-16,0.6866640563529227
2009-10-17,0.6866644253936804
2009-10-18,0.6866710560195215
2009-10-19,0.6876638667513062
2009-10-20,0.6875109700223512
2009-10-21,0.6862957048879292
2009-10-22,0.6864436967917557
2009-10-23,0.685083974220354
2009-10-24,0.6850641271870679
2009-10-25,0.6850751764905653
2009-10-26,0.6881572676800493
2009-10-27,0.6877501243324348
2009-10-28,0.6914982935782441
2009-10-29,0.6896144006208138
2009-10-30,0.6916894020767786
2009-10-31,0.691696377077659
2009-11-01,0.6917536321046157
2009-11-02,0.6921681740366263
2009-11-03,0.69253326427176
2009-11-04,0.6897105883074641
2009-11-05,0.6888620700099566
2009-11-06,0.6885382568602666
2009-11-07,0.688537069762742
2009-11-08,0.6885369609929503
2009-11-09,0.6872440058171485
2009-11-10,0.6878306444041136
2009-11-11,0.6840901661864518
2009-11-12,0.6886918436760296
2009-11-13,0.684772407861366
2009-11-14,0.6847820758104093
2009-11-15,0.6847739597494313
2009-11-16,0.6848872073750182
2009-11-17,0.6863161131539633
2009-11-18,0.6846607268464254
2009-11-19,0.6851843098869133
2009-11-20,0.687012712923405
2009-11-21,0.6870165037883345
2009-11-22,0.6870061474017006
2009-11-23,0.6864684110708209
2009-11-24,0.6859670629775849
2009-11-25,0.682239189158855
2009-11-26,0.6870146439412143
2009-11-27,0.6866379389236611
2009-11-28,0.6866413596611954
2009-11-29,0.6865992087548701
2009-11-30,0.6863012667489005
2009-12-01,0.6834589892000089
2009-12-02,0.6865026588277905
2009-12-03,0.6859473774758104
2009-12-04,0.6879247032675657
2009-12-05,0.6879170283655871
2009-12-06,0.6880660568738665
2009-12-07,0.6876565175620629
2009-12-08,0.6897441690678766
2009-12-09,0.6924113378763849
2009-12-10,0.6920229014892083
2009-12-11,0.692586658753531
2009-12-12,0.6925865860613778
2009-12-13,0.6926579679189607
2009-12-14,0.6894741870000893
2009-12-15,0.6907483378768903
2009-12-16,0.6904218436080004
2009-12-17,0.6942485988714464
2009-12-18,0.6938071302349256
2009-12-19,0.693803387902419
2009-12-20,0.69380716091662
2009-12-21,0.6942879700012609
2009-12-22,0.6954472680660873
2009-12-23,0.6955258027213758
2009-12-24,0.6950958270671221
2009-12-25,0.6952622126572787
2009-12-26,0.6952624359808162
2009-12-27,0.6952621961286204
2009-12-28,0.6937454295453848
2009-12-29,0.692986047649722
2009-12-30,0.6924578371940008
2009-12-31,0.6917185845771922
2010-01-01,0.6932596598050667
2010-01-02,0.6932596598050667
2010-01-03,0.6932485245616439
2010-01-04,0.688563522932289
2010-01-05,0.6915549357066523
2010-01-06,0.6894015419688608
2010-01-07,0.693941984300963
2010-01-08,0.6897986354756607
2010-01-09,0.6897999783344151
2010-01-10,0.6897897816515837
2010-01-11,0.6876791960857099
2010-01-12,0.6878828611271662
2010-01-13,0.6912814989508411
2010-01-14,0.6895283125868651
2010-01-15,0.6878740595482076
2010-01-16,0.6878614015328441
2010-01-17,0.6878641909774212
2010-01-18,0.6916499611110826
2010-01-19,0.6884588161669903
2010-01-20,0.6962280574753592
2010-01-21,0.6926461684095409
2010-01-22,0.6937999690187034
2010-01-23,0.6937999690187034
2010-01-24,0.6937693220164497
2010-01-25,0.6935247621427689
2010-01-26,0.6963490170034732
2010-01-27,0.6968105990049824
2010-01-28,0.6995315047605176
2010-01-29,0.6981071867471141
2010-01-30,0.6981135784742143
2010-01-31,0.6981939174164593
2010-02-01,0.6976722211317946
2010-02-02,0.6972453935789982
2010-02-03,0.6949608743340341
2010-02-04,0.6985178334958746
2010-02-05,0.7025308131289741
2010-02-06,0.7025288985124415
2010-02-07,0.7025881195789246
2010-02-08,0.7022636964658848
2010-02-09,0.7004378890160664
2010-02-10,0.6984661837751975
2010-02-11,0.7032607905133978
2010-02-12,0.698744227073978
2010-02-13,0.6987440670189095
2010-02-14,0.6987509076228979
2010-02-15,0.7046087719612717
2010-02-16,0.6976783428568082
2010-02-17,0.6981712079919508
2010-02-18,0.6997372819467447
2010-02-19,0.7017918693737631
2010-02-20,0.70179238958246
2010-02-21,0.701770094769604
2010-02-22,0.6990088994999976
2010-02-23,0.699864796485118
2010-02-24,0.7042319370429617
2010-02-25,0.7022477457532341
2010-02-26,0.6989929627923527
2010-02-27,0.6989824903866669
2010-02-28,0.698927160367163
2010-03-01,0.7004484147282221
2010-03-02,0.6979789268918356
2010-03-03,0.6968950185919605
2010-03-04,0.6985236189641234
2010-03-05,0.6980757191021012
2010-03-06,0.6980777704126309
2010-03-07,0.6980747154783182
2010-03-08,0.6942810318776619
2010-03-09,0.69701037741678
2010-03-10,0.6979320705411897
2010-03-11,0.698872246509393
2010-03-12,0.6916905232768346
2010-03-13,0.6916905232768346
2010-03-14,0.6916904506613127
2010-03-15,0.6980400787315422
2010-03-16,0.6906660469387151
2010-03-17,0.6942967916291584
2010-03-18,0.6979516760092851
2010-03-19,0.6924825143540153
2010-03-20,0.6924819106749277
2010-03-21,0.6924843965979863
2010-03-22,0.6990936952738408
2010-03-23,0.6939209378218406
2010-03-24,0.6963126073642839
2010-03-25,0.6959422163655311
2010-03-26,0.6951088686922483
2010-03-27,0.6951027337630871
2010-03-28,0.6951003925537625
2010-03-29,0.6948656426473143
2010-03-30,0.6965835406372064
2010-03-31,0.7013718377276866
2010-04-01,0.7009632887190996
2010-04-02,0.7004095601333681
2010-04-03,0.7004462065430361
2010-04-04,0.7004462065430361
2010-04-05,0.7010740422559001
2010-04-06,0.7015192800760834
2010-04-07,0.7005524650777513
2010-04-08,0.7096885925587006
2010-04-09,0.7079587323951968
2010-04-10,0.707958658073781
2010-04-11,0.7079562056665939
2010-04-12,0.7072541707526623
2010-04-13,0.7064894052869223
2010-04-14,0.703616932162825
2010-04-15,0.7072700955612606
2010-04-16,0.7084792242523423
2010-04-17,0.7084693609663
2010-04-18,0.7084703424121283
2010-04-19,0.7089990061913095
2010-04-20,0.7093551761831263
2010-04-21,0.7102535589999657
2010-04-22,0.6991567231685714
2010-04-23,0.6988726072625085
2010-04-24,0.6988726072625085
2010-04-25,0.698753957591108
2010-04-26,0.6981203399921967
2010-04-27,0.6971789247287794
2010-04-28,0.6995497410258599
2010-04-29,0.6955090399809444
2010-04-30,0.6948069871902872
2010-05-01,0.6948155353251714
2010-05-02,0.6947081249155969
2010-05-03,0.6968690744354796
2010-05-04,0.7001573233732044
2010-05-05,0.7055140564127356
2010-05-06,0.7071027920449033
2010-05-07,0.7067776977001936
2010-05-08,0.706776171965984
2010-05-09,0.7066940202711148
2010-05-10,0.7010604541089631
2010-05-11,0.7143389560849561
2010-05-12,0.7089306420129122
2010-05-13,0.7062629504725226
2010-05-14,0.7089088525838512
2010-05-15,0.7089088525838512
2010-05-16,0.7088695394024724
2010-05-17,0.7060050117210974
2010-05-18,0.7117753657555383
2010-05-19,0.7095763551265021
2010-05-20,0.7195364519216645
2010-05-21,0.7128124327959745
2010-05-22,0.7127924084139441
2010-05-23,0.7127917407529009
2010-05-24,0.7140968503830563
2010-05-25,0.7155581789587901
2010-05-26,0.7168861151325573
2010-05-27,0.7129901526632253
2010-05-28,0.7139203327804933
2010-05-29,0.7139207077143557
2010-05-30,0.7138641890053078
2010-05-31,0.7115301480362028
2010-06-01,0.7150273689708374
2010-06-02,0.725272411017421
2010-06-03,0.7141186026449593
2010-06-04,0.7090228787659572
2010-06-05,0.7090211279117398
2010-06-06,0.7090082010376331
2010-06-07,0.7205818128424115
2010-06-08,0.7307129015284223
2010-06-09,0.7191437979751164
2010-06-10,0.7257881557485705
2010-06-11,0.7155323012982445
2010-06-12,0.7155303736283122
2010-06-13,0.7154253732809964
2010-06-14,0.713706629692431
2010-06-15,0.7125953938815038
2010-06-16,0.712650112398292
2010-06-17,0.711834958991908
2010-06-18,0.7103804402640319
2010-06-19,0.7103776904659472
2010-06-20,0.7102379720844404
2010-06-21,0.7139642265534127
2010-06-22,0.7117735457040979
2010-06-23,0.7209290054965993
2010-06-24,0.7135007779780433
2010-06-25,0.7130202363216315
2010-06-26,0.713023363714603
2010-06-27,0.7128476603364267
2010-06-28,0.7124435208952267
2010-06-29,0.7157399030867903
2010-06-30,0.7152607012777316
2010-07-01,0.7129277876978765
2010-07-02,0.7226795251546883
2010-07-03,0.7226802701829018
2010-07-04,0.7224914642091229
2010-07-05,0.721453261186954
2010-07-06,0.7119496339359973
2010-07-07,0.7100062436534368
2010-07-08,0.7080340648031255
2010-07-09,0.7063807817002723
2010-07-10,0.7063800239114802
2010-07-11,0.7062700083632314
2010-07-12,0.7076270406766173
2010-07-13,0.7077814692035992
2010-07-14,0.7049060413554696
2010-07-15,0.7061361070027551
2010-07-16,0.7057224764010699
2010-07-17,0.7057210368081498
2010-07-18,0.7056311365487321
2010-07-19,0.7060829191077537
2010-07-20,0.7059603531168299
2010-07-21,0.7064495668572558
2010-07-22,0.7033735087514303
2010-07-23,0.707479165924281
2010-07-24,0.7074830473566691
2010-07-25,0.7075452897280571
2010-07-26,0.700968473798368
2010-07-27,0.7047862662754718
2010-07-28,0.7011277144525346
2010-07-29,0.7006288137423148
2010-07-30,0.700126333447326
2010-07-31,0.7001255045943584
2010-08-01,0.7000791238665459
2010-08-02,0.6970262371388046
2010-08-03,0.7014241170083082
2010-08-04,0.6958916783936685
2010-08-05,0.6949594567566013
2010-08-06,0.6954920225845238
2010-08-07,0.6954612481808008
2010-08-08,0.6953600276480707
2010-08-09,0.6940652729601531
2010-08-10,0.6973760240217678
2010-08-11,0.7010405500167017
2010-08-12,0.7023487652198968
2010-08-13,0.7035295226374522
2010-08-14,0.7034913903959835
2010-08-15,0.7035209036615451
2010-08-16,0.7053988635525175
2010-08-17,0.7019014197107613
2010-08-18,0.7045150802011387
2010-08-19,0.7020674693319984
2010-08-20,0.7005577376686115
2010-08-21,0.7005580936416124
2010-08-22,0.7005560167394116
2010-08-23,0.7018095601903402
2010-08-24,0.7015571081102724
2010-08-25,0.7072579569830528
2010-08-26,0.7025400348308414
2010-08-27,0.701267259299538
2010-08-28,0.7012697623929665
2010-08-29,0.7012275713485284
2010-08-30,0.7018527052442355
2010-08-31,0.6999747344379684
2010-09-01,0.6989760635607585
2010-09-02,0.6986317313780717
2010-09-03,0.7011735132230359
2010-09-04,0.7011591928114458
2010-09-05,0.7011282505197427
2010-09-06,0.6994923247742589
2010-09-07,0.7020754381428914
2010-09-08,0.7029226175879627
2010-09-09,0.7039881324643952
2010-09-10,0.7032692674951371
2010-09-11,0.7032746877180341
2010-09-12,0.7032960946481857
2010-09-13,0.6960238235462587
2010-09-14,0.6967388064104746
2010-09-15,0.7036590282797335
2010-09-16,0.6964888072277758
2010-09-17,0.6936074298919741
2010-09-18,0.6936077276369209
2010-09-19,0.6936568541416326
2010-09-20,0.6932867050509255
2010-09-21,0.691824945876857
2010-09-22,0.689565530535441
2010-09-23,0.6889168417812636
2010-09-24,0.6873837978746591
2010-09-25,0.6873843880052276
2010-09-26,0.687324667426548
2010-09-27,0.6871490508221428
2010-09-28,0.6869327571765952
2010-09-29,0.6860555836833369
2010-09-30,0.6928931225991303
2010-10-01,0.6829785760008182
2010-10-02,0.6829843498754284
2010-10-03,0.6829447774027837
2010-10-04,0.6815032863212165
2010-10-05,0.6808811362907302
2010-10-06,0.6802565557750274
2010-10-07,0.68288474670649
2010-10-08,0.6823335289945082
2010-10-09,0.6823338843719109
2010-10-10,0.6823081118000509
2010-10-11,0.6782906782828286
2010-10-12,0.6787942182439153
2010-10-13,0.6789736739213768
2010-10-14,0.6772898317498589
2010-10-15,0.6760177442729819
2010-10-16,0.6760174541346846
2010-10-17,0.6760948317333835
2010-10-18,0.6768389744601737
2010-10-19,0.6798663061798019
2010-10-20,0.6793912762560776
2010-10-21,0.6809978701508036
2010-10-22,0.6800132582363706
2010-10-23,0.6800072350128535
2010-10-24,0.6799922298875423
2010-10-25,0.6768334076615731
2010-10-26,0.678567340933942
2010-10-27,0.6817183308628275
2010-10-28,0.6808947703991649
2010-10-29,0.6831094185068074
2010-10-30,0.6831087834637123
2010-10-31,0.6830601468320685
2010-11-01,0.68123217411521
2010-11-02,0.6812894406407566
2010-11-03,0.6787903613769948
2010-11-04,0.6745555905620406
2010-11-05,0.6755125963840419
2010-11-06,0.6755125963840419
2010-11-07,0.6755158972039413
2010-11-08,0.6768512228909923
2010-11-09,0.6744405619262276
2010-11-10,0.680723879560618
2010-11-11,0.6799779383228388
2010-11-12,0.6803386857245417
2010-11-13,0.6803514993330391
2010-11-14,0.6803502271014849
2010-11-15,0.6844308829770233
2010-11-16,0.6860662421552314
2010-11-17,0.6860141230857363
2010-11-18,0.6820146246465093
2010-11-19,0.6840014328214291
2010-11-20,0.6840075757556865
2010-11-21,0.6839896850921259
2010-11-22,0.6800147243925118
2010-11-23,0.6837042991578957
2010-11-24,0.6841008985290725
2010-11-25,0.6936267367694817
2010-11-26,0.686004395552996
2010-11-27,0.686009602945873
2010-11-28,0.6860114190594108
2010-11-29,0.6896844502902133
2010-11-30,0.6906212092238954
2010-12-01,0.6890387346937259
2010-12-02,0.6863834460018884
2010-12-03,0.686008858531736
2010-12-04,0.68602480396201
2010-12-05,0.6859089056673712
2010-12-06,0.6836637399233289
2010-12-07,0.6847162201000938
2010-12-08,0.6885556627536034
2010-12-09,0.6866587171089196
2010-12-10,0.6855538379548305
2010-12-11,0.6855534597616472
2010-12-12,0.6855609307343632
2010-12-13,0.6872173641953019
2010-12-14,0.6838744889288166
2010-12-15,0.6831082425570821
2010-12-16,0.6840488146701686
2010-12-17,0.6834332378040552
2010-12-18,0.6834178780215822
2010-12-19,0.6834610602107803
2010-12-20,0.6841059668455555
2010-12-21,0.6842490879261391
2010-12-22,0.6846890617571825
2010-12-23,0.6838340309453669
2010-12-24,0.6835013784457508
2010-12-25,0.6835022036826814
2010-12-26,0.6835012294779251
2010-12-27,0.6820308203071569
2010-12-28,0.6845587159171953
2010-12-29,0.6827019336200877
2010-12-30,0.6818807773094128
2010-12-31,0.6805585786988069
2011-01-01,0.6805545475698358
2011-01-02,0.6805554038423851
2011-01-03,0.6787104996699573
2011-01-04,0.684717661782569
2011-01-05,0.6820167049077211
2011-01-06,0.6842236431086939
2011-01-07,0.6855362542498573
2011-01-08,0.6855554966069335
2011-01-09,0.6855791319946445
2011-01-10,0.6871616815568793
2011-01-11,0.6865103020581369
2011-01-12,0.6830176711562587
2011-01-13,0.6817866478221837
2011-01-14,0.6824116328829839
2011-01-15,0.6824063231284384
2011-01-16,0.6824109713699074
2011-01-17,0.6803818371841847
2011-01-18,0.6789734697213482
2011-01-19,0.6789539140410898
2011-01-20,0.6795260683892862
2011-01-21,0.6767255118480935
2011-01-22,0.6767289823271664
2011-01-23,0.6767340252376842
2011-01-24,0.6770310239333193
2011-01-25,0.6776318598322454
2011-01-26,0.6772041336544987
2011-01-27,0.6760318299311661
2011-01-28,0.6848259962525596
2011-01-29,0.6848295774500953
2011-01-30,0.6848947814039975
2011-01-31,0.6794294578090875
2011-02-01,0.6778969394212144
2011-02-02,0.6742905698542762
2011-02-03,0.6750373737950618
2011-02-04,0.676083578664201
2011-02-05,0.6760860311393025
2011-02-06,0.6761772133244908
2011-02-07,0.6764036436007064
2011-02-08,0.6750757079118168
2011-02-09,0.6733264986493048
2011-02-10,0.6755828974069781
2011-02-11,0.6811457549930674
2011-02-12,0.6810865456928574
2011-02-13,0.6810662553710243
2011-02-14,0.675792748615242
2011-02-15,0.6776312769489016
2011-02-16,0.6755686263698732
2011-02-17,0.672931205254593
2011-02-18,0.6717694923789329
2011-02-19,0.6717762977396018
2011-02-20,0.6716982796684622
2011-02-21,0.6694258205306112
2011-02-22,0.6725601843694136
2011-02-23,0.6724039579518799
2011-02-24,0.6713006247724378
2011-02-25,0.67170566354903
2011-02-26,0.6717079519633643
2011-02-27,0.6717073034865925
2011-02-28,0.6747207192727771
2011-03-01,0.6698274238014661
2011-03-02,0.6739298520330796
2011-03-03,0.6732382070304149
2011-03-04,0.6688396456056721
2011-03-05,0.6688435538450731
2011-03-06,0.6688317508172205
2011-03-07,0.6676883602957217
2011-03-08,0.6685966144903024
2011-03-09,0.6680247801914738
2011-03-10,0.6687970985275798
2011-03-11,0.6690370422208399
2011-03-12,0.6690425445103131
2011-03-13,0.6690027779139243
2011-03-14,0.6701842322624006
2011-03-15,0.6683930848236628
2011-03-16,0.669785435432984
2011-03-17,0.6674087560732468
2011-03-18,0.6703115383048934
2011-03-19,0.6703285446717381
2011-03-20,0.6703110809148547
2011-03-21,0.6636522018450073
2011-03-22,0.6635197794019464
2011-03-23,0.6647684973674891
2011-03-24,0.6640380610109198
2011-03-25,0.6677634502151601
2011-03-26,0.6677625947640055
2011-03-27,0.667768135574322
2011-03-28,0.6646279994049215
2011-03-29,0.6660225507539657
2011-03-30,0.6640674488894708
2011-03-31,0.6638940999166469
2011-04-01,0.6624340645647072
2011-04-02,0.6624325503027219
2011-04-03,0.6623994971058721
2011-04-04,0.6597750479488604
2011-04-05,0.6613016226485805
2011-04-06,0.6609220746072317
2011-04-07,0.6624914726141148
2011-04-08,0.6604314816104577
2011-04-09,0.6604436097850694
2011-04-10,0.660438903612723
2011-04-11,0.6569970893761418
2011-04-12,0.6612737183901164
2011-04-13,0.6577693658730892
2011-04-14,0.6588067181260987
2011-04-15,0.6579911606611311
2011-04-16,0.657995229280296
2011-04-17,0.658002799080943
2011-04-18,0.6591418062493888
2011-04-19,0.659557153856749
2011-04-20,0.6577347187110069
2011-04-21,0.6577250740478555
2011-04-22,0.6850427501948649
2011-04-23,0.6850478195170066
2011-04-24,0.6850694068561394
2011-04-25,0.68008338306482
2011-04-26,0.6536707974813503
2011-04-27,0.6530663373518149
2011-04-28,0.65463652328063
2011-04-29,0.655401178770251
2011-04-30,0.6553922047856215
2011-05-01,0.6554101030558752
2011-05-02,0.6502181200185326
2011-05-03,0.6511788839445501
2011-05-04,0.652290836044509
2011-05-05,0.653440011766993
2011-05-06,0.6559745225385268
2011-05-07,0.6559758278908047
2011-05-08,0.6560464600874635
2011-05-09,0.658519408311948
2011-05-10,0.6590437994360828
2011-05-11,0.659501788306879
2011-05-12,0.6601362602516769
2011-05-13,0.6615629869120015
2011-05-14,0.6615745608062606
2011-05-15,0.661661079017568
2011-05-16,0.6673982388408457
2011-05-17,0.6604808821336517
2011-05-18,0.659851798473766
2011-05-19,0.6599813803184197
2011-05-20,0.6599118295690559
2011-05-21,0.6599111218254132
2011-05-22,0.6599443921401548
2011-05-23,0.6622596372943477
2011-05-24,0.6629586197431212
2011-05-25,0.6625541789562787
2011-05-26,0.6677409959821214
2011-05-27,0.6601401003955142
2011-05-28,0.6601399469861827
2011-05-29,0.6601052399829227
2011-05-30,0.6579905222567232
2011-05-31,0.6589423037436475
2011-06-01,0.6586987464761278
2011-06-02,0.6579695095273547
2011-06-03,0.6566193806191025
2011-06-04,0.6566192451519777
2011-06-05,0.6565765465859679
2011-06-06,0.653093194743084
2011-06-07,0.6554989147313406
2011-06-08,0.6544773883260966
2011-06-09,0.6565394746149541
2011-06-10,0.6633772803861482
2011-06-11,0.6633774227134609
2011-06-12,0.6634233434559585
2011-06-13,0.6579764316727487
2011-06-14,0.6577335233381926
2011-06-15,0.6591612667331485
2011-06-16,0.6611152523423657
2011-06-17,0.6611024261155776
2011-06-18,0.6610995138424072
2011-06-19,0.661090906583582
2011-06-20,0.6592788105337481
2011-06-21,0.6587183844219182
2011-06-22,0.6580754020856643
2011-06-23,0.6587644926696459
2011-06-24,0.6599509380592341
2011-06-25,0.6599491223226676
2011-06-26,0.6599215267152337
2011-06-27,0.6601668785387268
2011-06-28,0.6592363657175102
2011-06-29,0.6589393115156361
2011-06-30,0.6569661589563826
2011-07-01,0.6583117823454541
2011-07-02,0.6583117782498141
2011-07-03,0.6582841856314459
2011-07-04,0.6542214875986251
2011-07-05,0.6544382702649001
2011-07-06,0.6568026253124041
2011-07-07,0.6568389049608092
2011-07-08,0.6572540817841503
2011-07-09,0.6572535330800975
2011-07-10,0.6572504573045285
2011-07-11,0.6587309001122266
2011-07-12,0.6602307056297333
2011-07-13,0.658879616940067
2011-07-14,0.6606449110916935
2011-07-15,0.661877872864836
2011-07-16,0.6618800707260571
2011-07-17,0.6618716363014941
2011-07-18,0.6581482337246395
2011-07-19,0.6580293294791982
2011-07-20,0.6576865521141274
2011-07-21,0.6556311298729385
2011-07-22,0.6560496015470757
2011-07-23,0.6560505494269881
2011-07-24,0.6560390128352026
2011-07-25,0.6541017575772977
2011-07-26,0.6542455501059143
2011-07-27,0.6542288685995001
2011-07-28,0.654778781763088
2011-07-29,0.654958597111891
2011-07-30,0.6549576728513261
2011-07-31,0.6548868476321145
2011-08-01,0.6531193214621931
2011-08-02,0.6566221158729029
2011-08-03,0.6549003945638529
2011-08-04,0.6581369923199255
2011-08-05,0.6588863614811648
2011-08-06,0.6588882497853703
2011-08-07,0.6588478979690784
2011-08-08,0.6598365038116446
2011-08-09,0.6587960068170972
2011-08-10,0.6619797114332048
2011-08-11,0.663077745310345
2011-08-12,0.661694810280144
2011-08-13,0.6616989048732385
2011-08-14,0.6617010762713752
2011-08-15,0.6601151833318769
2011-08-16,0.6613947738293581
2011-08-17,0.6585449266515997
2011-08-18,0.6596609663598106
2011-08-19,0.6609252265362026
2011-08-20,0.66092097967802
2011-08-21,0.6608908111308517
2011-08-22,0.6601572431830371
2011-08-23,0.6599419372198428
2011-08-24,0.6609835149297199
2011-08-25,0.6613276820460856
2011-08-26,0.6602018929134574
2011-08-27,0.6601963626276748
2011-08-28,0.6601675648659597
2011-08-29,0.6583281321812797
2011-08-30,0.659435732554979
2011-08-31,0.6594663363924981
2011-09-01,0.6595949163470104
2011-09-02,0.6610308606403554
2011-09-03,0.6610285461016889
2011-09-04,0.6610620283665256
2011-09-05,0.6606305022813967
2011-09-06,0.6652555827638778
2011-09-07,0.6640047557227915
2011-09-08,0.6654765943382813
2011-09-09,0.66816189603393
2011-09-10,0.6683080291558048
2011-09-11,0.6683656046994855
2011-09-12,0.6697896908767951
2011-09-13,0.671569208070864
2011-09-14,0.6706870207775798
2011-09-15,0.6694504559127337
2011-09-16,0.6698350840790244
2011-09-17,0.6698473633227284
2011-09-18,0.6698437755190283
2011-09-19,0.6725227431112131
2011-09-20,0.6740860202837669
2011-09-21,0.6780492783126727
2011-09-22,0.6811305058450395
2011-09-23,0.6809033431863079
2011-09-24,0.680907742777574
2011-09-25,0.6809108911766539
2011-09-26,0.6806204080203777
2011-09-27,0.6789751053872962
2011-09-28,0.6802682813188299
2011-09-29,0.6801394416277546
2011-09-30,0.6807845331453595
2011-10-01,0.6807841840198493
2011-10-02,0.6808278808393976
2011-10-03,0.6865481747700787
2011-10-04,0.6821632376963295
2011-10-05,0.6813096118361309
2011-10-06,0.6816334404818004
2011-10-07,0.6802924530265382
2011-10-08,0.6802915452147389
2011-10-09,0.6802666571704182
2011-10-10,0.6757430041404472
2011-10-11,0.6759833925485992
2011-10-12,0.6766597842235158
2011-10-13,0.6742947162011594
2011-10-14,0.6736547161825042
2011-10-15,0.6736495978258826
2011-10-16,0.673624095945366
2011-10-17,0.673300506875365
2011-10-18,0.674515437607171
2011-10-19,0.6748101267578007
2011-10-20,0.6767075839102964
2011-10-21,0.6746548116683846
2011-10-22,0.674651640397829
2011-10-23,0.6745382203847422
2011-10-24,0.671513046978942
2011-10-25,0.6734332476871677
2011-10-26,0.6721280090944187
2011-10-27,0.6686043552839476
2011-10-28,0.667853525982259
2011-10-29,0.667853440240224
2011-10-30,0.6678560293077495
2011-10-31,0.6680298875199739
2011-11-01,0.672485806274415
2011-11-02,0.6729300590689754
2011-11-03,0.6714920147363033
2011-11-04,0.6723360915173627
2011-11-05,0.672335721371205
2011-11-06,0.6723454119947624
2011-11-07,0.6729445277902978
2011-11-08,0.6727703700646359
2011-11-09,0.6753788888251266
2011-11-10,0.6760299689979816
2011-11-11,0.6741616563641059
2011-11-12,0.6741601823780109
2011-11-13,0.6741170003537532
2011-11-14,0.673243955522213
2011-11-15,0.676281668171633
2011-11-16,0.6770498065576281
2011-11-17,0.6780986601414795
2011-11-18,0.6776028799365559
2011-11-19,0.6775989239055185
2011-11-20,0.67761921079614
2011-11-21,0.6787903951344783
2011-11-22,0.6795098473457791
2011-11-23,0.6819074129834699
2011-11-24,0.6820600480877618
2011-11-25,0.6842938749722296
2011-11-26,0.6842660599720775
2011-11-27,0.6842686895049991
2011-11-28,0.6801612440596182
2011-11-29,0.6796496416772252
2011-11-30,0.679629101547442
2011-12-01,0.6766025991871305
2011-12-02,0.6757316055384486
2011-12-03,0.6757313275227842
2011-12-04,0.675787045881259
2011-12-05,0.6766123736325146
2011-12-06,0.6757665791872658
2011-12-07,0.6760780852317552
2011-12-08,0.6777063019256819
2011-12-09,0.6770307883853373
2011-12-10,0.6770327349268351
2011-12-11,0.6766837828319855
2011-12-12,0.6792885937593937
2011-12-13,0.6816095807196526
2011-12-14,0.6835658224540341
2011-12-15,0.68376193155429
2011-12-16,0.6830459870272773
2011-12-17,0.6830451165466876
2011-12-18,0.683039441963922
2011-12-19,0.6821236802833023
2011-12-20,0.6820007653524148
2011-12-21,0.6826314597412984
2011-12-22,0.6807180416381623
2011-12-23,0.6820369174498152
2011-12-24,0.6820365033540889
2011-12-25,0.6820450213346444
2011-12-26,0.6825458412567715
2011-12-27,0.6809717607055068
2011-12-28,0.6834396051111402
2011-12-29,0.6833532655866472
2011-12-30,0.6804966783479711
2011-12-31,0.6804949773090927
2012-01-01,0.6804876705999278
2012-01-02,0.6800997863245055
2012-01-03,0.681089026835819
2012-01-04,0.6773489847151403
2012-01-05,0.6790657517706823
2012-01-06,0.6798970373063663
2012-01-07,0.6798629012762012
2012-01-08,0.6798979110209049
2012-01-09,0.6795904405282792
2012-01-10,0.6789108672315382
2012-01-11,0.6796713338765511
2012-01-12,0.6793007687403965
2012-01-13,0.6774672650054134
2012-01-14,0.67746815716959
2012-01-15,0.6775082318911256
2012-01-16,0.6813820397881655
2012-01-17,0.6774423777795252
2012-01-18,0.6762097499835428
2012-01-19,0.6743866453251401
2012-01-20,0.6746201852925985
2012-01-21,0.6746225197841283
2012-01-22,0.6745983248903783
2012-01-23,0.6727914120119445
2012-01-24,0.6740063675494968
2012-01-25,0.6732015158246633
2012-01-26,0.6714456651709381
2012-01-27,0.6698021417643928
2012-01-28,0.669804331417307
2012-01-29,0.6697697705040299
2012-01-30,0.6686575659248692
2012-01-31,0.6706308200861459
2012-02-01,0.6695628263426401
2012-02-02,0.6690050721882576
2012-02-03,0.6682880340746421
2012-02-04,0.6683413541613745
2012-02-05,0.6683425162681154
2012-02-06,0.666771478309259
2012-02-07,0.6683518605469383
2012-02-08,0.6672242658549745
2012-02-09,0.6665129550825153
2012-02-10,0.6691004809359588
2012-02-11,0.6690737417555377
2012-02-12,0.6690884827645203
2012-02-13,0.6677291196025809
2012-02-14,0.6689355850979611
2012-02-15,0.6694131909682907
2012-02-16,0.6690430373155407
2012-02-17,0.6698474262856043
2012-02-18,0.6698422909576739
2012-02-19,0.6696267226443848
2012-02-20,0.6658411666795409
2012-02-21,0.6672286719515789
2012-02-22,0.6675696539886402
2012-02-23,0.6665877860433933
2012-02-24,0.666139366308758
2012-02-25,0.6661349976148648
2012-02-26,0.6661219741297074
2012-02-27,0.6649979226736284
2012-02-28,0.665000434255553
2012-02-29,0.6655988346660482
2012-03-01,0.6663135515407487
2012-03-02,0.6666918749425164
2012-03-03,0.6666887937312016
2012-03-04,0.6666985729013676
2012-03-05,0.6679741018087826
2012-03-06,0.6699209615744259
2012-03-07,0.6688838125375997
2012-03-08,0.6679490688682096
2012-03-09,0.6684916916857657
2012-03-10,0.6684892989361179
2012-03-11,0.6684888660306976
2012-03-12,0.6684255139696228
2012-03-13,0.6692677158559462
2012-03-14,0.6707440288027465
2012-03-15,0.6706332826618115
2012-03-16,0.6692201772970772
2012-03-17,0.6692193354563517
2012-03-18,0.6691798356618709
2012-03-19,0.667404923810581
2012-03-20,0.6700389936977912
2012-03-21,0.6697324728567738
2012-03-22,0.6696168133614065
2012-03-23,0.6697532636488357
2012-03-24,0.6697516625486039
2012-03-25,0.6697354953445578
2012-03-26,0.6672290729283805
2012-03-27,0.6685574905515589
2012-03-28,0.6690516501845895
2012-03-29,0.6691178883683497
2012-03-30,0.6697139941545549
2012-03-31,0.669716886780906
2012-04-01,0.6697150528410513
2012-04-02,0.6685649325596132
2012-04-03,0.6951662171367169
2012-04-04,0.6966678951607229
2012-04-05,0.6966740541947624
2012-04-06,0.6961439168233002
2012-04-07,0.696139888596747
2012-04-08,0.6961299816759983
2012-04-09,0.6960091130864383
2012-04-10,0.6978976120202625
2012-04-11,0.6990659035173565
2012-04-12,0.6965152427763736
2012-04-13,0.6970488374854902
2012-04-14,0.6970496058851579
2012-04-15,0.6970839982349926
2012-04-16,0.696930470411071
2012-04-17,0.696911058774658
2012-04-18,0.6976289681079734
2012-04-19,0.6983018611318033
2012-04-20,0.6973822458620454
2012-04-21,0.6973840105014371
2012-04-22,0.6973701693469992
2012-04-23,0.6964572997426212
2012-04-24,0.6971915003947494
2012-04-25,0.6967939544406603
2012-04-26,0.6958654115097038
2012-04-27,0.6945980739276523
2012-04-28,0.6945948599164249
2012-04-29,0.6945853686813355
2012-04-30,0.6959369012354936
2012-05-01,0.6965630946195518
2012-05-02,0.6972489938738797
2012-05-03,0.6959335139405374
2012-05-04,0.6970875379319438
2012-05-05,0.6970881362125403
2012-05-06,0.6971096457271265
2012-05-07,0.6985014966542795
2012-05-08,0.7094424937365907
2012-05-09,0.7023286944336504
2012-05-10,0.7034592974045711
2012-05-11,0.7126494089122375
2012-05-12,0.7126470531805909
2012-05-13,0.7126542134405106
2012-05-14,0.7053827122092551
2012-05-15,0.7067998260354446
2012-05-16,0.7082875385866391
2012-05-17,0.7085700292036679
2012-05-18,0.7080621412717913
2012-05-19,0.7080560471935706
2012-05-20,0.7080241241786733
2012-05-21,0.7076728099193105
2012-05-22,0.7094873221877422
2012-05-23,0.7120764051186108
2012-05-24,0.7148754247021295
2012-05-25,0.7157412595971896
2012-05-26,0.7157391952431973
2012-05-27,0.7157636970513965
2012-05-28,0.7208355009842004
2012-05-29,0.7150855517755438
2012-05-30,0.7164145589528396
2012-05-31,0.717710471632489
2012-06-01,0.717422585870011
2012-06-02,0.7174099657292681
2012-06-03,0.7173606583389226
2012-06-04,0.7158591106804184
2012-06-05,0.7155540591354549
2012-06-06,0.7135179623167813
2012-06-07,0.7132465889650035
2012-06-08,0.7144643810493327
2012-06-09,0.7144626527035445
2012-06-10,0.714438570439404
2012-06-11,0.7158448785023817
2012-06-12,0.7165549131424732
2012-06-13,0.7151132577984148
2012-06-14,0.7137073915920102
2012-06-15,0.7134148217513002
2012-06-16,0.7134148962667551
2012-06-17,0.7133976897767298
2012-06-18,0.7133422090561417
2012-06-19,0.7055142465128857
2012-06-20,0.7110462900444732
2012-06-21,0.7137516256795624
2012-06-22,0.7207668719670483
2012-06-23,0.7207667881139982
2012-06-24,0.7206928044557986
2012-06-25,0.714781180860532
2012-06-26,0.7158486519597401
2012-06-27,0.7158433114387427
2012-06-28,0.7157899310783031
2012-06-29,0.7154854195041066
2012-06-30,0.7154848008900501
2012-07-01,0.7154475735719733
2012-07-02,0.710969588563833
2012-07-03,0.714021194770145
2012-07-04,0.7168838453760394
2012-07-05,0.7171790263384138
2012-07-06,0.7189999741937203
2012-07-07,0.7189998905462307
2012-07-08,0.7190396256886002
2012-07-09,0.7185308973276427
2012-07-10,0.7191366423580339
2012-07-11,0.7195196152673553
2012-07-12,0.7204006552114305
2012-07-13,0.7195655406877521
2012-07-14,0.7195656950956677
2012-07-15,0.7195414793610425
2012-07-16,0.7180331293971742
2012-07-17,0.7174820674589248
2012-07-18,0.7181944367253038
2012-07-19,0.7172155908740612
2012-07-20,0.7199927522162838
2012-07-21,0.7199906143963957
2012-07-22,0.7200261513154075
2012-07-23,0.7212903079576162
2012-07-24,0.7229689572364567
2012-07-25,0.7142600846948991
2012-07-26,0.7183345926582464
2012-07-27,0.7168778467886582
2012-07-28,0.7169182411242746
2012-07-29,0.7169102821836263
2012-07-30,0.7164828223575803
2012-07-31,0.716459155993658
2012-08-01,0.7174808061324602
2012-08-02,0.7187278256125357
2012-08-03,0.7157382299212213
2012-08-04,0.7157376108759596
2012-08-05,0.7156910625282591
2012-08-06,0.7140504700768073
2012-08-07,0.7146093477441123
2012-08-08,0.7152566269568029
2012-08-09,0.7147774662632668
2012-08-10,0.7146363016253642
2012-08-11,0.7146363760616864
2012-08-12,0.7146243366326165
2012-08-13,0.7141751086015589
2012-08-14,0.7150342561654767
2012-08-15,0.7154587451942335
2012-08-16,0.7148018849767195
2012-08-17,0.7162935402326344
2012-08-18,0.7162927625430955
2012-08-19,0.7163022864194385
2012-08-20,0.7156480865633525
2012-08-21,0.7155387092081392
2012-08-22,0.7148597823338705
2012-08-23,0.7130829829260054
2012-08-24,0.7149735013460946
2012-08-25,0.7149734268746609
2012-08-26,0.7149767835501776
2012-08-27,0.7146353707601425
2012-08-28,0.7147408296578687
2012-08-29,0.7159043264876421
2012-08-30,0.7181595320674486
2012-08-31,0.7164086924434416
2012-09-01,0.716408296680926
2012-09-02,0.7164127711517935
2012-09-03,0.7156587103498248
2012-09-04,0.7148171920389109
2012-09-05,0.7158525700741262
2012-09-06,0.7131785358362995
2012-09-07,0.7121609712849738
2012-09-08,0.7121611982699
2012-09-09,0.7121147208187832
2012-09-10,0.7118295301352873
2012-09-11,0.7105706833104329
2012-09-12,0.7100106387171853
2012-09-13,0.7072006355370376
2012-09-14,0.7053686708380877
2012-09-15,0.7053687443090964
2012-09-16,0.7053603093524661
2012-09-17,0.706166364750316
2012-09-18,0.7070807362037852
2012-09-19,0.7064084051383333
2012-09-20,0.7068211603826822
2012-09-21,0.7077180103860644
2012-09-22,0.7077182534887708
2012-09-23,0.707730153220303
2012-09-24,0.7081175632919616
2012-09-25,0.7072291875094149
2012-09-26,0.7100351129198051
2012-09-27,0.7072547140257242
2012-09-28,0.7077946642037949
2012-09-29,0.7077946642037949
2012-09-30,0.7078186203185907
2012-10-01,0.7082146683163807
2012-10-02,0.7079858009462493
2012-10-03,0.7084794328973456
2012-10-04,0.7072887141163734
2012-10-05,0.7069292274945351
2012-10-06,0.706928837478712
2012-10-07,0.7069165306590124
2012-10-08,0.7067888897571837
2012-10-09,0.7097415860070543
2012-10-10,0.7102067451170986
2012-10-11,0.7095415548016907
2012-10-12,0.7091312486110086
2012-10-13,0.7091027624879498
2012-10-14,0.7091077591299024
2012-10-15,0.7062716975484716
2012-10-16,0.7057616333855379
2012-10-17,0.7039899093230477
2012-10-18,0.7055781506606592
2012-10-19,0.7061974591640257
2012-10-20,0.7061968574421892
2012-10-21,0.706196386694573
2012-10-22,0.7055109599906018
2012-10-23,0.7070787129995568
2012-10-24,0.7076128704682297
2012-10-25,0.7088125977904342
2012-10-26,0.7082039792894003
2012-10-27,0.708204582721418
2012-10-28,0.7081876510958087
2012-10-29,0.7079994412083316
2012-10-30,0.7077531846587951
2012-10-31,0.7070839263379733
2012-11-01,0.7072781000483639
2012-11-02,0.7082498359808215
2012-11-03,0.7082219579949828
2012-11-04,0.7082413201738897
2012-11-05,0.7034689213626003
2012-11-06,0.7023308161591947
2012-11-07,0.7045524203600224
2012-11-08,0.7038343971597628
2012-11-09,0.7016822562252629
2012-11-10,0.701709508180965
2012-11-11,0.7017093129050604
2012-11-12,0.7052647674877829
2012-11-13,0.7056216549792242
2012-11-14,0.7042780873930541
2012-11-15,0.7042116034607554
2012-11-16,0.7047422231829807
2012-11-17,0.7047406565895714
2012-11-18,0.7047371101321113
2012-11-19,0.7046026607794643
2012-11-20,0.7031655886983899
2012-11-21,0.7045540225617029
2012-11-22,0.7045142314208647
2012-11-23,0.7013397834913678
2012-11-24,0.7013399208869
2012-11-25,0.7013132643594118
2012-11-26,0.7010563249514177
2012-11-27,0.6990530269674217
2012-11-28,0.698076986658621
2012-11-29,0.6970684094012306
2012-11-30,0.696813129354067
2012-12-01,0.6968082833583528
2012-12-02,0.6968078606501081
2012-12-03,0.6967657633711044
2012-12-04,0.6952913720967587
2012-12-05,0.6938959303182223
2012-12-06,0.695924085485947
2012-12-07,0.6965423782576161
2012-12-08,0.6965427613523486
2012-12-09,0.6965618060165678
2012-12-10,0.6940609362570795
2012-12-11,0.6941900055584773
2012-12-12,0.6927221107006118
2012-12-13,0.6924665864207378
2012-12-14,0.6886497989786418
2012-12-15,0.688649870708215
2012-12-16,0.688617704038447
2012-12-17,0.6919254967961278
2012-12-18,0.6936503425548596
2012-12-19,0.691508739252439
2012-12-20,0.6918154830751
2012-12-21,0.6925738756823893
2012-12-22,0.6925738756823893
2012-12-23,0.6926173933969425
2012-12-24,0.6930492262507849
2012-12-25,0.6990105833679905
2012-12-26,0.6930354224762688
2012-12-27,0.6930639986189066
2012-12-28,0.6924357054792148
2012-12-29,0.6924368852249692
2012-12-30,0.6924264344692055
2012-12-31,0.6893303858897547
2013-01-01,0.6987544127493162
2013-01-02,0.688991371337972
2013-01-03,0.6910556016078995
2013-01-04,0.6913558725053149
2013-01-05,0.6913558725053149
2013-01-06,0.6913674440825209
2013-01-07,0.6907311723279961
2013-01-08,0.6903860686231555
2013-01-09,0.6910738051472874
2013-01-10,0.6888559418946587
2013-01-11,0.6877984629649099
2013-01-12,0.687798829830934
2013-01-13,0.6878164217285603
2013-01-14,0.6885248356225727
2013-01-15,0.6902952958918485
2013-01-16,0.6906265397808299
2013-01-17,0.688538179325223
2013-01-18,0.6899848058443905
2013-01-19,0.6899809800872745
2013-01-20,0.6899982322509944
2013-01-21,0.6875208206121559
2013-01-22,0.6895716810637491
2013-01-23,0.6898303356946134
2013-01-24,0.6885052027325438
2013-01-25,0.6852006230811845
2013-01-26,0.6852006826869261
2013-01-27,0.6852009869809116
2013-01-28,0.6856444966509857
2013-01-29,0.6860929416918344
2013-01-30,0.6848069216898317
2013-01-31,0.6843112346003271
2013-02-01,0.6844816971367712
2013-02-02,0.6844817369529592
2013-02-03,0.6844811359014363
2013-02-04,0.6843376639439422
2013-02-05,0.6847234971913247
2013-02-06,0.6849772222509223
2013-02-07,0.6867297050403709
2013-02-08,0.6867316379510606
2013-02-09,0.6867314905888338
2013-02-10,0.686756071307251
2013-02-11,0.6851558295808431
2013-02-12,0.6850538262742292
2013-02-13,0.6845642931111807
2013-02-14,0.6855036105518654
2013-02-15,0.6832246783784398
2013-02-16,0.6832246783784398
2013-02-17,0.6832246783784398
2013-02-18,0.6835000580898702
2013-02-19,0.683230381014722
2013-02-20,0.6840550331375587
2013-02-21,0.684966948469079
2013-02-22,0.6897270734564599
2013-02-23,0.6897067267643171
2013-02-24,0.6897067267643171
2013-02-25,0.6855396330820915
2013-02-26,0.6892804728011728
2013-02-27,0.6863699172453075
2013-02-28,0.6867078403650171
2013-03-01,0.6873774389656631
2013-03-02,0.6873634434950234
2013-03-03,0.6874156105562276
2013-03-04,0.685092566378376
2013-03-05,0.6844872719047325
2013-03-06,0.6859944522778637
2013-03-07,0.6862464453760626
2013-03-08,0.6839441971178182
2013-03-09,0.6839441258783902
2013-03-10,0.6839441971178182
2013-03-11,0.6888272357995042
2013-03-12,0.6838542222854507
2013-03-13,0.6854915754669119
2013-03-14,0.6852974653055868
2013-03-15,0.6832342675075267
2013-03-16,0.6832154321492877
2013-03-17,0.6832155033128241
2013-03-18,0.6850457628563031
2013-03-19,0.6862310216757741
2013-03-20,0.6865449887850033
2013-03-21,0.6860901385371764
2013-03-22,0.6856550930970786
2013-03-23,0.6856414487879893
2013-03-24,0.6856414487879893
2013-03-25,0.6862352498455154
2013-03-26,0.6866465708433575
2013-03-27,0.6869453783758976
2013-03-28,0.686961249070304
2013-03-29,0.6895607327164104
2013-03-30,0.6895611129352847
2013-03-31,0.6895611129352847
2013-04-01,0.6866001201246875
2013-04-02,0.6879352772242546
2013-04-03,0.686549355578509
2013-04-04,0.6852219882100975
2013-04-05,0.686860857301913
2013-04-06,0.6868333530556519
2013-04-07,0.6868333530556519
2013-04-08,0.6846704477713741
2013-04-09,0.683749577685628
2013-04-10,0.682767566698127
2013-04-11,0.6839725224266673
2013-04-12,0.6828839606194277
2013-04-13,0.6828853471323678
2013-04-14,0.683112922167957
2013-04-15,0.6850158317233656
2013-04-16,0.6837344424052546
2013-04-17,0.6854654902202796
2013-04-18,0.6865124586222648
2013-04-19,0.6864299296656191
2013-04-20,0.6864297823681343
2013-04-21,0.6864437800461343
2013-04-22,0.6868177513236461
2013-04-23,0.6875923468595645
2013-04-24,0.687179366353474
2013-04-25,0.6866074397857277
2013-04-26,0.6859867012509774
2013-04-27,0.6859621458220786
2013-04-28,0.6859626369291184
2013-04-29,0.6846665749998795
2013-04-30,0.6829982987611128
2013-05-01,0.6834173123001699
2013-05-02,0.6851333925767567
2013-05-03,0.6855366779749729
2013-05-04,0.6855297762342694
2013-05-05,0.6855295620148147
2013-05-06,0.685187390815728
2013-05-07,0.6859861209091224
2013-05-08,0.6845064402756502
2013-05-09,0.6852165698967795
2013-05-10,0.6866389782912826
2013-05-11,0.6866174195661895
2013-05-12,0.6866599547855019
2013-05-13,0.6862073236601928
2013-05-14,0.6873469588261698
2013-05-15,0.6882743038687357
2013-05-16,0.6886512722289799
2013-05-17,0.6900684092749003
2013-05-18,0.6900484498352203
2013-05-19,0.6900484498352203
2013-05-20,0.689742412520388
2013-05-21,0.6897414697139969
2013-05-22,0.692502105896966
2013-05-23,0.6909170112378696
2013-05-24,0.6902670814343941
2013-05-25,0.6902670814343941
2013-05-26,0.6902670814343941
2013-05-27,0.6930762266438015
2013-05-28,0.6930540600901097
2013-05-29,0.6932344081146147
2013-05-30,0.6914060585358196
2013-05-31,0.6922439900196578
2013-06-01,0.692228901407468
2013-06-02,0.692228829305097
2013-06-03,0.6922911131151238
2013-06-04,0.6908896488666857
2013-06-05,0.6905096899301564
2013-06-06,0.6873046735006929
2013-06-07,0.6876288795810599
2013-06-08,0.687497329807302
2013-06-09,0.6874945617336022
2013-06-10,0.688856949703768
2013-06-11,0.6878543216743752
2013-06-12,0.6874954272808219
2013-06-13,0.6868580250866233
2013-06-14,0.683328354856327
2013-06-15,0.6833175619996827
2013-06-16,0.6833178188496286
2013-06-17,0.6836252475195816
2013-06-18,0.6852571087007688
2013-06-19,0.6878460954496977
2013-06-20,0.6908643491285322
2013-06-21,0.6921206888928332
2013-06-22,0.6920983793618876
2013-06-23,0.6920984514487466
2013-06-24,0.6931411558683828
2013-06-25,0.693584806843939
2013-06-26,0.6889972589966471
2013-06-27,0.6861488543334211
2013-06-28,0.690116619308117
2013-06-29,0.6900793298161431
2013-06-30,0.6900794016946169
2013-07-01,0.6853246642862753
2013-07-02,0.6861397603593237
2013-07-03,0.6853941859337811
2013-07-04,0.6915577941275536
2013-07-05,0.6887877238984746
2013-07-06,0.6887639551248855
2013-07-07,0.6906555910012426
2013-07-08,0.6905412833083406
2013-07-09,0.6918251952156016
2013-07-10,0.689187599192811
2013-07-11,0.6865626351181612
2013-07-12,0.6874490308897185
2013-07-13,0.6874509816658393
2013-07-14,0.6874530429162583
2013-07-15,0.6865352534045854
2013-07-16,0.685502895753334
2013-07-17,0.6771937255316389
2013-07-18,0.6799892448053463
2013-07-19,0.6766283487168544
2013-07-20,0.6766938175697647
2013-07-21,0.6766937476356676
2013-07-22,0.6898442568746098
2013-07-23,0.6852836137997185
2013-07-24,0.6863761808688844
2013-07-25,0.685798104046349
2013-07-26,0.6860163192179685
2013-07-27,0.6859942236300607
2013-07-28,0.6859942236300607
2013-07-29,0.6864659648932242
2013-07-30,0.6891545686665108
2013-07-31,0.6890497283655297
2013-08-01,0.6902314320767606
2013-08-02,0.6889192433948501
2013-08-03,0.6889124203310707
2013-08-04,0.6889144878764425
2013-08-05,0.6850509759554257
2013-08-06,0.6857910326997375
2013-08-07,0.6858433702099314
2013-08-08,0.6846650507718791
2013-08-09,0.6837833206699955
2013-08-10,0.683759847896893
2013-08-11,0.6837487739442896
2013-08-12,0.6826121982086806
2013-08-13,0.686899299829361
2013-08-14,0.6861911610977371
2013-08-15,0.6847923352757692
2013-08-16,0.6851856041050033
2013-08-17,0.6851678704405016
2013-08-18,0.6851678704405016
2013-08-19,0.6868319717986522
2013-08-20,0.6852580040370658
2013-08-21,0.6841947125928821
2013-08-22,0.6860450812058242
2013-08-23,0.6822879419275238
2013-08-24,0.6824501272381679
2013-08-25,0.6824482622378906
2013-08-26,0.6788050104461774
2013-08-27,0.6783756316631652
2013-08-28,0.679610863442094
2013-08-29,0.6812099770878436
2013-08-30,0.6829038680324572
2013-08-31,0.6829539909684887
2013-09-01,0.6829503497661632
2013-09-02,0.6836600415663583
2013-09-03,0.6840748747154558
2013-09-04,0.683911392743079
2013-09-05,0.6823414603092682
2013-09-06,0.6848849219544012
2013-09-07,0.6848849219544012
2013-09-08,0.6848849219544012
2013-09-09,0.682827972850723
2013-09-10,0.6835235573161368
2013-09-11,0.6820781788509728
2013-09-12,0.6814067793918093
2013-09-13,0.681705004472728
2013-09-14,0.6816814055854803
2013-09-15,0.6816812635874621
2013-09-16,0.6815147892747592
2013-09-17,0.6807980704667421
2013-09-18,0.6774247146081908
2013-09-19,0.6767522845607249
2013-09-20,0.6796967078678513
2013-09-21,0.6796967078678513
2013-09-22,0.6796966370727172
2013-09-23,0.6788236315978827
2013-09-24,0.6796677633530569
2013-09-25,0.6821639337484254
2013-09-26,0.6810920729557908
2013-09-27,0.6817168833963811
2013-09-28,0.6816932751105077
2013-09-29,0.681719638929232
2013-09-30,0.6817348855989885
2013-10-01,0.6816034311499358
2013-10-02,0.6829133689802909
2013-10-03,0.680078930013026
2013-10-04,0.6795955982855071
2013-10-05,0.6795635057577624
2013-10-06,0.6795635057577624
2013-10-07,0.6798456009597013
2013-10-08,0.6801552665719317
2013-10-09,0.6796737976046391
2013-10-10,0.6798724749711835
2013-10-11,0.6802173437829424
2013-10-12,0.6801636326819537
2013-10-13,0.6801637743713913
2013-10-14,0.6799344468514501
2013-10-15,0.6788597925538438
2013-10-16,0.6787170513783659
2013-10-17,0.6764318926559045
2013-10-18,0.6781012724514807
2013-10-19,0.6780710137494341
2013-10-20,0.6780710843752424
2013-10-21,0.6766202392738943
2013-10-22,0.6763582691283081
2013-10-23,0.6764583908471162
2013-10-24,0.6764932904975149
2013-10-25,0.6758368039085464
2013-10-26,0.6758176461605812
2013-10-27,0.6758176461605812
2013-10-28,0.6748544516528525
2013-10-29,0.6763621355651971
2013-10-30,0.6764141155649067
2013-10-31,0.6794381354933041
2013-11-01,0.6834788212087424
2013-11-02,0.683476936814025
2013-11-03,0.6834773243753643
2013-11-04,0.6823465834060336
2013-11-05,0.6835780340047072
2013-11-06,0.6826172634079051
2013-11-07,0.6843123525594943
2013-11-08,0.6852219310786974
2013-11-09,0.6852211201110344
2013-11-10,0.6852209773680683
2013-11-11,0.6870790506469482
2013-11-12,0.6862648567637315
2013-11-13,0.6854726910902149
2013-11-14,0.6876410864943326
2013-11-15,0.6857989005073022
2013-11-16,0.6857989005073022
2013-11-17,0.6857989005073022
2013-11-18,0.6843179592860674
2013-11-19,0.6858885268876207
2013-11-20,0.6847298591587095
2013-11-21,0.6869288645726342
2013-11-22,0.684457047058815
2013-11-23,0.684457047058815
2013-11-24,0.6844568331802813
2013-11-25,0.6862580105551171
2013-11-26,0.6860996425534919
2013-11-27,0.6875605834851144
2013-11-28,0.6899843782766848
2013-11-29,0.6874936901661941
2013-11-30,0.6874950853419263
2013-12-01,0.6874964894389038
2013-12-02,0.6870531451919499
2013-12-03,0.6883726473518301
2013-12-04,0.6880405281024589
2013-12-05,0.6903127486097639
2013-12-06,0.6880175402138977
2013-12-07,0.6880134422632703
2013-12-08,0.6880134422632703
2013-12-09,0.685447669346849
2013-12-10,0.6872584652938906
2013-12-11,0.6854243455048309
2013-12-12,0.6866125091797834
2013-12-13,0.6869459891391776
2013-12-14,0.6869458417430938
2013-12-15,0.6869458417430938
2013-12-16,0.6844682691835348
2013-12-17,0.68342895099529
2013-12-18,0.6851111823690075
2013-12-19,0.6843264835904668
2013-12-20,0.6851159242418298
2013-12-21,0.6851121335523294
2013-12-22,0.685108294965642
2013-12-23,0.6836765045366967
2013-12-24,0.6844042704024976
2013-12-25,0.6885724067536687
2013-12-26,0.6878599501693446
2013-12-27,0.6868003839878003
2013-12-28,0.6868094678500256
2013-12-29,0.6868093963140559
2013-12-30,0.6879153148243743
2013-12-31,0.6848056434615436
2014-01-01,0.6861562071242804
2014-01-02,0.6841349995730182
2014-01-03,0.6875648991685425
2014-01-04,0.6875589735851763
2014-01-05,0.6875589735851763
2014-01-06,0.686886702962931
2014-01-07,0.68413651020647
2014-01-08,0.6881854935927884
2014-01-09,0.6875542188224874
2014-01-10,0.688424470406124
2014-01-11,0.6884230084805306
2014-01-12,0.6884206513583607
2014-01-13,0.6849485071193079
2014-01-14,0.6848203012913696
2014-01-15,0.6865717452197139
2014-01-16,0.6850558072761854
2014-01-17,0.6871767316024711
2014-01-18,0.6871767316024711
2014-01-19,0.6871764452941597
2014-01-20,0.6882079130132343
2014-01-21,0.6870115701772713
2014-01-22,0.6872081617638628
2014-01-23,0.6869494182837471
2014-01-24,0.6889916354774401
2014-01-25,0.6889904676781747
2014-01-26,0.6889904676781747
2014-01-27,0.6872276347315411
2014-01-28,0.687324522086622
2014-01-29,0.6880304327543425
2014-01-30,0.6896297976111385
2014-01-31,0.6897434165541584
2014-02-01,0.6897432685741021
2014-02-02,0.6897431967325557
2014-02-03,0.6898706791780063
2014-02-04,0.6896214405524926
2014-02-05,0.6881397403973626
2014-02-06,0.688041363883059
2014-02-07,0.6869406841056842
2014-02-08,0.6869411262178475
2014-02-09,0.6869410546681597
2014-02-10,0.6863539260224161
2014-02-11,0.6877721516716788
2014-02-12,0.6875176348744573
2014-02-13,0.6860126365004485
2014-02-14,0.6847525466982054
2014-02-15,0.6847525466982054
2014-02-16,0.6847525466982054
2014-02-17,0.6837551053691086
2014-02-18,0.6832364778909334
2014-02-19,0.6829867767040556
2014-02-20,0.6834366913361054
2014-02-21,0.6833881920880494
2014-02-22,0.6833881920880494
2014-02-23,0.6833881920880494
2014-02-24,0.6844007634146604
2014-02-25,0.6823246612406608
2014-02-26,0.6847810343436465
2014-02-27,0.6838907123801058
2014-02-28,0.683883292006736
2014-03-01,0.683883292006736
2014-03-02,0.6838865138729693
2014-03-03,0.6835891895071788
2014-03-04,0.684913757446104
2014-03-05,0.6840215649545479
2014-03-06,0.68267707165393
2014-03-07,0.6822683120572743
2014-03-08,0.6822653650116166
2014-03-09,0.6822653650116166
2014-03-10,0.6825660754517973
2014-03-11,0.6824416725633338
2014-03-12,0.6806737518916908
2014-03-13,0.68085991947805
2014-03-14,0.6805433456011312
2014-03-15,0.6805436376096973
2014-03-16,0.6805436376096973
2014-03-17,0.6817043666753744
2014-03-18,0.6820413282982778
2014-03-19,0.6830519762119199
2014-03-20,0.683774201969199
2014-03-21,0.6850389208719226
2014-03-22,0.6850333884474965
2014-03-23,0.6850333884474965
2014-03-24,0.6850836641712527
2014-03-25,0.6847275654130067
2014-03-26,0.683997713172974
2014-03-27,0.6845673406320684
2014-03-28,0.6850600985271327
2014-03-29,0.6850604050461728
2014-03-30,0.6850604763999705
2014-03-31,0.6836828888744434
2014-04-01,0.6846020682296229
2014-04-02,0.6866627744539215
2014-04-03,0.6853727253577561
2014-04-04,0.6848681630052496
2014-04-05,0.6848690653300796
2014-04-06,0.6848690653300796
2014-04-07,0.6837539285560523
2014-04-08,0.6849873295784167
2014-04-09,0.6832638761087033
2014-04-10,0.6829001571566409
2014-04-11,0.681885439993304
2014-04-12,0.6818870072394065
2014-04-13,0.6818870072394065
2014-04-14,0.6834564830923421
2014-04-15,0.6838688229252403
2014-04-16,0.6834975555047155
2014-04-17,0.6826273981792719
2014-04-18,0.6828502489169685
2014-04-19,0.6828501023916481
2014-04-20,0.6828501023916481
2014-04-21,0.6850007235526502
2014-04-22,0.6835593573271738
2014-04-23,0.6837724297786775
2014-04-24,0.6839102224493023
2014-04-25,0.6830573413224745
2014-04-26,0.6830577182347056
2014-04-27,0.6830577182347056
2014-04-28,0.6831848964940521
2014-04-29,0.6838391074189499
2014-04-30,0.6821388722879399
2014-05-01,0.6813117465927593
2014-05-02,0.6815456993242579
2014-05-03,0.6815472616423742
2014-05-04,0.681546835709536
2014-05-05,0.6779713831926912
2014-05-06,0.6815234047413398
2014-05-07,0.6809883240699713
2014-05-08,0.6810352303778452
2014-05-09,0.6818904676615075
2014-05-10,0.6818878052688145
2014-05-11,0.6818875922044765
2014-05-12,0.6827116689772723
2014-05-13,0.6834554489680355
2014-05-14,0.6836437589208761
2014-05-15,0.6841788281224633
2014-05-16,0.6841117298348085
2014-05-17,0.6839855725328515
2014-05-18,0.6839855012910083
2014-05-19,0.6838659431849136
2014-05-20,0.6852246726830137
2014-05-21,0.6846595576083082
2014-05-22,0.6846070976413243
2014-05-23,0.6843368303034826
2014-05-24,0.6843395205095358
2014-05-25,0.6843395205095358
2014-05-26,0.686583210293702
2014-05-27,0.6852771731700985
2014-05-28,0.6850196922281108
2014-05-29,0.6859314813528368
2014-05-30,0.6844455341325745
2014-05-31,0.6844447791499096
2014-06-01,0.6844443514062707
2014-06-02,0.6851275734423784
2014-06-03,0.6853446900736098
2014-06-04,0.6856901518956362
2014-06-05,0.6841244923212004
2014-06-06,0.6817476893596438
2014-06-07,0.6817476767609145
2014-06-08,0.6817471086986773
2014-06-09,0.6823120583888235
2014-06-10,0.682814419045841
2014-06-11,0.683489241297196
2014-06-12,0.6833019924172953
2014-06-13,0.6829728237819562
2014-06-14,0.6829711482571785
2014-06-15,0.6829709348543386
2014-06-16,0.6824731036454059
2014-06-17,0.6828818488819526
2014-06-18,0.6822043025834055
2014-06-19,0.6824238450236967
2014-06-20,0.6826971511723164
2014-06-21,0.6826972140803974
2014-06-22,0.6826966452269656
2014-06-23,0.6821077721121864
2014-06-24,0.6816967040903595
2014-06-25,0.6798683455101673
2014-06-26,0.6821820087617938
2014-06-27,0.681664061385381
2014-06-28,0.6816619543410966
2014-06-29,0.6816619543410966
2014-06-30,0.6814641348439798
2014-07-01,0.6814475275171461
2014-07-02,0.68060135725974
2014-07-03,0.6818769859456281
2014-07-04,0.6814673365924625
2014-07-05,0.6814673365924625
2014-07-06,0.6814673365924625
2014-07-07,0.6817114481324696
2014-07-08,0.6819042085866358
2014-07-09,0.6804341630171838
2014-07-10,0.6804416101412548
2014-07-11,0.6816826898724495
2014-07-12,0.6817031318947379
2014-07-13,0.6817027768647844
2014-07-14,0.6812759610705453
2014-07-15,0.6818995268210831
2014-07-16,0.6821743221839631
2014-07-17,0.6828788534205661
2014-07-18,0.6825257997993599
2014-07-19,0.6825253399164516
2014-07-20,0.6825250555461195
2014-07-21,0.6822125338081139
2014-07-22,0.6825033217619292
2014-07-23,0.6820107812227257
2014-07-24,0.681637554499388
2014-07-25,0.6824576014717868
2014-07-26,0.6824572833072681
2014-07-27,0.6824570700649937
2014-07-28,0.6825988487319912
2014-07-29,0.6817475325793397
2014-07-30,0.6827780178567935
2014-07-31,0.6826973728614553
2014-08-01,0.6826067725993882
2014-08-02,0.6826021795814146
2014-08-03,0.6826020373916059
2014-08-04,0.683580724397211
2014-08-05,0.6842958442638997
2014-08-06,0.6841548282537498
2014-08-07,0.6853476937767009
2014-08-08,0.685387430174149
2014-08-09,0.685387430174149
2014-08-10,0.6853871446113498
2014-08-11,0.6862856806473194
2014-08-12,0.6861621031333268
2014-08-13,0.6859039877075948
2014-08-14,0.6850334544279478
2014-08-15,0.6852127968583379
2014-08-16,0.685210905546907
2014-08-17,0.6852104059607571
2014-08-18,0.6858484642588761
2014-08-19,0.6868380794080339
2014-08-20,0.6881122115950614
2014-08-21,0.6877646804748309
2014-08-22,0.6875525684910465
2014-08-23,0.6875525684910465
2014-08-24,0.6875524252624001
2014-08-25,0.6888654360156755
2014-08-26,0.6888121021504686
2014-08-27,0.6877703582092384
2014-08-28,0.6878278166952861
2014-08-29,0.6871165151399999
2014-08-30,0.6871171005320519
2014-08-31,0.6871169574017524
2014-09-01,0.6865774088929345
2014-09-02,0.6871271757292491
2014-09-03,0.6900627232343343
2014-09-04,0.6884781448656282
2014-09-05,0.6928857713201747
2014-09-06,0.6928857713201747
2014-09-07,0.692885626980539
2014-09-08,0.6897253947422158
2014-09-09,0.6903298321345707
2014-09-10,0.6904137165720274
2014-09-11,0.6918963501724246
2014-09-12,0.6765063576585416
2014-09-13,0.6765067896918884
2014-09-14,0.6765063002754872
2014-09-15,0.6760315083227695
2014-09-16,0.6761241982643337
2014-09-17,0.6773070042407389
2014-09-18,0.6772026985560551
2014-09-19,0.677544750353024
2014-09-20,0.677544327725607
2014-09-21,0.6775440476413284
2014-09-22,0.678032577870834
2014-09-23,0.6808176242723295
2014-09-24,0.6784669883139318
2014-09-25,0.679377122524039
2014-09-26,0.683250987905519
2014-09-27,0.6832400494901483
2014-09-28,0.6832394139945551
2014-09-29,0.681413021880615
2014-09-30,0.6810747086236755
2014-10-01,0.6842603604135463
2014-10-02,0.6815791975798018
2014-10-03,0.6825918808286169
2014-10-04,0.6825929728624031
2014-10-05,0.6825929728624031
2014-10-06,0.6816032141942047
2014-10-07,0.6800591954496332
2014-10-08,0.6795990446950877
2014-10-09,0.6841921536001484
2014-10-10,0.6873099785010992
2014-10-11,0.6873104173977639
2014-10-12,0.6873104173977639
2014-10-13,0.6806148819482278
2014-10-14,0.6815760120636055
2014-10-15,0.6806773957931618
2014-10-16,0.6786049716763456
2014-10-17,0.680717136677556
2014-10-18,0.6807177999056911
2014-10-19,0.6807177999056911
2014-10-20,0.6803279586177577
2014-10-21,0.6802524240589831
2014-10-22,0.6810407633020987
2014-10-23,0.6813153107357455
2014-10-24,0.6814938681238975
2014-10-25,0.6814911362697252
2014-10-26,0.6814912770826296
2014-10-27,0.6835055686813255
2014-10-28,0.6828436252358517
2014-10-29,0.6840622120884733
2014-10-30,0.681283949516542
2014-10-31,0.6822764465015209
2014-11-01,0.6822760524792263
2014-11-02,0.6822750654702875
2014-11-03,0.6843315683318292
2014-11-04,0.6879172585677124
2014-11-05,0.6838980107011429
2014-11-06,0.6861062458455919
2014-11-07,0.6858961985237488
2014-11-08,0.6858958034883119
2014-11-09,0.6858959452075527
2014-11-10,0.6850232933812982
2014-11-11,0.6896190998479367
2014-11-12,0.685603253707774
2014-11-13,0.6858041606555736
2014-11-14,0.6852818331416075
2014-11-15,0.6852818331416075
2014-11-16,0.6852805585737008
2014-11-17,0.6893790824260767
2014-11-18,0.689756088061062
2014-11-19,0.6863865758549325
2014-11-20,0.6863443487333986
2014-11-21,0.686770268626398
2014-11-22,0.6867706660870195
2014-11-23,0.6867706660870195
2014-11-24,0.6878052071777101
2014-11-25,0.6866881387318933
2014-11-26,0.6862211199674657
2014-11-27,0.6872092626442972
2014-11-28,0.6886748453648887
2014-11-29,0.6886752305475177
2014-11-30,0.6886752305475177
2014-12-01,0.6890531094673273
2014-12-02,0.6912307975481585
2014-12-03,0.6920899138764739
2014-12-04,0.6918977653007068
2014-12-05,0.6929998833185349
2014-12-06,0.6929998833185349
2014-12-07,0.6929998833185349
2014-12-08,0.6926964780039235
2014-12-09,0.6925825193107316
2014-12-10,0.6931888991311934
2014-12-11,0.6935235415101715
2014-12-12,0.6934187282562686
2014-12-13,0.6934237546217099
2014-12-14,0.6934237546217099
2014-12-15,0.6957047549872719
2014-12-16,0.6953332111538215
2014-12-17,0.6947958175084933
2014-12-18,0.6957636684716889
2014-12-19,0.7017385550089711
2014-12-20,0.7017467591775692
2014-12-21,0.7017468316312768
2014-12-22,0.6949999885618812
2014-12-23,0.6960018179643186
2014-12-24,0.6962416898856257
2014-12-25,0.6956855535328117
2014-12-26,0.6952991724168511
2014-12-27,0.6952991724168511
2014-12-28,0.6952993878497898
2014-12-29,0.6958608140441357
2014-12-30,0.6951356436230395
2014-12-31,0.6962356272676089
2015-01-01,0.6967775603544526
2015-01-02,0.6977477754497549
2015-01-03,0.6977436350575531
2015-01-04,0.6977429146443116
2015-01-05,0.6991826549893873
2015-01-06,0.7007772326668221
2015-01-07,0.7008794758305835
2015-01-08,0.7003835526043461
2015-01-09,0.6994073235458826
2015-01-10,0.6994073235458826
2015-01-11,0.6994066014725928
2015-01-12,0.6996958211472522
2015-01-13,0.6999069773131603
2015-01-14,0.6997046106568242
2015-01-15,0.6992713432452644
2015-01-16,0.7006628913454733
2015-01-17,0.7006628913454733
2015-01-18,0.7006819673572175
2015-01-19,0.7023182128762008
2015-01-20,0.699279649179967
2015-01-21,0.6998290109697145
2015-01-22,0.7034138700251379
2015-01-23,0.70272601368468
2015-01-24,0.70272601368468
2015-01-25,0.70272601368468
2015-01-26,0.7032170813439803
2015-01-27,0.7030551097754102
2015-01-28,0.7041539779856612
2015-01-29,0.7046434623870076
2015-01-30,0.7053929230495729
2015-01-31,0.7053929230495729
2015-02-01,0.7053981755945627
2015-02-02,0.7053518530368437
2015-02-03,0.7037341798849299
2015-02-04,0.7040449666672708
2015-02-05,0.7027530856059597
2015-02-06,0.7044464839714984
2015-02-07,0.7044460782521997
2015-02-08,0.7044463693020878
2015-02-09,0.7039423963780338
2015-02-10,0.7044539589160214
2015-02-11,0.7063154504863988
2015-02-12,0.7073685172102997
2015-02-13,0.7072894852249934
2015-02-14,0.7072548944007772
2015-02-15,0.7072559388745138
2015-02-16,0.7079431255851683
2015-02-17,0.7079083027343902
2015-02-18,0.7077580556656892
2015-02-19,0.7079705016646689
2015-02-20,0.709154033777889
2015-02-21,0.709154033777889
2015-02-22,0.7091532062928569
2015-02-23,0.7109268932145665
2015-02-24,0.7119201311052382
2015-02-25,0.7112874749669453
2015-02-26,0.7110411771109376
2015-02-27,0.7120920062295935
2015-02-28,0.7121115104509025
2015-03-01,0.7121115840472981
2015-03-02,0.7118438951453213
2015-03-03,0.7129868138697482
2015-03-04,0.7133744822958966
2015-03-05,0.7146111500353994
2015-03-06,0.7171225315994822
2015-03-07,0.7171225315994822
2015-03-08,0.7171235690202828
2015-03-09,0.7183043259744387
2015-03-10,0.7214762227722704
2015-03-11,0.7235215152243532
2015-03-12,0.7226794641457156
2015-03-13,0.7249396049841739
2015-03-14,0.7249408299479081
2015-03-15,0.724939909139637
2015-03-16,0.7252240795085314
2015-03-17,0.7258885557032427
2015-03-18,0.7225041495107868
2015-03-19,0.7241694600357308
2015-03-20,0.7228605941601968
2015-03-21,0.7228604059979598
2015-03-22,0.7228603312986471
2015-03-23,0.7196942473216581
2015-03-24,0.7182288990661368
2015-03-25,0.7187098734052653
2015-03-26,0.7197692015747689
2015-03-27,0.7209555731261192
2015-03-28,0.7209547758018716
2015-03-29,0.7209543288055504
2015-03-30,0.7219400469816977
2015-03-31,0.7223037345367926
2015-04-01,0.7221406413461691
2015-04-02,0.7198161630419869
2015-04-03,0.7183303373518958
2015-04-04,0.7183281766458446
2015-04-05,0.7183281766458446
2015-04-06,0.7182703608416544
2015-04-07,0.719107753150783
2015-04-08,0.7194146278006098
2015-04-09,0.7209578866281211
2015-04-10,0.7228040238897353
2015-04-11,0.7228036459166151
2015-04-12,0.7228036459166151
2015-04-13,0.7240126910935266
2015-04-14,0.7228006758353882
2015-04-15,0.7217108419722477
2015-04-16,0.7192339595274441
2015-04-17,0.7174445935570746
2015-04-18,0.7174429279359775
2015-04-19,0.7174420166514355
2015-04-20,0.7202131960798533
2015-04-21,0.7214226815598493
2015-04-22,0.721621194559494
2015-04-23,0.7202244845595018
2015-04-24,0.7204030100801354
2015-04-25,0.720403193209719
2015-04-26,0.7204040337961214
2015-04-27,0.7182635433556765
2015-04-28,0.7169143296661927
2015-04-29,0.7144586863179633
2015-04-30,0.7147185476594091
2015-05-01,0.715186834238721
2015-05-02,0.715185135488991
2015-05-03,0.715184079238473
2015-05-04,0.7160723474263874
2015-05-05,0.7160757556554597
2015-05-06,0.7143619660492478
2015-05-07,0.7149046123365794
2015-05-08,0.7140762100600883
2015-05-09,0.7140747047995343
2015-05-10,0.7140748524079513
2015-05-11,0.7155921583513631
2015-05-12,0.714569318814678
2015-05-13,0.7138597981611422
2015-05-14,0.7116821736267636
2015-05-15,0.7101093708364578
2015-05-16,0.7101083227680014
2015-05-17,0.7101090779526307
2015-05-18,0.712410456958671
2015-05-19,0.7145671175893403
2015-05-20,0.7162877449962552
2015-05-21,0.7174952956520264
2015-05-22,0.717496743147553
2015-05-23,0.7174953361948628
2015-05-24,0.71749449899646
2015-05-25,0.7211503016865665
2015-05-26,0.7204811565480356
2015-05-27,0.7216685656887882
2015-05-28,0.7213915878197175
2015-05-29,0.7221271551769782
2015-05-30,0.7221264311366816
2015-05-31,0.7221264311366816
2015-06-01,0.7233804063117802
2015-06-02,0.7216926830358531
2015-06-03,0.7203235345227545
2015-06-04,0.7204838717909112
2015-06-05,0.7225173710060021
2015-06-06,0.7225161827614315
2015-06-07,0.7225145710312327
2015-06-08,0.7212234199253904
2015-06-09,0.7189339289192727
2015-06-10,0.7193313738546189
2015-06-11,0.7195484749980535
2015-06-12,0.720842401124003
2015-06-13,0.720842401124003
2015-06-14,0.7208414855214965
2015-06-15,0.7210619525402577
2015-06-16,0.7208855516844899
2015-06-17,0.7196943638873613
2015-06-18,0.7192667222285642
2015-06-19,0.7185453376319838
2015-06-20,0.7186114079161907
2015-06-21,0.7186121721436738
2015-06-22,0.7193867863522447
2015-06-23,0.7222209357059408
2015-06-24,0.7208355060623126
2015-06-25,0.7206197824295002
2015-06-26,0.7207045723351932
2015-06-27,0.7207944659213441
2015-06-28,0.7207951582767502
2015-06-29,0.7211563156981996
2015-06-30,0.7221509375378925
2015-07-01,0.721084966079263
2015-07-02,0.7235982347869337
2015-07-03,0.7214652663494348
2015-07-04,0.7214660001169264
2015-07-05,0.7215029238416786
2015-07-06,0.7250443940649178
2015-07-07,0.7257476393179458
2015-07-08,0.7246514034197428
2015-07-09,0.7255966093914502
2015-07-10,0.7239803096086566
2015-07-11,0.7239803096086566
2015-07-12,0.7239803844296858
2015-07-13,0.7237235047298101
2015-07-14,0.7243842109276949
2015-07-15,0.7264519835098817
2015-07-16,0.7254739983075451
2015-07-17,0.7264764035780971
2015-07-18,0.7264734695785854
2015-07-19,0.7264734695785854
2015-07-20,0.7267326846864287
2015-07-21,0.7253619448688995
2015-07-22,0.7252571091258267
2015-07-23,0.7250243462173617
2015-07-24,0.7262646913761854
2015-07-25,0.7262745465360133
2015-07-26,0.7262744714738851
2015-07-27,0.7285351089421397
2015-07-28,0.7272052677263239
2015-07-29,0.7275119307810094
2015-07-30,0.7289208857898418
2015-07-31,0.7289009759062974
2015-08-01,0.7289009759062974
2015-08-02,0.7289009759062974
2015-08-03,0.7307875848023642
2015-08-04,0.7311740310023641
2015-08-05,0.7309973460227613
2015-08-06,0.7318772557995168
2015-08-07,0.7313339460052872
2015-08-08,0.7313344072672435
2015-08-09,0.7313336138656061
2015-08-10,0.7304947252874652
2015-08-11,0.7320437335132909
2015-08-12,0.7318099799509115
2015-08-13,0.7322182202929785
2015-08-14,0.7334320637583387
2015-08-15,0.7334320637583387
2015-08-16,0.7334308133734357
2015-08-17,0.7332026713294211
2015-08-18,0.7335310682365055
2015-08-19,0.7373432466525768
2015-08-20,0.7337372626813119
2015-08-21,0.738168389786726
2015-08-22,0.7381620924145283
2015-08-23,0.7381623212684724
2015-08-24,0.7382245429459137
2015-08-25,0.7389148388329352
2015-08-26,0.7404225802322871
2015-08-27,0.7398797854000374
2015-08-28,0.7378007205514012
2015-08-29,0.7378007205514012
2015-08-30,0.7378007967885294
2015-08-31,0.7405614717546645
2015-09-01,0.7384241516163491
2015-09-02,0.7392594974015777
2015-09-03,0.740849331945885
2015-09-04,0.7427487898395733
2015-09-05,0.7427487898395733
2015-09-06,0.7427498645043379
2015-09-07,0.7422363301669772
2015-09-08,0.7410145756092746
2015-09-09,0.7410693577665858
2015-09-10,0.7411693254577821
2015-09-11,0.73904976765564
2015-09-12,0.739049691252789
2015-09-13,0.73904976765564
2015-09-14,0.7391724452777707
2015-09-15,0.7389877542432637
2015-09-16,0.7385842486353248
2015-09-17,0.7362281689470233
2015-09-18,0.7366999130887821
2015-09-19,0.7366923582336499
2015-09-20,0.7366933858615647
2015-09-21,0.7377822428880468
2015-09-22,0.7403919398038169
2015-09-23,0.7420345024012669
2015-09-24,0.7406621357704452
2015-09-25,0.7411623793798536
2015-09-26,0.7411623793798536
2015-09-27,0.7411623793798536
2015-09-28,0.7420098001771395
2015-09-29,0.7419431361759635
2015-09-30,0.7409552721641101
2015-10-01,0.7438447292940379
2015-10-02,0.7400680766806247
2015-10-03,0.7400680766806247
2015-10-04,0.7400680001929005
2015-10-05,0.7388422065170656
2015-10-06,0.7383831305094986
2015-10-07,0.7382253756449891
2015-10-08,0.7339597619386774
2015-10-09,0.7330075711859725
2015-10-10,0.7330071075993921
2015-10-11,0.7330074106353277
2015-10-12,0.7336718236666114
2015-10-13,0.7333003593934021
2015-10-14,0.7324374202511595
2015-10-15,0.7315274195872454
2015-10-16,0.7314115157030707
2015-10-17,0.7313696245587955
2015-10-18,0.7314068128143886
2015-10-19,0.7334603275063003
2015-10-20,0.7336239946551912
2015-10-21,0.7348612642298399
2015-10-22,0.7370792771492615
2015-10-23,0.7381771567623723
2015-10-24,0.7381771567623723
2015-10-25,0.7381792174265431
2015-10-26,0.7380730342593809
2015-10-27,0.7370737915451407
2015-10-28,0.7392695631633631
2015-10-29,0.7390472274930235
2015-10-30,0.7390693022977514
2015-10-31,0.7390418626891923
2015-11-01,0.7390418626891923
2015-11-02,0.7385095306074043
2015-11-03,0.7385898611503702
2015-11-04,0.7399599867768224
2015-11-05,0.7408722992807781
2015-11-06,0.7473173406584656
2015-11-07,0.7473177908544445
2015-11-08,0.7473177136174491
2015-11-09,0.748501682354517
2015-11-10,0.7475835902734272
2015-11-11,0.7470867022557695
2015-11-12,0.7433610957823059
2015-11-13,0.7439611325956255
2015-11-14,0.7439609401234569
2015-11-15,0.743960709447151
2015-11-16,0.7483401789183103
2015-11-17,0.7457780777271774
2015-11-18,0.7495471101659451
2015-11-19,0.7472791833650487
2015-11-20,0.7456180005701951
2015-11-21,0.7456187720323723
2015-11-22,0.7456191573086616
2015-11-23,0.7480843547820584
2015-11-24,0.7485345849192584
2015-11-25,0.7527057782601896
2015-11-26,0.749727112246553
2015-11-27,0.7485850004161256
2015-11-28,0.7485934976311034
2015-11-29,0.7485934976311034
2015-11-30,0.7500596735846631
2015-12-01,0.750917498140045
2015-12-02,0.7499961396283971
2015-12-03,0.7434749787650038
2015-12-04,0.7458813433291352
2015-12-05,0.7458809590648671
2015-12-06,0.7458804196469304
2015-12-07,0.7474252218750124
2015-12-08,0.7452966592626713
2015-12-09,0.7467106267878997
2015-12-10,0.748140242322951
2015-12-11,0.7459906974061555
2015-12-12,0.7459906974061555
2015-12-13,0.7460381306092689
2015-12-14,0.7508918012903917
2015-12-15,0.7499227775106048
2015-12-16,0.7464275929327312
2015-12-17,0.7495194860522971
2015-12-18,0.7495823264875077
2015-12-19,0.7495821335654754
2015-12-20,0.7495826755160234
2015-12-21,0.7546430380712518
2015-12-22,0.7490966653457902
2015-12-23,0.7499551329607773
2015-12-24,0.7495529626899765
2015-12-25,0.7488435234766146
2015-12-26,0.7488433307447361
2015-12-27,0.7488433307447361
2015-12-28,0.74946376245906
2015-12-29,0.7503967592464565
2015-12-30,0.7519220849633714
2015-12-31,0.7524038283165735
2016-01-01,0.7529248585373987
2016-01-02,0.752927182655748
2016-01-03,0.7529275714803709
2016-01-04,0.7548824646595467
2016-01-05,0.7561296464856123
2016-01-06,0.7574245038799292
2016-01-07,0.7570275894051881
2016-01-08,0.7570604339487167
2016-01-09,0.7570602393475501
2016-01-10,0.7570632868843735
2016-01-11,0.7579454696748272
2016-01-12,0.760582943316427
2016-01-13,0.7606118269978699
2016-01-14,0.7642551938254125
2016-01-15,0.7611866699253602
2016-01-16,0.7611864743996984
2016-01-17,0.7611876546763306
2016-01-18,0.7617543040971018
2016-01-19,0.7560837186560303
2016-01-20,0.7595657062488175
2016-01-21,0.7621034772179959
2016-01-22,0.7638694120343563
2016-01-23,0.7638701966729542
2016-01-24,0.7638704334467294
2016-01-25,0.7611508570015791
2016-01-26,0.7599472124501858
2016-01-27,0.7615717524004598
2016-01-28,0.7605317248058543
2016-01-29,0.7623902777939364
2016-01-30,0.7623908651819457
2016-01-31,0.7623918105567222
2016-02-01,0.7610361000110957
2016-02-02,0.758412027562817
2016-02-03,0.7550112722557184
2016-02-04,0.7527988085743484
2016-02-05,0.7546050256616549
2016-02-06,0.7546048318394672
2016-02-07,0.7546048318394672
2016-02-08,0.7545879229066131
2016-02-09,0.7530902153238849
2016-02-10,0.753444457995956
2016-02-11,0.7540960362727765
2016-02-12,0.7552626277814004
2016-02-13,0.7552628217789802
2016-02-14,0.7552628217789802
2016-02-15,0.7555269312298039
2016-02-16,0.754430902867107
2016-02-17,0.7525116776311015
2016-02-18,0.7618567021041475
2016-02-19,0.7612324742095111
2016-02-20,0.7612326696951639
2016-02-21,0.7612322763195912
2016-02-22,0.7634282837097925
2016-02-23,0.7632955389543246
2016-02-24,0.76395763834354
2016-02-25,0.7622420613243175
2016-02-26,0.7659033281489015
2016-02-27,0.7659039180676638
2016-02-28,0.765904155541457
2016-02-29,0.7593733754902521
2016-03-01,0.7650369962133442
2016-03-02,0.7649942411760657
2016-03-03,0.7532120347171765
2016-03-04,0.7496924207058094
2016-03-05,0.749686028936202
2016-03-06,0.7496859514523758
2016-03-07,0.7516248131767406
2016-03-08,0.7508471710613
2016-03-09,0.7582579976339278
2016-03-10,0.75767625940286
2016-03-11,0.7559327081307062
2016-03-12,0.7559386634621954
2016-03-13,0.755938507212491
2016-03-14,0.7570937158810668
2016-03-15,0.7598388221900423
2016-03-16,0.740649461915597
2016-03-17,0.7380546245588196
2016-03-18,0.7379925702974717
2016-03-19,0.7379925702974717
2016-03-20,0.7379926459839772
2016-03-21,0.739409886953535
2016-03-22,0.7398679545726548
2016-03-23,0.7414626380506352
2016-03-24,0.7430393870310152
2016-03-25,0.7430058221524136
2016-03-26,0.7430067668677054
2016-03-27,0.7430068430643878
2016-03-28,0.7429188448227972
2016-03-29,0.7316144729285146
2016-03-30,0.7283799673842507
2016-03-31,0.7267032190310231
2016-04-01,0.7271910029814288
2016-04-02,0.7272108147389446
2016-04-03,0.7272108147389446
2016-04-04,0.7273665669797795
2016-04-05,0.7274999240999245
2016-04-06,0.7255867961806906
2016-04-07,0.7254891003225752
2016-04-08,0.7255869749238505
2016-04-09,0.7255877123318433
2016-04-10,0.7255878611663997
2016-04-11,0.7245453118640925
2016-04-12,0.7246444266871341
2016-04-13,0.7255137285744242
2016-04-14,0.72517646012098
2016-04-15,0.7301890633802923
2016-04-16,0.7301888793573925
2016-04-17,0.730189027984472
2016-04-18,0.7290421162555387
2016-04-19,0.7285451041521912
2016-04-20,0.7274057382847243
2016-04-21,0.7288765930701967
2016-04-22,0.7301431111185248
2016-04-23,0.7301484977703888
2016-04-24,0.7301515301726857
2016-04-25,0.7297714533873956
2016-04-26,0.7303742537870307
2016-04-27,0.7294033800638613
2016-04-28,0.7291703788363088
2016-04-29,0.7266512115938413
2016-04-30,0.726629078198018
2016-05-01,0.7266058070694248
2016-05-02,0.726642966160748
2016-05-03,0.7298438066322332
2016-05-04,0.7324832789432489
2016-05-05,0.7342751680143335
2016-05-06,0.7294941079458748
2016-05-07,0.7294870742270921
2016-05-08,0.729488039519905
2016-05-09,0.7304099310314266
2016-05-10,0.730719193209605
2016-05-11,0.7300019824509728
2016-05-12,0.7245954348801513
2016-05-13,0.7307217966447412
2016-05-14,0.730701345410258
2016-05-15,0.7306969556481547
2016-05-16,0.7315515215139307
2016-05-17,0.7276998926835365
2016-05-18,0.7358535129084369
2016-05-19,0.7355427400823148
2016-05-20,0.736824041820287
2016-05-21,0.7368306610760362
2016-05-22,0.7368299860892483
2016-05-23,0.7350362805307097
2016-05-24,0.7374112817160561
2016-05-25,0.7355396110660652
2016-05-26,0.7355630806320383
2016-05-27,0.7357065007849743
2016-05-28,0.7357134651264905
2016-05-29,0.7357140268242706
2016-05-30,0.7360780825855243
2016-05-31,0.7370871893188704
2016-06-01,0.7369257879338333
2016-06-02,0.7379711308226186
2016-06-03,0.7340777959136376
2016-06-04,0.7214021639249419
2016-06-05,0.7214008187729458
2016-06-06,0.7183386772832506
2016-06-07,0.7182981941629532
2016-06-08,0.715831617072154
2016-06-09,0.7156268515695597
2016-06-10,0.7123609834672636
2016-06-11,0.7123667599216514
2016-06-12,0.7123646883965055
2016-06-13,0.7128471311197038
2016-06-14,0.7137511253895149
2016-06-15,0.71618470284292
2016-06-16,0.71408679606393
2016-06-17,0.7149402939992452
2016-06-18,0.7149370393331188
2016-06-19,0.7148970425318478
2016-06-20,0.7111867888270369
2016-06-21,0.7136474595748715
2016-06-22,0.7146864833864521
2016-06-23,0.7123198212408837
2016-06-24,0.7170214652536185
2016-06-25,0.7170313820332013
2016-06-26,0.7169977812633882
2016-06-27,0.7209741547964528
2016-06-28,0.7216228491727829
2016-06-29,0.7179090669671618
2016-06-30,0.7172496296899905
2016-07-01,0.7172656096949042
2016-07-02,0.717283530506754
2016-07-03,0.7172736356675697
2016-07-04,0.7159621254478417
2016-07-05,0.7182632362517527
2016-07-06,0.7182913526518537
2016-07-07,0.7182242009556704
2016-07-08,0.7190972142642518
2016-07-09,0.719092986320744
2016-07-10,0.7190975262104309
2016-07-11,0.718985055488315
2016-07-12,0.7182415077753104
2016-07-13,0.7172156766313988
2016-07-14,0.7130945144944096
2016-07-15,0.7154797605463421
2016-07-16,0.7154652680193713
2016-07-17,0.7155168096086019
2016-07-18,0.7174431444037964
2016-07-19,0.7180801705680985
2016-07-20,0.7193317777124034
2016-07-21,0.7186710929036958
2016-07-22,0.7196659936196975
2016-07-23,0.719676855368615
2016-07-24,0.7196988171239419
2016-07-25,0.720541106289817
2016-07-26,0.7200775915726719
2016-07-27,0.7202998578976226
2016-07-28,0.7252687247504784
2016-07-29,0.7171847566151389
2016-07-30,0.717136378380683
2016-07-31,0.7171048401496356
2016-08-01,0.7227804322148659
2016-08-02,0.7165230524331999
2016-08-03,0.7175653559602472
2016-08-04,0.7178668625303726
2016-08-05,0.7182003082265893
2016-08-06,0.7182441748989278
2016-08-07,0.7182744050303866
2016-08-08,0.7169837487860343
2016-08-09,0.7159509743080518
2016-08-10,0.7149063209537537
2016-08-11,0.7141079355751193
2016-08-12,0.7152987659023109
2016-08-13,0.7155753624713895
2016-08-14,0.7155685071745116
2016-08-15,0.7139188486208606
2016-08-16,0.7072123787705081
2016-08-17,0.7143511805062919
2016-08-18,0.7131223463036537
2016-08-19,0.7136151480210132
2016-08-20,0.7136206044464182
2016-08-21,0.7136193249366124
2016-08-22,0.7123233993031481
2016-08-23,0.7137333543250464
2016-08-24,0.7144031827204135
2016-08-25,0.7142007222691628
2016-08-26,0.7152806933711787
2016-08-27,0.7152860396232248
2016-08-28,0.7153329867058497
2016-08-29,0.7158100742090829
2016-08-30,0.716572024566169
2016-08-31,0.7163174623476766
2016-09-01,0.7156428223869307
2016-09-02,0.7163241388041479
2016-09-03,0.7163316058923915
2016-09-04,0.716331318656996
2016-09-05,0.716375966738207
2016-09-06,0.7147521946877491
2016-09-07,0.7132869700910558
2016-09-08,0.7141595224442833
2016-09-09,0.7157360240782911
2016-09-10,0.7157475598080042
2016-09-11,0.7157476315401539
2016-09-12,0.7215354430326564
2016-09-13,0.7226686697809468
2016-09-14,0.7164274896199055
2016-09-15,0.7158804084964947
2016-09-16,0.7173867935963465
2016-09-17,0.7173922970564185
2016-09-18,0.7173917937777394
2016-09-19,0.717522339795427
2016-09-20,0.7227365086248154
2016-09-21,0.7156876721292349
2016-09-22,0.7147147290001042
2016-09-23,0.7144536178846971
2016-09-24,0.7144308208312703
2016-09-25,0.7144311072587745
2016-09-26,0.7119049237845263
2016-09-27,0.7189970287490832
2016-09-28,0.7192889601791886
2016-09-29,0.7171724870788051
2016-09-30,0.7198463341566739
2016-10-01,0.7198504715005197
2016-10-02,0.7198504715005197
2016-10-03,0.7191301593100746
2016-10-04,0.7206745280812856
2016-10-05,0.7239894869481832
2016-10-06,0.7207243636944782
2016-10-07,0.7209950660338262
2016-10-08,0.7209727267668016
2016-10-09,0.7209729435573791
2016-10-10,0.7206186225001432
2016-10-11,0.7228065358929265
2016-10-12,0.7236285855333611
2016-10-13,0.7209661173456023
2016-10-14,0.7247199266090691
2016-10-15,0.7246790363345712
2016-10-16,0.7246791089676444
2016-10-17,0.7245530538293985
2016-10-18,0.7237761481992986
2016-10-19,0.7206341058024099
2016-10-20,0.7288916083547349
2016-10-21,0.7255315640968525
2016-10-22,0.7255389618478385
2016-10-23,0.7255403061001595
2016-10-24,0.7250129691672531
2016-10-25,0.7250506334514608
2016-10-26,0.7251955362451877
2016-10-27,0.725850376639531
2016-10-28,0.7252368317022048
2016-10-29,0.7252377758578366
2016-10-30,0.7252377758578366
2016-10-31,0.725264848885333
2016-11-01,0.7212060515659735
2016-11-02,0.7225436898787694
2016-11-03,0.7218449483303364
2016-11-04,0.723179079952566
2016-11-05,0.7231900107933957
2016-11-06,0.7231914956693263
2016-11-07,0.7251192331236842
2016-11-08,0.7252205016187193
2016-11-09,0.7174578569341086
2016-11-10,0.7310012602029311
2016-11-11,0.7335817262837757
2016-11-12,0.7334942636588563
2016-11-13,0.7334929781403445
2016-11-14,0.7331533446124063
2016-11-15,0.7333691383269338
2016-11-16,0.734307271214013
2016-11-17,0.7267402473820606
2016-11-18,0.7342703405826607
2016-11-19,0.734273501748807
2016-11-20,0.7342771316611271
2016-11-21,0.7366278176625846
2016-11-22,0.7348957897974446
2016-11-23,0.7333544401398219
2016-11-24,0.7383129160269618
2016-11-25,0.7359151378347498
2016-11-26,0.7359014521175115
2016-11-27,0.7359011887077994
2016-11-28,0.7372109454445009
2016-11-29,0.7398035792611426
2016-11-30,0.7352202336393278
2016-12-01,0.7396204950920905
2016-12-02,0.7416063494523997
2016-12-03,0.7415867283196138
2016-12-04,0.7415873780887995
2016-12-05,0.7265310925821286
2016-12-06,0.7263856191792935
2016-12-07,0.7293182692366728
2016-12-08,0.7176077963360156
2016-12-09,0.7292857403272351
2016-12-10,0.7292819165761232
2016-12-11,0.7292816219875226
2016-12-12,0.7275126762175311
2016-12-13,0.727740302409554
2016-12-14,0.7229894063763666
2016-12-15,0.7337451811027156
2016-12-16,0.7317844922953664
2016-12-17,0.7317887335041653
2016-12-18,0.7317886179419435
2016-12-19,0.7326340513231315
2016-12-20,0.7367851151194161
2016-12-21,0.7329103480125426
2016-12-22,0.7338375383050393
2016-12-23,0.7313655229354918
2016-12-24,0.731376480147019
2016-12-25,0.7313748237912019
2016-12-26,0.7343404299889446
2016-12-27,0.7341622549609457
2016-12-28,0.7335157259638048
2016-12-29,0.735566138616758
2016-12-30,0.7351651244060746
2016-12-31,0.735165897187493
2017-01-01,0.7351651548533911
2017-01-02,0.732305003584042
2017-01-03,0.7343381297372449
2017-01-04,0.7362920392436991
2017-01-05,0.737287919861045
2017-01-06,0.7273685854118559
2017-01-07,0.7274057927317789
2017-01-08,0.727404600315522
2017-01-09,0.7361303809154971
2017-01-10,0.7309028041457428
2017-01-11,0.7357813412714757
2017-01-12,0.728143851019787
2017-01-13,0.7278426657989909
2017-01-14,0.7278148738156246
2017-01-15,0.7278167603147873
2017-01-16,0.7321011956576055
2017-01-17,0.7292777143368679
2017-01-18,0.7269868090200599
2017-01-19,0.728527362445475
2017-01-20,0.728091574573635
2017-01-21,0.7280651638429381
2017-01-22,0.7280650903078679
2017-01-23,0.7306814390148612
2017-01-24,0.7260861679572005
2017-01-25,0.7286867213389817
2017-01-26,0.7254149993127581
2017-01-27,0.7254461230093113
2017-01-28,0.7254476694911586
2017-01-29,0.7254448892803419
2017-01-30,0.730732075487948
2017-01-31,0.729913805854298
2017-02-01,0.7225028457882783
2017-02-02,0.7224755601201702
2017-02-03,0.7208614874109635
2017-02-04,0.7208089351646715
2017-02-05,0.7208115849202303
2017-02-06,0.7193933890776159
2017-02-07,0.7216399490608848
2017-02-08,0.7268991289511714
2017-02-09,0.7218435871559311
2017-02-10,0.7198427780913332
2017-02-11,0.7198297994599866
2017-02-12,0.7198339440544461
2017-02-13,0.7186586101153971
2017-02-14,0.7190211826287186
2017-02-15,0.7172370785865142
2017-02-16,0.7232484539414984
2017-02-17,0.7154384118375718
2017-02-18,0.7154380323265565
2017-02-19,0.7154123598725928
2017-02-20,0.7209618388231815
2017-02-21,0.7218837329216412
2017-02-22,0.7266564802422186
2017-02-23,0.7151999292390724
2017-02-24,0.7159346374528005
2017-02-25,0.7159188310716784
2017-02-26,0.7159144572921666
2017-02-27,0.7150931156154543
2017-02-28,0.7159299180431137
2017-03-01,0.716628021757749
2017-03-02,0.7192584155447912
2017-03-03,0.7167433022307687
2017-03-04,0.7167451958247456
2017-03-05,0.7167385854416936
2017-03-06,0.7162202657254837
2017-03-07,0.7189361674408364
2017-03-08,0.7173975828651729
2017-03-09,0.7225465348277887
2017-03-10,0.7164311775290381
2017-03-11,0.7164311596752713
2017-03-12,0.7164296007752735
2017-03-13,0.7174744843042029
2017-03-14,0.7182146615349331
2017-03-15,0.7249892600372069
2017-03-16,0.7194098021827317
2017-03-17,0.7115562705619571
2017-03-18,0.7115592555339032
2017-03-19,0.7115665056954261
2017-03-20,0.7109623431694908
2017-03-21,0.7118806196392807
2017-03-22,0.7120113033968845
2017-03-23,0.7143375839621612
2017-03-24,0.7084720525170846
2017-03-25,0.7084720525170846
2017-03-26,0.7084642239765271
2017-03-27,0.7105126799994088
2017-03-28,0.712054296299365
2017-03-29,0.7128239941332577
2017-03-30,0.712467137511578
2017-03-31,0.7138646137231502
2017-04-01,0.7138795534740713
2017-04-02,0.7138733841497629
2017-04-03,0.7143575348764637
2017-04-04,0.7192242478690422
2017-04-05,0.7147552631516325
2017-04-06,0.7160102808112212
2017-04-07,0.7155618909325123
2017-04-08,0.7155618909325123
2017-04-09,0.7155830494619531
2017-04-10,0.7153107012344601
2017-04-11,0.7164109070521373
2017-04-12,0.7632916274012849
2017-04-13,0.7145314765542978
2017-04-14,0.7131268140085483
2017-04-15,0.7131268140085483
2017-04-16,0.7132061950237292
2017-04-17,0.7159694862274928
2017-04-18,0.7174720018623747
2017-04-19,0.7125223549927246
2017-04-20,0.7113622826037278
2017-04-21,0.711562278206295
2017-04-22,0.711562278206295
2017-04-23,0.711551428137059
2017-04-24,0.7122475368863961
2017-04-25,0.7145519120032838
2017-04-26,0.7126753973940324
2017-04-27,0.7111182541898707
2017-04-28,0.7110491480402878
2017-04-29,0.7110475545689171
2017-04-30,0.7110792123354214
2017-05-01,0.7103499800130384
2017-05-02,0.7104649516523347
2017-05-03,0.7116274101202702
2017-05-04,0.7161773915132378
2017-05-05,0.7097293568640505
2017-05-06,0.7097209168645409
2017-05-07,0.7096987617255334
2017-05-08,0.7120537928292083
2017-05-09,0.7125183137593859
2017-05-10,0.7118775888770937
2017-05-11,0.7133877205326745
2017-05-12,0.7099413795522757
2017-05-13,0.7099413795522757
2017-05-14,0.7099447583172858
2017-05-15,0.7092365852052868
2017-05-16,0.7116351190093052
2017-05-17,0.6463020219197048
2017-05-18,0.6431629773875263
2017-05-19,0.6428201387168987
2017-05-20,0.6428201387168987
2017-05-21,0.6428010270616464
2017-05-22,0.6436889156330943
2017-05-23,0.6408890085467196
2017-05-24,0.6452477220405922
2017-05-25,0.6426153922278068
2017-05-26,0.6412125680001967
2017-05-27,0.6412152310208136
2017-05-28,0.6411850439367932
2017-05-29,0.642828339001785
2017-05-30,0.6454733988142839
2017-05-31,0.6453429052639864
2017-06-01,0.6420314709131026
2017-06-02,0.6386277940631107
2017-06-03,0.6386277940631107
2017-06-04,0.6386206750837103
2017-06-05,0.6417500258022593
2017-06-06,0.6428249129604312
2017-06-07,0.6440705426300174
2017-06-08,0.6409311192490611
2017-06-09,0.6397584040424158
2017-06-10,0.63975442098995
2017-06-11,0.639662193044761
2017-06-12,0.6396303829524579
2017-06-13,0.6427984592647837
2017-06-14,0.6393761730205771
2017-06-15,0.6387970584779046
2017-06-16,0.6389288412380597
2017-06-17,0.6389274285454103
2017-06-18,0.6389404955145215
2017-06-19,0.6404747680927056
2017-06-20,0.6432542508659422
2017-06-21,0.6458822843227385
2017-06-22,0.6443538211589602
2017-06-23,0.6408085738062408
2017-06-24,0.6408085738062408
2017-06-25,0.6407894523589942
2017-06-26,0.6435408814045325
2017-06-27,0.6474735936660182
2017-06-28,0.643667883487936
2017-06-29,0.7080939498136419
2017-06-30,0.7023202643470288
2017-07-01,0.7023202643470288
2017-07-02,0.7022766367511237
2017-07-03,0.7055709656926962
2017-07-04,0.6436300787260903
2017-07-05,0.6442679828584037
2017-07-06,0.6411565484830943
2017-07-07,0.6410552335293094
2017-07-08,0.6410552335293094
2017-07-09,0.6410341269255233
2017-07-10,0.6436570722102467
2017-07-11,0.6466269788966792
2017-07-12,0.6399787196075155
2017-07-13,0.6466012223894304
2017-07-14,0.6377691858181765
2017-07-15,0.6377581824163873
2017-07-16,0.6376575460117251
2017-07-17,0.6388262373693302
2017-07-18,0.6311414335681806
2017-07-19,0.6316160306723637
2017-07-20,0.637868186796263
2017-07-21,0.6290883494878614
2017-07-22,0.629052125065886
2017-07-23,0.6290461267431849
2017-07-24,0.6308212268248604
2017-07-25,0.6340993358525979
2017-07-26,0.6383983329357801
2017-07-27,0.6325465649972555
2017-07-28,0.633466404628605
2017-07-29,0.6334382408180514
2017-07-30,0.6334087828160617
2017-07-31,0.6386636923335015
2017-08-01,0.6339618073155275
2017-08-02,0.6366403590217602
2017-08-03,0.6370497109590116
2017-08-04,0.6317993364524964
2017-08-05,0.6317643529541326
2017-08-06,0.631807800465676
2017-08-07,0.6319120081627734
2017-08-08,0.628522726752936
2017-08-09,0.637292693272292
2017-08-10,0.6386042019964739
2017-08-11,0.6344564071660564
2017-08-12,0.6344556297746616
2017-08-13,0.6344077437152771
2017-08-14,0.6337135032841139
2017-08-15,0.6359162064356555
2017-08-16,0.6398458270076915
2017-08-17,0.6372984475758792
2017-08-18,0.6351448178594752
2017-08-19,0.6351025263809764
2017-08-20,0.6350904787746158
2017-08-21,0.6369654910745006
2017-08-22,0.6359541037532123
2017-08-23,0.6377712073109665
2017-08-24,0.6370958826688422
2017-08-25,0.6293003207169446
2017-08-26,0.6292516462539335
2017-08-27,0.6291914161884323
2017-08-28,0.6363222435857779
2017-08-29,0.6311622949498131
2017-08-30,0.6335296654866935
2017-08-31,0.6387459280495239
2017-09-01,0.6280684209464473
2017-09-02,0.6280062458712171
2017-09-03,0.6280762022054289
2017-09-04,0.6272598034997704
2017-09-05,0.6305982351529821
2017-09-06,0.6362271573299595
2017-09-07,0.6356880678187883
2017-09-08,0.6287701607568156
2017-09-09,0.6287070527141589
2017-09-10,0.6287308675180217
2017-09-11,0.6268905530935728
2017-09-12,0.6313088226009783
2017-09-13,0.6265927728145025
2017-09-14,0.6370953153145977
2017-09-15,0.6310156346876729
2017-09-16,0.6309396299807462
2017-09-17,0.6309324070546758
2017-09-18,0.6362500901244
2017-09-19,0.6376036418857189
2017-09-20,0.6325806833325426
2017-09-21,0.6406292125709249
2017-09-22,0.6306303342752313
2017-09-23,0.6305501863463177
2017-09-24,0.6305493696823706
2017-09-25,0.6322717207556403
2017-09-26,0.6398607803338032
2017-09-27,0.6411335997943419
2017-09-28,0.6418584883666837
2017-09-29,0.63796868948077
2017-09-30,0.637888359229288
2017-10-01,0.6379010646983733
2017-10-02,0.6374861657198365
2017-10-03,0.6377727023293855
2017-10-04,0.6385519387419409
2017-10-05,0.6381822213755397
2017-10-06,0.6348320430454921
2017-10-07,0.6347322787280516
2017-10-08,0.6346159884966698
2017-10-09,0.6404219672329057
2017-10-10,0.6410570226733586
2017-10-11,0.6409552713365889
2017-10-12,0.6372351809427144
2017-10-13,0.6333451246703293
2017-10-14,0.6332281985445684
2017-10-15,0.6332315109091345
2017-10-16,0.6386255121978475
2017-10-17,0.6397375431285706
2017-10-18,0.638287747728461
2017-10-19,0.6340580794312894
2017-10-20,0.6348664208033777
2017-10-21,0.6348664208033777
2017-10-22,0.6346750895635117
2017-10-23,0.6334404647552124
2017-10-24,0.6335893146942715
2017-10-25,0.6355225833604877
2017-10-26,0.6273339147100756
2017-10-27,0.6393617091639233
2017-10-28,0.6393620604285565
2017-10-29,0.6391786605774301
2017-10-30,0.6368340575098358
2017-10-31,0.6366105886820602
2017-11-01,0.6376676977753098
2017-11-02,0.6364899338260412
2017-11-03,0.6385676083127265
2017-11-04,0.63829406735524
2017-11-05,0.6383079167738201
2017-11-06,0.637884052098402
2017-11-07,0.6376598302615173
2017-11-08,0.6380439760441466
2017-11-09,0.6428428469037802
2017-11-10,0.6381739203465245
2017-11-11,0.6381545228783855
2017-11-12,0.6378591177429089
2017-11-13,0.63894472997387
2017-11-14,0.6404031395126059
2017-11-15,0.6319275668290548
2017-11-16,0.6354771119295863
2017-11-17,0.6347644035312129
2017-11-18,0.6344813753778082
2017-11-19,0.6345145259860901
2017-11-20,0.6331108833274968
2017-11-21,0.6424857612344764
2017-11-22,0.6373382268558064
2017-11-23,0.6327232292266433
2017-11-24,0.6318923010704307
2017-11-25,0.6318742324386655
2017-11-26,0.6318351611618602
2017-11-27,0.6298534391084234
2017-11-28,0.630483417052996
2017-11-29,0.6332324082829501
2017-11-30,0.6353204688807579
2017-12-01,0.6332269575022001
2017-12-02,0.6331163349942265
2017-12-03,0.6331446445229004
2017-12-04,0.6334894646296578
2017-12-05,0.6296012324133052
2017-12-06,0.6310735507133519
2017-12-07,0.6279105094376972
2017-12-08,0.6347366066767355
2017-12-09,0.6347369556553498
2017-12-10,0.6347467785105593
2017-12-11,0.630772382925166
2017-12-12,0.6297401070100435
2017-12-13,0.6353199477975471
2017-12-14,0.6271635452156018
2017-12-15,0.6332479527826521
2017-12-16,0.6332479527826521
2017-12-17,0.6332790979379118
2017-12-18,0.6284901022064419
2017-12-19,0.6301717242776006
2017-12-20,0.6302341886952456
2017-12-21,0.6278331588125365
2017-12-22,0.6302452960870871
2017-12-23,0.6302446453924104
2017-12-24,0.6302397647482978
2017-12-25,0.6283369683747558
2017-12-26,0.627063938240672
2017-12-27,0.6270367502269253
2017-12-28,0.6259580753032774
2017-12-29,0.6256949856851638
2017-12-30,0.6256966233700738
2017-12-31,0.6256786466294164
2018-01-01,0.6261300986899051
2018-01-02,0.623827067210287
2018-01-03,0.6240591599065304
2018-01-04,0.6232779434236967
2018-01-05,0.6251639074272167
2018-01-06,0.6251649046454738
2018-01-07,0.6252344231660822
2018-01-08,0.6228679418187631
2018-01-09,0.6249105980280908
2018-01-10,0.6214848829629885
2018-01-11,0.6282610204519417
2018-01-12,0.6226289715559771
2018-01-13,0.6226299651928638
2018-01-14,0.6225321195397894
2018-01-15,0.619394432136952
2018-01-16,0.6211768399249212
2018-01-17,0.61791357466953
2018-01-18,0.6186988336898135
2018-01-19,0.620963195724586
2018-01-20,0.6209134670935693
2018-01-21,0.6208908819697355
2018-01-22,0.619924308390674
2018-01-23,0.6197887467857659
2018-01-24,0.6180266615271607
2018-01-25,0.6167337202398311
2018-01-26,0.6134087560398789
2018-01-27,0.6134113002588248
2018-01-28,0.6133852869322403
2018-01-29,0.6162726490059991
2018-01-30,0.6169204442152064
2018-01-31,0.620660143843263
2018-02-01,0.6189512269867148
2018-02-02,0.6164114213758068
2018-02-03,0.6163870367010942
2018-02-04,0.6163912592904025
2018-02-05,0.6208907492568014
2018-02-06,0.6547048309234098
2018-02-07,0.6599342512340487
2018-02-08,0.6609074173733407
2018-02-09,0.6564685655975674
2018-02-10,0.6564522197746332
2018-02-11,0.6564633158416111
2018-02-12,0.6582563629633207
2018-02-13,0.6575008152895897
2018-02-14,0.6555949621743152
2018-02-15,0.6505287016168566
2018-02-16,0.6499009698678312
2018-02-17,0.6499006014250746
2018-02-18,0.6498914270259404
2018-02-19,0.6494244156361453
2018-02-20,0.653957840340383
2018-02-21,0.6526047640070226
2018-02-22,0.6525505129792577
2018-02-23,0.6530760228908272
2018-02-24,0.6530760228908272
2018-02-25,0.6530702218468676
2018-02-26,0.6519859625812617
2018-02-27,0.6513541918607846
2018-02-28,0.6543780120840522
2018-03-01,0.6560479933108809
2018-03-02,0.6545752860494196
2018-03-03,0.6545752860494196
2018-03-04,0.6545699500341463
2018-03-05,0.6532193713375156
2018-03-06,0.6529107972879451
2018-03-07,0.6526718432614614
2018-03-08,0.654324181212121
2018-03-09,0.6543625497477074
2018-03-10,0.6543371232321082
2018-03-11,0.6543349151589373
2018-03-12,0.6538607457010249
2018-03-13,0.6519680151499071
2018-03-14,0.6512392544255691
2018-03-15,0.651817013161464
2018-03-16,0.6526088912458238
2018-03-17,0.6525818820420742
2018-03-18,0.6525317594872261
2018-03-19,0.6495560163924241
2018-03-20,0.6510951454136893
2018-03-21,0.6524929705653579
2018-03-22,0.6503008969788664
2018-03-23,0.65236074549148
2018-03-24,0.6523306238774484
2018-03-25,0.6523337594518852
2018-03-26,0.6506919970779058
2018-03-27,0.6503462460010523
2018-03-28,0.6503642196457708
2018-03-29,0.6528269158571741
2018-03-30,0.652618876559605
2018-03-31,0.6525987133043325
2018-04-01,0.6525971116220528
2018-04-02,0.6525076116918929
2018-04-03,0.6506293160531079
2018-04-04,0.6506632576515431
2018-04-05,0.6533517764669544
2018-04-06,0.6514723989187389
2018-04-07,0.6514625432782652
2018-04-08,0.6514715246789711
2018-04-09,0.6541637761564483
2018-04-10,0.652225460041252
2018-04-11,0.6534037888607125
2018-04-12,0.653373754670446
2018-04-13,0.6535271945813287
2018-04-14,0.6535271945813287
2018-04-15,0.6535388256100961
2018-04-16,0.652672807635054
2018-04-17,0.653179682011083
2018-04-18,0.6523914336945812
2018-04-19,0.653606200470927
2018-04-20,0.6546416036123729
2018-04-21,0.6546395102690129
2018-04-22,0.6546376980620345
2018-04-23,0.65590749265217
2018-04-24,0.657465486095167
2018-04-25,0.6586081354177955
2018-04-26,0.6598166833277892
2018-04-27,0.6596582070832365
2018-04-28,0.6596392259953715
2018-04-29,0.659656121340426
2018-04-30,0.6600740143358361
2018-05-01,0.6617412923890488
2018-05-02,0.6634113576826874
2018-05-03,0.6643124595501027
2018-05-04,0.6619479494320013
2018-05-05,0.6619363163721268
2018-05-06,0.6619453898771955
2018-05-07,0.6640354551516523
2018-05-08,0.6656584654680533
2018-05-09,0.6648233950374983
2018-05-10,0.6650192142810234
2018-05-11,0.6642221071735737
2018-05-12,0.6642463224484527
2018-05-13,0.6642346852430067
2018-05-14,0.6634035916036494
2018-05-15,0.6667343580178631
2018-05-16,0.6651358148910386
2018-05-17,0.6651580024329511
2018-05-18,0.6662505460780853
2018-05-19,0.6662689010939999
2018-05-20,0.6662684343417125
2018-05-21,0.6678324495190568
2018-05-22,0.6691874200810011
2018-05-23,0.669733097544305
2018-05-24,0.6702017526049611
2018-05-25,0.6704563965325674
2018-05-26,0.6704574494891246
2018-05-27,0.6704584602800672
2018-05-28,0.6645582144376609
2018-05-29,0.6718391303633058
2018-05-30,0.6713239168633707
2018-05-31,0.6675458127860123
2018-06-01,0.6715263605358914
2018-06-02,0.6715136336833832
2018-06-03,0.6715143438469557
2018-06-04,0.6675673584536579
2018-06-05,0.6708843819386826
2018-06-06,0.6705249089999235
2018-06-07,0.6695664303510747
2018-06-08,0.6702701901164292
2018-06-09,0.670259970328653
2018-06-10,0.6702598405561702
2018-06-11,0.6688811287126346
2018-06-12,0.6709468480333697
2018-06-13,0.6724027778615138
2018-06-14,0.6726688228530948
2018-06-15,0.6763338515572311
2018-06-16,0.6763281498651625
2018-06-17,0.6763298606906638
2018-06-18,0.6735849170209601
2018-06-19,0.6783244984391711
2018-06-20,0.6791379920876095
2018-06-21,0.6781883285876994
2018-06-22,0.6771008076699901
2018-06-23,0.6770939606242702
2018-06-24,0.6770827743754392
2018-06-25,0.6778419799759974
2018-06-26,0.6775121679870494
2018-06-27,0.679957169112358
2018-06-28,0.6806571569508771
2018-06-29,0.675933380818402
2018-06-30,0.6759638503379628
2018-07-01,0.6759652822668527
2018-07-02,0.6815824624802073
2018-07-03,0.6813819724446837
2018-07-04,0.678232369888543
2018-07-05,0.680058150986826
2018-07-06,0.6792985672375932
2018-07-07,0.6792985672375932
2018-07-08,0.6792986758724336
2018-07-09,0.6771704054134813
2018-07-10,0.6760487035153345
2018-07-11,0.675594218433834
2018-07-12,0.6796746068188485
2018-07-13,0.6789091885023576
2018-07-14,0.6788571813777168
2018-07-15,0.6788563265883771
2018-07-16,0.6786108371759689
2018-07-17,0.6777516093551013
2018-07-18,0.6782605525163174
2018-07-19,0.6793263071812199
2018-07-20,0.6785505226329442
2018-07-21,0.6785296251557535
2018-07-22,0.6785231378793037
2018-07-23,0.6782369856605497
2018-07-24,0.6754664657581232
2018-07-25,0.6755541249851609
2018-07-26,0.6759985956390222
2018-07-27,0.6757793251516031
2018-07-28,0.6757416526039216
2018-07-29,0.6757403565900095
2018-07-30,0.6786556388917282
2018-07-31,0.6788322972233052
2018-08-01,0.7148109202950041
2018-08-02,0.6776919707473509
2018-08-03,0.6804544317614065
2018-08-04,0.6803980243519456
2018-08-05,0.6804008863386551
2018-08-06,0.6818860337696365
2018-08-07,0.6810929321260166
2018-08-08,0.6805906527239676
2018-08-09,0.682322120169065
2018-08-10,0.6857252652934678
2018-08-11,0.6856760263733741
2018-08-12,0.6857252193614628
2018-08-13,0.6888841336292021
2018-08-14,0.6903829404426608
2018-08-15,0.6907011903384866
2018-08-16,0.6907510310232171
2018-08-17,0.6900496705703997
2018-08-18,0.6900176999867197
2018-08-19,0.6900141922976517
2018-08-20,0.6905313396859011
2018-08-21,0.6874677875687865
2018-08-22,0.6881429153701244
2018-08-23,0.705466214532032
2018-08-24,0.7049003011372703
2018-08-25,0.7048650622048028
2018-08-26,0.7048585526416957
2018-08-27,0.7030988741163609
2018-08-28,0.7030158807839897
2018-08-29,0.7035560610728671
2018-08-30,0.7036448922463957
2018-08-31,0.7028312036824076
2018-09-01,0.7028167907134736
2018-09-02,0.7028193564676034
2018-09-03,0.7009012222285141
2018-09-04,0.7061956446287136
2018-09-05,0.7101671215374185
2018-09-06,0.7061568671017128
2018-09-07,0.7058172284589473
2018-09-08,0.7058362918306957
2018-09-09,0.7058390674282965
2018-09-10,0.7102918951697016
2018-09-11,0.7066430734819428
2018-09-12,0.711183277549293
2018-09-13,0.7093956608115269
2018-09-14,0.7107659034685853
2018-09-15,0.7107651696406809
2018-09-16,0.7107637341190239
2018-09-17,0.7100573852486419
2018-09-18,0.7095043474194311
2018-09-19,0.7061505815262981
2018-09-20,0.7082926928610572
2018-09-21,0.7063089485238364
2018-09-22,0.7063001522821398
2018-09-23,0.7063013886978082
2018-09-24,0.7024155101968915
2018-09-25,0.7053120909004006
2018-09-26,0.7066057133758323
2018-09-27,0.707961946208377
2018-09-28,0.7075859137813063
2018-09-29,0.7075691844428332
2018-09-30,0.7075682333420622
2018-10-01,0.7078232021673072
2018-10-02,0.7081654084456622
2018-10-03,0.7093256866479392
2018-10-04,0.8644614773196178
2018-10-05,0.7254769700173375
2018-10-06,0.7254636268902336
2018-10-07,0.7254676783804564
2018-10-08,0.7247587907220766
2018-10-09,0.7117291258942742
2018-10-10,0.7123772217612706
2018-10-11,0.7253704776384503
2018-10-12,0.7097703894358443
2018-10-13,0.7097631992247552
2018-10-14,0.7097612075967172
2018-10-15,0.7245118525390097
2018-10-16,0.7138128890344154
2018-10-17,0.7140657436625307
2018-10-18,0.7150628254032488
2018-10-19,0.7303949404633745
2018-10-20,0.7303848590203624
2018-10-21,0.7303866383912431
2018-10-22,0.7155415661390916
2018-10-23,0.7133769368529713
2018-10-24,0.7318083392268442
2018-10-25,0.7322832986395796
2018-10-26,0.7322452272094544
2018-10-27,0.7322179347325499
2018-10-28,0.7322156624445888
2018-10-29,0.7326888928852369
2018-10-30,0.7158500743982206
2018-10-31,0.7174469453104549
2018-11-01,0.7171668541433158
2018-11-02,0.7193068328009964
2018-11-03,0.7192773044943617
2018-11-04,0.7192808215165555
2018-11-05,0.7156132171073762
2018-11-06,0.7157599016087852
2018-11-07,0.7182824281166892
2018-11-08,0.718740784916321
2018-11-09,0.713444798912473
2018-11-10,0.7134233318038101
2018-11-11,0.7134207923518473
2018-11-12,0.7202310635260545
2018-11-13,0.7202468544756665
2018-11-14,0.7150131449077357
2018-11-15,0.7150391462008591
2018-11-16,0.713388865042353
2018-11-17,0.7133880605224521
2018-11-18,0.713392438531916
2018-11-19,0.7167349536269629
2018-11-20,0.7183011667575618
2018-11-21,0.7136316619462414
2018-11-22,0.7180047060871219
2018-11-23,0.7188260662045455
2018-11-24,0.7188299241367542
2018-11-25,0.7188289494150197
2018-11-26,0.7140514068189732
2018-11-27,0.7158651173422668
2018-11-28,0.714818470657467
2018-11-29,0.7175385876156042
2018-11-30,0.717384646279925
2018-12-01,0.717370885761045
2018-12-02,0.7173679424323983
2018-12-03,0.7140873899193894
2018-12-04,0.7158308932225089
2018-12-05,0.7162250317889887
2018-12-06,0.7164161051184998
2018-12-07,0.7182563171976474
2018-12-08,0.7182385073700593
2018-12-09,0.7182411145867468
2018-12-10,0.7188372622872689
2018-12-11,0.7204087754231849
2018-12-12,0.7206508322850836
2018-12-13,0.7214005148523462
2018-12-14,0.7221027155325382
2018-12-15,0.7220843169684024
2018-12-16,0.7220858032916723
2018-12-17,0.7225724709873885
2018-12-18,0.7209754123006218
2018-12-19,0.72204135263391
2018-12-20,0.7214664426258292
2018-12-21,0.7203078035928262
2018-12-22,0.7202168157697557
2018-12-23,0.7202192846331197
2018-12-24,0.7230983615376421
2018-12-25,0.7204673532059733
2018-12-26,0.7285769517391227
2018-12-27,0.730178538323256
2018-12-28,0.7296585711325709
2018-12-29,0.7297401799010207
2018-12-30,0.729701003672562
2018-12-31,0.7293625473359036
2019-01-01,0.7321697978786657
2019-01-02,0.7318619888225126
2019-01-03,0.7323444842556511
2019-01-04,0.7310652673574076
2019-01-05,0.7310322150278635
2019-01-06,0.7310320318938746
2019-01-07,0.7296740087117317
2019-01-08,0.7301259424504587
2019-01-09,0.7293960734146303
2019-01-10,0.7284667205440245
2019-01-11,0.7293207085926421
2019-01-12,0.7292435498992846
2019-01-13,0.7292951824433574
2019-01-14,0.729283797318441
2019-01-15,0.7282947826372442
2019-01-16,0.7312348785206669
2019-01-17,0.7307794844391385
2019-01-18,0.7326014283532317
2019-01-19,0.7325238101424869
2019-01-20,0.7325238424386995
2019-01-21,0.7321566478375312
2019-01-22,0.7319094023025586
2019-01-23,0.7317097773581355
2019-01-24,0.7338630168429261
2019-01-25,0.7341210554774193
2019-01-26,0.734028249877037
2019-01-27,0.734091145926831
2019-01-28,0.7303475562639233
2019-01-29,0.7345819762680503
2019-01-30,0.7330746241663989
2019-01-31,0.7344251096767384
2019-02-01,0.7342637338857414
2019-02-02,0.7342343162435727
2019-02-03,0.7342325037559
2019-02-04,0.73490610840785
2019-02-05,0.7353889410725959
2019-02-06,0.7341270678003653
2019-02-07,0.7370591923509786
2019-02-08,0.7358530012696294
2019-02-09,0.735853308172977
2019-02-10,0.7357817801082996
2019-02-11,0.7375442268632154
2019-02-12,0.737593467562534
2019-02-13,0.7378573659206004
2019-02-14,0.7380641131209954
2019-02-15,0.7355616793103605
2019-02-16,0.7354226961705436
2019-02-17,0.7354266828601798
2019-02-18,0.7383462401658961
2019-02-19,0.7370710375885707
2019-02-20,0.7374668147034016
2019-02-21,0.7343203358715084
2019-02-22,0.7373395786476671
2019-02-23,0.7372055513037056
2019-02-24,0.7372057646566446
2019-02-25,0.7358525795939986
2019-02-26,0.7339039418236557
2019-02-27,0.7359430769344177
2019-02-28,0.7346241370200076
2019-03-01,0.736865617625763
2019-03-02,0.7368530643366021
2019-03-03,0.7368557316970212
2019-03-04,0.7378386070463052
2019-03-05,0.7366020622086954
2019-03-06,0.7386583264212823
2019-03-07,0.7406254594988216
2019-03-08,0.7397525421171023
2019-03-09,0.739760752348717
2019-03-10,0.7397571602127779
2019-03-11,0.7393531954126137
2019-03-12,0.7388859627594475
2019-03-13,0.7386348639809492
2019-03-14,0.738902215743935
2019-03-15,0.7386928734861273
2019-03-16,0.7386081829221937
2019-03-17,0.7386000786486424
2019-03-18,0.7355446173607327
2019-03-19,0.7369123461696484
2019-03-20,0.7364054173009955
2019-03-21,0.736637424699121
2019-03-22,0.737947653128652
2019-03-23,0.7378804840606268
2019-03-24,0.7378684024874185
2019-03-25,0.7361222899124744
2019-03-26,0.7383594233743398
2019-03-27,0.7427767010146904
2019-03-28,0.7408924234013016
2019-03-29,0.7412448154693654
2019-03-30,0.7413351221869559
2019-03-31,0.7413241081217485
2019-04-01,0.7399465721645738
2019-04-02,0.740213923959128
2019-04-03,0.7400550445666855
2019-04-04,0.7364764470829855
2019-04-05,0.7372716682789173
2019-04-06,0.7373609309547581
2019-04-07,0.7373626107525776
2019-04-08,0.7376851385782762
2019-04-09,0.7379648314493594
2019-04-10,0.7426986527526112
2019-04-11,0.7369076746962495
2019-04-12,0.7387921699703554
2019-04-13,0.7388373992572751
2019-04-14,0.7388306983919075
2019-04-15,0.7374291031705287
2019-04-16,0.7370218876855431
2019-04-17,0.7402203800887578
2019-04-18,0.7398021552679171
2019-04-19,0.7397113297950965
2019-04-20,0.739820477676463
2019-04-21,0.739725236169033
2019-04-22,0.7414862049242704
2019-04-23,0.7411339612030606
2019-04-24,0.7441044529641005
2019-04-25,0.7448153087260855
2019-04-26,0.7503071765535083
2019-04-27,0.7503999770396165
2019-04-28,0.7504077283452812
2019-04-29,0.7453576262390759
2019-04-30,0.7454570025332671
2019-05-01,0.7460485865963968
2019-05-02,0.7468581788975672
2019-05-03,0.7497415095132665
2019-05-04,0.7498772002094476
2019-05-05,0.7498698648170238
2019-05-06,0.7466745786593114
2019-05-07,0.7472224813578081
2019-05-08,0.7449350521280672
2019-05-09,0.7459204920075079
2019-05-10,0.7439763121690086
2019-05-11,0.7441141732912797
2019-05-12,0.7441082774703379
2019-05-13,0.7477113961709569
2019-05-14,0.7461312533532403
2019-05-15,0.7445925220909361
2019-05-16,0.7482362244461656
2019-05-17,0.7479659427559354
2019-05-18,0.7480125088164212
2019-05-19,0.747983811285652
2019-05-20,0.7499676757799446
2019-05-21,0.7487204208334816
2019-05-22,0.750424974387906
2019-05-23,0.7501196074888237
2019-05-24,0.7501329577836783
2019-05-25,0.7502833067463984
2019-05-26,0.7502539520298924
2019-05-27,0.7495619731657399
2019-05-28,0.749647655251429
2019-05-29,0.7489411615709515
2019-05-30,0.7515182975876793
2019-05-31,0.7548475695483714
2019-06-01,0.7548870584847649
2019-06-02,0.7548782050711776
2019-06-03,0.749253415588287
2019-06-04,0.7490666321819445
2019-06-05,0.7532220677378303
2019-06-06,0.7484318554247953
2019-06-07,0.7477168151321326
2019-06-08,0.747769154372717
2019-06-09,0.7477363696532017
2019-06-10,0.7473461720671996
2019-06-11,0.7465297401485664
2019-06-12,0.7509245514315698
2019-06-13,0.7473171458101923
2019-06-14,0.7512412648829438
2019-06-15,0.7512982913971532
2019-06-16,0.751294002637311
2019-06-17,0.7477634698584027
2019-06-18,0.7511451163783749
2019-06-19,0.7466884361139392
2019-06-20,0.743446722111561
2019-06-21,0.7423497137752874
2019-06-22,0.7424324822708082
2019-06-23,0.7424121940934454
2019-06-24,0.7398861048326612
2019-06-25,0.7459164834704956
2019-06-26,0.7424120872998913
2019-06-27,0.7427408221951238
2019-06-28,0.740483375216853
2019-06-29,0.7405729773317531
2019-06-30,0.7405574433940223
2019-07-01,0.7407832239141268
2019-07-02,0.7430362271352986
2019-07-03,0.7395024902358964
2019-07-04,0.7400356681872191
2019-07-05,0.7421160486201266
2019-07-06,0.7422193511971968
2019-07-07,0.7422283093600832
2019-07-08,0.7405134413402403
2019-07-09,0.7411765663550439
2019-07-10,0.7437804893384887
2019-07-11,0.7434684693615161
2019-07-12,0.7427855333362092
2019-07-13,0.7428140247279247
2019-07-14,0.7427790376090678
2019-07-15,0.7423633773967097
2019-07-16,0.7422491896151447
2019-07-17,0.7420077616967494
2019-07-18,0.7411678303082145
2019-07-19,0.7414074411640482
2019-07-20,0.7414656992169342
2019-07-21,0.7414620052115821
2019-07-22,0.7379590524549846
2019-07-23,0.742089911113343
2019-07-24,0.7425753225580254
2019-07-25,0.7426837334810676
2019-07-26,0.7422984360791776
2019-07-27,0.7424268378308883
2019-07-28,0.7424368907914043
2019-07-29,0.7443809880829956
2019-07-30,0.7411121990976605
2019-07-31,0.7436972411954339
2019-08-01,0.7470343755811045
2019-08-02,0.7475349651762925
2019-08-03,0.7475788648333258
2019-08-04,0.7475835050555972
2019-08-05,0.7495276638388165
2019-08-06,0.7496079563210454
2019-08-07,0.7495961871978106
2019-08-08,0.7497008580231427
2019-08-09,0.7472872600673413
2019-08-10,0.7472426549081196
2019-08-11,0.747241630550316
2019-08-12,0.7506724868281004
2019-08-13,0.7504394236015844
2019-08-14,0.751331961384974
2019-08-15,0.7495825491666515
2019-08-16,0.7512582975796864
2019-08-17,0.7513139376602219
2019-08-18,0.7512846331098609
2019-08-19,0.7556032683442762
2019-08-20,0.7522460807161684
2019-08-21,0.751673141851288
2019-08-22,0.754534425123968
2019-08-23,0.7513349854259652
2019-08-24,0.7514506418411977
2019-08-25,0.7514613132718104
2019-08-26,0.7492527513005839
2019-08-27,0.7528236251679432
2019-08-28,0.7549050129035122
2019-08-29,0.7537932827440668
2019-08-30,0.7559117020077775
2019-08-31,0.7560625229086089
2019-09-01,0.7560355873696692
2019-09-02,0.7522663866882804
2019-09-03,0.7563997017127039
2019-09-04,0.7562111662902951
2019-09-05,0.7556392671389257
2019-09-06,0.7542353608923966
2019-09-07,0.7542661641039843
2019-09-08,0.754273654225329
2019-09-09,0.7492519899319982
2019-09-10,0.7413051560390036
2019-09-11,0.7528772096911107
2019-09-12,0.7522017735961652
2019-09-13,0.7512122147764922
2019-09-14,0.7512948217338331
2019-09-15,0.7512619083366755
2019-09-16,0.7515184108262813
2019-09-17,0.750237201656903
2019-09-18,0.7489880283362773
2019-09-19,0.7470649801715408
2019-09-20,0.7461502498321195
2019-09-21,0.7462249378870801
2019-09-22,0.7462291921361865
2019-09-23,0.7462612012545732
2019-09-24,0.7431084298929845
2019-09-25,0.7421063776535248
2019-09-26,0.7426884360838892
2019-09-27,0.7414055351069042
2019-09-28,0.74156135542097
2019-09-29,0.74160492089166
2019-09-30,0.7404211935241017
2019-10-01,0.7434222184151033
2019-10-02,0.7399766071865669
2019-10-03,0.7420737912365466
2019-10-04,0.7367961239988238
2019-10-05,0.7369406542903846
2019-10-06,0.7369080203205601
2019-10-07,0.7420777443834877
2019-10-08,0.7394072306013787
2019-10-09,0.7377902330555144
2019-10-10,0.7335824765849697
2019-10-11,0.7327248795554858
2019-10-12,0.7328792626824705
2019-10-13,0.7328515609342031
2019-10-14,0.7319228151100785
2019-10-15,0.7342881708248437
2019-10-16,0.7318893162356872
2019-10-17,0.7341410977105154
2019-10-18,0.7302541528988268
2019-10-19,0.7304074390777565
2019-10-20,0.7303845249435384
2019-10-21,0.7298717941759875
2019-10-22,0.7295693873498269
2019-10-23,0.7294117243452575
2019-10-24,0.7328942946031234
2019-10-25,0.7330388904470911
2019-10-26,0.7330917207123926
2019-10-27,0.7330925624923447
2019-10-28,0.7295855965191443
2019-10-29,0.7300280154399963
2019-10-30,0.7305178858228016
2019-10-31,0.734171942638983
2019-11-01,0.7298195710921852
2019-11-02,0.7298798844445592
2019-11-03,0.7299176725752495
2019-11-04,0.7293461695173534
2019-11-05,0.731210042419355
2019-11-06,0.7285255856869667
2019-11-07,0.730764050362904
2019-11-08,0.7304923215486198
2019-11-09,0.7305418099294225
2019-11-10,0.7305420306373883
2019-11-11,0.7323839485495389
2019-11-12,0.7333527120033401
2019-11-13,0.7338365174512037
2019-11-14,0.733638382914603
2019-11-15,0.7333279259061832
2019-11-16,0.7334454834308042
2019-11-17,0.7334449234456734
2019-11-18,0.7323488500328232
2019-11-19,0.7333090496993419
2019-11-20,0.7330555525657554
2019-11-21,0.7335702646703204
2019-11-22,0.7336863862675445
2019-11-23,0.7337943929061025
2019-11-24,0.7337480003828075
2019-11-25,0.7341041152080698
2019-11-26,0.7344516499526829
2019-11-27,0.7352228789158649
2019-11-28,0.7352185378070443
2019-11-29,0.7346394605880409
2019-11-30,0.7347198059335402
2019-12-01,0.7347215795115266
2019-12-02,0.7333787091381357
2019-12-03,0.7342220741482938
2019-12-04,0.733596310150585
2019-12-05,0.7332007550522744
2019-12-06,0.7336810790410839
2019-12-07,0.7337833751443934
2019-12-08,0.7337958188126078
2019-12-09,0.7312135902189013
2019-12-10,0.7332616837859369
2019-12-11,0.7329399375675499
2019-12-12,0.7319402753695925
2019-12-13,0.7306528721233516
2019-12-14,0.7307711207550983
2019-12-15,0.7307795022633594
2019-12-16,0.731091996222954
2019-12-17,0.7290077734536754
2019-12-18,0.7308430137526974
2019-12-19,0.7308899783021887
2019-12-20,0.7281886822226256
2019-12-21,0.7282534758274103
2019-12-22,0.7282518433287142
2019-12-23,0.7304093726625194
2019-12-24,0.7289063967538709
2019-12-25,0.7300690710429356
2019-12-26,0.7289910930500786
2019-12-27,0.7245912468393995
2019-12-28,0.7246280690179199
2019-12-29,0.7246285075291166
2019-12-30,0.729014349592574
2019-12-31,0.7272435136373699
2020-01-01,0.7272304813962873
2020-01-02,0.7230065008317678
2020-01-03,0.7256759584815361
2020-01-04,0.7257305880779154
2020-01-05,0.7257302756377905
2020-01-06,0.7289375871276895
2020-01-07,0.7267636440464016
2020-01-08,0.7276699034025447
2020-01-09,0.7274259798993377
2020-01-10,0.7335826732147702
2020-01-11,0.733616565376934
2020-01-12,0.7336144629265473
2020-01-13,0.7307124027430709
2020-01-14,0.7314939294611102
2020-01-15,0.7298195335555772
2020-01-16,0.7293347667259429
2020-01-17,0.729538924111012
2020-01-18,0.7296881676854402
2020-01-19,0.7296883724649088
2020-01-20,0.7293378513745549
2020-01-21,0.7278125648590188
2020-01-22,0.7305141999650809
2020-01-23,0.7297294996500648
2020-01-24,0.72811190667467
2020-01-25,0.728149631373239
2020-01-26,0.7281491242130738
2020-01-27,0.732513154096488
2020-01-28,0.7296319641555026
2020-01-29,0.7315614551465717
2020-01-30,0.7309152748465076
2020-01-31,0.7302529859432104
2020-02-01,0.7302752998883616
2020-02-02,0.7302726265018405
2020-02-03,0.7337083743403374
2020-02-04,0.7315354090210323
2020-02-05,0.7332319887216746
2020-02-06,0.7338582865383074
2020-02-07,0.7324422171380339
2020-02-08,0.7325995056480538
2020-02-09,0.732596166684823
2020-02-10,0.7357312968643424
2020-02-11,0.7355008978325471
2020-02-12,0.7348604095374345
2020-02-13,0.7352282881178345
2020-02-14,0.7341761652088574
2020-02-15,0.7343309411115423
2020-02-16,0.7343310881272449
2020-02-17,0.7344861017100638
2020-02-18,0.7350671497959379
2020-02-19,0.735575443175788
2020-02-20,0.7364176443496072
2020-02-21,0.7392478402779863
2020-02-22,0.7394041544917552
2020-02-23,0.739405689168326
2020-02-24,0.7360210570324713
2020-02-25,0.7341481818361145
2020-02-26,0.7340716523797328
2020-02-27,0.7356340967797367
2020-02-28,0.7348287427629532
2020-02-29,0.735041778732564
2020-03-01,0.7350414482180597
2020-03-02,0.7339782130769165
2020-03-03,0.7338568597008795
2020-03-04,0.7308227220014034
2020-03-05,0.7330450209286885
2020-03-06,0.732191593758649
2020-03-07,0.732268653676406
2020-03-08,0.7322775619661326
2020-03-09,0.7315783575709527
2020-03-10,0.7342467415573404
2020-03-11,0.7358735563349298
2020-03-12,0.7404846992142211
2020-03-13,0.7420749639999885
2020-03-14,0.7422384742803814
2020-03-15,0.7422433713557172
2020-03-16,0.7407727193796824
2020-03-17,0.74791374380365
2020-03-18,0.7493634277117485
2020-03-19,0.7579341358886709
2020-03-20,0.7593238294383852
2020-03-21,0.7593089509823933
2020-03-22,0.7593063907143617
2020-03-23,0.7597022187491758
2020-03-24,0.7577205670385965
2020-03-25,0.7576367483996379
2020-03-26,0.7550101440640632
2020-03-27,0.7530845918353734
2020-03-28,0.7530725980461606
2020-03-29,0.7530732517187148
2020-03-30,0.7527270720149736
2020-03-31,0.7516871932189791
2020-04-01,0.756835770144464
2020-04-02,0.757703873056602
2020-04-03,0.7593059622105774
2020-04-04,0.759296303334145
2020-04-05,0.7592917768639297
2020-04-06,0.7598525428627385
2020-04-07,0.7573783512468018
2020-04-08,0.7567498323648251
2020-04-09,0.7547633126638353
2020-04-10,0.7495512796698038
2020-04-11,0.7495417616465969
2020-04-12,0.7495452056136196
2020-04-13,0.7498215098353387
2020-04-14,0.7538874310825665
2020-04-15,0.7562063691350085
2020-04-16,0.7570610161090664
2020-04-17,0.7574334235210582
2020-04-18,0.757422365834026
2020-04-19,0.757417108962854
2020-04-20,0.7561374959512319
2020-04-21,0.7591327667492347
2020-04-22,0.7592159883015194
2020-04-23,0.7598164836995566
2020-04-24,0.7609483455117378
2020-04-25,0.7609765037811531
2020-04-26,0.7609750431871996
2020-04-27,0.7598893933085892
2020-04-28,0.7557667165680149
2020-04-29,0.7540077508652996
2020-04-30,0.7525275747872437
2020-05-01,0.7528427113675409
2020-05-02,0.7528339128040247
2020-05-03,0.7528290582337949
2020-05-04,0.7529110663321923
2020-05-05,0.7534424765862914
2020-05-06,0.7526553625225147
2020-05-07,0.7534329958876278
2020-05-08,0.7497676997219977
2020-05-09,0.7497565146806972
2020-05-10,0.7497574035977579
2020-05-11,0.7499162313381945
2020-05-12,0.7493975420170026
2020-05-13,0.7484675126450178
2020-05-14,0.7490937275856907
2020-05-15,0.746543370380459
2020-05-16,0.7465602313620424
2020-05-17,0.7465561849856458
2020-05-18,0.741652269318506
2020-05-19,0.7427721816644334
2020-05-20,0.7385171528916163
2020-05-21,0.7387976954964578
2020-05-22,0.7386129485433541
2020-05-23,0.7386046853800993
2020-05-24,0.7386058071710777
2020-05-25,0.7397487560056266
2020-05-26,0.7301602386359537
2020-05-27,0.7291040295867344
2020-05-28,0.7228506430779736
2020-05-29,0.7241629151424047
2020-05-30,0.7241803203518906
2020-05-31,0.7241761926603042
2020-06-01,0.713711236217023
2020-06-02,0.710240003861697
2020-06-03,0.7086082122553152
2020-06-04,0.706461747008495
2020-06-05,0.7031568079674843
2020-06-06,0.703214182654846
2020-06-07,0.7032174602975306
2020-06-08,0.7032259293006818
2020-06-09,0.7024108767866495
2020-06-10,0.6962803758961509
2020-06-11,0.6979274990012081
2020-06-12,0.6987811245067194
2020-06-13,0.6987735835884398
2020-06-14,0.6987699681682062
2020-06-15,0.6985132982309952
2020-06-16,0.6994224998838566
2020-06-17,0.6986975119752094
2020-06-18,0.6992740775842629
2020-06-19,0.6950790325511024
2020-06-20,0.6950948432175297
2020-06-21,0.695094449885045
2020-06-22,0.698280906595148
2020-06-23,0.6945035504045909
2020-06-24,0.6984538640996091
2020-06-25,0.6986744173435915
2020-06-26,0.6990310803926476
2020-06-27,0.6990238624612286
2020-06-28,0.6990237125650312
2020-06-29,0.6989650166348055
2020-06-30,0.7056967461531277
2020-07-01,0.7013591704731523
2020-07-02,0.7013382488917598
2020-07-03,0.7012825005617276
2020-07-04,0.701282985328084
2020-07-05,0.7012883609826827
2020-07-06,0.7023059365063636
2020-07-07,0.7045447049007412
2020-07-08,0.7040264789792704
2020-07-09,0.7019800531648347
2020-07-10,0.7018354016297724
2020-07-11,0.7018485818253895
2020-07-12,0.7018492335071213
2020-07-13,0.7016116771377107
2020-07-14,0.7013990205517018
2020-07-15,0.7006628618760282
2020-07-16,0.7009579275147333
2020-07-17,0.6978750598457348
2020-07-18,0.6978755470510682
2020-07-19,0.6978750851860444
2020-07-20,0.698072570876694
2020-07-21,0.6984272465343152
2020-07-22,0.6978061772358294
2020-07-23,0.6957799017629231
2020-07-24,0.697078923475013
2020-07-25,0.6970660396717968
2020-07-26,0.6970656160783655
2020-07-27,0.6954777570591866
2020-07-28,0.6944606095992637
2020-07-29,0.6937621593897343
2020-07-30,0.6948970284609174
2020-07-31,0.6951723338801974
2020-08-01,0.6951628215309209
2020-08-02,0.6951648138129726
2020-08-03,0.6962930484066124
2020-08-04,0.6964512124844238
2020-08-05,0.6953562228025758
2020-08-06,0.6960715357940743
2020-08-07,0.6974723664845358
2020-08-08,0.6974640524262461
2020-08-09,0.6974844198798965
2020-08-10,0.6986098608085027
2020-08-11,0.6990277979038194
2020-08-12,0.6982882511966534
2020-08-13,0.6981219779476998
2020-08-14,0.6981946335278153
2020-08-15,0.6981918044149561
2020-08-16,0.6981942583619545
2020-08-17,0.6976418368480123
2020-08-18,0.698251216057638
2020-08-19,0.6964898740497292
2020-08-20,0.6967234525614938
2020-08-21,0.6975527340939551
2020-08-22,0.6975615308130945
2020-08-23,0.6975581029372884
2020-08-24,0.698734859781233
2020-08-25,0.6984153087637329
2020-08-26,0.6980251582646602
2020-08-27,0.6983408235130963
2020-08-28,0.6971513855404942
2020-08-29,0.6971466417322355
2020-08-30,0.6971416137127573
2020-08-31,0.6961875626175618
2020-09-01,0.695911453483332
2020-09-02,0.6961630790193176
2020-09-03,0.6972631037298477
2020-09-04,0.6972244860157893
2020-09-05,0.6972272936503499
2020-09-06,0.6972240675677955
2020-09-07,0.6981186419859283
2020-09-08,0.6993878997679565
2020-09-09,0.6984028788683792
2020-09-10,0.6982892111253857
2020-09-11,0.6992972241136257
2020-09-12,0.6993018991126723
2020-09-13,0.6993012270992802
2020-09-14,0.6980072285550463
2020-09-15,0.6963341103013295
2020-09-16,0.6971365350746236
2020-09-17,0.6971951906303512
2020-09-18,0.6972561820832988
2020-09-19,0.6972564574911769
2020-09-20,0.6972559611651895
2020-09-21,0.698773845632629
2020-09-22,0.7013762697133927
2020-09-23,0.69708791005575
2020-09-24,0.6968365929495304
2020-09-25,0.6990022034065608
2020-09-26,0.6990022034065608
2020-09-27,0.699006783511698
2020-09-28,0.6993223824794486
2020-09-29,0.6984391756937012
2020-09-30,0.6976488891203741
2020-10-01,0.6968345835826233
2020-10-02,0.6962565115130316
2020-10-03,0.6962567865187194
2020-10-04,0.6962511392641654
2020-10-05,0.6961512917553238
2020-10-06,0.6968167886878884
2020-10-07,0.6962613530407993
2020-10-08,0.6989699874407251
2020-10-09,0.6969676340310561
2020-10-10,0.6969738332173044
2020-10-11,0.6969663517442406
2020-10-12,0.6974894121849693
2020-10-13,0.6985465676194462
2020-10-14,0.6985412394791606
2020-10-15,0.6990693885306163
2020-10-16,0.7005830345266865
2020-10-17,0.7005816527020106
2020-10-18,0.7005814193125947
2020-10-19,0.6996179567865637
2020-10-20,0.7001129772698467
2020-10-21,0.6945254068840745
2020-10-22,0.6991362976064315
2020-10-23,0.6983885018073367
2020-10-24,0.6983909090898875
2020-10-25,0.698392805562972
2020-10-26,0.698319198693776
2020-10-27,0.699526795135928
2020-10-28,0.7005499246953665
2020-10-29,0.7016383908040579
2020-10-30,0.7022906573773504
2020-10-31,0.7022892722437388
2020-11-01,0.7022913487452161
2020-11-02,0.7025571256008705
2020-11-03,0.701337712047732
2020-11-04,0.7008178677806577
2020-11-05,0.6992653558821715
2020-11-06,0.6976024759397735
2020-11-07,0.6976027515064759
2020-11-08,0.6975962265904164
2020-11-09,0.6960624085696414
2020-11-10,0.6963831790811017
2020-11-11,0.6933881000458051
2020-11-12,0.697627585408459
2020-11-13,0.6974564634636675
2020-11-14,0.6974566701036895
2020-11-15,0.6974533740243146
2020-11-16,0.6975369786858873
2020-11-17,0.7205858582919612
2020-11-18,0.6976124019122875
2020-11-19,0.6975768631179395
2020-11-20,0.6980659130810432
2020-11-21,0.6980856118918097
2020-11-22,0.698087768081023
2020-11-23,0.6988927559016896
2020-11-24,0.6990380257165528
2020-11-25,0.6988864410233456
2020-11-26,0.6967039047517942
2020-11-27,0.6987608591443042
2020-11-28,0.698721909048749
2020-11-29,0.6987406159078794
2020-11-30,0.6996172274000746
2020-12-01,0.6996003444158453
2020-12-02,0.6986999092377264
2020-12-03,0.6972458549945167
2020-12-04,0.6976060636072143
2020-12-05,0.6976260938699923
2020-12-06,0.6976345440927776
2020-12-07,0.6968735082862748
2020-12-08,0.698334888260645
2020-12-09,0.6988614864594492
2020-12-10,0.6980523051826582
2020-12-11,0.6971200081500247
2020-12-12,0.6971503669541262
2020-12-13,0.6971693227858333
2020-12-14,0.6978984710942553
2020-12-15,0.698076433692273
2020-12-16,0.6973049283173803
2020-12-17,0.6964654563594227
2020-12-18,0.6958713343382669
2020-12-19,0.6958861111965601
2020-12-20,0.6958658218482098
2020-12-21,0.6963907509245628
2020-12-22,0.6979800954799054
2020-12-23,0.6986774252640929
2020-12-24,0.697705988622126
2020-12-25,0.698072239428121
2020-12-26,0.698072239428121
2020-12-27,0.698085476569382
2020-12-28,0.6971009020837478
2020-12-29,0.6979028291404487
2020-12-30,0.6961645642416164
2020-12-31,0.6965079978533901
2021-01-01,0.7105226719750336
2021-01-02,0.7105226719750336
2021-01-03,0.7104960796307038
2021-01-04,0.7200319231401031
2021-01-05,0.718461653314619
2021-01-06,0.7189105338147137
2021-01-07,0.7189427479427112
2021-01-08,0.721366557653973
2021-01-09,0.7213648499358967
2021-01-10,0.7213552643685407
2021-01-11,0.7211374697684821
2021-01-12,0.7229002823442624
2021-01-13,0.7224944569621036
2021-01-14,0.7229237888703983
2021-01-15,0.7214266379353894
2021-01-16,0.7214266379353894
2021-01-17,0.7214381003940088
2021-01-18,0.7251607353822389
2021-01-19,0.7260182756732485
2021-01-20,0.7255879623679835
2021-01-21,0.7247953957048532
2021-01-22,0.7235153516395544
2021-01-23,0.7235153516395544
2021-01-24,0.7235159943575237
2021-01-25,0.7266409851639114
2021-01-26,0.7281357464171836
2021-01-27,0.7287977807465289
2021-01-28,0.7284537262884488
2021-01-29,0.7274376182836533
2021-01-30,0.7274376182836533
2021-01-31,0.7274455630848476
2021-02-01,0.7284881958383482
2021-02-02,0.729513486976722
2021-02-03,0.7298208502577114
2021-02-04,0.7310535012559696
2021-02-05,0.7298266978572983
2021-02-06,0.7298266978572983
2021-02-07,0.7298241160051829
2021-02-08,0.728753482221405
2021-02-09,0.7291343458811294
2021-02-10,0.7266765507322507
2021-02-11,0.7280271181921907
2021-02-12,0.727518162842453
2021-02-13,0.7275203831398102
2021-02-14,0.7275156014583591
2021-02-15,0.7273974924408094
2021-02-16,0.7283430771178705
2021-02-17,0.7279567585077479
2021-02-18,0.7283710271311896
2021-02-19,0.7280457889252554
2021-02-20,0.7280457889252554
2021-02-21,0.7280601049380465
2021-02-22,0.7270902179875282
2021-02-23,0.7282272020548664
2021-02-24,0.738240621683162
2021-02-25,0.7400977115562376
2021-02-26,0.7405116903657493
2021-02-27,0.7405099373246854
2021-02-28,0.7405258470853107
2021-03-01,0.7417134068690373
2021-03-02,0.7428790305929708
2021-03-03,0.7413164145956195
2021-03-04,0.7414840188039244
2021-03-05,0.743617870803979
2021-03-06,0.743617870803979
2021-03-07,0.7436179180951908
2021-03-08,0.7467085538661681
2021-03-09,0.7478539619174356
2021-03-10,0.7475511508139487
2021-03-11,0.7476589499123094
2021-03-12,0.7502344697526685
2021-03-13,0.7502344697526685
2021-03-14,0.7502318071145385
2021-03-15,0.7500126272426232
2021-03-16,0.7503477712480601
2021-03-17,0.7506904047433808
2021-03-18,0.7522935736222304
2021-03-19,0.7513656686056215
2021-03-20,0.7513656686056215
2021-03-21,0.751489428841677
2021-03-22,0.7528065054178454
2021-03-23,0.754995494013805
2021-03-24,0.7603036091174178
2021-03-25,0.761110279962551
2021-03-26,0.7614996233510793
2021-03-27,0.761496486091783
2021-03-28,0.7615024140818526
2021-03-29,0.7617174531714106
2021-03-30,0.763479072406912
2021-03-31,0.7632267273618171
2021-04-01,0.761375747791747
2021-04-02,0.7611864752292267
2021-04-03,0.7611864752292267
2021-04-04,0.761189033852636
2021-04-05,0.7601723307338337
2021-04-06,0.7600443584703013
2021-04-07,0.7587835143903164
2021-04-08,0.7578942399080831
2021-04-09,0.7583719396742821
2021-04-10,0.7583719396742821
2021-04-11,0.7583755134276947
2021-04-12,0.7593539744042146
2021-04-13,0.758679509639407
2021-04-14,0.7561404337340549
2021-04-15,0.7559812942965546
2021-04-16,0.7535650256611988
2021-04-17,0.7535650256611988
2021-04-18,0.7535646846653538
2021-04-19,0.7539366389843003
2021-04-20,0.758251134553796
2021-04-21,0.758380158083377
2021-04-22,0.7576273520065622
2021-04-23,0.758924588036911
2021-04-24,0.7589174038323495
2021-04-25,0.7589329672518761
2021-04-26,0.7572606387132498
2021-04-27,0.7599304016569527
2021-04-28,0.7598597250793163
2021-04-29,0.7584192371825423
2021-04-30,0.7610331774601581
2021-05-01,0.7610331774601581
2021-05-02,0.7610339262836796
2021-05-03,0.7613222062949996
2021-05-04,0.7613965187171595
2021-05-05,0.7614310813282227
2021-05-06,0.7606156741726599
2021-05-07,0.7594800237867316
2021-05-08,0.7594800237867316
2021-05-09,0.7594866600945142
2021-05-10,0.7573660382745916
2021-05-11,0.759577404726142
2021-05-12,0.7603051284392717
2021-05-13,0.7601915687925367
2021-05-14,0.7596915673742195
2021-05-15,0.7597059505319658
2021-05-16,0.759705164535125
2021-05-17,0.759536414266442
2021-05-18,0.7593468693057056
2021-05-19,0.759969276794906
2021-05-20,0.7591226224437242
2021-05-21,0.7593327498827398
2021-05-22,0.7593327498827398
2021-05-23,0.7593325731637017
2021-05-24,0.7593732883254225
2021-05-25,0.7593246478157467
2021-05-26,0.7575251838907525
2021-05-27,0.7585343125217564
2021-05-28,0.7586402107271709
2021-05-29,0.7586402107271709
2021-05-30,0.7586409724460081
2021-05-31,0.7580091223904244
2021-06-01,0.75915499561413
2021-06-02,0.7582819479225975
2021-06-03,0.7583976785797899
2021-06-04,0.7568989560895737
2021-06-05,0.7569414983604453
2021-06-06,0.7569431981143657
2021-06-07,0.7574051293522378
2021-06-08,0.7571730564052961
2021-06-09,0.7568706478549745
2021-06-10,0.757890532311541
2021-06-11,0.7582339105629919
2021-06-12,0.7582357113178352
2021-06-13,0.7582352455754707
2021-06-14,0.7574657367794401
2021-06-15,0.758882845180714
2021-06-16,0.7615564897889625
2021-06-17,0.7631780702968356
2021-06-18,0.7648745403946686
2021-06-19,0.7648745403946686
2021-06-20,0.7648778190776591
2021-06-21,0.7640303022579741
2021-06-22,0.7656642492049454
2021-06-23,0.7658395016324525
2021-06-24,0.7639436322904619
2021-06-25,0.7632852738555342
2021-06-26,0.7632852738555342
2021-06-27,0.763285692271831
2021-06-28,0.7624403009543899
2021-06-29,0.7652759464581442
2021-06-30,0.7649329713545021
2021-07-01,0.766923150749193
2021-07-02,0.765919109540803
2021-07-03,0.7659187359520319
2021-07-04,0.7659194132924616
2021-07-05,0.7646837050786676
2021-07-06,0.7664560503005484
2021-07-07,0.7684906910256227
2021-07-08,0.76857287325215
2021-07-09,0.7675796135842632
2021-07-10,0.7675796135842632
2021-07-11,0.7675789712883402
2021-07-12,0.7665054408971413
2021-07-13,0.769644377954373
2021-07-14,0.7683042799888845
2021-07-15,0.7681481502240519
2021-07-16,0.7681852896135699
2021-07-17,0.7681852896135699
2021-07-18,0.7681869361629013
2021-07-19,0.7689852376908016
2021-07-20,0.7691410954142591
2021-07-21,0.7693550366035876
2021-07-22,0.7703565045388385
2021-07-23,0.7695731866168778
2021-07-24,0.7695731866168778
2021-07-25,0.7695739433532158
2021-07-26,0.7686456160861086
2021-07-27,0.7698022882964506
2021-07-28,0.7692748616137067
2021-07-29,0.7676059071563544
2021-07-30,0.7670258493424744
2021-07-31,0.7670258493424744
2021-08-01,0.767023724103709
2021-08-02,0.7670440575090972
2021-08-03,0.7680677831725504
2021-08-04,0.7673339352179506
2021-08-05,0.767179947269694
2021-08-06,0.7694428592404208
2021-08-07,0.7694428592404208
2021-08-08,0.769442246372582
2021-08-09,0.770047693613378
2021-08-10,0.7713006451660948
2021-08-11,0.7702706064165925
2021-08-12,0.7700912322846309
2021-08-13,0.7694776490139937
2021-08-14,0.7694776490139937
2021-08-15,0.7694757981489582
2021-08-16,0.77004005280371
2021-08-17,0.7699255020766673
2021-08-18,0.7713851539426414
2021-08-19,0.7715304013745915
2021-08-20,0.7708646792536048
2021-08-21,0.7708646792536048
2021-08-22,0.7708646299496356
2021-08-23,0.77160229280806
2021-08-24,0.7707725394653145
2021-08-25,0.7712879567091484
2021-08-26,0.7707909786456308
2021-08-27,0.7696888795361776
2021-08-28,0.7696888795361776
2021-08-29,0.7697001929056908
2021-08-30,0.7684888766898974
2021-08-31,0.7694237692278026
2021-09-01,0.7690968700603559
2021-09-02,0.7683614670208766
2021-09-03,0.7681231848704108
2021-09-04,0.7681231848704108
2021-09-05,0.7681228237572472
2021-09-06,0.7679556408616829
2021-09-07,0.7700861041354753
2021-09-08,0.7698399278594313
2021-09-09,0.7712526226653249
2021-09-10,0.7702807371445866
2021-09-11,0.7702807371445866
2021-09-12,0.770281627806434
2021-09-13,0.7707049726622017
2021-09-14,0.7723150325753564
2021-09-15,0.7724370884919346
2021-09-16,0.7733729186267946
2021-09-17,0.7738516372722793
2021-09-18,0.7738498076432413
2021-09-19,0.7738496152898828
2021-09-20,0.7765022028315253
2021-09-21,0.7787265319589473
2021-09-22,0.7788271549191077
2021-09-23,0.7789389607428528
2021-09-24,0.780482827568316
2021-09-25,0.780482827568316
2021-09-26,0.780480143778874
2021-09-27,0.7810044017633032
2021-09-28,0.7829696502466222
2021-09-29,0.783112421879331
2021-09-30,0.7846885366482774
2021-10-01,0.7837950640273325
2021-10-02,0.7837974560749749
2021-10-03,0.7837988974973971
2021-10-04,0.7844059600866395
2021-10-05,0.7090073735857064
2021-10-06,0.7098738659118299
2021-10-07,0.7091151145838501
2021-10-08,0.7088939789148035
2021-10-09,0.7088939789148035
2021-10-10,0.7088939895018926
2021-10-11,0.7087515826342515
2021-10-12,0.7100788669819095
2021-10-13,0.707946390794781
2021-10-14,0.7060616712974049
2021-10-15,0.7062972456843619
2021-10-16,0.7062972456843619
2021-10-17,0.706297132335609
2021-10-18,0.7065771249131225
2021-10-19,0.7077854272921273
2021-10-20,0.7052959346770786
2021-10-21,0.7056919244131551
2021-10-22,0.7053647341641754
2021-10-23,0.7053647341641754
2021-10-24,0.7053762119363549
2021-10-25,0.7048826070889093
2021-10-26,0.7073608119269075
2021-10-27,0.7068956120003382
2021-10-28,0.7060791059861938
2021-10-29,0.7074461647039518
2021-10-30,0.7074461647039518
2021-10-31,0.7074430584394196
2021-11-01,0.7068568115713769
2021-11-02,0.706321068084081
2021-11-03,0.7060552205450552
2021-11-04,0.7076044924849367
2021-11-05,0.7064912733746085
2021-11-06,0.7064915524376773
2021-11-07,0.7064924461643312
2021-11-08,0.7088774259310192
2021-11-09,0.7085031819847502
2021-11-10,0.7100422874387231
2021-11-11,0.7097096862932821
2021-11-12,0.7089705856054707
2021-11-13,0.7089705856054707
2021-11-14,0.7089755439294375
2021-11-15,0.7109969745104442
2021-11-16,0.713300458844774
2021-11-17,0.7135316719760288
2021-11-18,0.7136694969897145
2021-11-19,0.7135453080030671
2021-11-20,0.7135453080030671
2021-11-21,0.7135439203988211
2021-11-22,0.7137778302285887
2021-11-23,0.7176634985978869
2021-11-24,0.7175227090148809
2021-11-25,0.7174822254423702
2021-11-26,0.7171808643265566
2021-11-27,0.7171808643265566
2021-11-28,0.7171776205149114
2021-11-29,0.7175463443824285
2021-11-30,0.7205078132896597
2021-12-01,0.7171236265925885
2021-12-02,0.7157361050084602
2021-12-03,0.717304818943823
2021-12-04,0.7172693633983168
2021-12-05,0.717269711142789
2021-12-06,0.7176859604052641
2021-12-07,0.7163726920508049
2021-12-08,0.7156161825712161
2021-12-09,0.7144046793255888
2021-12-10,0.7158896880414609
2021-12-11,0.7158896880414609
2021-12-12,0.7158872245855074
2021-12-13,0.7150903600467077
2021-12-14,0.7190923584584729
2021-12-15,0.7162561718938192
2021-12-16,0.7147840615155702
2021-12-17,0.7153197720149452
2021-12-18,0.7153198882638462
2021-12-19,0.715331466902074
2021-12-20,0.7151352910433262
2021-12-21,0.7144534583332081
2021-12-22,0.7131626585647228
2021-12-23,0.7093143345788265
2021-12-24,0.7072454149873362
2021-12-25,0.7072335680875611
2021-12-26,0.7072266156841117
2021-12-27,0.7106127758138094
2021-12-28,0.712360576744108
2021-12-29,0.7094825719831118
2021-12-30,0.7093929952834999
2021-12-31,0.7064434921133877
2022-01-01,0.7064434921133877
2022-01-02,0.706456312786298
2022-01-03,0.7096496792163804
2022-01-04,0.7094624435391479
2022-01-05,0.7107965830334652
2022-01-06,0.7090668765166199
2022-01-07,0.7063339484379461
2022-01-08,0.7063339484379461
2022-01-09,0.7063293860642026
2022-01-10,0.7039306139431508
2022-01-11,0.7049171939698072
2022-01-12,0.7047476022185962
2022-01-13,0.7021143445004925
2022-01-14,0.7017943738037689
2022-01-15,0.7017800392335694
2022-01-16,0.7017807492382955
2022-01-17,0.7017551032015426
2022-01-18,0.7035099850115525
2022-01-19,0.7025907730969322
2022-01-20,0.7020932500954423
2022-01-21,0.702341457815459
2022-01-22,0.702341457815459
2022-01-23,0.7023424286506819
2022-01-24,0.7030704062963401
2022-01-25,0.703742351717366
2022-01-26,0.7060606607879019
2022-01-27,0.706219616294623
2022-01-28,0.7078280685000409
2022-01-29,0.7078280685000409
2022-01-30,0.7078258093174972
2022-01-31,0.7051245672654702
2022-02-01,0.7048139730154047
2022-02-02,0.7052360108669166
2022-02-03,0.7041614320397391
2022-02-04,0.7042565523859696
2022-02-05,0.7042565523859696
2022-02-06,0.7042568594757984
2022-02-07,0.7045041462173199
2022-02-08,0.7065244951482865
2022-02-09,0.7062336515989182
2022-02-10,0.7083192788022699
2022-02-11,0.7100592557362028
2022-02-12,0.7100592557362028
2022-02-13,0.7100593759538787
2022-02-14,0.711679207533394
2022-02-15,0.7136756607306896
2022-02-16,0.7143847582065892
2022-02-17,0.7148728383199043
2022-02-18,0.7175268434484354
2022-02-19,0.7175268434484354
2022-02-20,0.7175247141335813
2022-02-21,0.7150034671170352
2022-02-22,0.7246868273903886
2022-02-23,0.7304345711210379
2022-02-24,0.7283854353539303
2022-02-25,0.7477533138204064
2022-02-26,0.7477533138204064
2022-02-27,0.7477659510969031
2022-02-28,0.7476183772730937
2022-03-01,0.7525956277753671
2022-03-02,0.7507888246916393
2022-03-03,0.7494035616129786
2022-03-04,0.7488366163761657
2022-03-05,0.7488384023588424
2022-03-06,0.7488428415892017
2022-03-07,0.750088045879694
2022-03-08,0.7564980124513222
2022-03-09,0.754429749293753
2022-03-10,0.7565434311667129
2022-03-11,0.7561815020325133
2022-03-12,0.7561709311157258
2022-03-13,0.7561720292376225
2022-03-14,0.7572686586043286
2022-03-15,0.7567366398043568
2022-03-16,0.7536788590381018
2022-03-17,0.7514425957007783
2022-03-18,0.7516550213803926
2022-03-19,0.7516550213803926
2022-03-20,0.7516532686189564
2022-03-21,0.7536822541246947
2022-03-22,0.7539589900965015
2022-03-23,0.7538612624391355
2022-03-24,0.7531549303800499
2022-03-25,0.7516304422941704
2022-03-26,0.7516305628038314
2022-03-27,0.751629465872802
2022-03-28,0.7521334443006077
2022-03-29,0.7502377311817066
2022-03-30,0.7465328072490431
2022-03-31,0.7468883692970097
2022-04-01,0.7473766356285864
2022-04-02,0.7473782853882153
2022-04-03,0.7473776232354565
2022-04-04,0.7471420867857685
2022-04-05,0.748890193123381
2022-04-06,0.7494571437631351
2022-04-07,0.7507017725130745
2022-04-08,0.7504897867675465
2022-04-09,0.7504897867675465
2022-04-10,0.7504885929085756
2022-04-11,0.7513358022164959
2022-04-12,0.7517580755380713
2022-04-13,0.7504891532870214
2022-04-14,0.7505176683397372
2022-04-15,0.7512330629490872
2022-04-16,0.7512330629490872
2022-04-17,0.7512318949773166
2022-04-18,0.750782025094478
2022-04-19,0.7524825300484973
2022-04-20,0.7507555445154164
2022-04-21,0.751032286057445
2022-04-22,0.7535833428471844
2022-04-23,0.7535833428471844
2022-04-24,0.7535833276259611
2022-04-25,0.75421748374957
2022-04-26,0.7579532126447048
2022-04-27,0.7587912814747564
2022-04-28,0.7587116643985159
2022-04-29,0.7606460001146813
2022-04-30,0.7606460001146813
2022-05-01,0.7606464200368075
2022-05-02,0.7573091056204619
2022-05-03,0.7607895865551013
2022-05-04,0.7603655707092396
2022-05-05,0.7595098544433703
2022-05-06,0.7604322175532524
2022-05-07,0.7604322175532524
2022-05-08,0.7604294178607173
2022-05-09,0.7627732478195755
2022-05-10,0.7642387091499112
2022-05-11,0.7652545981610823
2022-05-12,0.764814453301908
2022-05-13,0.7658074282250911
2022-05-14,0.7658074282250911
2022-05-15,0.7658071334799647
2022-05-16,0.765797258618938
2022-05-17,0.7623154166097217
2022-05-18,0.7630510571656538
2022-05-19,0.7606572674129788
2022-05-20,0.7580979088306694
2022-05-21,0.7580979088306694
2022-05-22,0.7580993664260667
2022-05-23,0.7577234600875409
2022-05-24,0.7567278874798758
2022-05-25,0.7567319368284791
2022-05-26,0.757367248012651
2022-05-27,0.7565137137091689
2022-05-28,0.7565137137091689
2022-05-29,0.7565204951505095
2022-05-30,0.7565572012647005
2022-05-31,0.758336900918843
2022-06-01,0.7584928492440491
2022-06-02,0.758482650767324
2022-06-03,0.758834629371304
2022-06-04,0.758834629371304
2022-06-05,0.7588401765412702
2022-06-06,0.7588533235522023
2022-06-07,0.7601726812223336
2022-06-08,0.76091622655005
2022-06-09,0.7624580399922809
2022-06-10,0.7661382867908392
2022-06-11,0.7661382867908392
2022-06-12,0.7661404278121761
2022-06-13,0.7754072322220166
2022-06-14,0.7723931031247132
2022-06-15,0.7713046020347492
2022-06-16,0.7713349739688087
2022-06-17,0.7687602155615689
2022-06-18,0.7687602155615689
2022-06-19,0.7687617495599364
2022-06-20,0.7709789280596349
2022-06-21,0.7748433739637394
2022-06-22,0.7747244676933795
2022-06-23,0.7766605811039795
2022-06-24,0.7748826525085207
2022-06-25,0.7748826525085207
2022-06-26,0.774870756700327
2022-06-27,0.775155261918135
2022-06-28,0.774701964231193
2022-06-29,0.7740428409988048
2022-06-30,0.7720148851827304
2022-07-01,0.7740194103047584
2022-07-02,0.7740194103047584
2022-07-03,0.7740207426859823
2022-07-04,0.7728867316672751
2022-07-05,0.7764912998440953
2022-07-06,0.7790995816530639
2022-07-07,0.7783483345220459
2022-07-08,0.7783351540147586
2022-07-09,0.7783351540147586
2022-07-10,0.7783363988248772
2022-07-11,0.7803957270144946
2022-07-12,0.7814906018778773
2022-07-13,0.7834136537530304
2022-07-14,0.784705241664932
2022-07-15,0.7847629316996547
2022-07-16,0.7847629316996547
2022-07-17,0.7847616763029236
2022-07-18,0.7885316250089358
2022-07-19,0.7837637658857108
2022-07-20,0.7846481760804136
2022-07-21,0.7845909809039221
2022-07-22,0.7854806445518052
2022-07-23,0.7855140869835203
2022-07-24,0.7855131953042095
2022-07-25,0.785865524873253
2022-07-26,0.7859409926381967
2022-07-27,0.7854416307362913
2022-07-28,0.7869566552854315
2022-07-29,0.7850603550240121
2022-07-30,0.7850461201863514
2022-07-31,0.7850458327564075
2022-08-01,0.7822951419234778
2022-08-02,0.7872897738542856
2022-08-03,0.7869184166003599
2022-08-04,0.7877419226852549
2022-08-05,0.7882826002570046
2022-08-06,0.7882826002570046
2022-08-07,0.7882809741389205
2022-08-08,0.7884770185836673
2022-08-09,0.7901927181001065
2022-08-10,0.790527240091652
2022-08-11,0.7896182619736809
2022-08-12,0.7904677056568328
2022-08-13,0.7904677056568328
2022-08-14,0.7904675175361652
2022-08-15,0.7928043069863682
2022-08-16,0.7951877251414267
2022-08-17,0.7962030210465784
2022-08-18,0.79913207671356
2022-08-19,0.8029360699214452
2022-08-20,0.80293293436463
2022-08-21,0.8029314399607725
2022-08-22,0.8077201186014337
2022-08-23,0.8108834472415345
2022-08-24,0.8119818354258218
2022-08-25,0.8127341750030318
2022-08-26,0.8137964416809856
2022-08-27,0.8137964416809856
2022-08-28,0.8137920295617521
2022-08-29,0.8165568785857114
2022-08-30,0.8164318758893093
2022-08-31,0.8170807253613733
2022-09-01,0.8173388358723325
2022-09-02,0.8178099056788806
2022-09-03,0.8178195758161171
2022-09-04,0.8178162021399137
2022-09-05,0.8181167543306105
2022-09-06,0.8200949193764169
2022-09-07,0.8189124999965116
2022-09-08,0.8203704848098112
2022-09-09,0.8156172930021528
2022-09-10,0.8156060492650716
2022-09-11,0.8156092814806959
2022-09-12,0.8103621362605168
2022-09-13,0.8128889828288014
2022-09-14,0.8145772993691652
2022-09-15,0.8142834648757971
2022-09-16,0.815763611582427
2022-09-17,0.815763611582427
2022-09-18,0.8157658404578385
2022-09-19,0.8131288370492326
2022-09-20,0.8169125736105567
2022-09-21,0.819672647616194
2022-09-22,0.8212630988260877
2022-09-23,0.8259190413116224
2022-09-24,0.8259190413116224
2022-09-25,0.8259128718827807
2022-09-26,0.8290541985946563
2022-09-27,0.8294163527849272
2022-09-28,0.8275501287102531
2022-09-29,0.825271654641664
2022-09-30,0.8226576166996
2022-10-01,0.8226576166996
2022-10-02,0.8226550776970625
2022-10-03,0.8238620997974428
2022-10-04,0.832658971231298
2022-10-05,0.8212464333462087
2022-10-06,0.8210199926641037
2022-10-07,0.8248793614372251
2022-10-08,0.8248793614372251
2022-10-09,0.824877379747854
2022-10-10,0.8247725583728658
2022-10-11,0.8230473452415156
2022-10-12,0.8227835074675411
2022-10-13,0.8206415763567471
2022-10-14,0.8380277335915209
2022-10-15,0.8380277335915209
2022-10-16,0.8380372023550615
2022-10-17,0.8226435851671615
2022-10-18,0.8227686112986011
2022-10-19,0.8239377276667308
2022-10-20,0.8232177932624648
2022-10-21,0.8219276562385905
2022-10-22,0.8219276562385905
2022-10-23,0.8219323964899017
2022-10-24,0.8213931974624601
2022-10-25,0.8230899752192694
2022-10-26,0.8195057620559183
2022-10-27,0.8174789634728811
2022-10-28,0.8179391801808432
2022-10-29,0.8179419972671206
2022-10-30,0.8179412661011101
2022-10-31,0.8201398975797491
2022-11-01,0.817919820895656
2022-11-02,0.8207572140278886
2022-11-03,0.8221403802248154
2022-11-04,0.8178040961383946
2022-11-05,0.8178040961383946
2022-11-06,0.8178006356881597
2022-11-07,0.8123124205896527
2022-11-08,0.815393779028517
2022-11-09,0.8130724951032583
2022-11-10,0.810528586940783
2022-11-11,0.806416790362222
2022-11-12,0.8064172563277304
2022-11-13,0.8064120754969549
2022-11-14,0.8040455244856201
2022-11-15,0.8034437521803726
2022-11-16,0.804034705668296
2022-11-17,0.8037534538169254
2022-11-18,0.8038216991372824
2022-11-19,0.8038216991372824
2022-11-20,0.803821253790481
2022-11-21,0.8072473523504913
2022-11-22,0.8078797190649829
2022-11-23,0.8029270596322122
2022-11-24,0.8019440462626056
2022-11-25,0.8025629740903988
2022-11-26,0.8025629740903988
2022-11-27,0.8025573356161648
2022-11-28,0.8030495625845301
2022-11-29,0.804903170027329
2022-11-30,0.8026554417307329
2022-12-01,0.798592955421487
2022-12-02,0.7990596352724681
2022-12-03,0.7990596352724681
2022-12-04,0.7990596352724681
2022-12-05,0.7979597594658903
2022-12-06,0.7990209932068552
2022-12-07,0.7945669663256816
2022-12-08,0.7945944979471432
2022-12-09,0.7929934445591615
2022-12-10,0.7929934445591615
2022-12-11,0.7929934445591615
2022-12-12,0.7910674831552197
2022-12-13,0.7923527871487391
2022-12-14,0.7888205082066249
2022-12-15,0.7889471589902384
2022-12-16,0.7867511713129166
2022-12-17,0.7867511713129166
2022-12-18,0.7867511713129166
2022-12-19,0.7872138219277321
2022-12-20,0.7880068150546959
2022-12-21,0.785807642991229
2022-12-22,0.7810123391650947
2022-12-23,0.7840271208538309
2022-12-24,0.7840271208538309
2022-12-25,0.7840271208538309
2022-12-26,0.7796098115175504
2022-12-27,0.7816632293920777
2022-12-28,0.779370271634956
2022-12-29,0.7774230759605425
2022-12-30,0.7983411857926805
2022-12-31,0.7983411857926805
2023-01-01,0.7983411857926805
2023-01-02,0.7985130579458118
2023-01-03,0.8003904166976693
2023-01-04,0.800868934474684
2023-01-05,0.8005709792783462
2023-01-06,0.7976578004591333
2023-01-07,0.7976578004591333
2023-01-08,0.7976578004591333
2023-01-09,0.793839859845205
2023-01-10,0.7939322898629146
2023-01-11,0.7962132100074026
2023-01-12,0.7920645464568928
2023-01-13,0.7893635904715934
2023-01-14,0.7893635904715934
2023-01-15,0.7893635904715934
2023-01-16,0.794946023378976
2023-01-17,0.7997112785357742
2023-01-18,0.7991899603288186
2023-01-19,0.797627798431012
2023-01-20,0.7981473791100905
2023-01-21,0.7981473791100905
2023-01-22,0.7981473791100905
2023-01-23,0.7968976182436281
2023-01-24,0.797839151453422
2023-01-25,0.7969082636137494
2023-01-26,0.7961364465355101
2023-01-27,0.7963517861426015
2023-01-28,0.7963517861426015
2023-01-29,0.7963517861426015
2023-01-30,0.7975134563610625
2023-01-31,0.7987702088799977
2023-02-01,0.7996034505064997
2023-02-02,0.8127900413275205
2023-02-03,0.8164180759994091
2023-02-04,0.8164180759994091
2023-02-05,0.8164180759994091
2023-02-06,0.8203587477437333
2023-02-07,0.8241269852650643
2023-02-08,0.8233760135688469
2023-02-09,0.8255488983688632
2023-02-10,0.826495003941311
2023-02-11,0.826495003941311
2023-02-12,0.826495003941311
2023-02-13,0.8259866703621237
2023-02-14,0.826455901109907
2023-02-15,0.8299757119064414
2023-02-16,0.8309940621727253
2023-02-17,0.8316332014549949
2023-02-18,0.8316332014549949
2023-02-19,0.8316332014549949
2023-02-20,0.8309566916996951
2023-02-21,0.8376265276431805
2023-02-22,0.8369779467299211
2023-02-23,0.8360236404077678
2023-02-24,0.8386221834085835
2023-02-25,0.8386221834085835
2023-02-26,0.8386221834085835
2023-02-27,0.8406993347773669
2023-02-28,0.8414081438721189
2023-03-01,0.8412946580839163
2023-03-02,0.8408047497072968
2023-03-03,0.8423081236801399
2023-03-04,0.8423081236801399
2023-03-05,0.8423081236801399
2023-03-06,0.842859160452495
2023-03-07,0.8453033181100327
2023-03-08,0.847343246070922
2023-03-09,0.8484209838777887
2023-03-10,0.8491040222252236
2023-03-11,0.8491040222252236
2023-03-12,0.8491040222252236
2023-03-13,0.8473509872847802
2023-03-14,0.8494891426556965
2023-03-15,0.8532503153254296
2023-03-16,0.854330950060555
2023-03-17,0.8531080949461208
2023-03-18,0.8531080949461208
2023-03-19,0.8531080949461208
2023-03-20,0.8490460110193208
2023-03-21,0.8505357263800262
2023-03-22,0.8490985931462538
2023-03-23,0.8476848756928309
2023-03-24,0.8480065228354792
2023-03-25,0.8480065228354792
2023-03-26,0.8480065228354792
2023-03-27,0.8481243161368056
2023-03-28,0.8469298856210767
2023-03-29,0.8452182512300515
2023-03-30,0.8447188981503154
2023-03-31,0.8452300901378249
2023-04-01,0.8452300901378249
2023-04-02,0.8452300901378249
2023-04-03,0.8436755112187935
2023-04-04,0.8420977399400531
2023-04-05,0.8427976863819727
2023-04-06,0.8436233057253665
2023-04-07,0.842842753730351
2023-04-08,0.842842753730351
2023-04-09,0.842842753730351
2023-04-10,0.8426932439409394
2023-04-11,0.8447593492596611
2023-04-12,0.8433754506783327
2023-04-13,0.8430111164118084
2023-04-14,0.8426889499639598
2023-04-15,0.8426889499639598
2023-04-16,0.8426889499639598
2023-04-17,0.8437931811522849
2023-04-18,0.8473371538446846
2023-04-19,0.8472876027653803
2023-04-20,0.8458467365028621
2023-04-21,0.8467269484347639
2023-04-22,0.8467269484347639
2023-04-23,0.8467269484347639
2023-04-24,0.8468312840120193
2023-04-25,0.8464088690356577
2023-04-26,0.8479244440285455
2023-04-27,0.8474160009410681
2023-04-28,0.8489910494782303
2023-04-29,0.8489910494782303
2023-04-30,0.8489910494782303
2023-05-01,0.8468988689234519
2023-05-02,0.849667602427888
2023-05-03,0.8504502336889339
2023-05-04,0.847932228294794
2023-05-05,0.8496369238706264
2023-05-06,0.8496369238706264
2023-05-07,0.8496369238706264
2023-05-08,0.8469798913632346
2023-05-09,0.8482547351422385
2023-05-10,0.8482521397993802
2023-05-11,0.8511988385833588
2023-05-12,0.853501357403442
2023-05-13,0.853501357403442
2023-05-14,0.853501357403442
2023-05-15,0.8543242602958698
2023-05-16,0.8556740662503289
2023-05-17,0.8554398554266031
2023-05-18,0.8579094747700612
2023-05-19,0.8567597369866171
2023-05-20,0.8567597369866171
2023-05-21,0.8567597369866171
2023-05-22,0.8559250975796352
2023-05-23,0.8584070614787345
2023-05-24,0.857981342462088
2023-05-25,0.8582423767978641
2023-05-26,0.8589921584028044
2023-05-27,0.8589921584028044
2023-05-28,0.8589921584028044
2023-05-29,0.855918861041786
2023-05-30,0.8616474893625965
2023-05-31,0.8615059435356784
2023-06-01,0.857939528332701
2023-06-02,0.8602358382733127
2023-06-03,0.8602358382733127
2023-06-04,0.8602358382733127
2023-06-05,0.8577392528085223
2023-06-06,0.8564655674863677
2023-06-07,0.8571663312641953
2023-06-08,0.8561193405509707
2023-06-09,0.8553551211771875
2023-06-10,0.8553551211771875
2023-06-11,0.8553551211771875
2023-06-12,0.8565778651856039
2023-06-13,0.8567270855248394
2023-06-14,0.8541145639326009
2023-06-15,0.8513604187871853
2023-06-16,0.8505614528463669
2023-06-17,0.8505614528463669
2023-06-18,0.8505614528463669
2023-06-19,0.8502038776766707
2023-06-20,0.8521757070921293
2023-06-21,0.8530212667637951
2023-06-22,0.8514500416426132
2023-06-23,0.8529185165444723
2023-06-24,0.8529185165444723
2023-06-25,0.8529185165444723
2023-06-26,0.8504451359971551
2023-06-27,0.8522270655601625
2023-06-28,0.8508692260106935
2023-06-29,0.8466327857059683
2023-06-30,0.8507078987644547
2023-07-01,0.8507078987644547
2023-07-02,0.8507078987644547
2023-07-03,0.8467059159471412
2023-07-04,0.8517836184498904
2023-07-05,0.8460128064650045
2023-07-06,0.8456265766739824
2023-07-07,0.8197784820620218
2023-07-08,0.8197784820620218
2023-07-09,0.8197741170141051
2023-07-10,0.818500595798856
2023-07-11,0.8193658056494041
2023-07-12,0.8144946760397166
2023-07-13,0.8133824900935739
2023-07-14,0.8098899009270573
2023-07-15,0.8098899009270573
2023-07-16,0.8098899009270573
2023-07-17,0.8091038318678953
2023-07-18,0.8099644391776392
2023-07-19,0.8097446327504749
2023-07-20,0.8106706487154902
2023-07-21,0.8111944829174319
2023-07-22,0.8111944829174319
2023-07-23,0.8111944829174319
2023-07-24,0.8115151580884133
2023-07-25,0.8155215744537679
2023-07-26,0.8148683174050314
2023-07-27,0.8112724433938762
2023-07-28,0.8098047962879243
2023-07-29,0.8098047962879243
2023-07-30,0.8098047962879243
2023-07-31,0.8082229144203898
2023-08-01,0.810596275994135
2023-08-02,0.811505676542778
2023-08-03,0.8123719011180408
2023-08-04,0.8106228525120988
2023-08-05,0.8106228525120988
2023-08-06,0.8106228525120988
2023-08-07,0.8129952779597229
2023-08-08,0.8104076328875081
2023-08-09,0.8093748690093708
2023-08-10,0.8080423983998266
2023-08-11,0.808353559376871
2023-08-12,0.808353559376871
2023-08-13,0.808353559376871
2023-08-14,0.8122086914986086
2023-08-15,0.815111825328517
2023-08-16,0.8165251752323013
2023-08-17,0.816464481899408
2023-08-18,0.8163601667781036
2023-08-19,0.8163601667781036
2023-08-20,0.8163601667781036
2023-08-21,0.8143527943228964
2023-08-22,0.8154912365409525
2023-08-23,0.8149167442465353
2023-08-24,0.8143945205816369
2023-08-25,0.814209785384086
2023-08-26,0.814209785384086
2023-08-27,0.814209785384086
2023-08-28,0.8150924504512292
2023-08-29,0.8142307383341761
2023-08-30,0.8131053808189778
2023-08-31,0.8127368685326555
2023-09-01,0.8138003505584006
2023-09-02,0.8138003505584006
2023-09-03,0.8138003505584006
2023-09-04,0.812146123374768
2023-09-05,0.8152438085357584
2023-09-06,0.8155543019334879
2023-09-07,0.8180591166104214
2023-09-08,0.8187211026252005
2023-09-09,0.8187211026252005
2023-09-10,0.8187211026252005
2023-09-11,0.8181075823027844
2023-09-12,0.8200844635959539
2023-09-13,0.8172528744531434
2023-09-14,0.8184298345186558
2023-09-15,0.8208602527143135
2023-09-16,0.8208602527143135
2023-09-17,0.8208602527143135
2023-09-18,0.8188348126689693
2023-09-19,0.8196142751635215
2023-09-20,0.8194053465721415
2023-09-21,0.8201528491306356
2023-09-22,0.8205446491643643
2023-09-23,0.8205446491643643
2023-09-24,0.8205446491643643
2023-09-25,0.8210588261582699
2023-09-26,0.8230297474832223
2023-09-27,0.8231868308766259
2023-09-28,0.8227629664285516
2023-09-29,0.8227688609836408
2023-09-30,0.8227688609836408
2023-10-01,0.8227688609836408
2023-10-02,0.825477258012204
2023-10-03,0.8295128418066423
2023-10-04,0.825411184249448
2023-10-05,0.8271348995754035
2023-10-06,0.8245234190483455
2023-10-07,0.8245234190483455
2023-10-08,0.8245234190483455
2023-10-09,0.8268483274541975
2023-10-10,0.8256067462701536
2023-10-11,0.8249969894800787
2023-10-12,0.8255305196527227
2023-10-13,0.826155707237128
2023-10-14,0.826155707237128
2023-10-15,0.826155707237128
2023-10-16,0.8265282062965684
2023-10-17,0.8273985280181191
2023-10-18,0.8290320759634573
2023-10-19,0.824695996206488
2023-10-20,0.8282258534080711
2023-10-21,0.8282258534080711
2023-10-22,0.8282258534080711
2023-10-23,0.8261650079134226
2023-10-24,0.8258250091096706
2023-10-25,0.8253742702721242
2023-10-26,0.8280574824759325
2023-10-27,0.8278000894392735
2023-10-28,0.8278000894392735
2023-10-29,0.8278000894392735
2023-10-30,0.8249574179464487
2023-10-31,0.8266329421974304
2023-11-01,0.8254526150029304
2023-11-02,0.8273671439138214
2023-11-03,0.8214859354472135
2023-11-04,0.8214859354472135
2023-11-05,0.8214859354472135
2023-11-06,0.8196198178699972
2023-11-07,0.8212958618620625
2023-11-08,0.8232221675130487
2023-11-09,0.8244538517725225
2023-11-10,0.8233308376733329
2023-11-11,0.8233308376733329
2023-11-12,0.8233308376733329
2023-11-13,0.8270289346702979
2023-11-14,0.8260998555984269
2023-11-15,0.8234847682358505
2023-11-16,0.8228886026308526
2023-11-17,0.8215452900704012
2023-11-18,0.8215452900704012
2023-11-19,0.8215452900704012
2023-11-20,0.8142897214580085
2023-11-21,0.8154560297077478
2023-11-22,0.8202318854236643
2023-11-23,0.8184151566259057
2023-11-24,0.8184208504725812
2023-11-25,0.8184208504725812
2023-11-26,0.8184208504725812
2023-11-27,0.8172609835381699
2023-11-28,0.821235827644278
2023-11-29,0.8201941668647783
2023-11-30,0.820123588077004
2023-12-01,0.8194296701056487
2023-12-02,0.8194296701056487
2023-12-03,0.8194296701056487
2023-12-04,0.8205026887841859
2023-12-05,0.8228378934835796
2023-12-06,0.8203630031289105
2023-12-07,0.8209255241272629
2023-12-08,0.8215620731374905
2023-12-09,0.8215620731374905
2023-12-10,0.8215620731374905
2023-12-11,0.8204987635336102
2023-12-12,0.8213840220575116
2023-12-13,0.8255585746493973
2023-12-14,0.820177224585935
2023-12-15,0.820138895044972
2023-12-16,0.820138895044972
2023-12-17,0.820138895044972
2023-12-18,0.818790165769969
2023-12-19,0.8165655410031224
2023-12-20,0.8140786796493285
2023-12-21,0.8134768804355459
2023-12-22,0.8128414731800783
2023-12-23,0.8128414731800783
2023-12-24,0.8128414731800783
2023-12-25,0.811424612330396
2023-12-26,0.8118542915109553
2023-12-27,0.809496999542493
2023-12-28,0.8056733443025028
2023-12-29,0.8055530819009861
2023-12-30,0.8055530819009861
2023-12-31,0.8055530819009861
2024-01-01,0.8037934762209827
2024-01-02,0.8082345783171698
2024-01-03,0.8097155470363584
2024-01-04,5.777400704472531
2024-01-05,0.8035028325446179
2024-01-06,0.8035028325446179
2024-01-07,0.8035028325446179
2024-01-08,0.799048675876617
2024-01-09,0.8021839042722804
2024-01-10,0.8011404866527446
2024-01-11,0.8021963874940783
2024-01-12,0.8020192589537775
2024-01-13,0.8020192589537775
2024-01-14,0.8020192589537775
2024-01-15,0.801941758876084
2024-01-16,0.8040720749573111
2024-01-17,0.7960696235255016
2024-01-18,0.7966951764983503
2024-01-19,0.8022472846523628
2024-01-20,0.8022472846523628
2024-01-21,0.8022472846523628
2024-01-22,0.7990797034999839
2024-01-23,0.803238476119041
2024-01-24,0.8029095314778532
2024-01-25,0.8020524431865054
2024-01-26,0.8017616923089742
2024-01-27,0.8017616923089742
2024-01-28,0.8017616923089742
2024-01-29,0.7981468340469845
2024-01-30,0.7996030519740076
2024-01-31,0.8022606806282515
2024-02-01,0.8035494728687529
2024-02-02,0.8031201335445769
2024-02-03,0.8031201335445769
2024-02-04,0.8031201335445769
2024-02-05,0.8055115257975316
2024-02-06,0.8085399872981848
2024-02-07,0.8097404706586243
2024-02-08,0.8101890858222732
2024-02-09,0.8092979970305707
2024-02-10,0.8091657269018075
2024-02-11,0.8091657269018075
2024-02-12,0.8095261942604242
2024-02-13,0.8148641789163255
2024-02-14,0.8143727418394355
2024-02-15,0.8110714455357158
2024-02-16,0.8110200215140442
2024-02-17,0.8110046536680178
2024-02-18,0.8110046536680178
2024-02-19,0.8087495941041967
2024-02-20,0.8090294576663853
2024-02-21,0.8189043574291295
2024-02-22,0.8183827690242667
2024-02-23,0.8187056055175529
2024-02-24,0.8187204910460025
2024-02-25,0.8187204910460025
2024-02-26,0.8182636048752692
2024-02-27,0.8195387129118662
2024-02-28,0.8217884340615607
2024-02-29,0.819666530714155
2024-03-01,0.8201812460055943
2024-03-02,0.8203426112745901
2024-03-03,0.8203426112745901
2024-03-04,0.8190158881199467
2024-03-05,0.8174459022511028
2024-03-06,0.8194254497419526
2024-03-07,0.8207045881626224
2024-03-08,0.819207968147885
2024-03-09,0.8192010883569957
2024-03-10,0.8192010883569957
2024-03-11,0.8136362419916059
2024-03-12,0.8144094864667769
2024-03-13,0.8129425587896213
2024-03-14,0.8131668048239221
2024-03-15,0.8132073203096245
2024-03-16,0.8136292980882417
2024-03-17,0.8136292980882417
2024-03-18,0.8130127220357193
2024-03-19,0.8164288942511457
2024-03-20,0.8139689311910997
2024-03-21,0.8152740918600807
2024-03-22,0.8126892273947295
2024-03-23,0.8126806955330981
2024-03-24,0.8126806955330981
2024-03-25,0.8124764172315146
2024-03-26,0.81577367587579
2024-03-27,0.8149721109791959
2024-03-28,0.8157010577634084
2024-03-29,0.8159180092742874
2024-03-30,0.8161646820782757
2024-03-31,0.8161646820782757
2024-04-01,0.8143006644375054
2024-04-02,0.8167106559764129
2024-04-03,0.8120857508988468
2024-04-04,0.8109898210696397
2024-04-05,0.8109043621507613
2024-04-06,0.8108941887224318
2024-04-07,0.8108941887224318
2024-04-08,0.8100549699072267
2024-04-09,0.8087969041721491
2024-04-10,0.8112611813188565
2024-04-11,0.8150730150345356
2024-04-12,0.8129882335188617
2024-04-13,0.8129882335188617
2024-04-14,0.8129882335188617
2024-04-15,0.8141999699128218
2024-04-16,0.8159459725574422
2024-04-17,0.8210653176839184
2024-04-18,0.8159790911172217
2024-04-19,0.8174486527914578
2024-04-20,0.8174486527914578
2024-04-21,0.8174486527914578
2024-04-22,0.8160932316583137
2024-04-23,0.816857596943648
2024-04-24,0.8249398392011884
2024-04-25,0.8242123982398565
2024-04-26,0.828461187621907
2024-04-27,0.828461187621907
2024-04-28,0.828461187621907
2024-04-29,0.8240531366713348
2024-04-30,0.8303549777198009
2024-05-01,0.8351909497631572
2024-05-02,0.834858195204604
2024-05-03,0.8337644483746444
2024-05-04,0.8337644483746444
2024-05-05,0.8337644483746444
2024-05-06,0.8331454285585328
2024-05-07,0.8339061336646072
2024-05-08,0.8338458673087968
2024-05-09,0.8333893148560004
2024-05-10,0.8327878123642017
2024-05-11,0.8327878123642017
2024-05-12,0.8327878123642017
2024-05-13,0.8281296999436975
2024-05-14,0.829041058005171
2024-05-15,0.8262669337180355
2024-05-16,0.8245219028633469
2024-05-17,0.823124576263134
2024-05-18,0.823124576263134
2024-05-19,0.823124576263134
2024-05-20,0.8215494372575882
2024-05-21,0.8222981795043501
2024-05-22,0.8227164424146128
2024-05-23,0.821639580238334
2024-05-24,0.8225379654495898
2024-05-25,0.8225379654495898
2024-05-26,0.8225379654495898
2024-05-27,0.8206800128053926
2024-05-28,0.8212580485542813
2024-05-29,0.8194778020917697
2024-05-30,0.8180023150358029
2024-05-31,0.8168269708318042
2024-06-01,0.8168269708318042
2024-06-02,0.8168269708318042
2024-06-03,0.8154679755304416
2024-06-04,0.8154331956186156
2024-06-05,0.8146505795690882
2024-06-06,0.8138188067320875
2024-06-07,0.8155250000860699
2024-06-08,0.8155250000860699
2024-06-09,0.8155250000860699
2024-06-10,0.8131770004334874
2024-06-11,0.8198441771615027
2024-06-12,0.8156453418507343
2024-06-13,0.8183091710057115
2024-06-14,0.8187560798402197
2024-06-15,0.8187560798402197
2024-06-16,0.8187560798402197
2024-06-17,0.8193825059168669
2024-06-18,0.821529181917516
2024-06-19,0.8191129305845641
2024-06-20,0.8228681740540176
2024-06-21,0.823809766421768
2024-06-22,0.8238095085530358
2024-06-23,0.8238095085530358
2024-06-24,0.8217010015173803
2024-06-25,0.8216283301909325
2024-06-26,0.822868044413844
2024-06-27,0.8236122841756555
2024-06-28,0.8237626326519811
2024-06-29,0.8237626326519811
2024-06-30,0.8237626326519811
2024-07-01,0.8211611692860312
2024-07-02,0.8244461826281437
2024-07-03,0.8215794246169424
2024-07-04,0.8220313353969168
2024-07-05,0.8217471953251401
2024-07-06,0.8217469383533154
2024-07-07,0.8217469383533154
2024-07-08,0.8198980874696894
2024-07-09,0.8206791153518046
2024-07-10,0.8190821166465768
2024-07-11,0.8192587522583163
2024-07-12,0.8215013588227013
2024-07-13,0.8215011012899228
2024-07-14,0.8215011012899228
2024-07-15,0.816140621156008
2024-07-16,0.820782939100317
2024-07-17,0.821270325507194
2024-07-18,0.819564765810971
2024-07-19,0.8183348896424536
2024-07-20,0.8183348896424536
2024-07-21,0.8183348896424536
2024-07-22,0.8277692273377664
2024-07-23,0.8172852524081352
2024-07-24,0.817829401974229
2024-07-25,0.8198307949038118
2024-07-26,0.8195291633120985
2024-07-27,0.8195291633120985
2024-07-28,0.8195291633120985
2024-07-29,0.8155140442985217
2024-07-30,0.8303286183783067
2024-07-31,0.8174479671773524
2024-08-01,0.8187725316112816
2024-08-02,0.8182440300345416
2024-08-03,0.8182440300345416
2024-08-04,0.8182440300345416
2024-08-05,0.8132957791424178
2024-08-06,0.8176025851006165
2024-08-07,0.8187831233085375
2024-08-08,0.8128996851809316
2024-08-09,0.8157341110232018
2024-08-10,0.8157341110232018
2024-08-11,0.8157341110232018
2024-08-12,0.8125715397107044
2024-08-13,0.8132015693306545
2024-08-14,0.810892193274081
2024-08-15,0.8107985764278433
2024-08-16,0.8094193896405633
2024-08-17,0.8094193896405633
2024-08-18,0.8094763728479654
2024-08-19,0.8072641942695274
2024-08-20,0.8074723565960555
2024-08-21,0.8070012461336348
2024-08-22,0.8090048488411412
2024-08-23,0.810404072461991
2024-08-24,0.810404072461991
2024-08-25,0.810404072461991
2024-08-26,0.8067327233208538
2024-08-27,0.8097825068705174
2024-08-28,0.8108433222819251
2024-08-29,0.8098678448718505
2024-08-30,0.8113234183190654
2024-08-31,0.8113234183190654
2024-09-01,0.8113234183190654
2024-09-02,0.8120301406776165
2024-09-03,0.8111331793303161
2024-09-04,0.8095043203302453
2024-09-05,0.8091329195210271
2024-09-06,0.8094576663130846
2024-09-07,0.8094576663130846
2024-09-08,0.8094576663130846
2024-09-09,0.8071936005136126
2024-09-10,0.8122655343944707
2024-09-11,0.8107390024451145
2024-09-12,0.8093993250616284
2024-09-13,0.8068808514286244
2024-09-14,0.8068808514286244
2024-09-15,0.8068808514286244
2024-09-16,0.8064071043151649
2024-09-17,0.8069126691502149
2024-09-18,0.8063637747053334
2024-09-19,0.8043137638330218
2024-09-20,0.8061951113954194
2024-09-21,0.8061951113954194
2024-09-22,0.8061951113954194
2024-09-23,0.802362690334509
2024-09-24,0.8013118965863102
2024-09-25,0.8013002995535493
2024-09-26,0.8035620291926805
2024-09-27,0.7982862854205833
2024-09-28,0.7982862854205833
2024-09-29,0.7982862854205833
2024-09-30,0.7998087854579603
2024-10-01,0.8000118597585073
2024-10-02,0.8002682899224272
2024-10-03,0.8006400405186544
2024-10-04,0.8027703862795119
2024-10-05,0.8027703862795119
2024-10-06,0.8027703862795119
2024-10-07,0.8066326158991135
2024-10-08,0.8066680354441523
2024-10-09,0.7947694032867256
2024-10-10,0.8066604273222872
2024-10-11,0.8064555149090241
2024-10-12,0.8065716108935621
2024-10-13,0.8065716108935621
2024-10-14,0.809555618274028
2024-10-15,0.8088080279891852
2024-10-16,0.8104026186977273
2024-10-17,0.8102140597943456
2024-10-18,0.8088373858426793
2024-10-19,0.8087438368022911
2024-10-20,0.8087438368022911
2024-10-21,0.8081644817029333
2024-10-22,0.8437758085546316
2024-10-23,0.8440516526810894
2024-10-24,0.8454091673855404
2024-10-25,0.8475187229882011
2024-10-26,0.8475213437590767
2024-10-27,0.8475213437590767
2024-10-28,0.8468044022604102
2024-10-29,0.8470841228718655
2024-10-30,0.8473190228963728
2024-10-31,0.8491050288875888
2024-11-01,0.8482098705792567
2024-11-02,0.8481540203052886
2024-11-03,0.8481540203052886
2024-11-04,0.8455363178178811
2024-11-05,0.8455925065150023
2024-11-06,0.8502095046812518
2024-11-07,0.8481237966017711
2024-11-08,0.8484373602068855
2024-11-09,0.8483357085011513
2024-11-10,0.8483357085011513
2024-11-11,0.8506588417273399
2024-11-12,0.8543406348179213
2024-11-13,0.8548314213608766
2024-11-14,0.8545783596234755
2024-11-15,0.8558506490172352
2024-11-16,0.8558325700956859
2024-11-17,0.8558325700956859
2024-11-18,0.8528257755370223
2024-11-19,0.8521056845385163
2024-11-20,0.8548312630420367
2024-11-21,0.855282120690933
2024-11-22,0.8567353020623297
2024-11-23,0.821529674706641
2024-11-24,0.821529674706641
2024-11-25,0.8192597580400908
2024-11-26,0.8374417897469416
2024-11-27,0.8383257902517383
2024-11-28,0.838341352859975
2024-11-29,0.837325495086148
2024-11-30,0.8379889365185117
2024-12-01,0.8379889365185117
2024-12-02,0.8370283042894726
2024-12-03,0.8394598424482141
2024-12-04,0.8398401858859226
2024-12-05,0.8348630025078984
2024-12-06,0.8357735959426811
2024-12-07,0.835724006439868
2024-12-08,0.835724006439868
2024-12-09,0.8348461931883934
2024-12-10,0.8358938670193626
2024-12-11,0.8371335587920781
2024-12-12,0.8355571017908409
2024-12-13,0.8337249383246365
2024-12-14,0.8336427908102062
2024-12-15,0.8336427908102062
2024-12-16,0.8342387987619247
2024-12-17,0.8347115418904567
2024-12-18,0.8351591220425184
2024-12-19,0.8368409330780252
2024-12-20,0.8355421768388402
2024-12-21,0.835522967338796
2024-12-22,0.835522967338796
2024-12-23,0.8373014224134147
2024-12-24,0.8363718174360968
2024-12-25,0.8359227944763291
2024-12-26,0.8366629430880632
2024-12-27,0.8374075301931626
2024-12-28,0.8372968065225564
2024-12-29,0.8372968065225564
2024-12-30,0.8379988258704567
2024-12-31,0.8350824268439382
2025-01-01,0.8378964702996144
2025-01-02,0.839157961898936
2025-01-03,0.8371728867576057
2025-01-04,0.8371172239483475
2025-01-05,0.8371172239483475
2025-01-06,0.8371208962092312
2025-01-07,0.833053083797994
2025-01-08,0.8691234413364027
2025-01-09,0.8702940709993733
2025-01-10,0.8696927161301113
2025-01-11,0.8697966358613298
2025-01-12,0.8697966358613298
2025-01-13,0.8738117284139354
2025-01-14,0.873379648486646
2025-01-15,0.8667059113276631
2025-01-16,0.8712089734995873
2025-01-17,0.8688867002650369
2025-01-18,0.8688833586566143
2025-01-19,0.8688833586566143
2025-01-20,0.866950095074879
2025-01-21,0.8666486014329375
2025-01-22,0.867674256694074
2025-01-23,0.8638396748255289
2025-01-24,0.8640261786265693
2025-01-25,0.863964543648455
2025-01-26,0.863964543648455
2025-01-27,0.8611720115211957
2025-01-28,0.8650521619080013
2025-01-29,0.8632265588007895
2025-01-30,0.8622499963876139
2025-01-31,0.8631063308311056
2025-02-01,0.8635051582267804
2025-02-02,0.8635051582267804
2025-02-03,0.8659909376000975
2025-02-04,0.8626230518178167
2025-02-05,0.8584469655146446
2025-02-06,0.8560012054153185
2025-02-07,0.8571237869064173
2025-02-08,0.8571808069133573
2025-02-09,0.8571998312680407
2025-02-10,0.8614624854792012
2025-02-11,0.8603893661635886
2025-02-12,0.8590057041687996
2025-02-13,0.8573938818318927
2025-02-14,0.8543803508675119
2025-02-15,0.8544977744176439
2025-02-16,0.8544977744176439
2025-02-17,0.8590413005205089
2025-02-18,0.8571430064706035
2025-02-19,0.856606299316776
2025-02-20,0.8514953804335178
2025-02-21,0.8516904829860562
2025-02-22,0.8518839642236056
2025-02-23,0.8518839642236056
2025-02-24,0.8510009093646426
2025-02-25,0.8274150277667366
2025-02-26,0.8275310969632854
2025-02-27,0.8313230135543253
2025-02-28,0.8315812895597886
2025-03-01,0.8327281361085038
2025-03-02,0.8327281361085038
2025-03-03,0.8314274898344934
2025-03-04,0.828083099592024
2025-03-05,0.8250446616670192
2025-03-06,0.8232086161607887
2025-03-07,0.8196489130893941
2025-03-08,0.8197628216488551
2025-03-09,0.8197628216488551
2025-03-10,0.8223498954441564
2025-03-11,0.8198583565756454
2025-03-12,0.8187462280555751
2025-03-13,0.8203830016118249
2025-03-14,0.7765496183585496
2025-03-15,0.7765674443369843
2025-03-16,0.7765674443369843
2025-03-17,0.7747797295296194
2025-03-18,0.7730317487510199
2025-03-19,0.7722192749386114
2025-03-20,0.7737024899680762
2025-03-21,0.7743695321170365
2025-03-22,0.7725318180737331
2025-03-23,0.7725318180737331
2025-03-24,0.77251948840941
2025-03-25,0.7723505988867654
2025-03-26,0.7735862030116037
2025-03-27,0.7738996581305376
2025-03-28,0.7737570924754954
2025-03-29,0.7736921193500929
2025-03-30,0.7736921193500929
2025-03-31,0.7721166741234404
2025-04-01,0.7738605708627537
2025-04-02,0.772642720782265
2025-04-03,0.7546075317633255
2025-04-04,0.7587748432140309
2025-04-05,0.7586398170268926
2025-04-06,0.7586398170268926
2025-04-07,0.7603350249216358
2025-04-08,0.8038258376839406
2025-04-09,0.8077121618839261
2025-04-10,0.8118015124369125
2025-04-11,0.8160860034256563
2025-04-12,0.8160129293859122
2025-04-13,0.8160129293859122
2025-04-14,0.840903937502725
2025-04-15,0.8516121808190783
2025-04-16,0.8602258960507927
2025-04-17,0.8582140146221856
2025-04-18,0.8579032696943185
2025-04-19,0.8579111725724577
2025-04-20,0.8579111725724577
2025-04-21,0.8556924655845887
2025-04-22,0.8611288641382449
2025-04-23,0.864118361674315
2025-04-24,0.8659386107242247
2025-04-25,0.8678956181403418
2025-04-26,0.8687504019045157
2025-04-27,0.8687504019045157
2025-04-28,0.8704679089031446
2025-04-29,0.8690489753243117
2025-04-30,0.8721327537886632
2025-05-01,0.8722291183847419
2025-05-02,0.8694364924282146
2025-05-03,0.8695084562664378
2025-05-04,0.8695084562664378
2025-05-05,0.8677833180058873
2025-05-06,0.8669116790941778
2025-05-07,0.8686095283465386
2025-05-08,0.869001973080969
2025-05-09,0.8690010401115896
2025-05-10,0.8691533798906891
2025-05-11,0.8691533798906891
2025-05-12,0.8734144996297826
2025-05-13,0.8708392055061626
2025-05-14,0.8719088741884278
2025-05-15,0.8691655939279316
2025-05-16,0.8701013405966574
2025-05-17,0.870106119046235
2025-05-18,0.870106119046235
2025-05-19,0.8679322549117527
2025-05-20,0.867675839951514
2025-05-21,0.8669823360443709
2025-05-22,0.8635462978351292
2025-05-23,0.8617376871139265
2025-05-24,0.8625836501524534
2025-05-25,0.8625836501524534
2025-05-26,0.8603191271785673
2025-05-27,0.8610183352760536
2025-05-28,0.8623282203716119
2025-05-29,0.8613767285234685
2025-05-30,0.8615461162043003
2025-05-31,0.863469472718858
2025-06-01,0.863469472718858
2025-06-02,0.8599984164126121
2025-06-03,0.8605137852346829
2025-06-04,0.8599469310329761
2025-06-05,0.8594859997500689
2025-06-06,0.859885054924988
2025-06-07,0.8598667716750293
2025-06-08,0.8598667716750293
2025-06-09,0.85746871253904
2025-06-10,0.8579759755199098
2025-06-11,0.8571387083113624
2025-06-12,0.8558935478304813
2025-06-13,0.8567131004063796
2025-06-14,0.8588176788629905
2025-06-15,0.8588176788629905
2025-06-16,0.8554022293229753
2025-06-17,0.8590407676266165
2025-06-18,0.8551440784670646
2025-06-19,0.8560817340743988
2025-06-20,0.856473966727959
2025-06-21,0.8566450382613525
2025-06-22,0.8566450382613525
2025-06-23,0.8562106606825268
2025-06-24,0.8543006031246487
2025-06-25,0.8501508408449199
2025-06-26,0.8478347234636774
2025-06-27,0.8478682993698197
2025-06-28,0.846848409694137
2025-06-29,0.846848409694137
2025-06-30,0.847109483046787
2025-07-01,0.8500617008211382
2025-07-02,0.8420511575633685
2025-07-03,0.8413723067618472
2025-07-04,0.8417480521750236
2025-07-05,0.8415766926878189
2025-07-06,0.8415766926878189
2025-07-07,0.8415402975419326
2025-07-08,0.8434428432317967
2025-07-09,0.8403905806590238
2025-07-10,0.8394156937844288
2025-07-11,0.8379536555233882
2025-07-12,0.8393405511464147
2025-07-13,0.8393405511464147
2025-07-14,0.8409475684234002
2025-07-15,0.8393664726146763
2025-07-16,0.8423454777184388
2025-07-17,0.838902223654557
2025-07-18,0.8378791262155554
2025-07-19,0.8383642198803862
2025-07-20,0.8383642198803862
2025-07-21,0.8373198010962031
2025-07-22,0.8340926004769113
2025-07-23,0.835165229948951
2025-07-24,0.8322450192931629
2025-07-25,0.8308791118490366
2025-07-26,0.8308121595134957
2025-07-27,0.8308121595134957
2025-07-28,0.8337127349560416
2025-07-29,0.8328039657670991
2025-07-30,0.8356742590411178
2025-07-31,0.8385593789391466
2025-08-01,0.8373187890400355
2025-08-02,0.8372402060923855
2025-08-03,0.8372402060923855
2025-08-04,0.835093149506665
2025-08-05,0.8338789960465666
2025-08-06,0.8314457630903546
2025-08-07,0.8290758668805368
2025-08-08,0.8377735066548675
2025-08-09,0.8377988953858
2025-08-10,0.8377988953858
2025-08-11,0.82749520564669
2025-08-12,0.8285402910060702
2025-08-13,0.8218013454921201
2025-08-14,0.8238157154046861
2025-08-15,0.8198705213065909
2025-08-16,0.819829691690425
2025-08-17,0.819829691690425
2025-08-18,0.8222147423021708
2025-08-19,0.8184123009664934
2025-08-20,0.8182241985784573
2025-08-21,0.814256711301354
2025-08-22,0.8098336994013764
2025-08-23,0.8196358869505043
2025-08-24,0.8196358869505043
2025-08-25,0.8081231144702147
2025-08-26,0.8077404204511934
2025-08-27,0.8064307191193253
2025-08-28,0.8051232306537116
2025-08-29,0.8065026492940632
2025-08-30,0.8079765374552574
2025-08-31,0.8079765374552574
2025-09-01,0.804391183569441
2025-09-02,0.8050516795156579
2025-09-03,0.8053881829672377
2025-09-04,0.8030515826959146
2025-09-05,0.8003126169667477
2025-09-06,0.8033601162587429
2025-09-07,0.8033601162587429
2025-09-08,0.7972163725328141
2025-09-09,0.7971529212174702
2025-09-10,0.796192568197419
2025-09-11,0.7989269643379557
2025-09-12,0.8044620196481923
2025-09-13,0.8045681650938028
2025-09-14,0.8045681650938028
2025-09-15,0.8063450960926937
2025-09-16,0.8109580922778739
2025-09-17,0.8161686105981141
2025-09-18,0.8178021332035182
2025-09-19,0.8174882102961892
2025-09-20,0.8176795012099705
2025-09-21,0.8176795012099705
2025-09-22,0.8171635397861444
2025-09-23,0.817295791013597
2025-09-24,0.810733112189862
2025-09-25,0.8165283783694538
2025-09-26,0.8176613543468555
2025-09-27,0.8176697129692351
2025-09-28,0.8176697129692351
2025-09-29,0.8140531474545548
2025-09-30,0.8138482551356162
2025-10-01,0.8123622733574437
2025-10-02,0.810237063762182
2025-10-03,0.8098715899372334
2025-10-04,0.8107660984496307
2025-10-05,0.8107660984496307
2025-10-06,0.810280204071189
2025-10-07,0.8099574553279563
2025-10-08,0.8066513984708515
2025-10-09,0.8066492250290536
2025-10-10,0.8065288432644606
2025-10-11,0.8064535952403159
2025-10-12,0.8064535952403159
2025-10-13,0.8055583092697586
2025-10-14,0.8061979311277426
2025-10-15,0.8045613667853213
2025-10-16,0.8005975467666095
2025-10-17,0.8106959142213097
2025-10-18,0.8047411049395061
2025-10-19,0.8047411049395061
2025-10-20,0.79625337396951
2025-10-21,0.7970395902127619
2025-10-22,0.7953219905682092
2025-10-23,0.7907211979761224
2025-10-24,0.7916747888381848
2025-10-25,0.7907133026877099
2025-10-26,0.7907133026877099
2025-10-27,0.7909285817868887
2025-10-28,0.7887796078692559
2025-10-29,0.7892194824792861
2025-10-30,0.7904033181494508
2025-10-31,0.7931947759333592
2025-11-01,0.7930021994746136
2025-11-02,0.7930021994746136
2025-11-03,0.7903594654831192
2025-11-04,0.793353614753179
2025-11-05,0.7916549808923088
2025-11-06,0.7898486467704299
2025-11-07,0.7882505804294928
2025-11-08,0.7881330511735882
2025-11-09,0.7881330511735882
2025-11-10,0.7883468066893407
2025-11-11,0.7878224136575926
2025-11-12,0.7897487784905923
2025-11-13,0.7866693406108898
2025-11-14,0.7901269125451599
2025-11-15,0.790114342478008
2025-11-16,0.790114342478008
2025-11-17,0.7942996671026271
2025-11-18,0.7995541003317929
2025-11-19,0.8007648327188316
2025-11-20,0.8075879807776468
2025-11-21,0.8085901332076944
2025-11-22,0.8085156936142047
2025-11-23,0.8085156936142047
2025-11-24,0.8061134018916146
2025-11-25,0.8101903193719531
2025-11-26,0.8102622638753174
2025-11-27,0.8092753418383617
2025-11-28,0.8071026426860112
2025-11-29,0.8069655938113933
2025-11-30,0.8069655938113933
2025-12-01,0.778869825527346
2025-12-02,0.7765900663134265
2025-12-03,0.770833700056522
2025-12-04,0.6602220653168775
2025-12-05,0.662464244445051
2025-12-06,0.6622824834405593
2025-12-07,0.6622824834405593
2025-12-08,0.6558010291831881
2025-12-09,0.6520356447552474
2025-12-10,0.653128318723658
2025-12-11,0.6565379807854878
2025-12-12,0.6592924390527223
2025-12-13,0.6576282964137554
2025-12-14,0.6576282964137554
2025-12-15,0.6604898521216436
2025-12-16,0.6630551112679762
2025-12-17,0.6650973254835774
2025-12-18,0.668241768882979
2025-12-19,0.6710675095830703
2025-12-20,0.6710122972904924
2025-12-21,0.6710122972904924
2025-12-22,0.6705721073818378
2025-12-23,0.6696267812201111
2025-12-24,0.6683005300230237
2025-12-25,0.6682674530774348
2025-12-26,0.6682822773617534
2025-12-27,0.6682801473068001
2025-12-28,0.6682801473068001
2025-12-29,0.6661236695963733
2025-12-30,0.6655839707919353
2025-12-31,0.6636606360255418
2026-01-01,0.6646275247196877
2026-01-02,0.665550469553455
2026-01-03,0.6649407749599344
2026-01-04,0.6649430815214846
2026-01-05,0.6631245559975588
2026-01-06,0.6631604750867728
2026-01-07,0.662457287338317
2026-01-08,0.6381997534108743
2026-01-09,0.6554029305220179
2026-01-10,0.6546496199511088
2026-01-11,0.6522698501200559
2026-01-12,0.6533595318487069
2026-01-13,0.6536005086589298
2026-01-14,0.6531741642735671
2026-01-15,0.6525682580529328
2026-01-16,0.6555701744281744
2026-01-17,0.6567154260889831
2026-01-18,0.6539535987860956
2026-01-19,0.6537958434731626
2026-01-20,0.6581006678279762
2026-01-21,0.6590455296494695
2026-01-22,0.6569957548098977
2026-01-23,0.6567458500017949
2026-01-24,0.6592351959817191
2026-01-25,0.6603880265524306
2026-01-26,0.6594377426765143
2026-01-27,0.6539507936957418
2026-01-28,0.6554493572831037
2026-01-29,0.6556427389867369
2026-01-30,0.6580015664704987
2026-01-31,0.6572864076137723
2026-02-01,0.6516611235836864
2026-02-02,0.6564065440295611
2026-02-03,0.6568004299134151
2026-02-04,0.6600060554421846
2026-02-05,0.6558177977647804
2026-02-06,0.6555633721917261
2026-02-07,0.660130931303172
2026-02-08,0.6596078103788868
2026-02-09,0.65808349653705
