date,absolute_value
1994-09-22,0.30850018624089
1994-09-23,0.3085518787834137
1994-09-24,0.3085518787834137
1994-09-25,0.3085518787834137
1994-09-26,0.30902374518725995
1994-09-27,0.3086683139025347
1994-09-28,0.3091301272589519
1994-09-29,0.30891021273940594
1994-09-30,0.30926972757643956
1994-10-01,0.30926972757643956
1994-10-02,0.30926972757643956
1994-10-03,0.3093775325650779
1994-10-04,0.3092249661472553
1994-10-05,0.3091673550480731
1994-10-06,0.30918666687251134
1994-10-07,0.3003865135557569
1994-10-08,0.3003865135557569
1994-10-09,0.3003865135557569
1994-10-10,0.30073252406898154
1994-10-11,0.30087047871899825
1994-10-12,0.300956055226769
1994-10-13,0.30064108577422
1994-10-14,0.30022680550016834
1994-10-15,0.30022680550016834
1994-10-16,0.30022680550016834
1994-10-17,0.2995813075940962
1994-10-18,0.2994811504013467
1994-10-19,0.2995748692814086
1994-10-20,0.299410304299754
1994-10-21,0.299232436366094
1994-10-22,0.299232436366094
1994-10-23,0.299232436366094
1994-10-24,0.2990610353648536
1994-10-25,0.2990505706687527
1994-10-26,0.29897260433249767
1994-10-27,0.2991444753751155
1994-10-28,0.29941780122592765
1994-10-29,0.29941780122592765
1994-10-30,0.29941780122592765
1994-10-31,0.29931705776822026
1994-11-01,0.29928093308991405
1994-11-02,0.29953355335746845
1994-11-03,0.3000397195202397
1994-11-04,0.30012246649636626
1994-11-05,0.30012246649636626
1994-11-06,0.30012246649636626
1994-11-07,0.2997464579857003
1994-11-08,0.29943723529414856
1994-11-09,0.30019816198620447
1994-11-10,0.300510503082479
1994-11-11,0.2998048649255695
1994-11-12,0.2998048649255695
1994-11-13,0.2998048649255695
1994-11-14,0.3004585391169255
1994-11-15,0.30084760637509594
1994-11-16,0.3008795065321
1994-11-17,0.30101540731275994
1994-11-18,0.301168641280416
1994-11-19,0.301168641280416
1994-11-20,0.301168641280416
1994-11-21,0.30123776010388925
1994-11-22,0.3012780363739003
1994-11-23,0.30130676225973985
1994-11-24,0.3014966867893447
1994-11-25,0.30168482025085075
1994-11-26,0.30168482025085075
1994-11-27,0.30168482025085075
1994-11-28,0.3017851985699357
1994-11-29,0.3017317394803461
1994-11-30,0.30156268023344224
1994-12-01,0.3016593404120738
1994-12-02,0.3019379382161441
1994-12-03,0.3019379382161441
1994-12-04,0.3019379382161441
1994-12-05,0.3017655289400954
1994-12-06,0.3017326141678582
1994-12-07,0.30162411988404303
1994-12-08,0.3018808082301066
1994-12-09,0.3020634852676711
1994-12-10,0.3020634852676711
1994-12-11,0.3020634852676711
1994-12-12,0.3020610215510249
1994-12-13,0.3021256814494112
1994-12-14,0.30242202968624626
1994-12-15,0.30230508200480993
1994-12-16,0.3022899999156927
1994-12-17,0.3022899999156927
1994-12-18,0.3022899999156927
1994-12-19,0.3024100548606857
1994-12-20,0.30298419031467494
1994-12-21,0.30317398764244086
1994-12-22,0.30415166336546084
1994-12-23,0.3041896012932811
1994-12-24,0.3041896012932811
1994-12-25,0.3041896012932811
1994-12-26,0.30435621504651217
1994-12-27,0.3049041344768118
1994-12-28,0.3038998198458491
1994-12-29,0.30372958899522157
1994-12-30,0.3036712642723987
1994-12-31,0.3036712642723987
1995-01-01,0.3036712642723987
1995-01-02,0.3040288553845284
1995-01-03,0.30434119240399216
1995-01-04,0.30480817110992314
1995-01-05,0.3045165168375218
1995-01-06,0.30672529319357245
1995-01-07,0.30672529319357245
1995-01-08,0.30672529319357245
1995-01-09,0.30595730574951363
1995-01-10,0.30642664378307893
1995-01-11,0.3063593534920521
1995-01-12,0.3060744003513938
1995-01-13,0.3060300639495648
1995-01-14,0.3060300639495648
1995-01-15,0.3060300639495648
1995-01-16,0.30611363707247186
1995-01-17,0.306058366042465
1995-01-18,0.3063167981837767
1995-01-19,0.306078858894139
1995-01-20,0.30574634776949705
1995-01-21,0.30574634776949705
1995-01-22,0.30574634776949705
1995-01-23,0.30587548833488587
1995-01-24,0.3058776773696194
1995-01-25,0.3060633162271098
1995-01-26,0.3059766855769814
1995-01-27,0.30601845927558874
1995-01-28,0.30601845927558874
1995-01-29,0.30601845927558874
1995-01-30,0.30643120234931015
1995-01-31,0.30629022613534435
1995-02-01,0.308437153911886
1995-02-02,0.3085421244719889
1995-02-03,0.3088899071624399
1995-02-04,0.3088899071624399
1995-02-05,0.3088899071624399
1995-02-06,0.3091383217550402
1995-02-07,0.3093310193383287
1995-02-08,0.30937344209137596
1995-02-09,0.30939218340317826
1995-02-10,0.3093115633537772
1995-02-11,0.3093115633537772
1995-02-12,0.3093115633537772
1995-02-13,0.3094418408065985
1995-02-14,0.309425614211013
1995-02-15,0.30959098474099966
1995-02-16,0.3092591732296218
1995-02-17,0.3088212950497432
1995-02-18,0.3088212950497432
1995-02-19,0.3088212950497432
1995-02-20,0.3084951155895421
1995-02-21,0.3084905981766162
1995-02-22,0.3086700200474879
1995-02-23,0.30839439379996203
1995-02-24,0.3083350131492181
1995-02-25,0.3083350131492181
1995-02-26,0.3083350131492181
1995-02-27,0.30840075963663466
1995-02-28,0.30861210406869494
1995-03-01,0.30862902788389723
1995-03-02,0.308428728133415
1995-03-03,0.3358787556880473
1995-03-04,0.3358787556880473
1995-03-05,0.3358787556880473
1995-03-06,0.3351695495691812
1995-03-07,0.3347085284681301
1995-03-08,0.33506970742176695
1995-03-09,0.33554210267435747
1995-03-10,0.3353131454683829
1995-03-11,0.3353131454683829
1995-03-12,0.3353131454683829
1995-03-13,0.33564169035296637
1995-03-14,0.33596656286714266
1995-03-15,0.33554756308117695
1995-03-16,0.3357366502428305
1995-03-17,0.3358394892658832
1995-03-18,0.3358394892658832
1995-03-19,0.3358394892658832
1995-03-20,0.3362715147691277
1995-03-21,0.3365106927582457
1995-03-22,0.33654451396099444
1995-03-23,0.33629530415302616
1995-03-24,0.3363800251626538
1995-03-25,0.3363800251626538
1995-03-26,0.3363800251626538
1995-03-27,0.3362574760124664
1995-03-28,0.33592380525704113
1995-03-29,0.33561642474783093
1995-03-30,0.33607947525074244
1995-03-31,0.33510553636156504
1995-04-01,0.33510553636156504
1995-04-02,0.33510553636156504
1995-04-03,0.3348407787176164
1995-04-04,0.33469257639613453
1995-04-05,0.3343679272122047
1995-04-06,0.3342113578446388
1995-04-07,0.3340940894400286
1995-04-08,0.3340940894400286
1995-04-09,0.3340940894400286
1995-04-10,0.40371911462697896
1995-04-11,0.40372872361064666
1995-04-12,0.4036465468063743
1995-04-13,0.40302567544301376
1995-04-14,0.40307498379775475
1995-04-15,0.40307498379775475
1995-04-16,0.40307498379775475
1995-04-17,0.40231380359282937
1995-04-18,0.40177113528972064
1995-04-19,0.4020139081758884
1995-04-20,0.40266104252604196
1995-04-21,0.4028086598089149
1995-04-22,0.4028086598089149
1995-04-23,0.4028086598089149
1995-04-24,0.4148707836236758
1995-04-25,0.41441839514036644
1995-04-26,0.4148574761829886
1995-04-27,0.4147982976572807
1995-04-28,0.4151529566294072
1995-04-29,0.4151529566294072
1995-04-30,0.4151529566294072
1995-05-01,0.41516716025175243
1995-05-02,0.4148380820038143
1995-05-03,0.41458506248224275
1995-05-04,0.4142465649602453
1995-05-05,0.414383648981009
1995-05-06,0.414383648981009
1995-05-07,0.414383648981009
1995-05-08,0.4138395418001813
1995-05-09,0.4147228085080535
1995-05-10,0.41524212544851347
1995-05-11,0.41684773237173
1995-05-12,0.41831665565741155
1995-05-13,0.41831665565741155
1995-05-14,0.41831665565741155
1995-05-15,0.4184242522883183
1995-05-16,0.4186262723098145
1995-05-17,0.4185027168643303
1995-05-18,0.4189668633155917
1995-05-19,0.41902316667733147
1995-05-20,0.41902316667733147
1995-05-21,0.41902316667733147
1995-05-22,0.44824948423163435
1995-05-23,0.44803456934832186
1995-05-24,0.44798908618325134
1995-05-25,0.4468884775893686
1995-05-26,0.44553875450480257
1995-05-27,0.44553875450480257
1995-05-28,0.44553875450480257
1995-05-29,0.44571418906091786
1995-05-30,0.4462733577345355
1995-05-31,0.44735704639666457
1995-06-01,0.4477237752252379
1995-06-02,0.4474905575707687
1995-06-03,0.4474905575707687
1995-06-04,0.4474905575707687
1995-06-05,0.44726420060175176
1995-06-06,0.4478032799509672
1995-06-07,0.4478314117123304
1995-06-08,0.44776848539661374
1995-06-09,0.44756939742450347
1995-06-10,0.44756939742450347
1995-06-11,0.44756939742450347
1995-06-12,0.44775510946386654
1995-06-13,0.44797200638715234
1995-06-14,0.447592258333399
1995-06-15,0.44801112512446745
1995-06-16,0.44806240684075144
1995-06-17,0.44806240684075144
1995-06-18,0.44806240684075144
1995-06-19,0.4480647283051864
1995-06-20,0.4479399390136626
1995-06-21,0.44755757097985693
1995-06-22,0.4477664551635675
1995-06-23,0.4478233948698194
1995-06-24,0.4478233948698194
1995-06-25,0.4478233948698194
1995-06-26,0.44810234616249955
1995-06-27,0.4479663306577233
1995-06-28,0.44866228373878847
1995-06-29,0.44829919881430624
1995-06-30,0.44806029977576783
1995-07-01,0.44806029977576783
1995-07-02,0.44806029977576783
1995-07-03,0.4481078240882447
1995-07-04,0.4483925393230145
1995-07-05,0.44824629614079364
1995-07-06,0.4483122039633831
1995-07-07,0.4487533607504772
1995-07-08,0.4487533607504772
1995-07-09,0.4487533607504772
1995-07-10,0.4491085077682261
1995-07-11,0.4496296107885292
1995-07-12,0.44942649158433207
1995-07-13,0.44891568031298157
1995-07-14,0.4490176376692484
1995-07-15,0.4490176376692484
1995-07-16,0.4490176376692484
1995-07-17,0.4492867724981777
1995-07-18,0.4491878996841184
1995-07-19,0.4485977124347708
1995-07-20,0.4487036551178617
1995-07-21,0.44893711310353834
1995-07-22,0.44893711310353834
1995-07-23,0.44893711310353834
1995-07-24,0.44881186715771765
1995-07-25,0.4491977032490086
1995-07-26,0.44924122340788736
1995-07-27,0.4490079013825592
1995-07-28,0.44862739003940044
1995-07-29,0.44862739003940044
1995-07-30,0.44862739003940044
1995-07-31,0.44870471744153273
1995-08-01,0.44824681510020487
1995-08-02,0.44901101045925557
1995-08-03,0.4487688996180737
1995-08-04,0.4493634112228034
1995-08-05,0.4493634112228034
1995-08-06,0.4493634112228034
1995-08-07,0.4502038647482156
1995-08-08,0.45041922178012794
1995-08-09,0.45065474770211317
1995-08-10,0.4511933755202536
1995-08-11,0.45245802030189947
1995-08-12,0.45245802030189947
1995-08-13,0.45245802030189947
1995-08-14,0.4526397594738262
1995-08-15,0.4568361545487119
1995-08-16,0.4580512939102941
1995-08-17,0.4539608884224971
1995-08-18,0.454320935874299
1995-08-19,0.454320935874299
1995-08-20,0.454320935874299
1995-08-21,0.45430779793343473
1995-08-22,0.4548555005914398
1995-08-23,0.45490207198301924
1995-08-24,0.45473038499555496
1995-08-25,0.45492939656785186
1995-08-26,0.45492939656785186
1995-08-27,0.45492939656785186
1995-08-28,0.45450225947495987
1995-08-29,0.45501814162960236
1995-08-30,0.45508995041992334
1995-08-31,0.4545138043200881
1995-09-01,0.4543664655005407
1995-09-02,0.4543664655005407
1995-09-03,0.4543664655005407
1995-09-04,0.45432023998920484
1995-09-05,0.4545610891194774
1995-09-06,0.4550915402518318
1995-09-07,0.4551846049139884
1995-09-08,0.45528317447977074
1995-09-09,0.45528317447977074
1995-09-10,0.45528317447977074
1995-09-11,0.4552365973549379
1995-09-12,0.4552153584191788
1995-09-13,0.4563683991859689
1995-09-14,0.4565539778626472
1995-09-15,0.4568603008167677
1995-09-16,0.4568603008167677
1995-09-17,0.4568603008167677
1995-09-18,0.45716512572681445
1995-09-19,0.45730299920501816
1995-09-20,0.45658593360352123
1995-09-21,0.45477543017799676
1995-09-22,0.4547801648081758
1995-09-23,0.4547801648081758
1995-09-24,0.4547801648081758
1995-09-25,0.45505431088341947
1995-09-26,0.45561705964144816
1995-09-27,0.45518322435955877
1995-09-28,0.4547279499064276
1995-09-29,0.4550285871704618
1995-09-30,0.4550285871704618
1995-10-01,0.4550285871704618
1995-10-02,0.4556201618256893
1995-10-03,0.45602547275412886
1995-10-04,0.455917538698877
1995-10-05,0.45568564297573194
1995-10-06,0.4563037820972235
1995-10-07,0.4563037820972235
1995-10-08,0.4563037820972235
1995-10-09,0.4560125623503029
1995-10-10,0.4564421053027876
1995-10-11,0.4566884064246403
1995-10-12,0.45685079870523065
1995-10-13,0.4572132272124771
1995-10-14,0.4572132272124771
1995-10-15,0.4572132272124771
1995-10-16,0.45725582149654986
1995-10-17,0.45744921152912327
1995-10-18,0.4577099045243458
1995-10-19,0.45809543902687083
1995-10-20,0.4575137031493178
1995-10-21,0.4575137031493178
1995-10-22,0.4575137031493178
1995-10-23,0.45711065555437896
1995-10-24,0.4570581003119781
1995-10-25,0.45742253208742184
1995-10-26,0.45799971779571524
1995-10-27,0.45815042603054895
1995-10-28,0.45815042603054895
1995-10-29,0.45815042603054895
1995-10-30,0.4579484940426648
1995-10-31,0.458219031890185
1995-11-01,0.45879086850400635
1995-11-02,0.459294874789426
1995-11-03,0.45931869730997665
1995-11-04,0.45931869730997665
1995-11-05,0.45931869730997665
1995-11-06,0.45931591718708636
1995-11-07,0.459386540002276
1995-11-08,0.4595998592022159
1995-11-09,0.4592262281583255
1995-11-10,0.4593029629682082
1995-11-11,0.4593029629682082
1995-11-12,0.4593029629682082
1995-11-13,0.45962061730196263
1995-11-14,0.4596105529641411
1995-11-15,0.4594902103892725
1995-11-16,0.4596725747928534
1995-11-17,0.45990068724971855
1995-11-18,0.45990068724971855
1995-11-19,0.45990068724971855
1995-11-20,0.4600155652635756
1995-11-21,0.4600358142158202
1995-11-22,0.45999808525747177
1995-11-23,0.4600884827485519
1995-11-24,0.4604616803822204
1995-11-25,0.4604616803822204
1995-11-26,0.4604616803822204
1995-11-27,0.461122609145908
1995-11-28,0.46120074160855085
1995-11-29,0.4612513298960119
1995-11-30,0.461888007785183
1995-12-01,0.4622382847408286
1995-12-02,0.4622382847408286
1995-12-03,0.4622382847408286
1995-12-04,0.4626385444458052
1995-12-05,0.4621841883859135
1995-12-06,0.4624604701087167
1995-12-07,0.46258981513995423
1995-12-08,0.4628986285025208
1995-12-09,0.4628986285025208
1995-12-10,0.4628986285025208
1995-12-11,0.4628351905023407
1995-12-12,0.4633953592935329
1995-12-13,0.46312266369850325
1995-12-14,0.46275882079602126
1995-12-15,0.5654178654255905
1995-12-16,0.5654178654255905
1995-12-17,0.5654178654255905
1995-12-18,0.5647631532230158
1995-12-19,0.5650203876868141
1995-12-20,0.5651727874923996
1995-12-21,0.5651717186608721
1995-12-22,0.564996897009461
1995-12-23,0.564996897009461
1995-12-24,0.564996897009461
1995-12-25,0.5651254656058909
1995-12-26,0.5416992121572741
1995-12-27,0.5419839258685386
1995-12-28,0.5422286071412962
1995-12-29,0.5421863112728694
1995-12-30,0.5421863112728694
1995-12-31,0.5421863112728694
1996-01-01,0.5421863112728694
1996-01-02,0.5288402732445796
1996-01-03,0.5291669297706287
1996-01-04,0.5298149704991786
1996-01-05,0.5253824106643794
1996-01-06,0.5253824106643794
1996-01-07,0.5242344408439168
1996-01-08,0.5244732116698835
1996-01-09,0.525239968834872
1996-01-10,0.5244971151452323
1996-01-11,0.5246087039570976
1996-01-12,0.5252715557286877
1996-01-13,0.5252715557286877
1996-01-14,0.5252715557286877
1996-01-15,0.5256052787426871
1996-01-16,0.5262135686352611
1996-01-17,0.5266009820637224
1996-01-18,0.5271871327990703
1996-01-19,0.5275943514720604
1996-01-20,0.5275943514720604
1996-01-21,0.5275943514720604
1996-01-22,0.529146468655103
1996-01-23,0.5291600521045191
1996-01-24,0.5293319679547058
1996-01-25,0.5288728542767379
1996-01-26,0.5297658244031537
1996-01-27,0.5297658244031537
1996-01-28,0.5297658244031537
1996-01-29,0.529336174877126
1996-01-30,0.5303543721873294
1996-01-31,0.5302263074360138
1996-02-01,0.529310664348435
1996-02-02,0.5299951319423606
1996-02-03,0.5299951319423606
1996-02-04,0.5299951319423606
1996-02-05,0.52933415388519
1996-02-06,0.5294030969734861
1996-02-07,0.5303521497525774
1996-02-08,0.5319916860563481
1996-02-09,0.5323422904211558
1996-02-10,0.5323422904211558
1996-02-11,0.5323422904211558
1996-02-12,0.5322987126732353
1996-02-13,0.5317449055638106
1996-02-14,0.5314602899289628
1996-02-15,0.5316194885231245
1996-02-16,0.5317785333463827
1996-02-17,0.5317785333463827
1996-02-18,0.5317785333463827
1996-02-19,0.5320968198820396
1996-02-20,0.5327635297970544
1996-02-21,0.532429678848422
1996-02-22,0.5327752417809014
1996-02-23,0.5325235743713594
1996-02-24,0.5325235743713594
1996-02-25,0.5325235743713594
1996-02-26,0.5325411241894005
1996-02-27,0.5321956667571426
1996-02-28,0.5328878336943427
1996-02-29,0.5335725733682781
1996-03-01,0.533588766020814
1996-03-02,0.533588766020814
1996-03-03,0.533588766020814
1996-03-04,0.53422165786176
1996-03-05,0.5340049043687922
1996-03-06,0.5258863746337537
1996-03-07,0.5257790540905001
1996-03-08,0.5260052961397931
1996-03-09,0.5260052961397931
1996-03-10,0.5260052961397931
1996-03-11,0.5264228829841303
1996-03-12,0.5260921675467201
1996-03-13,0.5258115636040134
1996-03-14,0.525326749684279
1996-03-15,0.5260156080928478
1996-03-16,0.5260156080928478
1996-03-17,0.5260156080928478
1996-03-18,0.5260278646523153
1996-03-19,0.5257423710122263
1996-03-20,0.5261699609113448
1996-03-21,0.5263360228442733
1996-03-22,0.5263545077900663
1996-03-23,0.5263545077900663
1996-03-24,0.5263545077900663
1996-03-25,0.5259392719762144
1996-03-26,0.5260415701617898
1996-03-27,0.5263802360414718
1996-03-28,0.5260768814133422
1996-03-29,0.5260809408980738
1996-03-30,0.5260809408980738
1996-03-31,0.5260809408980738
1996-04-01,0.5262010970173416
1996-04-02,0.5261178775706015
1996-04-03,0.5263668208517622
1996-04-04,0.5263822753434513
1996-04-05,0.5265591213920525
1996-04-06,0.5265591213920525
1996-04-07,0.5265591213920525
1996-04-08,0.5266695179692953
1996-04-09,0.5273135210971958
1996-04-10,0.5275505085260406
1996-04-11,0.5280162869858085
1996-04-12,0.5282686846443096
1996-04-13,0.5282686846443096
1996-04-14,0.5282686846443096
1996-04-15,0.5286105871365323
1996-04-16,0.5287522445601965
1996-04-17,0.5287558560657716
1996-04-18,0.528598065475972
1996-04-19,0.5290929287881923
1996-04-20,0.5290929287881923
1996-04-21,0.5290929287881923
1996-04-22,0.5291395805397916
1996-04-23,0.5295004597976537
1996-04-24,0.5298983072908064
1996-04-25,0.5306403083100819
1996-04-26,0.5298331499146356
1996-04-27,0.5298331499146356
1996-04-28,0.5298331499146356
1996-04-29,0.5300753824373305
1996-04-30,0.5306087968095354
1996-05-01,0.5308531913042945
1996-05-02,0.5311917477749477
1996-05-03,0.5310999060312018
1996-05-04,0.5310999060312018
1996-05-05,0.5310999060312018
1996-05-06,0.5311625400062642
1996-05-07,0.5315375234304344
1996-05-08,0.531388586695631
1996-05-09,0.5312681163496857
1996-05-10,0.53195216166053
1996-05-11,0.53195216166053
1996-05-12,0.53195216166053
1996-05-13,0.5319347420901764
1996-05-14,0.5320436422652114
1996-05-15,0.5323340088751123
1996-05-16,0.5326018680197524
1996-05-17,0.5336987869105018
1996-05-18,0.5336987869105018
1996-05-19,0.5336987869105018
1996-05-20,0.5346227484601233
1996-05-21,0.5350879235375603
1996-05-22,0.5353986304307529
1996-05-23,0.5354890420607695
1996-05-24,0.5357351415380129
1996-05-25,0.5357351415380129
1996-05-26,0.5357351415380129
1996-05-27,0.5366047123592885
1996-05-28,0.5377057265307637
1996-05-29,0.5358866275117488
1996-05-30,0.5355517102321378
1996-05-31,0.5352226771542914
1996-06-01,0.5352226771542914
1996-06-02,0.5352226771542914
1996-06-03,0.5354555254083196
1996-06-04,0.535859510229745
1996-06-05,0.5362348862653391
1996-06-06,0.5365371544726293
1996-06-07,0.5374409752495405
1996-06-08,0.5374409752495405
1996-06-09,0.5374409752495405
1996-06-10,0.5377099556328192
1996-06-11,0.5379127996512999
1996-06-12,0.5377076274699738
1996-06-13,0.537669240788914
1996-06-14,0.5375909675064691
1996-06-15,0.5375909675064691
1996-06-16,0.5375909675064691
1996-06-17,0.5377093007743794
1996-06-18,0.5373116021113724
1996-06-19,0.5376951121835809
1996-06-20,0.5377174542070676
1996-06-21,0.5387774613969668
1996-06-22,0.5387774613969668
1996-06-23,0.5387774613969668
1996-06-24,0.5386846746504438
1996-06-25,0.5386167827026245
1996-06-26,0.5386171731514575
1996-06-27,0.5383138502882057
1996-06-28,0.5379999639552131
1996-06-29,0.5379999639552131
1996-06-30,0.5379999639552131
1996-07-01,0.5380850900362315
1996-07-02,0.5385940385431145
1996-07-03,0.5387340129944983
1996-07-04,0.5391302971823828
1996-07-05,0.5395671573356949
1996-07-06,0.5395671573356949
1996-07-07,0.5395671573356949
1996-07-08,0.5398231621667677
1996-07-09,0.5397766659710648
1996-07-10,0.5393563069114853
1996-07-11,0.5397718017384451
1996-07-12,0.5401003621279928
1996-07-13,0.5401003621279928
1996-07-14,0.5401003621279928
1996-07-15,0.5401229342932605
1996-07-16,0.5387955818688613
1996-07-17,0.5388505309018823
1996-07-18,0.5389374924788332
1996-07-19,0.5619679144545455
1996-07-20,0.5619679144545455
1996-07-21,0.5619679144545455
1996-07-22,0.5615317207604216
1996-07-23,0.5616317569899584
1996-07-24,0.5618079670557063
1996-07-25,0.5614159674022944
1996-07-26,0.5617890843057364
1996-07-27,0.5617890843057364
1996-07-28,0.5617890843057364
1996-07-29,0.5617535114033987
1996-07-30,0.5618098603267565
1996-07-31,0.5619649378841073
1996-08-01,0.5622233163560482
1996-08-02,0.5761453745024799
1996-08-03,0.5761453745024799
1996-08-04,0.5761453745024799
1996-08-05,0.5762176459239211
1996-08-06,0.5763968491351952
1996-08-07,0.5766564269363861
1996-08-08,0.5767986785955613
1996-08-09,0.5759769281282249
1996-08-10,0.5759769281282249
1996-08-11,0.5759769281282249
1996-08-12,0.5758685837480387
1996-08-13,0.5759281015811519
1996-08-14,0.5764861366164924
1996-08-15,0.5764953091933047
1996-08-16,0.5880936042847865
1996-08-17,0.5880936042847865
1996-08-18,0.5880936042847865
1996-08-19,0.5879314995422393
1996-08-20,0.5879755472243107
1996-08-21,0.5877245590430364
1996-08-22,0.5881033356122439
1996-08-23,0.5874407621743907
1996-08-24,0.5874407621743907
1996-08-25,0.5874407621743907
1996-08-26,0.5875029930862249
1996-08-27,0.5876310685321426
1996-08-28,0.5876565379721645
1996-08-29,0.5881184946581705
1996-08-30,0.588209881634605
1996-08-31,0.588209881634605
1996-09-01,0.588209881634605
1996-09-02,0.5888222708696355
1996-09-03,0.5891579142873724
1996-09-04,0.5890623578661829
1996-09-05,0.5895958568403473
1996-09-06,0.5897998982889422
1996-09-07,0.5897998982889422
1996-09-08,0.5897998982889422
1996-09-09,0.5900251033318121
1996-09-10,0.5906831339152054
1996-09-11,0.5907980579789854
1996-09-12,0.5908587016350302
1996-09-13,0.5910369413196565
1996-09-14,0.5910369413196565
1996-09-15,0.5910369413196565
1996-09-16,0.5828133694725804
1996-09-17,0.5828558585293792
1996-09-18,0.5826104447552002
1996-09-19,0.5829932831096661
1996-09-20,0.5831940082275835
1996-09-21,0.5831940082275835
1996-09-22,0.5831940082275835
1996-09-23,0.5832010073063284
1996-09-24,0.5825326888318959
1996-09-25,0.5830394321739546
1996-09-26,0.5836534525348714
1996-09-27,0.5837931431356816
1996-09-28,0.5837931431356816
1996-09-29,0.5837931431356816
1996-09-30,0.5840675422050923
1996-10-01,0.583995994111083
1996-10-02,0.5842701742383508
1996-10-03,0.5842120377781833
1996-10-04,0.5847322947608975
1996-10-05,0.5847322947608975
1996-10-06,0.5847322947608975
1996-10-07,0.5849647843865875
1996-10-08,0.5848171891163932
1996-10-09,0.5847151533681533
1996-10-10,0.5849257042783268
1996-10-11,0.5834293084112502
1996-10-12,0.5834293084112502
1996-10-13,0.5834293084112502
1996-10-14,0.5828763322476151
1996-10-15,0.5834485572934217
1996-10-16,0.5837316754512564
1996-10-17,0.5838014948447388
1996-10-18,0.5871282488085409
1996-10-19,0.5871282488085409
1996-10-20,0.5871282488085409
1996-10-21,0.587522775957148
1996-10-22,0.586894926275948
1996-10-23,0.5870226108935317
1996-10-24,0.5876236231160671
1996-10-25,0.5840056140201805
1996-10-26,0.5840056140201805
1996-10-27,0.5840056140201805
1996-10-28,0.58415979656009
1996-10-29,0.5838860232449786
1996-10-30,0.5840029274438517
1996-10-31,0.5842229308255523
1996-11-01,0.578310397214494
1996-11-02,0.578310397214494
1996-11-03,0.578310397214494
1996-11-04,0.5783491668445117
1996-11-05,0.578798404673665
1996-11-06,0.5786821093024943
1996-11-07,0.5784724950099297
1996-11-08,0.5780477392297534
1996-11-09,0.5780477392297534
1996-11-10,0.5780477392297534
1996-11-11,0.5775962285734234
1996-11-12,0.5780101645504957
1996-11-13,0.5781868345552421
1996-11-14,0.5784577568700748
1996-11-15,0.6066914349327823
1996-11-16,0.6066914349327823
1996-11-17,0.6066914349327823
1996-11-18,0.6064331886361788
1996-11-19,0.6065366291695599
1996-11-20,0.6071141511569937
1996-11-21,0.6080674478162222
1996-11-22,0.6030374417609169
1996-11-23,0.6030374417609169
1996-11-24,0.6030374417609169
1996-11-25,0.6042568159398358
1996-11-26,0.6045443672190678
1996-11-27,0.6045657129664528
1996-11-28,0.6050126416735856
1996-11-29,0.6057853718892462
1996-11-30,0.6057853718892462
1996-12-01,0.6057853718892462
1996-12-02,0.6065680948368594
1996-12-03,0.6079512315524783
1996-12-04,0.6083250746105889
1996-12-05,0.6085353230041881
1996-12-06,0.6093666806670494
1996-12-07,0.6093666806670494
1996-12-08,0.6093666806670494
1996-12-09,0.6114074382090703
1996-12-10,0.6113483079401617
1996-12-11,0.6109854035046343
1996-12-12,0.6111685279407209
1996-12-13,0.611310040758566
1996-12-14,0.611310040758566
1996-12-15,0.611310040758566
1996-12-16,0.6110715536696792
1996-12-17,0.6106603226687862
1996-12-18,0.6104413716421933
1996-12-19,0.6115361019251971
1996-12-20,0.60998671659247
1996-12-21,0.60998671659247
1996-12-22,0.60998671659247
1996-12-23,0.6103062705707382
1996-12-24,0.6104923635937389
1996-12-25,0.6105973280387585
1996-12-26,0.610577154812612
1996-12-27,0.6125286799483907
1996-12-28,0.6125286799483907
1996-12-29,0.6125286799483907
1996-12-30,0.6133534110967487
1996-12-31,0.6128943750460449
1997-01-01,0.6128923236409425
1997-01-02,0.6120752158142232
1997-01-03,0.6149008318146371
1997-01-04,0.6149008318146371
1997-01-05,0.6149008318146371
1997-01-06,0.6170388235600878
1997-01-07,0.6163970854354316
1997-01-08,0.6173274679933287
1997-01-09,0.6174271179003805
1997-01-10,0.5829192849125512
1997-01-11,0.5829192849125512
1997-01-12,0.5829192849125512
1997-01-13,0.5834060877154297
1997-01-14,0.5842883858971212
1997-01-15,0.583974112793592
1997-01-16,0.5844074344305856
1997-01-17,0.5867623206665533
1997-01-18,0.5867623206665533
1997-01-19,0.5867623206665533
1997-01-20,0.5879907281766492
1997-01-21,0.5885897005838892
1997-01-22,0.5899611909272137
1997-01-23,0.5911878770110894
1997-01-24,0.6118896550848051
1997-01-25,0.6118896550848051
1997-01-26,0.6118896550848051
1997-01-27,0.6127697209764056
1997-01-28,0.613574468567321
1997-01-29,0.6159256458264717
1997-01-30,0.6176855933696763
1997-01-31,0.6104903923911696
1997-02-01,0.6104903923911696
1997-02-02,0.6104903923911696
1997-02-03,0.6125853962069385
1997-02-04,0.6138752076936194
1997-02-05,0.6138280784763517
1997-02-06,0.6146454180295702
1997-02-07,0.6160765744434709
1997-02-08,0.6160765744434709
1997-02-09,0.6160765744434709
1997-02-10,0.6013910253264658
1997-02-11,0.6019489090492373
1997-02-12,0.6027383957352291
1997-02-13,0.6033732152978506
1997-02-14,0.602997944978576
1997-02-15,0.602997944978576
1997-02-16,0.602997944978576
1997-02-17,0.6034023563440591
1997-02-18,0.6038196540365609
1997-02-19,0.6030951795311902
1997-02-20,0.6137042304131508
1997-02-21,0.6150865758510683
1997-02-22,0.6150865758510683
1997-02-23,0.6150865758510683
1997-02-24,0.6103581321050552
1997-02-25,0.6104922527752654
1997-02-26,0.6111881529074834
1997-02-27,0.6103572732478385
1997-02-28,0.6099155924639772
1997-03-01,0.6099155924639772
1997-03-02,0.6099155924639772
1997-03-03,0.6095290203726277
1997-03-04,0.6093826668542128
1997-03-05,0.6091117881915667
1997-03-06,0.6099548858437973
1997-03-07,0.609554834171846
1997-03-08,0.609554834171846
1997-03-09,0.609554834171846
1997-03-10,0.6054534966049626
1997-03-11,0.6055656193689005
1997-03-12,0.6052380308109884
1997-03-13,0.6058898616870847
1997-03-14,0.6003253960031422
1997-03-15,0.6003253960031422
1997-03-16,0.6003253960031422
1997-03-17,0.6005098036369143
1997-03-18,0.6001344110243704
1997-03-19,0.6002284556259997
1997-03-20,0.6008326702486769
1997-03-21,0.6007617370832302
1997-03-22,0.6007617370832302
1997-03-23,0.6007617370832302
1997-03-24,0.6004442531551482
1997-03-25,0.6006228106451822
1997-03-26,0.6005309506867089
1997-03-27,0.5825462772378293
1997-03-28,0.5829727061820946
1997-03-29,0.5829727061820946
1997-03-30,0.5829727061820946
1997-03-31,0.5828317542724405
1997-04-01,0.5824193388440306
1997-04-02,0.582705289438106
1997-04-03,0.5829048871620415
1997-04-04,0.583741521895388
1997-04-05,0.583741521895388
1997-04-06,0.583741521895388
1997-04-07,0.5850383796578399
1997-04-08,0.5852747591561919
1997-04-09,0.585954960092496
1997-04-10,0.585726128381239
1997-04-11,0.585303671793064
1997-04-12,0.585303671793064
1997-04-13,0.585303671793064
1997-04-14,0.5857310281183858
1997-04-15,0.5859596775713607
1997-04-16,0.5859746760140065
1997-04-17,0.585955038242685
1997-04-18,0.5857686778755622
1997-04-19,0.5857686778755622
1997-04-20,0.5857686778755622
1997-04-21,0.5860120390622723
1997-04-22,0.5866653600329022
1997-04-23,0.5866854597041431
1997-04-24,0.5869435727678902
1997-04-25,0.5880354337307627
1997-04-26,0.5880354337307627
1997-04-27,0.5880354337307627
1997-04-28,0.588400684461626
1997-04-29,0.5882877369198107
1997-04-30,0.5884617843169113
1997-05-01,0.5880760350408551
1997-05-02,0.5884664372061856
1997-05-03,0.5884664372061856
1997-05-04,0.5884664372061856
1997-05-05,0.5888462412205696
1997-05-06,0.5883767961800479
1997-05-07,0.5887089544333544
1997-05-08,0.5878470168094743
1997-05-09,0.5867514017993394
1997-05-10,0.5867514017993394
1997-05-11,0.5867514017993394
1997-05-12,0.5874104856833341
1997-05-13,0.5869000696418756
1997-05-14,0.5867691188166163
1997-05-15,0.5868428794051744
1997-05-16,0.5906515646653653
1997-05-17,0.5870282429503858
1997-05-18,0.5870282429503858
1997-05-19,0.5910889507684055
1997-05-20,0.5896178311088223
1997-05-21,0.5895507275124993
1997-05-22,0.5908374999761581
1997-05-23,0.5933434346081479
1997-05-24,0.5933434346081479
1997-05-25,0.5933434346081479
1997-05-26,0.5932927705750013
1997-05-27,0.5950798633211973
1997-05-28,0.5947331710517629
1997-05-29,0.5936192231536306
1997-05-30,0.5963384836790285
1997-05-31,0.5963384836790285
1997-06-01,0.5963384836790285
1997-06-02,0.597450734040414
1997-06-03,0.5980339760592889
1997-06-04,0.5980415523812959
1997-06-05,0.5982108604001286
1997-06-06,0.5933682306184457
1997-06-07,0.5933682306184457
1997-06-08,0.5933682306184457
1997-06-09,0.5924799094625434
1997-06-10,0.5925284332644442
1997-06-11,0.5925778003879154
1997-06-12,0.5933104191133819
1997-06-13,0.594642552687801
1997-06-14,0.594642552687801
1997-06-15,0.594642552687801
1997-06-16,0.5941189804251322
1997-06-17,0.5942227731278951
1997-06-18,0.5939698046489985
1997-06-19,0.5941883529665586
1997-06-20,0.5942892187625191
1997-06-21,0.5942892187625191
1997-06-22,0.5942892187625191
1997-06-23,0.5936673271252753
1997-06-24,0.5939576742505089
1997-06-25,0.5938346462485018
1997-06-26,0.5937279727402395
1997-06-27,0.594927477813941
1997-06-28,0.594927477813941
1997-06-29,0.594927477813941
1997-06-30,0.595143692934817
1997-07-01,0.5951409547918096
1997-07-02,0.5957567015016685
1997-07-03,0.5952840402735498
1997-07-04,0.599720141900316
1997-07-05,0.599720141900316
1997-07-06,0.599720141900316
1997-07-07,0.5998179082477866
1997-07-08,0.6001408504042215
1997-07-09,0.600134014512527
1997-07-10,0.6001120287365698
1997-07-11,0.6015173714752228
1997-07-12,0.6015173714752228
1997-07-13,0.6015173714752228
1997-07-14,0.6027898965506019
1997-07-15,0.6035959599728974
1997-07-16,0.6036565452850077
1997-07-17,0.6038787452452207
1997-07-18,0.6045914452267537
1997-07-19,0.6045914452267537
1997-07-20,0.6045914452267537
1997-07-21,0.6054039171333051
1997-07-22,0.6062817949462642
1997-07-23,0.606521655868587
1997-07-24,0.6073024044262698
1997-07-25,0.6114851153863883
1997-07-26,0.6114851153863883
1997-07-27,0.6114851153863883
1997-07-28,0.6120773677602528
1997-07-29,0.6119390707046093
1997-07-30,0.611983152852656
1997-07-31,0.6125377956242409
1997-08-01,0.6161254231145139
1997-08-02,0.6161254231145139
1997-08-03,0.6161254231145139
1997-08-04,0.6163619824628214
1997-08-05,0.6171498644635506
1997-08-06,0.6177080296476525
1997-08-07,0.6176999580919303
1997-08-08,0.6166675422114426
1997-08-09,0.6166675422114426
1997-08-10,0.6166675422114426
1997-08-11,0.6173026586310214
1997-08-12,0.618102225030607
1997-08-13,0.6169201043878324
1997-08-14,0.6178261731958239
1997-08-15,0.6175131014380546
1997-08-16,0.6175131014380546
1997-08-17,0.6175131014380546
1997-08-18,0.6183542644493644
1997-08-19,0.6182558869707493
1997-08-20,0.619087731926303
1997-08-21,0.6184013333395868
1997-08-22,0.6168746760823344
1997-08-23,0.6168746760823344
1997-08-24,0.6168746760823344
1997-08-25,0.6169264459420346
1997-08-26,0.61638568517263
1997-08-27,0.6174501491455701
1997-08-28,0.6176193991939579
1997-08-29,0.6184733627983481
1997-08-30,0.6184733627983481
1997-08-31,0.6184733627983481
1997-09-01,0.6191050384391398
1997-09-02,0.6202856437365772
1997-09-03,0.6197966970263038
1997-09-04,0.6201301681234658
1997-09-05,0.619128979580266
1997-09-06,0.619128979580266
1997-09-07,0.619128979580266
1997-09-08,0.6193229480377048
1997-09-09,0.6196351927604109
1997-09-10,0.6192054524875906
1997-09-11,0.6187114966804697
1997-09-12,0.6184404005564414
1997-09-13,0.6184404005564414
1997-09-14,0.6184404005564414
1997-09-15,0.6177943781432809
1997-09-16,0.6191228571877232
1997-09-17,0.6193101068549668
1997-09-18,0.6199071360765486
1997-09-19,0.6156656053441697
1997-09-20,0.6156656053441697
1997-09-21,0.6156656053441697
1997-09-22,0.6166925127715468
1997-09-23,0.6165565975044716
1997-09-24,0.6153773274210366
1997-09-25,0.6153189202205045
1997-09-26,0.6163002105250263
1997-09-27,0.6163002105250263
1997-09-28,0.6163002105250263
1997-09-29,0.6167310894127325
1997-09-30,0.6167103584179907
1997-10-01,0.6181273096873593
1997-10-02,0.6180312174175022
1997-10-03,0.6131316915306806
1997-10-04,0.6131316915306806
1997-10-05,0.6131316915306806
1997-10-06,0.6131420956082195
1997-10-07,0.613181399603384
1997-10-08,0.6121109883037764
1997-10-09,0.6113285535656614
1997-10-10,0.6060205412419207
1997-10-11,0.6060205412419207
1997-10-12,0.6060205412419207
1997-10-13,0.6064436373870249
1997-10-14,0.6065381336577745
1997-10-15,0.6071628917049788
1997-10-16,0.60682676116638
1997-10-17,0.594498452214259
1997-10-18,0.594498452214259
1997-10-19,0.594498452214259
1997-10-20,0.5951203370356507
1997-10-21,0.5964891759865641
1997-10-22,0.5968234860377563
1997-10-23,0.5959940283068488
1997-10-24,0.597425281211544
1997-10-25,0.597425281211544
1997-10-26,0.597425281211544
1997-10-27,0.5977028894709343
1997-10-28,0.596680676647306
1997-10-29,0.5966829722768251
1997-10-30,0.5968258707168744
1997-10-31,0.5919623165825891
1997-11-01,0.5919623165825891
1997-11-02,0.5919623165825891
1997-11-03,0.5905356884985795
1997-11-04,0.5904705385008067
1997-11-05,0.5906039272532023
1997-11-06,0.591376793918275
1997-11-07,0.5933000046640785
1997-11-08,0.5933000046640785
1997-11-09,0.5933000046640785
1997-11-10,0.5933386913023017
1997-11-11,0.5934516604346566
1997-11-12,0.5944634709849674
1997-11-13,0.5950120652228943
1997-11-14,0.5951836027035613
1997-11-15,0.5951836027035613
1997-11-16,0.5951836027035613
1997-11-17,0.5951611941058949
1997-11-18,0.5955212348529219
1997-11-19,0.5965388394000817
1997-11-20,0.5969567916275529
1997-11-21,0.6004537814900627
1997-11-22,0.6004537814900627
1997-11-23,0.6004537814900627
1997-11-24,0.6007781562037007
1997-11-25,0.6024119590317492
1997-11-26,0.6033716268880928
1997-11-27,0.6037347180681942
1997-11-28,0.6180971906201179
1997-11-29,0.6180971906201179
1997-11-30,0.6180971906201179
1997-12-01,0.6199786243634652
1997-12-02,0.6200629405810045
1997-12-03,0.6202885459797552
1997-12-04,0.6206408527441185
1997-12-05,0.6229363927892366
1997-12-06,0.6229363927892366
1997-12-07,0.6229363927892366
1997-12-08,0.6235608445810155
1997-12-09,0.6245215939544368
1997-12-10,0.6245276621921984
1997-12-11,0.6246104359294938
1997-12-12,0.626677692937094
1997-12-13,0.626677692937094
1997-12-14,0.626677692937094
1997-12-15,0.6319528031248723
1997-12-16,0.6323318830980853
1997-12-17,0.6301082766179539
1997-12-18,0.6302595463134675
1997-12-19,0.630318283484775
1997-12-20,0.630318283484775
1997-12-21,0.630318283484775
1997-12-22,0.6315971858746869
1997-12-23,0.6314766753622673
1997-12-24,0.6322010379686754
1997-12-25,0.6322960846059705
1997-12-26,0.6312376591802495
1997-12-27,0.6312376591802495
1997-12-28,0.6312376591802495
1997-12-29,0.6324925613028004
1997-12-30,0.6332002311732887
1997-12-31,0.6339987752656896
1998-01-01,0.6339957612665426
1998-01-02,0.6080061842041191
1998-01-03,0.6080061842041191
1998-01-04,0.6080061842041191
1998-01-05,0.6117764206762117
1998-01-06,0.614567592770801
1998-01-07,0.6143996169092492
1998-01-08,0.6181651200677878
1998-01-09,0.6173070527990172
1998-01-10,0.6173070527990172
1998-01-11,0.6173070527990172
1998-01-12,0.6176435653868575
1998-01-13,0.616380740193733
1998-01-14,0.6149389031193069
1998-01-15,0.6167801313823309
1998-01-16,0.6155183845172776
1998-01-17,0.6155183845172776
1998-01-18,0.6155183845172776
1998-01-19,0.616642988878465
1998-01-20,0.6192529789433391
1998-01-21,0.6196480720128406
1998-01-22,0.6204344438606596
1998-01-23,0.6206585281609576
1998-01-24,0.6206585281609576
1998-01-25,0.6206585281609576
1998-01-26,0.6201246352876589
1998-01-27,0.6174868431148979
1998-01-28,0.6194051222182001
1998-01-29,0.6193712965435709
1998-01-30,0.6093769835239178
1998-01-31,0.6093769835239178
1998-02-01,0.6093769835239178
1998-02-02,0.6083783475162577
1998-02-03,0.6076109202431033
1998-02-04,0.6066233045593694
1998-02-05,0.6060397217910627
1998-02-06,0.606473113629401
1998-02-07,0.606473113629401
1998-02-08,0.606473113629401
1998-02-09,0.6071720097104438
1998-02-10,0.6036921310829192
1998-02-11,0.603800554804431
1998-02-12,0.6048538798741601
1998-02-13,0.5859639213824727
1998-02-14,0.5859639213824727
1998-02-15,0.5859639213824727
1998-02-16,0.5877833124023243
1998-02-17,0.5876612863287033
1998-02-18,0.5869900302613446
1998-02-19,0.5852396883977816
1998-02-20,0.5928115856802836
1998-02-21,0.5928115856802836
1998-02-22,0.5928115856802836
1998-02-23,0.5927662900039111
1998-02-24,0.5922709563746781
1998-02-25,0.5931713581937035
1998-02-26,0.5923103811666665
1998-02-27,0.6037286775598533
1998-02-28,0.6037286775598533
1998-03-01,0.6037286775598533
1998-03-02,0.6034561046837907
1998-03-03,0.6042763424835194
1998-03-04,0.6051007953890702
1998-03-05,0.6076452912228302
1998-03-06,0.6048010079994706
1998-03-07,0.6048010079994706
1998-03-08,0.6048010079994706
1998-03-09,0.6045023642095659
1998-03-10,0.6038678537197014
1998-03-11,0.604511947282687
1998-03-12,0.6035469917131706
1998-03-13,0.6013068308698812
1998-03-14,0.6013068308698812
1998-03-15,0.6013068308698812
1998-03-16,0.6018083738270944
1998-03-17,0.6018787249593743
1998-03-18,0.6023889196479724
1998-03-19,0.6033853260121089
1998-03-20,0.6038784941361927
1998-03-21,0.6038784941361927
1998-03-22,0.6038784941361927
1998-03-23,0.602762108044378
1998-03-24,0.6027244228299299
1998-03-25,0.6021360847156851
1998-03-26,0.6018458553184413
1998-03-27,0.6024432711594679
1998-03-28,0.6024432711594679
1998-03-29,0.6024432711594679
1998-03-30,0.6041511748415461
1998-03-31,0.6052505646863191
1998-04-01,0.6059538414892357
1998-04-02,0.6061295744275637
1998-04-03,0.6056178112165604
1998-04-04,0.6056178112165604
1998-04-05,0.6056178112165604
1998-04-06,0.6048492562886967
1998-04-07,0.6047652904721365
1998-04-08,0.6037426748249711
1998-04-09,0.6036145476882796
1998-04-10,0.6030131123439777
1998-04-11,0.6030131123439777
1998-04-12,0.6030131123439777
1998-04-13,0.6031405030179229
1998-04-14,0.6023570757079431
1998-04-15,0.6029768310456294
1998-04-16,0.603257714082964
1998-04-17,0.6036019817380804
1998-04-18,0.6036019817380804
1998-04-19,0.6036019817380804
1998-04-20,0.6032765595413303
1998-04-21,0.6020954008087229
1998-04-22,0.602550770732426
1998-04-23,0.6029140795399965
1998-04-24,0.6122852863499828
1998-04-25,0.6122852863499828
1998-04-26,0.6122852863499828
1998-04-27,0.6129221355077746
1998-04-28,0.6132381491680272
1998-04-29,0.6132737143877128
1998-04-30,0.6128034335646623
1998-05-01,0.6146177063465491
1998-05-02,0.6146177063465491
1998-05-03,0.6146177063465491
1998-05-04,0.614583021383797
1998-05-05,0.614295273141892
1998-05-06,0.6164434340186234
1998-05-07,0.6169257432650369
1998-05-08,0.6167729014239579
1998-05-09,0.6167729014239579
1998-05-10,0.6167729014239579
1998-05-11,0.6174042831180268
1998-05-12,0.6176476651385039
1998-05-13,0.6195750861290206
1998-05-14,0.619312353390497
1998-05-15,0.6245637347762305
1998-05-16,0.6245637347762305
1998-05-17,0.6245637347762305
1998-05-18,0.6262487504478887
1998-05-19,0.6271646222159877
1998-05-20,0.6257025894229798
1998-05-21,0.6244313190890406
1998-05-22,0.6248776229653646
1998-05-23,0.6248776229653646
1998-05-24,0.6248776229653646
1998-05-25,0.6249979751909636
1998-05-26,0.6256002672050276
1998-05-27,0.6270067551575592
1998-05-28,0.6277799479738103
1998-05-29,0.6283389280514314
1998-05-30,0.6283389280514314
1998-05-31,0.6283389280514314
1998-06-01,0.6290157214008127
1998-06-02,0.6285300847470647
1998-06-03,0.6280327489236577
1998-06-04,0.6280062502636307
1998-06-05,0.6291967222179865
1998-06-06,0.6291967222179865
1998-06-07,0.6291967222179865
1998-06-08,0.6299583148094551
1998-06-09,0.6307023413917127
1998-06-10,0.6338557852702666
1998-06-11,0.6348427579722785
1998-06-12,0.6352962984681152
1998-06-13,0.6352962984681152
1998-06-14,0.6352962984681152
1998-06-15,0.6363310604105189
1998-06-16,0.6353927009203412
1998-06-17,0.6327105809497228
1998-06-18,0.632950948406333
1998-06-19,0.6315777531816116
1998-06-20,0.6315777531816116
1998-06-21,0.6315777531816116
1998-06-22,0.6329284923472027
1998-06-23,0.6334950164283805
1998-06-24,0.6334245903096419
1998-06-25,0.6341391010181968
1998-06-26,0.6364762964685682
1998-06-27,0.6364762964685682
1998-06-28,0.6364762964685682
1998-06-29,0.6368924521482145
1998-06-30,0.6354914206051605
1998-07-01,0.6356965294170766
1998-07-02,0.6369391418256636
1998-07-03,0.6723989623734501
1998-07-04,0.6723989623734501
1998-07-05,0.6723989623734501
1998-07-06,0.6729728118211687
1998-07-07,0.6722964052595639
1998-07-08,0.6729407132183828
1998-07-09,0.6743613405658098
1998-07-10,0.6739730399738176
1998-07-11,0.6739730399738176
1998-07-12,0.6739730399738176
1998-07-13,0.6724405539820049
1998-07-14,0.6712241857388432
1998-07-15,0.671006473065212
1998-07-16,0.6694148204193139
1998-07-17,0.6697721459679826
1998-07-18,0.6697721459679826
1998-07-19,0.6697721459679826
1998-07-20,0.6697405060549982
1998-07-21,0.6706603748109303
1998-07-22,0.6710707552113082
1998-07-23,0.6711265926286671
1998-07-24,0.6709801316084159
1998-07-25,0.6709801316084159
1998-07-26,0.6709801316084159
1998-07-27,0.6717002406349628
1998-07-28,0.6705211126269222
1998-07-29,0.670328398131003
1998-07-30,0.6707558679589003
1998-07-31,0.6711298791193557
1998-08-01,0.6711298791193557
1998-08-02,0.6711298791193557
1998-08-03,0.6720507180890474
1998-08-04,0.6710147474733554
1998-08-05,0.6706832254025942
1998-08-06,0.67258237333036
1998-08-07,0.6734248935636911
1998-08-08,0.6734248935636911
1998-08-09,0.6734248935636911
1998-08-10,0.6739198690654673
1998-08-11,0.6752876003974352
1998-08-12,0.6754316654039759
1998-08-13,0.6752453663907744
1998-08-14,0.6764426114563842
1998-08-15,0.6764426114563842
1998-08-16,0.6764426114563842
1998-08-17,0.6771697768565363
1998-08-18,0.6773658945627663
1998-08-19,0.6771335558673519
1998-08-20,0.6779383500707116
1998-08-21,0.6797113943071654
1998-08-22,0.6797113943071654
1998-08-23,0.6797113943071654
1998-08-24,0.6790738468576422
1998-08-25,0.6809894231928745
1998-08-26,0.6841023308538615
1998-08-27,0.6880144964791102
1998-08-28,0.6672233727381218
1998-08-29,0.6672233727381218
1998-08-30,0.6672233727381218
1998-08-31,0.6646977702706803
1998-09-01,0.6640947639039925
1998-09-02,0.664810988026304
1998-09-03,0.6657072173390165
1998-09-04,0.6664820164453304
1998-09-05,0.6664820164453304
1998-09-06,0.6664820164453304
1998-09-07,0.6666268919302646
1998-09-08,0.6671180893450743
1998-09-09,0.6655605919184224
1998-09-10,0.6620027614296934
1998-09-11,0.660429872769465
1998-09-12,0.660429872769465
1998-09-13,0.660429872769465
1998-09-14,0.6572430113868339
1998-09-15,0.6587803883861317
1998-09-16,0.6607578641690861
1998-09-17,0.661988748851516
1998-09-18,0.6636149917221325
1998-09-19,0.6636149917221325
1998-09-20,0.6636149917221325
1998-09-21,0.6647030625740473
1998-09-22,0.6627433369117203
1998-09-23,0.6620256069801534
1998-09-24,0.6607913723778019
1998-09-25,0.6523792557079277
1998-09-26,0.6523792557079277
1998-09-27,0.6523792557079277
1998-09-28,0.652109500843325
1998-09-29,0.6516098203478812
1998-09-30,0.6523057181981294
1998-10-01,0.6522453236792233
1998-10-02,0.6518017567232006
1998-10-03,0.6518017567232006
1998-10-04,0.6518017567232006
1998-10-05,0.6510577569507948
1998-10-06,0.6502784614806031
1998-10-07,0.6462667939131299
1998-10-08,0.6464215238035295
1998-10-09,0.6468713561653175
1998-10-10,0.6468713561653175
1998-10-11,0.6468713561653175
1998-10-12,0.6471068123536027
1998-10-13,0.6463856697317023
1998-10-14,0.6463321785751064
1998-10-15,0.6455991148729303
1998-10-16,0.64486828548842
1998-10-17,0.64486828548842
1998-10-18,0.64486828548842
1998-10-19,0.6457089030350441
1998-10-20,0.6461605178613294
1998-10-21,0.6458940456100647
1998-10-22,0.646019674613922
1998-10-23,0.6471323362386778
1998-10-24,0.6471323362386778
1998-10-25,0.6471323362386778
1998-10-26,0.6476035342699866
1998-10-27,0.6479488134075966
1998-10-28,0.648401594952226
1998-10-29,0.6479903784442831
1998-10-30,0.6532306189085814
1998-10-31,0.6532306189085814
1998-11-01,0.6532306189085814
1998-11-02,0.6556760195082398
1998-11-03,0.6559032448073954
1998-11-04,0.6577208106331895
1998-11-05,0.6562662818778281
1998-11-06,0.6703216665866697
1998-11-07,0.6703216665866697
1998-11-08,0.6703216665866697
1998-11-09,0.6725482093146878
1998-11-10,0.6729928235505308
1998-11-11,0.6723695689140464
1998-11-12,0.6739695090655361
1998-11-13,0.6765748607507382
1998-11-14,0.6765748607507382
1998-11-15,0.6765748607507382
1998-11-16,0.6755206340549145
1998-11-17,0.6759465549281725
1998-11-18,0.6758441057054716
1998-11-19,0.6764689545947127
1998-11-20,0.6683363643919497
1998-11-21,0.6683363643919497
1998-11-22,0.6683363643919497
1998-11-23,0.6704050404030456
1998-11-24,0.6708077435699931
1998-11-25,0.6756383632164291
1998-11-26,0.6758913410457786
1998-11-27,0.6769120881727686
1998-11-28,0.6769120881727686
1998-11-29,0.6769120881727686
1998-11-30,0.6758144358044937
1998-12-01,0.6754318605437263
1998-12-02,0.6823587393264693
1998-12-03,0.6822419697139811
1998-12-04,0.6841098569839488
1998-12-05,0.6841098569839488
1998-12-06,0.6841098569839488
1998-12-07,0.6825442510277209
1998-12-08,0.6823292010185529
1998-12-09,0.6818894034242212
1998-12-10,0.6808922955655755
1998-12-11,0.6757596077428063
1998-12-12,0.6757596077428063
1998-12-13,0.6757596077428063
1998-12-14,0.6762442685617971
1998-12-15,0.6773411793978773
1998-12-16,0.6789764282500121
1998-12-17,0.6774386511128068
1998-12-18,0.6773886068281464
1998-12-19,0.6773886068281464
1998-12-20,0.6773886068281464
1998-12-21,0.6768862415989049
1998-12-22,0.677213676370829
1998-12-23,0.6776310874468852
1998-12-24,0.6782127188402958
1998-12-25,0.6784066266650676
1998-12-26,0.6784066266650676
1998-12-27,0.6784066266650676
1998-12-28,0.6788156411798325
1998-12-29,0.6928000633163942
1998-12-30,0.6935637462874875
1998-12-31,0.6800148864368283
1999-01-01,0.6800153391239657
1999-01-02,0.6800153391239657
1999-01-03,0.6800153391239657
1999-01-04,0.693184822683914
1999-01-05,0.6930917930399294
1999-01-06,0.6861440744666362
1999-01-07,0.6859080128553684
1999-01-08,0.6828345871749644
1999-01-09,0.6828345871749644
1999-01-10,0.6828345871749644
1999-01-11,0.6584752565463705
1999-01-12,0.6590394075074884
1999-01-13,0.661190724055516
1999-01-14,0.6604514176586094
1999-01-15,0.6607486423903925
1999-01-16,0.6607486423903925
1999-01-17,0.6607486423903925
1999-01-18,0.6618723470256878
1999-01-19,0.661515046272586
1999-01-20,0.661586849520446
1999-01-21,0.6629711163667297
1999-01-22,0.6633225435727125
1999-01-23,0.6633225435727125
1999-01-24,0.6633225435727125
1999-01-25,0.6642207740947792
1999-01-26,0.6642601111999545
1999-01-27,0.6659033769408117
1999-01-28,0.6665754175226135
1999-01-29,0.6971384325313571
1999-01-30,0.6971384325313571
1999-01-31,0.6971384325313571
1999-02-01,0.6955444744459653
1999-02-02,0.6944712996910214
1999-02-03,0.6944781044978129
1999-02-04,0.6942717998328793
1999-02-05,0.6971580438574598
1999-02-06,0.6971580438574598
1999-02-07,0.6971580438574598
1999-02-08,0.6981334476462565
1999-02-09,0.6983221342462789
1999-02-10,0.696028167281755
1999-02-11,0.6970086463029012
1999-02-12,0.6965339263279474
1999-02-13,0.6965339263279474
1999-02-14,0.6965339263279474
1999-02-15,0.6974476770081541
1999-02-16,0.6984767027492238
1999-02-17,0.710906186360925
1999-02-18,0.7115846966906784
1999-02-19,0.711993048057309
1999-02-20,0.711993048057309
1999-02-21,0.711993048057309
1999-02-22,0.7131970033523037
1999-02-23,0.713293112341633
1999-02-24,0.7145314096877721
1999-02-25,0.7147359973478311
1999-02-26,0.7158542457990728
1999-02-27,0.7158542457990728
1999-02-28,0.7158542457990728
1999-03-01,0.7206205108055803
1999-03-02,0.7216626608418537
1999-03-03,0.7218330804259272
1999-03-04,0.7223068759118476
1999-03-05,0.716308354614577
1999-03-06,0.716308354614577
1999-03-07,0.716308354614577
1999-03-08,0.7182205592306804
1999-03-09,0.7181398419686196
1999-03-10,0.7172904367557066
1999-03-11,0.7174070650041477
1999-03-12,0.7177643693809999
1999-03-13,0.7177643693809999
1999-03-14,0.7177643693809999
1999-03-15,0.7173052374270631
1999-03-16,0.717424838210932
1999-03-17,0.7171314606209592
1999-03-18,0.7167438678991801
1999-03-19,0.7178234976744403
1999-03-20,0.7178234976744403
1999-03-21,0.7178234976744403
1999-03-22,0.720940698273382
1999-03-23,0.7216786240839529
1999-03-24,0.7227987302737036
1999-03-25,0.7228501505792926
1999-03-26,0.7238534384872906
1999-03-27,0.7238534384872906
1999-03-28,0.7238534384872906
1999-03-29,0.7233922401055747
1999-03-30,0.7240430611042021
1999-03-31,0.7223014710554413
1999-04-01,0.7233103457136018
1999-04-02,0.723563288865899
1999-04-03,0.723563288865899
1999-04-04,0.723563288865899
1999-04-05,0.7255032882825093
1999-04-06,0.7243044962499643
1999-04-07,0.7266745683116028
1999-04-08,0.7269466544740987
1999-04-09,0.7265133669284698
1999-04-10,0.7265133669284698
1999-04-11,0.7265133669284698
1999-04-12,0.7258019108939835
1999-04-13,0.7264472286803195
1999-04-14,0.7254316189416438
1999-04-15,0.7258358046623647
1999-04-16,0.7256244624395985
1999-04-17,0.7256244624395985
1999-04-18,0.7256244624395985
1999-04-19,0.724192141689497
1999-04-20,0.7254451063660441
1999-04-21,0.7258925793558707
1999-04-22,0.7256945290934755
1999-04-23,0.7261245493092102
1999-04-24,0.7261245493092102
1999-04-25,0.7261245493092102
1999-04-26,0.7285073719016296
1999-04-27,0.7284497329462012
1999-04-28,0.7311259105951096
1999-04-29,0.7303394400830057
1999-04-30,0.73118480272961
1999-05-01,0.73118480272961
1999-05-02,0.73118480272961
1999-05-03,0.7304934128186639
1999-05-04,0.7286303001531585
1999-05-05,0.7277259600579107
1999-05-06,0.7271639654913201
1999-05-07,0.7313392259409384
1999-05-08,0.7313392259409384
1999-05-09,0.7313392259409384
1999-05-10,0.731119071463873
1999-05-11,0.7333884900499109
1999-05-12,0.7350935831450708
1999-05-13,0.7371017947074748
1999-05-14,0.7371164920451532
1999-05-15,0.7371164920451532
1999-05-16,0.7371164920451532
1999-05-17,0.7374855695320748
1999-05-18,0.7365770131622218
1999-05-19,0.7372961287632198
1999-05-20,0.7376809355709539
1999-05-21,0.7388864779850896
1999-05-22,0.7388864779850896
1999-05-23,0.7388864779850896
1999-05-24,0.738522624071277
1999-05-25,0.7391533154332811
1999-05-26,0.7410621015524452
1999-05-27,0.7421883582377481
1999-05-28,0.7434422556299798
1999-05-29,0.7434422556299798
1999-05-30,0.7434422556299798
1999-05-31,0.7435308104861724
1999-06-01,0.7409193676491195
1999-06-02,0.7423190620876263
1999-06-03,0.7427551414623816
1999-06-04,0.7428519792104902
1999-06-05,0.7428519792104902
1999-06-06,0.7428519792104902
1999-06-07,0.7409468200055755
1999-06-08,0.7371256764284516
1999-06-09,0.7370045109453176
1999-06-10,0.7368373079297781
1999-06-11,0.7373668909399791
1999-06-12,0.7373668909399791
1999-06-13,0.7373668909399791
1999-06-14,0.7370924149005915
1999-06-15,0.7372706707959421
1999-06-16,0.7389223171755307
1999-06-17,0.7376373203452966
1999-06-18,0.7377990375989213
1999-06-19,0.7377990375989213
1999-06-20,0.7377990375989213
1999-06-21,0.742874633980011
1999-06-22,0.7437350029808857
1999-06-23,0.7430548362937149
1999-06-24,0.7438764752203594
1999-06-25,0.7432127495821591
1999-06-26,0.7432127495821591
1999-06-27,0.7432127495821591
1999-06-28,0.7437327462280066
1999-06-29,0.7421724814026648
1999-06-30,0.7408608754698266
1999-07-01,0.742532804855103
1999-07-02,0.7421255233911186
1999-07-03,0.7421255233911186
1999-07-04,0.7421255233911186
1999-07-05,0.7417490074529646
1999-07-06,0.7409591377359442
1999-07-07,0.7474427065467236
1999-07-08,0.741912408024851
1999-07-09,0.7415440667629848
1999-07-10,0.7415440667629848
1999-07-11,0.7415440667629848
1999-07-12,0.7436299400338827
1999-07-13,0.7430538150090338
1999-07-14,0.7424122456767366
1999-07-15,0.7420570131184284
1999-07-16,0.7425829092885232
1999-07-17,0.7425829092885232
1999-07-18,0.7425829092885232
1999-07-19,0.7148197123759591
1999-07-20,0.7140303526380751
1999-07-21,0.7132921121750802
1999-07-22,0.7134695981203809
1999-07-23,0.7133178211360964
1999-07-24,0.7133178211360964
1999-07-25,0.7133178211360964
1999-07-26,0.7132875306716647
1999-07-27,0.7106549001958413
1999-07-28,0.7102040217669933
1999-07-29,0.7090606721547282
1999-07-30,0.7093324314171989
1999-07-31,0.7093324314171989
1999-08-01,0.7093324314171989
1999-08-02,0.7107785096202628
1999-08-03,0.7108540880743313
1999-08-04,0.7104441273621517
1999-08-05,0.7109073900280314
1999-08-06,0.7127749225623489
1999-08-07,0.7127749225623489
1999-08-08,0.7127749225623489
1999-08-09,0.7130092418643073
1999-08-10,0.712932240738521
1999-08-11,0.7140042513468462
1999-08-12,0.7145322658330505
1999-08-13,0.7156497223635594
1999-08-14,0.7156497223635594
1999-08-15,0.7156497223635594
1999-08-16,0.718377651343673
1999-08-17,0.7187350904243376
1999-08-18,0.7175082309314131
1999-08-19,0.7172431415799609
1999-08-20,0.7168854404592908
1999-08-21,0.7168854404592908
1999-08-22,0.7168854404592908
1999-08-23,0.7182865742475885
1999-08-24,0.7212653473074532
1999-08-25,0.7226987958051446
1999-08-26,0.7234335866038792
1999-08-27,0.7239204289076739
1999-08-28,0.7239204289076739
1999-08-29,0.7239204289076739
1999-08-30,0.7239062842271217
1999-08-31,0.7228272095494539
1999-09-01,0.7232320032902846
1999-09-02,0.7219676998843227
1999-09-03,0.7227588433034393
1999-09-04,0.7227588433034393
1999-09-05,0.7227588433034393
1999-09-06,0.7240070411526335
1999-09-07,0.7116726439052132
1999-09-08,0.7115208017574836
1999-09-09,0.7115566454902941
1999-09-10,0.7128221913768898
1999-09-11,0.7128221913768898
1999-09-12,0.7128221913768898
1999-09-13,0.7125310312651123
1999-09-14,0.7081965086366708
1999-09-15,0.7089247574023808
1999-09-16,0.7094301363332183
1999-09-17,0.7093302736921097
1999-09-18,0.7093302736921097
1999-09-19,0.7093302736921097
1999-09-20,0.7093371315401835
1999-09-21,0.7086362222864027
1999-09-22,0.7094233646259129
1999-09-23,0.7089514534424745
1999-09-24,0.7216687028527629
1999-09-25,0.7216687028527629
1999-09-26,0.7216687028527629
1999-09-27,0.7159816886026951
1999-09-28,0.7150882318086975
1999-09-29,0.7144999603746698
1999-09-30,0.7141387767861186
1999-10-01,0.7139214813721378
1999-10-02,0.7139214813721378
1999-10-03,0.7139214813721378
1999-10-04,0.7030039123642522
1999-10-05,0.702724807963404
1999-10-06,0.707679587983433
1999-10-07,0.7073685825764653
1999-10-08,0.7087131302770445
1999-10-09,0.7087131302770445
1999-10-10,0.7087131302770445
1999-10-11,0.7085970856786352
1999-10-12,0.7080298646049704
1999-10-13,0.7120505598677971
1999-10-14,0.7031821371077802
1999-10-15,0.7120194442520535
1999-10-16,0.7120194442520535
1999-10-17,0.7120194442520535
1999-10-18,0.713005554411515
1999-10-19,0.7121194339012177
1999-10-20,0.7131568375779885
1999-10-21,0.7111519779488998
1999-10-22,0.7128574246539252
1999-10-23,0.7128574246539252
1999-10-24,0.7128574246539252
1999-10-25,0.7158842981334435
1999-10-26,0.7173580152425274
1999-10-27,0.7191021070502719
1999-10-28,0.7180014592481121
1999-10-29,0.7184774808094698
1999-10-30,0.7184774808094698
1999-10-31,0.7184774808094698
1999-11-01,0.7183590002762191
1999-11-02,0.71127617901494
1999-11-03,0.7129661550382999
1999-11-04,0.7148441246430709
1999-11-05,0.7136952482562485
1999-11-06,0.7136952482562485
1999-11-07,0.7136952482562485
1999-11-08,0.7091303155170962
1999-11-09,0.7098870477106061
1999-11-10,0.7107183462498612
1999-11-11,0.7110904285444792
1999-11-12,0.7117211321815204
1999-11-13,0.7117211321815204
1999-11-14,0.7117211321815204
1999-11-15,0.7106916697913502
1999-11-16,0.707673437840194
1999-11-17,0.7069003345197087
1999-11-18,0.6956569619725421
1999-11-19,0.7152178237800327
1999-11-20,0.7152178237800327
1999-11-21,0.7152178237800327
1999-11-22,0.7092106437860658
1999-11-23,0.7091923000563051
1999-11-24,0.7104163831088205
1999-11-25,0.7103789674742024
1999-11-26,0.7098395243561232
1999-11-27,0.7098395243561232
1999-11-28,0.7098395243561232
1999-11-29,0.7109228181092064
1999-11-30,0.712055496362168
1999-12-01,0.711025612774676
1999-12-02,0.7114105645573823
1999-12-03,0.712493822308457
1999-12-04,0.712493822308457
1999-12-05,0.712493822308457
1999-12-06,0.7099330149018145
1999-12-07,0.7095800398206836
1999-12-08,0.6902176553970721
1999-12-09,0.6905904923925508
1999-12-10,0.6904061291537978
1999-12-11,0.6904061291537978
1999-12-12,0.6904061291537978
1999-12-13,0.6906805355087001
1999-12-14,0.6914565550976396
1999-12-15,0.691146614957621
1999-12-16,0.6896577347633874
1999-12-17,0.6901223511607134
1999-12-18,0.6901223511607134
1999-12-19,0.6901223511607134
1999-12-20,0.6899171825851901
1999-12-21,0.6938339673416588
1999-12-22,0.6927137390053456
1999-12-23,0.6933520334203136
1999-12-24,0.694089755070608
1999-12-25,0.694089755070608
1999-12-26,0.694089755070608
1999-12-27,0.6928843764591663
1999-12-28,0.6939364473667005
1999-12-29,0.693875623618403
1999-12-30,0.694066226463609
1999-12-31,0.6947207788438836
2000-01-01,0.6947207788438836
2000-01-02,0.6947207788438836
2000-01-03,0.6931367029339744
2000-01-04,0.6936776506875006
2000-01-05,0.696203108552371
2000-01-06,0.6969447400674891
2000-01-07,0.6977422953156979
2000-01-08,0.6977422953156979
2000-01-09,0.6977422953156979
2000-01-10,0.6964963934590154
2000-01-11,0.6966264375693226
2000-01-12,0.6973182304508658
2000-01-13,0.69741386240391
2000-01-14,0.6758540711451972
2000-01-15,0.6758540711451972
2000-01-16,0.6758540711451972
2000-01-17,0.6759533423927844
2000-01-18,0.6762226487785145
2000-01-19,0.6938764298617911
2000-01-20,0.6934251184206356
2000-01-21,0.6956292794481245
2000-01-22,0.6956292794481245
2000-01-23,0.6956292794481245
2000-01-24,0.6960498558620334
2000-01-25,0.6963370038341707
2000-01-26,0.6966609238213066
2000-01-27,0.6984984484082184
2000-01-28,0.6837344076245699
2000-01-29,0.6837344076245699
2000-01-30,0.6837344076245699
2000-01-31,0.6838597409006414
2000-02-01,0.6843695619546689
2000-02-02,0.6864313909064884
2000-02-03,0.6852305512751775
2000-02-04,0.685535683010219
2000-02-05,0.685535683010219
2000-02-06,0.685535683010219
2000-02-07,0.6858137896070107
2000-02-08,0.6853236270897346
2000-02-09,0.6726108401437643
2000-02-10,0.6731238851578468
2000-02-11,0.6732306312873308
2000-02-12,0.6732306312873308
2000-02-13,0.6732306312873308
2000-02-14,0.6738818336620458
2000-02-15,0.6735454061820563
2000-02-16,0.6739099448353043
2000-02-17,0.6732435495864026
2000-02-18,0.6737264436627182
2000-02-19,0.6737264436627182
2000-02-20,0.6737264436627182
2000-02-21,0.6740542456287562
2000-02-22,0.6553665417525707
2000-02-23,0.655710452906258
2000-02-24,0.6564044746532562
2000-02-25,0.6576342344104551
2000-02-26,0.6576342344104551
2000-02-27,0.6576342344104551
2000-02-28,0.6576971325492637
2000-02-29,0.6587116887363437
2000-03-01,0.6582948138715184
2000-03-02,0.6621608652585149
2000-03-03,0.6626933962368365
2000-03-04,0.6626933962368365
2000-03-05,0.6626933962368365
2000-03-06,0.6622949168052826
2000-03-07,0.6635750126310183
2000-03-08,0.6638512853347017
2000-03-09,0.6625896261516828
2000-03-10,0.6629316617408195
2000-03-11,0.6629316617408195
2000-03-12,0.6629316617408195
2000-03-13,0.66219191484656
2000-03-14,0.663446225794669
2000-03-15,0.6631016965800649
2000-03-16,0.6629001548712038
2000-03-17,0.6647051310207153
2000-03-18,0.6647051310207153
2000-03-19,0.6647051310207153
2000-03-20,0.6637498264429568
2000-03-21,0.6643962820991152
2000-03-22,0.6653888320112338
2000-03-23,0.6635825002981114
2000-03-24,0.6629452139554375
2000-03-25,0.6629452139554375
2000-03-26,0.6629452139554375
2000-03-27,0.6623605716185612
2000-03-28,0.6638656752517978
2000-03-29,0.6653192877674875
2000-03-30,0.6646365704150438
2000-03-31,0.6649267289122764
2000-04-01,0.6649267289122764
2000-04-02,0.6649267289122764
2000-04-03,0.6788559853707168
2000-04-04,0.6791834144805937
2000-04-05,0.6609935042432733
2000-04-06,0.6631326101591293
2000-04-07,0.6919485578722906
2000-04-08,0.6919485578722906
2000-04-09,0.6919485578722906
2000-04-10,0.6924413565499314
2000-04-11,0.6816990059345653
2000-04-12,0.6813539837089609
2000-04-13,0.6828347815200868
2000-04-14,0.682714705611227
2000-04-15,0.682714705611227
2000-04-16,0.682714705611227
2000-04-17,0.6834656155344635
2000-04-18,0.6846477362650157
2000-04-19,0.6846734558078037
2000-04-20,0.6850095680233091
2000-04-21,0.6834960589308869
2000-04-22,0.6834960589308869
2000-04-23,0.6834960589308869
2000-04-24,0.684493405697518
2000-04-25,0.6868175269605065
2000-04-26,0.6862330064639067
2000-04-27,0.6878871144856324
2000-04-28,0.6908240391575854
2000-04-29,0.6908240391575854
2000-04-30,0.6908240391575854
2000-05-01,0.6901772190938098
2000-05-02,0.6927043110331444
2000-05-03,0.6935853962299473
2000-05-04,0.6954383410851761
2000-05-05,0.6957090931577666
2000-05-06,0.6957090931577666
2000-05-07,0.6957090931577666
2000-05-08,0.6951037926032086
2000-05-09,0.6948350345456756
2000-05-10,0.6963061083752929
2000-05-11,0.6977355642387333
2000-05-12,0.6769468059047851
2000-05-13,0.6769468059047851
2000-05-14,0.6769468059047851
2000-05-15,0.6775832520186895
2000-05-16,0.6779479298647957
2000-05-17,0.6794529048577722
2000-05-18,0.6726908871477478
2000-05-19,0.6725384466607242
2000-05-20,0.6725384466607242
2000-05-21,0.6725384466607242
2000-05-22,0.6724062298023727
2000-05-23,0.6723878945771177
2000-05-24,0.673150133302885
2000-05-25,0.6711386515903038
2000-05-26,0.6695004441915134
2000-05-27,0.6695004441915134
2000-05-28,0.6695004441915134
2000-05-29,0.6703226542942509
2000-05-30,0.668610411299403
2000-05-31,0.6681536118901199
2000-06-01,0.6688212904568744
2000-06-02,0.6667297004980482
2000-06-03,0.6667297004980482
2000-06-04,0.6667297004980482
2000-06-05,0.6675214305070409
2000-06-06,0.6667883079403085
2000-06-07,0.6664349737561811
2000-06-08,0.6682110355009501
2000-06-09,0.6676287470139667
2000-06-10,0.6676287470139667
2000-06-11,0.6676287470139667
2000-06-12,0.6671623719756923
2000-06-13,0.6669201135990814
2000-06-14,0.6666236618165764
2000-06-15,0.6669354575814368
2000-06-16,0.6658052443224834
2000-06-17,0.6658052443224834
2000-06-18,0.6658052443224834
2000-06-19,0.6669283328224006
2000-06-20,0.6671210736559965
2000-06-21,0.6695942002489396
2000-06-22,0.6716663072514985
2000-06-23,0.6720311103835963
2000-06-24,0.6720311103835963
2000-06-25,0.6720311103835963
2000-06-26,0.67085047595143
2000-06-27,0.669392616781606
2000-06-28,0.6700181786682663
2000-06-29,0.6689799456096022
2000-06-30,0.6696229536141777
2000-07-01,0.6696229536141777
2000-07-02,0.6696229536141777
2000-07-03,0.6699048252863252
2000-07-04,0.6700004832402267
2000-07-05,0.6719364685682473
2000-07-06,0.6722776783225705
2000-07-07,0.6715346717893301
2000-07-08,0.6714179258372885
2000-07-09,0.6714179258372885
2000-07-10,0.6689016106002199
2000-07-11,0.6502925074499271
2000-07-12,0.6389629106001319
2000-07-13,0.6407574204465055
2000-07-14,0.6719561347656215
2000-07-15,0.6719561347656215
2000-07-16,0.6719561347656215
2000-07-17,0.6731386059110492
2000-07-18,0.6760581262038093
2000-07-19,0.647419413128219
2000-07-20,0.6463410259270628
2000-07-21,0.6450257142771713
2000-07-22,0.6450257142771713
2000-07-23,0.6450257142771713
2000-07-24,0.646489248300818
2000-07-25,0.6465286550095819
2000-07-26,0.6463699392837627
2000-07-27,0.6221018955679959
2000-07-28,0.6226225170657529
2000-07-29,0.6226225170657529
2000-07-30,0.6226225170657529
2000-07-31,0.6152899062234711
2000-08-01,0.6175877578026507
2000-08-02,0.6095805335030255
2000-08-03,0.6100340595055332
2000-08-04,0.609940856808934
2000-08-05,0.609940856808934
2000-08-06,0.609940856808934
2000-08-07,0.6043068951535756
2000-08-08,0.6104392772803207
2000-08-09,0.6105651659754477
2000-08-10,0.5920159326817107
2000-08-11,0.5899373594828039
2000-08-12,0.5899373594828039
2000-08-13,0.5899373594828039
2000-08-14,0.6022760792843923
2000-08-15,0.6094029140473487
2000-08-16,0.632968217525787
2000-08-17,0.6321064951960996
2000-08-18,0.6325726750340328
2000-08-19,0.6325726750340328
2000-08-20,0.6325726750340328
2000-08-21,0.632953898632157
2000-08-22,0.6340742648028657
2000-08-23,0.6352176549392555
2000-08-24,0.6356608900924131
2000-08-25,0.6356202415942332
2000-08-26,0.6356202415942332
2000-08-27,0.6356202415942332
2000-08-28,0.6351192361230553
2000-08-29,0.5865375647529164
2000-08-30,0.5999037998745
2000-08-31,0.6012413207582452
2000-09-01,0.5863787427018923
2000-09-02,0.5863787427018923
2000-09-03,0.5863787427018923
2000-09-04,0.5867127499120638
2000-09-05,0.5750089457701913
2000-09-06,0.5781220444873331
2000-09-07,0.5531723303540116
2000-09-08,0.5720918203189786
2000-09-09,0.5720918203189786
2000-09-10,0.5720918203189786
2000-09-11,0.5324207298148529
2000-09-12,0.5326306243089006
2000-09-13,0.5744054366961416
2000-09-14,0.5330893184594434
2000-09-15,0.574490116450553
2000-09-16,0.574490116450553
2000-09-17,0.574490116450553
2000-09-18,0.5242112552271636
2000-09-19,0.5696899162719279
2000-09-20,0.5705311750624321
2000-09-21,0.5696678122192756
2000-09-22,0.5678261657080435
2000-09-23,0.5678261657080435
2000-09-24,0.5678261657080435
2000-09-25,0.5679389465000867
2000-09-26,0.5435304745532548
2000-09-27,0.4547873901069258
2000-09-28,0.45524457390043704
2000-09-29,0.42910351116730444
2000-09-30,0.42910351116730444
2000-10-01,0.42910351116730444
2000-10-02,0.5685505628571029
2000-10-03,0.46072229208937965
2000-10-04,0.46043818397669806
2000-10-05,0.46166862048146157
2000-10-06,0.5826008990731398
2000-10-07,0.5826008990731398
2000-10-08,0.5826008990731398
2000-10-09,0.5828154308133241
2000-10-10,0.5471508557472807
2000-10-11,0.54773514663749
2000-10-12,0.526815330444906
2000-10-13,0.5274172501142058
2000-10-14,0.5274172501142058
2000-10-15,0.5274172501142058
2000-10-16,0.5501906101660666
2000-10-17,0.5506361193180989
2000-10-18,0.6013853232943452
2000-10-19,0.6002039905767744
2000-10-20,0.5999114952823883
2000-10-21,0.5999114952823883
2000-10-22,0.5999114952823883
2000-10-23,0.6011664004414754
2000-10-24,0.5528869083352517
2000-10-25,0.554549701808403
2000-10-26,0.5538838663646413
2000-10-27,0.5526367617952662
2000-10-28,0.5526367617952662
2000-10-29,0.5526367617952662
2000-10-30,0.5765685643178513
2000-10-31,0.5763652740913938
2000-11-01,0.6008630008166951
2000-11-02,0.6012157800891565
2000-11-03,0.6001152266863379
2000-11-04,0.6001152266863379
2000-11-05,0.6001152266863379
2000-11-06,0.5459569578380212
2000-11-07,0.5464428251943779
2000-11-08,0.5471767641204878
2000-11-09,0.5463678116602786
2000-11-10,0.5469080675257959
2000-11-11,0.5469080675257959
2000-11-12,0.5469080675257959
2000-11-13,0.6023123408577007
2000-11-14,0.5765137820355035
2000-11-15,0.5771464773021703
2000-11-16,0.5539577994758501
2000-11-17,0.5660896247637717
2000-11-18,0.5660896247637717
2000-11-19,0.5660896247637717
2000-11-20,0.566357885600507
2000-11-21,0.5665171875251076
2000-11-22,0.5660938923583377
2000-11-23,0.568140141169894
2000-11-24,0.5676761899388681
2000-11-25,0.5676761899388681
2000-11-26,0.5676761899388681
2000-11-27,0.5658381457796442
2000-11-28,0.5779707123098178
2000-11-29,0.5779927519845209
2000-11-30,0.5768631764734118
2000-12-01,0.5764878446237636
2000-12-02,0.5764878446237636
2000-12-03,0.5764878446237636
2000-12-04,0.574717919869165
2000-12-05,0.5631356814903068
2000-12-06,0.5620136401269661
2000-12-07,0.5621495384730252
2000-12-08,0.5625396487343362
2000-12-09,0.5625396487343362
2000-12-10,0.5625396487343362
2000-12-11,0.5632724269561518
2000-12-12,0.5632359350714106
2000-12-13,0.5636797916005901
2000-12-14,0.6000585381805481
2000-12-15,0.599833581090987
2000-12-16,0.599833581090987
2000-12-17,0.599833581090987
2000-12-18,0.599728089055613
2000-12-19,0.5994550422949965
2000-12-20,0.5984797187691483
2000-12-21,0.5842352319147811
2000-12-22,0.6242543111720095
2000-12-23,0.6242543111720095
2000-12-24,0.6242543111720095
2000-12-25,0.6242965295463668
2000-12-26,0.6234945394665294
2000-12-27,0.6241283322376232
2000-12-28,0.6237621488772696
2000-12-29,0.6236868208027877
2000-12-30,0.6236868208027877
2000-12-31,0.6236868208027877
2001-01-01,0.6236845524383189
2001-01-02,0.6222881705447695
2001-01-03,0.6251714475032881
2001-01-04,0.6231529056888611
2001-01-05,0.6217286185962011
2001-01-06,0.6217286185962011
2001-01-07,0.6217286185962011
2001-01-08,0.5698653932498311
2001-01-09,0.5697528852851853
2001-01-10,0.5587772271425695
2001-01-11,0.5700065470801615
2001-01-12,0.5706258306271993
2001-01-13,0.5706258306271993
2001-01-14,0.5706258306271993
2001-01-15,0.5721467610611995
2001-01-16,0.5972153220547631
2001-01-17,0.5972135203814085
2001-01-18,0.5961836226624446
2001-01-19,0.5973971016660186
2001-01-20,0.5973971016660186
2001-01-21,0.5973971016660186
2001-01-22,0.5970756435008674
2001-01-23,0.5974652622019421
2001-01-24,0.5997943703152162
2001-01-25,0.5984352224329528
2001-01-26,0.5988248741007656
2001-01-27,0.5988248741007656
2001-01-28,0.5988248741007656
2001-01-29,0.5992056908633236
2001-01-30,0.5486379877632129
2001-01-31,0.5481052933275257
2001-02-01,0.548491193286677
2001-02-02,0.5486389843839997
2001-02-03,0.5486389843839997
2001-02-04,0.5486389843839997
2001-02-05,0.5487548735762948
2001-02-06,0.5727866189412725
2001-02-07,0.5734319432704904
2001-02-08,0.5748490782058974
2001-02-09,0.5745537081606477
2001-02-10,0.5745537081606477
2001-02-11,0.5745537081606477
2001-02-12,0.5730629802180764
2001-02-13,0.5752106361377367
2001-02-14,0.5753837994045788
2001-02-15,0.5764713501221718
2001-02-16,0.5755587272702603
2001-02-17,0.5755587272702603
2001-02-18,0.5755587272702603
2001-02-19,0.5747768790026656
2001-02-20,0.5754284720615042
2001-02-21,0.5768773178487822
2001-02-22,0.58035981840611
2001-02-23,0.5780827022162776
2001-02-24,0.5780827022162776
2001-02-25,0.5780827022162776
2001-02-26,0.5799042042529394
2001-02-27,0.5790338810346135
2001-02-28,0.5788173277992191
2001-03-01,0.5785860172153038
2001-03-02,0.5766327989628591
2001-03-03,0.5766327989628591
2001-03-04,0.5766327989628591
2001-03-05,0.5783372840520753
2001-03-06,0.5769919355090165
2001-03-07,0.5533647569596674
2001-03-08,0.5529403208290473
2001-03-09,0.5532279974946026
2001-03-10,0.5532279974946026
2001-03-11,0.5532279974946026
2001-03-12,0.5551188596098667
2001-03-13,0.5563080911573556
2001-03-14,0.5574644597711278
2001-03-15,0.5594533680135505
2001-03-16,0.5603312572154564
2001-03-17,0.5603312572154564
2001-03-18,0.5603312572154564
2001-03-19,0.5607651010394902
2001-03-20,0.5594457219223764
2001-03-21,0.5608014442717437
2001-03-22,0.5623802577903623
2001-03-23,0.5622279264530207
2001-03-24,0.5622279264530207
2001-03-25,0.5622279264530207
2001-03-26,0.5612437193954446
2001-03-27,0.5622574099159791
2001-03-28,0.5630252169584637
2001-03-29,0.5641833767980219
2001-03-30,0.5646681787005158
2001-03-31,0.5646681787005158
2001-04-01,0.5646681787005158
2001-04-02,0.5658135827544796
2001-04-03,0.564756186806579
2001-04-04,0.5647638277788977
2001-04-05,0.564806004525946
2001-04-06,0.5638451335285254
2001-04-07,0.5638451335285254
2001-04-08,0.5638451335285254
2001-04-09,0.5645886156213203
2001-04-10,0.5649693230906465
2001-04-11,0.5649471235206416
2001-04-12,0.5650097207704236
2001-04-13,0.564089863120179
2001-04-14,0.564089863120179
2001-04-15,0.564089863120179
2001-04-16,0.5642494236002223
2001-04-17,0.5656162476882944
2001-04-18,0.5636574784707429
2001-04-19,0.5623783080981956
2001-04-20,0.5630381840633943
2001-04-21,0.5630381840633943
2001-04-22,0.5630381840633943
2001-04-23,0.5659386989884534
2001-04-24,0.5660453086658574
2001-04-25,0.5666651013315304
2001-04-26,0.5663647496969899
2001-04-27,0.5657172229092327
2001-04-28,0.5657172229092327
2001-04-29,0.5657172229092327
2001-04-30,0.5660646012792505
2001-05-01,0.5649811086117817
2001-05-02,0.5655672518967078
2001-05-03,0.5662097494645737
2001-05-04,0.5651466832340735
2001-05-05,0.5651466832340735
2001-05-06,0.5651466832340735
2001-05-07,0.572097837712345
2001-05-08,0.5726486237237998
2001-05-09,0.5787203839918068
2001-05-10,0.578948781878905
2001-05-11,0.5801101522421847
2001-05-12,0.5801101522421847
2001-05-13,0.5801101522421847
2001-05-14,0.5809794147135792
2001-05-15,0.5808402236148335
2001-05-16,0.579924516310177
2001-05-17,0.5793012804287608
2001-05-18,0.5787671215922239
2001-05-19,0.5787671215922239
2001-05-20,0.5787671215922239
2001-05-21,0.5795682445501643
2001-05-22,0.5800900024989403
2001-05-23,0.5819470605808917
2001-05-24,0.5819907175842438
2001-05-25,0.5816278945112016
2001-05-26,0.5816278945112016
2001-05-27,0.5816278945112016
2001-05-28,0.5818362981127415
2001-05-29,0.5827043400607775
2001-05-30,0.5831359384657301
2001-05-31,0.5750730490282617
2001-06-01,0.5747743454409414
2001-06-02,0.5747743454409414
2001-06-03,0.5747743454409414
2001-06-04,0.5751065445240215
2001-06-05,0.574758247629143
2001-06-06,0.5747988099438236
2001-06-07,0.5742830298057878
2001-06-08,0.5604417607515637
2001-06-09,0.5604417607515637
2001-06-10,0.5604417607515637
2001-06-11,0.5611414257021778
2001-06-12,0.5608807139001103
2001-06-13,0.5606144496656199
2001-06-14,0.5596433013391694
2001-06-15,0.5598185024246186
2001-06-16,0.5598185024246186
2001-06-17,0.5505762289970761
2001-06-18,0.5511077820723643
2001-06-19,0.5519342201488591
2001-06-20,0.5527740369541893
2001-06-21,0.5520935804664853
2001-06-22,0.5517573928416577
2001-06-23,0.5517573928416577
2001-06-24,0.5517573928416577
2001-06-25,0.5715040639288148
2001-06-26,0.5709943867833225
2001-06-27,0.570964052685703
2001-06-28,0.573016895420516
2001-06-29,0.5728863152078721
2001-06-30,0.5728863152078721
2001-07-01,0.5728863152078721
2001-07-02,0.5730455731713796
2001-07-03,0.5854628272028921
2001-07-04,0.5859830168081719
2001-07-05,0.5935169430094167
2001-07-06,0.5936838024945998
2001-07-07,0.5936838024945998
2001-07-08,0.5936838024945998
2001-07-09,0.5940375398326673
2001-07-10,0.5940213554936278
2001-07-11,0.5946615504601566
2001-07-12,0.5950040643609172
2001-07-13,0.5885550290462923
2001-07-14,0.5885550290462923
2001-07-15,0.5885550290462923
2001-07-16,0.5894291865475325
2001-07-17,0.5815063477709851
2001-07-18,0.580280678672331
2001-07-19,0.5802971871655683
2001-07-20,0.5799201091578662
2001-07-21,0.5799201091578662
2001-07-22,0.5799201091578662
2001-07-23,0.5792359950123878
2001-07-24,0.5789856075320209
2001-07-25,0.5786806267363572
2001-07-26,0.5722748011559794
2001-07-27,0.5720340778653112
2001-07-28,0.5720340778653112
2001-07-29,0.5720340778653112
2001-07-30,0.5731968434863937
2001-07-31,0.5728537179386793
2001-08-01,0.5726561783678082
2001-08-02,0.5720759749035467
2001-08-03,0.5716122653611105
2001-08-04,0.5716122653611105
2001-08-05,0.5716122653611105
2001-08-06,0.5723924407304761
2001-08-07,0.5726707518896001
2001-08-08,0.560270338171284
2001-08-09,0.5592510674615114
2001-08-10,0.5593562142592226
2001-08-11,0.5593562142592226
2001-08-12,0.5593562142592226
2001-08-13,0.559642884307394
2001-08-14,0.5590385299561069
2001-08-15,0.5584096175230184
2001-08-16,0.5584453712583356
2001-08-17,0.5574782453600082
2001-08-18,0.5574782453600082
2001-08-19,0.5574782453600082
2001-08-20,0.5582068708904546
2001-08-21,0.5695591812946487
2001-08-22,0.5697042412370076
2001-08-23,0.569315012416988
2001-08-24,0.5697283257695002
2001-08-25,0.5697283257695002
2001-08-26,0.5697283257695002
2001-08-27,0.5700426928829824
2001-08-28,0.563848072316155
2001-08-29,0.5803700881340029
2001-08-30,0.5793844038215514
2001-08-31,0.5798062949704571
2001-09-01,0.5798062949704571
2001-09-02,0.5798062949704571
2001-09-03,0.5798033954593256
2001-09-04,0.5823051847486523
2001-09-05,0.5826503604136993
2001-09-06,0.5759131347061419
2001-09-07,0.5753212512508494
2001-09-08,0.5753212512508494
2001-09-09,0.5753212512508494
2001-09-10,0.5768143104392012
2001-09-11,0.5766401609964101
2001-09-12,0.5765937989835452
2001-09-13,0.5842432727919554
2001-09-14,0.5836999869117864
2001-09-15,0.5836999869117864
2001-09-16,0.5836999869117864
2001-09-17,0.5839980798406108
2001-09-18,0.5840941456880927
2001-09-19,0.5668669926453723
2001-09-20,0.5673608769637444
2001-09-21,0.5693678748935858
2001-09-22,0.5693678748935858
2001-09-23,0.5693678748935858
2001-09-24,0.5690767106630353
2001-09-25,0.568777028997921
2001-09-26,0.5580033052556773
2001-09-27,0.5584398068048283
2001-09-28,0.5585356406993256
2001-09-29,0.5495554026715266
2001-09-30,0.5495554026715266
2001-10-01,0.5495468599666091
2001-10-02,0.555508494979601
2001-10-03,0.5558777426929711
2001-10-04,0.5646066474757279
2001-10-05,0.5646126453038677
2001-10-06,0.5646126453038677
2001-10-07,0.5646126453038677
2001-10-08,0.5647361581012789
2001-10-09,0.5597139630141271
2001-10-10,0.5543968832643716
2001-10-11,0.5546228794211505
2001-10-12,0.5482761247188712
2001-10-13,0.5482761247188712
2001-10-14,0.5482761247188712
2001-10-15,0.5482365770802944
2001-10-16,0.5592206923646466
2001-10-17,0.5597696597459434
2001-10-18,0.5600009514317533
2001-10-19,0.5551401205199722
2001-10-20,0.5551401205199722
2001-10-21,0.5551401205199722
2001-10-22,0.555876621962086
2001-10-23,0.5558093602733613
2001-10-24,0.5561482220709739
2001-10-25,0.5563411081171118
2001-10-26,0.5563682589185652
2001-10-27,0.5563682589185652
2001-10-28,0.5563682589185652
2001-10-29,0.5557757938306653
2001-10-30,0.556352140496411
2001-10-31,0.5566604593906104
2001-11-01,0.5564352147798445
2001-11-02,0.5565193338224902
2001-11-03,0.5565193338224902
2001-11-04,0.5565193338224902
2001-11-05,0.5563870576221381
2001-11-06,0.5561534488391091
2001-11-07,0.5557235862124635
2001-11-08,0.5554766066359528
2001-11-09,0.5558627820668813
2001-11-10,0.5558627820668813
2001-11-11,0.5558627820668813
2001-11-12,0.5556282130934451
2001-11-13,0.556492727020197
2001-11-14,0.5563393800035534
2001-11-15,0.5381835335488928
2001-11-16,0.5381562578727686
2001-11-17,0.5381562578727686
2001-11-18,0.5381562578727686
2001-11-19,0.5092983259110289
2001-11-20,0.509353341840013
2001-11-21,0.509663940404871
2001-11-22,0.5099827917198195
2001-11-23,0.5098846961267969
2001-11-24,0.5098846961267969
2001-11-25,0.5098846961267969
2001-11-26,0.509421085958915
2001-11-27,0.5186322769568732
2001-11-28,0.5307269990973635
2001-11-29,0.5315039816164487
2001-11-30,0.5489386812410924
2001-12-01,0.5489386812410924
2001-12-02,0.5489386812410924
2001-12-03,0.5493763962527602
2001-12-04,0.5416744283986421
2001-12-05,0.5419709895981468
2001-12-06,0.541577358973949
2001-12-07,0.542515536514224
2001-12-08,0.542515536514224
2001-12-09,0.542515536514224
2001-12-10,0.5238575399767613
2001-12-11,0.5225669085248049
2001-12-12,0.535387261599058
2001-12-13,0.5463318553013031
2001-12-14,0.5508715479764631
2001-12-15,0.5508715479764631
2001-12-16,0.5508715479764631
2001-12-17,0.5505017686205089
2001-12-18,0.5504430160103504
2001-12-19,0.5508558020744372
2001-12-20,0.5520160620433833
2001-12-21,0.552088884298945
2001-12-22,0.552088884298945
2001-12-23,0.552088884298945
2001-12-24,0.538365881446748
2001-12-25,0.5384009815790609
2001-12-26,0.5485989184616062
2001-12-27,0.5478087912050688
2001-12-28,0.5474802622240782
2001-12-29,0.5474802622240782
2001-12-30,0.5474802622240782
2001-12-31,0.546804852980524
2002-01-01,0.5468041509978044
2002-01-02,0.5463724729430658
2002-01-03,0.5412843064360547
2002-01-04,0.5412347240871267
2002-01-05,0.5412347240871267
2002-01-06,0.5412347240871267
2002-01-07,0.540821991019423
2002-01-08,0.5413837926048368
2002-01-09,0.5419185463872165
2002-01-10,0.5420737809727563
2002-01-11,0.5447161732995756
2002-01-12,0.5447161732995756
2002-01-13,0.5447161732995756
2002-01-14,0.5447808831279436
2002-01-15,0.5456658428377971
2002-01-16,0.5437354146758384
2002-01-17,0.5473548633812498
2002-01-18,0.5465361387560437
2002-01-19,0.5465361387560437
2002-01-20,0.5465361387560437
2002-01-21,0.5462685792507258
2002-01-22,0.5470113662498974
2002-01-23,0.5471316952508819
2002-01-24,0.5471280841952999
2002-01-25,0.5487958390813332
2002-01-26,0.5487958390813332
2002-01-27,0.5487958390813332
2002-01-28,0.5486986250202166
2002-01-29,0.5485393277132985
2002-01-30,0.5493761729765215
2002-01-31,0.5707702122022853
2002-02-01,0.5707644463256916
2002-02-02,0.5707644463256916
2002-02-03,0.5707644463256916
2002-02-04,0.5706721526785988
2002-02-05,0.5707295370139279
2002-02-06,0.5711371124082262
2002-02-07,0.5687072988630835
2002-02-08,0.5690201984038261
2002-02-09,0.5690201984038261
2002-02-10,0.5690201984038261
2002-02-11,0.5680927003526987
2002-02-12,0.5670877714589164
2002-02-13,0.567619574813202
2002-02-14,0.5630087990839802
2002-02-15,0.5627390456220261
2002-02-16,0.5627390456220261
2002-02-17,0.5627390456220261
2002-02-18,0.562872887801493
2002-02-19,0.563539518004082
2002-02-20,0.5645524507885212
2002-02-21,0.5563344580827624
2002-02-22,0.5563059418761853
2002-02-23,0.5563059418761853
2002-02-24,0.5563059418761853
2002-02-25,0.557053433038698
2002-02-26,0.558042899962491
2002-02-27,0.5574155934717316
2002-02-28,0.5527768905485689
2002-03-01,0.5517955714423305
2002-03-02,0.5517955714423305
2002-03-03,0.5517955714423305
2002-03-04,0.5510998122345984
2002-03-05,0.5488362631919214
2002-03-06,0.5485597083724236
2002-03-07,0.548298437461839
2002-03-08,0.5491168791771003
2002-03-09,0.5491168791771003
2002-03-10,0.5491168791771003
2002-03-11,0.5486524098681822
2002-03-12,0.5495359994060385
2002-03-13,0.549556757847761
2002-03-14,0.5491723521076042
2002-03-15,0.5487142849180989
2002-03-16,0.5487142849180989
2002-03-17,0.5487142849180989
2002-03-18,0.5493388400399957
2002-03-19,0.5494751523491982
2002-03-20,0.549219054708621
2002-03-21,0.5499617720790603
2002-03-22,0.5517405177193002
2002-03-23,0.5517405177193002
2002-03-24,0.5517405177193002
2002-03-25,0.5528455130793164
2002-03-26,0.5514081795011797
2002-03-27,0.5525053314643406
2002-03-28,0.552653069884899
2002-03-29,0.5527040672875134
2002-03-30,0.5527040672875134
2002-03-31,0.5527040672875134
2002-04-01,0.5889976359809471
2002-04-02,0.5885777138933127
2002-04-03,0.5883547532350282
2002-04-04,0.5917541931061041
2002-04-05,0.5942061683326298
2002-04-06,0.5942061683326298
2002-04-07,0.5942061683326298
2002-04-08,0.595162507813969
2002-04-09,0.5970418978492266
2002-04-10,0.5963731404906175
2002-04-11,0.5957682859605385
2002-04-12,0.6069811302022328
2002-04-13,0.6069811302022328
2002-04-14,0.6069811302022328
2002-04-15,0.6027607083270577
2002-04-16,0.6022969628177343
2002-04-17,0.6015047593492022
2002-04-18,0.6019107040909047
2002-04-19,0.6016331289182965
2002-04-20,0.6016331289182965
2002-04-21,0.6016331289182965
2002-04-22,0.6022434922087122
2002-04-23,0.602399584888111
2002-04-24,0.6016901750974211
2002-04-25,0.6028576919068922
2002-04-26,0.6019291695806505
2002-04-27,0.6019291695806505
2002-04-28,0.6019291695806505
2002-04-29,0.6010637476575271
2002-04-30,0.6018887597184082
2002-05-01,0.6007457213003174
2002-05-02,0.5640686881922409
2002-05-03,0.563422320200539
2002-05-04,0.563422320200539
2002-05-05,0.563422320200539
2002-05-06,0.563195178615952
2002-05-07,0.5646559183981472
2002-05-08,0.5655891577757913
2002-05-09,0.5645218656983074
2002-05-10,0.563039882842122
2002-05-11,0.563039882842122
2002-05-12,0.563039882842122
2002-05-13,0.5636682903027554
2002-05-14,0.5640460377817832
2002-05-15,0.5609590713323939
2002-05-16,0.5609538376607927
2002-05-17,0.5597989811119243
2002-05-18,0.5597989811119243
2002-05-19,0.5597989811119243
2002-05-20,0.5594569483133285
2002-05-21,0.5589316626174853
2002-05-22,0.5587179635003006
2002-05-23,0.5592521045803719
2002-05-24,0.5591235464722545
2002-05-25,0.5591235464722545
2002-05-26,0.5591235464722545
2002-05-27,0.5586816192116769
2002-05-28,0.5590369495032491
2002-05-29,0.5587552743975889
2002-05-30,0.5583445449548271
2002-05-31,0.5574418820435748
2002-06-01,0.5574418820435748
2002-06-02,0.5574418820435748
2002-06-03,0.5566932406256876
2002-06-04,0.5563587955487586
2002-06-05,0.5572205178862861
2002-06-06,0.5566953127048117
2002-06-07,0.5571515025123865
2002-06-08,0.5571515025123865
2002-06-09,0.5571515025123865
2002-06-10,0.5568454482611948
2002-06-11,0.5569259902533775
2002-06-12,0.5582368932161735
2002-06-13,0.5582328949782658
2002-06-14,0.5586892215210694
2002-06-15,0.5586892215210694
2002-06-16,0.5586892215210694
2002-06-17,0.5528404505456983
2002-06-18,0.5518799286155671
2002-06-19,0.5512498852206684
2002-06-20,0.5515488768166693
2002-06-21,0.5512219962242122
2002-06-22,0.5512219962242122
2002-06-23,0.5512219962242122
2002-06-24,0.5513499245874025
2002-06-25,0.5511022059885117
2002-06-26,0.5512872332712475
2002-06-27,0.5506192272556729
2002-06-28,0.5501232961255517
2002-06-29,0.5501232961255517
2002-06-30,0.5501232961255517
2002-07-01,0.5500486335104152
2002-07-02,0.5498354659013511
2002-07-03,0.5505429665220202
2002-07-04,0.5508036011685089
2002-07-05,0.551717866991208
2002-07-06,0.551717866991208
2002-07-07,0.551717866991208
2002-07-08,0.5505731316602616
2002-07-09,0.5501436903771694
2002-07-10,0.5507575883236413
2002-07-11,0.5515607530362711
2002-07-12,0.5515669407932628
2002-07-13,0.5515669407932628
2002-07-14,0.5515669407932628
2002-07-15,0.5506914103509507
2002-07-16,0.5498300887581764
2002-07-17,0.5503263771901322
2002-07-18,0.5128183069911756
2002-07-19,0.521758986668679
2002-07-20,0.521758986668679
2002-07-21,0.521758986668679
2002-07-22,0.5229183736064412
2002-07-23,0.5259648003139209
2002-07-24,0.5253246683246842
2002-07-25,0.5325936372571466
2002-07-26,0.5346579937880611
2002-07-27,0.5346579937880611
2002-07-28,0.5346579937880611
2002-07-29,0.5347781987710428
2002-07-30,0.5345826352896855
2002-07-31,0.5256948136346097
2002-08-01,0.5242669902325996
2002-08-02,0.523903752132648
2002-08-03,0.523903752132648
2002-08-04,0.523903752132648
2002-08-05,0.5254865008959335
2002-08-06,0.5335571760483175
2002-08-07,0.5325055093108657
2002-08-08,0.5325280619806702
2002-08-09,0.5329975662998779
2002-08-10,0.5329975662998779
2002-08-11,0.5329975662998779
2002-08-12,0.5327569826268758
2002-08-13,0.5326240817363583
2002-08-14,0.53283250602333
2002-08-15,0.5330150770920324
2002-08-16,0.5320331026880483
2002-08-17,0.5320331026880483
2002-08-18,0.5320331026880483
2002-08-19,0.5327832800352568
2002-08-20,0.5324943048353462
2002-08-21,0.5325166630915235
2002-08-22,0.5338988410333274
2002-08-23,0.5637933259461161
2002-08-24,0.5637933259461161
2002-08-25,0.5637933259461161
2002-08-26,0.5470950316583612
2002-08-27,0.546416328434644
2002-08-28,0.5470437616995306
2002-08-29,0.5466514520521106
2002-08-30,0.5467099168215486
2002-08-31,0.5467099168215486
2002-09-01,0.5467099168215486
2002-09-02,0.5463323856168094
2002-09-03,0.5461600414184953
2002-09-04,0.5463873002796846
2002-09-05,0.546367521302933
2002-09-06,0.5472124825603558
2002-09-07,0.5472124825603558
2002-09-08,0.5472124825603558
2002-09-09,0.5474271924204122
2002-09-10,0.5485564777349082
2002-09-11,0.548052472881951
2002-09-12,0.5476200148198199
2002-09-13,0.5484032404210174
2002-09-14,0.5484032404210174
2002-09-15,0.5484032404210174
2002-09-16,0.549363205021926
2002-09-17,0.5493798970266274
2002-09-18,0.5489792974912749
2002-09-19,0.5492353515660535
2002-09-20,0.5502179889611246
2002-09-21,0.5502179889611246
2002-09-22,0.5502179889611246
2002-09-23,0.5510780849059003
2002-09-24,0.5505920707184079
2002-09-25,0.5411406067981668
2002-09-26,0.541676673794119
2002-09-27,0.5416622252150697
2002-09-28,0.5416622252150697
2002-09-29,0.5416622252150697
2002-09-30,0.540905325979866
2002-10-01,0.5409137780868156
2002-10-02,0.5320716187025758
2002-10-03,0.5318267599548321
2002-10-04,0.5322146195660242
2002-10-05,0.5322146195660242
2002-10-06,0.5322146195660242
2002-10-07,0.5325379419217084
2002-10-08,0.5330249171765412
2002-10-09,0.5327177089296246
2002-10-10,0.5331616651990522
2002-10-11,0.5326694740655795
2002-10-12,0.5326694740655795
2002-10-13,0.5326694740655795
2002-10-14,0.5327965325574725
2002-10-15,0.507309225039105
2002-10-16,0.4913053034193121
2002-10-17,0.49184659018983146
2002-10-18,0.49182486242120826
2002-10-19,0.49182486242120826
2002-10-20,0.49182486242120826
2002-10-21,0.49135361035681885
2002-10-22,0.49116313505980225
2002-10-23,0.49157874143613817
2002-10-24,0.49122527091910473
2002-10-25,0.483417575530648
2002-10-26,0.483417575530648
2002-10-27,0.483417575530648
2002-10-28,0.44191588396220327
2002-10-29,0.46847777746500197
2002-10-30,0.46839047311593346
2002-10-31,0.48207700234120326
2002-11-01,0.4814659968475707
2002-11-02,0.4814659968475707
2002-11-03,0.4814659968475707
2002-11-04,0.48885061525321893
2002-11-05,0.46873036216674535
2002-11-06,0.456176299677377
2002-11-07,0.4555822427981863
2002-11-08,0.4210618278912719
2002-11-09,0.4210618278912719
2002-11-10,0.4210618278912719
2002-11-11,0.42116639796183575
2002-11-12,0.42129583448770996
2002-11-13,0.44576590697032215
2002-11-14,0.45233618298622014
2002-11-15,0.45182518180590664
2002-11-16,0.45182518180590664
2002-11-17,0.45182518180590664
2002-11-18,0.4515047272663222
2002-11-19,0.4329677959538112
2002-11-20,0.4268061158319005
2002-11-21,0.42679368578565346
2002-11-22,0.42717792186403364
2002-11-23,0.42717792186403364
2002-11-24,0.42717792186403364
2002-11-25,0.42730281553265786
2002-11-26,0.4274291983041096
2002-11-27,0.4280275865822251
2002-11-28,0.4277978737564647
2002-11-29,0.4279529989697198
2002-11-30,0.4279529989697198
2002-12-01,0.43141636758345975
2002-12-02,0.4310545011950882
2002-12-03,0.4261872960206385
2002-12-04,0.42613673852775025
2002-12-05,0.42680486691788666
2002-12-06,0.4263609312690943
2002-12-07,0.4263609312690943
2002-12-08,0.4263609312690943
2002-12-09,0.42612010450970045
2002-12-10,0.42581512929735377
2002-12-11,0.42515331190674177
2002-12-12,0.4266991807831152
2002-12-13,0.42608656718897225
2002-12-14,0.42608656718897225
2002-12-15,0.42608656718897225
2002-12-16,0.42589026300327926
2002-12-17,0.4292864728935806
2002-12-18,0.4291289668895001
2002-12-19,0.4290517039611747
2002-12-20,0.4292856820967407
2002-12-21,0.4292856820967407
2002-12-22,0.4292856820967407
2002-12-23,0.429110990361932
2002-12-24,0.4289270251772717
2002-12-25,0.4286892335026664
2002-12-26,0.42866127343180804
2002-12-27,0.4284773576985148
2002-12-28,0.4284773576985148
2002-12-29,0.4284773576985148
2002-12-30,0.428156152813209
2002-12-31,0.42800788424768366
2003-01-01,0.4246456510918165
2003-01-02,0.4526026814232524
2003-01-03,0.4512718541912155
2003-01-04,0.4512718541912155
2003-01-05,0.4512718541912155
2003-01-06,0.44462647337277217
2003-01-07,0.4516344590966397
2003-01-08,0.45117636713421505
2003-01-09,0.4453003809217505
2003-01-10,0.4446292705786396
2003-01-11,0.4446292705786396
2003-01-12,0.4446292705786396
2003-01-13,0.444625776248769
2003-01-14,0.43246333807647996
2003-01-15,0.4217203385370999
2003-01-16,0.4163916304594944
2003-01-17,0.415969152710296
2003-01-18,0.415969152710296
2003-01-19,0.415969152710296
2003-01-20,0.41608788066841895
2003-01-21,0.4163171080037938
2003-01-22,0.41927500070674123
2003-01-23,0.418858319965093
2003-01-24,0.418806308464161
2003-01-25,0.418806308464161
2003-01-26,0.418806308464161
2003-01-27,0.4190185815043657
2003-01-28,0.41510748028396444
2003-01-29,0.41128581960920824
2003-01-30,0.4062244335457789
2003-01-31,0.4065955503080828
2003-02-01,0.4139242764159587
2003-02-02,0.3881882904943381
2003-02-03,0.3788549573331629
2003-02-04,0.3736830609159938
2003-02-05,0.36989926173441623
2003-02-06,0.36987093006283717
2003-02-07,0.35974400059788225
2003-02-08,0.35974400059788225
2003-02-09,0.35974400059788225
2003-02-10,0.35792351907486697
2003-02-11,0.33457334255852805
2003-02-12,0.3242402200886872
2003-02-13,0.31109164807585993
2003-02-14,0.3175112179333952
2003-02-15,0.3175112179333952
2003-02-16,0.3175112179333952
2003-02-17,0.32446037748242623
2003-02-18,0.3347279182091011
2003-02-19,0.34949528330476254
2003-02-20,0.3609636810982614
2003-02-21,0.3655619778779433
2003-02-22,0.3655619778779433
2003-02-23,0.3655619778779433
2003-02-24,0.3782514564186835
2003-02-25,0.37845695454456846
2003-02-26,0.3784887569175462
2003-02-27,0.3785208598205028
2003-02-28,0.3784597883072048
2003-03-01,0.3784597883072048
2003-03-02,0.3784597883072048
2003-03-03,0.37815330499528627
2003-03-04,0.3896064680425151
2003-03-05,0.3894832126138911
2003-03-06,0.38923492187399594
2003-03-07,0.3589105375052257
2003-03-08,0.3589105375052257
2003-03-09,0.3589105375052257
2003-03-10,0.35507044335103477
2003-03-11,0.36715573314156086
2003-03-12,0.3677888960997369
2003-03-13,0.3836898002567504
2003-03-14,0.39552897961404143
2003-03-15,0.39552897961404143
2003-03-16,0.39552897961404143
2003-03-17,0.3920277262387441
2003-03-18,0.39182959311427057
2003-03-19,0.392881944692318
2003-03-20,0.39731913619408044
2003-03-21,0.3980473319813673
2003-03-22,0.3980473319813673
2003-03-23,0.3980473319813673
2003-03-24,0.3922788374857722
2003-03-25,0.39173034462971434
2003-03-26,0.3966406540419552
2003-03-27,0.3962483073801862
2003-03-28,0.39596664291766687
2003-03-29,0.39596664291766687
2003-03-30,0.39596664291766687
2003-03-31,0.40031717874641787
2003-04-01,0.40013771058509573
2003-04-02,0.40067034273358526
2003-04-03,0.40060268262412857
2003-04-04,0.40088022269420864
2003-04-05,0.40088022269420864
2003-04-06,0.40088022269420864
2003-04-07,0.40093786309638346
2003-04-08,0.4008620105914989
2003-04-09,0.40047004264462344
2003-04-10,0.40039601723109136
2003-04-11,0.3956223948867013
2003-04-12,0.3956223948867013
2003-04-13,0.3956223948867013
2003-04-14,0.3955512033182966
2003-04-15,0.3948115049693076
2003-04-16,0.39402693835422914
2003-04-17,0.39429702209811907
2003-04-18,0.39429408347601824
2003-04-19,0.39429408347601824
2003-04-20,0.39429408347601824
2003-04-21,0.44063492981889096
2003-04-22,0.4393422478462461
2003-04-23,0.43892544283032997
2003-04-24,0.43839219793059647
2003-04-25,0.4384057125514831
2003-04-26,0.4384057125514831
2003-04-27,0.4384057125514831
2003-04-28,0.43819540668695156
2003-04-29,0.43737087163020144
2003-04-30,0.4371206272545762
2003-05-01,0.4358423232213692
2003-05-02,0.4360183464860897
2003-05-03,0.4360183464860897
2003-05-04,0.4360183464860897
2003-05-05,0.4357148942311243
2003-05-06,0.43464130141202895
2003-05-07,0.4348879054242769
2003-05-08,0.43392781237415423
2003-05-09,0.4447037304508678
2003-05-10,0.4447037304508678
2003-05-11,0.4447037304508678
2003-05-12,0.4465552449010241
2003-05-13,0.4500577742181319
2003-05-14,0.4506795902253719
2003-05-15,0.4549713030582711
2003-05-16,0.4538424193423052
2003-05-17,0.4538424193423052
2003-05-18,0.4538424193423052
2003-05-19,0.4533608924977062
2003-05-20,0.45227423555154206
2003-05-21,0.4643209055682976
2003-05-22,0.41532069332353283
2003-05-23,0.4141171295141613
2003-05-24,0.4141171295141613
2003-05-25,0.4141171295141613
2003-05-26,0.41411229083350387
2003-05-27,0.3912626044662925
2003-05-28,0.42162357629609987
2003-05-29,0.41945258388973633
2003-05-30,0.4202165393183976
2003-05-31,0.4202165393183976
2003-06-01,0.4201022300064335
2003-06-02,0.4201408412237411
2003-06-03,0.40960545480488963
2003-06-04,0.41053707420836955
2003-06-05,0.39745832678086784
2003-06-06,0.3979451401017819
2003-06-07,0.3979451401017819
2003-06-08,0.3979451401017819
2003-06-09,0.3990627371192295
2003-06-10,0.4108080410989781
2003-06-11,0.41021379015637033
2003-06-12,0.4107455522727633
2003-06-13,0.41020705995838885
2003-06-14,0.41020705995838885
2003-06-15,0.41020705995838885
2003-06-16,0.4097248433835583
2003-06-17,0.40916186394724335
2003-06-18,0.41022945047197984
2003-06-19,0.4102102013331992
2003-06-20,0.4103769944573131
2003-06-21,0.4103769944573131
2003-06-22,0.4103769944573131
2003-06-23,0.41076475432365495
2003-06-24,0.4113857511895995
2003-06-25,0.41173462081679013
2003-06-26,0.40369902265058505
2003-06-27,0.40229993215533155
2003-06-28,0.40229993215533155
2003-06-29,0.40229993215533155
2003-06-30,0.4018927117827938
2003-07-01,0.40067450102193847
2003-07-02,0.40068645040209117
2003-07-03,0.4008522515559245
2003-07-04,0.4010622358196165
2003-07-05,0.4010622358196165
2003-07-06,0.4010622358196165
2003-07-07,0.38684875612805925
2003-07-08,0.3864064771816341
2003-07-09,0.3864696391608886
2003-07-10,0.38632180635456487
2003-07-11,0.38064829369615066
2003-07-12,0.38064829369615066
2003-07-13,0.38064829369615066
2003-07-14,0.3830778117944507
2003-07-15,0.3691378745359914
2003-07-16,0.3691896233100651
2003-07-17,0.3694645313405458
2003-07-18,0.36954418676766454
2003-07-19,0.36954418676766454
2003-07-20,0.396242005984289
2003-07-21,0.396169071698939
2003-07-22,0.3953215856001206
2003-07-23,0.393138697939847
2003-07-24,0.39497826288958016
2003-07-25,0.39468508446018247
2003-07-26,0.39468508446018247
2003-07-27,0.39468508446018247
2003-07-28,0.39495039425917877
2003-07-29,0.3968963905506814
2003-07-30,0.40122761390190664
2003-07-31,0.4024592013675274
2003-08-01,0.4028553183136155
2003-08-02,0.4028553183136155
2003-08-03,0.4028553183136155
2003-08-04,0.4025915063757983
2003-08-05,0.4023205852882744
2003-08-06,0.40315839770268247
2003-08-07,0.4254947106577361
2003-08-08,0.42568170600812655
2003-08-09,0.42568170600812655
2003-08-10,0.42568170600812655
2003-08-11,0.4253226509729345
2003-08-12,0.42499721257106193
2003-08-13,0.42000547777917063
2003-08-14,0.42027880647858656
2003-08-15,0.42011185402492224
2003-08-16,0.42011185402492224
2003-08-17,0.42011185402492224
2003-08-18,0.4206313037009333
2003-08-19,0.41970767487426713
2003-08-20,0.41965062293360217
2003-08-21,0.4211225809902214
2003-08-22,0.42157203790506675
2003-08-23,0.42157203790506675
2003-08-24,0.42157203790506675
2003-08-25,0.422271931993084
2003-08-26,0.4223697394320192
2003-08-27,0.42218399393030837
2003-08-28,0.4220315357459768
2003-08-29,0.42103869665245774
2003-08-30,0.42103869665245774
2003-08-31,0.42103869665245774
2003-09-01,0.4209721170477184
2003-09-02,0.42811243507624386
2003-09-03,0.427162756336868
2003-09-04,0.42659125037368273
2003-09-05,0.4285517559943841
2003-09-06,0.4285517559943841
2003-09-07,0.4285517559943841
2003-09-08,0.4287558093978369
2003-09-09,0.4249515633095567
2003-09-10,0.42487831187638864
2003-09-11,0.424879191548675
2003-09-12,0.42434173547310605
2003-09-13,0.42434173547310605
2003-09-14,0.42434173547310605
2003-09-15,0.42208621688517844
2003-09-16,0.4227984699962592
2003-09-17,0.41884133533733126
2003-09-18,0.4188572287288949
2003-09-19,0.4177303293976621
2003-09-20,0.4177303293976621
2003-09-21,0.4177303293976621
2003-09-22,0.41109185115357316
2003-09-23,0.41141400126079475
2003-09-24,0.41082768908838374
2003-09-25,0.4094504408022776
2003-09-26,0.40969448168163436
2003-09-27,0.40969448168163436
2003-09-28,0.40969448168163436
2003-09-29,0.41053342416055927
2003-09-30,0.41259014239661523
2003-10-01,0.4144115511926254
2003-10-02,0.41454486892216613
2003-10-03,0.4179830110511783
2003-10-04,0.4179830110511783
2003-10-05,0.4179830110511783
2003-10-06,0.41727919606157493
2003-10-07,0.4074232928729805
2003-10-08,0.40709814856310506
2003-10-09,0.40738672933760495
2003-10-10,0.40685995319643875
2003-10-11,0.40685995319643875
2003-10-12,0.40685995319643875
2003-10-13,0.4076439696468183
2003-10-14,0.40776789219882625
2003-10-15,0.4077138304721994
2003-10-16,0.4080037753893661
2003-10-17,0.4076996752414537
2003-10-18,0.4076996752414537
2003-10-19,0.4076996752414537
2003-10-20,0.4030007514056235
2003-10-21,0.4001198615787616
2003-10-22,0.39438344242484824
2003-10-23,0.39429381751529774
2003-10-24,0.39305210153130626
2003-10-25,0.39305210153130626
2003-10-26,0.39305210153130626
2003-10-27,0.39323168802144925
2003-10-28,0.3938265348611194
2003-10-29,0.39616652256975066
2003-10-30,0.3967615276699269
2003-10-31,0.39720431802937334
2003-11-01,0.39720431802937334
2003-11-02,0.39720431802937334
2003-11-03,0.39805226308496666
2003-11-04,0.39749722529491066
2003-11-05,0.3937233584634433
2003-11-06,0.3919507238878901
2003-11-07,0.3879376746754355
2003-11-08,0.3879376746754355
2003-11-09,0.3879376746754355
2003-11-10,0.38788951752109946
2003-11-11,0.39326835774491875
2003-11-12,0.39360099271969795
2003-11-13,0.3931974115243199
2003-11-14,0.3929570329688226
2003-11-15,0.3929570329688226
2003-11-16,0.3929570329688226
2003-11-17,0.393838330636702
2003-11-18,0.39230527327097503
2003-11-19,0.3926010239255404
2003-11-20,0.39248306454670756
2003-11-21,0.3925088363348541
2003-11-22,0.3925088363348541
2003-11-23,0.3925088363348541
2003-11-24,0.39965929900636094
2003-11-25,0.3972252987762955
2003-11-26,0.3972169209904517
2003-11-27,0.39753780599610666
2003-11-28,0.38902591465729075
2003-11-29,0.38902591465729075
2003-11-30,0.38902591465729075
2003-12-01,0.5995367061989674
2003-12-02,0.6057154667370446
2003-12-03,0.6001126160124078
2003-12-04,0.6002103212668113
2003-12-05,0.5995084245381608
2003-12-06,0.5995084245381608
2003-12-07,0.5995084245381608
2003-12-08,0.5950826853923497
2003-12-09,0.5911686427566444
2003-12-10,0.5912453637089715
2003-12-11,0.5913465271897502
2003-12-12,0.5901360254115927
2003-12-13,0.5901360254115927
2003-12-14,0.5901360254115927
2003-12-15,0.5902303773088466
2003-12-16,0.5901082400808507
2003-12-17,0.5940084247317791
2003-12-18,0.5937102248758692
2003-12-19,0.5937186398722977
2003-12-20,0.5937186398722977
2003-12-21,0.6000025723787721
2003-12-22,0.6080101300968547
2003-12-23,0.6078385607749617
2003-12-24,0.6123200648116692
2003-12-25,0.6123264015983102
2003-12-26,0.6124631761264349
2003-12-27,0.6124631761264349
2003-12-28,0.6124631761264349
2003-12-29,0.6140695042182838
2003-12-30,0.6135275835246337
2003-12-31,0.6119476197889195
2004-01-01,0.6122054721441627
2004-01-02,0.6125392715581256
2004-01-03,0.6125392715581256
2004-01-04,0.6125392715581256
2004-01-05,0.5902664957534599
2004-01-06,0.5891587647644593
2004-01-07,0.5802229413705816
2004-01-08,0.5796185850990664
2004-01-09,0.5791275869194816
2004-01-10,0.5791275869194816
2004-01-11,0.5791275869194816
2004-01-12,0.5802918304718501
2004-01-13,0.5706956259003044
2004-01-14,0.5690012543844012
2004-01-15,0.5732483019464678
2004-01-16,0.5750954039734482
2004-01-17,0.5750954039734482
2004-01-18,0.5750954039734482
2004-01-19,0.5784111651906723
2004-01-20,0.5776908207010183
2004-01-21,0.6209307131091173
2004-01-22,0.6209928624490232
2004-01-23,0.6219838495503781
2004-01-24,0.6219838495503781
2004-01-25,0.6219838495503781
2004-01-26,0.6161846105168459
2004-01-27,0.6158179352231115
2004-01-28,0.615832161458986
2004-01-29,0.617107498858625
2004-01-30,0.6167628101928294
2004-01-31,0.6167628101928294
2004-02-01,0.6167628101928294
2004-02-02,0.620824484851454
2004-02-03,0.622237707974816
2004-02-04,0.6231480066684552
2004-02-05,0.6195395221799657
2004-02-06,0.6187216414342505
2004-02-07,0.6187216414342505
2004-02-08,0.6187216414342505
2004-02-09,0.6181711023417028
2004-02-10,0.6165655215108256
2004-02-11,0.6152827386795187
2004-02-12,0.614993417335393
2004-02-13,0.6145868322853915
2004-02-14,0.6145868322853915
2004-02-15,0.6145868322853915
2004-02-16,0.6145304518247071
2004-02-17,0.6132840860622033
2004-02-18,0.6150332215915634
2004-02-19,0.6155365226714339
2004-02-20,0.6164198575499279
2004-02-21,0.6164198575499279
2004-02-22,0.6164198575499279
2004-02-23,0.618771682149959
2004-02-24,0.616642592548999
2004-02-25,0.6182274057948132
2004-02-26,0.6191476968398836
2004-02-27,0.6187106908143744
2004-02-28,0.6187106908143744
2004-02-29,0.6187106908143744
2004-03-01,0.6186462459471577
2004-03-02,0.6207838417176967
2004-03-03,0.622982472705462
2004-03-04,0.622701262459665
2004-03-05,0.6313380035115381
2004-03-06,0.6313380035115381
2004-03-07,0.6313380035115381
2004-03-08,0.631000601558109
2004-03-09,0.6436468025139016
2004-03-10,0.6322651726766354
2004-03-11,0.6284677034904488
2004-03-12,0.6300349135092502
2004-03-13,0.6300349135092502
2004-03-14,0.6300349135092502
2004-03-15,0.6289986101419947
2004-03-16,0.6438731342357116
2004-03-17,0.6440209604200635
2004-03-18,0.6501437043749514
2004-03-19,0.6586929497411181
2004-03-20,0.6586929497411181
2004-03-21,0.6661363838842539
2004-03-22,0.6223539170699158
2004-03-23,0.6554500614418485
2004-03-24,0.723987902840309
2004-03-25,1.0227223330247617
2004-03-26,0.8468634536827266
2004-03-27,0.8468634536827266
2004-03-28,0.8468634536827266
2004-03-29,0.8468297000131916
2004-03-30,0.8453558979231584
2004-03-31,0.8443651299361761
2004-04-01,0.6626165124592456
2004-04-02,0.6825638132558549
2004-04-03,0.6825638132558549
2004-04-04,0.6825725430781694
2004-04-05,0.6847468078256452
2004-04-06,0.7445960803368614
2004-04-07,0.743345025376826
2004-04-08,0.7441318304997301
2004-04-09,0.7442675429420523
2004-04-10,0.7442675429420523
2004-04-11,0.7442675429420523
2004-04-12,0.7443148801715535
2004-04-13,0.6848626592279979
2004-04-14,0.6866102888881519
2004-04-15,0.7055982720385289
2004-04-16,0.7047959779555797
2004-04-17,0.7047959779555797
2004-04-18,0.7048011749599441
2004-04-19,0.7048573855277658
2004-04-20,0.6875958580415934
2004-04-21,0.689025256468171
2004-04-22,0.6887331839924957
2004-04-23,0.7079100394125619
2004-04-24,0.707910129555816
2004-04-25,0.707910129555816
2004-04-26,0.7080811118955684
2004-04-27,0.7080047125912309
2004-04-28,0.709502900408106
2004-04-29,0.7199791817758848
2004-04-30,0.7191424024232003
2004-05-01,0.7191426667522149
2004-05-02,0.7191425803744761
2004-05-03,0.7198406879541702
2004-05-04,0.7178129103468522
2004-05-05,0.7066096033877789
2004-05-06,0.665989073731416
2004-05-07,0.7210046461016928
2004-05-08,0.7209865082356433
2004-05-09,0.7209904504119544
2004-05-10,0.7253003240864839
2004-05-11,0.7240780563495738
2004-05-12,0.7292837702228281
2004-05-13,0.7328532377383341
2004-05-14,0.7319973457111238
2004-05-15,0.7319972577893821
2004-05-16,0.7320211468336539
2004-05-17,0.7338215468847809
2004-05-18,0.7345128533249167
2004-05-19,0.7329436262306513
2004-05-20,0.7338565896725666
2004-05-21,0.732628685132652
2004-05-22,0.7326288664211005
2004-05-23,0.732610214279291
2004-05-24,0.7331096235575518
2004-05-25,0.7267212877701508
2004-05-26,0.7310783909533837
2004-05-27,0.7293361416268505
2004-05-28,0.7342887328736746
2004-05-29,0.7342884629775471
2004-05-30,0.7342885885272776
2004-05-31,0.7349716695557175
2004-06-01,0.7400172925855633
2004-06-02,0.7440034051469966
2004-06-03,0.7495748538688803
2004-06-04,0.723972107261136
2004-06-05,0.7239721926730505
2004-06-06,0.7239597764198641
2004-06-07,0.722481505108358
2004-06-08,0.7123898464709767
2004-06-09,0.7154232509552318
2004-06-10,0.7153295060132285
2004-06-11,0.7161135580771654
2004-06-12,0.7160587374490481
2004-06-13,0.7160591561355599
2004-06-14,0.7145280741984659
2004-06-15,0.7131354986505272
2004-06-16,0.7138761198444742
2004-06-17,0.7190028249485165
2004-06-18,0.7234368594219838
2004-06-19,0.7234368594219838
2004-06-20,0.7234369440265934
2004-06-21,0.7231122965867138
2004-06-22,0.7287262421991958
2004-06-23,0.7279875326552272
2004-06-24,0.7270326531239318
2004-06-25,0.7300058146931324
2004-06-26,0.7300059905788766
2004-06-27,0.7300059905788766
2004-06-28,0.7292509535685715
2004-06-29,0.7304825728593248
2004-06-30,0.7295998567595945
2004-07-01,0.7292040045327434
2004-07-02,0.7238865867995873
2004-07-03,0.7238869305708243
2004-07-04,0.7238715804570455
2004-07-05,0.8073490792721844
2004-07-06,0.7668155694158293
2004-07-07,0.7650964565936208
2004-07-08,0.7644210964908176
2004-07-09,0.7638836696254201
2004-07-10,0.7638764956276891
2004-07-11,0.763849953394435
2004-07-12,0.7635329726372047
2004-07-13,0.7640112397176873
2004-07-14,0.7639581422964615
2004-07-15,0.7646016999411475
2004-07-16,0.763940650092006
2004-07-17,0.7639409414326358
2004-07-18,0.7639578765535495
2004-07-19,0.7633303289263585
2004-07-20,0.7647447784194893
2004-07-21,0.766697135468481
2004-07-22,0.7649006054994557
2004-07-23,0.7661906530950489
2004-07-24,0.7661909452937544
2004-07-25,0.7661707204249042
2004-07-26,0.7688782677722924
2004-07-27,0.7688178178959506
2004-07-28,0.7679418400739197
2004-07-29,0.7694464290445555
2004-07-30,0.7746105530811236
2004-07-31,0.7746105530811236
2004-08-01,0.7746141443465482
2004-08-02,0.7742919367276984
2004-08-03,0.7746475312543288
2004-08-04,0.774767816556897
2004-08-05,0.7741320842150207
2004-08-06,0.7706349488960127
2004-08-07,0.7706350507057703
2004-08-08,0.7706380567131618
2004-08-09,0.7592132834513212
2004-08-10,0.7584371986519537
2004-08-11,0.7443034124585732
2004-08-12,0.6670592255443497
2004-08-13,0.6658208404453099
2004-08-14,0.6658210008753118
2004-08-15,0.6658207664945551
2004-08-16,0.6622237349544882
2004-08-17,0.6623503817204027
2004-08-18,0.6620141745353336
2004-08-19,0.6908203724072556
2004-08-20,0.6899835954132668
2004-08-21,0.6899836761055758
2004-08-22,0.6899763751896508
2004-08-23,0.7094950266634303
2004-08-24,0.7232224676118764
2004-08-25,0.7193384132947158
2004-08-26,0.7600881875944938
2004-08-27,0.760767379943606
2004-08-28,0.760767294709247
2004-08-29,0.7607622201511078
2004-08-30,0.7615677458007508
2004-08-31,0.7383434244389228
2004-09-01,0.7541959645252987
2004-09-02,0.7537902658066316
2004-09-03,0.7542734167759214
2004-09-04,0.7542734167759214
2004-09-05,0.7542759736307697
2004-09-06,0.7552364978715337
2004-09-07,0.7548790179232642
2004-09-08,0.7544080191706752
2004-09-09,0.7376635159321578
2004-09-10,0.737050546328487
2004-09-11,0.737050293620397
2004-09-12,0.8229936568959137
2004-09-13,0.8157479057832001
2004-09-14,0.815035164189037
2004-09-15,0.8162142785076009
2004-09-16,0.8214513784936
2004-09-17,0.8223442400402668
2004-09-18,0.8223445396146117
2004-09-19,0.8223547603103909
2004-09-20,0.7267156578238988
2004-09-21,0.7255671331130892
2004-09-22,0.7460410618461616
2004-09-23,0.7402104653893317
2004-09-24,0.7394331624358026
2004-09-25,0.7394331624358026
2004-09-26,0.7394307867297852
2004-09-27,0.740120158199063
2004-09-28,0.7390822911210781
2004-09-29,0.7393902876597775
2004-09-30,0.7375572929918802
2004-10-01,0.7376726683343308
2004-10-02,0.7376747371845513
2004-10-03,0.7376698443542782
2004-10-04,0.7395974506050169
2004-10-05,0.7389352416172323
2004-10-06,0.7393618299610589
2004-10-07,0.7398090344147604
2004-10-08,0.7432428909206539
2004-10-09,0.743242640282976
2004-10-10,0.7432494304380365
2004-10-11,0.7430771802749118
2004-10-12,0.7435703145881188
2004-10-13,0.7439372095950861
2004-10-14,0.7439312578814211
2004-10-15,0.7429585343624594
2004-10-16,0.7429587849043289
2004-10-17,0.7429483472157177
2004-10-18,0.7424139135399054
2004-10-19,0.741636168870843
2004-10-20,0.7412590646916419
2004-10-21,0.7399799105283619
2004-10-22,0.7382523160879119
2004-10-23,0.7382525650427452
2004-10-24,0.7382477490207127
2004-10-25,0.7379113216937354
2004-10-26,0.7382613668437272
2004-10-27,0.7390273497724532
2004-10-28,0.741559851563034
2004-10-29,0.7367648005600488
2004-10-30,0.7367650490132523
2004-10-31,0.7367711514331782
2004-11-01,0.7386133934084192
2004-11-02,0.7384708287238809
2004-11-03,0.7372646036937544
2004-11-04,0.7355548968874911
2004-11-05,0.7343703405944985
2004-11-06,0.7343680287380524
2004-11-07,0.7343874970893801
2004-11-08,0.7337230784592442
2004-11-09,0.7344670492139784
2004-11-10,0.7341162573007808
2004-11-11,0.7342111862714806
2004-11-12,0.7327212063186501
2004-11-13,0.7327213726821378
2004-11-14,0.7327213726821378
2004-11-15,0.7315948036695766
2004-11-16,0.7323123503924388
2004-11-17,0.7307681790058873
2004-11-18,0.732082735058735
2004-11-19,0.7308399820208022
2004-11-20,0.7308399820208022
2004-11-21,0.7308544441997903
2004-11-22,0.7304657783337619
2004-11-23,0.729667948403164
2004-11-24,0.7295488717411375
2004-11-25,0.7263881177900894
2004-11-26,0.7072767037497669
2004-11-27,0.7072767037497669
2004-11-28,0.7072745168279789
2004-11-29,0.7071966427277366
2004-11-30,0.7062566822069924
2004-12-01,0.7052805644936002
2004-12-02,0.7056867220312215
2004-12-03,0.7037037820643747
2004-12-04,0.7037018087625568
2004-12-05,0.703706465077938
2004-12-06,0.7089874130854945
2004-12-07,0.7086056246685863
2004-12-08,0.7107126026694826
2004-12-09,0.7116614537728704
2004-12-10,0.7126307796882748
2004-12-11,0.7126336656073662
2004-12-12,0.7126242678584614
2004-12-13,0.7116555533616945
2004-12-14,0.7110193607203661
2004-12-15,0.7089377444921643
2004-12-16,0.7101550332656286
2004-12-17,0.7104446247376635
2004-12-18,0.7104450255939612
2004-12-19,0.7104509170978797
2004-12-20,0.7085386417826812
2004-12-21,0.7084903550180172
2004-12-22,0.7076127096735342
2004-12-23,0.7071572353640737
2004-12-24,0.7081600017370902
2004-12-25,0.7081600845126871
2004-12-26,0.7081577293604663
2004-12-27,0.7009035636566149
2004-12-28,0.7009709194717276
2004-12-29,0.7011501976165014
2004-12-30,0.7004345298675373
2004-12-31,0.6990430210830113
2005-01-01,0.6990430210830113
2005-01-02,0.6990284783045847
2005-01-03,0.7053845029209007
2005-01-04,0.7081155811755387
2005-01-05,0.7090162397137221
2005-01-06,0.7060659025888147
2005-01-07,0.7080181369890065
2005-01-08,0.7080183757747074
2005-01-09,0.7080109970052942
2005-01-10,0.704374395381115
2005-01-11,0.7045328917708324
2005-01-12,0.7022566668246295
2005-01-13,0.7023479443651334
2005-01-14,0.7035854210618465
2005-01-15,0.7035855808276454
2005-01-16,0.7035691682615197
2005-01-17,0.7046414742427167
2005-01-18,0.7056344311735723
2005-01-19,0.7054670138370928
2005-01-20,0.7062953260431961
2005-01-21,0.7044102151613606
2005-01-22,0.7044123686647671
2005-01-23,0.7044030059540719
2005-01-24,0.7045637529039476
2005-01-25,0.7050837445934107
2005-01-26,0.7039827578387917
2005-01-27,0.7036762393039573
2005-01-28,0.703026520106633
2005-01-29,0.7030262830044827
2005-01-30,0.7030253869785388
2005-01-31,0.7040759489443251
2005-02-01,0.7035609561310441
2005-02-02,0.7032757557334528
2005-02-03,0.7041626549638441
2005-02-04,0.7039777808104878
2005-02-05,0.70397793594471
2005-02-06,0.7039769078157817
2005-02-07,0.7067207448231327
2005-02-08,0.7073622085798688
2005-02-09,0.7068943875693762
2005-02-10,0.7060191495526893
2005-02-11,0.7047585373581585
2005-02-12,0.7047588526966605
2005-02-13,0.7047599048115185
2005-02-14,0.6975794596049726
2005-02-15,0.6983320136666921
2005-02-16,0.698602823126
2005-02-17,0.6975906226508748
2005-02-18,0.7014253978181828
2005-02-19,0.7014256344221322
2005-02-20,0.701425729332011
2005-02-21,0.7018911494266264
2005-02-22,0.6997684037578977
2005-02-23,0.7002163734431242
2005-02-24,0.7000492941287745
2005-02-25,0.6994025179263368
2005-02-26,0.6994025179263368
2005-02-27,0.6994061032269083
2005-02-28,0.6991416341697503
2005-03-01,0.6999556904759618
2005-03-02,0.7009492203116104
2005-03-03,0.7017546745217413
2005-03-04,0.696828248235557
2005-03-05,0.6968285647810678
2005-03-06,0.696824248845266
2005-03-07,0.6978716401697853
2005-03-08,0.6975068727130636
2005-03-09,0.6965309852695436
2005-03-10,0.6967455586013227
2005-03-11,0.6960618080523497
2005-03-12,0.6960615732556653
2005-03-13,0.6960615732556653
2005-03-14,0.6977321295900591
2005-03-15,0.6993803730256796
2005-03-16,0.6994201050468496
2005-03-17,0.7020637530876778
2005-03-18,0.7022770205217638
2005-03-19,0.7022794900685219
2005-03-20,0.7022795674474727
2005-03-21,0.6949385744120797
2005-03-22,0.6938876734233999
2005-03-23,0.6982321781373665
2005-03-24,0.6987661942387828
2005-03-25,0.6986246006970185
2005-03-26,0.6986247593799497
2005-03-27,0.6986247593799497
2005-03-28,0.7013480624686581
2005-03-29,0.7006065368556772
2005-03-30,0.7003420411972637
2005-03-31,0.6993975919249931
2005-04-01,0.6996536273610859
2005-04-02,0.6996536273610859
2005-04-03,0.6996536273610859
2005-04-04,0.7006418231652857
2005-04-05,0.7005839301708031
2005-04-06,0.7002781911944642
2005-04-07,0.7000919028383515
2005-04-08,0.6997279705526784
2005-04-09,0.6997274939880201
2005-04-10,0.6997312305084374
2005-04-11,0.677968836922329
2005-04-12,0.6738680293373461
2005-04-13,0.6738946457718946
2005-04-14,0.6777862839932159
2005-04-15,0.6777021985676733
2005-04-16,0.6777024271713369
2005-04-17,0.6777024271713369
2005-04-18,0.6789031326530435
2005-04-19,0.675641617128854
2005-04-20,0.6747376899601805
2005-04-21,0.6705474321728003
2005-04-22,0.66998904685797
2005-04-23,0.6699942117084293
2005-04-24,0.6699942117084293
2005-04-25,0.6704877713222421
2005-04-26,0.6666878271724551
2005-04-27,0.6627144482299316
2005-04-28,0.6693235494834054
2005-04-29,0.6716246080689485
2005-04-30,0.6716248346225087
2005-05-01,0.6716247606192046
2005-05-02,0.6716307841828245
2005-05-03,0.6758442237467084
2005-05-04,0.6747269950189988
2005-05-05,0.6780487519750593
2005-05-06,0.6774811064437541
2005-05-07,0.6774830964609685
2005-05-08,0.6774830218141572
2005-05-09,0.6768604170458629
2005-05-10,0.6797285707213676
2005-05-11,0.6808854426549623
2005-05-12,0.6828939359748429
2005-05-13,0.6833938083275245
2005-05-14,0.6833860753187169
2005-05-15,0.6833860753187169
2005-05-16,0.6848711395502612
2005-05-17,0.6843129413363505
2005-05-18,0.6827802015986121
2005-05-19,0.6838723914401915
2005-05-20,0.6854617477198364
2005-05-21,0.6854617477198364
2005-05-22,0.6854617477198364
2005-05-23,0.685251985186475
2005-05-24,0.685272298363473
2005-05-25,0.6817514497924536
2005-05-26,0.6832235813897171
2005-05-27,0.6823649948824587
2005-05-28,0.6823666913722448
2005-05-29,0.6823666913722448
2005-05-30,0.6841219932558817
2005-05-31,0.6863447192902096
2005-06-01,0.6878071030661163
2005-06-02,0.6823751745343389
2005-06-03,0.682739857314614
2005-06-04,0.6827379250994585
2005-06-05,0.6827379250994585
2005-06-06,0.6820206315590571
2005-06-07,0.6808094368969069
2005-06-08,0.6818312569315899
2005-06-09,0.6781102218964978
2005-06-10,0.6792053159539655
2005-06-11,0.6792099350721005
2005-06-12,0.6792111445765908
2005-06-13,0.6806072215671615
2005-06-14,0.6817435091937203
2005-06-15,0.6802992112764548
2005-06-16,0.678397392853716
2005-06-17,0.6764109860727847
2005-06-18,0.6764164240109345
2005-06-19,0.6764192193189125
2005-06-20,0.6771761125185558
2005-06-21,0.6728657613666268
2005-06-22,0.6736867443849
2005-06-23,0.6747949144096492
2005-06-24,0.6747663339513987
2005-06-25,0.6747711504223736
2005-06-26,0.6747742242946533
2005-06-27,0.6738754212506629
2005-06-28,0.671558048683823
2005-06-29,0.6663548464379363
2005-06-30,0.6660414183601854
2005-07-01,0.6682585413720449
2005-07-02,0.6682596034931748
2005-07-03,0.6682594562301273
2005-07-04,0.6693862909545761
2005-07-05,0.6616508553506405
2005-07-06,0.6579224052172994
2005-07-07,0.6580249395381735
2005-07-08,0.6537770401588382
2005-07-09,0.6537800681839897
2005-07-10,0.6537794919413951
2005-07-11,0.647913418372542
2005-07-12,0.6412800546194772
2005-07-13,0.6355786339207632
2005-07-14,0.6316470047422902
2005-07-15,0.631916156263664
2005-07-16,0.6319167175238897
2005-07-17,0.6319202749618403
2005-07-18,0.6318281068108823
2005-07-19,0.6321653298803164
2005-07-20,0.6313847015753871
2005-07-21,0.6377172955268622
2005-07-22,0.6347748841931444
2005-07-23,0.634775024077261
2005-07-24,0.634775024077261
2005-07-25,0.6348674866081218
2005-07-26,0.6356319162307745
2005-07-27,0.63561456569798
2005-07-28,0.6341445809025592
2005-07-29,0.6340897983255668
2005-07-30,0.6340904516743711
2005-07-31,0.6340904516743711
2005-08-01,0.6333615511645787
2005-08-02,0.6305047512623007
2005-08-03,0.6309189057142807
2005-08-04,0.6262985686447532
2005-08-05,0.6264166049499549
2005-08-06,0.6264195188714681
2005-08-07,0.6264195188714681
2005-08-08,0.626583635837845
2005-08-09,0.626490739642931
2005-08-10,0.6259985524197861
2005-08-11,0.6211156529244765
2005-08-12,0.6213248991256797
2005-08-13,0.6213233503061529
2005-08-14,0.6213233503061529
2005-08-15,0.6222676115764704
2005-08-16,0.6226591077108816
2005-08-17,0.6236741350868511
2005-08-18,0.6250110966916569
2005-08-19,0.6258059924863206
2005-08-20,0.6258093226164065
2005-08-21,0.6258093226164065
2005-08-22,0.6246726184932088
2005-08-23,0.6248634015754232
2005-08-24,0.6253428982262851
2005-08-25,0.6248566441822201
2005-08-26,0.6246277569580154
2005-08-27,0.6246242224161027
2005-08-28,0.6246263034391052
2005-08-29,0.6258578127089633
2005-08-30,0.6227576290368768
2005-08-31,0.6273572771199223
2005-09-01,0.6209118478005543
2005-09-02,0.628006868462183
2005-09-03,0.6280099972863222
2005-09-04,0.6280133682626772
2005-09-05,0.6274444433109118
2005-09-06,0.6280795276321812
2005-09-07,0.6288078904095673
2005-09-08,0.6285460010113065
2005-09-09,0.6283035950407947
2005-09-10,0.6283035950407947
2005-09-11,0.628304065478631
2005-09-12,0.6294176134208143
2005-09-13,0.6303260138653004
2005-09-14,0.6297344098891418
2005-09-15,0.6302243880042392
2005-09-16,0.6301235203161377
2005-09-17,0.6301282306032805
2005-09-18,0.6301281611778486
2005-09-19,0.6309363556404348
2005-09-20,0.6312426541939001
2005-09-21,0.632071118215629
2005-09-22,0.6242625280418914
2005-09-23,0.6250660196691662
2005-09-24,0.6250730913528113
2005-09-25,0.6250730913528113
2005-09-26,0.6255643829327233
2005-09-27,0.6230627265895171
2005-09-28,0.6228345282801286
2005-09-29,0.6225840543683153
2005-09-30,0.6221965485354136
2005-10-01,0.6221977653333223
2005-10-02,0.62219845065867
2005-10-03,0.624090266328383
2005-10-04,0.6237499007972517
2005-10-05,0.6201692979569284
2005-10-06,0.6191451814964566
2005-10-07,0.6223838956375194
2005-10-08,0.6223840369374117
2005-10-09,0.6223907329525924
2005-10-10,0.6227022751493949
2005-10-11,0.6237504361253055
2005-10-12,0.6238815607817151
2005-10-13,0.6247280135926567
2005-10-14,0.6260447826848081
2005-10-15,0.6260448432372602
2005-10-16,0.6260448432372602
2005-10-17,0.6243220853500152
2005-10-18,0.6249685063650635
2005-10-19,0.625045344754645
2005-10-20,0.6250119773297315
2005-10-21,0.62542864983397
2005-10-22,0.6254304198582706
2005-10-23,0.6254304198582706
2005-10-24,0.6249122976965451
2005-10-25,0.6237577166712531
2005-10-26,0.6242290310539647
2005-10-27,0.6237463212095435
2005-10-28,0.6247860681898547
2005-10-29,0.6247820997068169
2005-10-30,0.6247818243648839
2005-10-31,0.6249818083507516
2005-11-01,0.6250308489944327
2005-11-02,0.6248395679348768
2005-11-03,0.6254232991702559
2005-11-04,0.6270009654000765
2005-11-05,0.6270033091823819
2005-11-06,0.6270031710182722
2005-11-07,0.6275804473054962
2005-11-08,0.6281168649967893
2005-11-09,0.628437310873023
2005-11-10,0.6293563250904195
2005-11-11,0.6288205893896985
2005-11-12,0.6288230827238943
2005-11-13,0.6288230827238943
2005-11-14,0.6298681161487624
2005-11-15,0.6288704799643018
2005-11-16,0.6295381052899626
2005-11-17,0.6282305756789147
2005-11-18,0.6283960815742741
2005-11-19,0.6283960123359955
2005-11-20,0.6283960123359955
2005-11-21,0.6288969985411562
2005-11-22,0.6275428150749952
2005-11-23,0.6274282348287274
2005-11-24,0.6273484476893819
2005-11-25,0.6281794159916729
2005-11-26,0.6281794852060919
2005-11-27,0.6281794159916729
2005-11-28,0.626259244582511
2005-11-29,0.6271389388755096
2005-11-30,0.6268529815526214
2005-12-01,0.6273914165662964
2005-12-02,0.6265506416979665
2005-12-03,0.6265496116024497
2005-12-04,0.6265494735346384
2005-12-05,0.6256252442870828
2005-12-06,0.624947180582775
2005-12-07,0.6257898465611291
2005-12-08,0.6253769374333701
2005-12-09,0.6249141405467862
2005-12-10,0.6249155893096352
2005-12-11,0.6249132754937475
2005-12-12,0.6236932343943631
2005-12-13,0.6233636118213502
2005-12-14,0.6226234530214141
2005-12-15,0.6233517645296462
2005-12-16,0.6236096307731755
2005-12-17,0.6236106518231079
2005-12-18,0.6236128258537273
2005-12-19,0.6241243851652297
2005-12-20,0.6249517425409385
2005-12-21,0.6247193615922608
2005-12-22,0.6255755946723713
2005-12-23,0.6251490745941577
2005-12-24,0.6251492165062331
2005-12-25,0.6251495946085179
2005-12-26,0.625291143833262
2005-12-27,0.6260095733370772
2005-12-28,0.6255619102316649
2005-12-29,0.6252146234082463
2005-12-30,0.6253756106842647
2005-12-31,0.6253755417787914
2006-01-01,0.6253756106842647
2006-01-02,0.6255888349239637
2006-01-03,0.6236437934965059
2006-01-04,0.6177015803067292
2006-01-05,0.6177242141690698
2006-01-06,0.6164938767463809
2006-01-07,0.6164940166975191
2006-01-08,0.6164906902695437
2006-01-09,0.6170311124768106
2006-01-10,0.6175592689906032
2006-01-11,0.6167843156737387
2006-01-12,0.6170870485387077
2006-01-13,0.6164099652125133
2006-01-14,0.6164100331301384
2006-01-15,0.6164089235040701
2006-01-16,0.6164917915900798
2006-01-17,0.6100601420716503
2006-01-18,0.6103199788162352
2006-01-19,0.6098982822508975
2006-01-20,0.605843715822965
2006-01-21,0.605843715822965
2006-01-22,0.6058442834923783
2006-01-23,0.6041617685535031
2006-01-24,0.594287845018841
2006-01-25,0.5906712517933598
2006-01-26,0.5916008001267378
2006-01-27,0.5994967117642925
2006-01-28,0.5994943352086017
2006-01-29,0.5994935751951036
2006-01-30,0.5996925120004764
2006-01-31,0.616202517033509
2006-02-01,0.6202585481987227
2006-02-02,0.6242975805256378
2006-02-03,0.6248753794670748
2006-02-04,0.6248754483211156
2006-02-05,0.6248196097798749
2006-02-06,0.6250821340642795
2006-02-07,0.6256341254582949
2006-02-08,0.6268755497896886
2006-02-09,0.6263377120968989
2006-02-10,0.6263366505960485
2006-02-11,0.6263367928597691
2006-02-12,0.626337697970401
2006-02-13,0.6268732456071097
2006-02-14,0.6268426667971374
2006-02-15,0.6270543992671352
2006-02-16,0.626297718825502
2006-02-17,0.6256109964289177
2006-02-18,0.6256109922337543
2006-02-19,0.6256109922337543
2006-02-20,0.6216220083660337
2006-02-21,0.6231854330431824
2006-02-22,0.6237500425620508
2006-02-23,0.6231708404353534
2006-02-24,0.6265915779079924
2006-02-25,0.6265904036548029
2006-02-26,0.6265878720910285
2006-02-27,0.623490377460064
2006-02-28,0.6222789371545684
2006-03-01,0.6219529592208266
2006-03-02,0.62516583044295
2006-03-03,0.6254259608334128
2006-03-04,0.6254236588066311
2006-03-05,0.6254224471292038
2006-03-06,0.6264853413260074
2006-03-07,0.6281030518569279
2006-03-08,0.6286443768012953
2006-03-09,0.6287669382134751
2006-03-10,0.628664773407272
2006-03-11,0.6286646306814743
2006-03-12,0.6286643536137307
2006-03-13,0.6284554536609417
2006-03-14,0.627160509150052
2006-03-15,0.6292843027857687
2006-03-16,0.6287093673691023
2006-03-17,0.6277196424584488
2006-03-18,0.6277196424584488
2006-03-19,0.6277162584060074
2006-03-20,0.6287478870779992
2006-03-21,0.630397953358902
2006-03-22,0.6311099179910077
2006-03-23,0.6316626296258117
2006-03-24,0.628645254137581
2006-03-25,0.628648069603047
2006-03-26,0.628648069603047
2006-03-27,0.6301753009462902
2006-03-28,0.6300689053660259
2006-03-29,0.6304105964955055
2006-03-30,0.6263370082885343
2006-03-31,0.6277063066236016
2006-04-01,0.6277073041271248
2006-04-02,0.6277073041271248
2006-04-03,0.6273599889674413
2006-04-04,0.626713653668809
2006-04-05,0.6240295880316831
2006-04-06,0.6274500924478856
2006-04-07,0.6269328409012672
2006-04-08,0.626933194610777
2006-04-09,0.6269331255392029
2006-04-10,0.6259184047941873
2006-04-11,0.6260174462193591
2006-04-12,0.6350831582678418
2006-04-13,0.6337104282973831
2006-04-14,0.633157466756798
2006-04-15,0.6331587493004568
2006-04-16,0.633157178543893
2006-04-17,0.6362125278233987
2006-04-18,0.6358012120028731
2006-04-19,0.6351441106001056
2006-04-20,0.635035274242163
2006-04-21,0.6352433022995776
2006-04-22,0.6352435907026759
2006-04-23,0.6352435207211152
2006-04-24,0.6343004330184748
2006-04-25,0.6330792972075899
2006-04-26,0.6343445562473116
2006-04-27,0.6337392249758991
2006-04-28,0.6476165955268756
2006-04-29,0.6476171835844183
2006-04-30,0.6476182779271934
2006-05-01,0.6453957831981513
2006-05-02,0.646218634906083
2006-05-03,0.6463071776726397
2006-05-04,0.6476472966912866
2006-05-05,0.6491123020846142
2006-05-06,0.6491120160203437
2006-05-07,0.6491131804585928
2006-05-08,0.6478439754943568
2006-05-09,0.6483773735304641
2006-05-10,0.648073020105242
2006-05-11,0.6618751205938145
2006-05-12,0.6516738111258332
2006-05-13,0.6516735851925642
2006-05-14,0.6516746716203264
2006-05-15,0.6642702036685852
2006-05-16,0.6634323835804052
2006-05-17,0.6658651570140935
2006-05-18,0.663152190355172
2006-05-19,0.669304291352317
2006-05-20,0.6693037573376124
2006-05-21,0.6693012295041494
2006-05-22,0.6690003569963358
2006-05-23,0.6714998371719039
2006-05-24,0.6731880100801971
2006-05-25,0.6709986859656683
2006-05-26,0.6712714385584201
2006-05-27,0.6712715877179305
2006-05-28,0.6712714385584201
2006-05-29,0.6705527761432993
2006-05-30,0.6662895219800241
2006-05-31,0.667361741576735
2006-06-01,0.6667773271452223
2006-06-02,0.6644230442040313
2006-06-03,0.6644232745502047
2006-06-04,0.6644238509965347
2006-06-05,0.6564602127560596
2006-06-06,0.6593242078336266
2006-06-07,0.6586171274306646
2006-06-08,0.6613640134556762
2006-06-09,0.6608552530141573
2006-06-10,0.6608552530141573
2006-06-11,0.6608550327614128
2006-06-12,0.6618437872539015
2006-06-13,0.6587538097732741
2006-06-14,0.657990375416396
2006-06-15,0.6384714306817885
2006-06-16,0.6379863740688896
2006-06-17,0.6379863740688896
2006-06-18,0.6379863740688896
2006-06-19,0.6390049675731009
2006-06-20,0.6324865023221389
2006-06-21,0.6322071081297351
2006-06-22,0.6345042469503279
2006-06-23,0.6363151183800935
2006-06-24,0.6363149038021981
2006-06-25,0.6363146934810449
2006-06-26,0.6351002529613632
2006-06-27,0.6352187584477083
2006-06-28,0.6354930780562562
2006-06-29,0.6333674203008983
2006-06-30,0.631845225817543
2006-07-01,0.631845225817543
2006-07-02,0.6318454346836784
2006-07-03,0.6312958637576579
2006-07-04,0.6458948301403602
2006-07-05,0.6478947521173567
2006-07-06,0.6465121214146882
2006-07-07,0.6455003502038987
2006-07-08,0.6454988106719366
2006-07-09,0.6454982799917179
2006-07-10,0.6466087463533432
2006-07-11,0.6462043323484533
2006-07-12,0.6474015089604558
2006-07-13,0.6480158683287732
2006-07-14,0.6480006742716805
2006-07-15,0.6480007493603213
2006-07-16,0.6480007493603213
2006-07-17,0.6498282332879604
2006-07-18,0.649760302985657
2006-07-19,0.6478087582888991
2006-07-20,0.6474176751939339
2006-07-21,0.6465886440920418
2006-07-22,0.6465887189968401
2006-07-23,0.6465887189968401
2006-07-24,0.6469499267041184
2006-07-25,0.648110750261135
2006-07-26,0.6480762739279333
2006-07-27,0.6461232291191147
2006-07-28,0.6450007403361396
2006-07-29,0.6450015326841799
2006-07-30,0.6450013917190505
2006-07-31,0.6447621136680382
2006-08-01,0.6473373804939705
2006-08-02,0.6472717352444036
2006-08-03,0.6512358256955313
2006-08-04,0.6335913355110389
2006-08-05,0.6335919066281902
2006-08-06,0.6335917670085158
2006-08-07,0.6353247448319905
2006-08-08,0.6354957743165295
2006-08-09,0.63825824475928
2006-08-10,0.6388059266241859
2006-08-11,0.6400585403369023
2006-08-12,0.6400585403369023
2006-08-13,0.6400638326316374
2006-08-14,0.6412400487432534
2006-08-15,0.6401231226784732
2006-08-16,0.6379277965824385
2006-08-17,0.6402219351325374
2006-08-18,0.6405967554427167
2006-08-19,0.6405978396806734
2006-08-20,0.6405978396806734
2006-08-21,0.6402738185110202
2006-08-22,0.6403676382258121
2006-08-23,0.6411494714763208
2006-08-24,0.6418445647344366
2006-08-25,0.643276121169644
2006-08-26,0.6432771433593831
2006-08-27,0.6432777177682169
2006-08-28,0.6419372532312606
2006-08-29,0.6419865822181524
2006-08-30,0.6413641373844234
2006-08-31,0.6410815303629522
2006-09-01,0.6401405283269297
2006-09-02,0.6401405283269297
2006-09-03,0.6401404577964953
2006-09-04,0.6394131540661566
2006-09-05,0.6416777328372
2006-09-06,0.6420203943337753
2006-09-07,0.6436305003784197
2006-09-08,0.6446414455983625
2006-09-09,0.6446414455983625
2006-09-10,0.6446391252124748
2006-09-11,0.6445283623228972
2006-09-12,0.6439188472040528
2006-09-13,0.6431231857719026
2006-09-14,0.6476255282591848
2006-09-15,0.6482990701497513
2006-09-16,0.6482991458774169
2006-09-17,0.6482990744480658
2006-09-18,0.6472991380389793
2006-09-19,0.6484045366410005
2006-09-20,0.6476833442598785
2006-09-21,0.6469696344168533
2006-09-22,0.6480086126102427
2006-09-23,0.6480086796831434
2006-09-24,0.6480077655309592
2006-09-25,0.6479395713428927
2006-09-26,0.6475369191328549
2006-09-27,0.6477898047596098
2006-09-28,0.6483397216971811
2006-09-29,0.6493192045781322
2006-09-30,0.649320379456188
2006-10-01,0.6493212455932407
2006-10-02,0.6481357212687852
2006-10-03,0.6487079409777914
2006-10-04,0.649372502992384
2006-10-05,0.6494390703480682
2006-10-06,0.6504082797241711
2006-10-07,0.6504088659962369
2006-10-08,0.6504087226745655
2006-10-09,0.6661938266400088
2006-10-10,0.6669960511134546
2006-10-11,0.6664112154936851
2006-10-12,0.6602222917580968
2006-10-13,0.6605951602780342
2006-10-14,0.6605951602780342
2006-10-15,0.6605951602780342
2006-10-16,0.6600257383364271
2006-10-17,0.6604927547868303
2006-10-18,0.6606169171089405
2006-10-19,0.6590226114892919
2006-10-20,0.6584288625296335
2006-10-21,0.6584288625296335
2006-10-22,0.6584288625296335
2006-10-23,0.659600829043383
2006-10-24,0.6601617402541254
2006-10-25,0.6591944962489782
2006-10-26,0.6575210836674087
2006-10-27,0.6570098902002361
2006-10-28,0.6570106298316089
2006-10-29,0.6570087572993117
2006-10-30,0.6579325901307447
2006-10-31,0.6570174793334068
2006-11-01,0.6568553366129934
2006-11-02,0.6571420747357885
2006-11-03,0.6571230662170697
2006-11-04,0.6571230662170697
2006-11-05,0.6571245706541755
2006-11-06,0.6569750377865728
2006-11-07,0.6564204927930936
2006-11-08,0.6572649521330352
2006-11-09,0.6562838631513327
2006-11-10,0.6548385838758856
2006-11-11,0.6548383605738133
2006-11-12,0.6548416419256989
2006-11-13,0.656725505673588
2006-11-14,0.6556689911215039
2006-11-15,0.6562839377444089
2006-11-16,0.6557273237492096
2006-11-17,0.6557182816544843
2006-11-18,0.6557179104292755
2006-11-19,0.6557187781663723
2006-11-20,0.6561047535099497
2006-11-21,0.6561159090899946
2006-11-22,0.6538156362851494
2006-11-23,0.6539218309911271
2006-11-24,0.6536069871777218
2006-11-25,0.6536069871777218
2006-11-26,0.6536069871777218
2006-11-27,0.6524299315677172
2006-11-28,0.6511960211490789
2006-11-29,0.6515990314984565
2006-11-30,0.6500928051294421
2006-12-01,0.6486813230498966
2006-12-02,0.6486825224896485
2006-12-03,0.6486825224896485
2006-12-04,0.6531487102383079
2006-12-05,0.6524215788160155
2006-12-06,0.6553554757894606
2006-12-07,0.6545681295453698
2006-12-08,0.655344517904202
2006-12-09,0.655344517904202
2006-12-10,0.65534836817633
2006-12-11,0.6555362088356506
2006-12-12,0.6541857548345684
2006-12-13,0.6622099059830314
2006-12-14,0.6622272279216151
2006-12-15,0.6623336879012672
2006-12-16,0.6623336879012672
2006-12-17,0.6623374151373748
2006-12-18,0.6625859718661714
2006-12-19,0.6619705149630001
2006-12-20,0.6612203301170202
2006-12-21,0.66944081141015
2006-12-22,0.6717206185080394
2006-12-23,0.6717209121251435
2006-12-24,0.6717245731075981
2006-12-25,0.6704435665495998
2006-12-26,0.6762791886001343
2006-12-27,0.6758074216226245
2006-12-28,0.6743266198162181
2006-12-29,0.674275695743708
2006-12-30,0.674275695743708
2006-12-31,0.6742756220592551
2007-01-01,0.6729038671735424
2007-01-02,0.6722864614277999
2007-01-03,0.674453555526764
2007-01-04,0.6712366829628872
2007-01-05,0.6737906418425392
2007-01-06,0.673791802718965
2007-01-07,0.6737920972257028
2007-01-08,0.672741174661683
2007-01-09,0.6693968823077263
2007-01-10,0.6711827340430954
2007-01-11,0.6707516488067211
2007-01-12,0.6657621162697999
2007-01-13,0.6657621162697999
2007-01-14,0.6657632389387769
2007-01-15,0.6643843410159531
2007-01-16,0.6617195277666358
2007-01-17,0.6599301878352102
2007-01-18,0.6555188260763504
2007-01-19,0.6555040064483645
2007-01-20,0.6555040064483645
2007-01-21,0.6555040064483645
2007-01-22,0.6514782941095136
2007-01-23,0.650834967877038
2007-01-24,0.6528209285073685
2007-01-25,0.653860600296702
2007-01-26,0.6536984806490097
2007-01-27,0.6536961142556721
2007-01-28,0.6536961142556721
2007-01-29,0.6539312846445793
2007-01-30,0.6536741492711922
2007-01-31,0.6513434769820727
2007-02-01,0.6563785721981524
2007-02-02,0.6575376558639995
2007-02-03,0.6575356434808332
2007-02-04,0.6575347205044093
2007-02-05,0.6620881967051739
2007-02-06,0.6646140710942345
2007-02-07,0.6644236175638359
2007-02-08,0.664387166200087
2007-02-09,0.6648945989744649
2007-02-10,0.6648945989744649
2007-02-11,0.664894743098166
2007-02-12,0.6650919225900547
2007-02-13,0.6693031898965905
2007-02-14,0.6666729040685416
2007-02-15,0.6669513560237135
2007-02-16,0.670276192310387
2007-02-17,0.6702763420048016
2007-02-18,0.6702753851812228
2007-02-19,0.6661004358745978
2007-02-20,0.667138952991152
2007-02-21,0.6673142946968637
2007-02-22,0.666675519043691
2007-02-23,0.6659677380530936
2007-02-24,0.6659677380530936
2007-02-25,0.6659716337068472
2007-02-26,0.665336922237779
2007-02-27,0.666789583577953
2007-02-28,0.6671092792080688
2007-03-01,0.6671940246475028
2007-03-02,0.668163708002674
2007-03-03,0.668163708002674
2007-03-04,0.6681628786272322
2007-03-05,0.6692014699127123
2007-03-06,0.668474391207149
2007-03-07,0.6680238327853858
2007-03-08,0.6687732258804865
2007-03-09,0.6682605371041457
2007-03-10,0.6682608312881617
2007-03-11,0.6682604481769924
2007-03-12,0.6672530260528947
2007-03-13,0.6676685864491111
2007-03-14,0.6718054563499557
2007-03-15,0.6613501223313767
2007-03-16,0.6595534392192449
2007-03-17,0.6595535101399168
2007-03-18,0.6595577305392056
2007-03-19,0.6595011675544511
2007-03-20,0.659014501416413
2007-03-21,0.6615369944370489
2007-03-22,0.6619630607317635
2007-03-23,0.6662147055808516
2007-03-24,0.6662147055808516
2007-03-25,0.6662147055808516
2007-03-26,0.6665679238097261
2007-03-27,0.6666766004191391
2007-03-28,0.667128328761266
2007-03-29,0.6707667783707146
2007-03-30,0.6699301872253436
2007-03-31,0.669935396493419
2007-04-01,0.669935396493419
2007-04-02,0.6708629554116176
2007-04-03,0.6706196644069762
2007-04-04,0.669562410817141
2007-04-05,0.6675049521384917
2007-04-06,0.672480879093396
2007-04-07,0.6724806622074905
2007-04-08,0.6724806622074905
2007-04-09,0.674175572918619
2007-04-10,0.6766330495754921
2007-04-11,0.6765052967360508
2007-04-12,0.676221618148222
2007-04-13,0.675796044357658
2007-04-14,0.675796044357658
2007-04-15,0.6757930308742405
2007-04-16,0.6750326709040145
2007-04-17,0.6721617614846258
2007-04-18,0.670974886179812
2007-04-19,0.6715879053807714
2007-04-20,0.6714769008290203
2007-04-21,0.6714769008290203
2007-04-22,0.6714780912315641
2007-04-23,0.67181015358133
2007-04-24,0.6709931808005001
2007-04-25,0.6697881768607646
2007-04-26,0.6709195484762985
2007-04-27,0.6701146555036411
2007-04-28,0.6701146555036411
2007-04-29,0.670118839547728
2007-04-30,0.6702705266395834
2007-05-01,0.6712263336405043
2007-05-02,0.6708191536345113
2007-05-03,0.6709289607558676
2007-05-04,0.669941410999384
2007-05-05,0.669941046503948
2007-05-06,0.669941046503948
2007-05-07,0.669945169232569
2007-05-08,0.6708257113271567
2007-05-09,0.6698779697321532
2007-05-10,0.6704798124287962
2007-05-11,0.6697779480440984
2007-05-12,0.6697779480440984
2007-05-13,0.6697779480440984
2007-05-14,0.6692780455686234
2007-05-15,0.6689782109400204
2007-05-16,0.6700657153174955
2007-05-17,0.670672753086572
2007-05-18,0.6698828899704946
2007-05-19,0.6698828899704946
2007-05-20,0.6698828899704946
2007-05-21,0.669752164076789
2007-05-22,0.670205989228346
2007-05-23,0.6701295343791093
2007-05-24,0.6794946760293125
2007-05-25,0.6789246942328496
2007-05-26,0.6789246942328496
2007-05-27,0.6789248402342838
2007-05-28,0.6780405739505645
2007-05-29,0.6794983161556674
2007-05-30,0.6792173332854394
2007-05-31,0.6785722321690638
2007-06-01,0.6775341291227184
2007-06-02,0.6775341291227184
2007-06-03,0.6775328590180267
2007-06-04,0.6777749263653731
2007-06-05,0.6771111134322176
2007-06-06,0.6785248773493134
2007-06-07,0.6797998754208798
2007-06-08,0.6850610786770568
2007-06-09,0.6850609268812181
2007-06-10,0.6850644199033962
2007-06-11,0.6852925074607735
2007-06-12,0.6901395807973522
2007-06-13,0.6900398682352211
2007-06-14,0.6903626939505659
2007-06-15,0.6879706728479528
2007-06-16,0.6879686680857068
2007-06-17,0.687963945372643
2007-06-18,0.6884706066785082
2007-06-19,0.6920195869324878
2007-06-20,0.692825449232935
2007-06-21,0.6929041944949316
2007-06-22,0.6927135956340923
2007-06-23,0.6927143629655269
2007-06-24,0.6927143629655269
2007-06-25,0.6921509272098267
2007-06-26,0.6923562571192601
2007-06-27,0.6980873454507179
2007-06-28,0.697625529747099
2007-06-29,0.69596218047223
2007-06-30,0.6959646700336641
2007-07-01,0.6959649165146843
2007-07-02,0.6940615333565335
2007-07-03,0.6939742981602873
2007-07-04,0.6937685112126147
2007-07-05,0.7004169431255499
2007-07-06,0.7093719773399039
2007-07-07,0.7093719773399039
2007-07-08,0.7093719773399039
2007-07-09,0.6990748235722171
2007-07-10,0.6979100926222231
2007-07-11,0.698266125943485
2007-07-12,0.6972259047023055
2007-07-13,0.6966276597845649
2007-07-14,0.6966282725772724
2007-07-15,0.696625655521158
2007-07-16,0.6967695987256284
2007-07-17,0.696445675908045
2007-07-18,0.6954522606107661
2007-07-19,0.6960459438267552
2007-07-20,0.6947999791463265
2007-07-21,0.6948000538490339
2007-07-22,0.694795038046533
2007-07-23,0.6948882267296232
2007-07-24,0.6943026582847708
2007-07-25,0.6952127579243276
2007-07-26,0.6967876663157214
2007-07-27,0.6986412147929368
2007-07-28,0.698639772304446
2007-07-29,0.6986391745758953
2007-07-30,0.6991957657076621
2007-07-31,0.6987102685548511
2007-08-01,0.699814855411232
2007-08-02,0.6987465490467665
2007-08-03,0.6979548065511066
2007-08-04,0.6979593462807435
2007-08-05,0.6979600683733984
2007-08-06,0.6987127573295686
2007-08-07,0.6992773038213722
2007-08-08,0.6978577489707053
2007-08-09,0.7004865783152262
2007-08-10,0.7005738615985662
2007-08-11,0.7005737862891327
2007-08-12,0.7005725346644738
2007-08-13,0.6962718173795639
2007-08-14,0.69851899636412
2007-08-15,0.7011346297935329
2007-08-16,0.703069047258628
2007-08-17,0.7017655219397122
2007-08-18,0.7017675268436834
2007-08-19,0.7017738447778699
2007-08-20,0.7015583240867037
2007-08-21,0.7024954384145174
2007-08-22,0.7002816025712003
2007-08-23,0.6998964963315724
2007-08-24,0.6982896711845266
2007-08-25,0.6982896711845266
2007-08-26,0.6982882798464269
2007-08-27,0.6938534656619414
2007-08-28,0.695584321107885
2007-08-29,0.69423880310199
2007-08-30,0.6941737544616288
2007-08-31,0.6942650374938684
2007-09-01,0.6942650374938684
2007-09-02,0.6942655089310881
2007-09-03,0.69425059063955
2007-09-04,0.6946400199990654
2007-09-05,0.6935667195726312
2007-09-06,0.6931351271619515
2007-09-07,0.6924656250629264
2007-09-08,0.6924672341971161
2007-09-09,0.692467010859337
2007-09-10,0.6933576039598712
2007-09-11,0.6862612218345163
2007-09-12,0.6843704595025552
2007-09-13,0.6846717648744517
2007-09-14,0.6846669702281896
2007-09-15,0.6846668185405146
2007-09-16,0.6846646910279884
2007-09-17,0.6854161827254879
2007-09-18,0.6778321970300213
2007-09-19,0.6773418371513227
2007-09-20,0.6751225551512667
2007-09-21,0.6743568920887243
2007-09-22,0.6743567466235392
2007-09-23,0.6743556800634889
2007-09-24,0.6741375170367906
2007-09-25,0.6732305399057148
2007-09-26,0.6727899980797474
2007-09-27,0.6722724312621827
2007-09-28,0.6705793595855505
2007-09-29,0.6705792873174012
2007-09-30,0.6705805691366655
2007-10-01,0.6711438633489679
2007-10-02,0.6715018044128716
2007-10-03,0.6724509344722035
2007-10-04,0.6717527562770518
2007-10-05,0.6707428799812041
2007-10-06,0.6707429445790937
2007-10-07,0.6707429445790937
2007-10-08,0.6717024687608932
2007-10-09,0.6705807445629265
2007-10-10,0.669913097555278
2007-10-11,0.6738445983712846
2007-10-12,0.6734951732180233
2007-10-13,0.6734950239685498
2007-10-14,0.6734949513279415
2007-10-15,0.6739141493072981
2007-10-16,0.6747149614373582
2007-10-17,0.6739464487422578
2007-10-18,0.6678128318338087
2007-10-19,0.667907662972041
2007-10-20,0.667907662972041
2007-10-21,0.6679003578283267
2007-10-22,0.6699995219517397
2007-10-23,0.6682539337798654
2007-10-24,0.6676159411460676
2007-10-25,0.6666472151004469
2007-10-26,0.6654980825044148
2007-10-27,0.6654969127437756
2007-10-28,0.6654998258555177
2007-10-29,0.6648546784786032
2007-10-30,0.6608099963847152
2007-10-31,0.6583113964194293
2007-11-01,0.6595212612380943
2007-11-02,0.6586095599931178
2007-11-03,0.6586232042026083
2007-11-04,0.6586207393627245
2007-11-05,0.6594222381768207
2007-11-06,0.6576708080735121
2007-11-07,0.6553515551215947
2007-11-08,0.6534589725704667
2007-11-09,0.6542173636347919
2007-11-10,0.6542170775144563
2007-11-11,0.6542181354548025
2007-11-12,0.6572456215322641
2007-11-13,0.6560751444874032
2007-11-14,0.6558036772821428
2007-11-15,0.6567326561249629
2007-11-16,0.6557421686017696
2007-11-17,0.6557425230655217
2007-11-18,0.6557425230655217
2007-11-19,0.6546950535183647
2007-11-20,0.653317646848591
2007-11-21,0.6539989824112817
2007-11-22,0.6541498971128419
2007-11-23,0.6495977357395376
2007-11-24,0.6496005726707738
2007-11-25,0.6496041856770938
2007-11-26,0.6511852082979963
2007-11-27,0.6490368411338819
2007-11-28,0.6451121527043006
2007-11-29,0.6455759415363841
2007-11-30,0.6474142662830612
2007-12-01,0.6474216249853095
2007-12-02,0.6474150816131305
2007-12-03,0.646125232465913
2007-12-04,0.6455776188019786
2007-12-05,0.6471492619925003
2007-12-06,0.6456195792072207
2007-12-07,0.645007110570323
2007-12-08,0.6450015602661437
2007-12-09,0.6449993435338411
2007-12-10,0.6441556728523784
2007-12-11,0.6449340846122942
2007-12-12,0.6423270778020688
2007-12-13,0.6434424866421442
2007-12-14,0.6458534087330141
2007-12-15,0.6458504882363493
2007-12-16,0.6458477337397149
2007-12-17,0.6466404538683004
2007-12-18,0.6473563704161148
2007-12-19,0.6340662972823736
2007-12-20,0.6391162734117461
2007-12-21,0.622409147481376
2007-12-22,0.6224057377111853
2007-12-23,0.6224027895312113
2007-12-24,0.621910631327091
2007-12-25,0.6219100331852142
2007-12-26,0.6220441562695291
2007-12-27,0.62054569272218
2007-12-28,0.6192580312261162
2007-12-29,0.6192540643256148
2007-12-30,0.6192511297484441
2007-12-31,0.6250006325071157
2008-01-01,0.6251383667524006
2008-01-02,0.622829196783239
2008-01-03,0.6230814615710701
2008-01-04,0.6228916283314143
2008-01-05,0.6229007590595418
2008-01-06,0.622892232373445
2008-01-07,0.623804809439401
2008-01-08,0.6229444899823785
2008-01-09,0.6237238983864026
2008-01-10,0.6168830960384347
2008-01-11,0.6135479453790247
2008-01-12,0.6135419096992667
2008-01-13,0.6135314176966071
2008-01-14,0.612423034203896
2008-01-15,0.6103899920901793
2008-01-16,0.6119650380536826
2008-01-17,0.6118757258126993
2008-01-18,0.6159578391351568
2008-01-19,0.6159568599112327
2008-01-20,0.6159585857323601
2008-01-21,0.6190800650371746
2008-01-22,0.6163207463156404
2008-01-23,0.6132474817386333
2008-01-24,0.6095633832954752
2008-01-25,0.6099250643631559
2008-01-26,0.6099318329197071
2008-01-27,0.6099468225913725
2008-01-28,0.6087052572673672
2008-01-29,0.6115752978011332
2008-01-30,0.610212708029742
2008-01-31,0.610782321749414
2008-02-01,0.6106343030826679
2008-02-02,0.610633305928854
2008-02-03,0.6106253433579588
2008-02-04,0.6103472204818957
2008-02-05,0.6130593063743941
2008-02-06,0.6139095152147851
2008-02-07,0.6160959236891566
2008-02-08,0.6150204758002392
2008-02-09,0.6150250878839157
2008-02-10,0.6150141361312366
2008-02-11,0.615229293415296
2008-02-12,0.6115788803539628
2008-02-13,0.6119011293024216
2008-02-14,0.610894716116481
2008-02-15,0.6101506030020225
2008-02-16,0.610141310645685
2008-02-17,0.6101417199261698
2008-02-18,0.6098954209644795
2008-02-19,0.6098112388827813
2008-02-20,0.6100599914450157
2008-02-21,0.6086695019597386
2008-02-22,0.6087281900027586
2008-02-23,0.6087394778468758
2008-02-24,0.6087439468579945
2008-02-25,0.6082357503149838
2008-02-26,0.6039561099449876
2008-02-27,0.6021894941981318
2008-02-28,0.6012420775538927
2008-02-29,0.6195182564714142
2008-03-01,0.6195230249421871
2008-03-02,0.6195180851883573
2008-03-03,0.6169093718758931
2008-03-04,0.6171164755241538
2008-03-05,0.61449512865042
2008-03-06,0.6140303958129287
2008-03-07,0.6145691684888541
2008-03-08,0.6145701958221372
2008-03-09,0.6145672459445576
2008-03-10,0.6122036397456531
2008-03-11,0.6106108848504229
2008-03-12,0.6076591476057955
2008-03-13,0.605660063736529
2008-03-14,0.6029398676425617
2008-03-15,0.6029546561683701
2008-03-16,0.6029380695186537
2008-03-17,0.6042243229309358
2008-03-18,0.603738383618189
2008-03-19,0.6025182952205932
2008-03-20,0.6039258249711759
2008-03-21,0.6016172757439885
2008-03-22,0.6016213292126804
2008-03-23,0.6016123082935183
2008-03-24,0.6041848427740362
2008-03-25,0.6014804482694437
2008-03-26,0.599907702113205
2008-03-27,0.6002050237231569
2008-03-28,0.6008846854831108
2008-03-29,0.6008829432940767
2008-03-30,0.600875659208115
2008-03-31,0.6012013494881613
2008-04-01,0.5991137655132429
2008-04-02,0.5968396860001841
2008-04-03,0.596429237355752
2008-04-04,0.5957690340450391
2008-04-05,0.5957693569078187
2008-04-06,0.5957693569078187
2008-04-07,0.5972663345684566
2008-04-08,0.5981296884732946
2008-04-09,0.596578438978338
2008-04-10,0.5979185978095696
2008-04-11,0.596299620810319
2008-04-12,0.5962997267225174
2008-04-13,0.5962926692327013
2008-04-14,0.5961375626138472
2008-04-15,0.5972893488819648
2008-04-16,0.5957423484655368
2008-04-17,0.5961315710320914
2008-04-18,0.5981078596122618
2008-04-19,0.598103265835777
2008-04-20,0.5980951654431942
2008-04-21,0.5970246944001018
2008-04-22,0.5977226698013205
2008-04-23,0.598041900919748
2008-04-24,0.6007813400993871
2008-04-25,0.6006950615112329
2008-04-26,0.6006933823644641
2008-04-27,0.6006933172634071
2008-04-28,0.6000604898265873
2008-04-29,0.6013177750494465
2008-04-30,0.6004314945258747
2008-05-01,0.6021215731244997
2008-05-02,0.6022075228518011
2008-05-03,0.6021981427707378
2008-05-04,0.6021932536094228
2008-05-05,0.6014294589089376
2008-05-06,0.6011314585871849
2008-05-07,0.6029343897362107
2008-05-08,0.6033333975247198
2008-05-09,0.6031157675912098
2008-05-10,0.6031175225108657
2008-05-11,0.6031130138351162
2008-05-12,0.6022845111005194
2008-05-13,0.6007352830548183
2008-05-14,0.6005920641214254
2008-05-15,0.60071778272678
2008-05-16,0.5993076742117347
2008-05-17,0.59931030933175
2008-05-18,0.599309237728725
2008-05-19,0.583856147399893
2008-05-20,0.5799775160638483
2008-05-21,0.57873581142515
2008-05-22,0.5795827415424765
2008-05-23,0.5784831284278718
2008-05-24,0.578484949632266
2008-05-25,0.578480399883425
2008-05-26,0.5764417878191183
2008-05-27,0.5779004508764809
2008-05-28,0.581417508038296
2008-05-29,0.5818529501565963
2008-05-30,0.5811078942894702
2008-05-31,0.5811078942894702
2008-06-01,0.5811110498563382
2008-06-02,0.5772046234016682
2008-06-03,0.5797362455962731
2008-06-04,0.5794477603246571
2008-06-05,0.5781135831726922
2008-06-06,0.5778608456632918
2008-06-07,0.5778595652580344
2008-06-08,0.5778562980376286
2008-06-09,0.5772690700987783
2008-06-10,0.5769555767946974
2008-06-11,0.5800794800714872
2008-06-12,0.5806829609750264
2008-06-13,0.5783537153752528
2008-06-14,0.5783558364579352
2008-06-15,0.5783559922365439
2008-06-16,0.5771884157133103
2008-06-17,0.5761535403713866
2008-06-18,0.5757856934926171
2008-06-19,0.5747601674040561
2008-06-20,0.5741866707052871
2008-06-21,0.5741900330210429
2008-06-22,0.5741899095327415
2008-06-23,0.5746425035268364
2008-06-24,0.5722887350122365
2008-06-25,0.5705448769581667
2008-06-26,0.5709314837844526
2008-06-27,0.5708763378723964
2008-06-28,0.570877161630134
2008-06-29,0.5708730391232707
2008-06-30,0.5716971972121655
2008-07-01,0.5757249977896803
2008-07-02,0.5734603728623542
2008-07-03,0.5751941256448594
2008-07-04,0.5741026962978065
2008-07-05,0.5740998911714958
2008-07-06,0.5741018755474772
2008-07-07,0.5733898460762022
2008-07-08,0.5742918841895686
2008-07-09,0.5728250562344019
2008-07-10,0.5724425478886958
2008-07-11,0.5719671479381901
2008-07-12,0.5719652620516544
2008-07-13,0.5719576808878475
2008-07-14,0.5715162377525284
2008-07-15,0.5718453929328517
2008-07-16,0.572303261318887
2008-07-17,0.571580496813779
2008-07-18,0.5700211333032339
2008-07-19,0.5700194389214178
2008-07-20,0.5700264294773317
2008-07-21,0.5697378665793696
2008-07-22,0.570530897272923
2008-07-23,0.5716809419770162
2008-07-24,0.5719471312626306
2008-07-25,0.5721061550454585
2008-07-26,0.5721062425797158
2008-07-27,0.5721061847093019
2008-07-28,0.5716519795183289
2008-07-29,0.5732266275514841
2008-07-30,0.5707798573188452
2008-07-31,0.5707535956811427
2008-08-01,0.5715147213698585
2008-08-02,0.5715147213698585
2008-08-03,0.5715235640771897
2008-08-04,0.5765627205298878
2008-08-05,0.5778002745625016
2008-08-06,0.578599175543679
2008-08-07,0.5798357336883633
2008-08-08,0.5833508954333336
2008-08-09,0.5833488439803851
2008-08-10,0.5833471101521164
2008-08-11,0.5846053173918155
2008-08-12,0.5845377111117253
2008-08-13,0.5850839364600674
2008-08-14,0.5861842739221176
2008-08-15,0.5871249994538211
2008-08-16,0.5871249994538211
2008-08-17,0.5871249368330038
2008-08-18,0.586914611002256
2008-08-19,0.5859390302179671
2008-08-20,0.5867492622835123
2008-08-21,0.5851297342279888
2008-08-22,0.5866601568246624
2008-08-23,0.5866603445334173
2008-08-24,0.5866681058521166
2008-08-25,0.5874086102633927
2008-08-26,0.5894826169877877
2008-08-27,0.5894385369412607
2008-08-28,0.5868484653544169
2008-08-29,0.5869876913263045
2008-08-30,0.5869876287201307
2008-08-31,0.5869918448791198
2008-09-01,0.5881679236608407
2008-09-02,0.5891205514265369
2008-09-03,0.5900418953075048
2008-09-04,0.5948050170450394
2008-09-05,0.593740461127289
2008-09-06,0.5937403978008885
2008-09-07,0.593748905348643
2008-09-08,0.5948028052409766
2008-09-09,0.5958018490739926
2008-09-10,0.5984990215589796
2008-09-11,0.5975646185813974
2008-09-12,0.594811882198948
2008-09-13,0.5948067311263732
2008-09-14,0.5948166646992454
2008-09-15,0.5957087423880855
2008-09-16,0.5983024990167215
2008-09-17,0.5969642607364407
2008-09-18,0.5991268711901487
2008-09-19,0.5948802066820077
2008-09-20,0.5948830601738155
2008-09-21,0.5948865106735501
2008-09-22,0.5901210758800038
2008-09-23,0.5944909058977742
2008-09-24,0.5947136598458034
2008-09-25,0.594694211397242
2008-09-26,0.5944967462436901
2008-09-27,0.5944957967587148
2008-09-28,0.5944933216442516
2008-09-29,0.5981940908573907
2008-09-30,0.6034556720683797
2008-10-01,0.604239187097318
2008-10-02,0.6073148514129241
2008-10-03,0.6075841746300137
2008-10-04,0.6075841746300137
2008-10-05,0.6075919018202542
2008-10-06,0.6146589290074734
2008-10-07,0.6154549934650042
2008-10-08,0.6177975473942349
2008-10-09,0.619558965837516
2008-10-10,0.6213273039407492
2008-10-11,0.621341181895443
2008-10-12,0.6213521759817859
2008-10-13,0.6181890476468417
2008-10-14,0.617250850327443
2008-10-15,0.6236662475590282
2008-10-16,0.6228607520758137
2008-10-17,0.6239553044154648
2008-10-18,0.6239553044154648
2008-10-19,0.6239670846589622
2008-10-20,0.6260437776056802
2008-10-21,0.6315833730708038
2008-10-22,0.6377996332754667
2008-10-23,0.6336660681233154
2008-10-24,0.6380837595343727
2008-10-25,0.638085733211708
2008-10-26,0.6380869548115494
2008-10-27,0.6413433108628995
2008-10-28,0.6318963422457754
2008-10-29,0.6278388770413459
2008-10-30,0.6277302266281543
2008-10-31,0.6291908502457707
2008-11-01,0.6291911604507028
2008-11-02,0.6291882278223829
2008-11-03,0.6308991808718398
2008-11-04,0.6243674691708595
2008-11-05,0.6254171195215951
2008-11-06,0.6317188305307581
2008-11-07,0.63004266882046
2008-11-08,0.6300406547279794
2008-11-09,0.6300356149714569
2008-11-10,0.6291681108812481
2008-11-11,0.6364210723626681
2008-11-12,0.6391613709157479
2008-11-13,0.6347434183632533
2008-11-14,0.6375590717159311
2008-11-15,0.6375590717159311
2008-11-16,0.6375533738652573
2008-11-17,0.6376833358304685
2008-11-18,0.6400687084629271
2008-11-19,0.6437276257477714
2008-11-20,0.646026296433554
2008-11-21,0.6441613508384241
2008-11-22,0.6441609387181568
2008-11-23,0.6441636011443471
2008-11-24,0.6355371649258732
2008-11-25,0.6344554921413251
2008-11-26,0.6369532478315152
2008-11-27,0.636775372549275
2008-11-28,0.6397829177502337
2008-11-29,0.6397829177502337
2008-11-30,0.6397892728797103
2008-12-01,0.6416766251446879
2008-12-02,0.6418352819528589
2008-12-03,0.6338492424149837
2008-12-04,0.6394966928146163
2008-12-05,0.6403228565466754
2008-12-06,0.6403195467535675
2008-12-07,0.6403200247124327
2008-12-08,0.6373706324581753
2008-12-09,0.6370538024093452
2008-12-10,0.6358920157156204
2008-12-11,0.6319464280272178
2008-12-12,0.6340473737001008
2008-12-13,0.6340462040037379
2008-12-14,0.6340506630754371
2008-12-15,0.6297897347509858
2008-12-16,0.62499615121439
2008-12-17,0.6205710561573788
2008-12-18,0.6288876326061401
2008-12-19,0.6312216843218975
2008-12-20,0.6312216843218975
2008-12-21,0.6312257351566051
2008-12-22,0.6348155527142785
2008-12-23,0.6360511193821213
2008-12-24,0.6345052573138789
2008-12-25,0.6343347418289981
2008-12-26,0.6345029067646382
2008-12-27,0.6345027715050254
2008-12-28,0.6345016228248559
2008-12-29,0.6386251053493512
2008-12-30,0.634168952915487
2008-12-31,0.6348343028605234
2009-01-01,0.6342164727843063
2009-01-02,0.6355188723978041
2009-01-03,0.6355183304787794
2009-01-04,0.6355178122114271
2009-01-05,0.6203433474454482
2009-01-06,0.6198061967461733
2009-01-07,0.6204952781553607
2009-01-08,0.6169868752947332
2009-01-09,0.6219087907180069
2009-01-10,0.6219072168942122
2009-01-11,0.6219092815958608
2009-01-12,0.6235016460051864
2009-01-13,0.6273485021731255
2009-01-14,0.6274451630751245
2009-01-15,0.6239928007501696
2009-01-16,0.622086386472071
2009-01-17,0.6220861817643424
2009-01-18,0.6220909246000926
2009-01-19,0.62614070616399
2009-01-20,0.6294592198432274
2009-01-21,0.6264591699666903
2009-01-22,0.626662200320495
2009-01-23,0.62718712742422
2009-01-24,0.6271850478916963
2009-01-25,0.6271936297568742
2009-01-26,0.6247511086093782
2009-01-27,0.6254652174860582
2009-01-28,0.6256987466308526
2009-01-29,0.6292282004795833
2009-01-30,0.6305137981483926
2009-01-31,0.6305135948842562
2009-02-01,0.630513112959612
2009-02-02,0.631234862174766
2009-02-03,0.6289087859926293
2009-02-04,0.6310835051377256
2009-02-05,0.6320096603930102
2009-02-06,0.6297644759438891
2009-02-07,0.6297993046040917
2009-02-08,0.6298037399542559
2009-02-09,0.6279719667554547
2009-02-10,0.630255479427118
2009-02-11,0.6306621734319614
2009-02-12,0.63255697622947
2009-02-13,0.6316010425223245
2009-02-14,0.6315896078373011
2009-02-15,0.6315905234346986
2009-02-16,0.6335072368758357
2009-02-17,0.6377607188554688
2009-02-18,0.6384780192689566
2009-02-19,0.6386714574646437
2009-02-20,0.635575017924411
2009-02-21,0.6355752270092064
2009-02-22,0.63557752549184
2009-02-23,0.6376514744582348
2009-02-24,0.6382824772727178
2009-02-25,0.6380417623870422
2009-02-26,0.6383947430209761
2009-02-27,0.6398866559038593
2009-02-28,0.6398866559038593
2009-03-01,0.6398934891221882
2009-03-02,0.6437535904740999
2009-03-03,0.6436335017147645
2009-03-04,0.643874608529497
2009-03-05,0.6450650871363603
2009-03-06,0.6436126369858601
2009-03-07,0.6435671351012072
2009-03-08,0.6435670659124388
2009-03-09,0.6448712068394543
2009-03-10,0.6422538123962809
2009-03-11,0.6405784521478914
2009-03-12,0.6386687811430367
2009-03-13,0.6380767830315474
2009-03-14,0.6380767830315474
2009-03-15,0.63805602260148
2009-03-16,0.6370701528607415
2009-03-17,0.6365016394448202
2009-03-18,0.6323687092077792
2009-03-19,0.6298213788583505
2009-03-20,0.6290008668846053
2009-03-21,0.6290008668846053
2009-03-22,0.6290025797158266
2009-03-23,0.6278604262430342
2009-03-24,0.6287226604569092
2009-03-25,0.6298069462022031
2009-03-26,0.6286592336940088
2009-03-27,0.6321167003439802
2009-03-28,0.6321167003439802
2009-03-29,0.6321184413006977
2009-03-30,0.6346659210271919
2009-03-31,0.6337330384435144
2009-04-01,0.6327345805590863
2009-04-02,0.6280392216736427
2009-04-03,0.6262963066751202
2009-04-04,0.6263084630468029
2009-04-05,0.6263084630468029
2009-04-06,0.6264429155914494
2009-04-07,0.6289551645186333
2009-04-08,0.6288271517552189
2009-04-09,0.6280085046161312
2009-04-10,0.6288637016101465
2009-04-11,0.6288637016101465
2009-04-12,0.6288627101365589
2009-04-13,0.6275132048275951
2009-04-14,0.627076238704385
2009-04-15,0.6289040109395801
2009-04-16,0.6292304964387009
2009-04-17,0.6300618226316239
2009-04-18,0.6300670442490031
2009-04-19,0.6300670442490031
2009-04-20,0.6330042874717325
2009-04-21,0.6331010000506077
2009-04-22,0.6330658581998794
2009-04-23,0.6315515183179925
2009-04-24,0.6284829138175122
2009-04-25,0.6284829138175122
2009-04-26,0.6284819467921974
2009-04-27,0.6315444445043022
2009-04-28,0.6306460547869857
2009-04-29,0.6277688782429204
2009-04-30,0.6269837011440929
2009-05-01,0.6252120542537839
2009-05-02,0.6252278527511185
2009-05-03,0.6252263533279832
2009-05-04,0.6235494426606041
2009-05-05,0.6232842491238123
2009-05-06,0.6236024338172995
2009-05-07,0.6220557962257368
2009-05-08,0.6190764570327355
2009-05-09,0.6190730137307179
2009-05-10,0.619071460157594
2009-05-11,0.6117846359794725
2009-05-12,0.6117242750529964
2009-05-13,0.6135043171167525
2009-05-14,0.6135770114486657
2009-05-15,0.613699300379286
2009-05-16,0.6136993658361859
2009-05-17,0.6137004583635313
2009-05-18,0.6122648194161814
2009-05-19,0.6102906119643381
2009-05-20,0.6094089181659428
2009-05-21,0.6070428121779942
2009-05-22,0.6055328062010529
2009-05-23,0.6055414625074284
2009-05-24,0.6055849516505829
2009-05-25,0.6054444988346553
2009-05-26,0.6059684024472076
2009-05-27,0.607344269892057
2009-05-28,0.6061386138997944
2009-05-29,0.6028753794924285
2009-05-30,0.6028893303610117
2009-05-31,0.6028292601912307
2009-06-01,0.6026057186128181
2009-06-02,0.6000781625230206
2009-06-03,0.6024002191626057
2009-06-04,0.6027740685720807
2009-06-05,0.6043362487984005
2009-06-06,0.6043322005862827
2009-06-07,0.6044065557262762
2009-06-08,0.6065283891167936
2009-06-09,0.6045172622098631
2009-06-10,0.6038728702497602
2009-06-11,0.6029104284793189
2009-06-12,0.6038078135005835
2009-06-13,0.6038201512251511
2009-06-14,0.6036806612918498
2009-06-15,0.6060589048812866
2009-06-16,0.6057240079061319
2009-06-17,0.6050995539534108
2009-06-18,0.6057071555595945
2009-06-19,0.6054632471957665
2009-06-20,0.6054632471957665
2009-06-21,0.6052164368177616
2009-06-22,0.6066330972141505
2009-06-23,0.6054251312872754
2009-06-24,0.6053350345719242
2009-06-25,0.6045916315186362
2009-06-26,0.6035158406328877
2009-06-27,0.6035143856042855
2009-06-28,0.6033064930270092
2009-06-29,0.6027889309667813
2009-06-30,0.6025607141577172
2009-07-01,0.6012449205128056
2009-07-02,0.6033134655839613
2009-07-03,0.6032163194934492
2009-07-04,0.6032100710414097
2009-07-05,0.6031006517408203
2009-07-06,0.6043543565726206
2009-07-07,0.604943993982352
2009-07-08,0.6067522984627448
2009-07-09,0.605146797103498
2009-07-10,0.6064000031255227
2009-07-11,0.6064000031255227
2009-07-12,0.6062634235224014
2009-07-13,0.6063893110760351
2009-07-14,0.6057519511392973
2009-07-15,0.6031191963898028
2009-07-16,0.6222988996839033
2009-07-17,0.6226297214104389
2009-07-18,0.6226314190911675
2009-07-19,0.6225192114185554
2009-07-20,0.6203837832483463
2009-07-21,0.6202276683773938
2009-07-22,0.6200039109150289
2009-07-23,0.6195419596617249
2009-07-24,0.6192561796363601
2009-07-25,0.6192561796363601
2009-07-26,0.6191543688767565
2009-07-27,0.6187581379190258
2009-07-28,0.6192751009646476
2009-07-29,0.6385471229505327
2009-07-30,0.6379459772418483
2009-07-31,0.6360598053098163
2009-08-01,0.6360638061377207
2009-08-02,0.6360615482854677
2009-08-03,0.6339252114541296
2009-08-04,0.633484152484075
2009-08-05,0.6339945625905701
2009-08-06,0.6349009847626126
2009-08-07,0.6360223850800218
2009-08-08,0.6360096932379571
2009-08-09,0.6359127783786434
2009-08-10,0.6365379730204874
2009-08-11,0.6378540346400321
2009-08-12,0.6375594424750333
2009-08-13,0.6360242544779513
2009-08-14,0.6370445448972477
2009-08-15,0.6370445448972477
2009-08-16,0.6370559201935168
2009-08-17,0.6397553110179633
2009-08-18,0.6384970199257317
2009-08-19,0.6371773563672734
2009-08-20,0.637210401201219
2009-08-21,0.6360378670271408
2009-08-22,0.6360392423333655
2009-08-23,0.6359904202642842
2009-08-24,0.6356374769850872
2009-08-25,0.6363724826224024
2009-08-26,0.6371854625366776
2009-08-27,0.636282519984183
2009-08-28,0.6358766991365167
2009-08-29,0.6358766991365167
2009-08-30,0.6357827516123088
2009-08-31,0.636197920103389
2009-09-01,0.6378348916664569
2009-09-02,0.6372211361468544
2009-09-03,0.6363342728773194
2009-09-04,0.6352318852200333
2009-09-05,0.6352399466819726
2009-09-06,0.6352751942347863
2009-09-07,0.6348490081569201
2009-09-08,0.6331677277227509
2009-09-09,0.6324320922493125
2009-09-10,0.630977700369612
2009-09-11,0.6312604777856916
2009-09-12,0.6312604777856916
2009-09-13,0.6312601125480191
2009-09-14,0.6313137558996708
2009-09-15,0.6291241136210629
2009-09-16,0.6286304469370241
2009-09-17,0.627506128400087
2009-09-18,0.6283431879972096
2009-09-19,0.6283421745469622
2009-09-20,0.6283395621081359
2009-09-21,0.6290100286001055
2009-09-22,0.6275137228612016
2009-09-23,0.6274362479071656
2009-09-24,0.6294451199051788
2009-09-25,0.6280292998752279
2009-09-26,0.6280292300012941
2009-09-27,0.6280337131070688
2009-09-28,0.6287901019756618
2009-09-29,0.6288556234117219
2009-09-30,0.6280169015888745
2009-10-01,0.6297168746659716
2009-10-02,0.6290920037202272
2009-10-03,0.6290919376782286
2009-10-04,0.6290553471462179
2009-10-05,0.6279296305169535
2009-10-06,0.6262334576164408
2009-10-07,0.6261465755179909
2009-10-08,0.6253033916599512
2009-10-09,0.6256673409064656
2009-10-10,0.6256643774884753
2009-10-11,0.6256885855305955
2009-10-12,0.6252906825277857
2009-10-13,0.6242840917562982
2009-10-14,0.6227646430222957
2009-10-15,0.6228819127924556
2009-10-16,0.6236118505915091
2009-10-17,0.6236121857454843
2009-10-18,0.6236182075210733
2009-10-19,0.6225304212590123
2009-10-20,0.6232568001196305
2009-10-21,0.6225867623787286
2009-10-22,0.6225482913936871
2009-10-23,0.6226077627348529
2009-10-24,0.6225897256511412
2009-10-25,0.6225997673137544
2009-10-26,0.6236696086663747
2009-10-27,0.6250307733713053
2009-10-28,0.6280021890610831
2009-10-29,0.6262912825957866
2009-10-30,0.6290458335868053
2009-10-31,0.6290521768894892
2009-11-01,0.6291042465555164
2009-11-02,0.6290459191716513
2009-11-03,0.6293777150142669
2009-11-04,0.6268124528957739
2009-11-05,0.6264745617826372
2009-11-06,0.6261800751068806
2009-11-07,0.6261789955200815
2009-11-08,0.6261788966011357
2009-11-09,0.6228419291585131
2009-11-10,0.6233735934671577
2009-11-11,0.6225650757684249
2009-11-12,0.6241540892028341
2009-11-13,0.6227552841305295
2009-11-14,0.6227640764917319
2009-11-15,0.6227566954702403
2009-11-16,0.6221704920330031
2009-11-17,0.623468549584645
2009-11-18,0.6226537176225965
2009-11-19,0.6239917488781451
2009-11-20,0.6247926936397763
2009-11-21,0.62479614118109
2009-11-22,0.6247867227313543
2009-11-23,0.6225707052235141
2009-11-24,0.6229788579007975
2009-11-25,0.6204514890086203
2009-11-26,0.6230660937626615
2009-11-27,0.6244518614362349
2009-11-28,0.6244549723711251
2009-11-29,0.6244166389053707
2009-11-30,0.6234550626994402
2009-12-01,0.621990665014094
2009-12-02,0.6226017651380916
2009-12-03,0.6220981703661816
2009-12-04,0.624064540572401
2009-12-05,0.6240575781328369
2009-12-06,0.6241927723003167
2009-12-07,0.625378191443233
2009-12-08,0.6272767726239875
2009-12-09,0.6266540347195716
2009-12-10,0.6263024875741935
2009-12-11,0.6285550794244129
2009-12-12,0.6285550134528516
2009-12-13,0.6286197958574684
2009-12-14,0.627031241762349
2009-12-15,0.6281899978427548
2009-12-16,0.6283273004407418
2009-12-17,0.6313732540679967
2009-12-18,0.6309717674966719
2009-12-19,0.6309683640923883
2009-12-20,0.6309717953996435
2009-12-21,0.6314090595105732
2009-12-22,0.6324633645431202
2009-12-23,0.6316598764072985
2009-12-24,0.6299579512021292
2009-12-25,0.6301087446918974
2009-12-26,0.6301089470876435
2009-12-27,0.6301087297121541
2009-12-28,0.6300429841282331
2009-12-29,0.6302250471078632
2009-12-30,0.6306156907276212
2009-12-31,0.6290723731437893
2010-01-01,0.6291658596409389
2010-01-02,0.6291658596409389
2010-01-03,0.6291557538820063
2010-01-04,0.6275022293892399
2010-01-05,0.6276187420672269
2010-01-06,0.6269651759037549
2010-01-07,0.628039317867349
2010-01-08,0.6273263062250394
2010-01-09,0.6273275274663938
2010-01-10,0.6273182542567235
2010-01-11,0.6253988160628525
2010-01-12,0.626449297429018
2010-01-13,0.6256314949624298
2010-01-14,0.6257794859396111
2010-01-15,0.6264412819030192
2010-01-16,0.6264297543519252
2010-01-17,0.6264322946762956
2010-01-18,0.625964964804305
2010-01-19,0.6269738149747208
2010-01-20,0.6301082859792685
2010-01-21,0.6307872024257951
2010-01-22,0.6309652548434316
2010-01-23,0.6309652548434316
2010-01-24,0.6309373834187302
2010-01-25,0.6307149723637973
2010-01-26,0.6319695971006147
2010-01-27,0.6328266976216042
2010-01-28,0.6339779586933465
2010-01-29,0.6348823849285053
2010-01-30,0.6348881977822105
2010-01-31,0.6349612607447801
2010-02-01,0.6344868124255221
2010-02-02,0.6340986409529757
2010-02-03,0.6346435154295726
2010-02-04,0.6378917573811359
2010-02-05,0.6393472242752394
2010-02-06,0.6393454818537775
2010-02-07,0.6393993767488703
2010-02-08,0.6395458065928334
2010-02-09,0.6376187424917323
2010-02-10,0.6378445904664074
2010-02-11,0.6373577706859553
2010-02-12,0.6380985017052927
2010-02-13,0.638098355541799
2010-02-14,0.63810460243299
2010-02-15,0.6385794319276105
2010-02-16,0.6371251281937671
2010-02-17,0.6375752163549163
2010-02-18,0.6385652805690114
2010-02-19,0.6382333604493469
2010-02-20,0.6382338335448048
2010-02-21,0.6382135578848126
2010-02-22,0.6383402025622604
2010-02-23,0.6391218141486781
2010-02-24,0.6391237190706083
2010-02-25,0.6399729456581313
2010-02-26,0.6383256490405624
2010-02-27,0.638316085560656
2010-02-28,0.6382655577692555
2010-03-01,0.6392142451387696
2010-03-02,0.6373996238031077
2010-03-03,0.6364097905632274
2010-03-04,0.6370183946528147
2010-03-05,0.6361708911817268
2010-03-06,0.6361727605835819
2010-03-07,0.6361699765585463
2010-03-08,0.6357692971156444
2010-03-09,0.6360767658061326
2010-03-10,0.6360399812667794
2010-03-11,0.636017698552886
2010-03-12,0.6347021845666052
2010-03-13,0.6347021845666052
2010-03-14,0.6347021179338738
2010-03-15,0.6352603735374464
2010-03-16,0.6341964959311462
2010-03-17,0.633600405442707
2010-03-18,0.6351799215002761
2010-03-19,0.6358644471426804
2010-03-20,0.6358638928210049
2010-03-21,0.6358661754924892
2010-03-22,0.6362192308561263
2010-03-23,0.636312407134746
2010-03-24,0.6385055229793243
2010-03-25,0.6390412804362696
2010-03-26,0.638276068107351
2010-03-27,0.6382704347761687
2010-03-28,0.6382682849864693
2010-03-29,0.6376157060518473
2010-03-30,0.6383158608228964
2010-03-31,0.6427036274020459
2010-04-01,0.6415357092729904
2010-04-02,0.641028925727108
2010-04-03,0.6410624652587706
2010-04-04,0.6410624652587706
2010-04-05,0.6419898147953553
2010-04-06,0.6423975294281772
2010-04-07,0.642833991539908
2010-04-08,0.6512173940522803
2010-04-09,0.650075314023254
2010-04-10,0.6500752457784295
2010-04-11,0.6500729938825236
2010-04-12,0.6489835441057371
2010-04-13,0.6482817876186185
2010-04-14,0.646088503746985
2010-04-15,0.6489981568703538
2010-04-16,0.6487709122713149
2010-04-17,0.648761880230767
2010-04-18,0.6487627789635468
2010-04-19,0.6496928000130257
2010-04-20,0.6500191771690508
2010-04-21,0.650395711889268
2010-04-22,0.6433121295570063
2010-04-23,0.6426990731693442
2010-04-24,0.6426990731693442
2010-04-25,0.6425899602451212
2010-04-26,0.6419194572758555
2010-04-27,0.6436846927684728
2010-04-28,0.6449936605936685
2010-04-29,0.6438926458188424
2010-04-30,0.6432426950591975
2010-05-01,0.6432506088042
2010-05-02,0.6431511697331939
2010-05-03,0.6447134644620167
2010-05-04,0.6477556117496814
2010-05-05,0.6504928344031984
2010-05-06,0.6546259810629663
2010-05-07,0.6538804989415118
2010-05-08,0.6538790873974698
2010-05-09,0.6538030841627849
2010-05-10,0.6490320682065482
2010-05-11,0.6523397259341965
2010-05-12,0.6518594959892368
2010-05-13,0.6529600862859279
2010-05-14,0.6554062976718755
2010-05-15,0.6554062976718755
2010-05-16,0.6553699515230518
2010-05-17,0.6540536995378605
2010-05-18,0.6589517851523121
2010-05-19,0.6551308737897675
2010-05-20,0.6616115048487404
2010-05-21,0.6603601971751563
2010-05-22,0.6603416462853807
2010-05-23,0.660341027754118
2010-05-24,0.6619992185312233
2010-05-25,0.6642540076372313
2010-05-26,0.6645849897518278
2010-05-27,0.6609732610223962
2010-05-28,0.6609375659452281
2010-05-29,0.6609379130538098
2010-05-30,0.6608855888149876
2010-05-31,0.6587247659806974
2010-06-01,0.6628618502283228
2010-06-02,0.6623242394951653
2010-06-03,0.6629176462289157
2010-06-04,0.6662139502367038
2010-06-05,0.666212305094439
2010-06-06,0.6662001587108416
2010-06-07,0.668464260341246
2010-06-08,0.6672925364901139
2010-06-09,0.6666779611417207
2010-06-10,0.662795221476066
2010-06-11,0.6637799650408378
2010-06-12,0.6637781767935708
2010-06-13,0.6636807708110045
2010-06-14,0.6620863388656353
2010-06-15,0.6606073022524234
2010-06-16,0.6606580287264782
2010-06-17,0.6599023456315061
2010-06-18,0.6590007228864544
2010-06-19,0.6589981719731408
2010-06-20,0.6588685590091665
2010-06-21,0.6591820657738565
2010-06-22,0.6598454128099811
2010-06-23,0.6583578087931343
2010-06-24,0.6605491479142752
2010-06-25,0.6601042690977768
2010-06-26,0.6601071643949127
2010-06-27,0.6599445006385143
2010-06-28,0.6604665093079098
2010-06-29,0.6635224007232389
2010-06-30,0.6630781595493005
2010-07-01,0.6613638282103067
2010-07-02,0.6599563965563662
2010-07-03,0.6599570769217562
2010-07-04,0.6597846578815485
2010-07-05,0.6588365630462107
2010-07-06,0.6591131202225184
2010-07-07,0.6586535908105885
2010-07-08,0.6568240538268098
2010-07-09,0.6552903478037247
2010-07-10,0.6552896448235543
2010-07-11,0.6551875863747109
2010-07-12,0.6560014200989649
2010-07-13,0.6561445821422222
2010-07-14,0.6534789339358307
2010-07-15,0.653731037426458
2010-07-16,0.6537919545526949
2010-07-17,0.6537906208920857
2010-07-18,0.6537073359347794
2010-07-19,0.655014028732045
2010-07-20,0.6544563273548574
2010-07-21,0.6549098500299472
2010-07-22,0.6520582087419062
2010-07-23,0.652304690091207
2010-07-24,0.6523082688206816
2010-07-25,0.652365657070029
2010-07-26,0.6498286354583699
2010-07-27,0.6484920173339851
2010-07-28,0.6504172193820801
2010-07-29,0.6499544026854965
2010-07-30,0.6494882653049165
2010-07-31,0.6494874964004431
2010-08-01,0.6494444702535717
2010-08-02,0.6461740085173746
2010-08-03,0.6462807115831402
2010-08-04,0.6468728935005386
2010-08-05,0.6455692563707645
2010-08-06,0.6451891404479198
2010-08-07,0.6451605918658481
2010-08-08,0.6450666923150457
2010-08-09,0.643865583406439
2010-08-10,0.6469368776302686
2010-08-11,0.649895453285935
2010-08-12,0.6511082263736778
2010-08-13,0.6517603690848957
2010-08-14,0.6517250428008196
2010-08-15,0.6517523843355191
2010-08-16,0.6499429780531213
2010-08-17,0.6493691750909159
2010-08-18,0.649128674524968
2010-08-19,0.6495227970989912
2010-08-20,0.6503290696848344
2010-08-21,0.6503294001352392
2010-08-22,0.6503274721430014
2010-08-23,0.6514911388936829
2010-08-24,0.6524039874540002
2010-08-25,0.6528124387851252
2010-08-26,0.6521692398807245
2010-08-27,0.6509877199535438
2010-08-28,0.6509900435798994
2010-08-29,0.6509508775537395
2010-08-30,0.6515311905286181
2010-08-31,0.6520770746229848
2010-09-01,0.6514984265647885
2010-09-02,0.651177482991859
2010-09-03,0.6509006952938491
2010-09-04,0.650887401628757
2010-09-05,0.6508586778409831
2010-09-06,0.6493400448847946
2010-09-07,0.6517379538986989
2010-09-08,0.6525243921760091
2010-09-09,0.6512111605211663
2010-09-10,0.6505461878187805
2010-09-11,0.6505512016954065
2010-09-12,0.650571003778974
2010-09-13,0.649622200289781
2010-09-14,0.6485367506210847
2010-09-15,0.6483399222829116
2010-09-16,0.64742796042935
2010-09-17,0.6473668996673675
2010-09-18,0.6473671775626377
2010-09-19,0.6474130289645582
2010-09-20,0.6479396501293699
2010-09-21,0.6465735028761174
2010-09-22,0.6444618731922543
2010-09-23,0.6438556143943207
2010-09-24,0.6428551619117205
2010-09-25,0.6428557138137101
2010-09-26,0.6427998619266014
2010-09-27,0.6413390795271408
2010-09-28,0.6415692732121161
2010-09-29,0.6407500262702959
2010-09-30,0.639291956511279
2010-10-01,0.6383057634825354
2010-10-02,0.6383111596949103
2010-10-03,0.6382741756104119
2010-10-04,0.6386414444142285
2010-10-05,0.6380584233164823
2010-10-06,0.6370452902824114
2010-10-07,0.6366719344862277
2010-10-08,0.6361580192923418
2010-10-09,0.636158350620311
2010-10-10,0.6361343221539224
2010-10-11,0.6352042892849973
2010-10-12,0.6361027579770141
2010-10-13,0.635843899666005
2010-10-14,0.6342670185380892
2010-10-15,0.6335009050105446
2010-10-16,0.6335006331199341
2010-10-17,0.6335731442029897
2010-10-18,0.6342704855004269
2010-10-19,0.6371074189986928
2010-10-20,0.6370895552816581
2010-10-21,0.6373112143298114
2010-10-22,0.6372451287875508
2010-10-23,0.6372394843831275
2010-10-24,0.6372254229763881
2010-10-25,0.6342652688149408
2010-10-26,0.6358901496802476
2010-10-27,0.6388429641419067
2010-10-28,0.638071199933817
2010-10-29,0.6375687562360756
2010-10-30,0.6375681635292282
2010-10-31,0.6375227693421345
2010-11-01,0.6358166615650421
2010-11-02,0.6354416778124788
2010-11-03,0.6343914949724749
2010-11-04,0.6321307106524922
2010-11-05,0.6321778260499825
2010-11-06,0.6321778260499825
2010-11-07,0.6321809151191686
2010-11-08,0.6338562709966736
2010-11-09,0.6320229165220738
2010-11-10,0.635342253339661
2010-11-11,0.6372120302522298
2010-11-12,0.637977975103969
2010-11-13,0.6379899908840093
2010-11-14,0.6379887978668768
2010-11-15,0.6388021230084661
2010-11-16,0.6403284581591677
2010-11-17,0.6402798136969335
2010-11-18,0.639120623096427
2010-11-19,0.6384013028848408
2010-11-20,0.6384070362898403
2010-11-21,0.6383903383380836
2010-11-22,0.6381018671658162
2010-11-23,0.6415640341783583
2010-11-24,0.6423664411974351
2010-11-25,0.6417137923194499
2010-11-26,0.6437223636258459
2010-11-27,0.6437272500599127
2010-11-28,0.6437289542368941
2010-11-29,0.6463080697688269
2010-11-30,0.641537190191145
2010-12-01,0.6404967610150301
2010-12-02,0.6384564541841363
2010-12-03,0.6363972770617341
2010-12-04,0.6364120693319556
2010-12-05,0.6363045527041401
2010-12-06,0.6350742040472014
2010-12-07,0.6369056429811741
2010-12-08,0.6429117842289424
2010-12-09,0.6434726342718966
2010-12-10,0.6424372443727755
2010-12-11,0.6424368899653269
2010-12-12,0.6424438910655466
2010-12-13,0.6416622005562055
2010-12-14,0.6408635147823613
2010-12-15,0.6418639713083659
2010-12-16,0.6423175347814926
2010-12-17,0.6430290086508744
2010-12-18,0.6430145569310113
2010-12-19,0.643055186210909
2010-12-20,0.643661966289918
2010-12-21,0.6441409023948829
2010-12-22,0.6437799668723257
2010-12-23,0.6434061071033198
2010-12-24,0.6430931208521162
2010-12-25,0.6430938973014518
2010-12-26,0.6430929806911919
2010-12-27,0.6425674017736721
2010-12-28,0.6427963288455304
2010-12-29,0.6419115665170113
2010-12-30,0.6411394730047739
2010-12-31,0.6394682494188881
2011-01-01,0.6394644616788424
2011-01-02,0.6394652662519105
2011-01-03,0.6385854764190422
2011-01-04,0.6399310977414508
2011-01-05,0.6412672791428071
2011-01-06,0.6429120269210091
2011-01-07,0.6441453860687424
2011-01-08,0.644163466623131
2011-01-09,0.6441856749685682
2011-01-10,0.644376142893914
2011-01-11,0.6441970884721747
2011-01-12,0.6417788683694761
2011-01-13,0.6410509676064091
2011-01-14,0.6416386107925037
2011-01-15,0.6416336182874424
2011-01-16,0.6416379888037916
2011-01-17,0.6410138315106456
2011-01-18,0.6409680365105439
2011-01-19,0.6405225604161358
2011-01-20,0.6410623286691547
2011-01-21,0.6388459077257894
2011-01-22,0.6388491839453421
2011-01-23,0.6388539445797358
2011-01-24,0.6387085131446494
2011-01-25,0.6392753394643933
2011-01-26,0.6297914526737451
2011-01-27,0.6282823698245069
2011-01-28,0.6288179052374662
2011-01-29,0.6288211935488661
2011-01-30,0.6288810648357783
2011-01-31,0.6297561765070687
2011-02-01,0.6283357009753114
2011-02-02,0.6279174265743457
2011-02-03,0.6290311091622028
2011-02-04,0.6300060113450869
2011-02-05,0.6300082966750502
2011-02-06,0.6300932644609957
2011-02-07,0.6294660921240877
2011-02-08,0.6289831781646905
2011-02-09,0.6291055514022138
2011-02-10,0.6303766068741751
2011-02-11,0.6309249713225827
2011-02-12,0.6308701275160135
2011-02-13,0.6308513331968398
2011-02-14,0.6309911227776909
2011-02-15,0.6322879201270506
2011-02-16,0.6312004266206832
2011-02-17,0.6304039543649075
2011-02-18,0.6293156582880812
2011-02-19,0.6293220335701919
2011-02-20,0.6292489460091228
2011-02-21,0.6271200995305469
2011-02-22,0.6296396769406469
2011-02-23,0.6294934203626414
2011-02-24,0.6288764217199179
2011-02-25,0.6288396887376682
2011-02-26,0.6288418311131695
2011-02-27,0.628841224019986
2011-02-28,0.6278999506491477
2011-03-01,0.6274963226690456
2011-03-02,0.6271639639118322
2011-03-03,0.626520314101431
2011-03-04,0.6257421715393959
2011-03-05,0.625745827946764
2011-03-06,0.6257347854609817
2011-03-07,0.6254924416153376
2011-03-08,0.6267575450581484
2011-03-09,0.6258076007741799
2011-03-10,0.6269454833161348
2011-03-11,0.626755890853732
2011-03-12,0.6267610454148788
2011-03-13,0.6267237919491193
2011-03-14,0.6245087269657154
2011-03-15,0.6265667517585009
2011-03-16,0.6274569878405744
2011-03-17,0.6268845565099481
2011-03-18,0.6242120458936037
2011-03-19,0.6242278826775949
2011-03-20,0.624211619959751
2011-03-21,0.6225337258942797
2011-03-22,0.6228206107769281
2011-03-23,0.6239927345178227
2011-03-24,0.6233071018782906
2011-03-25,0.6237423652691414
2011-03-26,0.6237415662120396
2011-03-27,0.6237467417545575
2011-03-28,0.6226254864313852
2011-03-29,0.6239319062825314
2011-03-30,0.6233346871546296
2011-03-31,0.6227606364769659
2011-04-01,0.6218014918311969
2011-04-02,0.6218000704514494
2011-04-03,0.6217690446811744
2011-04-04,0.618978548701481
2011-04-05,0.6203287835749528
2011-04-06,0.6199727515212932
2011-04-07,0.6194746781098102
2011-04-08,0.6175484461254818
2011-04-09,0.6175597867953261
2011-04-10,0.6175553862034375
2011-04-11,0.616290950009603
2011-04-12,0.6179262838141174
2011-04-13,0.6178304576602351
2011-04-14,0.6179884580191722
2011-04-15,0.6176311080555301
2011-04-16,0.6176349271125576
2011-04-17,0.6176420325945728
2011-04-18,0.6191195652255839
2011-04-19,0.6191010459064408
2011-04-20,0.6173903958161129
2011-04-21,0.6162403079152293
2011-04-22,0.640137221712462
2011-04-23,0.6401419587333155
2011-04-24,0.6401621309915985
2011-04-25,0.6396323268230585
2011-04-26,0.6151957505416276
2011-04-27,0.6142222429368481
2011-04-28,0.6133465616511711
2011-04-29,0.6124386975348952
2011-04-30,0.6124303118077354
2011-05-01,0.6124470368208722
2011-05-02,0.6119462975887071
2011-05-03,0.6124470544162618
2011-05-04,0.6134928681013524
2011-05-05,0.6149785488686995
2011-05-06,0.6165510227329383
2011-05-07,0.6165522496346757
2011-05-08,0.616618636897584
2011-05-09,0.6185349584888067
2011-05-10,0.6178025207848877
2011-05-11,0.6194576896364543
2011-05-12,0.6200536372624283
2011-05-13,0.6218036252450583
2011-05-14,0.6218145035583104
2011-05-15,0.6218958221001639
2011-05-16,0.6223261149042704
2011-05-17,0.6216049937800684
2011-05-18,0.6206041078582362
2011-05-19,0.620725982232577
2011-05-20,0.6210694356353254
2011-05-21,0.6210687695494533
2011-05-22,0.6211000815742919
2011-05-23,0.622868729499895
2011-05-24,0.6231153817536154
2011-05-25,0.6231457519551751
2011-05-26,0.6226457242584332
2011-05-27,0.6208752617102897
2011-05-28,0.6208751174256836
2011-05-29,0.6208424747794915
2011-05-30,0.6188535395202787
2011-05-31,0.6185239096478622
2011-06-01,0.6195196388790414
2011-06-02,0.6184261127342136
2011-06-03,0.6171571254022237
2011-06-04,0.6171569980765613
2011-06-05,0.6171168656573345
2011-06-06,0.6158660571717839
2011-06-07,0.6165101316990035
2011-06-08,0.6171713499710313
2011-06-09,0.6174887995449346
2011-06-10,0.6185767081667721
2011-06-11,0.618576840882139
2011-06-12,0.6186196604096891
2011-06-13,0.6188402870379492
2011-06-14,0.6182043091103213
2011-06-15,0.6203630509093402
2011-06-16,0.6217924120543482
2011-06-17,0.6217803487258105
2011-06-18,0.6217776096733445
2011-06-19,0.621769514370442
2011-06-20,0.6208821511842116
2011-06-21,0.6207625250329806
2011-06-22,0.6205642723986246
2011-06-23,0.6216222730399414
2011-06-24,0.6223329004511367
2011-06-25,0.6223311882138499
2011-06-26,0.6223051655909168
2011-06-27,0.6221275558059364
2011-06-28,0.6220675411135307
2011-06-29,0.6209707221378244
2011-06-30,0.619111264144955
2011-07-01,0.6175241874046088
2011-07-02,0.6175241835627242
2011-07-03,0.6174983005241781
2011-07-04,0.6165247428595065
2011-07-05,0.6175399701307264
2011-07-06,0.6193640455101492
2011-07-07,0.6189913426223839
2011-07-08,0.6193825966381814
2011-07-09,0.6193820795508811
2011-07-10,0.619379181003866
2011-07-11,0.6211824062091635
2011-07-12,0.6230058185150692
2011-07-13,0.6213226459898482
2011-07-14,0.6209407249852004
2011-07-15,0.620869330555997
2011-07-16,0.6208713922424212
2011-07-17,0.6208634803968236
2011-07-18,0.6206329525421211
2011-07-19,0.6213362115761882
2011-07-20,0.6206051085361192
2011-07-21,0.6190717406913793
2011-07-22,0.6186539450512258
2011-07-23,0.6186548389007885
2011-07-24,0.6186439599093129
2011-07-25,0.61762764945457
2011-07-26,0.6169527268224273
2011-07-27,0.6173423748737369
2011-07-28,0.6178612830336796
2011-07-29,0.6176251292478098
2011-07-30,0.6176242576712692
2011-07-31,0.617557469579071
2011-08-01,0.6158906946348807
2011-08-02,0.6171596962696454
2011-08-03,0.6171645306838092
2011-08-04,0.6206223519116882
2011-08-05,0.6209208231250205
2011-08-06,0.6209226026236799
2011-08-07,0.6208845759100522
2011-08-08,0.6218162175244398
2011-08-09,0.621243801749568
2011-08-10,0.623835931876266
2011-08-11,0.6232273479775748
2011-08-12,0.6235674469465303
2011-08-13,0.6235713056060264
2011-08-14,0.6235733518865341
2011-08-15,0.6204428334042571
2011-08-16,0.620416163307105
2011-08-17,0.6205990620326488
2011-08-18,0.6220594575050836
2011-08-19,0.6228422072091654
2011-08-20,0.6228382050582184
2011-08-21,0.6228097748459127
2011-08-22,0.6225274459221264
2011-08-23,0.6227333313404664
2011-08-24,0.6233066191348892
2011-08-25,0.6236311682906148
2011-08-26,0.6224877247952697
2011-08-27,0.622482510428187
2011-08-28,0.6224553577445012
2011-08-29,0.620802596559352
2011-08-30,0.6218470623118142
2011-08-31,0.6218759216919107
2011-09-01,0.6224058760720675
2011-09-02,0.6233512660801686
2011-09-03,0.6233490834731384
2011-09-04,0.6233806572065629
2011-09-05,0.6246109953416548
2011-09-06,0.6265108338296841
2011-09-07,0.6265670814907207
2011-09-08,0.6275435873381785
2011-09-09,0.630821018527261
2011-09-10,0.6309589848574684
2011-09-11,0.6310133427358847
2011-09-12,0.6328558107726947
2011-09-13,0.6332889143872993
2011-09-14,0.6341192030400262
2011-09-15,0.6333648365419864
2011-09-16,0.6333137164216933
2011-09-17,0.6333253261651216
2011-09-18,0.6333219339789667
2011-09-19,0.6354381556658049
2011-09-20,0.6364975470790534
2011-09-21,0.6402398053931776
2011-09-22,0.6435712648164195
2011-09-23,0.6437785016743003
2011-09-24,0.6437826613869817
2011-09-25,0.6437856381261505
2011-09-26,0.6435109929610393
2011-09-27,0.6427967540469683
2011-09-28,0.6427565855088159
2011-09-29,0.6426348503608105
2011-09-30,0.6449315682647279
2011-10-01,0.6449312375256333
2011-10-02,0.6449726330876372
2011-10-03,0.6486901899159736
2011-10-04,0.646998441304557
2011-10-05,0.646188818958338
2011-10-06,0.6461580941370324
2011-10-07,0.6457298872594024
2011-10-08,0.64572902556939
2011-10-09,0.6457054019734196
2011-10-10,0.6414953103742349
2011-10-11,0.641639750547998
2011-10-12,0.6397663139560715
2011-10-13,0.6400368681661618
2011-10-14,0.6390120015337206
2011-10-15,0.6390071463887491
2011-10-16,0.6389829559432277
2011-10-17,0.6390931700948452
2011-10-18,0.640246375721318
2011-10-19,0.6406097126507535
2011-10-20,0.641488601848063
2011-10-21,0.6404622691687192
2011-10-22,0.6404592586230331
2011-10-23,0.6403515869104857
2011-10-24,0.6374797339412317
2011-10-25,0.6386350241077996
2011-10-26,0.6379802415939658
2011-10-27,0.6346356086090635
2011-10-28,0.6330953499088436
2011-10-29,0.6330952686292185
2011-10-30,0.6330977229497362
2011-10-31,0.6346697828520056
2011-11-01,0.6389031817479596
2011-11-02,0.6393252494277452
2011-11-03,0.6379590182135457
2011-11-04,0.6390108825202334
2011-11-05,0.6390105307208531
2011-11-06,0.6390197410160945
2011-11-07,0.6391722187748127
2011-11-08,0.6390068013067566
2011-11-09,0.6419028596392536
2011-11-10,0.642521668180249
2011-11-11,0.640745960881385
2011-11-12,0.6407445599553229
2011-11-13,0.6407035183040081
2011-11-14,0.6402908746757205
2011-11-15,0.6427608915584316
2011-11-16,0.6439104418004853
2011-11-17,0.6444878219684266
2011-11-18,0.6440166157513617
2011-11-19,0.6440128558061278
2011-11-20,0.6440321371507428
2011-11-21,0.6455658342821784
2011-11-22,0.6458290618515816
2011-11-23,0.648107789043779
2011-11-24,0.6490980383288842
2011-11-25,0.6503759629537824
2011-11-26,0.650349526640141
2011-11-27,0.6503520258368625
2011-11-28,0.6493980651151671
2011-11-29,0.6489096021218246
2011-11-30,0.6466161389939739
2011-12-01,0.646000375060335
2011-12-02,0.6450850420158979
2011-12-03,0.6450847766091249
2011-12-04,0.6451379679639758
2011-12-05,0.6452551211246523
2011-12-06,0.6453696438409392
2011-12-07,0.6450807009026781
2011-12-08,0.6474740505386795
2011-12-09,0.6468286714313535
2011-12-10,0.6468305311382875
2011-12-11,0.6464971456796391
2011-12-12,0.6494066295977488
2011-12-13,0.6516255161403002
2011-12-14,0.6530721798166873
2011-12-15,0.6528358962361717
2011-12-16,0.6521523333389403
2011-12-17,0.6521515022295324
2011-12-18,0.6521460843038529
2011-12-19,0.651694371125694
2011-12-20,0.6515769393887528
2011-12-21,0.6509106670024007
2011-12-22,0.6507731959403438
2011-12-23,0.6516114787531794
2011-12-24,0.6516110831301164
2011-12-25,0.6516192211264243
2011-12-26,0.651505652441261
2011-12-27,0.6511001370017067
2011-12-28,0.6529515929872326
2011-12-29,0.6533771743824841
2011-12-30,0.6530912978692852
2011-12-31,0.6530896653356846
2012-01-01,0.6530826528868025
2012-01-02,0.6518676390607335
2012-01-03,0.650705873222336
2012-01-04,0.6517490540660635
2012-01-05,0.6538216717792189
2012-01-06,0.655043304220206
2012-01-07,0.6550104160374901
2012-01-08,0.655044145995988
2012-01-09,0.6551689748835304
2012-01-10,0.6545138224363697
2012-01-11,0.6548258514114357
2012-01-12,0.6540479520586144
2012-01-13,0.6548010739829331
2012-01-14,0.6548019362977551
2012-01-15,0.654840670229348
2012-01-16,0.6543631732786072
2012-01-17,0.6539375616979695
2012-01-18,0.6527477016569899
2012-01-19,0.6509878521788051
2012-01-20,0.6503773285720603
2012-01-21,0.650379579172323
2012-01-22,0.6503562537357146
2012-01-23,0.6486142732903327
2012-01-24,0.6497855687156305
2012-01-25,0.6490096397913195
2012-01-26,0.6477329000440936
2012-01-27,0.64573242415453
2012-01-28,0.6457345351210346
2012-01-29,0.6457012161736613
2012-01-30,0.6446289792931332
2012-01-31,0.6465313234535672
2012-02-01,0.6455017086673844
2012-02-02,0.6449639977230183
2012-02-03,0.6442727267782918
2012-02-04,0.6443241307776398
2012-02-05,0.6443252511234207
2012-02-06,0.643636904092846
2012-02-07,0.643506066474578
2012-02-08,0.643247185669363
2012-02-09,0.6433873506930455
2012-02-10,0.645055977903576
2012-02-11,0.6450301996106746
2012-02-12,0.6450444108931972
2012-02-13,0.6445613186746199
2012-02-14,0.6457259241528154
2012-02-15,0.6461869588157411
2012-02-16,0.6458296481645787
2012-02-17,0.6457760813509356
2012-02-18,0.6457711305639136
2012-02-19,0.6455633088195072
2012-02-20,0.6435639529244704
2012-02-21,0.6440782347587193
2012-02-22,0.6448209978737927
2012-02-23,0.6442855924583124
2012-02-24,0.6434394498608216
2012-02-25,0.6434352300381617
2012-02-26,0.6434226503520656
2012-02-27,0.6427489215432935
2012-02-28,0.6427513490945993
2012-02-29,0.6331305988286904
2012-03-01,0.6331603894641017
2012-03-02,0.6345768720247771
2012-03-03,0.634573939237521
2012-03-04,0.6345832473383767
2012-03-05,0.6349826979999414
2012-03-06,0.637241890278123
2012-03-07,0.6370710295295128
2012-03-08,0.6353661874600223
2012-03-09,0.6358823408718414
2012-03-10,0.6358800648416861
2012-03-11,0.6358796530536057
2012-03-12,0.6362270004760006
2012-03-13,0.6366205102044452
2012-03-14,0.6384338308662385
2012-03-15,0.6379194639953927
2012-03-16,0.6369833843282703
2012-03-17,0.6369825830395921
2012-03-18,0.6369449859771883
2012-03-19,0.6352555728419046
2012-03-20,0.6365370440129104
2012-03-21,0.6370625961320655
2012-03-22,0.6377691681011342
2012-03-23,0.6374907915464099
2012-03-24,0.6374892675722676
2012-03-25,0.6374738791534771
2012-03-26,0.6346813132733508
2012-03-27,0.6363526196558577
2012-03-28,0.6368229752818829
2012-03-29,0.6368860227270973
2012-03-30,0.6367183290767089
2012-03-31,0.6367210791883001
2012-04-01,0.6367193356035271
2012-04-02,0.6299223645108308
2012-04-03,0.6556585844820395
2012-04-04,0.6570749192567984
2012-04-05,0.6579231226029483
2012-04-06,0.6578433916811354
2012-04-07,0.6578395850800096
2012-04-08,0.657830223219354
2012-04-09,0.6572951673522825
2012-04-10,0.6647049036949776
2012-04-11,0.6645388680387663
2012-04-12,0.6633033234432554
2012-04-13,0.6638964977258477
2012-04-14,0.6638972295796687
2012-04-15,0.6639299861949458
2012-04-16,0.6637837603078618
2012-04-17,0.663765271908286
2012-04-18,0.6640237042846876
2012-04-19,0.6646641835920234
2012-04-20,0.6557914105911187
2012-04-21,0.6557930699900463
2012-04-22,0.6557800543013922
2012-04-23,0.6553411291203053
2012-04-24,0.6525211634758491
2012-04-25,0.6517318137512411
2012-04-26,0.6508633203254842
2012-04-27,0.6500939025945266
2012-04-28,0.6500908945108925
2012-04-29,0.6500820113966237
2012-04-30,0.6485433488216131
2012-05-01,0.6491268982117766
2012-05-02,0.6497660874810447
2012-05-03,0.6497874015092182
2012-05-04,0.6504484506369227
2012-05-05,0.6504490088891778
2012-05-06,0.6504690792959423
2012-05-07,0.6509332943731713
2012-05-08,0.6543483932672104
2012-05-09,0.6561780298135872
2012-05-10,0.6568141636689013
2012-05-11,0.6573062648509619
2012-05-12,0.6573040920614385
2012-05-13,0.6573106962677263
2012-05-14,0.6590313652716145
2012-05-15,0.6611998372589787
2012-05-16,0.6602751953109969
2012-05-17,0.6609606062264474
2012-05-18,0.6596432763307878
2012-05-19,0.6596375989791969
2012-05-20,0.659607858931099
2012-05-21,0.6592805683226116
2012-05-22,0.6618162655146665
2012-05-23,0.6642313857611171
2012-05-24,0.6651390188168499
2012-05-25,0.6650919495899631
2012-05-26,0.6650900313196334
2012-05-27,0.6651127992614879
2012-05-28,0.6651025679202675
2012-05-29,0.6653345266082876
2012-05-30,0.6678513132959367
2012-05-31,0.669486894553548
2012-06-01,0.6687910095821882
2012-06-02,0.6687792449167971
2012-06-03,0.6687332799025707
2012-06-04,0.6673335169257067
2012-06-05,0.6674753732464499
2012-06-06,0.6655760835049406
2012-06-07,0.6653229439594999
2012-06-08,0.6647565729214334
2012-06-09,0.6647549648227616
2012-06-10,0.6647325580467176
2012-06-11,0.6668938126698503
2012-06-12,0.6671285191231267
2012-06-13,0.6662122218177692
2012-06-14,0.6649024918711759
2012-06-15,0.6646299286072529
2012-06-16,0.6646299980271763
2012-06-17,0.6646139681552287
2012-06-18,0.664562281329781
2012-06-19,0.6564291308271191
2012-06-20,0.662423362369464
2012-06-21,0.6645273914359661
2012-06-22,0.6654880967802359
2012-06-23,0.6654880193582454
2012-06-24,0.6654197098315414
2012-06-25,0.6654859428341471
2012-06-26,0.6656285737350172
2012-06-27,0.6660492324872828
2012-06-28,0.6664251240937181
2012-06-29,0.666141613311
2012-06-30,0.6661410373599693
2012-07-01,0.6661063774423126
2012-07-02,0.6619372188873094
2012-07-03,0.664778369560756
2012-07-04,0.6653125841826502
2012-07-05,0.6672920350245553
2012-07-06,0.6694137849963867
2012-07-07,0.6694137071176881
2012-07-08,0.6694507019062879
2012-07-09,0.6685498698333913
2012-07-10,0.6691134792240652
2012-07-11,0.6694698125280656
2012-07-12,0.6700325872854201
2012-07-13,0.6695125433750535
2012-07-14,0.6695126870423558
2012-07-15,0.6694901557548467
2012-07-16,0.6680867266528263
2012-07-17,0.6680005614510768
2012-07-18,0.6678097909008437
2012-07-19,0.6673260561301806
2012-07-20,0.669481946281882
2012-07-21,0.669479958439903
2012-07-22,0.6695130022804584
2012-07-23,0.671117335789755
2012-07-24,0.6722493568194339
2012-07-25,0.6650007843235711
2012-07-26,0.6687942918279379
2012-07-27,0.6674380111584823
2012-07-28,0.6674756196787447
2012-07-29,0.6674682096303758
2012-07-30,0.667070229782869
2012-07-31,0.6670481955814601
2012-08-01,0.6679993871126098
2012-08-02,0.669160405276846
2012-08-03,0.6663769885325306
2012-08-04,0.6663764121800294
2012-08-05,0.666333074062179
2012-08-06,0.6643811012160801
2012-08-07,0.6649011033386354
2012-08-08,0.6649080193257959
2012-08-09,0.6654824844159188
2012-08-10,0.6649261823072286
2012-08-11,0.6649262515657544
2012-08-12,0.6649150495996733
2012-08-13,0.6649216686485836
2012-08-14,0.6657215646753962
2012-08-15,0.6661167786081172
2012-08-16,0.6655052190807141
2012-08-17,0.6664681433548243
2012-08-18,0.666467419761384
2012-08-19,0.6664762811566483
2012-08-20,0.6662930619559693
2012-08-21,0.6650851462294146
2012-08-22,0.6636891148837939
2012-08-23,0.6635657023890724
2012-08-24,0.6646448235972376
2012-08-25,0.6646447543680227
2012-08-26,0.664647874759201
2012-08-27,0.6651802396369199
2012-08-28,0.6652784004301439
2012-08-29,0.665765501856482
2012-08-30,0.6668380061853219
2012-08-31,0.6659789881948449
2012-09-01,0.6659786202909912
2012-09-02,0.6659827797932573
2012-09-03,0.6656221837670421
2012-09-04,0.6658594548876104
2012-09-05,0.6658024894506969
2012-09-06,0.6646722350558144
2012-09-07,0.662453675487885
2012-09-08,0.662453886629756
2012-09-09,0.6624106532042198
2012-09-10,0.6621453682137294
2012-09-11,0.6615658243322117
2012-09-12,0.6612976772094266
2012-09-13,0.6601100024955777
2012-09-14,0.6584000235147479
2012-09-15,0.6584000920935134
2012-09-16,0.6583922187984954
2012-09-17,0.657161937303236
2012-09-18,0.6580128559334187
2012-09-19,0.6578061661133979
2012-09-20,0.6581905230135321
2012-09-21,0.6586059064624843
2012-09-22,0.6586061326950732
2012-09-23,0.6586172066445187
2012-09-24,0.658977732387366
2012-09-25,0.6594094203824479
2012-09-26,0.6599199418418412
2012-09-27,0.6591815288375047
2012-09-28,0.6599366619978513
2012-09-29,0.6599366619978513
2012-09-30,0.6599589983041791
2012-10-01,0.6603282672558467
2012-10-02,0.659946906742071
2012-10-03,0.660575129605356
2012-10-04,0.6594649220586869
2012-10-05,0.6592974598531546
2012-10-06,0.659297096115973
2012-10-07,0.659285618510224
2012-10-08,0.6600888409321858
2012-10-09,0.6620887108374259
2012-10-10,0.6622698960101477
2012-10-11,0.6615654354378808
2012-10-12,0.6609305124954564
2012-10-13,0.6609039626177747
2012-10-14,0.6609086196303307
2012-10-15,0.6610300941467959
2012-10-16,0.660217822168253
2012-10-17,0.6588944702916817
2012-10-18,0.659962481371216
2012-10-19,0.660960611246047
2012-10-20,0.6609600480686748
2012-10-21,0.6609596074757077
2012-10-22,0.6601507060979719
2012-10-23,0.661785414657953
2012-10-24,0.6622853556339681
2012-10-25,0.662987821302207
2012-10-26,0.6628385998331426
2012-10-27,0.6628391646111533
2012-10-28,0.6628233175736619
2012-10-29,0.6625631781367234
2012-10-30,0.6625845947007415
2012-10-31,0.661790294045865
2012-11-01,0.6619720295826396
2012-11-02,0.6628815190852583
2012-11-03,0.6628554268778711
2012-11-04,0.6628735487748622
2012-11-05,0.6634137514629537
2012-11-06,0.6627570157231845
2012-11-07,0.6635997885716026
2012-11-08,0.6637584172503137
2012-11-09,0.6641426716988623
2012-11-10,0.6641684656911029
2012-11-11,0.6641682808623421
2012-11-12,0.6646053751984561
2012-11-13,0.6654439094999806
2012-11-14,0.665847729124875
2012-11-15,0.6657848730228091
2012-11-16,0.6662865384066889
2012-11-17,0.6662850572976182
2012-11-18,0.6662817043597835
2012-11-19,0.6653187639151307
2012-11-20,0.6647959361715562
2012-11-21,0.6652728374366784
2012-11-22,0.6646502588956307
2012-11-23,0.6639017167569548
2012-11-24,0.663901846818208
2012-11-25,0.6638766132370267
2012-11-26,0.6628017686670066
2012-11-27,0.6638101732497548
2012-11-28,0.6641254037688544
2012-11-29,0.6635793577040251
2012-11-30,0.6633363420007641
2012-12-01,0.6633317288197892
2012-12-02,0.6633313264195958
2012-12-03,0.6628779529691567
2012-12-04,0.6623000851645314
2012-12-05,0.6617939833639997
2012-12-06,0.6633155429275984
2012-12-07,0.6634917316024558
2012-12-08,0.6634920965195035
2012-12-09,0.6635102375223142
2012-12-10,0.6627746781577104
2012-12-11,0.6624861915442464
2012-12-12,0.6614962029821984
2012-12-13,0.661252196997273
2012-12-14,0.6576074592856593
2012-12-15,0.6576075277818728
2012-12-16,0.6575768110924729
2012-12-17,0.6603251034074558
2012-12-18,0.6599963698259297
2012-12-19,0.6603375268069007
2012-12-20,0.6602201140378654
2012-12-21,0.6609438706838512
2012-12-22,0.6609438706838512
2012-12-23,0.6609854009345735
2012-12-24,0.6613975118846521
2012-12-25,0.6612822541352024
2012-12-26,0.6613843385316275
2012-12-27,0.6610005396080717
2012-12-28,0.6612227080792032
2012-12-29,0.6612238346454363
2012-12-30,0.6612138549794998
2012-12-31,0.6607105003545922
2013-01-01,0.6610399100445834
2013-01-02,0.6606307537989149
2013-01-03,0.6624460636528401
2013-01-04,0.6626518920335684
2013-01-05,0.6626518920335684
2013-01-06,0.6626629831775586
2013-01-07,0.6620531283997918
2013-01-08,0.6622137308288135
2013-01-09,0.6623815356571902
2013-01-10,0.6602557545087668
2013-01-11,0.659568537913211
2013-01-12,0.6595688897216209
2013-01-13,0.6595857595793235
2013-01-14,0.6599383952349226
2013-01-15,0.6612259210352001
2013-01-16,0.6615432157449872
2013-01-17,0.6610946647044369
2013-01-18,0.6613377498484817
2013-01-19,0.6613340829306337
2013-01-20,0.6613506188123475
2013-01-21,0.6618305408383998
2013-01-22,0.662086973491108
2013-01-23,0.6628263012012365
2013-01-24,0.662859813212026
2013-01-25,0.6616290713974972
2013-01-26,0.6616291289527457
2013-01-27,0.6616294227787264
2013-01-28,0.6604906748803661
2013-01-29,0.6609226680913094
2013-01-30,0.6558033344182671
2013-01-31,0.655328641134905
2013-02-01,0.6546060842382164
2013-02-02,0.6546061223165456
2013-02-03,0.6546055474991548
2013-02-04,0.6553539511180851
2013-02-05,0.6557234431926405
2013-02-06,0.655563494471919
2013-02-07,0.6572407235886434
2013-02-08,0.6584544528589632
2013-02-09,0.658454311564594
2013-02-10,0.6584778801357811
2013-02-11,0.6569435307157588
2013-02-12,0.6565233492741089
2013-02-13,0.6563763516301345
2013-02-14,0.6564705164579079
2013-02-15,0.6566994849825705
2013-02-16,0.6566994849825705
2013-02-17,0.6566994849825705
2013-02-18,0.6569641734816825
2013-02-19,0.6575087666706416
2013-02-20,0.6583023730665023
2013-02-21,0.6599858009366815
2013-02-22,0.6592167935012075
2013-02-23,0.6591973468509801
2013-02-24,0.6591973468509801
2013-02-25,0.6605375994049905
2013-02-26,0.6618714375297904
2013-02-27,0.6601263615859376
2013-02-28,0.6608553099042228
2013-03-01,0.6614997000869651
2013-03-02,0.6614862315046232
2013-03-03,0.6615364346294107
2013-03-04,0.6617188038762328
2013-03-05,0.6611341606400485
2013-03-06,0.6625899195296918
2013-03-07,0.6624296892716703
2013-03-08,0.6626212309723883
2013-03-09,0.6626211619539477
2013-03-10,0.6626212309723883
2013-03-11,0.6627328393374573
2013-03-12,0.6621317940481549
2013-03-13,0.6633139068488684
2013-03-14,0.66312607672218
2013-03-15,0.6615315319514077
2013-03-16,0.6615132948927857
2013-03-17,0.6615133637958341
2013-03-18,0.6628825175874246
2013-03-19,0.6644330951049008
2013-03-20,0.6647370891412504
2013-03-21,0.6642966870777658
2013-03-22,0.6638754607281161
2013-03-23,0.6638622498264906
2013-03-24,0.6638622498264906
2013-03-25,0.6644371889680711
2013-03-26,0.6648354444753978
2013-03-27,0.6647206749578595
2013-03-28,0.6647360321886213
2013-03-29,0.6648176711307121
2013-03-30,0.6648180377064348
2013-03-31,0.6648180377064348
2013-04-01,0.6647904692501437
2013-04-02,0.6644645280499054
2013-04-03,0.6647413172248424
2013-04-04,0.6634561132904886
2013-04-05,0.6626995343344037
2013-04-06,0.662672997589741
2013-04-07,0.662672997589741
2013-04-08,0.6629220923715803
2013-04-09,0.6616282678193299
2013-04-10,0.6614812837363693
2013-04-11,0.6614416306774397
2013-04-12,0.6607906560111623
2013-04-13,0.6607919976663286
2013-04-14,0.6610122099801737
2013-04-15,0.6624505720893871
2013-04-16,0.6612113933032325
2013-04-17,0.6628854182852452
2013-04-18,0.6643017614315464
2013-04-19,0.6638180879152327
2013-04-20,0.6638179454699035
2013-04-21,0.6638314820472707
2013-04-22,0.6637891722926257
2013-04-23,0.664537796114098
2013-04-24,0.6649470927361615
2013-04-25,0.6639897506347913
2013-04-26,0.6637930138575701
2013-04-27,0.663769252869017
2013-04-28,0.6637697280872994
2013-04-29,0.6625155975734206
2013-04-30,0.6609012949776649
2013-05-01,0.660904709851823
2013-05-02,0.6625642603444262
2013-05-03,0.6621477634196711
2013-05-04,0.6621410971502877
2013-05-05,0.6621408902394993
2013-05-06,0.661810393124668
2013-05-07,0.6623397758001414
2013-05-08,0.6619579606192123
2013-05-09,0.6626446977017569
2013-05-10,0.6644241878171568
2013-05-11,0.664403326580225
2013-05-12,0.6644444856600918
2013-05-13,0.6640064984829541
2013-05-14,0.6651092630994466
2013-05-15,0.6660066058023979
2013-05-16,0.6663713781274593
2013-05-17,0.6677426666218962
2013-05-18,0.6677233529287909
2013-05-19,0.6677233529287909
2013-05-20,0.6674272168212007
2013-05-21,0.6670205417826468
2013-05-22,0.6700976260003069
2013-05-23,0.669783079129422
2013-05-24,0.6691530295317022
2013-05-25,0.6691530295317022
2013-05-26,0.6691530295317022
2013-05-27,0.6692670361067792
2013-05-28,0.6718547594285326
2013-05-29,0.671214021033336
2013-05-30,0.6723181612142849
2013-05-31,0.6602757779805601
2013-06-01,0.6602613861688625
2013-06-02,0.6602613173962201
2013-06-03,0.6594393357566521
2013-06-04,0.6597036577720117
2013-06-05,0.6599002904807106
2013-06-06,0.6582692330113699
2013-06-07,0.6585797428858036
2013-06-08,0.658453750480957
2013-06-09,0.6584510993455609
2013-06-10,0.6755905113335144
2013-06-11,0.6754239082718378
2013-06-12,0.6746633547619407
2013-06-13,0.6565251042099707
2013-06-14,0.6566272006434455
2013-06-15,0.6566168295192386
2013-06-16,0.6566170763327362
2013-06-17,0.656754428541937
2013-06-18,0.6738583482081909
2013-06-19,0.6729316856497103
2013-06-20,0.6758030829738373
2013-06-21,0.6769504734634219
2013-06-22,0.6769286529229039
2013-06-23,0.676928723429721
2013-06-24,0.6771317678704845
2013-06-25,0.6775651718991627
2013-06-26,0.6771431934989461
2013-06-27,0.6804257986316777
2013-06-28,0.681498746733943
2013-06-29,0.6814619228967299
2013-06-30,0.6814619938776186
2013-07-01,0.6624014632893946
2013-07-02,0.663189295479948
2013-07-03,0.6634173020018831
2013-07-04,0.6643581161809002
2013-07-05,0.6665431376595453
2013-07-06,0.6665201365049426
2013-07-07,0.6683506814879431
2013-07-08,0.6682400653929682
2013-07-09,0.6686845600815192
2013-07-10,0.6661351881471501
2013-07-11,0.6635980256390098
2013-07-12,0.6644547726477408
2013-07-13,0.6644566581729863
2013-07-14,0.6644586504773092
2013-07-15,0.6639674855591137
2013-07-16,0.6625737331502849
2013-07-17,0.6546987090433866
2013-07-18,0.6575582270412893
2013-07-19,0.6555568776495364
2013-07-20,0.6556203076800539
2013-07-21,0.6556202399238183
2013-07-22,0.6649398448328858
2013-07-23,0.6641006563032114
2013-07-24,0.6645261432772089
2013-07-25,0.6642037692822613
2013-07-26,0.6642568627260468
2013-07-27,0.6642354679785866
2013-07-28,0.6642354679785866
2013-07-29,0.664454714807835
2013-07-30,0.6661827497109633
2013-07-31,0.666001928916167
2013-08-01,0.6671441062056889
2013-08-02,0.666352569216746
2013-08-03,0.6663459696535581
2013-08-04,0.6663479694731045
2013-08-05,0.6659295992332558
2013-08-06,0.6660161731274923
2013-08-07,0.665671522201301
2013-08-08,0.6649226590119078
2013-08-09,0.664460723949796
2013-08-10,0.6644379144788142
2013-08-11,0.6644271534579701
2013-08-12,0.6652910120949688
2013-08-13,0.6666963950915752
2013-08-14,0.667591977377096
2013-08-15,0.6666259872811447
2013-08-16,0.6677991181876904
2013-08-17,0.6677818345123683
2013-08-18,0.6677818345123683
2013-08-19,0.6690076126689288
2013-08-20,0.6682648701422637
2013-08-21,0.667622522322467
2013-08-22,0.6698237153872328
2013-08-23,0.6693032233095252
2013-08-24,0.66946232204852
2013-08-25,0.6694604925413182
2013-08-26,0.6752551562251273
2013-08-27,0.6709424500013446
2013-08-28,0.6717722144981298
2013-08-29,0.673352883926507
2013-08-30,0.6785389657480428
2013-08-31,0.6785887683143622
2013-09-01,0.6785851503854261
2013-09-02,0.6784958144774424
2013-09-03,0.6742122035113697
2013-09-04,0.6736566659776115
2013-09-05,0.6744713165917454
2013-09-06,0.6785175698145551
2013-09-07,0.6785175698145551
2013-09-08,0.6785175698145551
2013-09-09,0.6718019156189908
2013-09-10,0.6705153235263858
2013-09-11,0.6698841629660915
2013-09-12,0.6746758269085269
2013-09-13,0.6753672159190164
2013-09-14,0.6753438364298231
2013-09-15,0.6753436957519607
2013-09-16,0.6732779726105226
2013-09-17,0.6734401983075916
2013-09-18,0.6701033007209364
2013-09-19,0.6694381381064055
2013-09-20,0.6697556841716839
2013-09-21,0.6697556841716839
2013-09-22,0.669755614411979
2013-09-23,0.670550083666626
2013-09-24,0.6713839270873688
2013-09-25,0.6713949924519916
2013-09-26,0.6677527120799301
2013-09-27,0.6734080723182378
2013-09-28,0.6733847517717326
2013-09-29,0.6734107942664619
2013-09-30,0.6722388530140002
2013-10-01,0.672346584264984
2013-10-02,0.6714191643620657
2013-10-03,0.6659759107270421
2013-10-04,0.6713126415725058
2013-10-05,0.6712809401906461
2013-10-06,0.6712809401906461
2013-10-07,0.6715595971973465
2013-10-08,0.6718654885843368
2013-10-09,0.6713898877930898
2013-10-10,0.6719807301199718
2013-10-11,0.6719268091941373
2013-10-12,0.6718737527276483
2013-10-13,0.671873892690164
2013-10-14,0.6708581153877806
2013-10-15,0.6713738013098097
2013-10-16,0.680780507333393
2013-10-17,0.6791260782715797
2013-10-18,0.6800030435957363
2013-10-19,0.6799727000315399
2013-10-20,0.6799727708554228
2013-10-21,0.6687662453469448
2013-10-22,0.6681147692001093
2013-10-23,0.6674284606749668
2013-10-24,0.6674628944557547
2013-10-25,0.6679919038517556
2013-10-26,0.6679729684808783
2013-10-27,0.6679729684808783
2013-10-28,0.6624147382583303
2013-10-29,0.6638946307621542
2013-10-30,0.6644132199661789
2013-10-31,0.6662877199676256
2013-11-01,0.668439137470158
2013-11-02,0.6684372945408145
2013-11-03,0.6684376735740174
2013-11-04,0.6685895958373673
2013-11-05,0.6697962188030006
2013-11-06,0.6694053163742024
2013-11-07,0.6704368947195753
2013-11-08,0.6719595711223386
2013-11-09,0.6719587758508238
2013-11-10,0.6719586358706239
2013-11-11,0.6731474938596387
2013-11-12,0.6908369293777762
2013-11-13,0.6902014291784396
2013-11-14,0.7067088924607311
2013-11-15,0.7068103851456907
2013-11-16,0.7068103851456907
2013-11-17,0.7068103851456907
2013-11-18,0.704993570344866
2013-11-19,0.7064454068759926
2013-11-20,0.7122434161398399
2013-11-21,0.7208701150507966
2013-11-22,0.7307254654032922
2013-11-23,0.7307254654032922
2013-11-24,0.7307252370668404
2013-11-25,0.7027943481588534
2013-11-26,0.7516334576556224
2013-11-27,0.6725448925814191
2013-11-28,0.6721399547005635
2013-11-29,0.7129365286168345
2013-11-30,0.7129379754253734
2013-12-01,0.7129394314853187
2013-12-02,0.731731829862365
2013-12-03,0.6674700076034753
2013-12-04,0.6847095088701136
2013-12-05,0.7066042495371425
2013-12-06,0.671410220277698
2013-12-07,0.6714062212431208
2013-12-08,0.6714062212431208
2013-12-09,0.6704781225450224
2013-12-10,0.670669467855762
2013-12-11,0.6712431521495625
2013-12-12,0.6717753653032562
2013-12-13,0.6719437204108454
2013-12-14,0.6719435762337637
2013-12-15,0.6719435762337637
2013-12-16,0.6707789037998653
2013-12-17,0.6827414128044099
2013-12-18,0.6905024441250069
2013-12-19,0.6948095754302964
2013-12-20,0.6702374370429129
2013-12-21,0.6702337286748478
2013-12-22,0.6702299734497653
2013-12-23,0.6757120778011539
2013-12-24,0.6728981062925589
2013-12-25,0.6730371262627552
2013-12-26,0.6765079715168634
2013-12-27,0.6701258900109991
2013-12-28,0.6701347533305353
2013-12-29,0.6701346835313527
2013-12-30,0.6695921233088903
2013-12-31,0.6729837023268652
2014-01-01,0.6736002355587662
2014-01-02,0.6724033716599768
2014-01-03,0.6717705745947354
2014-01-04,0.6717647851302828
2014-01-05,0.6717647851302828
2014-01-06,0.6751234282413495
2014-01-07,0.6739950887772058
2014-01-08,0.6735898643798267
2014-01-09,0.6769820617851398
2014-01-10,0.6792509985384039
2014-01-11,0.6792495560934274
2014-01-12,0.6792472303806476
2014-01-13,0.6817634677697149
2014-01-14,0.6857004301982687
2014-01-15,0.6905059765866008
2014-01-16,0.6909923891527205
2014-01-17,0.6984894902069853
2014-01-18,0.6984894902069853
2014-01-19,0.6984891991852795
2014-01-20,0.6952251387123755
2014-01-21,0.6991364541371303
2014-01-22,0.7031821266636081
2014-01-23,0.6998879759770134
2014-01-24,0.7038572316177919
2014-01-25,0.7038560386222329
2014-01-26,0.7038560386222329
2014-01-27,0.7045127737145357
2014-01-28,0.7078111931973095
2014-01-29,0.7116070770052936
2014-01-30,0.7160172878704152
2014-01-31,0.7207301139582776
2014-02-01,0.7207299593302218
2014-02-02,0.720729884261196
2014-02-03,0.7251678002457829
2014-02-04,0.7281154069170213
2014-02-05,0.7302957120491487
2014-02-06,0.7301913089136488
2014-02-07,0.7331890129683674
2014-02-08,0.7331894848457603
2014-02-09,0.7331894084789852
2014-02-10,0.7362534095315852
2014-02-11,0.7413009781146047
2014-02-12,0.7451932892179978
2014-02-13,0.7481769040730583
2014-02-14,0.7507204455517869
2014-02-15,0.7507204455517869
2014-02-16,0.7507204455517869
2014-02-17,0.7498878768899482
2014-02-18,0.7530942363722127
2014-02-19,0.7583475660836149
2014-02-20,0.7590227833714502
2014-02-21,0.6729583495208731
2014-02-22,0.6729583495208731
2014-02-23,0.6729583495208731
2014-02-24,0.6715536501082363
2014-02-25,0.6786081934912067
2014-02-26,0.6748150162791487
2014-02-27,0.6747176721209723
2014-02-28,0.6643187401004791
2014-03-01,0.6643187401004791
2014-03-02,0.6643218697954721
2014-03-03,0.6641866737458502
2014-03-04,0.6547683325921613
2014-03-05,0.6542182874166792
2014-03-06,0.6527812328359274
2014-03-07,0.6479802326480614
2014-03-08,0.6479774337091442
2014-03-09,0.6479774337091442
2014-03-10,0.643143745845346
2014-03-11,0.6486697551305729
2014-03-12,0.6438103570664585
2014-03-13,0.6808442046666326
2014-03-14,0.6630527098441031
2014-03-15,0.6630529943477641
2014-03-16,0.6630529943477641
2014-03-17,0.6900340173481851
2014-03-18,0.6804652651479656
2014-03-19,0.6792000315883301
2014-03-20,0.6804690441279354
2014-03-21,0.6807027325133103
2014-03-22,0.6806972351082596
2014-03-23,0.6806972351082596
2014-03-24,0.6801164330925578
2014-03-25,0.6801569360202157
2014-03-26,0.6799829953260613
2014-03-27,0.6797614242114662
2014-03-28,0.6800141960865997
2014-03-29,0.6800145003479318
2014-03-30,0.6800145711761701
2014-03-31,0.6788831816329494
2014-04-01,0.679559539472948
2014-04-02,0.6796294004262503
2014-04-03,0.6804822766326719
2014-04-04,0.6803754152447095
2014-04-05,0.6803763116502716
2014-04-06,0.6803763116502716
2014-04-07,0.6795832577983706
2014-04-08,0.6789171388337839
2014-04-09,0.6786243814959235
2014-04-10,0.6782631322662858
2014-04-11,0.6769413977882599
2014-04-12,0.6769429536709716
2014-04-13,0.6769429536709716
2014-04-14,0.6788156806406782
2014-04-15,0.679618746226196
2014-04-16,0.6790137989546153
2014-04-17,0.6784635988808991
2014-04-18,0.6786850903034758
2014-04-19,0.6786849446719125
2014-04-20,0.6786849446719125
2014-04-21,0.678930414113888
2014-04-22,0.6797045514221143
2014-04-23,0.6799951163215008
2014-04-24,0.6800534379056241
2014-04-25,0.6796770368366981
2014-04-26,0.6796774118836768
2014-04-27,0.6796774118836768
2014-04-28,0.6796467079404505
2014-04-29,0.6799827239152584
2014-04-30,0.6790771372183944
2014-05-01,0.6784105456923161
2014-05-02,0.67887881547375
2014-05-03,0.6788803716785266
2014-05-04,0.678879947412363
2014-05-05,0.6790637527823715
2014-05-06,0.678307561768106
2014-05-07,0.678088500385927
2014-05-08,0.6782135859661022
2014-05-09,0.6789868024176928
2014-05-10,0.6789841513621554
2014-05-11,0.6789839392050963
2014-05-12,0.6796473629477916
2014-05-13,0.6799945167831289
2014-05-14,0.6802605523800126
2014-05-15,0.6807929736387175
2014-05-16,0.6809624066453248
2014-05-17,0.680836830111242
2014-05-18,0.6808367591973642
2014-05-19,0.6804816371017086
2014-05-20,0.6813604755416298
2014-05-21,0.6814289163536212
2014-05-22,0.6814554940153904
2014-05-23,0.6810289528868857
2014-05-24,0.6810316300893003
2014-05-25,0.6810316300893003
2014-05-26,0.6807359297959298
2014-05-27,0.6817281487952978
2014-05-28,0.681629676488003
2014-05-29,0.6828527234091433
2014-05-30,0.6818460747441043
2014-05-31,0.681845322628793
2014-06-01,0.681844896509689
2014-06-02,0.6829986236802716
2014-06-03,0.6832939406269659
2014-06-04,0.683875112939064
2014-06-05,0.6829434740929926
2014-06-06,0.6813553843249113
2014-06-07,0.6813553717334313
2014-06-08,0.6813548039980784
2014-06-09,0.6819194285934554
2014-06-10,0.6822643326223917
2014-06-11,0.6830959341034439
2014-06-12,0.6829087929740779
2014-06-13,0.682737017766148
2014-06-14,0.6827353428198706
2014-06-15,0.6827351294907086
2014-06-16,0.6830229150996088
2014-06-17,0.6834319896279715
2014-06-18,0.6602735969719934
2014-06-19,0.6601065357426076
2014-06-20,0.6602190247265933
2014-06-21,0.6602190855634064
2014-06-22,0.6602185354397393
2014-06-23,0.6598766734215421
2014-06-24,0.6705921423947704
2014-06-25,0.6687166588473885
2014-06-26,0.6709152018297515
2014-06-27,0.6705600314261543
2014-06-28,0.6705579587047624
2014-06-29,0.6705579587047624
2014-06-30,0.6702091842006259
2014-07-01,0.6701928511576944
2014-07-02,0.6698226027329991
2014-07-03,0.6709237583433278
2014-07-04,0.6706748674609073
2014-07-05,0.6706748674609073
2014-07-06,0.6706748674609073
2014-07-07,0.6704524129031322
2014-07-08,0.6707191282421848
2014-07-09,0.6701198895053935
2014-07-10,0.6698193316118912
2014-07-11,0.6707325833156805
2014-07-12,0.6707526969706333
2014-07-13,0.6707523476436512
2014-07-14,0.658349859759527
2014-07-15,0.6589524414560464
2014-07-16,0.6714478254889883
2014-07-17,0.6721412786891844
2014-07-18,0.6720254028793705
2014-07-19,0.672024950071588
2014-07-20,0.6720246700761845
2014-07-21,0.6714082629107008
2014-07-22,0.6723120956903724
2014-07-23,0.6715183076654552
2014-07-24,0.6720761227394376
2014-07-25,0.6724214602736737
2014-07-26,0.6724211467880432
2014-07-27,0.6724209366816822
2014-07-28,0.6727150644969598
2014-07-29,0.6725701619484677
2014-07-30,0.6736640126410605
2014-07-31,0.6743567262246876
2014-08-01,0.6620618552988109
2014-08-02,0.6620574005202673
2014-08-03,0.6620572626100474
2014-08-04,0.6744560043204153
2014-08-05,0.6750067604051162
2014-08-06,0.6748676586394489
2014-08-07,0.6758892753784207
2014-08-08,0.6756183333187292
2014-08-09,0.6756183333187292
2014-08-10,0.6756180518261624
2014-08-11,0.6762708782939876
2014-08-12,0.6760714839696004
2014-08-13,0.6761275281542953
2014-08-14,0.6632742842850755
2014-08-15,0.6628391226828225
2014-08-16,0.6628372931267796
2014-08-17,0.6628368098532027
2014-08-18,0.6749866107525135
2014-08-19,0.6759605532635656
2014-08-20,0.6772145068865523
2014-08-21,0.6772614868250489
2014-08-22,0.6770526141079865
2014-08-23,0.6770526141079865
2014-08-24,0.6770524730666545
2014-08-25,0.6781895802765266
2014-08-26,0.678137072965562
2014-08-27,0.6774226820054094
2014-08-28,0.6781017446266352
2014-08-29,0.6785664227570344
2014-08-30,0.6785670008648002
2014-08-31,0.6785668595155359
2014-09-01,0.6788106961226503
2014-09-02,0.678965597284498
2014-09-03,0.6785876983117728
2014-09-04,0.6806899305571947
2014-09-05,0.6813638020459589
2014-09-06,0.6813638020459589
2014-09-07,0.6813636601065378
2014-09-08,0.6816890015681848
2014-09-09,0.6822863963076601
2014-09-10,0.6826817077552174
2014-09-11,0.6837563931115698
2014-09-12,0.6689300986757272
2014-09-13,0.6689305258707101
2014-09-14,0.6689300419353065
2014-09-15,0.668384093070278
2014-09-16,0.6686287037587114
2014-09-17,0.6699516340589682
2014-09-18,0.6698484611056915
2014-09-19,0.6698802169780217
2014-09-20,0.6698797991314528
2014-09-21,0.6698795222155408
2014-09-22,0.6708994297099995
2014-09-23,0.6711906782277801
2014-09-24,0.6717130182945305
2014-09-25,0.6726140923450874
2014-09-26,0.6732804700956078
2014-09-27,0.6732696913019
2014-09-28,0.6732690650799477
2014-09-29,0.6744755589881903
2014-09-30,0.6746800026490657
2014-10-01,0.6743525180908446
2014-10-02,0.6747171445725142
2014-10-03,0.6765690112919057
2014-10-04,0.6765700936901073
2014-10-05,0.6765700936901073
2014-10-06,0.6755890681866278
2014-10-07,0.6739817433636174
2014-10-08,0.6735257048160442
2014-10-09,0.6747496827020679
2014-10-10,0.6758807288586313
2014-10-11,0.6758811604569005
2014-10-12,0.6758811604569005
2014-10-13,0.674070508083362
2014-10-14,0.6753308019983423
2014-10-15,0.6741324208336278
2014-10-16,0.6736919945058594
2014-10-17,0.6753268426088584
2014-10-18,0.6753275005851658
2014-10-19,0.6753275005851658
2014-10-20,0.6752485869810358
2014-10-21,0.6756353261581579
2014-10-22,0.6767264779237379
2014-10-23,0.6770763580106085
2014-10-24,0.6770996203317201
2014-10-25,0.6770969060924531
2014-10-26,0.6770970459973957
2014-10-27,0.6767787604827794
2014-10-28,0.6761233316391004
2014-10-29,0.6773299256120466
2014-10-30,0.6777388067928402
2014-10-31,0.6790348615747311
2014-11-01,0.6790344694244815
2014-11-02,0.679033487104954
2014-11-03,0.6541317186858951
2014-11-04,0.6544934526351431
2014-11-05,0.6547580233734095
2014-11-06,0.6575433296086459
2014-11-07,0.6574165954980983
2014-11-08,0.6574162168652312
2014-11-09,0.657416352700037
2014-11-10,0.6833184842801356
2014-11-11,0.6837682590686993
2014-11-12,0.6838970012664484
2014-11-13,0.6507027864112824
2014-11-14,0.656827739635105
2014-11-15,0.656827739635105
2014-11-16,0.65682651798947
2014-11-17,0.6575327661183734
2014-11-18,0.6578923557321735
2014-11-19,0.6579612336676384
2014-11-20,0.6578461377316593
2014-11-21,0.6583290365620085
2014-11-22,0.6583294175625857
2014-11-23,0.6583294175625857
2014-11-24,0.6590968458261934
2014-11-25,0.6582503079146063
2014-11-26,0.6578026298084307
2014-11-27,0.6587498505111091
2014-11-28,0.6604541478972348
2014-11-29,0.6604545172957555
2014-11-30,0.6604545172957555
2014-12-01,0.6605173380655672
2014-12-02,0.662755094040501
2014-12-03,0.6638045000050141
2014-12-04,0.6636954107368406
2014-12-05,0.6647526054658988
2014-12-06,0.6647526054658988
2014-12-07,0.6647526054658988
2014-12-08,0.665666256742703
2014-12-09,0.6656320256245245
2014-12-10,0.665009263449159
2014-12-11,0.6657825998497718
2014-12-12,0.6659834655296244
2014-12-13,0.665988293025824
2014-12-14,0.665988293025824
2014-12-15,0.6678765647878074
2014-12-16,0.6681245202826124
2014-12-17,0.6682123253603582
2014-12-18,0.668991892532692
2014-12-19,0.6685585255058424
2014-12-20,0.6685663417599375
2014-12-21,0.6685664107878518
2014-12-22,0.6687108585597829
2014-12-23,0.6695991403046204
2014-12-24,0.6697542342921576
2014-12-25,0.6693704912904941
2014-12-26,0.6691498774542357
2014-12-27,0.6691498774542357
2014-12-28,0.6691500847850333
2014-12-29,0.6696903964725145
2014-12-30,0.6694458480978672
2014-12-31,0.6702781468162392
2015-01-01,0.6707998752238807
2015-01-02,0.6715822338704174
2015-01-03,0.6715782487429254
2015-01-04,0.6715775553451777
2015-01-05,0.6733432960006681
2015-01-06,0.674878943633518
2015-01-07,0.6756630512110596
2015-01-08,0.6761746428513161
2015-01-09,0.6753081798976475
2015-01-10,0.6753081798976475
2015-01-11,0.6753074827044997
2015-01-12,0.6753585751943373
2015-01-13,0.6758666941793822
2015-01-14,0.6755952235287929
2015-01-15,0.6754809160240131
2015-01-16,0.6767489622278343
2015-01-17,0.6767489622278343
2015-01-18,0.6767673871670107
2015-01-19,0.6775080586170098
2015-01-20,0.6781492423895462
2015-01-21,0.6785298671576327
2015-01-22,0.6801706291025812
2015-01-23,0.6813387002247304
2015-01-24,0.6813387002247304
2015-01-25,0.6813387002247304
2015-01-26,0.6830378085750124
2015-01-27,0.6833389990882575
2015-01-28,0.6841774357841359
2015-01-29,0.6850359921292997
2015-01-30,0.6856879250904953
2015-01-31,0.6856879250904953
2015-02-01,0.6856930309067832
2015-02-02,0.6857246710393184
2015-02-03,0.6840755185555635
2015-02-04,0.6849133099643652
2015-02-05,0.6846495550311157
2015-02-06,0.6874478840322038
2015-02-07,0.6874474881030986
2015-02-08,0.687447772129823
2015-02-09,0.687874146025945
2015-02-10,0.689292858548675
2015-02-11,0.6898859389207764
2015-02-12,0.6895305285154563
2015-02-13,0.6888384551756783
2015-02-14,0.6888047667207846
2015-02-15,0.6888057839473762
2015-02-16,0.6887055406507993
2015-02-17,0.6886716640731517
2015-02-18,0.6888332206989843
2015-02-19,0.6895017059690915
2015-02-20,0.6898064617694004
2015-02-21,0.6898064617694004
2015-02-22,0.6898056568603287
2015-02-23,0.6922264249365387
2015-02-24,0.6926518579916365
2015-02-25,0.6925775218210987
2015-02-26,0.692492276838501
2015-02-27,0.6935156930236382
2015-02-28,0.6935346884391637
2015-03-01,0.693534760115653
2015-03-02,0.6936609260845708
2015-03-03,0.6939996650221486
2015-03-04,0.6943770096695803
2015-03-05,0.6953477190344639
2015-03-06,0.697869350588086
2015-03-07,0.697869350588086
2015-03-08,0.6978703601563949
2015-03-09,0.6987851866816814
2015-03-10,0.701949311960309
2015-03-11,0.7038606044845827
2015-03-12,0.7029628831130718
2015-03-13,0.7047673724976946
2015-03-14,0.7047685633754619
2015-03-15,0.7047676681896903
2015-03-16,0.7046497876877155
2015-03-17,0.70529541298169
2015-03-18,0.7019284878617054
2015-03-19,0.6858130267711484
2015-03-20,0.6844203379877136
2015-03-21,0.6844201598315673
2015-03-22,0.6844200891046127
2015-03-23,0.6816510874261742
2015-03-24,0.6803392812976071
2015-03-25,0.6805664786408764
2015-03-26,0.6815695861098581
2015-03-27,0.6826166220976135
2015-03-28,0.6826158671734348
2015-03-29,0.6826154439474708
2015-03-30,0.6837781737355432
2015-03-31,0.6842756671570769
2015-04-01,0.6839681646479114
2015-04-02,0.6820715655096172
2015-04-03,0.6799027080762152
2015-04-04,0.6799006629587788
2015-04-05,0.6799006629587788
2015-04-06,0.6803024678268562
2015-04-07,0.6810955954365918
2015-04-08,0.6820721312304909
2015-04-09,0.6835352844620739
2015-04-10,0.6850558900150182
2015-04-11,0.6850555317813761
2015-04-12,0.6850555317813761
2015-04-13,0.6860480425669139
2015-04-14,0.6854355561523917
2015-04-15,0.684402061158451
2015-04-16,0.6819770309036488
2015-04-17,0.6805083570667826
2015-04-18,0.6805067771969345
2015-04-19,0.6805059128280938
2015-04-20,0.6829818359435442
2015-04-21,0.6839759533857118
2015-04-22,0.6842406051379389
2015-04-23,0.6832214257659502
2015-04-24,0.6827039542560535
2015-04-25,0.682704127802361
2015-04-26,0.6827049244004653
2015-04-27,0.681056883111964
2015-04-28,0.6800053927787364
2015-04-29,0.6781302785390937
2015-04-30,0.6784526383025541
2015-05-01,0.6787456406721355
2015-05-02,0.6787440284794654
2015-05-03,0.6787430260484746
2015-05-04,0.67943432371804
2015-05-05,0.6792099911164317
2015-05-06,0.6777357805018253
2015-05-07,0.6786292617741916
2015-05-08,0.6783723995571157
2015-05-09,0.6783709695595821
2015-05-10,0.6783711097875831
2015-05-11,0.6800399631960048
2015-05-12,0.6789922446788033
2015-05-13,0.6779399460291096
2015-05-14,0.6758718947631327
2015-05-15,0.6746791257449629
2015-05-16,0.6746781299688943
2015-05-17,0.6746788474743004
2015-05-18,0.7350396762152919
2015-05-19,0.7376760323140312
2015-05-20,0.7389576874377558
2015-05-21,0.7385519535403196
2015-05-22,0.7402875247229775
2015-05-23,0.7402860730794316
2015-05-24,0.7402852092880069
2015-05-25,0.7407373049318419
2015-05-26,0.6841518100950099
2015-05-27,0.6855086894630905
2015-05-28,0.6857041014307714
2015-05-29,0.6860207974181508
2015-05-30,0.686020109579871
2015-05-31,0.686020109579871
2015-06-01,0.68736464455689
2015-06-02,0.6856080488840892
2015-06-03,0.684383663255806
2015-06-04,0.6846123230894714
2015-06-05,0.6863915024557267
2015-06-06,0.6863903736233685
2015-06-07,0.6863888424796973
2015-06-08,0.685926256789214
2015-06-09,0.6829110742181305
2015-06-10,0.6841268087358823
2015-06-11,0.6843332848021811
2015-06-12,0.684723920643958
2015-06-13,0.684723920643958
2015-06-14,0.684723050918568
2015-06-15,0.6851616222760708
2015-06-16,0.6857576540388528
2015-06-17,0.6846245114097986
2015-06-18,0.6842177082216637
2015-06-19,0.6839881783856977
2015-06-20,0.6840510711371727
2015-06-21,0.684051798610493
2015-06-22,0.684103303080938
2015-06-23,0.6427975600709028
2015-06-24,0.6861682052410982
2015-06-25,0.6314926755361933
2015-06-26,0.6315669785260785
2015-06-27,0.6316457539671887
2015-06-28,0.6316463606912567
2015-06-29,0.6315409317321163
2015-06-30,0.6262956249604266
2015-07-01,0.6245705306402869
2015-07-02,0.6254065528015122
2015-07-03,0.6245344317304852
2015-07-04,0.6245350669143022
2015-07-05,0.6245670298354982
2015-07-06,0.6126655797202311
2015-07-07,0.6306765489630305
2015-07-08,0.6145812212666917
2015-07-09,0.6140775826412935
2015-07-10,0.6113261077999287
2015-07-11,0.6113261077999287
2015-07-12,0.6113261709785127
2015-07-13,0.6111092627767118
2015-07-14,0.6122112042060643
2015-07-15,0.5823057483583604
2015-07-16,0.58313751730263
2015-07-17,0.5839432527558162
2015-07-18,0.5839408944008744
2015-07-19,0.5839408944008744
2015-07-20,0.5843434721239036
2015-07-21,0.5833705380900808
2015-07-22,0.5835818017328334
2015-07-23,0.5835712921982926
2015-07-24,0.5847468804614101
2015-07-25,0.5847548152736562
2015-07-26,0.5847547548379128
2015-07-27,0.5949784797148233
2015-07-28,0.5847610056189295
2015-07-29,0.5850049150197856
2015-07-30,0.5857956972989254
2015-07-31,0.5858946130833907
2015-08-01,0.5858946130833907
2015-08-02,0.5858946130833907
2015-08-03,0.5872016527756201
2015-08-04,0.6494122202680844
2015-08-05,0.6472700831370671
2015-08-06,0.6487992682614923
2015-08-07,0.645530354641297
2015-08-08,0.6455307617857994
2015-08-09,0.6455300614698306
2015-08-10,0.647573673699753
2015-08-11,0.6488029866164943
2015-08-12,0.620446068844181
2015-08-13,0.6467330107687224
2015-08-14,0.6477165039110971
2015-08-15,0.6477165039110971
2015-08-16,0.6477153996575806
2015-08-17,0.648080190137557
2015-08-18,0.6221822960290666
2015-08-19,0.6482297223986149
2015-08-20,0.6513856210123137
2015-08-21,0.6508940337264338
2015-08-22,0.6508884808985852
2015-08-23,0.6508886826949045
2015-08-24,0.6496028441850504
2015-08-25,0.6437417811223595
2015-08-26,0.6449834352639054
2015-08-27,0.6449073534844239
2015-08-28,0.6246343081096962
2015-08-29,0.6246343081096962
2015-08-30,0.6246343726533113
2015-08-31,0.6248139409719553
2015-09-01,0.62516211517339
2015-09-02,0.6258693327486142
2015-09-03,0.6272848999211226
2015-09-04,0.6288931908425903
2015-09-05,0.6288931908425903
2015-09-06,0.6288941007725208
2015-09-07,0.6293661814630158
2015-09-08,0.6474362739131558
2015-09-09,0.6464806343132189
2015-09-10,0.6429273176563722
2015-09-11,0.6448861174398178
2015-09-12,0.6448860507715941
2015-09-13,0.6448861174398178
2015-09-14,0.6371349391877782
2015-09-15,0.6378025393533653
2015-09-16,0.6272412848372882
2015-09-17,0.6356315841951106
2015-09-18,0.6357601563477152
2015-09-19,0.635753636629447
2015-09-20,0.6357545234557814
2015-09-21,0.6371774940010122
2015-09-22,0.6336466830373516
2015-09-23,0.6324928021071952
2015-09-24,0.6376804137756426
2015-09-25,0.6510258694931215
2015-09-26,0.6510258694931215
2015-09-27,0.6510258694931215
2015-09-28,0.631396784222626
2015-09-29,0.6318124797461792
2015-09-30,0.6444110856497841
2015-10-01,0.6441365282182041
2015-10-02,0.6296838626118121
2015-10-03,0.6296838626118121
2015-10-04,0.6296837975325478
2015-10-05,0.6285019559385256
2015-10-06,0.6294971389136198
2015-10-07,0.6327866724882829
2015-10-08,0.6251677417253885
2015-10-09,0.6239520274653457
2015-10-10,0.6239516328503404
2015-10-11,0.6239518908011362
2015-10-12,0.6226556924538988
2015-10-13,0.6245856405484117
2015-10-14,0.6233685785849185
2015-10-15,0.6232834285144704
2015-10-16,0.6232432801483527
2015-10-17,0.6232075842731746
2015-10-18,0.6232392727685021
2015-10-19,0.6243081239694723
2015-10-20,0.6248051928398943
2015-10-21,0.6249781739260947
2015-10-22,0.6265879208024763
2015-10-23,0.6277685898507475
2015-10-24,0.6277685898507475
2015-10-25,0.6277703423030305
2015-10-26,0.6278878590024022
2015-10-27,0.6248897309721508
2015-10-28,0.6266131748828657
2015-10-29,0.6262433942409009
2015-10-30,0.6265977344940524
2015-10-31,0.6265744706451748
2015-11-01,0.6265744706451748
2015-11-02,0.6239852070358799
2015-11-03,0.6237097034782296
2015-11-04,0.6243906531549793
2015-11-05,0.6256423235308893
2015-11-06,0.6295127980088282
2015-11-07,0.6295131772374549
2015-11-08,0.6295131121758327
2015-11-09,0.6305104441416286
2015-11-10,0.6361486678886867
2015-11-11,0.6352343416642787
2015-11-12,0.6342323334127611
2015-11-13,0.634884124433103
2015-11-14,0.6348839601805369
2015-11-15,0.6348837633252014
2015-11-16,0.6254614381860241
2015-11-17,0.6236000158013141
2015-11-18,0.624472987116161
2015-11-19,0.6209593331667785
2015-11-20,0.6167460894270189
2015-11-21,0.6167467275503978
2015-11-22,0.6167470462359008
2015-11-23,0.6202602637240208
2015-11-24,0.6226890403814617
2015-11-25,0.6187884385653424
2015-11-26,0.6194207580221847
2015-11-27,0.6159741729599418
2015-11-28,0.6159811649046973
2015-11-29,0.6159811649046973
2015-11-30,0.6110388885128253
2015-12-01,0.6108678378931355
2015-12-02,0.6103882212396279
2015-12-03,0.6066238459424707
2015-12-04,0.606052066247216
2015-12-05,0.606051754020406
2015-12-06,0.6060513157263537
2015-12-07,0.6088927226793573
2015-12-08,0.6072065647361524
2015-12-09,0.6056163880089198
2015-12-10,0.6072449416844807
2015-12-11,0.6087074551143848
2015-12-12,0.6087074551143848
2015-12-13,0.608746159275783
2015-12-14,0.6193479131992936
2015-12-15,0.6063142948099126
2015-12-16,0.6017659620900073
2015-12-17,0.606897290189211
2015-12-18,0.6081375890444105
2015-12-19,0.6081374325263983
2015-12-20,0.6081378722119204
2015-12-21,0.6087238957212942
2015-12-22,0.6072495658747191
2015-12-23,0.6091963927368522
2015-12-24,0.6088697056225565
2015-12-25,0.6082934207347686
2015-12-26,0.6082932641766493
2015-12-27,0.6082932641766493
2015-12-28,0.6036831120267526
2015-12-29,0.6048994761040671
2015-12-30,0.6047641398042363
2015-12-31,0.6054175438861391
2016-01-01,0.6059033195514663
2016-01-02,0.6059051898457055
2016-01-03,0.6059055027456254
2016-01-04,0.6064782230637793
2016-01-05,0.6078807106765954
2016-01-06,0.6088548315969821
2016-01-07,0.6097522625580337
2016-01-08,0.5987343131585008
2016-01-09,0.5987341592548062
2016-01-10,0.5987365694519164
2016-01-11,0.6114996298699372
2016-01-12,0.5999846544701462
2016-01-13,0.5972125747922857
2016-01-14,0.5980260229313198
2016-01-15,0.6004609032527867
2016-01-16,0.6004607490126758
2016-01-17,0.6004616800720352
2016-01-18,0.6018995160365008
2016-01-19,0.5958890006253386
2016-01-20,0.5948711984890185
2016-01-21,0.5962908784763039
2016-01-22,0.5953697676239481
2016-01-23,0.5953703791814912
2016-01-24,0.5953705637260553
2016-01-25,0.5948993143023668
2016-01-26,0.5900552294676326
2016-01-27,0.5873766489118808
2016-01-28,0.5858108065931302
2016-01-29,0.5862707960434722
2016-01-30,0.5862712477392069
2016-01-31,0.5862719747233213
2016-02-01,0.5859610419130447
2016-02-02,0.5859430967875772
2016-02-03,0.579400174143844
2016-02-04,0.5773237019603692
2016-02-05,0.610562278727847
2016-02-06,0.610562121903394
2016-02-07,0.610562121903394
2016-02-08,0.5811410414332838
2016-02-09,0.5804470337482398
2016-02-10,0.5766047023786989
2016-02-11,0.5763972332111732
2016-02-12,0.5777242700945647
2016-02-13,0.5777244184894456
2016-02-14,0.5777244184894456
2016-02-15,0.5776732175452582
2016-02-16,0.5721126021062873
2016-02-17,0.5710903806192229
2016-02-18,0.5699250435948395
2016-02-19,0.5705555842321338
2016-02-20,0.5705557307516749
2016-02-21,0.5705554359105645
2016-02-22,0.5723275748828341
2016-02-23,0.5687672207099697
2016-02-24,0.5639349248177445
2016-02-25,0.5689903330135814
2016-02-26,0.5647486763625945
2016-02-27,0.5647491113467856
2016-02-28,0.5647492864511431
2016-02-29,0.5655790227986943
2016-03-01,0.5641242343205349
2016-03-02,0.5638433572448746
2016-03-03,0.5609716310074638
2016-03-04,0.5579953089079459
2016-03-05,0.5579905515203037
2016-03-06,0.5579904938491711
2016-03-07,0.5592137476337429
2016-03-08,0.5595560762472924
2016-03-09,0.5611564994414374
2016-03-10,0.5574008936100331
2016-03-11,0.5556163083317398
2016-03-12,0.555620685545821
2016-03-13,0.5556205707010947
2016-03-14,0.557155477879475
2016-03-15,0.559052077567105
2016-03-16,0.544692607775147
2016-03-17,0.5428143376399199
2016-03-18,0.5412663931256163
2016-03-19,0.5412663931256163
2016-03-20,0.5412664486364188
2016-03-21,0.5427230623455498
2016-03-22,0.5428189633257471
2016-03-23,0.545077780246655
2016-03-24,0.5449043999315506
2016-03-25,0.5448797852874947
2016-03-26,0.5448804780899615
2016-03-27,0.5448805339684343
2016-03-28,0.5450028103886844
2016-03-29,0.5446193704544905
2016-03-30,0.5409405303421215
2016-03-31,0.5398383617517862
2016-04-01,0.5418780633563904
2016-04-02,0.5418928264059168
2016-04-03,0.5418928264059168
2016-04-04,0.5423107923811332
2016-04-05,0.5432405919670575
2016-04-06,0.5433500785057095
2016-04-07,0.5431586231625194
2016-04-08,0.5432318998439292
2016-04-09,0.5432324519259839
2016-04-10,0.5432325633553216
2016-04-11,0.5423338856822499
2016-04-12,0.5397928812784425
2016-04-13,0.5420532064192554
2016-04-14,0.5390595519128438
2016-04-15,0.5415173187529431
2016-04-16,0.5415171822792654
2016-04-17,0.5415172925029622
2016-04-18,0.5417407655121208
2016-04-19,0.5421810819279852
2016-04-20,0.5394357177557927
2016-04-21,0.5399936928483504
2016-04-22,0.5427051554528841
2016-04-23,0.5427091592758222
2016-04-24,0.5427114132180093
2016-04-25,0.5440476917468033
2016-04-26,0.5445115998488748
2016-04-27,0.5396288819066962
2016-04-28,0.5419357517283951
2016-04-29,0.5412437877886961
2016-04-30,0.5412273018009202
2016-05-01,0.5412099683765963
2016-05-02,0.5401203732892995
2016-05-03,0.5391925141880702
2016-05-04,0.5409054408649979
2016-05-05,0.5406933171048455
2016-05-06,0.5416316689821407
2016-05-07,0.5416264466166669
2016-05-08,0.5416271633231512
2016-05-09,0.5425419987804537
2016-05-10,0.5434411830026715
2016-05-11,0.543549209092376
2016-05-12,0.5389946251347107
2016-05-13,0.5449742006771335
2016-05-14,0.5449589480937066
2016-05-15,0.5449556741978056
2016-05-16,0.5439253679464832
2016-05-17,0.5458576341665986
2016-05-18,0.5451207007718312
2016-05-19,0.5472983318202922
2016-05-20,0.5485180518153367
2016-05-21,0.5485229794249991
2016-05-22,0.5485224769407998
2016-05-23,0.5458854558681886
2016-05-24,0.5472314051026185
2016-05-25,0.5455583386103432
2016-05-26,0.5457530031546107
2016-05-27,0.5444387137631441
2016-05-28,0.5444438675264088
2016-05-29,0.5444442831949072
2016-05-30,0.544713692327739
2016-05-31,0.5464380004470599
2016-06-01,0.5433398778459956
2016-06-02,0.5439411400352121
2016-06-03,0.5416371602764078
2016-06-04,0.5322844821906795
2016-06-05,0.5322834896742048
2016-06-06,0.5304368823606063
2016-06-07,0.5296564400510357
2016-06-08,0.5292962912013809
2016-06-09,0.5287127478142766
2016-06-10,0.5256134735647497
2016-06-11,0.5256177357047682
2016-06-12,0.5256162072359836
2016-06-13,0.5241623740755279
2016-06-14,0.5283791344222507
2016-06-15,0.5250752136412384
2016-06-16,0.5243809281016498
2016-06-17,0.5283390940850492
2016-06-18,0.5283366888948937
2016-06-19,0.5283071313585139
2016-06-20,0.5254508232197799
2016-06-21,0.528438102916365
2016-06-22,0.5242593997821243
2016-06-23,0.5282127566118288
2016-06-24,0.5245342443494863
2016-06-25,0.52454149893075
2016-06-26,0.5245169184192081
2016-06-27,0.5295111343412966
2016-06-28,0.5266837680907023
2016-06-29,0.5344968009237615
2016-06-30,0.5250132907868111
2016-07-01,0.5250249878510105
2016-07-02,0.5250381055495257
2016-07-03,0.525030862712625
2016-07-04,0.5240708618037984
2016-07-05,0.5255263689278216
2016-07-06,0.5272836207029561
2016-07-07,0.5269993503706097
2016-07-08,0.5284214857286735
2016-07-09,0.5284183788661477
2016-07-10,0.5284217149592476
2016-07-11,0.5295781148318379
2016-07-12,0.5231389509901493
2016-07-13,0.5240757249780671
2016-07-14,0.5227517210013162
2016-07-15,0.5212845741950806
2016-07-16,0.5212740152230897
2016-07-17,0.5213115674179626
2016-07-18,0.5213240943831904
2016-07-19,0.5216734411199859
2016-07-20,0.5216203058199622
2016-07-21,0.5243625824300879
2016-07-22,0.5233468514855469
2016-07-23,0.5233547502360049
2016-07-24,0.5233707209996695
2016-07-25,0.5256698026630519
2016-07-26,0.5260117881226132
2016-07-27,0.5254879000779026
2016-07-28,0.5257232804934492
2016-07-29,0.5243783092065272
2016-07-30,0.5243429368752648
2016-07-31,0.5243198773161744
2016-08-01,0.5180975387626741
2016-08-02,0.5169075991132694
2016-08-03,0.5196888393510802
2016-08-04,0.5199072021778077
2016-08-05,0.5201486965663116
2016-08-06,0.5201804665226591
2016-08-07,0.5202023603638288
2016-08-08,0.5156862272186016
2016-08-09,0.5154151644760147
2016-08-10,0.5159135133083553
2016-08-11,0.5176178041781937
2016-08-12,0.5185529956267827
2016-08-13,0.5187535132095202
2016-08-14,0.5187485434893081
2016-08-15,0.5189851592751948
2016-08-16,0.5153128318303163
2016-08-17,0.5166373028191091
2016-08-18,0.5163803743902206
2016-08-19,0.5176596652245286
2016-08-20,0.5176636233402686
2016-08-21,0.517662695178049
2016-08-22,0.5185201163113332
2016-08-23,0.5194338964030091
2016-08-24,0.5124790870163689
2016-08-25,0.5140359646209908
2016-08-26,0.5161790612987663
2016-08-27,0.5161829193972584
2016-08-28,0.5162167985460514
2016-08-29,0.5169664737593216
2016-08-30,0.5106588689375563
2016-08-31,0.5108094752279957
2016-09-01,0.510896745718001
2016-09-02,0.512755408130261
2016-09-03,0.5127607531824099
2016-09-04,0.5127605475750728
2016-09-05,0.512792507331643
2016-09-06,0.5117501855103473
2016-09-07,0.5122255430755598
2016-09-08,0.5131408791422681
2016-09-09,0.513761536452137
2016-09-10,0.5137698168991491
2016-09-11,0.5137698683891073
2016-09-12,0.5146834340851698
2016-09-13,0.5160146686714445
2016-09-14,0.5165462985230483
2016-09-15,0.5172980271141293
2016-09-16,0.5078060772105861
2016-09-17,0.5078099728642219
2016-09-18,0.507809616615722
2016-09-19,0.518147559698561
2016-09-20,0.5071728168841187
2016-09-21,0.5069587137466232
2016-09-22,0.5072899810557416
2016-09-23,0.5072695439021568
2016-09-24,0.5072533577557062
2016-09-25,0.5072535611222297
2016-09-26,0.5078299712766648
2016-09-27,0.5121347551145665
2016-09-28,0.5121206854820647
2016-09-29,0.5129545386703624
2016-09-30,0.5137302483830962
2016-10-01,0.513733201067001
2016-10-02,0.513733201067001
2016-10-03,0.5139983453731657
2016-10-04,0.5161421515353138
2016-10-05,0.5160996319395386
2016-10-06,0.5182342291541541
2016-10-07,0.5191349219750283
2016-10-08,0.5191188371303577
2016-10-09,0.5191189932251303
2016-10-10,0.5189763150421758
2016-10-11,0.5210723263462629
2016-10-12,0.5226960702257846
2016-10-13,0.5230434513827981
2016-10-14,0.5242502602326992
2016-10-15,0.5242206808927931
2016-10-16,0.5242207334343384
2016-10-17,0.524356566011543
2016-10-18,0.5244252995585391
2016-10-19,0.5236654498941695
2016-10-20,0.5254587098923331
2016-10-21,0.5266405399577933
2016-10-22,0.5266459097525267
2016-10-23,0.5266468855030036
2016-10-24,0.5276588547368427
2016-10-25,0.5279899845330869
2016-10-26,0.5291462913304361
2016-10-27,0.5298533519702177
2016-10-28,0.5302398501321295
2016-10-29,0.5302405404293131
2016-10-30,0.5302405404293131
2016-10-31,0.5307447104223347
2016-11-01,0.5180645057783679
2016-11-02,0.5173249082927082
2016-11-03,0.5183885964081534
2016-11-04,0.5193466949869077
2016-11-05,0.5193545449043271
2016-11-06,0.51935561125902
2016-11-07,0.519818853832508
2016-11-08,0.5204174864067549
2016-11-09,0.5220811403885909
2016-11-10,0.5251421729153029
2016-11-11,0.5262109909453354
2016-11-12,0.5261482524761496
2016-11-13,0.5261473303512613
2016-11-14,0.5280354938253478
2016-11-15,0.528568484822927
2016-11-16,0.52852445295707
2016-11-17,0.5287485255260839
2016-11-18,0.5305609321041408
2016-11-19,0.530563216264568
2016-11-20,0.5305658391264214
2016-11-21,0.5305547676720785
2016-11-22,0.5310128622721438
2016-11-23,0.5114678879217938
2016-11-24,0.5118134906264601
2016-11-25,0.5121781912672256
2016-11-26,0.5121686663566198
2016-11-27,0.5121684830301702
2016-11-28,0.5094598940498496
2016-11-29,0.5097556883888287
2016-11-30,0.5114928383479408
2016-12-01,0.5111553734744831
2016-12-02,0.5101268199113238
2016-12-03,0.5101133231740327
2016-12-04,0.5101137701290631
2016-12-05,0.5052644217740894
2016-12-06,0.504973525034673
2016-12-07,0.5046610289435192
2016-12-08,0.506058089032564
2016-12-09,0.5072889839992601
2016-12-10,0.507286324209403
2016-12-11,0.5072861192944502
2016-12-12,0.5060556458972808
2016-12-13,0.5062139819969684
2016-12-14,0.5073281409862904
2016-12-15,0.5090986900585303
2016-12-16,0.5095186054563975
2016-12-17,0.509521558477149
2016-12-18,0.5095214780147935
2016-12-19,0.5099461042306568
2016-12-20,0.5107130494981411
2016-12-21,0.5103571983063404
2016-12-22,0.5102580507017421
2016-12-23,0.5098272649059992
2016-12-24,0.509834903063677
2016-12-25,0.5098337484353413
2016-12-26,0.5096103378024742
2016-12-27,0.5093442402589458
2016-12-28,0.5096401576020982
2016-12-29,0.5091874255081336
2016-12-30,0.5086355125648243
2016-12-31,0.5086360472257585
2017-01-01,0.5086355336302766
2017-01-02,0.5091541811112975
2017-01-03,0.5095320196023042
2017-01-04,0.5087228519502823
2017-01-05,0.5078733246845276
2017-01-06,0.5096074067308705
2017-01-07,0.5096334748429633
2017-01-08,0.5096326394148668
2017-01-09,0.5133445947226545
2017-01-10,0.5160273743343905
2017-01-11,0.5154668830935484
2017-01-12,0.5146748277503761
2017-01-13,0.514676825499768
2017-01-14,0.5146571730522755
2017-01-15,0.5146585070457986
2017-01-16,0.5153992548666589
2017-01-17,0.5138090166781122
2017-01-18,0.5048870332974889
2017-01-19,0.5076910112166223
2017-01-20,0.5072786974486556
2017-01-21,0.5072602964651316
2017-01-22,0.5072602452315037
2017-01-23,0.5054991953674829
2017-01-24,0.5013636155015538
2017-01-25,0.5027885457244633
2017-01-26,0.5033856066728383
2017-01-27,0.5008166835637808
2017-01-28,0.5008177511880822
2017-01-29,0.5008158318505651
2017-01-30,0.5002153047856877
2017-01-31,0.5018062793988389
2017-02-01,0.5016994337920548
2017-02-02,0.5017340051650788
2017-02-03,0.5005596893974883
2017-02-04,0.5005231975935258
2017-02-05,0.5005250375597924
2017-02-06,0.5024253195129824
2017-02-07,0.506429148056903
2017-02-08,0.5084678141245474
2017-02-09,0.5094918781549712
2017-02-10,0.5097820011466081
2017-02-11,0.5097728098719804
2017-02-12,0.5097757450124334
2017-02-13,0.5012115245523383
2017-02-14,0.5039513191049407
2017-02-15,0.49971576415271407
2017-02-16,0.5039310580967461
2017-02-17,0.5070285590651166
2017-02-18,0.5070282901070633
2017-02-19,0.5070100961337908
2017-02-20,0.5071205292244929
2017-02-21,0.5075684008880631
2017-02-22,0.5066941282923663
2017-02-23,0.5058966458339685
2017-02-24,0.5064163416641806
2017-02-25,0.5064051610210206
2017-02-26,0.5064020672282368
2017-02-27,0.5060353994896173
2017-02-28,0.5065739226791857
2017-03-01,0.5068531149616438
2017-03-02,0.5073285650417004
2017-03-03,0.507149452780948
2017-03-04,0.5071507926402068
2017-03-05,0.5071461153001643
2017-03-06,0.5068619209248939
2017-03-07,0.5075271535179922
2017-03-08,0.5083606362341607
2017-03-09,0.4902282531511034
2017-03-10,0.489869685476763
2017-03-11,0.48986967326900777
2017-03-12,0.4898686073496621
2017-03-13,0.49039012560933204
2017-03-14,0.4908960329455385
2017-03-15,0.488958581158624
2017-03-16,0.488447808464689
2017-03-17,0.4875317832469123
2017-03-18,0.48753382843821763
2017-03-19,0.48753879597813315
2017-03-20,0.48797696593670115
2017-03-21,0.48809128254508855
2017-03-22,0.4879823903845717
2017-03-23,0.48832720998696366
2017-03-24,0.48808183807613187
2017-03-25,0.48808183807613187
2017-03-26,0.48807644482392093
2017-03-27,0.4884697279348743
2017-03-28,0.48962659163865857
2017-03-29,0.4905855689888576
2017-03-30,0.49266466195641606
2017-03-31,0.49274237320287817
2017-04-01,0.4927526853099382
2017-04-02,0.4927484269569658
2017-04-03,0.49326970553515487
2017-04-04,0.4939274254120982
2017-04-05,0.4940906719809416
2017-04-06,0.4945328793574822
2017-04-07,0.49538658501276356
2017-04-08,0.49538658501276356
2017-04-09,0.495401233154002
2017-04-10,0.4957235890279105
2017-04-11,0.4963811310999625
2017-04-12,0.4953274265191008
2017-04-13,0.4952882175907581
2017-04-14,0.49431455466417445
2017-04-15,0.49431455466417445
2017-04-16,0.4943695788063019
2017-04-17,0.4940463129983096
2017-04-18,0.4931076703533708
2017-04-19,0.49344685345177947
2017-04-20,0.4937009055105581
2017-04-21,0.49364691669178673
2017-04-22,0.49364691669178673
2017-04-23,0.4936393894473183
2017-04-24,0.4921508331429967
2017-04-25,0.4919954832372432
2017-04-26,0.4924830082795852
2017-04-27,0.487379414992073
2017-04-28,0.4882092985174905
2017-04-29,0.48820820443342977
2017-04-30,0.4882299407874098
2017-05-01,0.4881925252861384
2017-05-02,0.4875235504522277
2017-05-03,0.48834849590855806
2017-05-04,0.488030078682915
2017-05-05,0.4877291928207387
2017-05-06,0.4877233928152776
2017-05-07,0.48770816770451414
2017-05-08,0.4889975009466872
2017-05-09,0.4899778937931833
2017-05-10,0.48980601278943586
2017-05-11,0.48992841138823573
2017-05-12,0.4885768829603632
2017-05-13,0.4885768829603632
2017-05-14,0.48857920820371886
2017-05-15,0.48809184823059837
2017-05-16,0.4870955514668802
2017-05-17,0.44184592321301486
2017-05-18,0.44384145158373534
2017-05-19,0.4440157764878429
2017-05-20,0.4440157764878429
2017-05-21,0.4440025754757135
2017-05-22,0.44313380175525746
2017-05-23,0.4440587492380192
2017-05-24,0.4436578064018285
2017-05-25,0.4433006751769485
2017-05-26,0.44358618019354357
2017-05-27,0.44358802245179
2017-05-28,0.4435671392471295
2017-05-29,0.4439304383087646
2017-05-30,0.44370000164406403
2017-05-31,0.44415136638274894
2017-06-01,0.443517214651212
2017-06-02,0.48296544967753047
2017-06-03,0.48296544967753047
2017-06-04,0.48296006591390844
2017-06-05,0.4925690491696514
2017-06-06,0.4927617062585461
2017-06-07,0.4869535326833711
2017-06-08,0.48830492088178895
2017-06-09,0.48506963584715834
2017-06-10,0.48506661586681116
2017-06-11,0.48499668794479406
2017-06-12,0.4906205878898553
2017-06-13,0.4909746650717234
2017-06-14,0.4881290993268267
2017-06-15,0.4904731793933461
2017-06-16,0.48945456430152656
2017-06-17,0.48945348210141276
2017-06-18,0.48946349211702517
2017-06-19,0.49223906592469396
2017-06-20,0.49004846539380253
2017-06-21,0.4904298146977158
2017-06-22,0.49251991479256974
2017-06-23,0.48886830470418285
2017-06-24,0.48886830470418285
2017-06-25,0.48885371708803227
2017-06-26,0.4905147952228204
2017-06-27,0.49028191959051476
2017-06-28,0.48981815768707626
2017-06-29,0.5367990829533532
2017-06-30,0.5379163748490705
2017-07-01,0.5379163748490705
2017-07-02,0.53788295989663
2017-07-03,0.5384836242260593
2017-07-04,0.48999693130660577
2017-07-05,0.4887557358584979
2017-07-06,0.489685040324599
2017-07-07,0.48751066753341643
2017-07-08,0.48751066753341643
2017-07-09,0.4874946163509883
2017-07-10,0.49001443194985017
2017-07-11,0.48937308275673247
2017-07-12,0.4893863997385075
2017-07-13,0.48924007640605605
2017-07-14,0.48415004364156067
2017-07-15,0.4841416906236123
2017-07-16,0.48406529445899177
2017-07-17,0.4854284978981389
2017-07-18,0.48037128577515414
2017-07-19,0.4805274773213952
2017-07-20,0.47933623589141305
2017-07-21,0.4791537447874362
2017-07-22,0.4791261539610366
2017-07-23,0.47912158525651893
2017-07-24,0.48170071033384027
2017-07-25,0.48222382849389167
2017-07-26,0.48077404914277183
2017-07-27,0.482148103181717
2017-07-28,0.4825234450475769
2017-07-29,0.4825019921357946
2017-07-30,0.4824795534137109
2017-07-31,0.4816813027670083
2017-08-01,0.48247501801974313
2017-08-02,0.4811006774807879
2017-08-03,0.4956258547112789
2017-08-04,0.4961996375779335
2017-08-05,0.49617216239996104
2017-08-06,0.4962062850054092
2017-08-07,0.4924145102962692
2017-08-08,0.47088969967896366
2017-08-09,0.4704240783343002
2017-08-10,0.470496484641334
2017-08-11,0.4700008520097129
2017-08-12,0.47000027612362316
2017-08-13,0.4699648024670359
2017-08-14,0.46561242015279675
2017-08-15,0.4662638936467523
2017-08-16,0.4702179954362242
2017-08-17,0.46544551844290555
2017-08-18,0.460349425008766
2017-08-19,0.4603187723807931
2017-08-20,0.4603100403428294
2017-08-21,0.46446449606908125
2017-08-22,0.4573252335784592
2017-08-23,0.4577997815981852
2017-08-24,0.4576990777884835
2017-08-25,0.4515816881068636
2017-08-26,0.45154675963877144
2017-08-27,0.4515035389478556
2017-08-28,0.4503243438233605
2017-08-29,0.46990714861493926
2017-08-30,0.4751849319329218
2017-08-31,0.47458226248299157
2017-09-01,0.47454124146136045
2017-09-02,0.4744942646728339
2017-09-03,0.47454712064294585
2017-09-04,0.4743283368947787
2017-09-05,0.4769390203019981
2017-09-06,0.47652191114726733
2017-09-07,0.4753894184131681
2017-09-08,0.47251233118182345
2017-09-09,0.4724649063353334
2017-09-10,0.4724828028405917
2017-09-11,0.4753656911916939
2017-09-12,0.47641696609125816
2017-09-13,0.47731074506259064
2017-09-14,0.4773516524210724
2017-09-15,0.47720926594650637
2017-09-16,0.4771517869421776
2017-09-17,0.4771463245620718
2017-09-18,0.47723554030969906
2017-09-19,0.47756775699470466
2017-09-20,0.4788740931499212
2017-09-21,0.4751223877745746
2017-09-22,0.47571891226386515
2017-09-23,0.4756584523026332
2017-09-24,0.4756578362484037
2017-09-25,0.47711356838081537
2017-09-26,0.4791880627747266
2017-09-27,0.47963815301342017
2017-09-28,0.4799158868283056
2017-09-29,0.4774982843708511
2017-09-30,0.4774381598570659
2017-10-01,0.47744766947687983
2017-10-02,0.47768995515563417
2017-10-03,0.4803259857123025
2017-10-04,0.4816219194252044
2017-10-05,0.4817612308594037
2017-10-06,0.48148790127117097
2017-10-07,0.48141223509717596
2017-10-08,0.48132403485577285
2017-10-09,0.48156245234778433
2017-10-10,0.4788256976320766
2017-10-11,0.47867472734799477
2017-10-12,0.47800181838889877
2017-10-13,0.4810133313578314
2017-10-14,0.48092452823441084
2017-10-15,0.48092704391101654
2017-10-16,0.4805183590914283
2017-10-17,0.4804731960400933
2017-10-18,0.4767286667589247
2017-10-19,0.4759569024936154
2017-10-20,0.47705283341102905
2017-10-21,0.47705283341102905
2017-10-22,0.47690906283644524
2017-10-23,0.4814484429723302
2017-10-24,0.48138347715414653
2017-10-25,0.4802127399142541
2017-10-26,0.48512852845893006
2017-10-27,0.4832707966747295
2017-10-28,0.48327106218319116
2017-10-29,0.48313243675271345
2017-10-30,0.483766788714843
2017-10-31,0.4821020391146162
2017-11-01,0.47791928303348
2017-11-02,0.4840558480839453
2017-11-03,0.4847152766174379
2017-11-04,0.4845076408414508
2017-11-05,0.4845181534710788
2017-11-06,0.48270007020580097
2017-11-07,0.4839756654182066
2017-11-08,0.4837980210138905
2017-11-09,0.4835660080764592
2017-11-10,0.47962444163455287
2017-11-11,0.47960986332051114
2017-11-12,0.4793878493543432
2017-11-13,0.4801034772076605
2017-11-14,0.48068525033748266
2017-11-15,0.4833736629966449
2017-11-16,0.4828562885487375
2017-11-17,0.4828746882859829
2017-11-18,0.48265938457552143
2017-11-19,0.4826846027344958
2017-11-20,0.47987860348819605
2017-11-21,0.4802046797167306
2017-11-22,0.4784966870528608
2017-11-23,0.47788405762421327
2017-11-24,0.477794510175602
2017-11-25,0.4777808478900386
2017-11-26,0.4777513048151631
2017-11-27,0.48076202821278763
2017-11-28,0.48052449755991095
2017-11-29,0.4806186005958343
2017-11-30,0.4750398444008862
2017-12-01,0.4761190612524806
2017-12-02,0.47603588493785093
2017-12-03,0.476057170680753
2017-12-04,0.47809775527537274
2017-12-05,0.47878791134676374
2017-12-06,0.4781752603928469
2017-12-07,0.4758573614006578
2017-12-08,0.4788849250506346
2017-12-09,0.4788851883418884
2017-12-10,0.47889259931713807
2017-12-11,0.47855058511648296
2017-12-12,0.47804688920078126
2017-12-13,0.47697219788128487
2017-12-14,0.4767650254321178
2017-12-15,0.4771378726475392
2017-12-16,0.4771378726475392
2017-12-17,0.4771613398108536
2017-12-18,0.4760004656514537
2017-12-19,0.47394562274775615
2017-12-20,0.47503307073057127
2017-12-21,0.47333498439423616
2017-12-22,0.4749280563981985
2017-12-23,0.4749275660602902
2017-12-24,0.47492388819893133
2017-12-25,0.47456568287448375
2017-12-26,0.47469440809742
2017-12-27,0.4731062153317059
2017-12-28,0.4739910352568838
2017-12-29,0.47361396468653694
2017-12-30,0.4736152043168052
2017-12-31,0.4736015969911761
2018-01-01,0.47286606420962374
2018-01-02,0.4651102799986928
2018-01-03,0.4628185366595627
2018-01-04,0.4610452608351846
2018-01-05,0.4611982364859488
2018-01-06,0.46119897215750033
2018-01-07,0.46125025761835986
2018-01-08,0.46202234601645986
2018-01-09,0.4624917196666805
2018-01-10,0.46284824284360965
2018-01-11,0.4720743863832329
2018-01-12,0.4693646632999413
2018-01-13,0.46936541234642837
2018-01-14,0.46929165205883083
2018-01-15,0.46849562488765295
2018-01-16,0.46841025856800234
2018-01-17,0.4693266711602328
2018-01-18,0.4687140156684179
2018-01-19,0.46895481458293375
2018-01-20,0.46891725924777206
2018-01-21,0.468900202838256
2018-01-22,0.46888856355222674
2018-01-23,0.4679345640965893
2018-01-24,0.4681141817683033
2018-01-25,0.465965479712949
2018-01-26,0.4664814558731554
2018-01-27,0.46648339068570327
2018-01-28,0.46646360822525373
2018-01-29,0.46754343476772214
2018-01-30,0.4681593491592657
2018-01-31,0.46869149989782544
2018-02-01,0.4692260023803778
2018-02-02,0.470715928313405
2018-02-03,0.47069730721977227
2018-02-04,0.47070053175451976
2018-02-05,0.4706800682477223
2018-02-06,0.49912339050265536
2018-02-07,0.5005935824306059
2018-02-08,0.5008155385828754
2018-02-09,0.5019625613497423
2018-02-10,0.5019500626688053
2018-02-11,0.5019585471728513
2018-02-12,0.5008081546787323
2018-02-13,0.5005770194548266
2018-02-14,0.4993264067468482
2018-02-15,0.49761542968147926
2018-02-16,0.4979464677351546
2018-02-17,0.49794618543865626
2018-02-18,0.4979391561221077
2018-02-19,0.49803732283767
2018-02-20,0.49888860882883024
2018-02-21,0.4979377088639675
2018-02-22,0.4976934134366599
2018-02-23,0.4982740410028999
2018-02-24,0.4982740410028999
2018-02-25,0.4982696150103417
2018-02-26,0.4981638856968974
2018-02-27,0.499237106572003
2018-02-28,0.5000276318300543
2018-03-01,0.5003375700764867
2018-03-02,0.5001988366324216
2018-03-03,0.5001988366324216
2018-03-04,0.5001947590745208
2018-03-05,0.49917247198011466
2018-03-06,0.4993050428720913
2018-03-07,0.4988005878699417
2018-03-08,0.5000633773554375
2018-03-09,0.5002398289098364
2018-03-10,0.5002203911290275
2018-03-11,0.5002187031257254
2018-03-12,0.4997091995128292
2018-03-13,0.4997653620466203
2018-03-14,0.49902188652369434
2018-03-15,0.4976584784913633
2018-03-16,0.49744391688692724
2018-03-17,0.4974233294197834
2018-03-18,0.497385124056138
2018-03-19,0.5027340870411828
2018-03-20,0.49790456459810845
2018-03-21,0.4973583063138443
2018-03-22,0.4976198090258512
2018-03-23,0.4975581539009179
2018-03-24,0.4975351800252264
2018-03-25,0.49753757154041434
2018-03-26,0.49677902898479115
2018-03-27,0.4968978329584125
2018-03-28,0.4988703617188797
2018-03-29,0.4986163900411373
2018-03-30,0.49902879169438785
2018-03-31,0.49901337374483967
2018-04-01,0.499012149009234
2018-04-02,0.49876603686798726
2018-04-03,0.5003054143154241
2018-04-04,0.5018817579182552
2018-04-05,0.49830888919342076
2018-04-06,0.49847989652942454
2018-04-07,0.49847235539851603
2018-04-08,0.49847922759709706
2018-04-09,0.49871206277282143
2018-04-10,0.4971080371252636
2018-04-11,0.4978832700479049
2018-04-12,0.4978997100649148
2018-04-13,0.4978708037136363
2018-04-14,0.4978708037136363
2018-04-15,0.4978796644767183
2018-04-16,0.49826886202849724
2018-04-17,0.49788869954186005
2018-04-18,0.497413953447175
2018-04-19,0.49795355870893154
2018-04-20,0.49986642569096434
2018-04-21,0.4998648272712226
2018-04-22,0.4998634435195369
2018-04-23,0.4976949109877456
2018-04-24,0.49892749485215476
2018-04-25,0.5021252779733879
2018-04-26,0.5043191336624467
2018-04-27,0.5057464781775762
2018-04-28,0.5057319257650702
2018-04-29,0.5057448790811495
2018-04-30,0.5074691445506191
2018-05-01,0.5071897034498412
2018-05-02,0.5111353905675939
2018-05-03,0.5113517639772327
2018-05-04,0.5109305439296763
2018-05-05,0.510921564846633
2018-05-06,0.5109285683140263
2018-05-07,0.503510826396405
2018-05-08,0.5057278244004898
2018-05-09,0.5051336738333325
2018-05-10,0.5041608538680125
2018-05-11,0.5060403658728415
2018-05-12,0.5060588143803927
2018-05-13,0.5060499485271787
2018-05-14,0.5078371262658675
2018-05-15,0.5108095493091723
2018-05-16,0.512744396355348
2018-05-17,0.5122816522891199
2018-05-18,0.513843609271488
2018-05-19,0.5138577655189842
2018-05-20,0.513857405537771
2018-05-21,0.5152805961324767
2018-05-22,0.5135167717908317
2018-05-23,0.5146229912377681
2018-05-24,0.5075155827016405
2018-05-25,0.5085603879085724
2018-05-26,0.5085611866062947
2018-05-27,0.5085619533201909
2018-05-28,0.5061252200704124
2018-05-29,0.5102902234308543
2018-05-30,0.5107877078471607
2018-05-31,0.5086587395240998
2018-06-01,0.5123628646410434
2018-06-02,0.512353154275238
2018-06-03,0.5123536961176208
2018-06-04,0.513641353353027
2018-06-05,0.5138105127962435
2018-06-06,0.5135871382950987
2018-06-07,0.5128015856530627
2018-06-08,0.5012223459854537
2018-06-09,0.5012147037150967
2018-06-10,0.5012146066723351
2018-06-11,0.5010442637549679
2018-06-12,0.5013060250357437
2018-06-13,0.50246509782914
2018-06-14,0.5027959745769285
2018-06-15,0.5063256222925392
2018-06-16,0.5063213538195384
2018-06-17,0.5063226345994134
2018-06-18,0.5017785423324023
2018-06-19,0.503289121905919
2018-06-20,0.5039700271728811
2018-06-21,0.5035462021922643
2018-06-22,0.5030176479468681
2018-06-23,0.5030125612820815
2018-06-24,0.5030042510267754
2018-06-25,0.5034664510238348
2018-06-26,0.5032723653483924
2018-06-27,0.5059418281110896
2018-06-28,0.5087799597504051
2018-06-29,0.5094004068978715
2018-06-30,0.5094233694946316
2018-07-01,0.5094244486322825
2018-07-02,0.513260127151337
2018-07-03,0.5163139375364202
2018-07-04,0.5160057047592299
2018-07-05,0.5161919869573786
2018-07-06,0.5154539415839782
2018-07-07,0.5154539415839782
2018-07-08,0.5154540240164495
2018-07-09,0.5145908759417233
2018-07-10,0.5142981522627059
2018-07-11,0.5095766439943322
2018-07-12,0.5036585540009898
2018-07-13,0.4986031739156768
2018-07-14,0.4985649789437271
2018-07-15,0.49856435117098985
2018-07-16,0.49833377843359283
2018-07-17,0.49855650230265475
2018-07-18,0.4991821573267463
2018-07-19,0.4999161912009132
2018-07-20,0.4994458442129569
2018-07-21,0.49943046266391955
2018-07-22,0.4994256877162161
2018-07-23,0.4990768163286578
2018-07-24,0.5014395258488795
2018-07-25,0.4987820400354328
2018-07-26,0.500872033231245
2018-07-27,0.5018732469062506
2018-07-28,0.5018452690692196
2018-07-29,0.5018443065735013
2018-07-30,0.5045119193144246
2018-07-31,0.506573755915601
2018-08-01,0.5070618062199258
2018-08-02,0.5091931127583023
2018-08-03,0.5022529295287715
2018-08-04,0.5022112944312158
2018-08-05,0.5022134069036207
2018-08-06,0.505014259153269
2018-08-07,0.5053732317731082
2018-08-08,0.5060512781990135
2018-08-09,0.5085145083059303
2018-08-10,0.5120071005357427
2018-08-11,0.5119703355542151
2018-08-12,0.512007066239916
2018-08-13,0.5149940660915251
2018-08-14,0.5095600668247101
2018-08-15,0.5098974639883136
2018-08-16,0.510036767608933
2018-08-17,0.5087504425210521
2018-08-18,0.5087268716836321
2018-08-19,0.5087242855823113
2018-08-20,0.4958637165943724
2018-08-21,0.49531168243663914
2018-08-22,0.4935998090426175
2018-08-23,0.5205347266786748
2018-08-24,0.5201067160646107
2018-08-25,0.5200807152168073
2018-08-26,0.5200759121723466
2018-08-27,0.5185274747758757
2018-08-28,0.5079556225564366
2018-08-29,0.5084909265356258
2018-08-30,0.5098573066768565
2018-08-31,0.509624616751145
2018-09-01,0.5096141658722866
2018-09-02,0.5096160263068523
2018-09-03,0.5102546433522624
2018-09-04,0.512042215039604
2018-09-05,0.5112697708338013
2018-09-06,0.5109936018439947
2018-09-07,0.5105345797411444
2018-09-08,0.5105483687364971
2018-09-09,0.5105503763930092
2018-09-10,0.510516209869213
2018-09-11,0.5107574894981155
2018-09-12,0.5110455742154132
2018-09-13,0.5098324003062665
2018-09-14,0.5105664649278142
2018-09-15,0.51056593779515
2018-09-16,0.5105649066128611
2018-09-17,0.5096024873384463
2018-09-18,0.5093136058601938
2018-09-19,0.5085446473170581
2018-09-20,0.5073351837773407
2018-09-21,0.506275190704964
2018-09-22,0.5062688856468874
2018-09-23,0.506269771897274
2018-09-24,0.5062280464376322
2018-09-25,0.5053404856071201
2018-09-26,0.5057528924895016
2018-09-27,0.5059043986526962
2018-09-28,0.5061206207402402
2018-09-29,0.5061086546128661
2018-09-30,0.5061079743114298
2018-10-01,0.5064136405369892
2018-10-02,0.506759916040961
2018-10-03,0.5075902057972214
2018-10-04,0.5062406453731355
2018-10-05,0.5060950334473242
2018-10-06,0.506085725239569
2018-10-07,0.5060885515719923
2018-10-08,0.5055940292949134
2018-10-09,0.508749350114236
2018-10-10,0.509110567314676
2018-10-11,0.5086809971893455
2018-10-12,0.508365962437405
2018-10-13,0.5083608125204258
2018-10-14,0.5083593860367058
2018-10-15,0.4985589067083788
2018-10-16,0.500887922759261
2018-10-17,0.5008105817442144
2018-10-18,0.5014325162009879
2018-10-19,0.5014020488604453
2018-10-20,0.5013951281441296
2018-10-21,0.5013963496479416
2018-10-22,0.5010865461274686
2018-10-23,0.5006837039658673
2018-10-24,0.5007782673588259
2018-10-25,0.5007113370146592
2018-10-26,0.4993601133652763
2018-10-27,0.4993415010563693
2018-10-28,0.49933995145258936
2018-10-29,0.4990092480689699
2018-10-30,0.4999907109148412
2018-10-31,0.5004086164713764
2018-11-01,0.4972916972828477
2018-11-02,0.501050025281878
2018-11-03,0.5010294566481465
2018-11-04,0.5010319065123479
2018-11-05,0.5033289579901146
2018-11-06,0.49575480110072445
2018-11-07,0.49420235845188487
2018-11-08,0.4954448983108822
2018-11-09,0.4940344942653296
2018-11-10,0.49401962907577673
2018-11-11,0.4940178705979381
2018-11-12,0.49521034236819744
2018-11-13,0.4951703325932131
2018-11-14,0.4949939485270399
2018-11-15,0.4953290362873078
2018-11-16,0.49443182307461736
2018-11-17,0.4944312654821728
2018-11-18,0.4944342997700722
2018-11-19,0.48817345412225344
2018-11-20,0.4890801024186378
2018-11-21,0.48930903179007385
2018-11-22,0.4889274340234746
2018-11-23,0.48929057421663014
2018-11-24,0.4892932002341837
2018-11-25,0.4892925367605306
2018-11-26,0.4875228820039477
2018-11-27,0.48814946392978326
2018-11-28,0.4879714138616772
2018-11-29,0.4869808202600546
2018-11-30,0.4869454371244297
2018-12-01,0.48693609677694416
2018-12-02,0.48693409890806866
2018-12-03,0.48287968001815024
2018-12-04,0.48365003195686646
2018-12-05,0.4790804481098514
2018-12-06,0.4793253345241804
2018-12-07,0.47938061734516896
2018-12-08,0.47936873066079183
2018-12-09,0.47937047077656286
2018-12-10,0.4780594607514264
2018-12-11,0.4754474933674577
2018-12-12,0.47816055170401195
2018-12-13,0.47776661025906725
2018-12-14,0.4873825384350349
2018-12-15,0.4873701203417348
2018-12-16,0.48737112353420525
2018-12-17,0.4731146058816369
2018-12-18,0.47057866590289055
2018-12-19,0.4702295707827347
2018-12-20,0.46957397726515304
2018-12-21,0.470616246972268
2018-12-22,0.4705567996809851
2018-12-23,0.47055841272363946
2018-12-24,0.4723190844735373
2018-12-25,0.47237410322206413
2018-12-26,0.4754149546043986
2018-12-27,0.4766016935456693
2018-12-28,0.47616792610093867
2018-12-29,0.47622118317152107
2018-12-30,0.4761956171544909
2018-12-31,0.4771367212582848
2019-01-01,0.4771698502547264
2019-01-02,0.4740319696992036
2019-01-03,0.47434716804013266
2019-01-04,0.47361277286972475
2019-01-05,0.47359136027341114
2019-01-06,0.47359124163202976
2019-01-07,0.4725133041752203
2019-01-08,0.4733386606846279
2019-01-09,0.4709207204201776
2019-01-10,0.4716788749206772
2019-01-11,0.47274525324256567
2019-01-12,0.472695239023031
2019-01-13,0.47272870720765076
2019-01-14,0.4690855205120291
2019-01-15,0.46908082239058885
2019-01-16,0.4698044435506897
2019-01-17,0.4691682508086924
2019-01-18,0.47027204351553553
2019-01-19,0.47022221877705117
2019-01-20,0.47022223950865655
2019-01-21,0.4700798087395075
2019-01-22,0.46984923288330116
2019-01-23,0.4696228602245773
2019-01-24,0.47077352699661257
2019-01-25,0.47060838575851294
2019-01-26,0.47054889271787337
2019-01-27,0.47058921223771905
2019-01-28,0.4691038170232463
2019-01-29,0.47156489171151
2019-01-30,0.47148341135251115
2019-01-31,0.47447991294205544
2019-02-01,0.4747955024478597
2019-02-02,0.47477648017622653
2019-02-03,0.47477530817091834
2019-02-04,0.4561108781427717
2019-02-05,0.45499929267335676
2019-02-06,0.45331039801836087
2019-02-07,0.44945024563495656
2019-02-08,0.4505422579704096
2019-02-09,0.45054244587876385
2019-02-10,0.45049865124082394
2019-02-11,0.4486465858494051
2019-02-12,0.4497466812662403
2019-02-13,0.448561442375504
2019-02-14,0.4504874294356847
2019-02-15,0.4505607641151907
2019-02-16,0.45047563141804403
2019-02-17,0.4504780734239029
2019-02-18,0.45074889554455777
2019-02-19,0.44979218045873126
2019-02-20,0.45021201997809746
2019-02-21,0.4546569746804774
2019-02-22,0.45477047870943604
2019-02-23,0.4546878143833371
2019-02-24,0.4546879459734761
2019-02-25,0.4505028732940772
2019-02-26,0.45169493472712063
2019-02-27,0.44682068737667036
2019-02-28,0.44805368062113915
2019-03-01,0.4475428972574865
2019-03-02,0.4475352728884501
2019-03-03,0.44753689293718213
2019-03-04,0.44949341226975964
2019-03-05,0.4504321031673509
2019-03-06,0.45173872075254295
2019-03-07,0.4472016645982104
2019-03-08,0.44825015464641876
2019-03-09,0.44825512960409597
2019-03-10,0.4482529529634031
2019-03-11,0.448325526885752
2019-03-12,0.44912068053494886
2019-03-13,0.4477206094938442
2019-03-14,0.449116767477709
2019-03-15,0.4491005877373573
2019-03-16,0.4490490987039544
2019-03-17,0.4490441715763917
2019-03-18,0.4494590791547307
2019-03-19,0.4468963728196703
2019-03-20,0.4498835325378826
2019-03-21,0.44538755576047645
2019-03-22,0.44580385214713336
2019-03-23,0.44576327443251346
2019-03-24,0.445755975795742
2019-03-25,0.4478685720591654
2019-03-26,0.44524341325012873
2019-03-27,0.44546754277772194
2019-03-28,0.4446111325314284
2019-03-29,0.4464185844062045
2019-03-30,0.4464729721013199
2019-03-31,0.4464663388226823
2019-04-01,0.4452757894571928
2019-04-02,0.4436963792718819
2019-04-03,0.4427938175208678
2019-04-04,0.44464057333786217
2019-04-05,0.44343157399718097
2019-04-06,0.4434852609765485
2019-04-07,0.443486271289879
2019-04-08,0.44169029556013056
2019-04-09,0.4416191526498027
2019-04-10,0.44039400001717205
2019-04-11,0.4408975690897927
2019-04-12,0.4423892101846765
2019-04-13,0.442416293509773
2019-04-14,0.4424122810274287
2019-04-15,0.43834018292511673
2019-04-16,0.43779628905566836
2019-04-17,0.438524734564085
2019-04-18,0.4381091114492783
2019-04-19,0.43923831074310454
2019-04-20,0.4393031224190945
2019-04-21,0.43924656830514164
2019-04-22,0.4404726150916689
2019-04-23,0.4374559996324722
2019-04-24,0.44099403209182275
2019-04-25,0.443655285942788
2019-04-26,0.44413593387045097
2019-04-27,0.4441908660793494
2019-04-28,0.44419545437796926
2019-04-29,0.44326740384809377
2019-04-30,0.4380223081097168
2019-05-01,0.43853817361260305
2019-05-02,0.43362000710246157
2019-05-03,0.43344136449065895
2019-05-04,0.43351981014126817
2019-05-05,0.4335155693963396
2019-05-06,0.4336850477404911
2019-05-07,0.4336443969140781
2019-05-08,0.433001503365905
2019-05-09,0.43189853205800005
2019-05-10,0.43181300276729506
2019-05-11,0.43189301905840244
2019-05-12,0.4318895970514067
2019-05-13,0.43146554844989243
2019-05-14,0.4304210861738955
2019-05-15,0.42828938250220316
2019-05-16,0.42983167927798205
2019-05-17,0.4320077509632581
2019-05-18,0.4320346464379211
2019-05-19,0.4320180714108844
2019-05-20,0.4219872667516163
2019-05-21,0.4232065140971335
2019-05-22,0.42080644275310974
2019-05-23,0.421969411482468
2019-05-24,0.4198681965743706
2019-05-25,0.41995235065289416
2019-05-26,0.41993592008315017
2019-05-27,0.4193826579180907
2019-05-28,0.41498074034260213
2019-05-29,0.41610578587434444
2019-05-30,0.4176984356766639
2019-05-31,0.4095327476677592
2019-06-01,0.4095541718774596
2019-06-02,0.4095493685728727
2019-06-03,0.4089844781146447
2019-06-04,0.40963125784112886
2019-06-05,0.4106256702359145
2019-06-06,0.41032359253877027
2019-06-07,0.40855995650603333
2019-06-08,0.4085885551912903
2019-06-09,0.40857064129219023
2019-06-10,0.4092970101780374
2019-06-11,0.4088654401521273
2019-06-12,0.40954425362047275
2019-06-13,0.40810570715235
2019-06-14,0.4069431690364184
2019-06-15,0.40697405997851016
2019-06-16,0.4069717367814183
2019-06-17,0.4078424715420839
2019-06-18,0.4093198690435036
2019-06-19,0.40639402053509976
2019-06-20,0.4051158377176949
2019-06-21,0.404277405836955
2019-06-22,0.404322480862961
2019-06-23,0.4043114320923347
2019-06-24,0.40310299229491553
2019-06-25,0.40209951947185035
2019-06-26,0.4020111958589792
2019-06-27,0.4022684293008846
2019-06-28,0.402151584524441
2019-06-29,0.40220024683569533
2019-06-30,0.4021918104576739
2019-07-01,0.40217058710281667
2019-07-02,0.4021587827278728
2019-07-03,0.4012700421479002
2019-07-04,0.4012046912442558
2019-07-05,0.401384122105024
2019-07-06,0.4014399947873171
2019-07-07,0.4014448399383598
2019-07-08,0.40207680562636566
2019-07-09,0.40256200038087625
2019-07-10,0.4023228116439023
2019-07-11,0.4021936132219547
2019-07-12,0.40198233315744486
2019-07-13,0.4019977521924183
2019-07-14,0.40197881778532507
2019-07-15,0.40139058060315463
2019-07-16,0.4013159946967528
2019-07-17,0.40126215389987563
2019-07-18,0.4013601140784336
2019-07-19,0.4013658059409445
2019-07-20,0.40139734432193613
2019-07-21,0.4013953445477844
2019-07-22,0.4003912879726927
2019-07-23,0.40165391720976384
2019-07-24,0.40165839677617005
2019-07-25,0.40094032647776845
2019-07-26,0.40114257425469535
2019-07-27,0.4012119633396183
2019-07-28,0.4012173960204162
2019-07-29,0.4017014003302288
2019-07-30,0.4014498212696197
2019-07-31,0.40168226528633627
2019-08-01,0.4014950447222071
2019-08-02,0.40136052684917445
2019-08-03,0.40138409710380696
2019-08-04,0.4013865884950373
2019-08-05,0.40193376642426687
2019-08-06,0.40236448125192026
2019-08-07,0.40427248561720897
2019-08-08,0.40383181241319765
2019-08-09,0.4031096748692226
2019-08-10,0.40308561347785093
2019-08-11,0.40308506090782614
2019-08-12,0.4038017418993612
2019-08-13,0.4035130430943578
2019-08-14,0.4038008258476114
2019-08-15,0.403537141427003
2019-08-16,0.40290463367573703
2019-08-17,0.4029344738070736
2019-08-18,0.40291875758914075
2019-08-19,0.40323935301204517
2019-08-20,0.40330172675627446
2019-08-21,0.4032310561687834
2019-08-22,0.4033811465201312
2019-08-23,0.40344364188578796
2019-08-24,0.4035057458025111
2019-08-25,0.40351147603059023
2019-08-26,0.40240412579027884
2019-08-27,0.404400902790796
2019-08-28,0.4055981521871764
2019-08-29,0.4059495025580299
2019-08-30,0.406218307403029
2019-08-31,0.40629935683101537
2019-09-01,0.40628488198030377
2019-09-02,0.40662621468184973
2019-09-03,0.40377347117637036
2019-09-04,0.404277967773647
2019-09-05,0.4064008900801782
2019-09-06,0.40580410561916147
2019-09-07,0.40582067878766603
2019-09-08,0.40582470872600357
2019-09-09,0.4056150818810023
2019-09-10,0.4059268022956501
2019-09-11,0.40545014789014394
2019-09-12,0.4052911718407161
2019-09-13,0.4036838448008929
2019-09-14,0.40372823584444945
2019-09-15,0.4037105489559095
2019-09-16,0.4034101672050075
2019-09-17,0.4050063037824061
2019-09-18,0.40446843429393703
2019-09-19,0.403466333032125
2019-09-20,0.4035163820496059
2019-09-21,0.4035567731822621
2019-09-22,0.4035590738706369
2019-09-23,0.4031590527904742
2019-09-24,0.4027341317490899
2019-09-25,0.40262116976177365
2019-09-26,0.402446940981975
2019-09-27,0.40260000819507324
2019-09-28,0.4026846221570012
2019-09-29,0.40270827919491736
2019-09-30,0.40245053484320886
2019-10-01,0.40284456189566914
2019-10-02,0.4041025631804567
2019-10-03,0.40324293066193034
2019-10-04,0.40304932685877076
2019-10-05,0.40312838921377336
2019-10-06,0.4031105374646409
2019-10-07,0.40210957251264823
2019-10-08,0.4025516451336041
2019-10-09,0.40182985699747686
2019-10-10,0.40226699280486916
2019-10-11,0.4044111321921855
2019-10-12,0.4044963405110491
2019-10-13,0.40448105114980015
2019-10-14,0.40404504685270026
2019-10-15,0.4034765520173532
2019-10-16,0.4037234405602659
2019-10-17,0.40305439891122896
2019-10-18,0.4017749528853671
2019-10-19,0.40185928865679066
2019-10-20,0.4018466816416007
2019-10-21,0.4011395509879692
2019-10-22,0.4006929099077592
2019-10-23,0.399878000495541
2019-10-24,0.3996519880559386
2019-10-25,0.399002194519561
2019-10-26,0.39903095069071204
2019-10-27,0.3990314088820178
2019-10-28,0.39839873469322884
2019-10-29,0.3975578969144953
2019-10-30,0.3974066828044974
2019-10-31,0.3966895569406795
2019-11-01,0.3957426409974091
2019-11-02,0.39577534574567774
2019-11-03,0.39579583625488407
2019-11-04,0.3949325472573473
2019-11-05,0.3959418129582102
2019-11-06,0.39583305674036007
2019-11-07,0.39600008636306483
2019-11-08,0.3964521598657897
2019-11-09,0.39647901815694353
2019-11-10,0.3964791379393773
2019-11-11,0.39672768834042466
2019-11-12,0.39773786064294836
2019-11-13,0.3985650151335984
2019-11-14,0.3986082769835858
2019-11-15,0.3983641912312724
2019-11-16,0.39842805175882867
2019-11-17,0.39842774755928123
2019-11-18,0.39775702565226506
2019-11-19,0.39812772821253345
2019-11-20,0.39806547660714126
2019-11-21,0.39834497673302216
2019-11-22,0.39840803334418856
2019-11-23,0.398466683352233
2019-11-24,0.3984414911797866
2019-11-25,0.39871035418593254
2019-11-26,0.39942893187505524
2019-11-27,0.39995858175814986
2019-11-28,0.3999562202106844
2019-11-29,0.39964120430206157
2019-11-30,0.3996849118788511
2019-12-01,0.39968587669884725
2019-12-02,0.3990858218724082
2019-12-03,0.39939516467060737
2019-12-04,0.3991302745539136
2019-12-05,0.39899052986551503
2019-12-06,0.3991763950565241
2019-12-07,0.3992320516502608
2019-12-08,0.39923882191974314
2019-12-09,0.39928852526916436
2019-12-10,0.39923065193567525
2019-12-11,0.3995491400105189
2019-12-12,0.40219339827639955
2019-12-13,0.40246024301829114
2019-12-14,0.40252537705783986
2019-12-15,0.4025299937834826
2019-12-16,0.4022838690236378
2019-12-17,0.40227445601853257
2019-12-18,0.4022228864513041
2019-12-19,0.40491056846657975
2019-12-20,0.4059334164865484
2019-12-21,0.4059695360940071
2019-12-22,0.40596862604721384
2019-12-23,0.40567651474376454
2019-12-24,0.40605005774000014
2019-12-25,0.4059689731799796
2019-12-26,0.40592386125169316
2019-12-27,0.4059131869024381
2019-12-28,0.4059338145430527
2019-12-29,0.4059340601953118
2019-12-30,0.4055533454643115
2019-12-31,0.40518027775453763
2020-01-01,0.40517301690316737
2020-01-02,0.4054057239346639
2020-01-03,0.39535961594541896
2020-01-04,0.3953893790042533
2020-01-05,0.39538920878197886
2020-01-06,0.3938213902327071
2020-01-07,0.39347688692748867
2020-01-08,0.3932001587006321
2020-01-09,0.3927164268093283
2020-01-10,0.3921880975766178
2020-01-11,0.3922062170103037
2020-01-12,0.3922050929979116
2020-01-13,0.39198561896337564
2020-01-14,0.391816281294609
2020-01-15,0.3913102863323194
2020-01-16,0.39125380417315914
2020-01-17,0.39151053709329947
2020-01-18,0.3915906293680919
2020-01-19,0.39159073926396637
2020-01-20,0.3914026304519329
2020-01-21,0.3921261472997958
2020-01-22,0.3916939574428841
2020-01-23,0.39226513599022544
2020-01-24,0.39370738613199285
2020-01-25,0.3937277847717211
2020-01-26,0.3937275105381859
2020-01-27,0.39365477152433315
2020-01-28,0.3933470809394578
2020-01-29,0.3926763693066152
2020-01-30,0.3926899776005564
2020-01-31,0.3917972967955657
2020-02-01,0.39180926873345745
2020-02-02,0.3918078344009268
2020-02-03,0.39089965965556306
2020-02-04,0.390455816516792
2020-02-05,0.38999907660759
2020-02-06,0.3897590372923789
2020-02-07,0.38995242610890496
2020-02-08,0.3900361665523803
2020-02-09,0.3900343888874923
2020-02-10,0.389536641062042
2020-02-11,0.38923626131334593
2020-02-12,0.388487881212838
2020-02-13,0.3920736855810482
2020-02-14,0.3928042563938101
2020-02-15,0.3928870657197495
2020-02-16,0.3928871443771551
2020-02-17,0.3928229010628739
2020-02-18,0.4021787041651137
2020-02-19,0.40233256853003313
2020-02-20,0.40241236675044045
2020-02-21,0.4328529195127808
2020-02-22,0.43294444641364666
2020-02-23,0.4329453450151676
2020-02-24,0.4330298274596563
2020-02-25,0.43305948985797155
2020-02-26,0.4334992451300069
2020-02-27,0.43328809425880876
2020-02-28,0.4345408033950617
2020-02-29,0.43466678216535126
2020-03-01,0.4346665867156758
2020-03-02,0.4277946340904695
2020-03-03,0.417479121761851
2020-03-04,0.41753973227283314
2020-03-05,0.4173580979974743
2020-03-06,0.41707263817033735
2020-03-07,0.417116533215666
2020-03-08,0.4171216075758884
2020-03-09,0.41732928756196974
2020-03-10,0.41653001128587647
2020-03-11,0.41653073682101427
2020-03-12,0.4191835526936935
2020-03-13,0.41984616266528485
2020-03-14,0.41993867240771277
2020-03-15,0.4199414430419286
2020-03-16,0.42048618146353667
2020-03-17,0.42346194661397035
2020-03-18,0.42715779117814
2020-03-19,0.4274065423826209
2020-03-20,0.4282699120777649
2020-03-21,0.42826152040771315
2020-03-22,0.4282600763785383
2020-03-23,0.43214320999286476
2020-03-24,0.43145167664728107
2020-03-25,0.43202454028131637
2020-03-26,0.4275347052402572
2020-03-27,0.4253001772398631
2020-03-28,0.4252934038166242
2020-03-29,0.425293772974424
2020-03-30,0.4263511730816223
2020-03-31,0.42856135093565145
2020-04-01,0.4303160251653551
2020-04-02,0.42872477237267614
2020-04-03,0.4290836298449901
2020-04-04,0.42907817161607076
2020-04-05,0.4290756137087598
2020-04-06,0.4298016762652132
2020-04-07,0.4290456525539539
2020-04-08,0.43138452506706826
2020-04-09,0.4223117353640745
2020-04-10,0.4219551074615639
2020-04-11,0.42194974935117
2020-04-12,0.4219516881104154
2020-04-13,0.42374073485166597
2020-04-14,0.42005355395862093
2020-04-15,0.4204453145340632
2020-04-16,0.42216138385053487
2020-04-17,0.4235846891548973
2020-04-18,0.4235785052887268
2020-04-19,0.42357556545259684
2020-04-20,0.41958650314662166
2020-04-21,0.421391384507219
2020-04-22,0.4243000738158802
2020-04-23,0.4210798699657719
2020-04-24,0.4212402977882755
2020-04-25,0.4212558854400012
2020-04-26,0.42125507689493075
2020-04-27,0.42135336787411437
2020-04-28,0.4209992706481704
2020-04-29,0.3901318960719893
2020-04-30,0.38844490520935476
2020-05-01,0.3887501305661889
2020-05-02,0.38874558719655156
2020-05-03,0.3887430804115606
2020-05-04,0.388999280820063
2020-05-05,0.3794784899195541
2020-05-06,0.36775743351907475
2020-05-07,0.37096661723461627
2020-05-08,0.3868562939631417
2020-05-09,0.38685052283745996
2020-05-10,0.3868509814903977
2020-05-11,0.3888381056276352
2020-05-12,0.3883339533440928
2020-05-13,0.38773278180478826
2020-05-14,0.388031651688397
2020-05-15,0.3875446540951293
2020-05-16,0.38755340694664997
2020-05-17,0.3875513063968321
2020-05-18,0.38702973294664
2020-05-19,0.3864257997347003
2020-05-20,0.38503639672042844
2020-05-21,0.385761860915593
2020-05-22,0.38570483926098553
2020-05-23,0.38570052422418205
2020-05-24,0.385701110025189
2020-05-25,0.38574093307961926
2020-05-26,0.3838238487177959
2020-05-27,0.38479909015882235
2020-05-28,0.38310823027082114
2020-05-29,0.3802519378426015
2020-05-30,0.3802610771736768
2020-05-31,0.38025890975707477
2020-06-01,0.37929012740937357
2020-06-02,0.37703573997252504
2020-06-03,0.37604808126695355
2020-06-04,0.37242756764374696
2020-06-05,0.37289011911004805
2020-06-06,0.3729205454015386
2020-06-07,0.372922283563719
2020-06-08,0.37586507052513957
2020-06-09,0.37597856044900035
2020-06-10,0.376650492615989
2020-06-11,0.37575080075530454
2020-06-12,0.37537426816349095
2020-06-13,0.37537021730037445
2020-06-14,0.3753682751532923
2020-06-15,0.3759486752254925
2020-06-16,0.3756056689971237
2020-06-17,0.3733660010748132
2020-06-18,0.3735267596337346
2020-06-19,0.37483093350086627
2020-06-20,0.37483945962031107
2020-06-21,0.37483924751035674
2020-06-22,0.3758399419577905
2020-06-23,0.3750891445368663
2020-06-24,0.3745911479885974
2020-06-25,0.37279540089396995
2020-06-26,0.3704777880437775
2020-06-27,0.3704739626297965
2020-06-28,0.3704738831866779
2020-06-29,0.3719832466025811
2020-06-30,0.375630312852916
2020-07-01,0.3755650140795577
2020-07-02,0.37529741647767
2020-07-03,0.3752675846465003
2020-07-04,0.37526784405280017
2020-07-05,0.3752707206523409
2020-07-06,0.3739579854883947
2020-07-07,0.3748279886241884
2020-07-08,0.3739625155253164
2020-07-09,0.3733582002036799
2020-07-10,0.37169686988932815
2020-07-11,0.37170385021184044
2020-07-12,0.371704195346981
2020-07-13,0.3710738704513931
2020-07-14,0.3701751427882177
2020-07-15,0.3699438486066405
2020-07-16,0.36899183664548746
2020-07-17,0.36910415023974114
2020-07-18,0.3691044079212655
2020-07-19,0.36910416364215864
2020-07-20,0.3702039003525388
2020-07-21,0.3682359942286634
2020-07-22,0.36843267172231914
2020-07-23,0.3677730133399763
2020-07-24,0.36631068451380433
2020-07-25,0.3663039141545
2020-07-26,0.3663036915587581
2020-07-27,0.3655548102304975
2020-07-28,0.3646218807072665
2020-07-29,0.3657167348582577
2020-07-30,0.36644507192156706
2020-07-31,0.3664710610857279
2020-08-01,0.3664660465007619
2020-08-02,0.36646709676367284
2020-08-03,0.36620787135737876
2020-08-04,0.3662910560601317
2020-08-05,0.36190808733391583
2020-08-06,0.3618394567105811
2020-08-07,0.3629674275439604
2020-08-08,0.36296310087455175
2020-08-09,0.362973700179433
2020-08-10,0.3656073502596046
2020-08-11,0.3633706747692299
2020-08-12,0.36313873780157174
2020-08-13,0.3628658013193482
2020-08-14,0.36284140350628075
2020-08-15,0.362839933258257
2020-08-16,0.3628412085381449
2020-08-17,0.36275661118413455
2020-08-18,0.3624728374247317
2020-08-19,0.3630491072659984
2020-08-20,0.36339171447119295
2020-08-21,0.36496061379033046
2020-08-22,0.36496521624668943
2020-08-23,0.3649634227770382
2020-08-24,0.364444514421726
2020-08-25,0.3640984814042177
2020-08-26,0.36351848443169416
2020-08-27,0.36402008481105524
2020-08-28,0.3628320273969898
2020-08-29,0.3628295584847799
2020-08-30,0.36282694165500845
2020-08-31,0.3634799153742282
2020-09-01,0.3620891749680877
2020-09-02,0.3599260770503882
2020-09-03,0.35974298310361574
2020-09-04,0.3688701231682018
2020-09-05,0.36887160856139783
2020-09-06,0.36886990178618906
2020-09-07,0.36896404331606236
2020-09-08,0.3758854911771936
2020-09-09,0.37816216439574546
2020-09-10,0.37810061705535725
2020-09-11,0.3792897660069744
2020-09-12,0.37929230166596367
2020-09-13,0.3792919371745967
2020-09-14,0.3805346516927264
2020-09-15,0.38254224003060594
2020-09-16,0.3835972928361455
2020-09-17,0.3836952353858316
2020-09-18,0.3845963761233938
2020-09-19,0.384596528034376
2020-09-20,0.38459625426817207
2020-09-21,0.38611510629742074
2020-09-22,0.3874280929044868
2020-09-23,1.2873711250904878
2020-09-24,1.2883406919050189
2020-09-25,1.2896895153656553
2020-09-26,1.2896895153656553
2020-09-27,1.2896979658591545
2020-09-28,1.2918297470622506
2020-09-29,1.2901982351483992
2020-09-30,1.2889591965864386
2020-10-01,1.2870135696337348
2020-10-02,1.287047828136553
2020-10-03,1.2870483364915426
2020-10-04,1.2870378973982077
2020-10-05,1.2866329751475762
2020-10-06,1.295067280832225
2020-10-07,1.2951440232446623
2020-10-08,0.6418394634751198
2020-10-09,0.6464098231180075
2020-10-10,0.6464155726172586
2020-10-11,0.6464086338478723
2020-10-12,0.6463401886247423
2020-10-13,0.6462800192108701
2020-10-14,0.6502277896092022
2020-10-15,0.6493898946239107
2020-10-16,0.6492069453280647
2020-10-17,0.6492056648371951
2020-10-18,0.6492054485630036
2020-10-19,0.6556252973287013
2020-10-20,0.6543510268170918
2020-10-21,1.3034314838780858
2020-10-22,0.6499460704521273
2020-10-23,0.6506040253678854
2020-10-24,0.6506062679416329
2020-10-25,0.6506080346560366
2020-10-26,0.652527775828609
2020-10-27,0.6518863674911454
2020-10-28,0.6470279990977879
2020-10-29,0.6487934740283123
2020-10-30,0.6487637603413189
2020-10-31,0.6487624807792429
2020-11-01,0.6487643990147933
2020-11-02,0.6462419166353821
2020-11-03,0.6418036415810385
2020-11-04,0.6462790818586649
2020-11-05,0.6500886991916565
2020-11-06,0.6471093443479445
2020-11-07,0.6471095999688654
2020-11-08,0.6471035473324475
2020-11-09,0.6293093237570807
2020-11-10,0.6263163176781678
2020-11-11,1.2803027993137397
2020-11-12,0.6353744104039728
2020-11-13,0.6399286326202347
2020-11-14,0.6399288222161035
2020-11-15,0.6399257980050199
2020-11-16,0.636781998681495
2020-11-17,0.6363381177627874
2020-11-18,0.633245799401942
2020-11-19,0.6333513647080593
2020-11-20,0.6350902981543468
2020-11-21,0.6351082198482326
2020-11-22,0.6351101815180761
2020-11-23,0.6314676120738942
2020-11-24,0.6160833998378654
2020-11-25,0.6173938446401771
2020-11-26,1.2331624135286312
2020-11-27,0.6155222261880298
2020-11-28,0.6154879159526842
2020-11-29,0.6155043943908092
2020-11-30,0.6164326541573225
2020-12-01,0.6107796932650351
2020-12-02,0.6110147760543757
2020-12-03,0.6078848051554131
2020-12-04,0.5976475138073429
2020-12-05,0.5976646739746234
2020-12-06,0.5976719133822255
2020-12-07,0.5943320916204282
2020-12-08,0.5888388126312233
2020-12-09,0.579890394872008
2020-12-10,0.5806117456841124
2020-12-11,0.5772978591172633
2020-12-12,0.5773229997995117
2020-12-13,0.5773386974712688
2020-12-14,0.5709810858722192
2020-12-15,0.5717437852270307
2020-12-16,0.5804291478580239
2020-12-17,0.5657442671088942
2020-12-18,0.5666450334030881
2020-12-19,0.5666570661352215
2020-12-20,0.5666405446061535
2020-12-21,0.5721654577235783
2020-12-22,0.5651936188351526
2020-12-23,0.558461088576536
2020-12-24,0.5648744373388034
2020-12-25,0.5614338063064405
2020-12-26,0.5614338063064405
2020-12-27,0.5614444524519023
2020-12-28,0.5613026522285673
2020-12-29,0.5600579994788594
2020-12-30,0.5570458386056034
2020-12-31,0.5542526859594613
2021-01-01,0.5705012231320609
2021-01-02,0.5705012231320609
2021-01-03,0.5704798712940884
2021-01-04,0.5725804096932249
2021-01-05,0.5755604710655261
2021-01-06,0.5815085205358899
2021-01-07,0.5775943186079424
2021-01-08,0.566339229788687
2021-01-09,0.5663378890726194
2021-01-10,0.566330363518831
2021-01-11,0.5697767732005432
2021-01-12,0.5777248378597468
2021-01-13,0.5813896673364085
2021-01-14,0.5734111252417083
2021-01-15,0.5737995520799439
2021-01-16,0.5737995520799439
2021-01-17,0.57380866895098
2021-01-18,0.5712924155863105
2021-01-19,0.573796598731291
2021-01-20,0.5828394828538073
2021-01-21,0.585380648519895
2021-01-22,0.5852553674522473
2021-01-23,0.5852553674522473
2021-01-24,0.5852558873501862
2021-01-25,0.5753648500075556
2021-01-26,0.5809072089373037
2021-01-27,0.5823951381782477
2021-01-28,0.5726949213991281
2021-01-29,0.5703660635376118
2021-01-30,0.5703660635376118
2021-01-31,0.5703722928621138
2021-02-01,0.5751587656600158
2021-02-02,0.5715836753366252
2021-02-03,0.5725906576023235
2021-02-04,0.5828302655574076
2021-02-05,0.5726940709658838
2021-02-06,0.5726940709658838
2021-02-07,0.5726920449898503
2021-02-08,0.5658384347739873
2021-02-09,0.5667618299168681
2021-02-10,0.5696633536035154
2021-02-11,0.5713693004856366
2021-02-12,0.5656087515682551
2021-02-13,0.5656104777376865
2021-02-14,0.5656067602210483
2021-02-15,0.5794312847072896
2021-02-16,0.5652724391806081
2021-02-17,0.5732597614244596
2021-02-18,0.5750506636832626
2021-02-19,0.562801751385479
2021-02-20,0.562801751385479
2021-02-21,0.562812818102978
2021-02-22,0.5636712790634674
2021-02-23,0.5587418519145964
2021-02-24,0.5607393503803536
2021-02-25,0.5666268922233143
2021-02-26,0.5626586890911294
2021-02-27,0.562657357088144
2021-02-28,0.5626694457089854
2021-03-01,0.5516135953912937
2021-03-02,0.5594807699153339
2021-03-03,0.5594713045401142
2021-03-04,0.5544969284952841
2021-03-05,0.5510399093906405
2021-03-06,0.5510399093906405
2021-03-07,0.55103994443464
2021-03-08,0.5524685979950873
2021-03-09,0.5704491346599344
2021-03-10,0.5657781867739257
2021-03-11,0.5592586360190929
2021-03-12,0.5558047728666045
2021-03-13,0.5558047728666045
2021-03-14,0.555802800273983
2021-03-15,0.548602586678752
2021-03-16,0.5480842750290557
2021-03-17,0.5478218355943435
2021-03-18,0.5485734448968447
2021-03-19,0.5479307557426527
2021-03-20,0.5479307557426527
2021-03-21,0.5480210074569721
2021-03-22,0.5434128276600798
2021-03-23,0.5397969038782103
2021-03-24,0.5430467334926524
2021-03-25,0.5424640540823952
2021-03-26,0.5403179485960775
2021-03-27,0.5403157225706771
2021-03-28,0.5403199287440471
2021-03-29,0.5416763238865226
2021-03-30,0.540403374576898
2021-03-31,0.5418909764268911
2021-04-01,0.5413381566799355
2021-04-02,0.5394227395175908
2021-04-03,0.5394227395175908
2021-04-04,0.5394245527127672
2021-04-05,0.5330312128348106
2021-04-06,0.5336744659564624
2021-04-07,0.5344584574066404
2021-04-08,0.5338298798570544
2021-04-09,0.5291022184471433
2021-04-10,0.5291022184471433
2021-04-11,0.5291047117894728
2021-04-12,0.5283876798638928
2021-04-13,0.527732638100459
2021-04-14,0.5267068798507366
2021-04-15,0.5187364556049262
2021-04-16,0.5186166551227227
2021-04-17,0.5186166551227227
2021-04-18,0.5186164204434075
2021-04-19,0.5193177599198575
2021-04-20,0.5175769449067081
2021-04-21,0.5150663353460514
2021-04-22,0.5120051037225867
2021-04-23,0.5111950572262863
2021-04-24,0.511190218102717
2021-04-25,0.5112007012828114
2021-04-26,0.5097678833810607
2021-04-27,0.5001939811427498
2021-04-28,0.5037063125059047
2021-04-29,0.5053167985443434
2021-04-30,0.5011789504897062
2021-05-01,0.5011789504897062
2021-05-02,0.5011794436279778
2021-05-03,0.49825944578653125
2021-05-04,0.5078358481437883
2021-05-05,0.4930834160229563
2021-05-06,0.49568604279034334
2021-05-07,0.4939771073167364
2021-05-08,0.4939771073167364
2021-05-09,0.4939814236700576
2021-05-10,0.5044372089410648
2021-05-11,0.48928511574096
2021-05-12,0.4973213750604635
2021-05-13,0.48053910618726015
2021-05-14,0.48460291516768156
2021-05-15,0.48461209010192374
2021-05-16,0.4846115887190239
2021-05-17,0.48002701381639384
2021-05-18,0.49482100992495337
2021-05-19,0.49565867691362603
2021-05-20,0.4892792607886621
2021-05-21,0.47751680201362584
2021-05-22,0.47751680201362584
2021-05-23,0.477516690881439
2021-05-24,0.47762019207112916
2021-05-25,0.4778131858654644
2021-05-26,0.47112859227248205
2021-05-27,0.47726022913889626
2021-05-28,0.47675187186961693
2021-05-29,0.47675187186961693
2021-05-30,0.4767523505561899
2021-05-31,0.48183866365194217
2021-06-01,0.4844944241672231
2021-06-02,0.4665278449327048
2021-06-03,0.46583197572712504
2021-06-04,0.4657839729782009
2021-06-05,0.46581015283719607
2021-06-06,0.4658111988396088
2021-06-07,0.4733080822815974
2021-06-08,0.4763915340521285
2021-06-09,0.4686839218293254
2021-06-10,0.4732378183139608
2021-06-11,0.4745211121600301
2021-06-12,0.4745222391159405
2021-06-13,0.4745219476431093
2021-06-14,0.4695464153376726
2021-06-15,0.464876942902638
2021-06-16,0.46670550448251935
2021-06-17,0.46945764540421653
2021-06-18,0.47459735787104557
2021-06-19,0.47459735787104557
2021-06-20,0.4745993922625741
2021-06-21,0.4800790514794754
2021-06-22,0.46338977805605674
2021-06-23,0.46613824639468576
2021-06-24,0.46965030634180543
2021-06-25,0.4654407393111017
2021-06-26,0.4654407393111017
2021-06-27,0.4654409944555373
2021-06-28,0.4670842245047816
2021-06-29,0.46628631732321396
2021-06-30,0.47980632455803324
2021-07-01,0.47987477146878216
2021-07-02,0.46716969038709094
2021-07-03,0.46716946251792146
2021-07-04,0.4671698756593574
2021-07-05,0.46282690000809207
2021-07-06,0.46700536027403416
2021-07-07,0.46249413315376686
2021-07-08,0.4623813384339153
2021-07-09,0.4621078907656761
2021-07-10,0.4621078907656761
2021-07-11,0.4621075040826442
2021-07-12,0.4616230349140508
2021-07-13,0.4639856107096374
2021-07-14,0.4647304018968214
2021-07-15,0.4684471393131085
2021-07-16,0.4667058304501066
2021-07-17,0.4667058304501066
2021-07-18,0.4667068308001303
2021-07-19,0.46613594514491336
2021-07-20,0.4642519455192664
2021-07-21,0.4648695349349718
2021-07-22,0.4577747965022313
2021-07-23,0.45693407955377185
2021-07-24,0.45693407955377185
2021-07-25,0.4569345288659736
2021-07-26,0.4568637460679037
2021-07-27,0.4576059820729472
2021-07-28,0.45719545749569507
2021-07-29,0.4561235788222348
2021-07-30,0.4681178529396062
2021-07-31,0.4681178529396062
2021-08-01,0.46811655590090845
2021-08-02,0.4498200119532667
2021-08-03,0.44938966636360783
2021-08-04,0.4536414532316093
2021-08-05,0.45386842683551143
2021-08-06,0.44573005398681587
2021-08-07,0.44573005398681587
2021-08-08,0.44572969895900233
2021-08-09,0.4553256183173771
2021-08-10,0.45979210187754765
2021-08-11,0.4501540426012075
2021-08-12,0.45152523870848926
2021-08-13,0.45892602490995477
2021-08-14,0.45892602490995477
2021-08-15,0.458924921031063
2021-08-16,0.45476251408583995
2021-08-17,0.4508209939852046
2021-08-18,0.4483479425364578
2021-08-19,0.446626025242428
2021-08-20,0.44647542315282635
2021-08-21,0.44647542315282635
2021-08-22,0.44647539459656976
2021-08-23,0.45829961183245477
2021-08-24,0.44405477579884994
2021-08-25,0.4444961783930921
2021-08-26,0.4481598975839621
2021-08-27,0.4478283552836048
2021-08-28,0.4478283552836048
2021-08-29,0.4478349377454244
2021-08-30,0.4511487440355225
2021-08-31,0.44827101450718815
2021-09-01,0.4443899659500253
2021-09-02,0.4524781463262851
2021-09-03,0.4524174059428811
2021-09-04,0.4524174059428811
2021-09-05,0.45241719325058766
2021-09-06,0.44533041609992646
2021-09-07,0.4417169569040777
2021-09-08,0.43915542738604585
2021-09-09,0.44518954851077164
2021-09-10,0.44906290933304027
2021-09-11,0.44906290933304027
2021-09-12,0.4490634285764542
2021-09-13,0.44858981742133336
2021-09-14,0.4466029887351566
2021-09-15,0.44872653017623887
2021-09-16,0.4515860011445566
2021-09-17,0.45701581849116324
2021-09-18,0.4570147379618095
2021-09-19,0.4570146243631263
2021-09-20,0.4461143112511272
2021-09-21,0.4467597596040629
2021-09-22,0.4465012125713944
2021-09-23,0.4396331494432673
2021-09-24,0.44011426646577434
2021-09-25,0.44011426646577434
2021-09-26,0.4401127530769064
2021-09-27,0.4448569516710365
2021-09-28,0.450127654029539
2021-09-29,0.45068918973463556
2021-09-30,0.44858691876816775
2021-10-01,0.45215535779268784
2021-10-02,0.45215673771609816
2021-10-03,0.45215756924324046
2021-10-04,0.44866428214498877
2021-10-05,0.4048899976060502
2021-10-06,0.40305060608993937
2021-10-07,0.39506839106567543
2021-10-08,0.403281908004868
2021-10-09,0.403281908004868
2021-10-10,0.40328191402774377
2021-10-11,0.40493476909036163
2021-10-12,0.4014264951530935
2021-10-13,0.4030288745979184
2021-10-14,0.40050372590980665
2021-10-15,0.39636979757809165
2021-10-16,0.39636979757809165
2021-10-17,0.39636973396744885
2021-10-18,0.39631594558559874
2021-10-19,0.4002722210424942
2021-10-20,0.40166247269791816
2021-10-21,0.4060608940577332
2021-10-22,0.39996661609590695
2021-10-23,0.39996661609590695
2021-10-24,0.39997312439647303
2021-10-25,0.39372229979129675
2021-10-26,0.3963332071602405
2021-10-27,0.40057143292493236
2021-10-28,0.39645814876418733
2021-10-29,0.40863688123851705
2021-10-30,0.40863688123851705
2021-10-31,0.4086350869899744
2021-11-01,0.4005995538141738
2021-11-02,0.402567336026711
2021-11-03,0.4023801570015343
2021-11-04,0.40333456071641804
2021-11-05,0.4031995651077336
2021-11-06,0.40319972437099844
2021-11-07,0.40320023442711966
2021-11-08,0.40434654790226837
2021-11-09,0.40406151166524296
2021-11-10,0.40501098961277765
2021-11-11,0.40416546013901095
2021-11-12,0.40522323824733275
2021-11-13,0.40522323824733275
2021-11-14,0.4052260722550235
2021-11-15,0.40416069224432893
2021-11-16,0.4067974131957206
2021-11-17,0.4053505302356286
2021-11-18,0.40751249156393066
2021-11-19,0.4119365880685277
2021-11-20,0.4119365880685277
2021-11-21,0.4119357869912172
2021-11-22,0.4082232398741705
2021-11-23,0.4095031417757059
2021-11-24,0.4076538566895614
2021-11-25,0.4105788740986411
2021-11-26,0.40832458255376486
2021-11-27,0.40832458255376486
2021-11-28,0.4083227357001969
2021-11-29,0.408280264193079
2021-11-30,0.4085532746311813
2021-12-01,0.4101367650269932
2021-12-02,0.40992158741393586
2021-12-03,0.40861142851996224
2021-12-04,0.4085912313308198
2021-12-05,0.4085914294228474
2021-12-06,0.4068851828302391
2021-12-07,0.4024454113560665
2021-12-08,0.40191413818170807
2021-12-09,0.3998554663299251
2021-12-10,0.39991079125075024
2021-12-11,0.39991079125075024
2021-12-12,0.39990941511328626
2021-12-13,0.4002744709956068
2021-12-14,0.40569688283179545
2021-12-15,0.40316003338776124
2021-12-16,0.3988424986388144
2021-12-17,0.40117810859065034
2021-12-18,0.4011781737873862
2021-12-19,0.40118466752118825
2021-12-20,0.40103941641562796
2021-12-21,0.4005162736863009
2021-12-22,0.3981125664576031
2021-12-23,0.39342842654843374
2021-12-24,0.39695882360808876
2021-12-25,0.3969521742452254
2021-12-26,0.39694827203838534
2021-12-27,0.3974554720545621
2021-12-28,0.397245780443189
2021-12-29,0.3978666972297491
2021-12-30,0.39788601235459575
2021-12-31,0.4047532858014773
2022-01-01,0.4047532858014773
2022-01-02,0.40476063134226725
2022-01-03,0.404429705244959
2022-01-04,0.4082795931362042
2022-01-05,0.3986732599543588
2022-01-06,0.4027640267896892
2022-01-07,0.3983169481779548
2022-01-08,0.3983169481779548
2022-01-09,0.3983143753569926
2022-01-10,0.3920247399776172
2022-01-11,0.40194238812595556
2022-01-12,0.3970769088186551
2022-01-13,0.38720430309630194
2022-01-14,0.39706424815897823
2022-01-15,0.3970561378840174
2022-01-16,0.39705653959355214
2022-01-17,0.3946770625990235
2022-01-18,0.4012793092724315
2022-01-19,0.395781377937729
2022-01-20,0.3937856995923648
2022-01-21,0.3936521588319122
2022-01-22,0.3936521588319122
2022-01-23,0.3936527029709147
2022-01-24,0.3922249783531486
2022-01-25,0.39830437220239345
2022-01-26,0.3989934949785759
2022-01-27,0.39754996936780146
2022-01-28,0.3979720154893415
2022-01-29,0.3979720154893415
2022-01-30,0.39797074527773196
2022-01-31,0.39500667506037085
2022-02-01,0.39641488335939923
2022-02-02,0.3906600633273417
2022-02-03,0.39364675006648836
2022-02-04,0.39755972829788555
2022-02-05,0.39755972829788555
2022-02-06,0.3975599016531049
2022-02-07,0.3914592603764082
2022-02-08,0.39148965987202416
2022-02-09,0.38917548628013404
2022-02-10,0.3913207377962692
2022-02-11,0.3931522198502551
2022-02-12,0.3931522198502551
2022-02-13,0.3931522864134987
2022-02-14,0.39377279647891633
2022-02-15,0.3985767135773879
2022-02-16,0.38761354823266747
2022-02-17,0.3893307457926885
2022-02-18,0.3940062130736019
2022-02-19,0.3940062130736019
2022-02-20,0.3940050438305367
2022-02-21,0.3898186641841299
2022-02-22,0.385947498930194
2022-02-23,0.3881438443478601
2022-02-24,0.38991273926984443
2022-02-25,0.3901912746662879
2022-02-26,0.3901912746662879
2022-02-27,0.3901978690269318
2022-02-28,0.38918343474062334
2022-03-01,0.3900595625098647
2022-03-02,0.3884175739494744
2022-03-03,0.3889795169092601
2022-03-04,0.39181984479720633
2022-03-05,0.39182077929137993
2022-03-06,0.39182310206581744
2022-03-07,0.38955043561876984
2022-03-08,0.3896142345817393
2022-03-09,0.39050987338191884
2022-03-10,0.3855204572959334
2022-03-11,0.38791404342583996
2022-03-12,0.3879086206443237
2022-03-13,0.38790918397059176
2022-03-14,0.39008224047919055
2022-03-15,0.38763303951099926
2022-03-16,0.3864188991292558
2022-03-17,0.3952952531450137
2022-03-18,0.3858729936862181
2022-03-19,0.3858729936862181
2022-03-20,0.38587209388074745
2022-03-21,0.3895794116045291
2022-03-22,0.394128427321032
2022-03-23,0.3863715105809568
2022-03-24,0.3896510979437917
2022-03-25,0.3878130779724376
2022-03-26,0.3878131401509007
2022-03-27,0.38781257417568415
2022-03-28,0.3879313623984273
2022-03-29,0.38884963161436964
2022-03-30,0.3856735685900685
2022-03-31,0.3857871166696577
2022-04-01,0.39174115085146516
2022-04-02,0.39174201558111216
2022-04-03,0.39174166851047776
2022-04-04,0.38759757879575113
2022-04-05,0.38872688408944955
2022-04-06,0.383791767578638
2022-04-07,0.37893221581348274
2022-04-08,0.37702686661415713
2022-04-09,0.37702686661415713
2022-04-10,0.3770262668499604
2022-04-11,0.3790454657237195
2022-04-12,0.3823525100861701
2022-04-13,0.3805014474330688
2022-04-14,0.375361170665391
2022-04-15,0.37913146344709575
2022-04-16,0.37913146344709575
2022-04-17,0.37913087399640505
2022-04-18,0.380926725628288
2022-04-19,0.3797620431077799
2022-04-20,0.3777774338017211
2022-04-21,0.37999477592722897
2022-04-22,0.3806287242243295
2022-04-23,0.3806287242243295
2022-04-24,0.3806287165362149
2022-04-25,0.3816063690714597
2022-04-26,0.3825925299056148
2022-04-27,0.39074433643303025
2022-04-28,0.3833234069580465
2022-04-29,0.38240695475495506
2022-04-30,0.38240695475495506
2022-05-01,0.38240716586648055
2022-05-02,0.7314151609735854
2022-05-03,0.3840940384159445
2022-05-04,0.37784319898321045
2022-05-05,0.3805834834265327
2022-05-06,0.38383647165021995
2022-05-07,0.38383647165021995
2022-05-08,0.3838350584748166
2022-05-09,0.3787066097958287
2022-05-10,0.37929649087449524
2022-05-11,0.37959386432436126
2022-05-12,0.3800645517489496
2022-05-13,0.38007505604433073
2022-05-14,0.38007505604433073
2022-05-15,0.3800749097604639
2022-05-16,0.3782969913571824
2022-05-17,0.37705556256526074
2022-05-18,0.38536802660655456
2022-05-19,0.37503119916558064
2022-05-20,0.3743108424851482
2022-05-21,0.3743108424851482
2022-05-22,0.37431156217287315
2022-05-23,0.3702116126675524
2022-05-24,0.3694573234713707
2022-05-25,0.3711013418206877
2022-05-26,0.37307099172194896
2022-05-27,0.36915191304357114
2022-05-28,0.36915191304357114
2022-05-29,0.3691552221468961
2022-05-30,0.37248778022246504
2022-05-31,0.373074658249593
2022-06-01,0.3701847843876964
2022-06-02,0.36693261570015556
2022-06-03,0.3637127371386653
2022-06-04,0.3637127371386653
2022-06-05,0.3637153959213473
2022-06-06,0.37029355982892387
2022-06-07,0.3703991910466799
2022-06-08,0.37560267153064514
2022-06-09,0.366479285860047
2022-06-10,0.36754564273730145
2022-06-11,0.36754564273730145
2022-06-12,0.36754666986657786
2022-06-13,0.3781919540624188
2022-06-14,0.3794997516310547
2022-06-15,0.3745296516888353
2022-06-16,0.3655660300870375
2022-06-17,0.36607629312455703
2022-06-18,0.36607629312455703
2022-06-19,0.3660770235999727
2022-06-20,0.36805598410067625
2022-06-21,0.36119621894002035
2022-06-22,0.36616630901629516
2022-06-23,0.3664762049365125
2022-06-24,0.36756390168991465
2022-06-25,0.36756390168991465
2022-06-26,0.36755825893916116
2022-06-27,0.364322973101523
2022-06-28,0.36683342266820457
2022-06-29,0.36806915840063786
2022-06-30,0.3679107726932002
2022-07-01,0.36852936803260145
2022-07-02,0.36852936803260145
2022-07-03,0.3685300024115404
2022-07-04,0.36586338359778414
2022-07-05,0.36730138828137643
2022-07-06,0.36803042561375415
2022-07-07,0.3678984272395221
2022-07-08,0.3678250268833235
2022-07-09,0.3678250268833235
2022-07-10,0.3678256151547302
2022-07-11,0.365938400414032
2022-07-12,0.3664518024513475
2022-07-13,0.36913324710679
2022-07-14,0.3696741064731825
2022-07-15,0.3688886050720685
2022-07-16,0.3688886050720685
2022-07-17,0.3688880149555737
2022-07-18,0.36734206765336386
2022-07-19,0.36458448311780617
2022-07-20,0.36479448988108926
2022-07-21,0.3657956571885079
2022-07-22,0.36411126990220416
2022-07-23,0.36412677221453443
2022-07-24,0.364126358874642
2022-07-25,0.3668430507683043
2022-07-26,0.3723114900331394
2022-07-27,0.3529943461110694
2022-07-28,0.36623752034437634
2022-07-29,0.3591486195588857
2022-07-30,0.35914210741970903
2022-07-31,0.35914197592654606
2022-08-01,0.362751921767667
2022-08-02,0.35869449152717087
2022-08-03,0.3633495756650078
2022-08-04,0.36316237791591444
2022-08-05,0.3543037125204721
2022-08-06,0.3543037125204721
2022-08-07,0.35430298164087204
2022-08-08,0.3540652793780475
2022-08-09,0.33738740266912165
2022-08-10,0.33690777062961413
2022-08-11,0.3335828773894159
2022-08-12,0.3388659708776706
2022-08-13,0.3388659708776706
2022-08-14,0.338865890232133
2022-08-15,0.33568267068752444
2022-08-16,0.3334837860534741
2022-08-17,0.32638269087084376
2022-08-18,0.33184036621831353
2022-08-19,0.3263448496309529
2022-08-20,0.32634357521714175
2022-08-21,0.32634296783254196
2022-08-22,0.3358795683849635
2022-08-23,0.3358698169605525
2022-08-24,0.3411928415973103
2022-08-25,0.3411234927630067
2022-08-26,0.3568934492892992
2022-08-27,0.3568934492892992
2022-08-28,0.3568915143380384
2022-08-29,0.3620524369193644
2022-08-30,0.3724970433745004
2022-08-31,0.36668228653823215
2022-09-01,0.36877631971432845
2022-09-02,0.3585859879817635
2022-09-03,0.35859022805722823
2022-09-04,0.3585887487977963
2022-09-05,0.35855149309120143
2022-09-06,0.370229220069211
2022-09-07,0.36385071134918545
2022-09-08,0.36384632380686444
2022-09-09,0.3632056422352276
2022-09-10,0.36320063524386087
2022-09-11,0.3632020745941046
2022-09-12,0.35874496397358807
2022-09-13,0.3682111536627096
2022-09-14,0.36061100443857613
2022-09-15,0.36598278251161487
2022-09-16,0.36795413535089627
2022-09-17,0.36795413535089627
2022-09-18,0.367955140695963
2022-09-19,0.3635944720311805
2022-09-20,0.36692417697045654
2022-09-21,0.3679228106925999
2022-09-22,0.36908326015176046
2022-09-23,0.3698937420731314
2022-09-24,0.3698937420731314
2022-09-25,0.3698909790503581
2022-09-26,0.3727945398490891
2022-09-27,0.36381682733887544
2022-09-28,0.3649085712176535
2022-09-29,0.36417669421150467
2022-09-30,0.3654170036003887
2022-10-01,0.3654170036003887
2022-10-02,0.36541587579863394
2022-10-03,0.36358872834036143
2022-10-04,0.36310124476875943
2022-10-05,0.3647220156060006
2022-10-06,0.3626340568421381
2022-10-07,0.36315059294878616
2022-10-08,0.36315059294878616
2022-10-09,0.36314972051615535
2022-10-10,0.36118305219520946
2022-10-11,0.35659853728306984
2022-10-12,0.35455386903791347
2022-10-13,0.3540904273664145
2022-10-14,0.3516723524893035
2022-10-15,0.3516723524893035
2022-10-16,0.3516763259882887
2022-10-17,0.357087023964702
2022-10-18,0.3568758851507741
2022-10-19,0.35190641916179105
2022-10-20,0.34817270197394845
2022-10-21,0.3449217810324268
2022-10-22,0.3449217810324268
2022-10-23,0.34492377027796745
2022-10-24,0.3541518910179151
2022-10-25,0.354257925334376
2022-10-26,0.34937506519901945
2022-10-27,0.34258072544823975
2022-10-28,0.3453875927409058
2022-10-29,0.345388782299581
2022-10-30,0.3453884735533161
2022-10-31,0.34638096627579434
2022-11-01,0.3384495810602736
2022-11-02,0.3400010406981249
2022-11-03,0.34076301276904764
2022-11-04,0.3370099161196956
2022-11-05,0.3370099161196956
2022-11-06,0.33700849009841677
2022-11-07,0.33573520957451153
2022-11-08,0.3288855948869715
2022-11-09,0.32715628099266253
2022-11-10,0.3251685165025952
2022-11-11,0.32345942845894626
2022-11-12,0.32345961536097606
2022-11-13,0.3234575372934304
2022-11-14,0.3212930443247916
2022-11-15,0.32061231634626797
2022-11-16,0.3196771563339601
2022-11-17,0.3177155862732875
2022-11-18,0.3181502986005726
2022-11-19,0.3181502986005726
2022-11-20,0.31815012233359613
2022-11-21,0.31845323088377553
2022-11-22,0.31720215973107824
2022-11-23,0.31432148191050474
2022-11-24,0.3139366621247414
2022-11-25,0.3138049994391457
2022-11-26,0.3138049994391457
2022-11-27,0.31380279477551004
2022-11-28,0.3120461983580231
2022-11-29,0.31140048173752566
2022-11-30,0.3107870485197832
2022-12-01,0.30888333887080494
2022-12-02,0.3088379607989483
2022-12-03,0.3088379607989483
2022-12-04,0.3088379607989483
2022-12-05,0.30661253775126585
2022-12-06,0.30832644593499964
2022-12-07,0.3078667217411187
2022-12-08,0.305529919367999
2022-12-09,0.30259971303108696
2022-12-10,0.30259971303108696
2022-12-11,0.30259971303108696
2022-12-12,0.3024122336989217
2022-12-13,0.29967816552881316
2022-12-14,0.29923675567329727
2022-12-15,0.29958302772653694
2022-12-16,0.29977652878067684
2022-12-17,0.29977652878067684
2022-12-18,0.29977652878067684
2022-12-19,0.29854814602834717
2022-12-20,0.2992266974426912
2022-12-21,0.2988760165431732
2022-12-22,0.2993256536848155
2022-12-23,0.29734361896327466
2022-12-24,0.29734361896327466
2022-12-25,0.29734361896327466
2022-12-26,0.29929540517773495
2022-12-27,0.2972978990157239
2022-12-28,0.2974331338774189
2022-12-29,0.29549956174432856
2022-12-30,0.3035314765172596
2022-12-31,0.3035314765172596
2023-01-01,0.3035314765172596
2023-01-02,0.3035968227744003
2023-01-03,0.3040401974779961
2023-01-04,0.3052803785819638
2023-01-05,0.30378568809653234
2023-01-06,0.30260139040908
2023-01-07,0.30260139040908
2023-01-08,0.30260139040908
2023-01-09,0.3027817485631851
2023-01-10,0.30346452457801093
2023-01-11,0.3027218709563509
2023-01-12,0.30237130733091977
2023-01-13,0.30273160402140586
2023-01-14,0.30273160402140586
2023-01-15,0.30273160402140586
2023-01-16,0.3048725424796694
2023-01-17,0.3024459912268405
2023-01-18,0.30574415914741826
2023-01-19,0.3028317982538101
2023-01-20,0.3051100675991272
2023-01-21,0.3051100675991272
2023-01-22,0.3051100675991272
2023-01-23,0.30424316812338503
2023-01-24,0.30350015506295425
2023-01-25,0.3035950948145515
2023-01-26,0.30435465366882986
2023-01-27,0.3025071433781827
2023-01-28,0.3025071433781827
2023-01-29,0.3025071433781827
2023-01-30,0.30273504112702787
2023-01-31,0.3029983849202999
2023-02-01,0.30245869649594
2023-02-02,0.30685533360251926
2023-02-03,0.30698404598542695
2023-02-04,0.30698404598542695
2023-02-05,0.30698404598542695
2023-02-06,0.30588822217850714
2023-02-07,0.30625973115791105
2023-02-08,0.3085608449520488
2023-02-09,0.3066246634403716
2023-02-10,0.30686695690890514
2023-02-11,0.30686695690890514
2023-02-12,0.30686695690890514
2023-02-13,0.30750225612190424
2023-02-14,0.3094801864356257
2023-02-15,0.3103555845388856
2023-02-16,0.31034858241944213
2023-02-17,0.3104209529964378
2023-02-18,0.3104209529964378
2023-02-19,0.3104209529964378
2023-02-20,0.31167047838058287
2023-02-21,0.31284507559290736
2023-02-22,0.3125552120215346
2023-02-23,0.31242286177952294
2023-02-24,0.31152018706351003
2023-02-25,0.31152018706351003
2023-02-26,0.31152018706351003
2023-02-27,0.3116192200908132
2023-02-28,0.3118819519952679
2023-03-01,0.30962798387171936
2023-03-02,0.31037148086371746
2023-03-03,0.3062687571020584
2023-03-04,0.3062687571020584
2023-03-05,0.3062687571020584
2023-03-06,0.30608223151383385
2023-03-07,0.3063878092362781
2023-03-08,0.3047675610135244
2023-03-09,0.3069893107565678
2023-03-10,0.30462643976510145
2023-03-11,0.30462643976510145
2023-03-12,0.30462643976510145
2023-03-13,0.3026253526017095
2023-03-14,0.3030580097240536
2023-03-15,0.3038457616392659
2023-03-16,0.3030524771396055
2023-03-17,0.3036843231490047
2023-03-18,0.3036843231490047
2023-03-19,0.3036843231490047
2023-03-20,0.30092981056626333
2023-03-21,0.30129299353779115
2023-03-22,0.3004655137725032
2023-03-23,0.300074626483476
2023-03-24,0.2995300602110671
2023-03-25,0.2995300602110671
2023-03-26,0.2995300602110671
2023-03-27,0.30023600791243205
2023-03-28,0.29887638246596154
2023-03-29,0.2992890562500762
2023-03-30,0.29930297991236066
2023-03-31,0.2985211353721529
2023-04-01,0.2985211353721529
2023-04-02,0.2985211353721529
2023-04-03,0.2999553128236172
2023-04-04,0.29955787564469993
2023-04-05,0.2977162502441306
2023-04-06,0.2989692140870625
2023-04-07,0.298692596531658
2023-04-08,0.298692596531658
2023-04-09,0.298692596531658
2023-04-10,0.2986396121914498
2023-04-11,0.2984092029249664
2023-04-12,0.2979203440884886
2023-04-13,0.2973579404192094
2023-04-14,0.2973526860740957
2023-04-15,0.2973526860740957
2023-04-16,0.2973526860740957
2023-04-17,0.29616599765379725
2023-04-18,0.2969482192351798
2023-04-19,0.29720217983340613
2023-04-20,0.2975150305660634
2023-04-21,0.2979063109251769
2023-04-22,0.2979063109251769
2023-04-23,0.2979063109251769
2023-04-24,0.2988221747034605
2023-04-25,0.29735894865219975
2023-04-26,0.2999841431106742
2023-04-27,0.3008877073471237
2023-04-28,0.3021523194331906
2023-04-29,0.3021523194331906
2023-04-30,0.3021523194331906
2023-05-01,0.29832695640786716
2023-05-02,0.30520954666158856
2023-05-03,0.3079703504056226
2023-05-04,0.30742473114222507
2023-05-05,0.3071677410485044
2023-05-06,0.3071677410485044
2023-05-07,0.3071677410485044
2023-05-08,0.31343998216990615
2023-05-09,0.3136242168202088
2023-05-10,0.31379578310611883
2023-05-11,0.31854142103685684
2023-05-12,0.31940308529633293
2023-05-13,0.31940308529633293
2023-05-14,0.31940308529633293
2023-05-15,0.31964157324098635
2023-05-16,0.32354911645466894
2023-05-17,0.3235421935521046
2023-05-18,0.325437584223145
2023-05-19,0.326499929735053
2023-05-20,0.326499929735053
2023-05-21,0.326499929735053
2023-05-22,0.3275208041482089
2023-05-23,0.32841900077556996
2023-05-24,0.3300297525451532
2023-05-25,0.33096430458705356
2023-05-26,0.3311805611059731
2023-05-27,0.3311805611059731
2023-05-28,0.3311805611059731
2023-05-29,0.33327730856445315
2023-05-30,0.33322719171243576
2023-05-31,0.3352630304042441
2023-06-01,0.33607754212261637
2023-06-02,0.3335440703729655
2023-06-03,0.3335440703729655
2023-06-04,0.3335440703729655
2023-06-05,0.3339282573645561
2023-06-06,0.3367921218270607
2023-06-07,0.33631187492049114
2023-06-08,0.3357802729736866
2023-06-09,0.3358133819323738
2023-06-10,0.3358133819323738
2023-06-11,0.3358133819323738
2023-06-12,0.33520018765769244
2023-06-13,0.335159181284912
2023-06-14,0.3352185201647053
2023-06-15,0.3345212002134498
2023-06-16,0.334423409052072
2023-06-17,0.334423409052072
2023-06-18,0.334423409052072
2023-06-19,0.33494054588889877
2023-06-20,0.3366623407910977
2023-06-21,0.3369372471242601
2023-06-22,0.3387155565012381
2023-06-23,0.3390035662133605
2023-06-24,0.3390035662133605
2023-06-25,0.3390035662133605
2023-06-26,0.33871925841952877
2023-06-27,0.3392525960451199
2023-06-28,0.3394088771605484
2023-06-29,0.33840171268481023
2023-06-30,0.3399500514481367
2023-07-01,0.3399500514481367
2023-07-02,0.3399500514481367
2023-07-03,0.3393266525336815
2023-07-04,0.3392860219640455
2023-07-05,0.3381501094001668
2023-07-06,0.34156577804823884
2023-07-07,0.33106777254368985
2023-07-08,0.33106777254368985
2023-07-09,0.33106600971784994
2023-07-10,0.3291186037751229
2023-07-11,0.32927370336803113
2023-07-12,0.33248742200983133
2023-07-13,0.3298535114307422
2023-07-14,0.32620172075007986
2023-07-15,0.32620172075007986
2023-07-16,0.32620172075007986
2023-07-17,0.3257903632985259
2023-07-18,0.32829014709394516
2023-07-19,0.3294145907504764
2023-07-20,0.33255573852201975
2023-07-21,0.3330117771076939
2023-07-22,0.3330117771076939
2023-07-23,0.3330117771076939
2023-07-24,0.3307110121417225
2023-07-25,0.329652061790309
2023-07-26,0.33188420962978143
2023-07-27,0.3311929043408591
2023-07-28,0.3326405820616697
2023-07-29,0.3326405820616697
2023-07-30,0.3326405820616697
2023-07-31,0.3307194388125396
2023-08-01,0.334191749811806
2023-08-02,0.3345672746002747
2023-08-03,0.3343046391483956
2023-08-04,0.33534032740919034
2023-08-05,0.33534032740919034
2023-08-06,0.33534032740919034
2023-08-07,0.33501486288660526
2023-08-08,0.3356552684076362
2023-08-09,0.3357993126510082
2023-08-10,0.33589144473723925
2023-08-11,0.33605621672970803
2023-08-12,0.33605621672970803
2023-08-13,0.33605621672970803
2023-08-14,0.3374820039069528
2023-08-15,0.33919752029887934
2023-08-16,0.3398060131308955
2023-08-17,0.34127827131075644
2023-08-18,0.3412346680860474
2023-08-19,0.3412346680860474
2023-08-20,0.3412346680860474
2023-08-21,0.3397413119299577
2023-08-22,0.3385820618387105
2023-08-23,0.3396093949843471
2023-08-24,0.34109779658286077
2023-08-25,0.3413442462941278
2023-08-26,0.3413442462941278
2023-08-27,0.3413442462941278
2023-08-28,0.3414613049968354
2023-08-29,0.3410108762079697
2023-08-30,0.34055163477825984
2023-08-31,0.34063748603601496
2023-09-01,0.3406696441523611
2023-09-02,0.3406696441523611
2023-09-03,0.3406696441523611
2023-09-04,0.34141566250943545
2023-09-05,0.34171437083145706
2023-09-06,0.33985938582558384
2023-09-07,0.34175994878113264
2023-09-08,0.34452758662158445
2023-09-09,0.34452758662158445
2023-09-10,0.34452758662158445
2023-09-11,0.3442048345345479
2023-09-12,0.344040319291383
2023-09-13,0.3424176906028849
2023-09-14,0.34310792646653954
2023-09-15,0.3434766018781443
2023-09-16,0.3434766018781443
2023-09-17,0.3434766018781443
2023-09-18,0.34268826497196986
2023-09-19,0.3442093216573355
2023-09-20,0.3455696116947789
2023-09-21,0.34328982723989415
2023-09-22,0.3449843546190487
2023-09-23,0.3449843546190487
2023-09-24,0.3449843546190487
2023-09-25,0.34580250682201924
2023-09-26,0.34725589024056175
2023-09-27,0.3447172901203446
2023-09-28,0.34597742461914316
2023-09-29,0.3445164553063099
2023-09-30,0.3445164553063099
2023-10-01,0.3445164553063099
2023-10-02,0.34589968055825904
2023-10-03,0.3508322038805028
2023-10-04,0.34984186539249074
2023-10-05,0.3497763826489044
2023-10-06,0.3487226889243661
2023-10-07,0.3487226889243661
2023-10-08,0.3487226889243661
2023-10-09,0.34906857085071846
2023-10-10,0.34920931606992534
2023-10-11,0.3460790977825301
2023-10-12,0.3501494713643269
2023-10-13,0.3490912853408414
2023-10-14,0.3490912853408414
2023-10-15,0.3490912853408414
2023-10-16,0.3489904023763873
2023-10-17,0.35216816327019906
2023-10-18,0.35101590866328575
2023-10-19,0.3506073124448963
2023-10-20,0.35251007005482166
2023-10-21,0.35251007005482166
2023-10-22,0.35251007005482166
2023-10-23,0.35170325868078295
2023-10-24,0.3519537448227982
2023-10-25,0.3520968078896952
2023-10-26,0.35318456093722467
2023-10-27,0.35250996897803777
2023-10-28,0.35250996897803777
2023-10-29,0.35250996897803777
2023-10-30,0.3538276026819243
2023-10-31,0.3543419745672237
2023-11-01,0.354086342182757
2023-11-02,0.3538328597564635
2023-11-03,0.35199979973815
2023-11-04,0.35199979973815
2023-11-05,0.35199979973815
2023-11-06,0.35112001354599875
2023-11-07,0.35234995836084765
2023-11-08,0.3523619090948694
2023-11-09,0.35341078329696257
2023-11-10,0.35298744714918046
2023-11-11,0.35298744714918046
2023-11-12,0.35298744714918046
2023-11-13,0.3536805588001389
2023-11-14,0.35394172246177674
2023-11-15,0.35241970265232214
2023-11-16,0.35227530792335965
2023-11-17,0.3519160211660385
2023-11-18,0.3519160211660385
2023-11-19,0.3519160211660385
2023-11-20,0.3518025417265473
2023-11-21,0.3517650033928454
2023-11-22,0.35159440714692214
2023-11-23,0.3512066949871078
2023-11-24,0.35246479848141704
2023-11-25,0.35246479848141704
2023-11-26,0.35246479848141704
2023-11-27,0.3518672912157246
2023-11-28,0.35212539691347067
2023-11-29,0.35154661131671766
2023-11-30,0.35208816987111
2023-12-01,0.35186487620571155
2023-12-02,0.35186487620571155
2023-12-03,0.35186487620571155
2023-12-04,0.35247975718516084
2023-12-05,0.3533736535410652
2023-12-06,0.35299892919528286
2023-12-07,0.3529964318683634
2023-12-08,0.353688373616288
2023-12-09,0.353688373616288
2023-12-10,0.353688373616288
2023-12-11,0.3540480702028967
2023-12-12,0.3544896084287633
2023-12-13,0.3553262615762421
2023-12-14,0.35494501823115526
2023-12-15,0.35472848589521583
2023-12-16,0.35472848589521583
2023-12-17,0.35472848589521583
2023-12-18,0.35512291833561105
2023-12-19,0.35461538356203964
2023-12-20,0.3547875542753719
2023-12-21,0.3548634471039698
2023-12-22,0.35430475263740746
2023-12-23,0.35430475263740746
2023-12-24,0.35430475263740746
2023-12-25,0.3540609997862086
2023-12-26,0.3539211494161455
2023-12-27,0.354248840079499
2023-12-28,0.35284935577875653
2023-12-29,0.3542638959349757
2023-12-30,0.3542638959349757
2023-12-31,0.3542638959349757
2024-01-01,0.3534996352552474
2024-01-02,0.35488195233078695
2024-01-03,0.3559795448464974
2024-01-04,0.3507719706656459
2024-01-05,0.35633483331201926
2024-01-06,0.35633483331201926
2024-01-07,0.35633483331201926
2024-01-08,0.35583696293571815
2024-01-09,0.3569099729489961
2024-01-10,0.3566147924973513
2024-01-11,0.3568598168688245
2024-01-12,0.35689033432708944
2024-01-13,0.35689033432708944
2024-01-14,0.35689033432708944
2024-01-15,0.35702755754421794
2024-01-16,0.35754484812265064
2024-01-17,0.35839627460168016
2024-01-18,0.3583747038226249
2024-01-19,0.3575617156644558
2024-01-20,0.3575617156644558
2024-01-21,0.3575617156644558
2024-01-22,0.3575884213283796
2024-01-23,0.35877666326919977
2024-01-24,0.35833400985983965
2024-01-25,0.35838074109861473
2024-01-26,0.3586440903614188
2024-01-27,0.3586440903614188
2024-01-28,0.3586440903614188
2024-01-29,0.3589262020777791
2024-01-30,0.35879221268537276
2024-01-31,0.35892710527272786
2024-02-01,0.3592682877853637
2024-02-02,0.35993032400963154
2024-02-03,0.35993032400963154
2024-02-04,0.35993032400963154
2024-02-05,0.3605850300192994
2024-02-06,0.3601669740822275
2024-02-07,0.3603312240068777
2024-02-08,0.360680368485542
2024-02-09,0.36082361982194366
2024-02-10,0.3607646474942816
2024-02-11,0.3607646474942816
2024-02-12,0.3606423352071209
2024-02-13,0.3614755587901197
2024-02-14,0.36157608226496724
2024-02-15,0.3611839913675317
2024-02-16,0.3602313300177965
2024-02-17,0.3602245040708829
2024-02-18,0.3602245040708829
2024-02-19,0.3585555070758778
2024-02-20,0.3584985087310189
2024-02-21,0.36311269462586737
2024-02-22,0.36324793407482314
2024-02-23,0.36290817824903243
2024-02-24,0.36291477656713056
2024-02-25,0.36291477656713056
2024-02-26,0.3625091220174644
2024-02-27,0.36265187695629125
2024-02-28,0.3629234516804976
2024-02-29,0.3630327788146672
2024-03-01,0.36328494709694825
2024-03-02,0.36335642102237187
2024-03-03,0.36335642102237187
2024-03-04,0.3624990434089062
2024-03-05,0.3627187018171224
2024-03-06,0.36326120328750267
2024-03-07,0.3644053925668398
2024-03-08,0.36243739730992475
2024-03-09,0.3624343535242191
2024-03-10,0.3624343535242191
2024-03-11,0.36261634102892815
2024-03-12,0.36312199566794356
2024-03-13,0.3629146796475412
2024-03-14,0.36301730885694733
2024-03-15,0.3632456531330024
2024-03-16,0.36343414331253643
2024-03-17,0.36343414331253643
2024-03-18,0.36272014302331756
2024-03-19,0.3639214655330581
2024-03-20,0.3634369526579288
2024-03-21,0.3637281341298195
2024-03-22,0.3639867105174203
2024-03-23,0.3639828892729116
2024-03-24,0.3639828892729116
2024-03-25,0.36375946881903004
2024-03-26,0.36417632809340683
2024-03-27,0.3641424418369737
2024-03-28,0.3646117863621738
2024-03-29,0.364481596604766
2024-03-30,0.36459178867850095
2024-03-31,0.36459178867850095
2024-04-01,0.3643598609893743
2024-04-02,0.3644985409632511
2024-04-03,0.363932114285672
2024-04-04,0.3636559630576848
2024-04-05,0.36345955905147803
2024-04-06,0.36345499916753904
2024-04-07,0.36345499916753904
2024-04-08,0.3631809364098848
2024-04-09,0.36248494469314824
2024-04-10,0.36335583529131804
2024-04-11,0.36392000892375065
2024-04-12,0.3646281103718969
2024-04-13,0.3646281103718969
2024-04-14,0.3646281103718969
2024-04-15,0.36513132316160385
2024-04-16,0.36615511683780905
2024-04-17,0.3661681984554123
2024-04-18,0.3660368557686272
2024-04-19,0.36585860672022835
2024-04-20,0.36585860672022835
2024-04-21,0.36585860672022835
2024-04-22,0.3652582973099371
2024-04-23,0.3666354717150566
2024-04-24,0.36597553643305397
2024-04-25,0.3660542160925661
2024-04-26,0.3665569542963708
2024-04-27,0.3665569542963708
2024-04-28,0.3665569542963708
2024-04-29,0.36601352397776404
2024-04-30,0.3662311981724444
2024-05-01,0.3663523840470508
2024-05-02,0.365548722373707
2024-05-03,0.3653166901143202
2024-05-04,0.3653166901143202
2024-05-05,0.3653166901143202
2024-05-06,0.364308440813271
2024-05-07,0.3649753787299268
2024-05-08,0.36539865825831064
2024-05-09,0.36493793313451195
2024-05-10,0.36551754336001235
2024-05-11,0.36551754336001235
2024-05-12,0.36551754336001235
2024-05-13,0.36520198083617056
2024-05-14,0.36490608971261773
2024-05-15,0.3638447643244681
2024-05-16,0.36392765987481324
2024-05-17,0.363014690285159
2024-05-18,0.363014690285159
2024-05-19,0.363014690285159
2024-05-20,0.3634924066154937
2024-05-21,0.3625740770763178
2024-05-22,0.3625345379556979
2024-05-23,0.363552937431179
2024-05-24,0.36432624137001635
2024-05-25,0.36432624137001635
2024-05-26,0.36432624137001635
2024-05-27,0.3645251021126727
2024-05-28,0.36494673545440487
2024-05-29,0.3641526447603917
2024-05-30,0.3649657732620797
2024-05-31,0.36458476621988795
2024-06-01,0.36458476621988795
2024-06-02,0.36458476621988795
2024-06-03,0.36435772309707415
2024-06-04,0.3648245378755688
2024-06-05,0.36506376995991535
2024-06-06,0.3653636839448657
2024-06-07,0.3658513116336743
2024-06-08,0.3658513116336743
2024-06-09,0.3658513116336743
2024-06-10,0.36724861352166005
2024-06-11,0.36670741056772627
2024-06-12,0.3645332597678486
2024-06-13,0.3653641099860167
2024-06-14,0.36686705382142387
2024-06-15,0.36686705382142387
2024-06-16,0.36686705382142387
2024-06-17,0.3663698141282638
2024-06-18,0.36698659291436925
2024-06-19,0.3664054569071509
2024-06-20,0.3662711148361933
2024-06-21,0.3670799674633544
2024-06-22,0.36707985256006703
2024-06-23,0.36707985256006703
2024-06-24,0.36634952637889334
2024-06-25,0.36687368800340203
2024-06-26,0.36747313369680074
2024-06-27,0.3676667545144439
2024-06-28,0.36710971842832674
2024-06-29,0.36710971842832674
2024-06-30,0.36710971842832674
2024-07-01,0.36674523636596645
2024-07-02,0.36747803628349673
2024-07-03,0.36698433571951333
2024-07-04,0.36739828599472246
2024-07-05,0.36725394523622457
2024-07-06,0.3672538303907875
2024-07-07,0.3672538303907875
2024-07-08,0.36717409855857586
2024-07-09,0.36700249164936277
2024-07-10,0.36715142758898855
2024-07-11,0.36725655454978573
2024-07-12,0.36738231388146414
2024-07-13,0.36738219871064054
2024-07-14,0.36738219871064054
2024-07-15,0.36628445072628096
2024-07-16,0.3674610563877692
2024-07-17,0.36711793145506577
2024-07-18,0.3672481768509875
2024-07-19,0.3670460254249335
2024-07-20,0.3670460254249335
2024-07-21,0.3670460254249335
2024-07-22,0.36672106840971486
2024-07-23,0.3678041888579914
2024-07-24,0.3679443319163221
2024-07-25,0.36790172614162814
2024-07-26,0.36750133579548494
2024-07-27,0.36750133579548494
2024-07-28,0.36750133579548494
2024-07-29,0.36750393059738673
2024-07-30,0.3678546402382149
2024-07-31,0.36784290989386886
2024-08-01,0.3701073342481093
2024-08-02,0.37000684972421855
2024-08-03,0.37000684972421855
2024-08-04,0.37000684972421855
2024-08-05,0.3675663649787388
2024-08-06,0.36855424037321566
2024-08-07,0.3700872154432511
2024-08-08,0.36929017328880553
2024-08-09,0.368867747638782
2024-08-10,0.368867747638782
2024-08-11,0.368867747638782
2024-08-12,0.3685885877702545
2024-08-13,0.36918697499349046
2024-08-14,0.36899639289880304
2024-08-15,0.3686310328623322
2024-08-16,0.36791310636446006
2024-08-17,0.36791310636446006
2024-08-18,0.36793900748458425
2024-08-19,0.3665538437514014
2024-08-20,0.36785721346334144
2024-08-21,0.3667693043254241
2024-08-22,0.36711753989050894
2024-08-23,0.3669402484212802
2024-08-24,0.3669402484212802
2024-08-25,0.3669402484212802
2024-08-26,0.3654742373961373
2024-08-27,0.36636270289513917
2024-08-28,0.36687363621522695
2024-08-29,0.36568142139957943
2024-08-30,0.36767927125008815
2024-08-31,0.36767927125008815
2024-09-01,0.36767927125008815
2024-09-02,0.3674754589076268
2024-09-03,0.36794674254080895
2024-09-04,0.36912517707170933
2024-09-05,0.36786264895728127
2024-09-06,0.36687347901734396
2024-09-07,0.36687347901734396
2024-09-08,0.36687347901734396
2024-09-09,0.36894735137111767
2024-09-10,0.368184295118103
2024-09-11,0.36917351479133087
2024-09-12,0.3686958380070572
2024-09-13,0.36793910403976043
2024-09-14,0.36793910403976043
2024-09-15,0.36793910403976043
2024-09-16,0.36761300325444946
2024-09-17,0.3672391026841021
2024-09-18,0.36686218801477244
2024-09-19,0.36687758032259976
2024-09-20,0.36674758921685635
2024-09-21,0.36674758921685635
2024-09-22,0.36674758921685635
2024-09-23,0.36706487364368007
2024-09-24,0.36596932975678226
2024-09-25,0.3666303324504912
2024-09-26,0.3658405171394536
2024-09-27,0.36621666033246175
2024-09-28,0.36621666033246175
2024-09-29,0.36621666033246175
2024-09-30,0.3669474993215516
2024-10-01,0.36709971793954893
2024-10-02,0.3676391545768772
2024-10-03,0.3675570465564037
2024-10-04,0.3686297661905172
2024-10-05,0.3686297661905172
2024-10-06,0.3686297661905172
2024-10-07,0.36902615861721355
2024-10-08,0.3691567709497879
2024-10-09,0.36405134113114934
2024-10-10,0.36973803507894903
2024-10-11,0.36954216327716727
2024-10-12,0.3695647713698671
2024-10-13,0.3695647713698671
2024-10-14,0.36992981109385104
2024-10-15,0.3700264405964813
2024-10-16,0.3709492237147546
2024-10-17,0.3715536599567054
2024-10-18,0.3714994759960939
2024-10-19,0.3714565088681007
2024-10-20,0.3714565088681007
2024-10-21,0.3710297670961569
2024-10-22,0.38771355025973603
2024-10-23,0.38811907072677543
2024-10-24,0.38757966722155063
2024-10-25,0.3876562503293052
2024-10-26,0.38765744907357313
2024-10-27,0.38765744907357313
2024-10-28,0.3883121252047381
2024-10-29,0.3881725086633143
2024-10-30,0.3888761925296322
2024-10-31,0.38932617850854845
2024-11-01,0.3893041948957807
2024-11-02,0.38927856120924087
2024-11-03,0.38927856120924087
2024-11-04,0.38815309012185323
2024-11-05,0.3885115762222077
2024-11-06,0.3896707561989486
2024-11-07,0.389821066913618
2024-11-08,0.3897189065388753
2024-11-09,0.3896722141211795
2024-11-10,0.3896722141211795
2024-11-11,0.39072686772449583
2024-11-12,0.39112448007594053
2024-11-13,0.3922276151738836
2024-11-14,0.3931966257009154
2024-11-15,0.39296264431171424
2024-11-16,0.392954343399836
2024-11-17,0.392954343399836
2024-11-18,0.3939047263391212
2024-11-19,0.3923963879179239
2024-11-20,0.39268338775043865
2024-11-21,0.3934849989224498
2024-11-22,0.39423612833343047
2024-11-23,0.37803587349293716
2024-11-24,0.37803587349293716
2024-11-25,0.3769310194721436
2024-11-26,0.38716967048575174
2024-11-27,0.38620733452234446
2024-11-28,0.3861061818249376
2024-11-29,0.3856553431599347
2024-11-30,0.3859609109884123
2024-12-01,0.3859609109884123
2024-12-02,0.38634696516989603
2024-12-03,0.3868307203615708
2024-12-04,0.3872100071457726
2024-12-05,0.386227031706317
2024-12-06,0.3864044326558789
2024-12-07,0.38638150586829034
2024-12-08,0.38638150586829034
2024-12-09,0.3856194258141514
2024-12-10,0.3861769351488956
2024-12-11,0.3874102608940484
2024-12-12,0.3871337598870184
2024-12-13,0.38748252419544954
2024-12-14,0.38744434526522536
2024-12-15,0.38744434526522536
2024-12-16,0.38751425077496693
2024-12-17,0.3875414496984296
2024-12-18,0.388443280626751
2024-12-19,0.3890867739285063
2024-12-20,0.38891210617780025
2024-12-21,0.388903164909089
2024-12-22,0.388903164909089
2024-12-23,0.38849873735057944
2024-12-24,0.38963782079557285
2024-12-25,0.38942483301824954
2024-12-26,0.389769640279684
2024-12-27,0.3895304053508288
2024-12-28,0.3894789008745255
2024-12-29,0.3894789008745255
2024-12-30,0.3904891703089385
2024-12-31,0.39061398787435186
2025-01-01,0.3904414748460109
2025-01-02,0.3908896705187341
2025-01-03,0.39148147666148614
2025-01-04,0.39145544743967303
2025-01-05,0.39145544743967303
2025-01-06,0.39060196020686366
2025-01-07,0.3916161562279796
2025-01-08,0.40848668186931103
2025-01-09,0.40884212317479124
2025-01-10,0.40867808338745354
2025-01-11,0.40872691640145176
2025-01-12,0.40872691640145176
2025-01-13,0.40979669234016286
2025-01-14,0.4092867248617945
2025-01-15,0.4094985375722624
2025-01-16,0.4089922885183702
2025-01-17,0.4095453860519319
2025-01-18,0.4095438110015719
2025-01-19,0.4095438110015719
2025-01-20,0.4076021999731498
2025-01-21,0.4079674787555728
2025-01-22,0.4079614071438331
2025-01-23,0.40727145826759903
2025-01-24,0.406989671546939
2025-01-25,0.4069606390938509
2025-01-26,0.4069606390938509
2025-01-27,0.4061784060363114
2025-01-28,0.4071345447114514
2025-01-29,0.4075667114211372
2025-01-30,0.4073586396523237
2025-01-31,0.4076415852600451
2025-02-01,0.4078299498056494
2025-02-02,0.4078299498056494
2025-02-03,0.40966791152289156
2025-02-04,0.4075450304466186
2025-02-05,0.4070774459089377
2025-02-06,0.40663981020609274
2025-02-07,0.4069858170348773
2025-02-08,0.4070128916937188
2025-02-09,0.40702192497765116
2025-02-10,0.408963463254721
2025-02-11,0.40871088104172365
2025-02-12,0.40852808261025314
2025-02-13,0.40721782307820886
2025-02-14,0.408218115744472
2025-02-15,0.40827422005483854
2025-02-16,0.40827422005483854
2025-02-17,0.40780170920805336
2025-02-18,0.4077707410772447
2025-02-19,0.40756570023321687
2025-02-20,0.4052414345480243
2025-02-21,0.4045553499992249
2025-02-22,0.4046472541255924
2025-02-23,0.4046472541255924
2025-02-24,0.40492942348994004
2025-02-25,0.391021445188529
2025-02-26,0.39489538464538243
2025-02-27,0.39694843235277366
2025-02-28,0.3954782581520141
2025-03-01,0.39548451539359214
2025-03-02,0.39548451539359214
2025-03-03,0.3955034096754565
2025-03-04,0.3940322213325179
2025-03-05,0.39300810943674197
2025-03-06,0.3916337193754157
2025-03-07,0.3912230485085255
2025-03-08,0.3912774177063269
2025-03-09,0.3912774177063269
2025-03-10,0.39219102199683836
2025-03-11,0.39155529541629386
2025-03-12,0.3911554095433925
2025-03-13,0.39198382789563746
2025-03-14,0.37232653568354607
2025-03-15,0.3723350825743539
2025-03-16,0.3723350825743539
2025-03-17,0.37146879489544377
2025-03-18,0.3713102765161266
2025-03-19,0.3720656412921348
2025-03-20,0.3722770011144528
2025-03-21,0.37287843640421353
2025-03-22,0.37287783785783224
2025-03-23,0.37287783785783224
2025-03-24,0.37289593161838747
2025-03-25,0.3729274141895365
2025-03-26,0.373744896647116
2025-03-27,0.37369222199515995
2025-03-28,0.3734541080285906
2025-03-29,0.3734227487288444
2025-03-30,0.3734227487288444
2025-03-31,0.3732498971270253
2025-04-01,0.3731583528189463
2025-04-02,0.37345902750526894
2025-04-03,0.3639033170447438
2025-04-04,0.36617836910990426
2025-04-05,0.3661132066055909
2025-04-06,0.3661132066055909
2025-04-07,0.36649315298995777
2025-04-08,0.38624868935170137
2025-04-09,0.38548202463916353
2025-04-10,0.3845987686218086
2025-04-11,0.3829432557875496
2025-04-12,0.38290896625118453
2025-04-13,0.38290896625118453
2025-04-14,0.3925464349577747
2025-04-15,0.3942503439454464
2025-04-16,0.3933633174847545
2025-04-17,0.3918320055897435
2025-04-18,0.3915099685431537
2025-04-19,0.3915135750751285
2025-04-20,0.3915135750751285
2025-04-21,0.3908305439911157
2025-04-22,0.391001907938205
2025-04-23,0.39202792677584536
2025-04-24,0.3920428510197319
2025-04-25,0.39094516969684656
2025-04-26,0.39093102784429773
2025-04-27,0.39093102784429773
2025-04-28,0.3905039830260809
2025-04-29,0.39039985367226004
2025-04-30,0.3914496759603596
2025-05-01,0.39231883606170176
2025-05-02,0.3909730138906662
2025-05-03,0.39100537498773297
2025-05-04,0.39100537498773297
2025-05-05,0.3903461716696048
2025-05-06,0.38980463069018156
2025-05-07,0.3896541250945916
2025-05-08,0.39112090953263884
2025-05-09,0.3903117705815913
2025-05-10,0.39038019398520374
2025-05-11,0.39038019398520374
2025-05-12,0.39159065165804463
2025-05-13,0.3908039320160869
2025-05-14,0.3911160822060707
2025-05-15,0.3904522418426421
2025-05-16,0.39082235194347
2025-05-17,0.3908244982738078
2025-05-18,0.3908244982738078
2025-05-19,0.39018053105203154
2025-05-20,0.3896501091649258
2025-05-21,0.3890730961265091
2025-05-22,0.3894657975450355
2025-05-23,0.3891974632313699
2025-05-24,0.3891822762969015
2025-05-25,0.3891822762969015
2025-05-26,0.3892218802582172
2025-05-27,0.3893886367772767
2025-05-28,0.3898296179686954
2025-05-29,0.38903443894934414
2025-05-30,0.38875930791767155
2025-05-31,0.38883271072518094
2025-06-01,0.38883271072518094
2025-06-02,0.3883352735457823
2025-06-03,0.38883652147457204
2025-06-04,0.38803529694373473
2025-06-05,0.38630208797452636
2025-06-06,0.38682658976622025
2025-06-07,0.38681836489105703
2025-06-08,0.38681836489105703
2025-06-09,0.3865266674055324
2025-06-10,0.38655844074139234
2025-06-11,0.3861812125720074
2025-06-12,0.385276442581276
2025-06-13,0.3869578477616542
2025-06-14,0.3870514003688128
2025-06-15,0.3870514003688128
2025-06-16,0.38707558453507196
2025-06-17,0.38828194857077697
2025-06-18,0.386377608171111
2025-06-19,0.38549168327765754
2025-06-20,0.3857990841116891
2025-06-21,0.38587614336096493
2025-06-22,0.38587614336096493
2025-06-23,0.38561510821241146
2025-06-24,0.38475486775325923
2025-06-25,0.3842489676135161
2025-06-26,0.38473066229493785
2025-06-27,0.3844516757350499
2025-06-28,0.3844424994918201
2025-06-29,0.3844424994918201
2025-06-30,0.38391328230755645
2025-07-01,0.38349625591410796
2025-07-02,0.38353457524421475
2025-07-03,0.3836755470565706
2025-07-04,0.38565839575704536
2025-07-05,0.3857092091887807
2025-07-06,0.3857092091887807
2025-07-07,0.38486408622099844
2025-07-08,0.38489577063826863
2025-07-09,0.3851281242811991
2025-07-10,0.3848739897914642
2025-07-11,0.3851460027030923
2025-07-12,0.38514165046197535
2025-07-13,0.38514165046197535
2025-07-14,0.385281642217367
2025-07-15,0.38571208693414205
2025-07-16,0.3856645579403369
2025-07-17,0.38601172410000645
2025-07-18,0.38552170675962666
2025-07-19,0.3854886823991527
2025-07-20,0.3854886823991527
2025-07-21,0.384944471515571
2025-07-22,0.38569349111687645
2025-07-23,0.3855298431326285
2025-07-24,0.3845826617271546
2025-07-25,0.3867698575460564
2025-07-26,0.3867386915859178
2025-07-27,0.3867386915859178
2025-07-28,0.38589790253389833
2025-07-29,0.38655899236209057
2025-07-30,0.38776358306514974
2025-07-31,0.3896940694118919
2025-08-01,0.3873111207860874
2025-08-02,0.38727477136944344
2025-08-03,0.38727477136944344
2025-08-04,0.3866006565449884
2025-08-05,0.38654827850049295
2025-08-06,0.38592856133663594
2025-08-07,0.3866861164152792
2025-08-08,0.387089645077609
2025-08-09,0.3871013758315268
2025-08-10,0.3871013758315268
2025-08-11,0.38645573490724616
2025-08-12,0.38647870366962406
2025-08-13,0.38580897156436456
2025-08-14,0.38673536034850126
2025-08-15,0.38657855718216105
2025-08-16,0.3865593055397379
2025-08-17,0.3865593055397379
2025-08-18,0.3875965865109084
2025-08-19,0.38687669162793215
2025-08-20,0.3869301903983693
2025-08-21,0.38742356772210695
2025-08-22,0.3867455161178529
2025-08-23,0.3866562309400374
2025-08-24,0.3866562309400374
2025-08-25,0.3869806888330674
2025-08-26,0.3883927796676191
2025-08-27,0.38746717198304076
2025-08-28,0.3880663064908966
2025-08-29,0.3873042305699395
2025-08-30,0.38733087383373177
2025-08-31,0.38733087383373177
2025-09-01,0.38846540840325317
2025-09-02,0.38790311995055693
2025-09-03,0.3888955692954105
2025-09-04,0.38834484956224313
2025-09-05,0.3877233439525583
2025-09-06,0.38709923812987745
2025-09-07,0.38709923812987745
2025-09-08,0.3868251597769843
2025-09-09,0.3874573747977583
2025-09-10,0.3876867424318348
2025-09-11,0.38673742851739523
2025-09-12,0.38670608801743533
2025-09-13,0.3867571122908399
2025-09-14,0.3867571122908399
2025-09-15,0.3860057585905491
2025-09-16,0.38551910536135164
2025-09-17,0.38562840928397263
2025-09-18,0.3857911732680044
2025-09-19,0.386317991792836
2025-09-20,0.38640838957562235
2025-09-21,0.38640838957562235
2025-09-22,0.38605313807173364
2025-09-23,0.3867504715613553
2025-09-24,0.3864920832732266
2025-09-25,0.38725380971373435
2025-09-26,0.38716496813651036
2025-09-27,0.3871689259678891
2025-09-28,0.3871689259678891
2025-09-29,0.38676564621023646
2025-09-30,0.3868552703037781
2025-10-01,0.38759524424388864
2025-10-02,0.3869270024035119
2025-10-03,0.3872650788602322
2025-10-04,0.3866319876739002
2025-10-05,0.3866319876739002
2025-10-06,0.38700691537182574
2025-10-07,0.3875923364119146
2025-10-08,0.3876406390595841
2025-10-09,0.38774555022855467
2025-10-10,0.3876378480875871
2025-10-11,0.38760168201318285
2025-10-12,0.38760168201318285
2025-10-13,0.3878637253758904
2025-10-14,0.38804111512054373
2025-10-15,0.3869386876559791
2025-10-16,0.38626934791651313
2025-10-17,0.38715624694064676
2025-10-18,0.3872141022605574
2025-10-19,0.3872141022605574
2025-10-20,0.3868457194411478
2025-10-21,0.38686145832198054
2025-10-22,0.38706319880999446
2025-10-23,0.3870891735445056
2025-10-24,0.38650792311719145
2025-10-25,0.38652257147930774
2025-10-26,0.38652257147930774
2025-10-27,0.3863181570406438
2025-10-28,0.3865370432497574
2025-10-29,0.38675260134667444
2025-10-30,0.38733273340774116
2025-10-31,0.38766802420023316
2025-11-01,0.38757390389393154
2025-11-02,0.38757390389393154
2025-11-03,0.387795458366542
2025-11-04,0.388535485246324
2025-11-05,0.3884311121593626
2025-11-06,0.38847200453263125
2025-11-07,0.387816599591205
2025-11-08,0.3877587755977824
2025-11-09,0.3877587755977824
2025-11-10,0.3878562312490414
2025-11-11,0.38774690135218237
2025-11-12,0.3873976568463975
2025-11-13,0.38745229736966297
2025-11-14,0.3868613420727816
2025-11-15,0.38641116844108186
2025-11-16,0.38641116844108186
2025-11-17,0.3872880504373737
2025-11-18,0.3876718807664648
2025-11-19,0.3886760468840888
2025-11-20,0.3891325520335636
2025-11-21,0.3890778279911583
2025-11-22,0.3890420091081881
2025-11-23,0.3890420091081881
2025-11-24,0.38799039910295563
2025-11-25,0.38701734687726724
2025-11-26,0.38593208272380936
2025-11-27,0.38742227375938154
2025-11-28,0.3877862495228005
2025-11-29,0.38772578251567874
2025-11-30,0.38772578251567874
2025-12-01,0.3747127029170027
2025-12-02,0.37409948062339315
2025-12-03,0.37229536822821124
2025-12-04,0.31958124669683136
2025-12-05,0.32111552088508977
2025-12-06,0.3210188641431396
2025-12-07,0.3210188641431396
2025-12-08,0.32101894315160573
2025-12-09,0.3212864052147276
2025-12-10,0.32078774492502304
2025-12-11,0.32084538329551276
2025-12-12,0.31969761006606806
2025-12-13,0.32068436687374136
2025-12-14,0.32068436687374136
2025-12-15,0.31997179496392647
2025-12-16,0.31981809279234236
2025-12-17,0.3209391861156474
2025-12-18,0.3208758023627726
2025-12-19,0.3197600228412725
2025-12-20,0.3204569190306893
2025-12-21,0.3204569190306893
2025-12-22,0.32067994698848823
2025-12-23,0.32049784902181955
2025-12-24,0.3201299980986775
2025-12-25,0.31979371396495776
2025-12-26,0.3200196863671348
2025-12-27,0.3200514194772803
2025-12-28,0.3200514194772803
2025-12-29,0.31978560670153866
2025-12-30,0.32003486717349333
2025-12-31,0.3200322521482918
2026-01-01,0.32005519898524826
2026-01-02,0.32040740400379103
2026-01-03,0.3202432491305125
2026-01-04,0.3202443599975179
2026-01-05,0.3198607973697778
2026-01-06,0.31995868243079967
2026-01-07,0.3191929510031574
2026-01-08,0.3099027301478539
2026-01-09,0.3170839835929815
2026-01-10,0.31489170473632444
2026-01-11,0.3170997376960912
2026-01-12,0.3175225039983532
2026-01-13,0.31731090369972
2026-01-14,0.31704198162877306
2026-01-15,0.31764983878138503
2026-01-16,0.31771934090201714
2026-01-17,0.3160087434698618
2026-01-18,0.3176445879548982
2026-01-19,0.31726190663897474
2026-01-20,0.3165926171096979
2026-01-21,0.3156475985461502
2026-01-22,0.31643936869368183
2026-01-23,0.3157941311696839
2026-01-24,0.31485427104011765
2026-01-25,0.3168962329655442
2026-01-26,0.31671565318635136
2026-01-27,0.3145134756441868
2026-01-28,0.3149797085671543
2026-01-29,0.31457172017927615
2026-01-30,0.31563677873874774
2026-01-31,0.31341870063772187
2026-02-01,0.3134957104894425
2026-02-02,0.3148394862081398
2026-02-03,0.3153217224229589
2026-02-04,0.3158660027713264
2026-02-05,0.3155034616325731
2026-02-06,0.31575235578806105
2026-02-07,0.3140988752668952
2026-02-08,0.31307147340381736
2026-02-09,0.31402105540370423
