date,absolute_value
1989-11-08,1.505403911043905
1989-11-09,1.5050297789372553
1989-11-10,1.5104534203744675
1989-11-11,1.5104534203744675
1989-11-12,1.5104534203744675
1989-11-13,1.5102744456247812
1989-11-14,1.5080892406019706
1989-11-15,1.5078517250352406
1989-11-16,1.5115597308761792
1989-11-17,1.5162195570635442
1989-11-18,1.5162195570635442
1989-11-19,1.5162195570635442
1989-11-20,1.5230395474200844
1989-11-21,1.5110426148934808
1989-11-22,1.5080255465109247
1989-11-23,1.5084470885236883
1989-11-24,1.50618947594576
1989-11-25,1.50618947594576
1989-11-26,1.50618947594576
1989-11-27,1.5028613272757108
1989-11-28,1.5006283176169675
1989-11-29,1.499918463716617
1989-11-30,1.4983720017658904
1989-12-01,1.506507353961015
1989-12-02,1.506507353961015
1989-12-03,1.506507353961015
1989-12-04,1.498689632277788
1989-12-05,1.4960315690102746
1989-12-06,1.4939132795836105
1989-12-07,1.4938118930445379
1989-12-08,1.1908544989073284
1989-12-09,1.1908544989073284
1989-12-10,1.1908544989073284
1989-12-11,1.1895924132268418
1989-12-12,1.1845041695121454
1989-12-13,1.1831287188686372
1989-12-14,1.1829618770010444
1989-12-15,1.1817568714797477
1989-12-16,1.1817568714797477
1989-12-17,1.1817568714797477
1989-12-18,1.1944558115814226
1989-12-19,1.1955830638215712
1989-12-20,1.1928871420680438
1989-12-21,1.190745450604265
1989-12-22,1.1883486022536123
1989-12-23,1.1883486022536123
1989-12-24,1.1883486022536123
1989-12-25,1.1878901558364061
1989-12-26,1.1876158469558014
1989-12-27,1.1801351712573243
1989-12-28,1.1813485543041653
1989-12-29,1.1827026950427475
1989-12-30,1.1827026950427475
1989-12-31,1.1827026950427475
1990-01-01,1.1827026950427475
1990-01-02,1.1866671578770405
1990-01-03,1.1855771451518227
1990-01-04,1.1794360673753912
1990-01-05,1.179455951974951
1990-01-06,1.179455951974951
1990-01-07,1.179455951974951
1990-01-08,1.1759684407877258
1990-01-09,1.1748052056088942
1990-01-10,1.1745038982401312
1990-01-11,1.1740965492854163
1990-01-12,1.1764024496506926
1990-01-13,1.1764024496506926
1990-01-14,1.1764024496506926
1990-01-15,1.1783155264885936
1990-01-16,1.1794573889782034
1990-01-17,1.171626872648289
1990-01-18,1.175297482876682
1990-01-19,1.1772453148598838
1990-01-20,1.1772453148598838
1990-01-21,1.1772453148598838
1990-01-22,1.1791432965633077
1990-01-23,1.1743623655294748
1990-01-24,1.174336892926358
1990-01-25,1.1735673115336733
1990-01-26,1.173766770835007
1990-01-27,1.173766770835007
1990-01-28,1.173766770835007
1990-01-29,1.1734416752473078
1990-01-30,1.1730465695091303
1990-01-31,1.1729067772312372
1990-02-01,1.1716234049194338
1990-02-02,1.1716215945317008
1990-02-03,1.1716215945317008
1990-02-04,1.1716215945317008
1990-02-05,1.1693630906675458
1990-02-06,1.166978867488486
1990-02-07,1.1688163812725405
1990-02-08,1.1704095771643725
1990-02-09,1.170616392926828
1990-02-10,1.170616392926828
1990-02-11,1.170616392926828
1990-02-12,1.169324800826623
1990-02-13,1.1705944614337804
1990-02-14,1.1702002621905072
1990-02-15,1.1701232548669898
1990-02-16,1.169487833480054
1990-02-17,1.169487833480054
1990-02-18,1.169487833480054
1990-02-19,1.168177265217735
1990-02-20,1.1659074919072512
1990-02-21,1.1657107053538902
1990-02-22,1.1659973903213665
1990-02-23,1.1649968328022142
1990-02-24,1.1649968328022142
1990-02-25,1.1649968328022142
1990-02-26,1.1674524963422206
1990-02-27,1.1664193957173843
1990-02-28,1.1677032149779893
1990-03-01,1.1707108585135686
1990-03-02,1.1711112453182593
1990-03-03,1.1711112453182593
1990-03-04,1.1711112453182593
1990-03-05,1.1685873888907388
1990-03-06,1.168394760625966
1990-03-07,1.1706714568247907
1990-03-08,1.1706487605689946
1990-03-09,1.1695193371207209
1990-03-10,1.1695193371207209
1990-03-11,1.1695193371207209
1990-03-12,1.1716722003739004
1990-03-13,1.1723554289762124
1990-03-14,1.1709924084640382
1990-03-15,1.1693020769449547
1990-03-16,1.1686958640264782
1990-03-17,1.1686958640264782
1990-03-18,1.1686958640264782
1990-03-19,1.1679125262832044
1990-03-20,1.1698775870155638
1990-03-21,1.1715718044175547
1990-03-22,1.17055124907043
1990-03-23,1.1697647562599645
1990-03-24,1.1697647562599645
1990-03-25,1.1697647562599645
1990-03-26,1.1709479585120908
1990-03-27,1.1709030964418232
1990-03-28,1.1716850788525726
1990-03-29,1.168170922612202
1990-03-30,1.1677636909224673
1990-03-31,1.1677636909224673
1990-04-01,1.1677636909224673
1990-04-02,1.1681767535611185
1990-04-03,1.1672023010704584
1990-04-04,1.16565100468504
1990-04-05,1.1657862243028083
1990-04-06,1.1647120998596225
1990-04-07,1.1647120998596225
1990-04-08,1.1647120998596225
1990-04-09,1.162963287145504
1990-04-10,1.1617945413542614
1990-04-11,1.161738448492322
1990-04-12,1.1618743518657701
1990-04-13,1.1623609861957063
1990-04-14,1.1623609861957063
1990-04-15,1.1623609861957063
1990-04-16,1.1632885426138513
1990-04-17,1.161700751004294
1990-04-18,1.1599799154777528
1990-04-19,1.1585791328967365
1990-04-20,1.1618807540567817
1990-04-21,1.1618807540567817
1990-04-22,1.1618807540567817
1990-04-23,1.1632331083360403
1990-04-24,1.165644955537581
1990-04-25,1.1612539559570416
1990-04-26,1.158271368506536
1990-04-27,1.1581347213454252
1990-04-28,1.1581347213454252
1990-04-29,1.1581347213454252
1990-04-30,1.1577785857239837
1990-05-01,1.1582542625831638
1990-05-02,1.1577004466878045
1990-05-03,1.1563539731897765
1990-05-04,1.1550545111210877
1990-05-05,1.1550545111210877
1990-05-06,1.1550545111210877
1990-05-07,1.1534573178779863
1990-05-08,1.148577538441282
1990-05-09,1.1456453859918392
1990-05-10,1.14513496911138
1990-05-11,1.1434594906210742
1990-05-12,1.1434594906210742
1990-05-13,1.1434594906210742
1990-05-14,1.1434955900551889
1990-05-15,1.1430161209692886
1990-05-16,1.1439575996821008
1990-05-17,1.143704227288232
1990-05-18,1.1448442781518913
1990-05-19,1.1448442781518913
1990-05-20,1.1448442781518913
1990-05-21,1.1451082226408427
1990-05-22,1.1450145800481162
1990-05-23,1.1448530836579203
1990-05-24,1.145474585664965
1990-05-25,1.1445612423634903
1990-05-26,1.1445612423634903
1990-05-27,1.1445612423634903
1990-05-28,1.1442314842463461
1990-05-29,1.1459831041034616
1990-05-30,1.135184154463206
1990-05-31,1.1361267260457517
1990-06-01,1.1377236238120354
1990-06-02,1.1377236238120354
1990-06-03,1.1377236238120354
1990-06-04,1.1352811250120212
1990-06-05,1.134039619691855
1990-06-06,1.1329626751451747
1990-06-07,1.1331678413474575
1990-06-08,1.1347832653116297
1990-06-09,1.1347832653116297
1990-06-10,1.1347832653116297
1990-06-11,1.1350449841900094
1990-06-12,1.1340632852557366
1990-06-13,1.1338340805569185
1990-06-14,1.1330615695252413
1990-06-15,1.1341742547949851
1990-06-16,1.1341742547949851
1990-06-17,1.1341742547949851
1990-06-18,1.1283500913196758
1990-06-19,1.1271741066653216
1990-06-20,1.1277940382633376
1990-06-21,1.1274350299001668
1990-06-22,1.1278415382168037
1990-06-23,1.1278415382168037
1990-06-24,1.1278415382168037
1990-06-25,1.128466361455374
1990-06-26,1.1234307677620454
1990-06-27,1.1216454862631335
1990-06-28,1.1221994623486875
1990-06-29,1.1216293230101884
1990-06-30,1.1216293230101884
1990-07-01,1.1216293230101884
1990-07-02,1.1184094419019992
1990-07-03,1.117976101403168
1990-07-04,1.1158957777009555
1990-07-05,1.1170887550484976
1990-07-06,1.117534892645247
1990-07-07,1.117534892645247
1990-07-08,1.117534892645247
1990-07-09,1.1115376543641184
1990-07-10,1.1089241857259886
1990-07-11,1.1110669456124027
1990-07-12,1.11219170794719
1990-07-13,1.111817210005858
1990-07-14,1.111817210005858
1990-07-15,1.111817210005858
1990-07-16,1.113037241565046
1990-07-17,1.1114716152805817
1990-07-18,1.1104638335179495
1990-07-19,1.1111301860695524
1990-07-20,1.110040534037513
1990-07-21,1.110040534037513
1990-07-22,1.110040534037513
1990-07-23,1.108096702725486
1990-07-24,1.1078218319263555
1990-07-25,1.1086361340895272
1990-07-26,1.1086847708227683
1990-07-27,1.1058579361031105
1990-07-28,1.1058579361031105
1990-07-29,1.1058579361031105
1990-07-30,1.1042652195710159
1990-07-31,1.1005497146128058
1990-08-01,1.1011574787797154
1990-08-02,1.103406805983105
1990-08-03,1.1015230832855305
1990-08-04,1.1015230832855305
1990-08-05,1.1015230832855305
1990-08-06,1.0982398060837273
1990-08-07,1.0992746549377268
1990-08-08,1.100819370777604
1990-08-09,1.1004733002032379
1990-08-10,1.1009660263764272
1990-08-11,1.1009660263764272
1990-08-12,1.1009660263764272
1990-08-13,1.0931095368382988
1990-08-14,1.091802118552366
1990-08-15,1.0126387921510585
1990-08-16,1.0128521489014197
1990-08-17,1.0112508751073048
1990-08-18,1.0112508751073048
1990-08-19,1.0112508751073048
1990-08-20,1.0118324418815354
1990-08-21,1.0116087731058454
1990-08-22,1.0130655517558411
1990-08-23,1.0114602321703814
1990-08-24,1.0129069972017524
1990-08-25,1.0129069972017524
1990-08-26,1.0129069972017524
1990-08-27,1.0116970091644846
1990-08-28,1.0104659186732163
1990-08-29,1.0113572640373345
1990-08-30,1.016956648196483
1990-08-31,1.0214263681243034
1990-09-01,1.0214263681243034
1990-09-02,1.0214263681243034
1990-09-03,1.0198744209132098
1990-09-04,1.0196060260588276
1990-09-05,1.0154986004392192
1990-09-06,1.0152640144131935
1990-09-07,1.0176435569935185
1990-09-08,1.0176435569935185
1990-09-09,1.0176435569935185
1990-09-10,1.0207196245228651
1990-09-11,1.0238149599701198
1990-09-12,1.0251898968197106
1990-09-13,1.0252202062658622
1990-09-14,1.021192819517243
1990-09-15,1.021192819517243
1990-09-16,1.021192819517243
1990-09-17,1.0193518553298313
1990-09-18,1.0205781174311834
1990-09-19,1.023567961323233
1990-09-20,1.0255666287858696
1990-09-21,1.0267999930748462
1990-09-22,1.0267999930748462
1990-09-23,1.0267999930748462
1990-09-24,1.0233628290944876
1990-09-25,1.023748028206896
1990-09-26,1.0268635660539747
1990-09-27,1.027850078262533
1990-09-28,1.0211673119824218
1990-09-29,1.0211673119824218
1990-09-30,1.0211673119824218
1990-10-01,1.0190567307899552
1990-10-02,1.0195828303038343
1990-10-03,1.0214330935658371
1990-10-04,1.020055041408988
1990-10-05,1.0167271353156275
1990-10-06,1.0167271353156275
1990-10-07,1.0167271353156275
1990-10-08,1.0108422288375707
1990-10-09,1.009424875822609
1990-10-10,1.0099091455664908
1990-10-11,1.0082099137475191
1990-10-12,1.0066124472434586
1990-10-13,1.0066124472434586
1990-10-14,1.0066124472434586
1990-10-15,1.009963605066499
1990-10-16,1.008745240917272
1990-10-17,1.0082895535712086
1990-10-18,1.0084489431663557
1990-10-19,1.0079235392012096
1990-10-20,1.0079235392012096
1990-10-21,1.0079235392012096
1990-10-22,1.009901563955928
1990-10-23,1.0082561298630608
1990-10-24,1.005970758105547
1990-10-25,1.0065054870134782
1990-10-26,1.0071265561435583
1990-10-27,1.0071265561435583
1990-10-28,1.0071265561435583
1990-10-29,1.0075545324077437
1990-10-30,1.0083133480832651
1990-10-31,1.0080137008611294
1990-11-01,1.007705084023224
1990-11-02,1.006275610125428
1990-11-03,1.006275610125428
1990-11-04,1.006275610125428
1990-11-05,1.0018553076094048
1990-11-06,1.0017204947261324
1990-11-07,1.0037890785180557
1990-11-08,1.0062792235547533
1990-11-09,1.0053173576025598
1990-11-10,1.0053173576025598
1990-11-11,1.0053173576025598
1990-11-12,1.004159744369694
1990-11-13,1.003259048746183
1990-11-14,0.9998113644726414
1990-11-15,1.0016241688819296
1990-11-16,0.9998346051656657
1990-11-17,0.9998346051656657
1990-11-18,0.9998346051656657
1990-11-19,1.481822894398275
1990-11-20,1.4816473968114507
1990-11-21,1.481431728452574
1990-11-22,1.4792149388594165
1990-11-23,1.4828126511190058
1990-11-24,1.4828126511190058
1990-11-25,1.4828126511190058
1990-11-26,1.482233232746369
1990-11-27,1.478188752586088
1990-11-28,1.4795252917787742
1990-11-29,1.4823443770220353
1990-11-30,1.4852804925569945
1990-12-01,1.4852804925569945
1990-12-02,1.504875676628044
1990-12-03,1.5092633339130437
1990-12-04,1.5046480036463503
1990-12-05,1.5046308660300023
1990-12-06,1.5048821246666335
1990-12-07,1.5272108345590978
1990-12-08,1.5272108345590978
1990-12-09,1.5272108345590978
1990-12-10,1.5278850557665813
1990-12-11,1.5291604515864143
1990-12-12,1.528769296392557
1990-12-13,1.529819629729487
1990-12-14,1.530162803655514
1990-12-15,1.530162803655514
1990-12-16,1.530162803655514
1990-12-17,1.5318863349417031
1990-12-18,1.5312033325061603
1990-12-19,1.5280157345007344
1990-12-20,1.5329845859853186
1990-12-21,1.5368351140300147
1990-12-22,1.5368351140300147
1990-12-23,1.5368351140300147
1990-12-24,1.5416626694934303
1990-12-25,1.542011130415225
1990-12-26,1.5455371489740377
1990-12-27,1.5456146540286102
1990-12-28,1.5401079901674195
1990-12-29,1.5401079901674195
1990-12-30,1.5401079901674195
1990-12-31,1.538520834478545
1991-01-01,1.538520834478545
1991-01-02,1.1415308177705603
1991-01-03,1.1410214798126859
1991-01-04,1.1467210051148806
1991-01-05,1.1467210051148806
1991-01-06,1.1467210051148806
1991-01-07,1.1476750530734303
1991-01-08,1.1489133399019664
1991-01-09,1.1484263878845822
1991-01-10,1.1496622849195866
1991-01-11,1.1496611156247292
1991-01-12,1.1496611156247292
1991-01-13,1.1496611156247292
1991-01-14,1.1543477224203587
1991-01-15,1.149954044656014
1991-01-16,1.1507652883618276
1991-01-17,1.149110338351715
1991-01-18,1.148295307220899
1991-01-19,1.148295307220899
1991-01-20,1.148295307220899
1991-01-21,1.1421884061271168
1991-01-22,1.1422483531335361
1991-01-23,1.1431240723280274
1991-01-24,1.1433708060174061
1991-01-25,1.1453766176223024
1991-01-26,1.1453766176223024
1991-01-27,1.1453766176223024
1991-01-28,1.147143052272185
1991-01-29,1.1471339857495921
1991-01-30,1.1561742334864136
1991-01-31,1.1550747160890777
1991-02-01,1.1534539421037586
1991-02-02,1.1534539421037586
1991-02-03,1.1534539421037586
1991-02-04,1.1514851423003967
1991-02-05,1.1501017944907086
1991-02-06,1.1481440215728773
1991-02-07,1.1485605297132417
1991-02-08,1.1500445232145735
1991-02-09,1.1500445232145735
1991-02-10,1.1500445232145735
1991-02-11,1.1509450904058052
1991-02-12,1.1507529968739814
1991-02-13,1.1508579767586586
1991-02-14,1.153377942879869
1991-02-15,1.1543514473317864
1991-02-16,1.1543514473317864
1991-02-17,1.1543514473317864
1991-02-18,1.1538651404477267
1991-02-19,1.15422593877351
1991-02-20,1.1556774028267676
1991-02-21,1.1557569673508625
1991-02-22,1.1575946509523412
1991-02-23,1.1575946509523412
1991-02-24,1.1575946509523412
1991-02-25,1.1628666195468997
1991-02-26,1.164416661295876
1991-02-27,1.164957345205554
1991-02-28,1.1661941103414015
1991-03-01,1.166419569541936
1991-03-02,1.166419569541936
1991-03-03,1.166419569541936
1991-03-04,1.1657950561195798
1991-03-05,1.1670459539669873
1991-03-06,1.168543196034212
1991-03-07,1.1688278269804429
1991-03-08,1.1719257350551873
1991-03-09,1.1719257350551873
1991-03-10,1.1719257350551873
1991-03-11,1.1746769160194983
1991-03-12,1.1761258859341155
1991-03-13,1.1708320044509777
1991-03-14,1.1718750865845438
1991-03-15,1.174197083836119
1991-03-16,1.174197083836119
1991-03-17,1.174197083836119
1991-03-18,1.1813136598649792
1991-03-19,1.1844175834496924
1991-03-20,1.1867886377974455
1991-03-21,1.1863485858488774
1991-03-22,1.1824129995104313
1991-03-23,1.1824129995104313
1991-03-24,1.1824129995104313
1991-03-25,1.1901471576779625
1991-03-26,1.1921437175085414
1991-03-27,1.1947219486139469
1991-03-28,1.197541847891246
1991-03-29,1.1966152003216257
1991-03-30,1.1966152003216257
1991-03-31,1.1966152003216257
1991-04-01,1.1927342195800468
1991-04-02,1.1896071260096448
1991-04-03,1.1882703034373725
1991-04-04,1.190279932503942
1991-04-05,1.1892626941281124
1991-04-06,1.1892626941281124
1991-04-07,1.1892626941281124
1991-04-08,1.1894908016271337
1991-04-09,1.1864074846475823
1991-04-10,1.1858059089905784
1991-04-11,1.1913266827004636
1991-04-12,1.1927506214572572
1991-04-13,1.1927506214572572
1991-04-14,1.1927506214572572
1991-04-15,1.1861978902822996
1991-04-16,1.186794957416112
1991-04-17,1.185746841368192
1991-04-18,1.188982822016095
1991-04-19,1.1971255723770369
1991-04-20,1.1971255723770369
1991-04-21,1.1971255723770369
1991-04-22,1.2027965203104274
1991-04-23,1.1999607762659832
1991-04-24,1.1977705746331495
1991-04-25,1.2013121164188962
1991-04-26,1.2035170410330494
1991-04-27,1.2035170410330494
1991-04-28,1.2035170410330494
1991-04-29,1.201199059705776
1991-04-30,1.1941093974712074
1991-05-01,1.1920982024362814
1991-05-02,1.1964196131717924
1991-05-03,1.1980047271635463
1991-05-04,1.1980047271635463
1991-05-05,1.1980047271635463
1991-05-06,1.1983770466552026
1991-05-07,1.195952242386669
1991-05-08,1.1957421300576914
1991-05-09,1.1985974538437523
1991-05-10,1.197709775914635
1991-05-11,1.197709775914635
1991-05-12,1.197709775914635
1991-05-13,1.1963955469952594
1991-05-14,1.1956311472969574
1991-05-15,1.1931244550247633
1991-05-16,1.1933974150912114
1991-05-17,1.1988230067128078
1991-05-18,1.1988230067128078
1991-05-19,1.1988230067128078
1991-05-20,1.1975014417219247
1991-05-21,1.1932326445955015
1991-05-22,1.196621840351632
1991-05-23,1.2012968061671037
1991-05-24,1.2012666777434429
1991-05-25,1.2012666777434429
1991-05-26,1.2012666777434429
1991-05-27,1.195396406689082
1991-05-28,1.1959115522347048
1991-05-29,1.1965609265689972
1991-05-30,1.1972760358745032
1991-05-31,1.1999899209601883
1991-06-01,1.1999899209601883
1991-06-02,1.1999899209601883
1991-06-03,1.2043008851029766
1991-06-04,1.2041156698171924
1991-06-05,1.2045078167938519
1991-06-06,1.2060523759535018
1991-06-07,1.2100227471038696
1991-06-08,1.2100227471038696
1991-06-09,1.2100227471038696
1991-06-10,1.208326969596151
1991-06-11,1.2071371654559144
1991-06-12,1.2087065711304883
1991-06-13,1.2102128230979559
1991-06-14,1.2101556870613692
1991-06-15,1.2101556870613692
1991-06-16,1.2101556870613692
1991-06-17,1.210796875631923
1991-06-18,1.2136779090441434
1991-06-19,1.2108300958065403
1991-06-20,1.2096826007844232
1991-06-21,1.209810911923096
1991-06-22,1.209810911923096
1991-06-23,1.209810911923096
1991-06-24,1.2080086848577174
1991-06-25,1.2099497267795793
1991-06-26,1.2080514544580703
1991-06-27,1.2090157892368787
1991-06-28,1.2110527228403685
1991-06-29,1.2110527228403685
1991-06-30,1.2110527228403685
1991-07-01,1.215886663323681
1991-07-02,1.2150234523897285
1991-07-03,1.2217109154860968
1991-07-04,1.2214901737570645
1991-07-05,1.2211481531485129
1991-07-06,1.2211481531485129
1991-07-07,1.2211481531485129
1991-07-08,1.2137520817153806
1991-07-09,1.2150851987324875
1991-07-10,1.217409026107378
1991-07-11,1.2195499810301902
1991-07-12,1.2137221065490784
1991-07-13,1.2137221065490784
1991-07-14,1.2137221065490784
1991-07-15,1.213221369695903
1991-07-16,1.213639686074088
1991-07-17,1.2133583704960023
1991-07-18,1.2118432481008565
1991-07-19,1.2080463880246783
1991-07-20,1.2080463880246783
1991-07-21,1.2080463880246783
1991-07-22,1.2096716546893813
1991-07-23,1.209587248030841
1991-07-24,1.2060691910207109
1991-07-25,1.2087160096460967
1991-07-26,1.207075317369447
1991-07-27,1.207075317369447
1991-07-28,1.207075317369447
1991-07-29,1.2081261421894638
1991-07-30,1.2037039729002053
1991-07-31,1.2026095622527664
1991-08-01,1.2039861007490706
1991-08-02,1.2022933540496128
1991-08-03,1.2022933540496128
1991-08-04,1.2022933540496128
1991-08-05,1.1986933577873944
1991-08-06,1.1957932518808645
1991-08-07,1.1966650251205568
1991-08-08,1.1989006545942948
1991-08-09,1.2004109889144925
1991-08-10,1.2004109889144925
1991-08-11,1.2004109889144925
1991-08-12,1.2008435813879506
1991-08-13,1.202325927888488
1991-08-14,1.2040663072086897
1991-08-15,1.2291501183901203
1991-08-16,1.2329272579020991
1991-08-17,1.2329272579020991
1991-08-18,1.2329272579020991
1991-08-19,1.2406973084251876
1991-08-20,1.237723076031013
1991-08-21,1.2277841982329287
1991-08-22,1.2246543373100394
1991-08-23,1.228544798766361
1991-08-24,1.228544798766361
1991-08-25,1.228544798766361
1991-08-26,1.2275816462697275
1991-08-27,1.2279219319014953
1991-08-28,1.2305130139484652
1991-08-29,1.2281104754881753
1991-08-30,1.232490884778375
1991-08-31,1.232490884778375
1991-09-01,1.232490884778375
1991-09-02,1.229122369230049
1991-09-03,1.22873535625356
1991-09-04,1.2276108793574982
1991-09-05,1.2280659668452705
1991-09-06,1.227356031719042
1991-09-07,1.227356031719042
1991-09-08,1.227356031719042
1991-09-09,1.2223707487397963
1991-09-10,1.2229294742606467
1991-09-11,1.222253731644267
1991-09-12,1.2211951763542055
1991-09-13,1.2220222891905939
1991-09-14,1.2220222891905939
1991-09-15,1.2220222891905939
1991-09-16,1.219460604106485
1991-09-17,1.2194873109948041
1991-09-18,1.2176416652325925
1991-09-19,1.2196358990968368
1991-09-20,1.220170459304077
1991-09-21,1.220170459304077
1991-09-22,1.220170459304077
1991-09-23,1.216810197937659
1991-09-24,1.217171875515897
1991-09-25,1.2189106205406781
1991-09-26,1.2252106814090489
1991-09-27,1.2236868494648425
1991-09-28,1.2236868494648425
1991-09-29,1.2236868494648425
1991-09-30,1.222663042650011
1991-10-01,1.2237539046589272
1991-10-02,1.2230820122485317
1991-10-03,1.2230460801121212
1991-10-04,1.2248118728176074
1991-10-05,1.2248118728176074
1991-10-06,1.2248118728176074
1991-10-07,1.2249537490687379
1991-10-08,1.2280636690885751
1991-10-09,1.227442747824362
1991-10-10,1.2283489109726535
1991-10-11,1.2282304940885773
1991-10-12,1.2282304940885773
1991-10-13,1.2282304940885773
1991-10-14,1.2262903742540776
1991-10-15,1.2271432339414143
1991-10-16,1.2303153232514934
1991-10-17,1.2330652039559467
1991-10-18,1.2472743093172436
1991-10-19,1.2472743093172436
1991-10-20,1.2472743093172436
1991-10-21,1.243726955275231
1991-10-22,1.2463227361135236
1991-10-23,1.2172110132315046
1991-10-24,1.275503348442628
1991-10-25,1.2707723138661786
1991-10-26,1.2707723138661786
1991-10-27,1.2707723138661786
1991-10-28,1.2728716292516853
1991-10-29,1.269532896705861
1991-10-30,1.2672901106905303
1991-10-31,1.2676540200905428
1991-11-01,1.2648587649142016
1991-11-02,1.2648587649142016
1991-11-03,1.2648587649142016
1991-11-04,1.2593103107419363
1991-11-05,1.2595851725925473
1991-11-06,1.2588884868166483
1991-11-07,1.2587034604454876
1991-11-08,1.261349937561307
1991-11-09,1.261349937561307
1991-11-10,1.261349937561307
1991-11-11,1.2608455330576815
1991-11-12,1.2609950393969844
1991-11-13,1.2602940260647162
1991-11-14,1.2602115059173615
1991-11-15,1.2640486666168524
1991-11-16,1.2640486666168524
1991-11-17,1.2640486666168524
1991-11-18,1.261635538712321
1991-11-19,1.2605626277538553
1991-11-20,1.2609941721109865
1991-11-21,1.2603444819269385
1991-11-22,1.2596740638202268
1991-11-23,1.2596740638202268
1991-11-24,1.2596740638202268
1991-11-25,1.2586636656062793
1991-11-26,1.256775355765097
1991-11-27,1.2611981860255002
1991-11-28,1.2650259103175718
1991-11-29,1.2682010146901346
1991-11-30,1.2682010146901346
1991-12-01,1.2682010146901346
1991-12-02,1.2641329284988867
1991-12-03,1.2614952331392704
1991-12-04,1.264801728068564
1991-12-05,1.264654073623186
1991-12-06,1.260643084279888
1991-12-07,1.260643084279888
1991-12-08,1.260643084279888
1991-12-09,1.2609998092172756
1991-12-10,1.2611983425790563
1991-12-11,1.2624352062085993
1991-12-12,1.263743630294339
1991-12-13,1.269115655374522
1991-12-14,1.269115655374522
1991-12-15,1.269115655374522
1991-12-16,1.2650367903215147
1991-12-17,1.2649653437859336
1991-12-18,1.26681927382839
1991-12-19,1.2658836673888825
1991-12-20,1.2585066796201647
1991-12-21,1.2585066796201647
1991-12-22,1.2585066796201647
1991-12-23,1.2557380997466292
1991-12-24,1.2570393461745704
1991-12-25,1.2567031517827658
1991-12-26,1.2564171105386195
1991-12-27,1.262162156209307
1991-12-28,1.262162156209307
1991-12-29,1.262162156209307
1991-12-30,1.2607709705126182
1991-12-31,1.2618226375963053
1992-01-01,1.2618304124395088
1992-01-02,1.2676391700912537
1992-01-03,1.27168534876942
1992-01-04,1.27168534876942
1992-01-05,1.27168534876942
1992-01-06,1.2670828324639283
1992-01-07,1.2660462959112115
1992-01-08,1.2663971323151948
1992-01-09,1.2737565058264166
1992-01-10,1.279771548532635
1992-01-11,1.279771548532635
1992-01-12,1.279771548532635
1992-01-13,1.283216061401017
1992-01-14,1.2850150574319128
1992-01-15,1.291952656961086
1992-01-16,1.2937960766489118
1992-01-17,1.2902320535321277
1992-01-18,1.2902320535321277
1992-01-19,1.2902320535321277
1992-01-20,1.28896043314489
1992-01-21,1.2868871037327856
1992-01-22,1.2866933150288598
1992-01-23,1.287913924788596
1992-01-24,1.2798770861167923
1992-01-25,1.2798770861167923
1992-01-26,1.2798770861167923
1992-01-27,1.286789085461579
1992-01-28,1.2970140895872058
1992-01-29,1.2968598382550414
1992-01-30,1.293944695852867
1992-01-31,1.2822436912695334
1992-02-01,1.2822436912695334
1992-02-02,1.2822436912695334
1992-02-03,1.2828183721491317
1992-02-04,1.258727313676487
1992-02-05,1.2563250655417497
1992-02-06,1.3340934876767936
1992-02-07,1.3317219019626954
1992-02-08,1.3317219019626954
1992-02-09,1.3317219019626954
1992-02-10,1.334417600250236
1992-02-11,1.3375238403321794
1992-02-12,1.341361387996027
1992-02-13,1.344678548259071
1992-02-14,1.3453030893944427
1992-02-15,1.3453030893944427
1992-02-16,1.3453030893944427
1992-02-17,1.3460290905103
1992-02-18,1.3484392967454883
1992-02-19,1.3514211035239811
1992-02-20,1.3524002088161537
1992-02-21,1.359422657026244
1992-02-22,1.359422657026244
1992-02-23,1.359422657026244
1992-02-24,1.3598633951979362
1992-02-25,1.3602435339739598
1992-02-26,1.3608719980831099
1992-02-27,1.3575105532745448
1992-02-28,1.3569982396220555
1992-02-29,1.3569982396220555
1992-03-01,1.3569982396220555
1992-03-02,1.359384264554726
1992-03-03,1.3656284092384103
1992-03-04,1.3682923927211417
1992-03-05,1.3709304090960237
1992-03-06,1.3706657082700335
1992-03-07,1.3706657082700335
1992-03-08,1.3706657082700335
1992-03-09,1.3701151499261794
1992-03-10,1.3714260285554856
1992-03-11,1.3731054007222856
1992-03-12,1.376389265668473
1992-03-13,1.3759204644677678
1992-03-14,1.3759204644677678
1992-03-15,1.3759204644677678
1992-03-16,1.376281073077514
1992-03-17,1.3734305726359262
1992-03-18,1.3737530279720795
1992-03-19,1.3751317051785021
1992-03-20,1.379560842203916
1992-03-21,1.379560842203916
1992-03-22,1.379560842203916
1992-03-23,1.3795793046006228
1992-03-24,1.3773260413487125
1992-03-25,1.3730008963027642
1992-03-26,1.3694935370402057
1992-03-27,1.3665085939153208
1992-03-28,1.3665085939153208
1992-03-29,1.3665085939153208
1992-03-30,1.3768867964909923
1992-03-31,1.3816003439030615
1992-04-01,1.3836312229569256
1992-04-02,1.3825538851283055
1992-04-03,1.3807688636328912
1992-04-04,1.3807688636328912
1992-04-05,1.3807688636328912
1992-04-06,1.3799606373545672
1992-04-07,1.3801283173372791
1992-04-08,1.3808890983998643
1992-04-09,1.3809131445893128
1992-04-10,1.3812271707358434
1992-04-11,1.3812271707358434
1992-04-12,1.3812271707358434
1992-04-13,1.3883874991840195
1992-04-14,1.386538741076784
1992-04-15,1.385287050841388
1992-04-16,1.3873470812042266
1992-04-17,1.3876899734343124
1992-04-18,1.3876899734343124
1992-04-19,1.3876899734343124
1992-04-20,1.3921742751089563
1992-04-21,1.3879499711024226
1992-04-22,1.3840394849148887
1992-04-23,1.3819423679998386
1992-04-24,1.3862230221534537
1992-04-25,1.3862230221534537
1992-04-26,1.3862230221534537
1992-04-27,1.3827853862344028
1992-04-28,1.3825994455880448
1992-04-29,1.3817478955059417
1992-04-30,1.3810774007079114
1992-05-01,1.3792223202107727
1992-05-02,1.3792223202107727
1992-05-03,1.3792223202107727
1992-05-04,1.3791273331949285
1992-05-05,1.3813537752795095
1992-05-06,1.3720605502459362
1992-05-07,1.3678476928569763
1992-05-08,1.3713033376653996
1992-05-09,1.3713033376653996
1992-05-10,1.3713033376653996
1992-05-11,1.3758487579345304
1992-05-12,1.377020103737067
1992-05-13,1.3723029634306272
1992-05-14,1.3729209360963652
1992-05-15,1.3726718448769608
1992-05-16,1.3726718448769608
1992-05-17,1.3726718448769608
1992-05-18,1.3690325575543687
1992-05-19,1.367093338220469
1992-05-20,1.3679985804121702
1992-05-21,1.3669908603898886
1992-05-22,1.372040362359339
1992-05-23,1.372040362359339
1992-05-24,1.372040362359339
1992-05-25,1.3748054966999914
1992-05-26,1.3703480385858962
1992-05-27,1.3717771529913134
1992-05-28,1.3685044964683928
1992-05-29,1.3691772360588108
1992-05-30,1.3691772360588108
1992-05-31,1.3691772360588108
1992-06-01,1.3166058732469454
1992-06-02,1.3137915826389077
1992-06-03,1.3133486777635204
1992-06-04,1.311927082663527
1992-06-05,1.3145769347247807
1992-06-06,1.3145769347247807
1992-06-07,1.3145769347247807
1992-06-08,1.3102907573315075
1992-06-09,1.3098933118800145
1992-06-10,1.3102264997615625
1992-06-11,1.3105072890769547
1992-06-12,1.3100308473015334
1992-06-13,1.3100308473015334
1992-06-14,1.3100308473015334
1992-06-15,1.3093999267678154
1992-06-16,1.3089135301240327
1992-06-17,1.3105893422149344
1992-06-18,1.309745053019578
1992-06-19,1.3101668120427015
1992-06-20,1.3101668120427015
1992-06-21,1.3101668120427015
1992-06-22,1.3099154241828808
1992-06-23,1.3125736456158907
1992-06-24,1.310025607737829
1992-06-25,1.3076820042933235
1992-06-26,1.307430966563205
1992-06-27,1.307430966563205
1992-06-28,1.307430966563205
1992-06-29,1.3053388828358432
1992-06-30,1.3056396497414473
1992-07-01,1.3062463020773794
1992-07-02,1.3044361177393136
1992-07-03,1.306331639161183
1992-07-04,1.306331639161183
1992-07-05,1.306331639161183
1992-07-06,1.3055233227396552
1992-07-07,1.305730759790404
1992-07-08,1.3104545238944274
1992-07-09,1.3179315243872862
1992-07-10,1.3086081691936284
1992-07-11,1.3086081691936284
1992-07-12,1.3086081691936284
1992-07-13,1.3062401701811526
1992-07-14,1.305739899469744
1992-07-15,1.3077618855470736
1992-07-16,1.308843431344813
1992-07-17,1.3034596908348892
1992-07-18,1.3034596908348892
1992-07-19,1.3034596908348892
1992-07-20,1.3063820341483616
1992-07-21,1.362252881185804
1992-07-22,1.3650836247891975
1992-07-23,1.3649288045694754
1992-07-24,1.368183437425364
1992-07-25,1.368183437425364
1992-07-26,1.368183437425364
1992-07-27,1.364062085801959
1992-07-28,1.362392443706314
1992-07-29,1.367378398246946
1992-07-30,1.3673705460135863
1992-07-31,1.367285026887932
1992-08-01,1.367285026887932
1992-08-02,1.367285026887932
1992-08-03,1.36760426483026
1992-08-04,1.368665876955358
1992-08-05,1.3745711133903231
1992-08-06,1.3748860202642543
1992-08-07,1.3749400424815508
1992-08-08,1.3749400424815508
1992-08-09,1.3749400424815508
1992-08-10,1.3771031615077622
1992-08-11,1.3843991003965805
1992-08-12,1.389339582760583
1992-08-13,1.3883182407776729
1992-08-14,1.3820226813031034
1992-08-15,1.3820226813031034
1992-08-16,1.3820226813031034
1992-08-17,1.3818472227571779
1992-08-18,1.38360434077725
1992-08-19,1.385400435633787
1992-08-20,1.3858790130283472
1992-08-21,1.38342884387986
1992-08-22,1.38342884387986
1992-08-23,1.38342884387986
1992-08-24,1.380160822362628
1992-08-25,1.3794933623400953
1992-08-26,1.3806710710798078
1992-08-27,1.3816467269577872
1992-08-28,1.3820295235449438
1992-08-29,1.3820295235449438
1992-08-30,1.3820295235449438
1992-08-31,1.3803577797900999
1992-09-01,1.3803043606577015
1992-09-02,1.3813858776133157
1992-09-03,1.3849638590599387
1992-09-04,1.3854120889618142
1992-09-05,1.3854120889618142
1992-09-06,1.3854120889618142
1992-09-07,1.3901032465562533
1992-09-08,1.3891557941044794
1992-09-09,1.3922619750119167
1992-09-10,1.3893835502215373
1992-09-11,1.3965461755877977
1992-09-12,1.3965461755877977
1992-09-13,1.3965461755877977
1992-09-14,1.396188969580652
1992-09-15,1.4001112912848377
1992-09-16,1.4077023642571163
1992-09-17,1.4081290786221654
1992-09-18,1.4142584879386146
1992-09-19,1.4142584879386146
1992-09-20,1.4142584879386146
1992-09-21,1.4119618837693826
1992-09-22,1.4062233863458822
1992-09-23,1.4018623832257766
1992-09-24,1.4010183481932386
1992-09-25,1.4079220605935914
1992-09-26,1.4079220605935914
1992-09-27,1.4079220605935914
1992-09-28,1.400008986743292
1992-09-29,1.3955196611227405
1992-09-30,1.392781013372028
1992-10-01,1.3942527590984255
1992-10-02,1.3939970504308274
1992-10-03,1.3939970504308274
1992-10-04,1.3939970504308274
1992-10-05,1.3931170338610577
1992-10-06,1.3961037658040545
1992-10-07,1.3990059331985865
1992-10-08,1.4066451354717522
1992-10-09,1.4087987085838376
1992-10-10,1.4087987085838376
1992-10-11,1.4087987085838376
1992-10-12,1.4071525354928613
1992-10-13,1.407090998681448
1992-10-14,1.4055784237872022
1992-10-15,1.396276371456958
1992-10-16,1.3997083040213467
1992-10-17,1.3997083040213467
1992-10-18,1.3997083040213467
1992-10-19,1.400261209061009
1992-10-20,1.4096943201222032
1992-10-21,1.4123800934991375
1992-10-22,1.4129435411143676
1992-10-23,1.416531239464215
1992-10-24,1.416531239464215
1992-10-25,1.416531239464215
1992-10-26,1.423417936296654
1992-10-27,1.4208295615492745
1992-10-28,1.4262648845042403
1992-10-29,1.424344811703067
1992-10-30,1.4289918710526806
1992-10-31,1.4289918710526806
1992-11-01,1.4289918710526806
1992-11-02,1.4336291828015342
1992-11-03,1.431406884951405
1992-11-04,1.431301194090596
1992-11-05,1.4364875831960167
1992-11-06,1.4421566607215612
1992-11-07,1.4421566607215612
1992-11-08,1.4421566607215612
1992-11-09,1.4455011436674858
1992-11-10,1.4527269766012583
1992-11-11,1.455360906374823
1992-11-12,1.4550027404989536
1992-11-13,1.453640960868913
1992-11-14,1.453640960868913
1992-11-15,1.453640960868913
1992-11-16,1.4564883451325723
1992-11-17,1.4611830681278586
1992-11-18,1.4622370318436495
1992-11-19,1.4622557671150636
1992-11-20,1.4668685621584325
1992-11-21,1.4668685621584325
1992-11-22,1.4668685621584325
1992-11-23,1.466328831468373
1992-11-24,1.4705369141297786
1992-11-25,1.4707254183683152
1992-11-26,1.4732132944227445
1992-11-27,1.475482759650368
1992-11-28,1.475482759650368
1992-11-29,1.475482759650368
1992-11-30,1.4761523561666259
1992-12-01,1.4726101399230818
1992-12-02,1.4739995406212067
1992-12-03,1.4747551773960792
1992-12-04,1.4752663082931308
1992-12-05,1.4752663082931308
1992-12-06,1.4752663082931308
1992-12-07,1.4710408544203446
1992-12-08,1.471196791559817
1992-12-09,1.4751445059243053
1992-12-10,1.478920141940196
1992-12-11,1.4777270903203172
1992-12-12,1.4777270903203172
1992-12-13,1.4777270903203172
1992-12-14,1.4740031330896823
1992-12-15,1.4708509128594753
1992-12-16,1.4714998242443624
1992-12-17,1.4768906798905774
1992-12-18,1.478011025731997
1992-12-19,1.478011025731997
1992-12-20,1.478011025731997
1992-12-21,1.4785220736308105
1992-12-22,1.4827788691514363
1992-12-23,1.4872429338211628
1992-12-24,1.4849789291285413
1992-12-25,1.4851148767462834
1992-12-26,1.4851148767462834
1992-12-27,1.4851148767462834
1992-12-28,1.4889649635130189
1992-12-29,1.4934520877487079
1992-12-30,1.4940586422493727
1992-12-31,1.4942793973552528
1993-01-01,1.4942793973552528
1993-01-02,1.4942793973552528
1993-01-03,1.4942793973552528
1993-01-04,1.4977066068049012
1993-01-05,1.5068534115092815
1993-01-06,1.5070496622104732
1993-01-07,1.5119596999490483
1993-01-08,1.513119208435794
1993-01-09,1.513119208435794
1993-01-10,1.513119208435794
1993-01-11,1.5107512231339404
1993-01-12,1.5090489947551884
1993-01-13,1.5057355324550987
1993-01-14,1.5088965532646774
1993-01-15,1.5104784726991398
1993-01-16,1.5104784726991398
1993-01-17,1.5104784726991398
1993-01-18,1.5074474476518214
1993-01-19,1.5095312580400944
1993-01-20,1.5114391509443594
1993-01-21,1.5141016537155079
1993-01-22,1.5123541639152298
1993-01-23,1.5123541639152298
1993-01-24,1.5123541639152298
1993-01-25,1.5081547629283143
1993-01-26,1.5095695553077
1993-01-27,1.5026130341809465
1993-01-28,1.5032966564915835
1993-01-29,1.5117901880746631
1993-01-30,1.5117901880746631
1993-01-31,1.5117901880746631
1993-02-01,1.52427559638974
1993-02-02,1.5284606215758358
1993-02-03,1.5305623297067699
1993-02-04,1.5329617183173796
1993-02-05,1.5339468874529543
1993-02-06,1.5339468874529543
1993-02-07,1.5339468874529543
1993-02-08,1.53637274365325
1993-02-09,1.5393842289215545
1993-02-10,1.540641729657667
1993-02-11,1.5392293594574373
1993-02-12,1.5413066907308763
1993-02-13,1.5413066907308763
1993-02-14,1.5413066907308763
1993-02-15,1.5397565568067597
1993-02-16,1.5356578108446883
1993-02-17,1.5366119613064462
1993-02-18,1.5410422165491855
1993-02-19,1.5404742571903176
1993-02-20,1.5404742571903176
1993-02-21,1.5404742571903176
1993-02-22,1.538695893874075
1993-02-23,1.542913106973404
1993-02-24,1.544941913564089
1993-02-25,1.542686759385263
1993-02-26,1.5446827183049467
1993-02-27,1.5446827183049467
1993-02-28,1.5446827183049467
1993-03-01,1.550318194094947
1993-03-02,1.5477384335273734
1993-03-03,1.5480756024136455
1993-03-04,1.5434481028690559
1993-03-05,1.546583623862404
1993-03-06,1.546583623862404
1993-03-07,1.546583623862404
1993-03-08,1.5487335997161749
1993-03-09,1.5406593010117093
1993-03-10,1.5436555364278846
1993-03-11,1.5430652290501017
1993-03-12,1.5432528854052314
1993-03-13,1.5432528854052314
1993-03-14,1.5432528854052314
1993-03-15,1.5453883768753982
1993-03-16,1.5444549660131974
1993-03-17,1.5439610974034577
1993-03-18,1.541452876740089
1993-03-19,1.5429277895453786
1993-03-20,1.5429277895453786
1993-03-21,1.5429277895453786
1993-03-22,1.5400532362619284
1993-03-23,1.5457247262546303
1993-03-24,1.5477655977941451
1993-03-25,1.548881194593011
1993-03-26,1.5520046389698974
1993-03-27,1.5520046389698974
1993-03-28,1.5520046389698974
1993-03-29,1.5536693101101098
1993-03-30,1.555223087643964
1993-03-31,1.5541459776071191
1993-04-01,1.5522235955130297
1993-04-02,1.552949609000174
1993-04-03,1.552949609000174
1993-04-04,1.552949609000174
1993-04-05,1.5519466851871841
1993-04-06,1.5547717004251973
1993-04-07,1.550853769076559
1993-04-08,1.5484462923654445
1993-04-09,1.548505698364116
1993-04-10,1.548505698364116
1993-04-11,1.548505698364116
1993-04-12,1.5468689479304203
1993-04-13,1.5433670593130424
1993-04-14,1.5479009504141268
1993-04-15,1.552198452016091
1993-04-16,1.5557059545134082
1993-04-17,1.5557059545134082
1993-04-18,1.5557059545134082
1993-04-19,1.6156931368444762
1993-04-20,1.6150145499776538
1993-04-21,1.6155118452388635
1993-04-22,1.6154377402744664
1993-04-23,1.612378685229627
1993-04-24,1.612378685229627
1993-04-25,1.612378685229627
1993-04-26,1.6067004940351628
1993-04-27,1.6049133479087612
1993-04-28,1.6009361004029095
1993-04-29,1.596137686149292
1993-04-30,1.6023951964139675
1993-05-01,1.6023951964139675
1993-05-02,1.6023951964139675
1993-05-03,1.6029050744261026
1993-05-04,1.5924576880829096
1993-05-05,1.593193652867874
1993-05-06,1.5824158758635243
1993-05-07,1.5940438144296678
1993-05-08,1.5940438144296678
1993-05-09,1.5940438144296678
1993-05-10,1.5998554623705832
1993-05-11,1.6019591339096717
1993-05-12,1.6041879632522522
1993-05-13,1.60613764242865
1993-05-14,1.6048876814745308
1993-05-15,1.6048876814745308
1993-05-16,1.6048876814745308
1993-05-17,1.611293561010757
1993-05-18,1.6165723205777969
1993-05-19,1.6192206993703273
1993-05-20,1.6180924867918631
1993-05-21,1.6145914464927544
1993-05-22,1.6145914464927544
1993-05-23,1.6145914464927544
1993-05-24,1.616163643364832
1993-05-25,1.610397473766025
1993-05-26,1.6154643338669314
1993-05-27,1.6130484357483048
1993-05-28,1.6118719845501916
1993-05-29,1.6118719845501916
1993-05-30,1.6118719845501916
1993-05-31,1.6118160843378004
1993-06-01,1.61837893252486
1993-06-02,1.6188621533333394
1993-06-03,1.6198085735937113
1993-06-04,1.62547510552313
1993-06-05,1.62547510552313
1993-06-06,1.62547510552313
1993-06-07,1.619875531943125
1993-06-08,1.6216258262789836
1993-06-09,1.6237084524508296
1993-06-10,1.6219507248185319
1993-06-11,1.6263614354353086
1993-06-12,1.6263614354353086
1993-06-13,1.6263614354353086
1993-06-14,1.6348771852739605
1993-06-15,1.6975915320283834
1993-06-16,1.7010163766525446
1993-06-17,1.7038439145301627
1993-06-18,1.7122342183453203
1993-06-19,1.7122342183453203
1993-06-20,1.7122342183453203
1993-06-21,1.7216039957113398
1993-06-22,1.7193788377951305
1993-06-23,1.7248152809421806
1993-06-24,1.7293616084264762
1993-06-25,1.725955698059191
1993-06-26,1.725955698059191
1993-06-27,1.725955698059191
1993-06-28,1.7286135159427936
1993-06-29,1.7272875957291776
1993-06-30,1.7250821744854998
1993-07-01,1.7276187873391147
1993-07-02,1.727484659454396
1993-07-03,1.727484659454396
1993-07-04,1.727484659454396
1993-07-05,1.7268772989340821
1993-07-06,1.7311131793048204
1993-07-07,1.73486378262359
1993-07-08,1.732161711400489
1993-07-09,1.7375128301993552
1993-07-10,1.7375128301993552
1993-07-11,1.7375128301993552
1993-07-12,1.7421533930585624
1993-07-13,1.7429810377743766
1993-07-14,1.7456483605204798
1993-07-15,1.7482622962990428
1993-07-16,1.7479653306061744
1993-07-17,1.7479653306061744
1993-07-18,1.7479653306061744
1993-07-19,1.7450131013289625
1993-07-20,1.7475702481719368
1993-07-21,1.7461740579816685
1993-07-22,1.7477071480156054
1993-07-23,1.751231637135621
1993-07-24,1.751231637135621
1993-07-25,1.751231637135621
1993-07-26,1.752845732508459
1993-07-27,1.7549566476443446
1993-07-28,1.7549135295546847
1993-07-29,1.7588542161379148
1993-07-30,1.5804626376088153
1993-07-31,1.5804626376088153
1993-08-01,1.5804626376088153
1993-08-02,1.580829868767097
1993-08-03,1.5803912944560363
1993-08-04,1.5799737556098101
1993-08-05,1.5821879174189368
1993-08-06,1.582248413006593
1993-08-07,1.582248413006593
1993-08-08,1.582248413006593
1993-08-09,1.582771880820308
1993-08-10,1.5875361517694782
1993-08-11,1.5889527462852089
1993-08-12,1.588822559171247
1993-08-13,1.590680342295484
1993-08-14,1.590680342295484
1993-08-15,1.590680342295484
1993-08-16,1.5874959919189455
1993-08-17,1.5881290741700722
1993-08-18,1.585785248170616
1993-08-19,1.588346173309294
1993-08-20,1.5880586650007893
1993-08-21,1.5880586650007893
1993-08-22,1.5880586650007893
1993-08-23,1.590970550894682
1993-08-24,1.5905245440316993
1993-08-25,1.5935987911081158
1993-08-26,1.5916155367921654
1993-08-27,1.594554640721942
1993-08-28,1.594554640721942
1993-08-29,1.594554640721942
1993-08-30,1.5959449186595658
1993-08-31,1.5972634623930744
1993-09-01,1.5966070326530772
1993-09-02,1.5992596971484485
1993-09-03,1.5978491654344524
1993-09-04,1.5978491654344524
1993-09-05,1.5978491654344524
1993-09-06,1.592080763028742
1993-09-07,1.5923173728423015
1993-09-08,1.592626102028628
1993-09-09,1.5913626448357547
1993-09-10,1.5918809975095956
1993-09-11,1.5918809975095956
1993-09-12,1.5918809975095956
1993-09-13,1.5915722773349104
1993-09-14,1.59311610481923
1993-09-15,1.5898143917875707
1993-09-16,1.591905709661945
1993-09-17,1.5955586896043623
1993-09-18,1.5955586896043623
1993-09-19,1.5955586896043623
1993-09-20,1.5937558364169235
1993-09-21,1.5905538740409528
1993-09-22,1.5976566932620728
1993-09-23,1.6044868236106606
1993-09-24,1.6047033225774279
1993-09-25,1.6047033225774279
1993-09-26,1.6047033225774279
1993-09-27,1.6003898048887573
1993-09-28,1.600621776524118
1993-09-29,1.5802807500189393
1993-09-30,1.6056563744854122
1993-10-01,1.6078561183251403
1993-10-02,1.6078561183251403
1993-10-03,1.6078561183251403
1993-10-04,1.6134689314957937
1993-10-05,1.6104281749609375
1993-10-06,1.6130913959716398
1993-10-07,1.6123442868198838
1993-10-08,1.6127619221663754
1993-10-09,1.6127619221663754
1993-10-10,1.6127619221663754
1993-10-11,1.6141932218494925
1993-10-12,1.6129142937264995
1993-10-13,1.6129443753264159
1993-10-14,1.617122941701462
1993-10-15,1.6190048050783725
1993-10-16,1.6190048050783725
1993-10-17,1.6190048050783725
1993-10-18,1.6231790853220922
1993-10-19,1.6251525748570368
1993-10-20,1.626842397262229
1993-10-21,1.6287826886266563
1993-10-22,1.6336824754213424
1993-10-23,1.6336824754213424
1993-10-24,1.6336824754213424
1993-10-25,1.636218374322209
1993-10-26,1.633357421743417
1993-10-27,1.6358336312104844
1993-10-28,1.6323085834568885
1993-10-29,1.6328183068921869
1993-10-30,1.6328183068921869
1993-10-31,1.6328183068921869
1993-11-01,1.634742350825024
1993-11-02,1.6344244246764459
1993-11-03,1.6249082677800384
1993-11-04,1.6248998136560353
1993-11-05,1.6265202167284338
1993-11-06,1.6265202167284338
1993-11-07,1.6265202167284338
1993-11-08,1.6265778055508004
1993-11-09,1.5733791151079206
1993-11-10,1.6094765580566335
1993-11-11,1.6103261012771855
1993-11-12,1.5990612065851797
1993-11-13,1.5990612065851797
1993-11-14,1.5990612065851797
1993-11-15,1.6037411959537955
1993-11-16,1.6254230851693066
1993-11-17,1.6525946686586943
1993-11-18,1.6587862198495043
1993-11-19,1.668765452479304
1993-11-20,1.668765452479304
1993-11-21,1.668765452479304
1993-11-22,1.6700327258387626
1993-11-23,1.6704108547052081
1993-11-24,1.6697843921525053
1993-11-25,1.663471497649634
1993-11-26,1.668058141145554
1993-11-27,1.668058141145554
1993-11-28,1.668058141145554
1993-11-29,1.672759053366994
1993-11-30,1.6743330977788444
1993-12-01,1.6780095118177911
1993-12-02,1.678900640094316
1993-12-03,1.679431121612093
1993-12-04,1.679431121612093
1993-12-05,1.679431121612093
1993-12-06,1.6734845628273578
1993-12-07,1.672448041058475
1993-12-08,1.6735073372395632
1993-12-09,1.6703972704776913
1993-12-10,1.6706349887624805
1993-12-11,1.6706349887624805
1993-12-12,1.6706349887624805
1993-12-13,1.6728216993493736
1993-12-14,1.675976046736456
1993-12-15,1.6817354077295008
1993-12-16,1.6802982353920042
1993-12-17,1.6799687166272266
1993-12-18,1.6803545119817047
1993-12-19,1.6803545119817047
1993-12-20,1.6801481051051235
1993-12-21,1.6785491129586707
1993-12-22,1.6806518480188224
1993-12-23,1.6825009785934726
1993-12-24,1.6823660899436998
1993-12-25,1.6823660899436998
1993-12-26,1.6823660899436998
1993-12-27,1.68469900159707
1993-12-28,1.6822159335842823
1993-12-29,1.689860827912526
1993-12-30,1.6938434448478972
1993-12-31,1.6945674494369058
1994-01-01,1.6945674494369058
1994-01-02,1.6945674494369058
1994-01-03,1.6989697809286481
1994-01-04,1.7114824224487002
1994-01-05,1.7169417747760776
1994-01-06,1.7181905371027488
1994-01-07,1.7178738226890773
1994-01-08,1.7178738226890773
1994-01-09,1.7178738226890773
1994-01-10,1.7132350368021187
1994-01-11,1.7196123150854128
1994-01-12,1.7189706985995008
1994-01-13,1.7227279451588668
1994-01-14,1.7238955980789255
1994-01-15,1.7238955980789255
1994-01-16,1.7238955980789255
1994-01-17,1.7277619377471916
1994-01-18,1.7289128866570787
1994-01-19,1.7341123050909228
1994-01-20,1.7304110422323802
1994-01-21,1.7282337630232756
1994-01-22,1.7282337630232756
1994-01-23,1.7282337630232756
1994-01-24,1.732434373337263
1994-01-25,1.7322736465827722
1994-01-26,1.7365653410440398
1994-01-27,1.7337811480132257
1994-01-28,1.736273276599657
1994-01-29,1.736273276599657
1994-01-30,1.736273276599657
1994-01-31,1.7353973965363887
1994-02-01,1.7360354797538473
1994-02-02,1.7393063633655366
1994-02-03,1.7382919371526717
1994-02-04,1.7422428256355218
1994-02-05,1.7422428256355218
1994-02-06,1.7422428256355218
1994-02-07,1.7456218961491445
1994-02-08,1.7478711313514237
1994-02-09,1.7498706704147948
1994-02-10,1.7505905115256806
1994-02-11,1.7502787180557
1994-02-12,1.7502787180557
1994-02-13,1.7502787180557
1994-02-14,1.7468775755311698
1994-02-15,1.74676840815264
1994-02-16,1.7455298450566945
1994-02-17,1.7472854538541
1994-02-18,1.7433306263167687
1994-02-19,1.7433306263167687
1994-02-20,1.7433306263167687
1994-02-21,1.7466521245428983
1994-02-22,1.7419593347495725
1994-02-23,1.7336578118830397
1994-02-24,1.7032746661499458
1994-02-25,1.713449517139579
1994-02-26,1.713449517139579
1994-02-27,1.713449517139579
1994-02-28,1.7170572945289604
1994-03-01,1.6977405688216305
1994-03-02,1.6718170463009827
1994-03-03,1.6873728423914682
1994-03-04,1.6920450802537228
1994-03-05,1.6920450802537228
1994-03-06,1.6920450802537228
1994-03-07,1.6905085733234837
1994-03-08,1.6723953376001672
1994-03-09,1.6805054790707725
1994-03-10,1.6725882656262687
1994-03-11,1.687513458723718
1994-03-12,1.687513458723718
1994-03-13,1.687513458723718
1994-03-14,1.6638392992266313
1994-03-15,1.6565462743938062
1994-03-16,1.6677859930386283
1994-03-17,1.6639647967297622
1994-03-18,1.6655352465164155
1994-03-19,1.6655352465164155
1994-03-20,1.6655352465164155
1994-03-21,1.6673841484138434
1994-03-22,1.6631387010053706
1994-03-23,1.6636058908853528
1994-03-24,1.6641151043145028
1994-03-25,1.6554345572980629
1994-03-26,1.6554345572980629
1994-03-27,1.6554345572980629
1994-03-28,1.655805531778159
1994-03-29,1.6575505201316805
1994-03-30,1.6644159360684798
1994-03-31,1.661601229385931
1994-04-01,1.66477253357003
1994-04-02,1.66477253357003
1994-04-03,1.66477253357003
1994-04-04,1.6667411483214072
1994-04-05,1.6722004703943687
1994-04-06,1.6814600637798767
1994-04-07,1.6789501557175004
1994-04-08,1.680139234290012
1994-04-09,1.680139234290012
1994-04-10,1.680139234290012
1994-04-11,1.6909624617439751
1994-04-12,1.6930150478979473
1994-04-13,1.6935135648514401
1994-04-14,1.691825042524508
1994-04-15,1.6924825293228123
1994-04-16,1.6924825293228123
1994-04-17,1.6924825293228123
1994-04-18,1.6901369978878744
1994-04-19,1.6875179882996958
1994-04-20,1.686229488149077
1994-04-21,1.6844699995076118
1994-04-22,1.6929690152656631
1994-04-23,1.6929690152656631
1994-04-24,1.6929690152656631
1994-04-25,1.706088198685757
1994-04-26,1.7271801014300125
1994-04-27,1.7413335864630375
1994-04-28,1.7359418718410211
1994-04-29,1.7368912226533084
1994-04-30,1.7368912226533084
1994-05-01,1.7368912226533084
1994-05-02,1.731799355443052
1994-05-03,1.7261445476067225
1994-05-04,1.7195998190923043
1994-05-05,1.7230709092417913
1994-05-06,1.7100085024463907
1994-05-07,1.7100085024463907
1994-05-08,1.7100085024463907
1994-05-09,1.7117630121952117
1994-05-10,1.7185606410669243
1994-05-11,1.7197461470224724
1994-05-12,1.7147721792796462
1994-05-13,1.7160164553703465
1994-05-14,1.7160164553703465
1994-05-15,1.7160164553703465
1994-05-16,1.7123117700153752
1994-05-17,1.7169993583571892
1994-05-18,1.7151060353193108
1994-05-19,1.7200879831547162
1994-05-20,1.728912961573463
1994-05-21,1.728912961573463
1994-05-22,1.728912961573463
1994-05-23,1.7295096606327758
1994-05-24,1.7326819224619412
1994-05-25,1.7271535589455236
1994-05-26,1.7239526939383332
1994-05-27,1.7235873967089526
1994-05-28,1.7235873967089526
1994-05-29,1.7235873967089526
1994-05-30,1.7175126563810466
1994-05-31,1.7192959658974156
1994-06-01,1.716989285097321
1994-06-02,1.7226463750977958
1994-06-03,1.725228257333516
1994-06-04,1.725228257333516
1994-06-05,1.725228257333516
1994-06-06,1.7175493292695136
1994-06-07,1.7136245120135323
1994-06-08,1.7136165910023624
1994-06-09,1.7119095152305908
1994-06-10,1.7084578224717766
1994-06-11,1.7084578224717766
1994-06-12,1.7084578224717766
1994-06-13,1.6992434947452684
1994-06-14,1.7039872373291973
1994-06-15,1.7023677805649622
1994-06-16,1.7020281565218132
1994-06-17,1.6988565599541618
1994-06-18,1.6988565599541618
1994-06-19,1.6988565599541618
1994-06-20,1.6922220383622124
1994-06-21,1.6891935470257975
1994-06-22,1.6884896386590602
1994-06-23,1.6880958900455847
1994-06-24,1.684978355019882
1994-06-25,1.684978355019882
1994-06-26,1.684978355019882
1994-06-27,1.6828176548782843
1994-06-28,1.6833357460216396
1994-06-29,1.6843548787818727
1994-06-30,1.6837277938131952
1994-07-01,1.6845830985304548
1994-07-02,1.6845830985304548
1994-07-03,1.6845830985304548
1994-07-04,1.6832834457279193
1994-07-05,1.6806552102341241
1994-07-06,1.6791126298967995
1994-07-07,1.6779081400005669
1994-07-08,1.6755691718701335
1994-07-09,1.6755691718701335
1994-07-10,1.6755691718701335
1994-07-11,1.6691261454437478
1994-07-12,1.665064278053762
1994-07-13,1.667143152711569
1994-07-14,1.6710719244970635
1994-07-15,1.6714630690738939
1994-07-16,1.6714630690738939
1994-07-17,1.6714630690738939
1994-07-18,1.6710387813039294
1994-07-19,1.6723596005634447
1994-07-20,1.674061003582446
1994-07-21,1.676613552042771
1994-07-22,1.6799969634899568
1994-07-23,1.6799969634899568
1994-07-24,1.6799969634899568
1994-07-25,1.6782137047460892
1994-07-26,1.6784664224015953
1994-07-27,1.6818427316572608
1994-07-28,1.6820905259786427
1994-07-29,1.6823313909138755
1994-07-30,1.6823313909138755
1994-07-31,1.6823313909138755
1994-08-01,1.6818455974588487
1994-08-02,1.6892506873300217
1994-08-03,1.688609839798712
1994-08-04,1.6898093355036463
1994-08-05,1.6853870760463079
1994-08-06,1.6853870760463079
1994-08-07,1.6853870760463079
1994-08-08,1.6867842687816001
1994-08-09,1.6875238831790345
1994-08-10,1.6834448514483453
1994-08-11,1.6827510754085657
1994-08-12,1.6770600863351854
1994-08-13,1.6770600863351854
1994-08-14,1.6770600863351854
1994-08-15,1.6740989111363351
1994-08-16,1.6766503974645757
1994-08-17,1.6882464632313845
1994-08-18,1.6871008283415392
1994-08-19,1.6966989351370476
1994-08-20,1.6966989351370476
1994-08-21,1.6966989351370476
1994-08-22,1.7035379523564602
1994-08-23,1.702382489131935
1994-08-24,1.7041615706451942
1994-08-25,1.692579429853216
1994-08-26,1.6942844243311743
1994-08-27,1.6942844243311743
1994-08-28,1.6942844243311743
1994-08-29,1.695387008839993
1994-08-30,1.6895048329782767
1994-08-31,1.6945482337904096
1994-09-01,1.6972340883365997
1994-09-02,1.6968153905360128
1994-09-03,1.6968153905360128
1994-09-04,1.6968153905360128
1994-09-05,1.6931056725263405
1994-09-06,1.6867488732929465
1994-09-07,1.7206108977562982
1994-09-08,1.720237977835409
1994-09-09,1.7160129061274727
1994-09-10,1.7160129061274727
1994-09-11,1.7160129061274727
1994-09-12,1.7132011124433293
1994-09-13,1.7118680107547442
1994-09-14,1.7119527788541775
1994-09-15,1.721193133020977
1994-09-16,1.7168669229296045
1994-09-17,1.7168669229296045
1994-09-18,1.7168669229296045
1994-09-19,1.7128300309030624
1994-09-20,1.7172293776389134
1994-09-21,1.7169505637404654
1994-09-22,1.72093603287039
1994-09-23,1.7311631021417637
1994-09-24,1.7311631021417637
1994-09-25,1.7311631021417637
1994-09-26,1.7368170236531546
1994-09-27,1.731267466052023
1994-09-28,1.7281149634445383
1994-09-29,1.7266315763142936
1994-09-30,1.7305405794860755
1994-10-01,1.7305405794860755
1994-10-02,1.7305405794860755
1994-10-03,1.7252830903768037
1994-10-04,1.7221198514004394
1994-10-05,1.7204551626798112
1994-10-06,1.7189263343141303
1994-10-07,1.672366728666753
1994-10-08,1.672366728666753
1994-10-09,1.672366728666753
1994-10-10,1.6736395407200122
1994-10-11,1.6721618607271314
1994-10-12,1.6738213746396322
1994-10-13,1.672069615228656
1994-10-14,1.6696433323786621
1994-10-15,1.6696433323786621
1994-10-16,1.6696433323786621
1994-10-17,1.6643472550940492
1994-10-18,1.6631415812321142
1994-10-19,1.6687838776097355
1994-10-20,1.6651025460125668
1994-10-21,1.6647631696099594
1994-10-22,1.6647631696099594
1994-10-23,1.6647631696099594
1994-10-24,1.6621054331944982
1994-10-25,1.6562992460506127
1994-10-26,1.6574441385244918
1994-10-27,1.657991894246928
1994-10-28,1.6570397788216231
1994-10-29,1.6570397788216231
1994-10-30,1.6570397788216231
1994-10-31,1.6542608259590705
1994-11-01,1.6536566603510152
1994-11-02,1.6550524966432518
1994-11-03,1.660602518941908
1994-11-04,1.663818743675589
1994-11-05,1.663818743675589
1994-11-06,1.663818743675589
1994-11-07,1.662504118434031
1994-11-08,1.661843126100657
1994-11-09,1.660831457924617
1994-11-10,1.659682381858636
1994-11-11,1.6625728749805824
1994-11-12,1.6625728749805824
1994-11-13,1.6625728749805824
1994-11-14,1.6623551806276904
1994-11-15,1.6643389511694453
1994-11-16,1.6644671945966236
1994-11-17,1.664835216159202
1994-11-18,1.6655620724220768
1994-11-19,1.6655620724220768
1994-11-20,1.6655620724220768
1994-11-21,1.6653914671464543
1994-11-22,1.6712726978117294
1994-11-23,1.6693114951686998
1994-11-24,1.6703637224672379
1994-11-25,1.6706332523368683
1994-11-26,1.6706332523368683
1994-11-27,1.6706332523368683
1994-11-28,1.6711891150996585
1994-11-29,1.6756272890337935
1994-11-30,1.6729732299031186
1994-12-01,1.673918976610444
1994-12-02,1.6761185563276861
1994-12-03,1.6761185563276861
1994-12-04,1.6761185563276861
1994-12-05,1.6730362511969326
1994-12-06,1.6704887173794327
1994-12-07,1.6698880581583186
1994-12-08,1.670536590410461
1994-12-09,1.6717897876213168
1994-12-10,1.6717897876213168
1994-12-11,1.6717897876213168
1994-12-12,1.6716549868732806
1994-12-13,1.6684688040733244
1994-12-14,1.6702261575032427
1994-12-15,1.666546572548104
1994-12-16,1.6660787006504443
1994-12-17,1.6660787006504443
1994-12-18,1.6660787006504443
1994-12-19,1.666163056465836
1994-12-20,1.455166365436475
1994-12-21,1.4515717962309858
1994-12-22,1.209830037537303
1994-12-23,1.179239821372907
1994-12-24,1.179239821372907
1994-12-25,1.179239821372907
1994-12-26,1.156236321946698
1994-12-27,1.0488180274693932
1994-12-28,1.166395605076882
1994-12-29,1.189582040979248
1994-12-30,1.1597067049910392
1994-12-31,1.1597067049910392
1995-01-01,1.1597067049910392
1995-01-02,1.1786166640528717
1995-01-03,1.1119736521696146
1995-01-04,1.0484879299148182
1995-01-05,1.0865370540775676
1995-01-06,1.0137803767375824
1995-01-07,1.0137803767375824
1995-01-08,1.0137803767375824
1995-01-09,1.0765595350171415
1995-01-10,1.0040623407829534
1995-01-11,1.029514237833432
1995-01-12,1.0633930016694566
1995-01-13,1.1076066222875698
1995-01-14,1.1076066222875698
1995-01-15,1.1076066222875698
1995-01-16,1.0712261764117992
1995-01-17,1.1024675168815967
1995-01-18,1.0767439242702508
1995-01-19,1.056539524728057
1995-01-20,1.0381906415267472
1995-01-21,1.0381906415267472
1995-01-22,1.0381906415267472
1995-01-23,1.0187354296424316
1995-01-24,1.0117093269804778
1995-01-25,1.0193610009476863
1995-01-26,1.0483083015678716
1995-01-27,1.0139294894331108
1995-01-28,1.0139294894331108
1995-01-29,1.0139294894331108
1995-01-30,0.924069795244678
1995-01-31,1.0138060266126387
1995-02-01,1.092341362326763
1995-02-02,1.0746125828716389
1995-02-03,1.1137817671314516
1995-02-04,1.1137817671314516
1995-02-05,1.1137817671314516
1995-02-06,1.101943324622503
1995-02-07,1.1059493781832086
1995-02-08,1.0856025318141573
1995-02-09,1.057404456007271
1995-02-10,1.0676983484564029
1995-02-11,1.0676983484564029
1995-02-12,1.0676983484564029
1995-02-13,1.0341899714764486
1995-02-14,1.0093622203053059
1995-02-15,0.9859927069721764
1995-02-16,0.9672037368268142
1995-02-17,1.0249898392248142
1995-02-18,1.0249898392248142
1995-02-19,1.0249898392248142
1995-02-20,1.0551060812462805
1995-02-21,1.0456952565160054
1995-02-22,1.0051549823443435
1995-02-23,1.030689283957616
1995-02-24,1.0023264818528093
1995-02-25,1.0023264818528093
1995-02-26,1.0023264818528093
1995-02-27,0.9856122810803778
1995-02-28,0.9828751446029194
1995-03-01,0.9946296263137259
1995-03-02,0.9727112286254498
1995-03-03,1.0139118626484092
1995-03-04,1.0139118626484092
1995-03-05,1.0139118626484092
1995-03-06,0.9716482878131713
1995-03-07,0.9373336533330222
1995-03-08,0.910254724838883
1995-03-09,0.8559738091406539
1995-03-10,1.0072559393457476
1995-03-11,1.0072559393457476
1995-03-12,1.0072559393457476
1995-03-13,0.9819746653788135
1995-03-14,0.9620238075518481
1995-03-15,0.9173724633071281
1995-03-16,0.8922944471100337
1995-03-17,0.9207715881061799
1995-03-18,0.9207715881061799
1995-03-19,0.9207715881061799
1995-03-20,0.9077252281551271
1995-03-21,0.9054860121323873
1995-03-22,0.9007876818498998
1995-03-23,0.9233264577613636
1995-03-24,0.9377043089949336
1995-03-25,0.9377043089949336
1995-03-26,0.9377043089949336
1995-03-27,0.9500246843921292
1995-03-28,0.9380780731629299
1995-03-29,0.9385469053672416
1995-03-30,0.9565900584001014
1995-03-31,0.9384454530856619
1995-04-01,0.9384454530856619
1995-04-02,0.9384454530856619
1995-04-03,0.9396970371522052
1995-04-04,0.9761053084270539
1995-04-05,0.9858540196203838
1995-04-06,0.9993540858128902
1995-04-07,1.004308397066803
1995-04-08,1.004308397066803
1995-04-09,1.004308397066803
1995-04-10,1.2264320022704462
1995-04-11,1.2303458331805017
1995-04-12,1.2184814168603275
1995-04-13,1.2166072023414525
1995-04-14,1.2206094827406972
1995-04-15,1.2206094827406972
1995-04-16,1.2206094827406972
1995-04-17,1.226033925589096
1995-04-18,1.241237951569336
1995-04-19,1.2542167489959426
1995-04-20,1.2721007930169406
1995-04-21,1.2659658765377102
1995-04-22,1.2659658765377102
1995-04-23,1.2659658765377102
1995-04-24,1.3463157798418421
1995-04-25,1.3425201381598273
1995-04-26,1.3626940180603238
1995-04-27,1.3367850672479125
1995-04-28,1.333693902071936
1995-04-29,1.333693902071936
1995-04-30,1.333693902071936
1995-05-01,1.3360519931840014
1995-05-02,1.35088132280601
1995-05-03,1.3523977329398604
1995-05-04,1.3489551030085911
1995-05-05,1.3480365904969145
1995-05-06,1.3480365904969145
1995-05-07,1.3480365904969145
1995-05-08,1.3546500338748897
1995-05-09,1.3388594173700277
1995-05-10,1.3405359404887647
1995-05-11,1.341064210046881
1995-05-12,1.3392090069910667
1995-05-13,1.3392090069910667
1995-05-14,1.3392090069910667
1995-05-15,1.3395534694342464
1995-05-16,1.3425242071465049
1995-05-17,1.3510621846058135
1995-05-18,1.3482798409956467
1995-05-19,1.3480629217154114
1995-05-20,1.3480629217154114
1995-05-21,1.3480629217154114
1995-05-22,1.4375251225908015
1995-05-23,1.4209535113988954
1995-05-24,1.4153027276280092
1995-05-25,1.397637460371644
1995-05-26,1.3730867359724916
1995-05-27,1.3730867359724916
1995-05-28,1.3730867359724916
1995-05-29,1.3712448332335232
1995-05-30,1.3686288319150322
1995-05-31,1.3743363751391027
1995-06-01,1.37546301162104
1995-06-02,1.3757277507318997
1995-06-03,1.3757277507318997
1995-06-04,1.3757277507318997
1995-06-05,1.3929717168037379
1995-06-06,1.3936540646906075
1995-06-07,1.3777584930918054
1995-06-08,1.3712566628748148
1995-06-09,1.3563149793744116
1995-06-10,1.3563149793744116
1995-06-11,1.3563149793744116
1995-06-12,1.3755592742915002
1995-06-13,1.3796006880681706
1995-06-14,1.3750589754046583
1995-06-15,1.3783113834729201
1995-06-16,1.3741154784872267
1995-06-17,1.3741154784872267
1995-06-18,1.3741154784872267
1995-06-19,1.3741225979423835
1995-06-20,1.3627080833668994
1995-06-21,1.3562791404986534
1995-06-22,1.3696271939334088
1995-06-23,1.3623535366229078
1995-06-24,1.3623535366229078
1995-06-25,1.3623535366229078
1995-06-26,1.3640647413312361
1995-06-27,1.3551603434324648
1995-06-28,1.3605956226885672
1995-06-29,1.3628295643955015
1995-06-30,1.362103311318329
1995-07-01,1.362103311318329
1995-07-02,1.362103311318329
1995-07-03,1.364616424610073
1995-07-04,1.360638008783725
1995-07-05,1.3603028742059649
1995-07-06,1.3714069174684673
1995-07-07,1.3863855646476866
1995-07-08,1.3863855646476866
1995-07-09,1.3863855646476866
1995-07-10,1.4021463973390338
1995-07-11,1.3959144632925757
1995-07-12,1.3997060142909556
1995-07-13,1.4182300560823342
1995-07-14,1.4205862640213758
1995-07-15,1.4205862640213758
1995-07-16,1.4205862640213758
1995-07-17,1.4249249068770642
1995-07-18,1.409709405495041
1995-07-19,1.3994930465030198
1995-07-20,1.3886396604355546
1995-07-21,1.3990671364867233
1995-07-22,1.3990671364867233
1995-07-23,1.3990671364867233
1995-07-24,1.3909601114544228
1995-07-25,1.3945735685499743
1995-07-26,1.3991290100740696
1995-07-27,1.3998291508473222
1995-07-28,1.3969882751353744
1995-07-29,1.3969882751353744
1995-07-30,1.3969882751353744
1995-07-31,1.396459519851472
1995-08-01,1.3892088991304912
1995-08-02,1.3964144244170915
1995-08-03,1.3908269462283904
1995-08-04,1.3923855601395838
1995-08-05,1.3923855601395838
1995-08-06,1.3923855601395838
1995-08-07,1.3926279718936216
1995-08-08,1.3950016896882178
1995-08-09,1.3958449160715924
1995-08-10,1.3963448004644348
1995-08-11,1.400429672132841
1995-08-12,1.400429672132841
1995-08-13,1.400429672132841
1995-08-14,1.4007640092058453
1995-08-15,1.4120776392971266
1995-08-16,1.4106414491065904
1995-08-17,1.3868192715817844
1995-08-18,1.3835371261363942
1995-08-19,1.3835371261363942
1995-08-20,1.3835371261363942
1995-08-21,1.3913388645438967
1995-08-22,1.3786146897272022
1995-08-23,1.3588427923829722
1995-08-24,1.3711699888553306
1995-08-25,1.368952921868716
1995-08-26,1.368952921868716
1995-08-27,1.368952921868716
1995-08-28,1.3661550503638749
1995-08-29,1.3739380395516607
1995-08-30,1.3774716514538525
1995-08-31,1.3793230188536565
1995-09-01,1.3812740551216331
1995-09-02,1.3812740551216331
1995-09-03,1.3812740551216331
1995-09-04,1.3821180242014344
1995-09-05,1.3851441960630448
1995-09-06,1.382492947957356
1995-09-07,1.3803749577527622
1995-09-08,1.3763143895656054
1995-09-09,1.3763143895656054
1995-09-10,1.3763143895656054
1995-09-11,1.3768798763403178
1995-09-12,1.376870429395701
1995-09-13,1.3829794876300792
1995-09-14,1.3828324285269897
1995-09-15,1.383760234077036
1995-09-16,1.383760234077036
1995-09-17,1.383760234077036
1995-09-18,1.38271278151888
1995-09-19,1.3790367482174593
1995-09-20,1.3739376980389786
1995-09-21,1.3671383776514947
1995-09-22,1.3591778630519682
1995-09-23,1.3591778630519682
1995-09-24,1.3591778630519682
1995-09-25,1.3523834267264603
1995-09-26,1.3530938052735921
1995-09-27,1.342067150818094
1995-09-28,1.3530712865462873
1995-09-29,1.3537008615226045
1995-09-30,1.3537008615226045
1995-10-01,1.3537008615226045
1995-10-02,1.3348846268951529
1995-10-03,1.3248221230655417
1995-10-04,1.326388980257352
1995-10-05,1.3245715404128655
1995-10-06,1.3246907595433184
1995-10-07,1.3246907595433184
1995-10-08,1.3246907595433184
1995-10-09,1.3020746034972661
1995-10-10,1.2868451449781404
1995-10-11,1.2866285994884457
1995-10-12,1.294396812097342
1995-10-13,1.285850766387962
1995-10-14,1.285850766387962
1995-10-15,1.285850766387962
1995-10-16,1.2891392513306617
1995-10-17,1.2888197866320665
1995-10-18,1.3018668851749615
1995-10-19,1.3048105761246391
1995-10-20,1.3063608830256148
1995-10-21,1.3063608830256148
1995-10-22,1.3063608830256148
1995-10-23,1.2838384064954609
1995-10-24,1.2876701383622338
1995-10-25,1.2801286919407047
1995-10-26,1.202689626674592
1995-10-27,1.2319237629454853
1995-10-28,1.2319237629454853
1995-10-29,1.2319237629454853
1995-10-30,1.2564463350918207
1995-10-31,1.230366698423303
1995-11-01,1.196709825805738
1995-11-02,1.1929501392884776
1995-11-03,1.1833591081414958
1995-11-04,1.1833591081414958
1995-11-05,1.1833591081414958
1995-11-06,1.1783368665209422
1995-11-07,1.1694168852740052
1995-11-08,1.1230621052254322
1995-11-09,1.1558852775870239
1995-11-10,1.1560784212525672
1995-11-11,1.1560784212525672
1995-11-12,1.1560784212525672
1995-11-13,1.1239108574440457
1995-11-14,1.119541732305602
1995-11-15,1.1036087674643864
1995-11-16,1.128399723011616
1995-11-17,1.141344281196434
1995-11-18,1.141344281196434
1995-11-19,1.141344281196434
1995-11-20,1.135233828541127
1995-11-21,1.1300934235479783
1995-11-22,1.1415859956844245
1995-11-23,1.1470554022849524
1995-11-24,1.1415535034616209
1995-11-25,1.1415535034616209
1995-11-26,1.1415535034616209
1995-11-27,1.143192044903546
1995-11-28,1.1498283961370814
1995-11-29,1.1733328230759945
1995-11-30,1.1637946604004197
1995-12-01,1.1626427519342537
1995-12-02,1.1626427519342537
1995-12-03,1.1626427519342537
1995-12-04,1.155869216486209
1995-12-05,1.1461977613066356
1995-12-06,1.1465088027018817
1995-12-07,1.139158626221105
1995-12-08,1.1387414656409682
1995-12-09,1.1387414656409682
1995-12-10,1.1387414656409682
1995-12-11,1.1345508356711287
1995-12-12,1.13673092288997
1995-12-13,1.1340840704421848
1995-12-14,1.1299782183312639
1995-12-15,1.1295275802454883
1995-12-16,1.1295275802454883
1995-12-17,1.1295275802454883
1995-12-18,1.1325970959168008
1995-12-19,1.1471677890848524
1995-12-20,1.16253697339658
1995-12-21,1.156399157783602
1995-12-22,1.1560414547992222
1995-12-23,1.1560414547992222
1995-12-24,1.1560414547992222
1995-12-25,1.156304519301058
1995-12-26,1.1546920065396458
1995-12-27,1.149202657354887
1995-12-28,1.1376178047957568
1995-12-29,1.1399532758786868
1995-12-30,1.1399532758786868
1995-12-31,1.1399532758786868
1996-01-01,1.1399532758786868
1996-01-02,1.1173639792267793
1996-01-03,1.1299506607335421
1996-01-04,1.1357262521036493
1996-01-05,1.1226648780737953
1996-01-06,1.1226648780737953
1996-01-07,1.120211835542563
1996-01-08,1.1290651025401017
1996-01-09,1.1343017781076519
1996-01-10,1.1299165919784329
1996-01-11,1.1293567849554376
1996-01-12,1.1307837459265708
1996-01-13,1.1307837459265708
1996-01-14,1.1307837459265708
1996-01-15,1.13012552093685
1996-01-16,1.1320095241306591
1996-01-17,1.138853098264341
1996-01-18,1.1435845348579905
1996-01-19,1.1519379121437998
1996-01-20,1.1519379121437998
1996-01-21,1.1519379121437998
1996-01-22,1.166795939831088
1996-01-23,1.1529056238282858
1996-01-24,1.1569406806103992
1996-01-25,1.1567557185539943
1996-01-26,1.1550427804187176
1996-01-27,1.1550427804187176
1996-01-28,1.1550427804187176
1996-01-29,1.1602302373977789
1996-01-30,1.1608175644400682
1996-01-31,1.163827432784075
1996-02-01,1.1556852719589292
1996-02-02,1.158390132828818
1996-02-03,1.158390132828818
1996-02-04,1.158390132828818
1996-02-05,1.1551135450546854
1996-02-06,1.150173229082902
1996-02-07,1.1485911334583856
1996-02-08,1.1513263429917608
1996-02-09,1.149639864472031
1996-02-10,1.149639864472031
1996-02-11,1.149639864472031
1996-02-12,1.1451001044905682
1996-02-13,1.1398633151158473
1996-02-14,1.146110305658273
1996-02-15,1.1409836638094786
1996-02-16,1.1399354005750986
1996-02-17,1.1399354005750986
1996-02-18,1.1399354005750986
1996-02-19,1.1404287663471653
1996-02-20,1.1416686427888163
1996-02-21,1.143760104132351
1996-02-22,1.1420719727706818
1996-02-23,1.1415324914428047
1996-02-24,1.1415324914428047
1996-02-25,1.1415324914428047
1996-02-26,1.1415701117256887
1996-02-27,1.1416383391804006
1996-02-28,1.1387028623301898
1996-02-29,1.1341486767297644
1996-03-01,1.1402006515383252
1996-03-02,1.1402006515383252
1996-03-03,1.1402006515383252
1996-03-04,1.1422113979244388
1996-03-05,1.1392855056710056
1996-03-06,1.1229455641639476
1996-03-07,1.1251060068230658
1996-03-08,1.1180638592494483
1996-03-09,1.1180638592494483
1996-03-10,1.1180638592494483
1996-03-11,1.1197451273698278
1996-03-12,1.1190416682088444
1996-03-13,1.1226376240661522
1996-03-14,1.123193326765601
1996-03-15,1.1240179277751234
1996-03-16,1.1240179277751234
1996-03-17,1.1240179277751234
1996-03-18,1.1292074154766254
1996-03-19,1.132599228783761
1996-03-20,1.1269271207010465
1996-03-21,1.128268682194578
1996-03-22,1.1279346331446054
1996-03-23,1.1279346331446054
1996-03-24,1.1279346331446054
1996-03-25,1.1273434903804163
1996-03-26,1.1282124695611222
1996-03-27,1.129163381042717
1996-03-28,1.127563744085227
1996-03-29,1.130196857610117
1996-03-30,1.130196857610117
1996-03-31,1.130196857610117
1996-04-01,1.1339650034917634
1996-04-02,1.134513598937067
1996-04-03,1.1309236852203677
1996-04-04,1.1334765562572058
1996-04-05,1.1319507117314753
1996-04-06,1.1319507117314753
1996-04-07,1.1319507117314753
1996-04-08,1.1255267543513172
1996-04-09,1.1335724541882526
1996-04-10,1.1392535660278895
1996-04-11,1.1360764547718325
1996-04-12,1.140034738139277
1996-04-13,1.140034738139277
1996-04-14,1.140034738139277
1996-04-15,1.1466723195650221
1996-04-16,1.1503871394830956
1996-04-17,1.1503949969051879
1996-04-18,1.1502450973899963
1996-04-19,1.1564182218269956
1996-04-20,1.1564182218269956
1996-04-21,1.1564182218269956
1996-04-22,1.158158679069189
1996-04-23,1.155281654574344
1996-04-24,1.1589985991037157
1996-04-25,1.1622657958942693
1996-04-26,1.1560075288992882
1996-04-27,1.1560075288992882
1996-04-28,1.1560075288992882
1996-04-29,1.1498112344862583
1996-04-30,1.1576998610049969
1996-05-01,1.161909358951095
1996-05-02,1.149011753138237
1996-05-03,1.14869787447845
1996-05-04,1.14869787447845
1996-05-05,1.14869787447845
1996-05-06,1.1426559290516882
1996-05-07,1.145465019038009
1996-05-08,1.1492070067339901
1996-05-09,1.149760407120763
1996-05-10,1.1573490834133675
1996-05-11,1.1573490834133675
1996-05-12,1.1573490834133675
1996-05-13,1.1579749748218973
1996-05-14,1.157548114457151
1996-05-15,1.1600161764673687
1996-05-16,1.1604044682876782
1996-05-17,1.1661305573079903
1996-05-18,1.1661305573079903
1996-05-19,1.1661305573079903
1996-05-20,1.1672835596655309
1996-05-21,1.1718487749591717
1996-05-22,1.173518284918482
1996-05-23,1.172886016981077
1996-05-24,1.1725947683249298
1996-05-25,1.1725947683249298
1996-05-26,1.1725947683249298
1996-05-27,1.1759626825934746
1996-05-28,1.176907902696526
1996-05-29,1.1701220436782578
1996-05-30,1.1684844733535222
1996-05-31,1.159139303370545
1996-06-01,1.159139303370545
1996-06-02,1.159139303370545
1996-06-03,1.1633226443328037
1996-06-04,1.1642003356973183
1996-06-05,1.1615647282759543
1996-06-06,1.1588537717552194
1996-06-07,1.1561623243931387
1996-06-08,1.1561623243931387
1996-06-09,1.1561623243931387
1996-06-10,1.1490070271218475
1996-06-11,1.1458083916301465
1996-06-12,1.139327191344544
1996-06-13,1.1430442208379346
1996-06-14,1.1459348269966014
1996-06-15,1.1459348269966014
1996-06-16,1.1459348269966014
1996-06-17,1.147226564013055
1996-06-18,1.1516054684854855
1996-06-19,1.1567090328912022
1996-06-20,1.1490989511913983
1996-06-21,1.1460243401959496
1996-06-22,1.1460243401959496
1996-06-23,1.1460243401959496
1996-06-24,1.1422070471787547
1996-06-25,1.1456825632883005
1996-06-26,1.1456833938053457
1996-06-27,1.1432654455565237
1996-06-28,1.1471845711123279
1996-06-29,1.1471845711123279
1996-06-30,1.1471845711123279
1996-07-01,1.1445516088946075
1996-07-02,1.1480729842654496
1996-07-03,1.146820038320473
1996-07-04,1.1459620371309722
1996-07-05,1.14349195150276
1996-07-06,1.14349195150276
1996-07-07,1.14349195150276
1996-07-08,1.1405692551680577
1996-07-09,1.144897656930427
1996-07-10,1.144667480892668
1996-07-11,1.1412700592408491
1996-07-12,1.1437355045880158
1996-07-13,1.1437355045880158
1996-07-14,1.1437355045880158
1996-07-15,1.1412399025341358
1996-07-16,1.1374422241571012
1996-07-17,1.1416740803542573
1996-07-18,1.1420826980925638
1996-07-19,1.1427393330730098
1996-07-20,1.1427393330730098
1996-07-21,1.1427393330730098
1996-07-22,1.1408934045287402
1996-07-23,1.1456379250640942
1996-07-24,1.1452604688769692
1996-07-25,1.1450847307024703
1996-07-26,1.1452596371346635
1996-07-27,1.1452596371346635
1996-07-28,1.1452596371346635
1996-07-29,1.1473985880931252
1996-07-30,1.1495204516881041
1996-07-31,1.148208693256564
1996-08-01,1.1510300366969437
1996-08-02,1.156170337361665
1996-08-03,1.156170337361665
1996-08-04,1.156170337361665
1996-08-05,1.1581084894105402
1996-08-06,1.1601881544243882
1996-08-07,1.1617647931270716
1996-08-08,1.1622059608992386
1996-08-09,1.1604730081684926
1996-08-10,1.1604730081684926
1996-08-11,1.1604730081684926
1996-08-12,1.163896133831336
1996-08-13,1.1638611204370652
1996-08-14,1.1642415660655296
1996-08-15,1.164890805619537
1996-08-16,1.1664397522898484
1996-08-17,1.1664397522898484
1996-08-18,1.1664397522898484
1996-08-19,1.1684815067507102
1996-08-20,1.168451819007633
1996-08-21,1.166455909434563
1996-08-22,1.1688230214852526
1996-08-23,1.1642032698479903
1996-08-24,1.1642032698479903
1996-08-25,1.1642032698479903
1996-08-26,1.162484528620223
1996-08-27,1.1636006802226375
1996-08-28,1.1636511136651777
1996-08-29,1.1583814102136074
1996-08-30,1.1526375594903184
1996-08-31,1.1526375594903184
1996-09-01,1.1526375594903184
1996-09-02,1.1598060386281903
1996-09-03,1.155237704154142
1996-09-04,1.1551265728181035
1996-09-05,1.1492552887741383
1996-09-06,1.1589962017198276
1996-09-07,1.1589962017198276
1996-09-08,1.1589962017198276
1996-09-09,1.1621367419437867
1996-09-10,1.1618237359983181
1996-09-11,1.1627964366174113
1996-09-12,1.1631469672043633
1996-09-13,1.1684545327481866
1996-09-14,1.1684545327481866
1996-09-15,1.1684545327481866
1996-09-16,1.1697801106931367
1996-09-17,1.1698653916015183
1996-09-18,1.1717823369858478
1996-09-19,1.1672684644476619
1996-09-20,1.1642111764716792
1996-09-21,1.1642111764716792
1996-09-22,1.1642111764716792
1996-09-23,1.164379442474691
1996-09-24,1.1663075160130962
1996-09-25,1.1665341052158074
1996-09-26,1.167917737626114
1996-09-27,1.1662332908174025
1996-09-28,1.1662332908174025
1996-09-29,1.1662332908174025
1996-09-30,1.1677634242527808
1996-10-01,1.1701047204543238
1996-10-02,1.1707319164207957
1996-10-03,1.167224882846017
1996-10-04,1.1687952052303463
1996-10-05,1.1687952052303463
1996-10-06,1.1687952052303463
1996-10-07,1.1700497143707325
1996-10-08,1.166482559060034
1996-10-09,1.1615775877184007
1996-10-10,1.1551964696534964
1996-10-11,1.1469944308357976
1996-10-12,1.1469944308357976
1996-10-13,1.1469944308357976
1996-10-14,1.1380199187422326
1996-10-15,1.140755633576204
1996-10-16,1.1315538550068558
1996-10-17,1.1416674572183523
1996-10-18,1.1407402226437116
1996-10-19,1.1407402226437116
1996-10-20,1.1407402226437116
1996-10-21,1.1403281296801921
1996-10-22,1.1313060356437943
1996-10-23,1.1252178582862158
1996-10-24,1.12201626718537
1996-10-25,1.1167333673834725
1996-10-26,1.1167333673834725
1996-10-27,1.1167333673834725
1996-10-28,1.1178938955721787
1996-10-29,1.1129095856240476
1996-10-30,1.103546531771098
1996-10-31,1.10824784905261
1996-11-01,1.1109262626792489
1996-11-02,1.1109262626792489
1996-11-03,1.1109262626792489
1996-11-04,1.1188093314134266
1996-11-05,1.1165316423799898
1996-11-06,1.1169607530277184
1996-11-07,1.1155506483137922
1996-11-08,1.1166716996809958
1996-11-09,1.1166716996809958
1996-11-10,1.1166716996809958
1996-11-11,1.117388162711303
1996-11-12,1.1164931888551746
1996-11-13,1.1159695221422632
1996-11-14,1.11732243628121
1996-11-15,1.1635003673182747
1996-11-16,1.1635003673182747
1996-11-17,1.1635003673182747
1996-11-18,1.163115570441738
1996-11-19,1.16417884747102
1996-11-20,1.1659318257315974
1996-11-21,1.169498900226123
1996-11-22,1.1695873396679375
1996-11-23,1.1695873396679375
1996-11-24,1.1695873396679375
1996-11-25,1.1708218173153615
1996-11-26,1.1731953191838618
1996-11-27,1.1711976044767336
1996-11-28,1.1722120072558881
1996-11-29,1.1724852128208594
1996-11-30,1.1724852128208594
1996-12-01,1.1724852128208594
1996-12-02,1.175170743187242
1996-12-03,1.1786884486921363
1996-12-04,1.179263512822283
1996-12-05,1.176932994572838
1996-12-06,1.1728995596095342
1996-12-07,1.1728995596095342
1996-12-08,1.1728995596095342
1996-12-09,1.1821987675410943
1996-12-10,1.184910030801776
1996-12-11,1.1776157775222884
1996-12-12,1.1772052652246008
1996-12-13,1.1808796183891577
1996-12-14,1.1808796183891577
1996-12-15,1.1808796183891577
1996-12-16,1.1825115155056685
1996-12-17,1.1854589945838039
1996-12-18,1.1841914525254604
1996-12-19,1.1871591220658801
1996-12-20,1.186982392508234
1996-12-21,1.186982392508234
1996-12-22,1.186982392508234
1996-12-23,1.1882592988436294
1996-12-24,1.188925013769795
1996-12-25,1.189053547190969
1996-12-26,1.1863294090525727
1996-12-27,1.1909298440385396
1996-12-28,1.1909298440385396
1996-12-29,1.1909298440385396
1996-12-30,1.1917235749675272
1996-12-31,1.185888549043961
1997-01-01,1.1858845797828297
1997-01-02,1.1832739972873036
1997-01-03,1.1937289537296158
1997-01-04,1.1937289537296158
1997-01-05,1.1937289537296158
1997-01-06,1.1989890634541098
1997-01-07,1.1996377261308535
1997-01-08,1.2024180448865776
1997-01-09,1.201220816462255
1997-01-10,1.2036293728515959
1997-01-11,1.2036293728515959
1997-01-12,1.2036293728515959
1997-01-13,1.2063483308912517
1997-01-14,1.2119995689099932
1997-01-15,1.2105647686122822
1997-01-16,1.2067406544145314
1997-01-17,1.2163836260516792
1997-01-18,1.2163836260516792
1997-01-19,1.2163836260516792
1997-01-20,1.2197575940384833
1997-01-21,1.2216329462262667
1997-01-22,1.2255068524079773
1997-01-23,1.227182929489015
1997-01-24,1.22357520679143
1997-01-25,1.22357520679143
1997-01-26,1.22357520679143
1997-01-27,1.222451998317411
1997-01-28,1.2260726238251132
1997-01-29,1.2286303952089086
1997-01-30,1.232534177061178
1997-01-31,1.2389301038177616
1997-02-01,1.2389301038177616
1997-02-02,1.2389301038177616
1997-02-03,1.2423778916855208
1997-02-04,1.2449937445697359
1997-02-05,1.245823106572191
1997-02-06,1.2472825669095322
1997-02-07,1.2522451134079622
1997-02-08,1.2522451134079622
1997-02-09,1.2522451134079622
1997-02-10,1.2552662029252262
1997-02-11,1.2565918624438863
1997-02-12,1.2591745903856526
1997-02-13,1.2596863879228897
1997-02-14,1.2626882029010704
1997-02-15,1.2626882029010704
1997-02-16,1.2626882029010704
1997-02-17,1.259625990449954
1997-02-18,1.2596017499846797
1997-02-19,1.263748379300486
1997-02-20,1.260686220246631
1997-02-21,1.2656070889945055
1997-02-22,1.2656070889945055
1997-02-23,1.2656070889945055
1997-02-24,1.2607240981589962
1997-02-25,1.2588867343236907
1997-02-26,1.2542767335524956
1997-02-27,1.2274780702975459
1997-02-28,1.2322281540112898
1997-03-01,1.2322281540112898
1997-03-02,1.2322281540112898
1997-03-03,1.22155913114389
1997-03-04,1.2174102622041525
1997-03-05,1.2172488448253536
1997-03-06,1.2155722623080882
1997-03-07,1.2229791131160912
1997-03-08,1.2229791131160912
1997-03-09,1.2229791131160912
1997-03-10,1.2256384235587503
1997-03-11,1.2226010677449521
1997-03-12,1.2228870126177405
1997-03-13,1.2193168512585315
1997-03-14,1.2246351335432704
1997-03-15,1.2246351335432704
1997-03-16,1.2246351335432704
1997-03-17,1.2251266169168782
1997-03-18,1.230104759984796
1997-03-19,1.2295383472985004
1997-03-20,1.2318466532198096
1997-03-21,1.2332611670724334
1997-03-22,1.2332611670724334
1997-03-23,1.2332611670724334
1997-03-24,1.2384299059317743
1997-03-25,1.2361574787802398
1997-03-26,1.2366913588179
1997-03-27,1.2310508266490061
1997-03-28,1.2318742188170508
1997-03-29,1.2318742188170508
1997-03-30,1.2318742188170508
1997-03-31,1.2324531702513983
1997-04-01,1.2326523743668774
1997-04-02,1.2302002358483797
1997-04-03,1.2259786295772535
1997-04-04,1.230712118834741
1997-04-05,1.230712118834741
1997-04-06,1.230712118834741
1997-04-07,1.2412733769186892
1997-04-08,1.240459633723348
1997-04-09,1.2439056853176949
1997-04-10,1.239690157030632
1997-04-11,1.23791480992228
1997-04-12,1.23791480992228
1997-04-13,1.23791480992228
1997-04-14,1.238818666757159
1997-04-15,1.2421471411302833
1997-04-16,1.244832579768751
1997-04-17,1.2450278067502933
1997-04-18,1.2464826574641412
1997-04-19,1.2464826574641412
1997-04-20,1.2464826574641412
1997-04-21,1.2458766238545051
1997-04-22,1.2484304125243333
1997-04-23,1.2495996699509258
1997-04-24,1.2481740648702
1997-04-25,1.2474346000623642
1997-04-26,1.2474346000623642
1997-04-27,1.2474346000623642
1997-04-28,1.2355045525194557
1997-04-29,1.2411803167167483
1997-04-30,1.2393908847519377
1997-05-01,1.2398506461748164
1997-05-02,1.246376640948434
1997-05-03,1.246376640948434
1997-05-04,1.246376640948434
1997-05-05,1.2480686995299013
1997-05-06,1.248079687619053
1997-05-07,1.2420298784353254
1997-05-08,1.245064703572622
1997-05-09,1.2405849685066517
1997-05-10,1.2405849685066517
1997-05-11,1.2405849685066517
1997-05-12,1.24325510157921
1997-05-13,1.2430590618651447
1997-05-14,1.2438630358704763
1997-05-15,1.2447076445637024
1997-05-16,1.2527859561961148
1997-05-17,1.245100805032799
1997-05-18,1.245100805032799
1997-05-19,1.2557370675018389
1997-05-20,1.2537814229883972
1997-05-21,1.2563557431977599
1997-05-22,1.257548541757586
1997-05-23,1.2615434440898758
1997-05-24,1.2615434440898758
1997-05-25,1.2615434440898758
1997-05-26,1.2553479326230144
1997-05-27,1.261400716731407
1997-05-28,1.2594903153351427
1997-05-29,1.2563959029820357
1997-05-30,1.255020921277472
1997-05-31,1.255020921277472
1997-06-01,1.255020921277472
1997-06-02,1.25767935770724
1997-06-03,1.2587878611222825
1997-06-04,1.2586845752130413
1997-06-05,1.2483153632652648
1997-06-06,1.2493471676055485
1997-06-07,1.2493471676055485
1997-06-08,1.2493471676055485
1997-06-09,1.249215981594539
1997-06-10,1.248780925289888
1997-06-11,1.2514383599857577
1997-06-12,1.253221593112559
1997-06-13,1.2554788385666842
1997-06-14,1.2554788385666842
1997-06-15,1.2554788385666842
1997-06-16,1.2563188522680815
1997-06-17,1.2583283284864673
1997-06-18,1.2620151227995426
1997-06-19,1.256307391446526
1997-06-20,1.2538396617299903
1997-06-21,1.2538396617299903
1997-06-22,1.2538396617299903
1997-06-23,1.25524527197984
1997-06-24,1.257885882531206
1997-06-25,1.253615513621706
1997-06-26,1.2526555370639203
1997-06-27,1.257014558859974
1997-06-28,1.257014558859974
1997-06-29,1.257014558859974
1997-06-30,1.259738959939157
1997-07-01,1.2605507783863483
1997-07-02,1.256856831415202
1997-07-03,1.2566357775710395
1997-07-04,1.2588138104762887
1997-07-05,1.2588138104762887
1997-07-06,1.2588138104762887
1997-07-07,1.2630471381739696
1997-07-08,1.267609914355079
1997-07-09,1.2696014244863452
1997-07-10,1.2727113307894118
1997-07-11,1.277466711801164
1997-07-12,1.277466711801164
1997-07-13,1.277466711801164
1997-07-14,1.2770758534608202
1997-07-15,1.2658085386049853
1997-07-16,1.278911942914996
1997-07-17,1.2753435820104797
1997-07-18,1.2753413751084013
1997-07-19,1.2753413751084013
1997-07-20,1.2753413751084013
1997-07-21,1.2790358989961739
1997-07-22,1.290853025305516
1997-07-23,1.2921580743430363
1997-07-24,1.2957857893659717
1997-07-25,1.3005993879341902
1997-07-26,1.3005993879341902
1997-07-27,1.3005993879341902
1997-07-28,1.3007677311294834
1997-07-29,1.3026570778165354
1997-07-30,1.302750917097125
1997-07-31,1.297087889639151
1997-08-01,1.2975786100773414
1997-08-02,1.2975786100773414
1997-08-03,1.2975786100773414
1997-08-04,1.3024383306391545
1997-08-05,1.3058323336957698
1997-08-06,1.3119582872466489
1997-08-07,1.3039210856942385
1997-08-08,1.3019914950901077
1997-08-09,1.3019914950901077
1997-08-10,1.3019914950901077
1997-08-11,1.3064906082211802
1997-08-12,1.3089028584929276
1997-08-13,1.3096071865218364
1997-08-14,1.3142856533717968
1997-08-15,1.3121153419781644
1997-08-16,1.3121153419781644
1997-08-17,1.3121153419781644
1997-08-18,1.3150902132158626
1997-08-19,1.3159849060280644
1997-08-20,1.3196284333274628
1997-08-21,1.3100216728305927
1997-08-22,1.3130026108404582
1997-08-23,1.3130026108404582
1997-08-24,1.3130026108404582
1997-08-25,1.3131551322012107
1997-08-26,1.309551236416669
1997-08-27,1.314269857552984
1997-08-28,1.31140938481826
1997-08-29,1.3049423527991748
1997-08-30,1.3049423527991748
1997-08-31,1.3049423527991748
1997-09-01,1.308133062191276
1997-09-02,1.3188580101051677
1997-09-03,1.3169676128032541
1997-09-04,1.3116501912956524
1997-09-05,1.3104634122792174
1997-09-06,1.3104634122792174
1997-09-07,1.3104634122792174
1997-09-08,1.3147729505606034
1997-09-09,1.315689578420267
1997-09-10,1.3147770982948892
1997-09-11,1.3123736882688382
1997-09-12,1.3141702721028619
1997-09-13,1.3141702721028619
1997-09-14,1.3141702721028619
1997-09-15,1.3118231042387891
1997-09-16,1.3178302903479766
1997-09-17,1.3192504430053398
1997-09-18,1.318435261314122
1997-09-19,1.323702085574406
1997-09-20,1.323702085574406
1997-09-21,1.323702085574406
1997-09-22,1.3211683208715168
1997-09-23,1.3122960556519658
1997-09-24,1.3102052633265793
1997-09-25,1.3099551181373372
1997-09-26,1.310902359985983
1997-09-27,1.310902359985983
1997-09-28,1.310902359985983
1997-09-29,1.3170784073605373
1997-09-30,1.3198436401382678
1997-10-01,1.3270663028345184
1997-10-02,1.3259182007617136
1997-10-03,1.3234139171291195
1997-10-04,1.3234139171291195
1997-10-05,1.3234139171291195
1997-10-06,1.3275437355470678
1997-10-07,1.32977341901159
1997-10-08,1.3239863246927364
1997-10-09,1.3213977589942258
1997-10-10,1.3230119695689824
1997-10-11,1.3230119695689824
1997-10-12,1.3230119695689824
1997-10-13,1.3268443721643786
1997-10-14,1.3274369857006008
1997-10-15,1.3304343734800534
1997-10-16,1.3259268253248602
1997-10-17,1.331746675704447
1997-10-18,1.331746675704447
1997-10-19,1.331746675704447
1997-10-20,1.3384861879875158
1997-10-21,1.3422998768032668
1997-10-22,1.3411904655365132
1997-10-23,1.3277926432311167
1997-10-24,1.3095871237889647
1997-10-25,1.3095871237889647
1997-10-26,1.3095871237889647
1997-10-27,1.1990320321588928
1997-10-28,1.2629598066798302
1997-10-29,1.2329187262045522
1997-10-30,1.2136242625794393
1997-10-31,1.2307012087185767
1997-11-01,1.2307012087185767
1997-11-02,1.2307012087185767
1997-11-03,1.2554823734565064
1997-11-04,1.262796059092047
1997-11-05,1.2556274494532502
1997-11-06,1.2480652572848498
1997-11-07,1.2396120027430555
1997-11-08,1.2396120027430555
1997-11-09,1.2396120027430555
1997-11-10,1.2409539107032708
1997-11-11,1.2420798604108763
1997-11-12,1.2316956135426
1997-11-13,1.2414082026222706
1997-11-14,1.2455273748656044
1997-11-15,1.2455273748656044
1997-11-16,1.2455273748656044
1997-11-17,1.255946314474463
1997-11-18,1.2536308026458147
1997-11-19,1.2584724409892287
1997-11-20,1.2628255955786383
1997-11-21,1.265738241876227
1997-11-22,1.265738241876227
1997-11-23,1.265738241876227
1997-11-24,1.262939898033985
1997-11-25,1.2687265826897554
1997-11-26,1.2718889709048773
1997-11-27,1.2744755940307653
1997-11-28,1.270789237104622
1997-11-29,1.270789237104622
1997-11-30,1.270789237104622
1997-12-01,1.2844511894538835
1997-12-02,1.29053872635239
1997-12-03,1.2899679151574845
1997-12-04,1.2919005494786844
1997-12-05,1.2936822280118585
1997-12-06,1.2936822280118585
1997-12-07,1.2936822280118585
1997-12-08,1.298114730424164
1997-12-09,1.298300182207274
1997-12-10,1.2948178065680855
1997-12-11,1.2856662714094675
1997-12-12,1.291924290260638
1997-12-13,1.291924290260638
1997-12-14,1.291924290260638
1997-12-15,1.309619727611043
1997-12-16,1.3104053093962795
1997-12-17,1.3123722479343354
1997-12-18,1.309313570023683
1997-12-19,1.303197774889711
1997-12-20,1.303197774889711
1997-12-21,1.303197774889711
1997-12-22,1.3068634474063985
1997-12-23,1.2937159699363545
1997-12-24,1.3008303639932566
1997-12-25,1.3010259339850128
1997-12-26,1.3027635730941347
1997-12-27,1.3027635730941347
1997-12-28,1.3027635730941347
1997-12-29,1.3172664909615854
1997-12-30,1.31780013424405
1997-12-31,1.3171725430108516
1998-01-01,1.3171662812370448
1998-01-02,1.2822193934240675
1998-01-03,1.2822193934240675
1998-01-04,1.2822193934240675
1998-01-05,1.2913314814931602
1998-01-06,1.2942500183032575
1998-01-07,1.294779024400029
1998-01-08,1.2963477340408713
1998-01-09,1.2632252452260986
1998-01-10,1.2632252452260986
1998-01-11,1.2632252452260986
1998-01-12,1.2679208630951555
1998-01-13,1.2772625833674924
1998-01-14,1.269861081661156
1998-01-15,1.2621469804747225
1998-01-16,1.2732645401112366
1998-01-17,1.2732645401112366
1998-01-18,1.2732645401112366
1998-01-19,1.2778060144170136
1998-01-20,1.2821016489593402
1998-01-21,1.2702162875128635
1998-01-22,1.2696249766447598
1998-01-23,1.2680745864831486
1998-01-24,1.2680745864831486
1998-01-25,1.2680745864831486
1998-01-26,1.269067590973091
1998-01-27,1.2602737392269867
1998-01-28,1.2520096318314062
1998-01-29,1.2381755683284532
1998-01-30,1.2417457767647904
1998-01-31,1.2417457767647904
1998-02-01,1.2417457767647904
1998-02-02,1.245950231527017
1998-02-03,1.2477290485481596
1998-02-04,1.2410957313926045
1998-02-05,1.240270080385393
1998-02-06,1.2390080451582681
1998-02-07,1.2390080451582681
1998-02-08,1.2390080451582681
1998-02-09,1.233045578924906
1998-02-10,1.2320029758986843
1998-02-11,1.23458070073468
1998-02-12,1.233341616847896
1998-02-13,1.2356445252520645
1998-02-14,1.2356445252520645
1998-02-15,1.2356445252520645
1998-02-16,1.2373353862303453
1998-02-17,1.2379680506750899
1998-02-18,1.2280158524061298
1998-02-19,1.223330037220655
1998-02-20,1.218190230258209
1998-02-21,1.218190230258209
1998-02-22,1.218190230258209
1998-02-23,1.2130094523826591
1998-02-24,1.2188340792999832
1998-02-25,1.2209004785146629
1998-02-26,1.221027944512044
1998-02-27,1.2256786552324765
1998-02-28,1.2256786552324765
1998-03-01,1.2256786552324765
1998-03-02,1.2254849263036527
1998-03-03,1.2225483159222421
1998-03-04,1.2182269374396533
1998-03-05,1.2169385981551784
1998-03-06,1.2232849566150346
1998-03-07,1.2232849566150346
1998-03-08,1.2232849566150346
1998-03-09,1.2166966405708857
1998-03-10,1.2151382963796953
1998-03-11,1.2269430431641755
1998-03-12,1.2258669158044164
1998-03-13,1.2168785699855127
1998-03-14,1.2168785699855127
1998-03-15,1.2168785699855127
1998-03-16,1.2197920245850258
1998-03-17,1.2233578572044048
1998-03-18,1.2264461188380804
1998-03-19,1.2270887110300284
1998-03-20,1.22672327379042
1998-03-21,1.22672327379042
1998-03-22,1.22672327379042
1998-03-23,1.228488643732324
1998-03-24,1.227384475271702
1998-03-25,1.2274286592939405
1998-03-26,1.2287476027586801
1998-03-27,1.2289386471676083
1998-03-28,1.2289386471676083
1998-03-29,1.2289386471676083
1998-03-30,1.2324226413310944
1998-03-31,1.2339945377721453
1998-04-01,1.2372799463249748
1998-04-02,1.2374933796710144
1998-04-03,1.2327718811528887
1998-04-04,1.2327718811528887
1998-04-05,1.2327718811528887
1998-04-06,1.2358423691165905
1998-04-07,1.2334595148596514
1998-04-08,1.2343603505328817
1998-04-09,1.237455098319759
1998-04-10,1.2360764758204565
1998-04-11,1.2360764758204565
1998-04-12,1.2360764758204565
1998-04-13,1.2354489481560207
1998-04-14,1.2379811728027135
1998-04-15,1.2369273786661208
1998-04-16,1.2347279782674534
1998-04-17,1.2382827767793967
1998-04-18,1.2382827767793967
1998-04-19,1.2382827767793967
1998-04-20,1.2398343101679397
1998-04-21,1.238149982407201
1998-04-22,1.2363084276257286
1998-04-23,1.236689325188837
1998-04-24,1.2365686083512215
1998-04-25,1.2365686083512215
1998-04-26,1.2365686083512215
1998-04-27,1.2326874430874373
1998-04-28,1.2367135493600592
1998-04-29,1.2337565970754576
1998-04-30,1.2368714488652472
1998-05-01,1.2360598966414171
1998-05-02,1.2360598966414171
1998-05-03,1.2360598966414171
1998-05-04,1.2401710481448378
1998-05-05,1.2382977272827957
1998-05-06,1.2382212082155195
1998-05-07,1.2397001500266918
1998-05-08,1.243218795928848
1998-05-09,1.243218795928848
1998-05-10,1.243218795928848
1998-05-11,1.24378062027937
1998-05-12,1.2406400911655835
1998-05-13,1.2425038976335383
1998-05-14,1.2421957256842553
1998-05-15,1.2437969316308943
1998-05-16,1.2437969316308943
1998-05-17,1.2437969316308943
1998-05-18,1.2300627646979911
1998-05-19,1.2364955244567384
1998-05-20,1.229346185697063
1998-05-21,1.2256087868565027
1998-05-22,1.2294971359563605
1998-05-23,1.2294971359563605
1998-05-24,1.2294971359563605
1998-05-25,1.2246688134253603
1998-05-26,1.2035135432511652
1998-05-27,1.212503948308393
1998-05-28,1.2052749281011021
1998-05-29,1.2055084873597033
1998-05-30,1.2055084873597033
1998-05-31,1.2055084873597033
1998-06-01,1.1960279659010322
1998-06-02,1.207931716238066
1998-06-03,1.21028787062773
1998-06-04,1.2198814766349493
1998-06-05,1.2166001064717484
1998-06-06,1.2166001064717484
1998-06-07,1.2166001064717484
1998-06-08,1.210676540125288
1998-06-09,1.20913193835524
1998-06-10,1.2043561018831788
1998-06-11,1.1877654472166226
1998-06-12,1.2017067402723232
1998-06-13,1.2017067402723232
1998-06-14,1.2017067402723232
1998-06-15,1.1917469565463525
1998-06-16,1.203099012004467
1998-06-17,1.2117604212945312
1998-06-18,1.2014943544298733
1998-06-19,1.2033198559106781
1998-06-20,1.2033198559106781
1998-06-21,1.2033198559106781
1998-06-22,1.2071083982386226
1998-06-23,1.204545021895375
1998-06-24,1.202326116447522
1998-06-25,1.1983785695316067
1998-06-26,1.1976941890835349
1998-06-27,1.1976941890835349
1998-06-28,1.1976941890835349
1998-06-29,1.1970071963365876
1998-06-30,1.200867202191712
1998-07-01,1.2054250268022995
1998-07-02,1.2056904183108046
1998-07-03,1.208517197188926
1998-07-04,1.208517197188926
1998-07-05,1.208517197188926
1998-07-06,1.2031416615587118
1998-07-07,1.2069824425545634
1998-07-08,1.2105053700517303
1998-07-09,1.2085937288939257
1998-07-10,1.2099925265693634
1998-07-11,1.2099925265693634
1998-07-12,1.2099925265693634
1998-07-13,1.2128557103458344
1998-07-14,1.2171078479987485
1998-07-15,1.2159341740849008
1998-07-16,1.2170886045208098
1998-07-17,1.219918840616266
1998-07-18,1.219918840616266
1998-07-19,1.219918840616266
1998-07-20,1.2240947906484347
1998-07-21,1.216085508935696
1998-07-22,1.2180563007091052
1998-07-23,1.211841643451969
1998-07-24,1.21666531299511
1998-07-25,1.21666531299511
1998-07-26,1.21666531299511
1998-07-27,1.2146388300978344
1998-07-28,1.2074354239389378
1998-07-29,1.2070883948824385
1998-07-30,1.2065752067143267
1998-07-31,1.20610116199836
1998-08-01,1.20610116199836
1998-08-02,1.20610116199836
1998-08-03,1.2035102344444468
1998-08-04,1.1963595468381216
1998-08-05,1.199753496011618
1998-08-06,1.2014019438229455
1998-08-07,1.1917006018507073
1998-08-08,1.1917006018507073
1998-08-09,1.1917006018507073
1998-08-10,1.185523039194195
1998-08-11,1.1790693417692941
1998-08-12,1.1760952507936375
1998-08-13,1.176951342383532
1998-08-14,1.1767381434134099
1998-08-15,1.1767381434134099
1998-08-16,1.1767381434134099
1998-08-17,1.1748444855502755
1998-08-18,1.1794632269252254
1998-08-19,1.1755155770395147
1998-08-20,1.1554101487917896
1998-08-21,1.1278866656431474
1998-08-22,1.1278866656431474
1998-08-23,1.1278866656431474
1998-08-24,1.1254111995648164
1998-08-25,1.1331111382423342
1998-08-26,1.1219150727122638
1998-08-27,1.1026780661059028
1998-08-28,1.0977455326407035
1998-08-29,1.0977455326407035
1998-08-30,1.0977455326407035
1998-08-31,1.0805451494437197
1998-09-01,1.1010965768183245
1998-09-02,1.0967875862704834
1998-09-03,1.0762675094434953
1998-09-04,1.0753669803898869
1998-09-05,1.0753669803898869
1998-09-06,1.0753669803898869
1998-09-07,1.0734512790079578
1998-09-08,1.070762296777035
1998-09-09,1.0584317401209746
1998-09-10,1.028074185685092
1998-09-11,1.0447798308307163
1998-09-12,1.0447798308307163
1998-09-13,1.0447798308307163
1998-09-14,1.0423226475300662
1998-09-15,1.0696011887983017
1998-09-16,1.0790012979717691
1998-09-17,1.0657220665848561
1998-09-18,1.0763387879383313
1998-09-19,1.0763387879383313
1998-09-20,1.0763387879383313
1998-09-21,1.0802885312217243
1998-09-22,1.0671651276867296
1998-09-23,1.086721958727135
1998-09-24,1.0717590676779658
1998-09-25,1.0771780349491364
1998-09-26,1.0771780349491364
1998-09-27,1.0771780349491364
1998-09-28,1.0735074322813767
1998-09-29,1.07375805207241
1998-09-30,1.0610187810805012
1998-10-01,1.0511543545308009
1998-10-02,1.0708569611080658
1998-10-03,1.0708569611080658
1998-10-04,1.0708569611080658
1998-10-05,1.0677591654543461
1998-10-06,1.066481091624471
1998-10-07,1.050940395574978
1998-10-08,1.0543508712922995
1998-10-09,1.0627567163572593
1998-10-10,1.0627567163572593
1998-10-11,1.0627567163572593
1998-10-12,1.063143551611481
1998-10-13,1.0597848056128722
1998-10-14,1.0633256407388412
1998-10-15,1.0810085610927507
1998-10-16,1.073327119942625
1998-10-17,1.073327119942625
1998-10-18,1.073327119942625
1998-10-19,1.0736522988657216
1998-10-20,1.075585010213998
1998-10-21,1.0788022840100744
1998-10-22,1.0819836938589504
1998-10-23,1.0770954353116178
1998-10-24,1.0770954353116178
1998-10-25,1.0770954353116178
1998-10-26,1.0789578353383538
1998-10-27,1.0698626963799307
1998-10-28,1.066336577157037
1998-10-29,1.0624679171496598
1998-10-30,1.0788545495146566
1998-10-31,1.0788545495146566
1998-11-01,1.0788545495146566
1998-11-02,1.0875042459563586
1998-11-03,1.0919673304955386
1998-11-04,1.0963639198334396
1998-11-05,1.0947585583673014
1998-11-06,1.1159042661719505
1998-11-07,1.1159042661719505
1998-11-08,1.1159042661719505
1998-11-09,1.1165371846222887
1998-11-10,1.1114261531943779
1998-11-11,1.1126193298174805
1998-11-12,1.1141524176951623
1998-11-13,1.1164578522860271
1998-11-14,1.1164578522860271
1998-11-15,1.1164578522860271
1998-11-16,1.1201665463958126
1998-11-17,1.1263500821777692
1998-11-18,1.1237876606549917
1998-11-19,1.1249682394985316
1998-11-20,1.1291279768473534
1998-11-21,1.1291279768473534
1998-11-22,1.1291279768473534
1998-11-23,1.1348901827663522
1998-11-24,1.1310392829495814
1998-11-25,1.1296089209750075
1998-11-26,1.1287318212484503
1998-11-27,1.1259236663491132
1998-11-28,1.1259236663491132
1998-11-29,1.1259236663491132
1998-11-30,1.1217117806565806
1998-12-01,1.1234615692049743
1998-12-02,1.125803007126884
1998-12-03,1.1155251973370737
1998-12-04,1.1219401654536716
1998-12-05,1.1219401654536716
1998-12-06,1.1219401654536716
1998-12-07,1.1261587165450546
1998-12-08,1.1291864504286162
1998-12-09,1.1270475584854807
1998-12-10,1.1279359357577592
1998-12-11,1.1296010361562687
1998-12-12,1.1296010361562687
1998-12-13,1.1296010361562687
1998-12-14,1.1261821232295204
1998-12-15,1.1346257137439888
1998-12-16,1.1475896088411273
1998-12-17,1.1426444395946276
1998-12-18,1.1471398938521882
1998-12-19,1.1471398938521882
1998-12-20,1.1471398938521882
1998-12-21,1.1465818335018276
1998-12-22,1.147991302368232
1998-12-23,1.140685374587831
1998-12-24,1.1384176126722978
1998-12-25,1.1387430976961357
1998-12-26,1.1387430976961357
1998-12-27,1.1387430976961357
1998-12-28,1.1428533480413299
1998-12-29,1.1393917432828413
1998-12-30,1.1349581821472823
1998-12-31,1.137616125038129
1999-01-01,1.1376168823512343
1999-01-02,1.1376168823512343
1999-01-03,1.1376168823512343
1999-01-04,1.1445365038801243
1999-01-05,1.1498859632843987
1999-01-06,1.1477690607973687
1999-01-07,1.147665948439634
1999-01-08,1.1471716744748246
1999-01-09,1.1471716744748246
1999-01-10,1.1471716744748246
1999-01-11,1.1391069554792963
1999-01-12,1.111099050327891
1999-01-13,1.0791156549390226
1999-01-14,1.0552859740025449
1999-01-15,1.1128668551971121
1999-01-16,1.1128668551971121
1999-01-17,1.1128668551971121
1999-01-18,1.1144865988135861
1999-01-19,1.1172320944598724
1999-01-20,1.1160996076683187
1999-01-21,1.118846388368899
1999-01-22,1.1172019519806513
1999-01-23,1.1172019519806513
1999-01-24,1.1172019519806513
1999-01-25,1.1150897514923042
1999-01-26,1.1252389783197239
1999-01-27,1.1201532356287076
1999-01-28,1.1246532088238659
1999-01-29,1.149735241610915
1999-01-30,1.149735241610915
1999-01-31,1.149735241610915
1999-02-01,1.1570019701947303
1999-02-02,1.1629270332274884
1999-02-03,1.153959065153436
1999-02-04,1.15679578731498
1999-02-05,1.1597379067381768
1999-02-06,1.1597379067381768
1999-02-07,1.1597379067381768
1999-02-08,1.1600556765252479
1999-02-09,1.1600815252560426
1999-02-10,1.1702044262855984
1999-02-11,1.1709745257888844
1999-02-12,1.177219248345536
1999-02-13,1.177219248345536
1999-02-14,1.177219248345536
1999-02-15,1.1808260409933828
1999-02-16,1.1837511955815423
1999-02-17,1.2052721398288002
1999-02-18,1.2047609704992135
1999-02-19,1.2058428735633537
1999-02-20,1.2058428735633537
1999-02-21,1.2058428735633537
1999-02-22,1.2078819116080655
1999-02-23,1.204516344912118
1999-02-24,1.2088714969319463
1999-02-25,1.2055953622844044
1999-02-26,1.2146586828977513
1999-02-27,1.2146586828977513
1999-02-28,1.2146586828977513
1999-03-01,1.2155184116545035
1999-03-02,1.2135079737808625
1999-03-03,1.2139773468900688
1999-03-04,1.2204943809781024
1999-03-05,1.2247410948309405
1999-03-06,1.2247410948309405
1999-03-07,1.2247410948309405
1999-03-08,1.2322210955508965
1999-03-09,1.2308506279450158
1999-03-10,1.2340085730658075
1999-03-11,1.2363638650585234
1999-03-12,1.2420504132702508
1999-03-13,1.2420504132702508
1999-03-14,1.2420504132702508
1999-03-15,1.2471597241647174
1999-03-16,1.2457984889392335
1999-03-17,1.2507781686071888
1999-03-18,1.249778752501893
1999-03-19,1.2481038470144357
1999-03-20,1.2481038470144357
1999-03-21,1.2481038470144357
1999-03-22,1.2511843590641516
1999-03-23,1.252465020891888
1999-03-24,1.2553402251168817
1999-03-25,1.2604637923937398
1999-03-26,1.2679882076131666
1999-03-27,1.2679882076131666
1999-03-28,1.2679882076131666
1999-03-29,1.2759841650279904
1999-03-30,1.2749117728223895
1999-03-31,1.274394699374729
1999-04-01,1.2756388401576837
1999-04-02,1.278844132318394
1999-04-03,1.278844132318394
1999-04-04,1.278844132318394
1999-04-05,1.2872162134164755
1999-04-06,1.2798175883940153
1999-04-07,1.290518170963258
1999-04-08,1.2848239786181106
1999-04-09,1.2802072617015734
1999-04-10,1.2802072617015734
1999-04-11,1.2802072617015734
1999-04-12,1.277971550273129
1999-04-13,1.2801200269749284
1999-04-14,1.2735551205108597
1999-04-15,1.2754073818460625
1999-04-16,1.2821793787732392
1999-04-17,1.2821793787732392
1999-04-18,1.2821793787732392
1999-04-19,1.2978858571348242
1999-04-20,1.3002007393711632
1999-04-21,1.3033689442250267
1999-04-22,1.307182133080361
1999-04-23,1.3111924656808915
1999-04-24,1.3111924656808915
1999-04-25,1.3111924656808915
1999-04-26,1.3046913955271113
1999-04-27,1.3078157781050055
1999-04-28,1.3161768522535706
1999-04-29,1.312268378926455
1999-04-30,1.3128236303118945
1999-05-01,1.3128236303118945
1999-05-02,1.3128236303118945
1999-05-03,1.3164997644110246
1999-05-04,1.3128649864360027
1999-05-05,1.3121974848734363
1999-05-06,1.2994991276138426
1999-05-07,1.3088176680121275
1999-05-08,1.3088176680121275
1999-05-09,1.3088176680121275
1999-05-10,1.3112618325648573
1999-05-11,1.3138028157796362
1999-05-12,1.3132548046693049
1999-05-13,1.3187757389543218
1999-05-14,1.3078705299709263
1999-05-15,1.3078705299709263
1999-05-16,1.3078705299709263
1999-05-17,1.3135709026757585
1999-05-18,1.3178368331273438
1999-05-19,1.3141978510766403
1999-05-20,1.3152367885705225
1999-05-21,1.3062545451753744
1999-05-22,1.3062545451753744
1999-05-23,1.3062545451753744
1999-05-24,1.2984758450906617
1999-05-25,1.2684618202669373
1999-05-26,1.283242655638796
1999-05-27,1.2594422154216172
1999-05-28,1.2736007025722809
1999-05-29,1.2736007025722809
1999-05-30,1.2736007025722809
1999-05-31,1.270327487220283
1999-06-01,1.266750045611173
1999-06-02,1.270739714493134
1999-06-03,1.2775337632287587
1999-06-04,1.292802492329689
1999-06-05,1.292802492329689
1999-06-06,1.292802492329689
1999-06-07,1.305146554529532
1999-06-08,1.2928084611709234
1999-06-09,1.2899423776201582
1999-06-10,1.2848988379063877
1999-06-11,1.2842008555223157
1999-06-12,1.2842008555223157
1999-06-13,1.2842008555223157
1999-06-14,1.2885355600135773
1999-06-15,1.29013781152703
1999-06-16,1.3102436439136738
1999-06-17,1.3168196825162688
1999-06-18,1.314822022968787
1999-06-19,1.314822022968787
1999-06-20,1.314822022968787
1999-06-21,1.3159398285840604
1999-06-22,1.3207249825969574
1999-06-23,1.3136236568708746
1999-06-24,1.3016989376550936
1999-06-25,1.292748118124019
1999-06-26,1.292748118124019
1999-06-27,1.292748118124019
1999-06-28,1.3050882290461314
1999-06-29,1.3099964591445754
1999-06-30,1.3160446785896314
1999-07-01,1.318009806900312
1999-07-02,1.3219070385771905
1999-07-03,1.3219070385771905
1999-07-04,1.3219070385771905
1999-07-05,1.32116571537642
1999-07-06,1.3214148011794522
1999-07-07,1.3379017424416988
1999-07-08,1.3230440916313153
1999-07-09,1.3227419618850456
1999-07-10,1.3227419618850456
1999-07-11,1.3227419618850456
1999-07-12,1.3139361496645987
1999-07-13,1.3224284896781051
1999-07-14,1.3288995740901737
1999-07-15,1.3248427764970985
1999-07-16,1.3303596962595678
1999-07-17,1.3303596962595678
1999-07-18,1.3303596962595678
1999-07-19,1.2831079018683276
1999-07-20,1.2697909262407276
1999-07-21,1.273028803573134
1999-07-22,1.2685904722888237
1999-07-23,1.2610552634271752
1999-07-24,1.2610552634271752
1999-07-25,1.2610552634271752
1999-07-26,1.261336507771034
1999-07-27,1.2653151682561772
1999-07-28,1.2645123829451816
1999-07-29,1.2562347641219396
1999-07-30,1.2590358846010887
1999-07-31,1.2590358846010887
1999-08-01,1.2590358846010887
1999-08-02,1.2550043774071613
1999-08-03,1.2556035898215414
1999-08-04,1.2533573627109433
1999-08-05,1.2469252196882061
1999-08-06,1.2514531848460486
1999-08-07,1.2514531848460486
1999-08-08,1.2514531848460486
1999-08-09,1.2529865539305751
1999-08-10,1.2554955497967324
1999-08-11,1.2646286808332858
1999-08-12,1.2655638885185274
1999-08-13,1.27357113145255
1999-08-14,1.27357113145255
1999-08-15,1.27357113145255
1999-08-16,1.2769744219692845
1999-08-17,1.2811136183686374
1999-08-18,1.2719402511568778
1999-08-19,1.2703324538156113
1999-08-20,1.2733860394006034
1999-08-21,1.2733860394006034
1999-08-22,1.2733860394006034
1999-08-23,1.2782641261073961
1999-08-24,1.2821077186481473
1999-08-25,1.279514084020122
1999-08-26,1.2763727937168914
1999-08-27,1.2756119315841448
1999-08-28,1.2756119315841448
1999-08-29,1.2756119315841448
1999-08-30,1.2724359693811031
1999-08-31,1.277178928216256
1999-09-01,1.2793808928716581
1999-09-02,1.2737864914464947
1999-09-03,1.277058130427176
1999-09-04,1.277058130427176
1999-09-05,1.277058130427176
1999-09-06,1.2805462124170373
1999-09-07,1.2767953415105653
1999-09-08,1.2790841554711478
1999-09-09,1.278806526827387
1999-09-10,1.2850765575246643
1999-09-11,1.2850765575246643
1999-09-12,1.2850765575246643
1999-09-13,1.2842760284937935
1999-09-14,1.283256457721828
1999-09-15,1.284231797064775
1999-09-16,1.2781255629380133
1999-09-17,1.2827364513752075
1999-09-18,1.2827364513752075
1999-09-19,1.2827364513752075
1999-09-20,1.2897954412523607
1999-09-21,1.2861127692055558
1999-09-22,1.2902993277347559
1999-09-23,1.2817085612697523
1999-09-24,1.2850232214911108
1999-09-25,1.2850232214911108
1999-09-26,1.2850232214911108
1999-09-27,1.2845597235948318
1999-09-28,1.2812203115413463
1999-09-29,1.2786791673417983
1999-09-30,1.276889163069328
1999-10-01,1.2728393906350348
1999-10-02,1.2728393906350348
1999-10-03,1.2728393906350348
1999-10-04,1.2607492674652516
1999-10-05,1.261478089718829
1999-10-06,1.2676674941186483
1999-10-07,1.2611145393765235
1999-10-08,1.2659779923340746
1999-10-09,1.2659779923340746
1999-10-10,1.2659779923340746
1999-10-11,1.266771061634467
1999-10-12,1.2621603573887865
1999-10-13,1.2487848139237474
1999-10-14,1.2422482932713212
1999-10-15,1.2304735273883565
1999-10-16,1.2304735273883565
1999-10-17,1.2304735273883565
1999-10-18,1.2321776696784386
1999-10-19,1.2389747125926784
1999-10-20,1.2454320855312033
1999-10-21,1.2399630053569821
1999-10-22,1.2439873037930127
1999-10-23,1.2439873037930127
1999-10-24,1.2439873037930127
1999-10-25,1.240613098601042
1999-10-26,1.2429414385931035
1999-10-27,1.2447818337842782
1999-10-28,1.2431341521318093
1999-10-29,1.2509628413998937
1999-10-30,1.2509628413998937
1999-10-31,1.2509628413998937
1999-11-01,1.2481583733192068
1999-11-02,1.2539562724212387
1999-11-03,1.2677485543832856
1999-11-04,1.2746438243138558
1999-11-05,1.2674750676722402
1999-11-06,1.2674750676722402
1999-11-07,1.2674750676722402
1999-11-08,1.2817649381503748
1999-11-09,1.281881669904596
1999-11-10,1.2865275490835661
1999-11-11,1.2874066914598754
1999-11-12,1.2883770626327176
1999-11-13,1.2883770626327176
1999-11-14,1.2883770626327176
1999-11-15,1.2877687754847176
1999-11-16,1.2947465807548713
1999-11-17,1.2957191229485987
1999-11-18,1.2954371322356366
1999-11-19,1.298775065187629
1999-11-20,1.298775065187629
1999-11-21,1.298775065187629
1999-11-22,1.2952010176391275
1999-11-23,1.296188654202754
1999-11-24,1.3020221642657168
1999-11-25,1.2982879411257917
1999-11-26,1.2937533639887684
1999-11-27,1.2937533639887684
1999-11-28,1.2937533639887684
1999-11-29,1.285897147827073
1999-11-30,1.2855388322144217
1999-12-01,1.2776055871829837
1999-12-02,1.2697709601145521
1999-12-03,1.2864663953733688
1999-12-04,1.2864663953733688
1999-12-05,1.2864663953733688
1999-12-06,1.278334663619212
1999-12-07,1.2801258806944078
1999-12-08,1.2768473918902437
1999-12-09,1.282122678208579
1999-12-10,1.2893020871619478
1999-12-11,1.2893020871619478
1999-12-12,1.2893020871619478
1999-12-13,1.2883172465755213
1999-12-14,1.29010761315204
1999-12-15,1.2979505494703332
1999-12-16,1.2938222709429554
1999-12-17,1.2971532653260394
1999-12-18,1.2971532653260394
1999-12-19,1.2971532653260394
1999-12-20,1.2990219568718016
1999-12-21,1.300799938706445
1999-12-22,1.2975379224102093
1999-12-23,1.288344511139489
1999-12-24,1.2858102576043942
1999-12-25,1.2858102576043942
1999-12-26,1.2858102576043942
1999-12-27,1.2705190565894364
1999-12-28,1.2816693687044731
1999-12-29,1.2854135763168395
1999-12-30,1.2774584670264895
1999-12-31,1.2761383509287227
2000-01-01,1.2761383509287227
2000-01-02,1.2761383509287227
2000-01-03,1.2866202068655106
2000-01-04,1.2643561825181697
2000-01-05,1.2699907195940814
2000-01-06,1.2640269800216788
2000-01-07,1.2785476819409
2000-01-08,1.2785476819409
2000-01-09,1.2785476819409
2000-01-10,1.2797665590429217
2000-01-11,1.2716016831281558
2000-01-12,1.27045191808219
2000-01-13,1.278283003669797
2000-01-14,1.2890465802986626
2000-01-15,1.2890465802986626
2000-01-16,1.2890465802986626
2000-01-17,1.28835528392409
2000-01-18,1.2910420953394266
2000-01-19,1.2896512403522216
2000-01-20,1.2865738035439893
2000-01-21,1.2864505193080935
2000-01-22,1.2864505193080935
2000-01-23,1.2864505193080935
2000-01-24,1.278945249221534
2000-01-25,1.2797752251910146
2000-01-26,1.2826002178411189
2000-01-27,1.2820593116563404
2000-01-28,1.2786576747553517
2000-01-29,1.2786576747553517
2000-01-30,1.2786576747553517
2000-01-31,1.2812878202362845
2000-02-01,1.281193937738891
2000-02-02,1.287824315523451
2000-02-03,1.29263808716112
2000-02-04,1.2992242517381793
2000-02-05,1.2992242517381793
2000-02-06,1.2992242517381793
2000-02-07,1.3027029186766024
2000-02-08,1.3053438767184322
2000-02-09,1.301094112049802
2000-02-10,1.3043516056004256
2000-02-11,1.3034598998332803
2000-02-12,1.3034598998332803
2000-02-13,1.3034598998332803
2000-02-14,1.3087872016681534
2000-02-15,1.3117930857319557
2000-02-16,1.3132581367045442
2000-02-17,1.3124500140321977
2000-02-18,1.308485409228834
2000-02-19,1.308485409228834
2000-02-20,1.308485409228834
2000-02-21,1.307463392181043
2000-02-22,1.3036018231383386
2000-02-23,1.3116257993230636
2000-02-24,1.3118040826045105
2000-02-25,1.3145068947359235
2000-02-26,1.3145068947359235
2000-02-27,1.3145068947359235
2000-02-28,1.3142823763622467
2000-02-29,1.31805105263883
2000-03-01,1.3207601038270642
2000-03-02,1.3252335319944695
2000-03-03,1.3266195132496197
2000-03-04,1.3266195132496197
2000-03-05,1.3266195132496197
2000-03-06,1.324564401241671
2000-03-07,1.3335080037856122
2000-03-08,1.3365257918707314
2000-03-09,1.3315277894436144
2000-03-10,1.3260511210177581
2000-03-11,1.3260511210177581
2000-03-12,1.3260511210177581
2000-03-13,1.3255444990042209
2000-03-14,1.3253957028473549
2000-03-15,1.327223258818168
2000-03-16,1.3246594066356827
2000-03-17,1.3307181250147995
2000-03-18,1.3307181250147995
2000-03-19,1.3307181250147995
2000-03-20,1.3288769451143752
2000-03-21,1.3339995796292796
2000-03-22,1.3428599648320547
2000-03-23,1.3443072941149004
2000-03-24,1.341887934729132
2000-03-25,1.341887934729132
2000-03-26,1.341887934729132
2000-03-27,1.343470999537286
2000-03-28,1.3427675259643186
2000-03-29,1.3403912454640303
2000-03-30,1.3328219861175357
2000-03-31,1.3395280544117918
2000-04-01,1.3395280544117918
2000-04-02,1.3395280544117918
2000-04-03,1.3338872141917268
2000-04-04,1.329475518604339
2000-04-05,1.3213976483672119
2000-04-06,1.3279440335252162
2000-04-07,1.3375320996560807
2000-04-08,1.3375320996560807
2000-04-09,1.3375320996560807
2000-04-10,1.3298371831256686
2000-04-11,1.3263430434995287
2000-04-12,1.318146508671324
2000-04-13,1.319688671537961
2000-04-14,1.308063688223809
2000-04-15,1.308063688223809
2000-04-16,1.308063688223809
2000-04-17,1.3240760009961487
2000-04-18,1.3315501342816478
2000-04-19,1.326908632426702
2000-04-20,1.3321119922302664
2000-04-21,1.3270020247432994
2000-04-22,1.3270020247432994
2000-04-23,1.3270020247432994
2000-04-24,1.3239744064831351
2000-04-25,1.334432452144073
2000-04-26,1.3310522465627244
2000-04-27,1.3318723379470712
2000-04-28,1.343419172579295
2000-04-29,1.343419172579295
2000-04-30,1.343419172579295
2000-05-01,1.3522415317972343
2000-05-02,1.347795850860463
2000-05-03,1.3411498005730935
2000-05-04,1.3416843837504453
2000-05-05,1.33599760836893
2000-05-06,1.33599760836893
2000-05-07,1.33599760836893
2000-05-08,1.336526200858718
2000-05-09,1.3280056377809064
2000-05-10,1.3158220435787324
2000-05-11,1.3233984343061107
2000-05-12,1.3205116758529278
2000-05-13,1.3205116758529278
2000-05-14,1.3205116758529278
2000-05-15,1.3293690493267707
2000-05-16,1.3337356346787506
2000-05-17,1.3326177362853857
2000-05-18,1.3296073497162555
2000-05-19,1.328288591264554
2000-05-20,1.328288591264554
2000-05-21,1.328288591264554
2000-05-22,1.3366298143806095
2000-05-23,1.3315320256746874
2000-05-24,1.342133762224002
2000-05-25,1.3296502545114215
2000-05-26,1.325077198911609
2000-05-27,1.325077198911609
2000-05-28,1.325077198911609
2000-05-29,1.3278595923931946
2000-05-30,1.3281034376471164
2000-05-31,1.3260420113183111
2000-06-01,1.3275413857450142
2000-06-02,1.319627889779239
2000-06-03,1.319627889779239
2000-06-04,1.319627889779239
2000-06-05,1.316086519226702
2000-06-06,1.2916428160661013
2000-06-07,1.279878928994661
2000-06-08,1.2690898937076398
2000-06-09,1.2755820694997353
2000-06-10,1.2755820694997353
2000-06-11,1.2755820694997353
2000-06-12,1.2886600976669833
2000-06-13,1.2872000703161703
2000-06-14,1.2889081294080296
2000-06-15,1.2778916529391255
2000-06-16,1.2735640746254817
2000-06-17,1.2735640746254817
2000-06-18,1.2735640746254817
2000-06-19,1.2771182887981167
2000-06-20,1.2771961932331364
2000-06-21,1.2843346345909163
2000-06-22,1.2734550058105445
2000-06-23,1.2752295556968114
2000-06-24,1.2752295556968114
2000-06-25,1.2752295556968114
2000-06-26,1.2580540484223064
2000-06-27,1.2572713594607539
2000-06-28,1.270393945279995
2000-06-29,1.2756422238874874
2000-06-30,1.2906636053591576
2000-07-01,1.2906636053591576
2000-07-02,1.2906636053591576
2000-07-03,1.3282219022438595
2000-07-04,1.3318475972649977
2000-07-05,1.3307426217018312
2000-07-06,1.3290685823017747
2000-07-07,1.3340873550731969
2000-07-08,1.3338554246831236
2000-07-09,1.3338554246831236
2000-07-10,1.3359839180515574
2000-07-11,1.3389548689043551
2000-07-12,1.3467615507437605
2000-07-13,1.3480190803959073
2000-07-14,1.3488583847459097
2000-07-15,1.3488583847459097
2000-07-16,1.3488583847459097
2000-07-17,1.3637126652296125
2000-07-18,1.367396789725218
2000-07-19,1.3520101727716038
2000-07-20,1.3621886532267684
2000-07-21,1.3569848218099647
2000-07-22,1.3569848218099647
2000-07-23,1.3569848218099647
2000-07-24,1.358737887978985
2000-07-25,1.3616923527707725
2000-07-26,1.3598853667269852
2000-07-27,1.3632714584914898
2000-07-28,1.362863810275041
2000-07-29,1.362863810275041
2000-07-30,1.362863810275041
2000-07-31,1.3671595136514207
2000-08-01,1.3710741144561145
2000-08-02,1.3673348660725315
2000-08-03,1.365685068567266
2000-08-04,1.3730230362530618
2000-08-05,1.3730230362530618
2000-08-06,1.3730230362530618
2000-08-07,1.3744440814150178
2000-08-08,1.3739527316110958
2000-08-09,1.3759093626852077
2000-08-10,1.3737666150201642
2000-08-11,1.3854456266954207
2000-08-12,1.3854456266954207
2000-08-13,1.3854456266954207
2000-08-14,1.3839944903702621
2000-08-15,1.3932723982127675
2000-08-16,1.3948345716694825
2000-08-17,1.396794486383163
2000-08-18,1.3781466918701368
2000-08-19,1.3781466918701368
2000-08-20,1.3781466918701368
2000-08-21,1.3841464525367169
2000-08-22,1.3882505914582877
2000-08-23,1.3927932442592434
2000-08-24,1.3976247845837106
2000-08-25,1.3939023522536085
2000-08-26,1.3939023522536085
2000-08-27,1.3939023522536085
2000-08-28,1.3951093698657842
2000-08-29,1.398705969781908
2000-08-30,1.4034993330482015
2000-08-31,1.4048357281236963
2000-09-01,1.398403017628106
2000-09-02,1.398403017628106
2000-09-03,1.398403017628106
2000-09-04,1.400224316498521
2000-09-05,1.3935443533125105
2000-09-06,1.3930227907754489
2000-09-07,1.399028589623156
2000-09-08,1.3994815038025081
2000-09-09,1.3994815038025081
2000-09-10,1.3994815038025081
2000-09-11,1.4099901400880346
2000-09-12,1.4108128740067307
2000-09-13,1.4037741039678058
2000-09-14,1.4052302935136451
2000-09-15,1.390867871076186
2000-09-16,1.390867871076186
2000-09-17,1.390867871076186
2000-09-18,1.3878765355582676
2000-09-19,1.3952824456104929
2000-09-20,1.3882788489729891
2000-09-21,1.381000794191851
2000-09-22,1.386876154510031
2000-09-23,1.386876154510031
2000-09-24,1.386876154510031
2000-09-25,1.3860201393240863
2000-09-26,1.3852545479852703
2000-09-27,1.3883360366510256
2000-09-28,1.3858193995588965
2000-09-29,1.3859367003239156
2000-09-30,1.3859367003239156
2000-10-01,1.3859367003239156
2000-10-02,1.3886823093661516
2000-10-03,1.3930864254666153
2000-10-04,1.3871377637778401
2000-10-05,1.3922384889713846
2000-10-06,1.3852585938569075
2000-10-07,1.3852585938569075
2000-10-08,1.3852585938569075
2000-10-09,1.385039849783474
2000-10-10,1.3864939428850567
2000-10-11,1.3878646685979574
2000-10-12,1.372348858127666
2000-10-13,1.3847836242957594
2000-10-14,1.3847836242957594
2000-10-15,1.3847836242957594
2000-10-16,1.384933877385698
2000-10-17,1.384741195481678
2000-10-18,1.3836712492361787
2000-10-19,1.3840830773225887
2000-10-20,1.3795121271541921
2000-10-21,1.3795121271541921
2000-10-22,1.3795121271541921
2000-10-23,1.378324204696542
2000-10-24,1.3797822165883344
2000-10-25,1.3747006111524753
2000-10-26,1.3769635701889638
2000-10-27,1.38057460469167
2000-10-28,1.38057460469167
2000-10-29,1.38057460469167
2000-10-30,1.38048874335054
2000-10-31,1.3854298882569938
2000-11-01,1.377664484821051
2000-11-02,1.3810918766465512
2000-11-03,1.3680668016531174
2000-11-04,1.3680668016531174
2000-11-05,1.3680668016531174
2000-11-06,1.370059390693963
2000-11-07,1.3793927542792452
2000-11-08,1.374566072094984
2000-11-09,1.3764101253089032
2000-11-10,1.3857435727521414
2000-11-11,1.3857435727521414
2000-11-12,1.3857435727521414
2000-11-13,1.39235550744543
2000-11-14,1.3950577497879284
2000-11-15,1.4073413825049634
2000-11-16,1.4009717041505552
2000-11-17,1.4058588313321445
2000-11-18,1.4058588313321445
2000-11-19,1.4058588313321445
2000-11-20,1.4137743991269687
2000-11-21,1.419360986244802
2000-11-22,1.415498538107542
2000-11-23,1.419494320282188
2000-11-24,1.4195683114840094
2000-11-25,1.4195683114840094
2000-11-26,1.4195683114840094
2000-11-27,1.4188919506274864
2000-11-28,1.4103898079876114
2000-11-29,1.4145764674252415
2000-11-30,1.408023305019117
2000-12-01,1.4094429749274717
2000-12-02,1.4094429749274717
2000-12-03,1.4094429749274717
2000-12-04,1.4065242412642476
2000-12-05,1.4080267233878816
2000-12-06,1.4023714171804054
2000-12-07,1.4029339459669286
2000-12-08,1.3973748591559811
2000-12-09,1.3973748591559811
2000-12-10,1.3973748591559811
2000-12-11,1.4003750340924443
2000-12-12,1.3975563639506923
2000-12-13,1.4094996563797206
2000-12-14,1.4016936550783579
2000-12-15,1.4013913407283205
2000-12-16,1.4013913407283205
2000-12-17,1.4013913407283205
2000-12-18,1.4088800792826752
2000-12-19,1.399327443781266
2000-12-20,1.3840046704437885
2000-12-21,1.3629691023943766
2000-12-22,1.3687254755331277
2000-12-23,1.3687254755331277
2000-12-24,1.3687254755331277
2000-12-25,1.3688180425582892
2000-12-26,1.3682143006171603
2000-12-27,1.3682349736909942
2000-12-28,1.3664206218461814
2000-12-29,1.3583578550623114
2000-12-30,1.3583578550623114
2000-12-31,1.3583578550623114
2001-01-01,1.3583529146810365
2001-01-02,1.332799991994689
2001-01-03,1.3599475792644804
2001-01-04,1.3437191780475843
2001-01-05,1.3381746736799947
2001-01-06,1.3381746736799947
2001-01-07,1.3381746736799947
2001-01-08,1.3485043005161308
2001-01-09,1.3404804477258463
2001-01-10,1.3391105074368745
2001-01-11,1.3278342009236095
2001-01-12,1.3229812618039247
2001-01-13,1.3229812618039247
2001-01-14,1.3229812618039247
2001-01-15,1.3276673117477924
2001-01-16,1.3202605636556008
2001-01-17,1.332191851637176
2001-01-18,1.3352252589675284
2001-01-19,1.341655536128529
2001-01-20,1.341655536128529
2001-01-21,1.341655536128529
2001-01-22,1.3423781620189543
2001-01-23,1.3511320504402484
2001-01-24,1.3630604499799728
2001-01-25,1.3576732269235134
2001-01-26,1.3607869454820738
2001-01-27,1.3607869454820738
2001-01-28,1.3607869454820738
2001-01-29,1.3706537032719153
2001-01-30,1.3603619265112303
2001-01-31,1.361658149003037
2001-02-01,1.345389786500672
2001-02-02,1.3468235631879846
2001-02-03,1.3468235631879846
2001-02-04,1.3468235631879846
2001-02-05,1.3511908339993324
2001-02-06,1.3592803562122242
2001-02-07,1.3621736915165261
2001-02-08,1.3659280037644148
2001-02-09,1.3561163157522618
2001-02-10,1.3561163157522618
2001-02-11,1.3561163157522618
2001-02-12,1.3585765958260108
2001-02-13,1.3624451254528926
2001-02-14,1.3628552803318046
2001-02-15,1.3682716227632286
2001-02-16,1.3649505507238782
2001-02-17,1.3649505507238782
2001-02-18,1.3649505507238782
2001-02-19,1.3643201425040965
2001-02-20,1.3655849575654335
2001-02-21,1.3626487938844591
2001-02-22,1.3762300141816948
2001-02-23,1.3750223546705955
2001-02-24,1.3750223546705955
2001-02-25,1.3750223546705955
2001-02-26,1.380628851823899
2001-02-27,1.3756585389275642
2001-02-28,1.375179566506062
2001-03-01,1.3759704940182638
2001-03-02,1.3739657350823016
2001-03-03,1.3739657350823016
2001-03-04,1.3739657350823016
2001-03-05,1.3810028039758555
2001-03-06,1.3733044422857767
2001-03-07,1.3783213553306315
2001-03-08,1.3749739559491665
2001-03-09,1.3757962354662825
2001-03-10,1.3757962354662825
2001-03-11,1.3757962354662825
2001-03-12,1.3778807542188305
2001-03-13,1.3936341642739465
2001-03-14,1.3967497081551423
2001-03-15,1.3977126817949102
2001-03-16,1.4053385488068697
2001-03-17,1.4053385488068697
2001-03-18,1.4053385488068697
2001-03-19,1.4116999186708028
2001-03-20,1.4096041267214792
2001-03-21,1.4132055075804428
2001-03-22,1.403911726000102
2001-03-23,1.410169175380296
2001-03-24,1.410169175380296
2001-03-25,1.410169175380296
2001-03-26,1.4143200297470113
2001-03-27,1.4154567364821495
2001-03-28,1.4173896548064653
2001-03-29,1.4214294294476388
2001-03-30,1.432733300153438
2001-03-31,1.432733300153438
2001-04-01,1.432733300153438
2001-04-02,1.4420840840489173
2001-04-03,1.4393891083299155
2001-04-04,1.4391793593685407
2001-04-05,1.4384181875830475
2001-04-06,1.4411629411681879
2001-04-07,1.4411629411681879
2001-04-08,1.4411629411681879
2001-04-09,1.4484339960170332
2001-04-10,1.4492557876087802
2001-04-11,1.4562848907315509
2001-04-12,1.4549868434005966
2001-04-13,1.4578672346267658
2001-04-14,1.4578672346267658
2001-04-15,1.4578672346267658
2001-04-16,1.453262874433888
2001-04-17,1.4729118429135277
2001-04-18,1.4638755595079074
2001-04-19,1.4483271060771798
2001-04-20,1.43925369774588
2001-04-21,1.43925369774588
2001-04-22,1.43925369774588
2001-04-23,1.4530036899430738
2001-04-24,1.462999767735649
2001-04-25,1.4617858448212828
2001-04-26,1.4574055846399556
2001-04-27,1.4648106799408347
2001-04-28,1.4648106799408347
2001-04-29,1.4648106799408347
2001-04-30,1.468891294986938
2001-05-01,1.465841958286625
2001-05-02,1.4608101403463982
2001-05-03,1.4673193020434407
2001-05-04,1.4636491984852988
2001-05-05,1.4636491984852988
2001-05-06,1.4636491984852988
2001-05-07,1.4936324695040373
2001-05-08,1.4911033947641203
2001-05-09,1.4927945038288797
2001-05-10,1.492007333486751
2001-05-11,1.4959326043143408
2001-05-12,1.4959326043143408
2001-05-13,1.4959326043143408
2001-05-14,1.506483003757942
2001-05-15,1.5020446301887043
2001-05-16,1.5057515155588204
2001-05-17,1.5328281558570325
2001-05-18,1.5229219730146721
2001-05-19,1.5229219730146721
2001-05-20,1.5229219730146721
2001-05-21,1.5350781231644588
2001-05-22,1.5318308246375685
2001-05-23,1.5219410396514483
2001-05-24,1.5217200702025766
2001-05-25,1.5180531973041076
2001-05-26,1.5180531973041076
2001-05-27,1.5180531973041076
2001-05-28,1.522761562288961
2001-05-29,1.5195862966631442
2001-05-30,1.5080634080126354
2001-05-31,1.4886645317986504
2001-06-01,1.4893855298743834
2001-06-02,1.4893855298743834
2001-06-03,1.4893855298743834
2001-06-04,1.4902463416195595
2001-06-05,1.4923374992904044
2001-06-06,1.495034260274981
2001-06-07,1.4988830449523531
2001-06-08,1.5079477853807053
2001-06-09,1.5079477853807053
2001-06-10,1.5079477853807053
2001-06-11,1.5101223736924183
2001-06-12,1.4954837267627128
2001-06-13,1.5084124293165135
2001-06-14,1.4975744618636486
2001-06-15,1.5104017793681928
2001-06-16,1.5104017793681928
2001-06-17,1.485465936465706
2001-06-18,1.4804279485710194
2001-06-19,1.480038106877337
2001-06-20,1.4822084853084094
2001-06-21,1.4817089621004318
2001-06-22,1.485663331087403
2001-06-23,1.485663331087403
2001-06-24,1.485663331087403
2001-06-25,1.4828714886525145
2001-06-26,1.4854481816657417
2001-06-27,1.4811023908239722
2001-06-28,1.4828117706909316
2001-06-29,1.49145589645257
2001-06-30,1.49145589645257
2001-07-01,1.49145589645257
2001-07-02,1.49187050965317
2001-07-03,1.4868510744082606
2001-07-04,1.4838972211546173
2001-07-05,1.4879692865420413
2001-07-06,1.4791365610694838
2001-07-07,1.4791365610694838
2001-07-08,1.4791365610694838
2001-07-09,1.4836698568459266
2001-07-10,1.471651939647779
2001-07-11,1.4639985795132786
2001-07-12,1.4469605290478202
2001-07-13,1.448108138798712
2001-07-14,1.448108138798712
2001-07-15,1.448108138798712
2001-07-16,1.4611502112121695
2001-07-17,1.4789907902527646
2001-07-18,1.4639568187571306
2001-07-19,1.4667804116414922
2001-07-20,1.472158965134339
2001-07-21,1.472158965134339
2001-07-22,1.472158965134339
2001-07-23,1.4814701326027475
2001-07-24,1.4713030172616335
2001-07-25,1.4704476535484956
2001-07-26,1.4578201175835612
2001-07-27,1.467754249611982
2001-07-28,1.467754249611982
2001-07-29,1.467754249611982
2001-07-30,1.4707377330226428
2001-07-31,1.4683828578346911
2001-08-01,1.4602560433090126
2001-08-02,1.466629213124657
2001-08-03,1.465680252053029
2001-08-04,1.465680252053029
2001-08-05,1.465680252053029
2001-08-06,1.4727008438047913
2001-08-07,1.4763789431619256
2001-08-08,1.4792283374110122
2001-08-09,1.4734527381821503
2001-08-10,1.477892529586832
2001-08-11,1.477892529586832
2001-08-12,1.477892529586832
2001-08-13,1.4749303035568484
2001-08-14,1.4689457827846664
2001-08-15,1.4768744459144896
2001-08-16,1.4739641754838635
2001-08-17,1.4627071766539623
2001-08-18,1.4627071766539623
2001-08-19,1.4627071766539623
2001-08-20,1.4682741705689735
2001-08-21,1.461803051776614
2001-08-22,1.4698035651653738
2001-08-23,1.463713442678494
2001-08-24,1.470269233963342
2001-08-25,1.470269233963342
2001-08-26,1.470269233963342
2001-08-27,1.468048116407799
2001-08-28,1.463929614512844
2001-08-29,1.4910054719954715
2001-08-30,1.4799788910601006
2001-08-31,1.4800132383163636
2001-09-01,1.4800132383163636
2001-09-02,1.4800132383163636
2001-09-03,1.4824555531520052
2001-09-04,1.4846996106140147
2001-09-05,1.4812762319225419
2001-09-06,1.470206401713556
2001-09-07,1.460632591560194
2001-09-08,1.460632591560194
2001-09-09,1.460632591560194
2001-09-10,1.4564208000205061
2001-09-11,1.4350306437875466
2001-09-12,1.452872674356291
2001-09-13,1.4623271174414376
2001-09-14,1.4569688251211395
2001-09-15,1.4569688251211395
2001-09-16,1.4569688251211395
2001-09-17,1.469090389868331
2001-09-18,1.4717326454684287
2001-09-19,1.4724628295688609
2001-09-20,1.470406916324397
2001-09-21,1.4759986950487645
2001-09-22,1.4759986950487645
2001-09-23,1.4759986950487645
2001-09-24,1.474853775177621
2001-09-25,1.4674502929334667
2001-09-26,1.461737723452096
2001-09-27,1.468751036690455
2001-09-28,1.470087831277283
2001-09-29,1.446451490666817
2001-09-30,1.446451490666817
2001-10-01,1.4506273247527204
2001-10-02,1.4446798072086704
2001-10-03,1.4444970055815947
2001-10-04,1.4562386728490717
2001-10-05,1.462796117491328
2001-10-06,1.462796117491328
2001-10-07,1.462796117491328
2001-10-08,1.460800996710407
2001-10-09,1.480584094343096
2001-10-10,1.4919134401855834
2001-10-11,1.4983156494104324
2001-10-12,1.5001387163956557
2001-10-13,1.5001387163956557
2001-10-14,1.5001387163956557
2001-10-15,1.5083105045534522
2001-10-16,1.519858355292607
2001-10-17,1.5139430434788577
2001-10-18,1.5229686778683522
2001-10-19,1.5194816213023135
2001-10-20,1.5194816213023135
2001-10-21,1.5194816213023135
2001-10-22,1.5199719399166252
2001-10-23,1.5213134065902658
2001-10-24,1.5211264336621135
2001-10-25,1.5184890035142296
2001-10-26,1.5211515498847985
2001-10-27,1.5211515498847985
2001-10-28,1.5211515498847985
2001-10-29,1.5138984040018848
2001-10-30,1.518305779283924
2001-10-31,1.514911102424087
2001-11-01,1.5116715101680314
2001-11-02,1.5150985744800773
2001-11-03,1.5150985744800773
2001-11-04,1.5150985744800773
2001-11-05,1.5245888353313226
2001-11-06,1.5248577324134
2001-11-07,1.5225642541502622
2001-11-08,1.5207076183961745
2001-11-09,1.5175443682050038
2001-11-10,1.5175443682050038
2001-11-11,1.5175443682050038
2001-11-12,1.51107478264489
2001-11-13,1.5188125438821247
2001-11-14,1.52805774178354
2001-11-15,1.5266508786723734
2001-11-16,1.528603675741826
2001-11-17,1.528603675741826
2001-11-18,1.528603675741826
2001-11-19,1.537765948172412
2001-11-20,1.5377221772877032
2001-11-21,1.538617872592791
2001-11-22,1.5415899973149345
2001-11-23,1.5395784546673006
2001-11-24,1.5395784546673006
2001-11-25,1.5395784546673006
2001-11-26,1.5328082336209505
2001-11-27,1.5195993703410615
2001-11-28,1.5173165634899002
2001-11-29,1.516943110331714
2001-11-30,1.5244500838320736
2001-12-01,1.5244500838320736
2001-12-02,1.5244500838320736
2001-12-03,1.523432931339611
2001-12-04,1.5232393946080887
2001-12-05,1.5225037581750636
2001-12-06,1.5209042519123008
2001-12-07,1.5307431509334692
2001-12-08,1.5307431509334692
2001-12-09,1.5307431509334692
2001-12-10,1.5306823649323908
2001-12-11,1.5352152606198597
2001-12-12,1.5346342561685116
2001-12-13,1.5443450306580266
2001-12-14,1.542170900320224
2001-12-15,1.542170900320224
2001-12-16,1.542170900320224
2001-12-17,1.5402224246310618
2001-12-18,1.5429011521191702
2001-12-19,1.5394548248206117
2001-12-20,1.5342711103616862
2001-12-21,1.5415212446611597
2001-12-22,1.5415212446611597
2001-12-23,1.5415212446611597
2001-12-24,1.5489593313217032
2001-12-25,1.5490603196631858
2001-12-26,1.5425789217629582
2001-12-27,1.5425014913495119
2001-12-28,1.5348629699394434
2001-12-29,1.5348629699394434
2001-12-30,1.5348629699394434
2001-12-31,1.5380457454917658
2002-01-01,1.5380437709636805
2002-01-02,1.5442683744457246
2002-01-03,1.544958899520473
2002-01-04,1.5341361446328063
2002-01-05,1.5341361446328063
2002-01-06,1.5341361446328063
2002-01-07,1.5367929478484346
2002-01-08,1.5316061613725784
2002-01-09,1.528676742807444
2002-01-10,1.5341762377524688
2002-01-11,1.5529004893576133
2002-01-12,1.5529004893576133
2002-01-13,1.5529004893576133
2002-01-14,1.5501397452307355
2002-01-15,1.5600864901895606
2002-01-16,1.5599372910416698
2002-01-17,1.5729390163724548
2002-01-18,1.566634253646726
2002-01-19,1.566634253646726
2002-01-20,1.566634253646726
2002-01-21,1.5672259736243404
2002-01-22,1.5661662252621655
2002-01-23,1.568427210928497
2002-01-24,1.5694340938362603
2002-01-25,1.5713698390510458
2002-01-26,1.5713698390510458
2002-01-27,1.5713698390510458
2002-01-28,1.5669745518665206
2002-01-29,1.5592557605379684
2002-01-30,1.572979947583958
2002-01-31,1.6343695387493775
2002-02-01,1.631787437327531
2002-02-02,1.631787437327531
2002-02-03,1.631787437327531
2002-02-04,1.6314790598263924
2002-02-05,1.638806282710245
2002-02-06,1.6428862385682739
2002-02-07,1.632111902742547
2002-02-08,1.6480487028986184
2002-02-09,1.6480487028986184
2002-02-10,1.6480487028986184
2002-02-11,1.6436647759835001
2002-02-12,1.6453027270344407
2002-02-13,1.6452822839723302
2002-02-14,1.6438294786450034
2002-02-15,1.6466648830942126
2002-02-16,1.6466648830942126
2002-02-17,1.6466648830942126
2002-02-18,1.6455836005233482
2002-02-19,1.6429896322707314
2002-02-20,1.6488178974690728
2002-02-21,1.646230702074416
2002-02-22,1.6446743721182102
2002-02-23,1.6446743721182102
2002-02-24,1.6446743721182102
2002-02-25,1.6528788029481434
2002-02-26,1.6500362571387464
2002-02-27,1.6490217529199376
2002-02-28,1.641663771882747
2002-03-01,1.6482284121048107
2002-03-02,1.6482284121048107
2002-03-03,1.6482284121048107
2002-03-04,1.6485260150160963
2002-03-05,1.648101536580825
2002-03-06,1.6474253861828765
2002-03-07,1.6463232295696304
2002-03-08,1.6490259735101107
2002-03-09,1.6490259735101107
2002-03-10,1.6490259735101107
2002-03-11,1.6502900044224822
2002-03-12,1.6456626194695203
2002-03-13,1.6441179061940443
2002-03-14,1.641724005768688
2002-03-15,1.6479804282293824
2002-03-16,1.6479804282293824
2002-03-17,1.6479804282293824
2002-03-18,1.6498107214154536
2002-03-19,1.6516059539636982
2002-03-20,1.6491329026219759
2002-03-21,1.654149220435128
2002-03-22,1.6585654946983703
2002-03-23,1.6585654946983703
2002-03-24,1.6585654946983703
2002-03-25,1.6691797627110654
2002-03-26,1.6605808300446714
2002-03-27,1.6683842366596473
2002-03-28,1.670203270057795
2002-03-29,1.6686323476990235
2002-03-30,1.6686323476990235
2002-03-31,1.6686323476990235
2002-04-01,1.77849997635765
2002-04-02,1.7738585791013652
2002-04-03,1.771503186130476
2002-04-04,1.7723543545890545
2002-04-05,1.7744872928869373
2002-04-06,1.7744872928869373
2002-04-07,1.7744872928869373
2002-04-08,1.7738220968244867
2002-04-09,1.7726611830101764
2002-04-10,1.7663701352174184
2002-04-11,1.7547457078119517
2002-04-12,1.779305561843246
2002-04-13,1.779305561843246
2002-04-14,1.779305561843246
2002-04-15,1.7754362774385568
2002-04-16,1.7744671724996217
2002-04-17,1.7604929321499214
2002-04-18,1.7602291861593418
2002-04-19,1.751249112095419
2002-04-20,1.751249112095419
2002-04-21,1.751249112095419
2002-04-22,1.7558347790757896
2002-04-23,1.756764090050448
2002-04-24,1.7497538990393602
2002-04-25,1.7430395479807945
2002-04-26,1.735455444769913
2002-04-27,1.735455444769913
2002-04-28,1.735455444769913
2002-04-29,1.728588895160156
2002-04-30,1.7230437372224494
2002-05-01,1.7209924876991338
2002-05-02,1.6052686770067122
2002-05-03,1.6016215784963619
2002-05-04,1.6016215784963619
2002-05-05,1.6016215784963619
2002-05-06,1.5999470124293125
2002-05-07,1.6008759822441812
2002-05-08,1.6155232606436263
2002-05-09,1.6053737529026648
2002-05-10,1.5991494249527625
2002-05-11,1.5991494249527625
2002-05-12,1.5991494249527625
2002-05-13,1.5947873935830197
2002-05-14,1.6053877871511193
2002-05-15,1.6064886102455511
2002-05-16,1.6068981096125936
2002-05-17,1.6065910396983234
2002-05-18,1.6065910396983234
2002-05-19,1.6065910396983234
2002-05-20,1.59931720372369
2002-05-21,1.5967205075910222
2002-05-22,1.589896753768155
2002-05-23,1.5916252741031411
2002-05-24,1.5851065993848097
2002-05-25,1.5851065993848097
2002-05-26,1.5851065993848097
2002-05-27,1.5881609140990787
2002-05-28,1.5819423854298993
2002-05-29,1.5611131862142558
2002-05-30,1.5627915911447021
2002-05-31,1.5692655279322871
2002-06-01,1.5692655279322871
2002-06-02,1.5692655279322871
2002-06-03,1.5656313922130742
2002-06-04,1.5543224011003156
2002-06-05,1.5567298301613208
2002-06-06,1.5507210481998093
2002-06-07,1.5551800743292752
2002-06-08,1.5551800743292752
2002-06-09,1.5551800743292752
2002-06-10,1.56131698760767
2002-06-11,1.561985595746034
2002-06-12,1.5698580347228372
2002-06-13,1.5761506189209613
2002-06-14,1.574546235425925
2002-06-15,1.574546235425925
2002-06-16,1.574546235425925
2002-06-17,1.5843235435566787
2002-06-18,1.5646628053674418
2002-06-19,1.5550794360568125
2002-06-20,1.532297713017607
2002-06-21,1.5264781685032354
2002-06-22,1.5264781685032354
2002-06-23,1.5264781685032354
2002-06-24,1.53924584463993
2002-06-25,1.5309562319520433
2002-06-26,1.5239837949861208
2002-06-27,1.5216858623468519
2002-06-28,1.5219434939607994
2002-06-29,1.5219434939607994
2002-06-30,1.5219434939607994
2002-07-01,1.5171784706986007
2002-07-02,1.5168948208615785
2002-07-03,1.5199849885541694
2002-07-04,1.5209718061177697
2002-07-05,1.5307480867399132
2002-07-06,1.5307480867399132
2002-07-07,1.5307480867399132
2002-07-08,1.524980777344037
2002-07-09,1.538594156760844
2002-07-10,1.540123113071232
2002-07-11,1.5580573799125264
2002-07-12,1.559490287024094
2002-07-13,1.559490287024094
2002-07-14,1.559490287024094
2002-07-15,1.5549866885809032
2002-07-16,1.5631331690629608
2002-07-17,1.5620215233608454
2002-07-18,1.5655061651716342
2002-07-19,1.564884705556932
2002-07-20,1.564884705556932
2002-07-21,1.564884705556932
2002-07-22,1.572262798276043
2002-07-23,1.5790376844792742
2002-07-24,1.577918452357625
2002-07-25,1.5569462705169357
2002-07-26,1.5722303654351708
2002-07-27,1.5722303654351708
2002-07-28,1.5722303654351708
2002-07-29,1.574117649286454
2002-07-30,1.568624804054471
2002-07-31,1.5520596987283553
2002-08-01,1.5557927110017065
2002-08-02,1.554960171949148
2002-08-03,1.554960171949148
2002-08-04,1.554960171949148
2002-08-05,1.5636670208293386
2002-08-06,1.5765738598342995
2002-08-07,1.5721759261386834
2002-08-08,1.5705901007096814
2002-08-09,1.5661790065079906
2002-08-10,1.5661790065079906
2002-08-11,1.5661790065079906
2002-08-12,1.543901328129614
2002-08-13,1.537547494973224
2002-08-14,1.5361109144315597
2002-08-15,1.5444936007467855
2002-08-16,1.5585417610325805
2002-08-17,1.5585417610325805
2002-08-18,1.5585417610325805
2002-08-19,1.5744489130924348
2002-08-20,1.5632555704742128
2002-08-21,1.5613201995756028
2002-08-22,1.5608425011993863
2002-08-23,1.5568933402313525
2002-08-24,1.5568933402313525
2002-08-25,1.5568933402313525
2002-08-26,1.5578873494344232
2002-08-27,1.5456393121957608
2002-08-28,1.5457656202118057
2002-08-29,1.5445011980150498
2002-08-30,1.5400002139562918
2002-08-31,1.5400002139562918
2002-09-01,1.5400002139562918
2002-09-02,1.5431715238635333
2002-09-03,1.5242873173611877
2002-09-04,1.5325634149639482
2002-09-05,1.5284909000570832
2002-09-06,1.5353008715216372
2002-09-07,1.5353008715216372
2002-09-08,1.5353008715216372
2002-09-09,1.542059456911063
2002-09-10,1.537687279895094
2002-09-11,1.5361206809743584
2002-09-12,1.5364057863931444
2002-09-13,1.541567445473367
2002-09-14,1.541567445473367
2002-09-15,1.541567445473367
2002-09-16,1.5424518429721725
2002-09-17,1.5409573587612395
2002-09-18,1.5343387984308816
2002-09-19,1.5103851470632368
2002-09-20,1.4974052903964983
2002-09-21,1.4974052903964983
2002-09-22,1.4974052903964983
2002-09-23,1.5045465820661745
2002-09-24,1.4985325821716018
2002-09-25,1.5083174579621201
2002-09-26,1.5219396297724566
2002-09-27,1.5158235114488319
2002-09-28,1.5158235114488319
2002-09-29,1.5158235114488319
2002-09-30,1.5123776793241321
2002-10-01,1.5234029015543136
2002-10-02,1.5272760023503857
2002-10-03,1.5159623357814995
2002-10-04,1.5139993352028973
2002-10-05,1.5139993352028973
2002-10-06,1.5139993352028973
2002-10-07,1.5137755931763235
2002-10-08,1.5239051650578757
2002-10-09,1.5105209289118995
2002-10-10,1.5180992473306387
2002-10-11,1.5291056016657458
2002-10-12,1.5291056016657458
2002-10-13,1.5291056016657458
2002-10-14,1.5293568190965454
2002-10-15,1.5318588771941173
2002-10-16,1.5398545916593298
2002-10-17,1.5525740737955511
2002-10-18,1.5536147973094288
2002-10-19,1.5536147973094288
2002-10-20,1.5536147973094288
2002-10-21,1.5567887660947621
2002-10-22,1.5504943614653386
2002-10-23,1.5577213952537428
2002-10-24,1.5470270206002747
2002-10-25,1.550033214251017
2002-10-26,1.550033214251017
2002-10-27,1.550033214251017
2002-10-28,1.5358018817287744
2002-10-29,1.516914138467299
2002-10-30,1.5165198305252736
2002-10-31,1.51202178873284
2002-11-01,1.5116909344441989
2002-11-02,1.5116909344441989
2002-11-03,1.5116909344441989
2002-11-04,1.5124066455877911
2002-11-05,1.5102404716627076
2002-11-06,1.5106153891866818
2002-11-07,1.4992533641681929
2002-11-08,1.489226576767255
2002-11-09,1.489226576767255
2002-11-10,1.489226576767255
2002-11-11,1.4866544757417426
2002-11-12,1.4930385643808437
2002-11-13,1.5009391197891304
2002-11-14,1.503920688640282
2002-11-15,1.5022217194313303
2002-11-16,1.5022217194313303
2002-11-17,1.5022217194313303
2002-11-18,1.5124457282832355
2002-11-19,1.5121902646918228
2002-11-20,1.5233714235599203
2002-11-21,1.5203964872524338
2002-11-22,1.5219156202006217
2002-11-23,1.5219156202006217
2002-11-24,1.5219156202006217
2002-11-25,1.5238083988122242
2002-11-26,1.5148052402743528
2002-11-27,1.5232304946766368
2002-11-28,1.5223003522869052
2002-11-29,1.5212179307604172
2002-11-30,1.5212179307604172
2002-12-01,1.533528951944367
2002-12-02,1.5359544339474531
2002-12-03,1.5277931425060445
2002-12-04,1.513402752518466
2002-12-05,1.515480692567583
2002-12-06,1.5238729081236442
2002-12-07,1.5238729081236442
2002-12-08,1.5238729081236442
2002-12-09,1.5226021117992736
2002-12-10,1.5278364562964402
2002-12-11,1.5251620068540879
2002-12-12,1.5148380580641487
2002-12-13,1.5205080778028321
2002-12-14,1.5205080778028321
2002-12-15,1.5205080778028321
2002-12-16,1.5152908246103476
2002-12-17,1.5069358288817964
2002-12-18,1.5186717754584027
2002-12-19,1.5165825060572733
2002-12-20,1.5157069984901619
2002-12-21,1.5157069984901619
2002-12-22,1.5157069984901619
2002-12-23,1.5156253026858975
2002-12-24,1.5120438731369552
2002-12-25,1.5112056152899043
2002-12-26,1.5030535457441492
2002-12-27,1.496081762095003
2002-12-28,1.496081762095003
2002-12-29,1.496081762095003
2002-12-30,1.4762652684779265
2002-12-31,1.4856051924271767
2003-01-01,1.4739349610638353
2003-01-02,1.5704810307905137
2003-01-03,1.562995810069588
2003-01-04,1.562995810069588
2003-01-05,1.562995810069588
2003-01-06,1.5596935462972614
2003-01-07,1.5705635859805
2003-01-08,1.5546398963236907
2003-01-09,1.5583357562106763
2003-01-10,1.5381798592574243
2003-01-11,1.5381798592574243
2003-01-12,1.5381798592574243
2003-01-13,1.5419461201155913
2003-01-14,1.550251487614068
2003-01-15,1.545483556341069
2003-01-16,1.5414294628278689
2003-01-17,1.5284186640351565
2003-01-18,1.5284186640351565
2003-01-19,1.5284186640351565
2003-01-20,1.5255787729900132
2003-01-21,1.4984255654514158
2003-01-22,1.5013536141370483
2003-01-23,1.5125033882964023
2003-01-24,1.493152000489307
2003-01-25,1.493152000489307
2003-01-26,1.493152000489307
2003-01-27,1.4902150181246818
2003-01-28,1.4835484167043689
2003-01-29,1.4862491982800554
2003-01-30,1.4852867700320265
2003-01-31,1.4911276276281984
2003-02-01,1.5180046211577503
2003-02-02,1.4236217888741525
2003-02-03,1.4246505045181994
2003-02-04,1.4172694666286947
2003-02-05,1.4323310439139472
2003-02-06,1.4246597632051001
2003-02-07,1.4111953426591806
2003-02-08,1.4111953426591806
2003-02-09,1.4111953426591806
2003-02-10,1.420207588081391
2003-02-11,1.4174609562284943
2003-02-12,1.4206846496468386
2003-02-13,1.4230464924527402
2003-02-14,1.4377637893907707
2003-02-15,1.4377637893907707
2003-02-16,1.4377637893907707
2003-02-17,1.444019187303157
2003-02-18,1.439669286345946
2003-02-19,1.4369226509919117
2003-02-20,1.415743210500299
2003-02-21,1.4196958646464053
2003-02-22,1.4196958646464053
2003-02-23,1.4196958646464053
2003-02-24,1.41006426420272
2003-02-25,1.4039611082504313
2003-02-26,1.4057450578566613
2003-02-27,1.4074879806866498
2003-02-28,1.4085922346737563
2003-03-01,1.4085922346737563
2003-03-02,1.4085922346737563
2003-03-03,1.3969662623210144
2003-03-04,1.434830504097454
2003-03-05,1.4231283277764815
2003-03-06,1.4283732755444303
2003-03-07,1.439311328619327
2003-03-08,1.439311328619327
2003-03-09,1.439311328619327
2003-03-10,1.4441946684771083
2003-03-11,1.4617368960029722
2003-03-12,1.4768432093708186
2003-03-13,1.4741503022053992
2003-03-14,1.4685398270220889
2003-03-15,1.4685398270220889
2003-03-16,1.4685398270220889
2003-03-17,1.4918198268048817
2003-03-18,1.474514161559332
2003-03-19,1.4852057027845325
2003-03-20,1.4854946713771577
2003-03-21,1.5043000664468762
2003-03-22,1.5043000664468762
2003-03-23,1.5043000664468762
2003-03-24,1.492810048358145
2003-03-25,1.4999968010229394
2003-03-26,1.4975166974416128
2003-03-27,1.4954777167612487
2003-03-28,1.4944146890600423
2003-03-29,1.4944146890600423
2003-03-30,1.4944146890600423
2003-03-31,1.4860161153060287
2003-04-01,1.4914780323888117
2003-04-02,1.5051034973156143
2003-04-03,1.4984773468114
2003-04-04,1.4945033039668243
2003-04-05,1.4945033039668243
2003-04-06,1.4945033039668243
2003-04-07,1.4959940186129128
2003-04-08,1.4860510302260774
2003-04-09,1.486652546769263
2003-04-10,1.4945647708103609
2003-04-11,1.5091052564299714
2003-04-12,1.5091052564299714
2003-04-13,1.5091052564299714
2003-04-14,1.5102745090132752
2003-04-15,1.5081966933872222
2003-04-16,1.5046460951371412
2003-04-17,1.5142389522966517
2003-04-18,1.5151913288273617
2003-04-19,1.5151913288273617
2003-04-20,1.5151913288273617
2003-04-21,1.6937518164444618
2003-04-22,1.6847650430979404
2003-04-23,1.6978325877917864
2003-04-24,1.7048344301251883
2003-04-25,1.7046577973570125
2003-04-26,1.7046577973570125
2003-04-27,1.7046577973570125
2003-04-28,1.7111690784678304
2003-04-29,1.721885204853054
2003-04-30,1.7240528912887036
2003-05-01,1.7245976200938833
2003-05-02,1.7306909244597033
2003-05-03,1.7306909244597033
2003-05-04,1.7306909244597033
2003-05-05,1.7309200842029733
2003-05-06,1.7143158831247034
2003-05-07,1.7245793743963624
2003-05-08,1.7364438120377357
2003-05-09,1.7304257055293644
2003-05-10,1.7304257055293644
2003-05-11,1.7304257055293644
2003-05-12,1.7191896796169934
2003-05-13,1.734553212002394
2003-05-14,1.7064019285225098
2003-05-15,1.6904893894418642
2003-05-16,1.7061266878849635
2003-05-17,1.7061266878849635
2003-05-18,1.7061266878849635
2003-05-19,1.69699949880301
2003-05-20,1.7120375048350578
2003-05-21,1.7160027911242401
2003-05-22,1.5285584929941527
2003-05-23,1.5228646731246074
2003-05-24,1.5228646731246074
2003-05-25,1.5228646731246074
2003-05-26,1.5212869801273627
2003-05-27,1.5022441176666785
2003-05-28,1.5100123559714849
2003-05-29,1.515901654411082
2003-05-30,1.5171436144450205
2003-05-31,1.5171436144450205
2003-06-01,1.5167309137859808
2003-06-02,1.5276057950989235
2003-06-03,1.524289983530043
2003-06-04,1.4837279943774293
2003-06-05,1.4841224468970708
2003-06-06,1.4579432933098198
2003-06-07,1.4579432933098198
2003-06-08,1.4579432933098198
2003-06-09,1.4694492411192455
2003-06-10,1.4686937182976598
2003-06-11,1.481704100407785
2003-06-12,1.4713819052703003
2003-06-13,1.4866093098075375
2003-06-14,1.4866093098075375
2003-06-15,1.4866093098075375
2003-06-16,1.4928466061682493
2003-06-17,1.4847304111390847
2003-06-18,1.4726883266000372
2003-06-19,1.490132297935726
2003-06-20,1.490738191744576
2003-06-21,1.490738191744576
2003-06-22,1.490738191744576
2003-06-23,1.4965640901172355
2003-06-24,1.4944381904257789
2003-06-25,1.4971683089982513
2003-06-26,1.5051119581750647
2003-06-27,1.512342875641917
2003-06-28,1.512342875641917
2003-06-29,1.512342875641917
2003-06-30,1.5044641037584237
2003-07-01,1.5011403598870274
2003-07-02,1.4932626534387297
2003-07-03,1.5048515184687412
2003-07-04,1.506145353693975
2003-07-05,1.506145353693975
2003-07-06,1.506145353693975
2003-07-07,1.4722935484047817
2003-07-08,1.4819178356401013
2003-07-09,1.4808181088730905
2003-07-10,1.4914448805351788
2003-07-11,1.4738190505072861
2003-07-12,1.4738190505072861
2003-07-13,1.4738190505072861
2003-07-14,1.4726096689203003
2003-07-15,1.4119376878386944
2003-07-16,1.4247416370697883
2003-07-17,1.424324224632736
2003-07-18,1.4250615719133615
2003-07-19,1.4250615719133615
2003-07-20,1.5280155286574457
2003-07-21,1.5183681324678684
2003-07-22,1.5183985588191977
2003-07-23,1.4953455417476935
2003-07-24,1.4995087908972253
2003-07-25,1.504624072636565
2003-07-26,1.504624072636565
2003-07-27,1.504624072636565
2003-07-28,1.512255202121172
2003-07-29,1.5047085136028613
2003-07-30,1.5120455579751033
2003-07-31,1.498920237536383
2003-08-01,1.5037589254020143
2003-08-02,1.5037589254020143
2003-08-03,1.5037589254020143
2003-08-04,1.486536671644334
2003-08-05,1.4779719818082933
2003-08-06,1.4873124294487017
2003-08-07,1.5146871257708718
2003-08-08,1.5170495126212165
2003-08-09,1.5170495126212165
2003-08-10,1.5170495126212165
2003-08-11,1.5015620997456465
2003-08-12,1.5036348010905525
2003-08-13,1.5090759174712145
2003-08-14,1.5097268327402618
2003-08-15,1.508894816883747
2003-08-16,1.508894816883747
2003-08-17,1.508894816883747
2003-08-18,1.50089811200323
2003-08-19,1.493980689555496
2003-08-20,1.49541521243407
2003-08-21,1.4952198992987253
2003-08-22,1.5005824277027908
2003-08-23,1.5005824277027908
2003-08-24,1.5005824277027908
2003-08-25,1.4961916825463282
2003-08-26,1.488194710670605
2003-08-27,1.4947222340477762
2003-08-28,1.4741976069321334
2003-08-29,1.4709891081882616
2003-08-30,1.4709891081882616
2003-08-31,1.4709891081882616
2003-09-01,1.4718220242949647
2003-09-02,1.478779247224338
2003-09-03,1.4869587484008127
2003-09-04,1.4931190732666042
2003-09-05,1.4864619434482758
2003-09-06,1.4864619434482758
2003-09-07,1.4864619434482758
2003-09-08,1.46452049815558
2003-09-09,1.4714290193525104
2003-09-10,1.4770965801643874
2003-09-11,1.467924609584302
2003-09-12,1.4690496841780225
2003-09-13,1.4690496841780225
2003-09-14,1.4690496841780225
2003-09-15,1.4726011495467246
2003-09-16,1.4874901939585674
2003-09-17,1.478368038188904
2003-09-18,1.4768396327605071
2003-09-19,1.4781211140508463
2003-09-20,1.4781211140508463
2003-09-21,1.4781211140508463
2003-09-22,1.4910778754220677
2003-09-23,1.477605781615449
2003-09-24,1.4865339046523958
2003-09-25,1.474444279663956
2003-09-26,1.4578350545008931
2003-09-27,1.4578350545008931
2003-09-28,1.4578350545008931
2003-09-29,1.4584279915515812
2003-09-30,1.4550953353563483
2003-10-01,1.4469966992701702
2003-10-02,1.4300917550016186
2003-10-03,1.4226626251292989
2003-10-04,1.4226626251292989
2003-10-05,1.4226626251292989
2003-10-06,1.4123507094711598
2003-10-07,1.4182368697699617
2003-10-08,1.4085808252350105
2003-10-09,1.4195698864428365
2003-10-10,1.425299666407089
2003-10-11,1.425299666407089
2003-10-12,1.425299666407089
2003-10-13,1.4222138262560464
2003-10-14,1.4240472722631035
2003-10-15,1.428709632151169
2003-10-16,1.4189089687861995
2003-10-17,1.42583807929415
2003-10-18,1.42583807929415
2003-10-19,1.42583807929415
2003-10-20,1.43990485339928
2003-10-21,1.4353900701804965
2003-10-22,1.4196672323584452
2003-10-23,1.4292922934910326
2003-10-24,1.4103513874141549
2003-10-25,1.4103513874141549
2003-10-26,1.4103513874141549
2003-10-27,1.417352522041981
2003-10-28,1.4239446377558345
2003-10-29,1.4202222693825994
2003-10-30,1.4269593310641544
2003-10-31,1.43364361062852
2003-11-01,1.43364361062852
2003-11-02,1.43364361062852
2003-11-03,1.4411052462143115
2003-11-04,1.4374551692193656
2003-11-05,1.4419310095736415
2003-11-06,1.4459097035569541
2003-11-07,1.4354933568977624
2003-11-08,1.4354933568977624
2003-11-09,1.4354933568977624
2003-11-10,1.4417181683320202
2003-11-11,1.4383881137382342
2003-11-12,1.416620116543682
2003-11-13,1.4110310281909584
2003-11-14,1.4099786399294905
2003-11-15,1.4099786399294905
2003-11-16,1.4099786399294905
2003-11-17,1.4127923637067379
2003-11-18,1.3966039953316776
2003-11-19,1.4036578433595022
2003-11-20,1.4033427067842663
2003-11-21,1.397390863426212
2003-11-22,1.397390863426212
2003-11-23,1.397390863426212
2003-11-24,1.416447899200438
2003-11-25,1.4132871964693967
2003-11-26,1.4037085008984747
2003-11-27,1.407640516679117
2003-11-28,1.4019096982175485
2003-11-29,1.4019096982175485
2003-11-30,1.4019096982175485
2003-12-01,2.1608188722938912
2003-12-02,2.168651249080489
2003-12-03,2.172074943832566
2003-12-04,2.1813408608668428
2003-12-05,2.179032856414759
2003-12-06,2.179032856414759
2003-12-07,2.179032856414759
2003-12-08,2.173542661998478
2003-12-09,2.182089631236873
2003-12-10,2.170605224699329
2003-12-11,2.190560039629494
2003-12-12,2.1659543442610465
2003-12-13,2.1659543442610465
2003-12-14,2.1659543442610465
2003-12-15,2.1566364521088834
2003-12-16,2.1596549920087154
2003-12-17,2.164725489464606
2003-12-18,2.166473224524807
2003-12-19,2.1670536865742602
2003-12-20,2.1670536865742602
2003-12-21,2.1899898354329923
2003-12-22,2.179013017168081
2003-12-23,2.18411685732438
2003-12-24,2.180605961788192
2003-12-25,2.1806285284743314
2003-12-26,2.1863577913956918
2003-12-27,2.1863577913956918
2003-12-28,2.1863577913956918
2003-12-29,2.188431103286223
2003-12-30,2.1863829284370615
2003-12-31,2.179111091900092
2004-01-01,2.180029289649732
2004-01-02,2.209859761516365
2004-01-03,2.209859761516365
2004-01-04,2.209859761516365
2004-01-05,2.197665230835834
2004-01-06,2.212951848063368
2004-01-07,2.2243271023776883
2004-01-08,2.226219259995385
2004-01-09,2.2343906567830825
2004-01-10,2.2343906567830825
2004-01-11,2.2343906567830825
2004-01-12,2.2365547229925196
2004-01-13,2.2341296890281925
2004-01-14,2.2432937675052895
2004-01-15,2.246427517788121
2004-01-16,2.2558759532694075
2004-01-17,2.2558759532694075
2004-01-18,2.2558759532694075
2004-01-19,2.262385165186811
2004-01-20,2.237877702111879
2004-01-21,2.3846103873756497
2004-01-22,2.3686828639136897
2004-01-23,2.4103341124149087
2004-01-24,2.4103341124149087
2004-01-25,2.4103341124149087
2004-01-26,2.413418165730415
2004-01-27,2.4090099256299915
2004-01-28,2.3962329170793137
2004-01-29,2.371925084710963
2004-01-30,2.383266582724812
2004-01-31,2.383266582724812
2004-02-01,2.383266582724812
2004-02-02,2.3935963372525144
2004-02-03,2.3664435154741086
2004-02-04,2.353269369383465
2004-02-05,2.354801854028264
2004-02-06,2.363605781489404
2004-02-07,2.363605781489404
2004-02-08,2.363605781489404
2004-02-09,2.362033401112596
2004-02-10,2.3561421071075594
2004-02-11,2.3818356531822777
2004-02-12,2.3859800026642586
2004-02-13,2.3870264411674014
2004-02-14,2.3870264411674014
2004-02-15,2.3870264411674014
2004-02-16,2.387134668554821
2004-02-17,2.3895874303813702
2004-02-18,2.378512284332413
2004-02-19,2.3852662704374237
2004-02-20,2.394638194678538
2004-02-21,2.394638194678538
2004-02-22,2.394638194678538
2004-02-23,2.38231354479271
2004-02-24,2.3618403928119625
2004-02-25,2.3705601236809954
2004-02-26,2.3789210772557947
2004-02-27,2.3772957247811126
2004-02-28,2.3772957247811126
2004-02-29,2.3772957247811126
2004-03-01,2.398300770612775
2004-03-02,2.4060937144336045
2004-03-03,2.395845336760636
2004-03-04,2.4158950299473045
2004-03-05,2.412172135503918
2004-03-06,2.412172135503918
2004-03-07,2.412172135503918
2004-03-08,2.402369222172323
2004-03-09,2.4043928727359156
2004-03-10,2.405370191227599
2004-03-11,2.396530349329702
2004-03-12,2.415369927832623
2004-03-13,2.415369927832623
2004-03-14,2.415369927832623
2004-03-15,2.3988270892027743
2004-03-16,2.391463302340274
2004-03-17,2.408003767582572
2004-03-18,2.4008138885837025
2004-03-19,2.4031762709339306
2004-03-20,2.4031762709339306
2004-03-21,2.430332906380028
2004-03-22,2.23919822595554
2004-03-23,2.237335304998537
2004-03-24,2.2299225862562784
2004-03-25,2.223508053450995
2004-03-26,2.2097977356861556
2004-03-27,2.2097977356861556
2004-03-28,2.2097977356861556
2004-03-29,2.1901651290576325
2004-03-30,2.1913447608785743
2004-03-31,2.2011930279241336
2004-04-01,2.1893715678083874
2004-04-02,2.2019949092800837
2004-04-03,2.2019949092800837
2004-04-04,2.2020230722502294
2004-04-05,2.211508929931632
2004-04-06,2.199478008083271
2004-04-07,2.183783143293446
2004-04-08,2.1928045647500927
2004-04-09,2.1881792784182004
2004-04-10,2.1881792784182004
2004-04-11,2.1881792784182004
2004-04-12,2.1860484555336446
2004-04-13,2.1914539964187494
2004-04-14,2.187340533645948
2004-04-15,2.193122223083238
2004-04-16,2.190142341360129
2004-04-17,2.190142341360129
2004-04-18,2.1901584909688903
2004-04-19,2.1926369277065647
2004-04-20,2.1828086124466597
2004-04-21,2.195179600705954
2004-04-22,2.1864191124980428
2004-04-23,2.187315876485441
2004-04-24,2.1873161550120357
2004-04-25,2.1873161550120357
2004-04-26,2.1961664302926605
2004-04-27,2.1977040205305545
2004-04-28,2.180735381563952
2004-04-29,2.173539029596291
2004-04-30,2.173299370701389
2004-05-01,2.1733001695224416
2004-05-02,2.173299908482784
2004-05-03,2.1653695332244474
2004-05-04,2.16890162546496
2004-05-05,2.1685111561070998
2004-05-06,2.1686014283879267
2004-05-07,2.144466353337237
2004-05-08,2.1444124063291627
2004-05-09,2.14442413144703
2004-05-10,2.1447911102969357
2004-05-11,2.1580591339103448
2004-05-12,2.153187055733164
2004-05-13,2.1521230290967477
2004-05-14,2.1678677221883853
2004-05-15,2.167867461801225
2004-05-16,2.1679382110850782
2004-05-17,2.1660055287101607
2004-05-18,2.1622637519150967
2004-05-19,2.1578310518494432
2004-05-20,2.1558771777951082
2004-05-21,2.1520374889284364
2004-05-22,2.152038021448593
2004-05-23,2.1519832322910806
2004-05-24,2.1685149176845155
2004-05-25,2.1685087848355953
2004-05-26,2.169584822026725
2004-05-27,2.1716389747146962
2004-05-28,2.170499262568267
2004-05-29,2.1704984647767227
2004-05-30,2.1704988358917827
2004-05-31,2.16547891132194
2004-06-01,2.161775277988289
2004-06-02,2.1634521665378506
2004-06-03,2.166254290742379
2004-06-04,2.1024199173741027
2004-06-05,2.1024201654108774
2004-06-06,2.1023841085272834
2004-06-07,2.1081923354970504
2004-06-08,2.081071301534397
2004-06-09,2.0869074969929824
2004-06-10,2.088738440275806
2004-06-11,2.086816004970925
2004-06-12,2.0866562529834947
2004-06-13,2.0866574730717207
2004-06-14,2.0719637940974867
2004-06-15,2.0819398423772593
2004-06-16,2.0892277726121153
2004-06-17,2.092532969030677
2004-06-18,2.0893950502871124
2004-06-19,2.0893950502871124
2004-06-20,2.089395294638009
2004-06-21,2.0933637076498175
2004-06-22,2.091726512867408
2004-06-23,2.088914246017209
2004-06-24,2.085944106367886
2004-06-25,2.082983506109123
2004-06-26,2.0829840079779003
2004-06-27,2.0829840079779003
2004-06-28,2.052641479606956
2004-06-29,2.05314040432209
2004-06-30,2.053355548482324
2004-07-01,2.045233535451359
2004-07-02,2.055629251017932
2004-07-03,2.055630227229158
2004-07-04,2.0555866373306
2004-07-05,2.291126672641773
2004-07-06,2.2876004409523105
2004-07-07,2.2794741742372655
2004-07-08,2.2696858680089123
2004-07-09,2.2766035359415775
2004-07-10,2.2765821552664285
2004-07-11,2.2765030514126945
2004-07-12,2.2729153918945344
2004-07-13,2.279780588407667
2004-07-14,2.284578473970639
2004-07-15,2.2787434826647623
2004-07-16,2.292405107148577
2004-07-17,2.2924059813928706
2004-07-18,2.292456799683077
2004-07-19,2.298524309095848
2004-07-20,2.2946170442304856
2004-07-21,2.289507241784046
2004-07-22,2.292168232969346
2004-07-23,2.291504830609808
2004-07-24,2.2915057045107554
2004-07-25,2.2914452164527614
2004-07-26,2.294103702513985
2004-07-27,2.2933239590784917
2004-07-28,2.3014832266204492
2004-07-29,2.308168303935842
2004-07-30,2.3118115518949045
2004-07-31,2.3118115518949045
2004-08-01,2.3118222699632853
2004-08-02,2.309341612114182
2004-08-03,2.307263274753538
2004-08-04,2.3000929820372686
2004-08-05,2.3024458179243497
2004-08-06,2.298434570759222
2004-08-07,2.2984348744089185
2004-08-08,2.298443839887725
2004-08-09,2.296913128085439
2004-08-10,2.289088812346994
2004-08-11,2.298186049307123
2004-08-12,2.0592282682088863
2004-08-13,2.065524970213476
2004-08-14,2.065525467903169
2004-08-15,2.065524740801711
2004-08-16,2.0661240690466918
2004-08-17,2.075689405400947
2004-08-18,2.068235695618617
2004-08-19,2.069168312692581
2004-08-20,2.0714713043013324
2004-08-21,2.071471546556084
2004-08-22,2.0714496277192653
2004-08-23,2.117475410228109
2004-08-24,2.161856354005559
2004-08-25,2.1519420687162105
2004-08-26,2.2743476162066303
2004-08-27,2.271493770613152
2004-08-28,2.271493516121031
2004-08-29,2.2714783645418515
2004-08-30,2.270395619929496
2004-08-31,2.2686825757468525
2004-09-01,2.2576131042873357
2004-09-02,2.241549976763506
2004-09-03,2.2471799144090054
2004-09-04,2.2471799144090054
2004-09-05,2.2471875319555417
2004-09-06,2.243241910847294
2004-09-07,2.2308083989284957
2004-09-08,2.2304076288240506
2004-09-09,2.2308943950906475
2004-09-10,2.230812106369223
2004-09-11,2.230811341504079
2004-09-12,2.4909339290418844
2004-09-13,2.4870154325298253
2004-09-14,2.4844664917000276
2004-09-15,2.4972340120468144
2004-09-16,2.4990395029743
2004-09-17,2.5124265372699166
2004-09-18,2.512427452529606
2004-09-19,2.512458678804533
2004-09-20,2.2200198456552496
2004-09-21,2.226592241612104
2004-09-22,2.285107814843061
2004-09-23,2.2878044756422127
2004-09-24,2.2829982069971866
2004-09-25,2.2829982069971866
2004-09-26,2.2829908720102683
2004-09-27,2.282316028552787
2004-09-28,2.279753692518412
2004-09-29,2.282665930537599
2004-09-30,2.2849578048214063
2004-10-01,2.293802018091712
2004-10-02,2.2938084512063175
2004-10-03,2.2937932368918483
2004-10-04,2.305191241200179
2004-10-05,2.3102009997587665
2004-10-06,2.3070865828840876
2004-10-07,2.315365894604216
2004-10-08,2.309923114732326
2004-10-09,2.3099223357759917
2004-10-10,2.309943438885513
2004-10-11,2.3149692751972792
2004-10-12,2.3113512196061987
2004-10-13,2.3097535104189917
2004-10-14,2.282947354553739
2004-10-15,2.274770304676405
2004-10-16,2.2747710717787095
2004-10-17,2.2747391139465973
2004-10-18,2.2680748951704515
2004-10-19,2.269026713328915
2004-10-20,2.2594386042762977
2004-10-21,2.2615767218060223
2004-10-22,2.245734038800638
2004-10-23,2.245734796111275
2004-10-24,2.2457201459647558
2004-10-25,2.2390002554601374
2004-10-26,2.245712768500461
2004-10-27,2.2431644839882385
2004-10-28,2.25244219173549
2004-10-29,2.2355020564530204
2004-10-30,2.2355028103132195
2004-10-31,2.2355213263610576
2004-11-01,2.2436190490333003
2004-11-02,2.258454035662463
2004-11-03,2.255257653292454
2004-11-04,2.254720063871069
2004-11-05,2.2587507760173975
2004-11-06,2.258743665289665
2004-11-07,2.258803545368199
2004-11-08,2.247112587741949
2004-11-09,2.246111231029036
2004-11-10,2.2510297014234046
2004-11-11,2.250798237202775
2004-11-12,2.2573710177965705
2004-11-13,2.257371530330011
2004-11-14,2.257371530330011
2004-11-15,2.250708287232714
2004-11-16,2.255188296036161
2004-11-17,2.263047298609443
2004-11-18,2.259328601681237
2004-11-19,2.2459227481286543
2004-11-20,2.2459227481286543
2004-11-21,2.245967191423451
2004-11-22,2.2494027533924448
2004-11-23,2.252571270160067
2004-11-24,2.2627001532991997
2004-11-25,2.257439977028361
2004-11-26,2.261148768962125
2004-11-27,2.261148768962125
2004-11-28,2.261141777419094
2004-11-29,2.260993217128754
2004-11-30,2.26572659040152
2004-12-01,2.279985706029111
2004-12-02,2.2738431733737308
2004-12-03,2.2822538320502144
2004-12-04,2.2822474322329187
2004-12-05,2.2822625336063798
2004-12-06,2.2789879468019434
2004-12-07,2.2600920409443606
2004-12-08,2.2586278661586476
2004-12-09,2.259066032539149
2004-12-10,2.245051609197247
2004-12-11,2.2450607009141343
2004-12-12,2.245031094515003
2004-12-13,2.259017217276131
2004-12-14,2.257579084317173
2004-12-15,2.2662748719363823
2004-12-16,2.254784659677343
2004-12-17,2.263152795292195
2004-12-18,2.2631540722376813
2004-12-19,2.2631728398841737
2004-12-20,2.2691857897169263
2004-12-21,2.266465821214008
2004-12-22,2.26899923257653
2004-12-23,2.2677421267628497
2004-12-24,2.275612161664077
2004-12-25,2.2756124276564327
2004-12-26,2.2756048595743343
2004-12-27,2.2604511570703107
2004-12-28,2.245756460772756
2004-12-29,2.2437211393068894
2004-12-30,2.2574249218765514
2004-12-31,2.2599532884338145
2005-01-01,2.2599532884338145
2005-01-02,2.259906272729591
2005-01-03,2.262102107263572
2005-01-04,2.2381647789971977
2005-01-05,2.248343342807935
2005-01-06,2.2493818930182066
2005-01-07,2.2768928972606046
2005-01-08,2.276893665163908
2005-01-09,2.2768699360151974
2005-01-10,2.269590945853759
2005-01-11,2.2760952149211704
2005-01-12,2.278708750750756
2005-01-13,2.270612934616549
2005-01-14,2.273084931670872
2005-01-15,2.2730854478288602
2005-01-16,2.273032423482946
2005-01-17,2.275432044257116
2005-01-18,2.2739541142594804
2005-01-19,2.278706808303005
2005-01-20,2.268110651258992
2005-01-21,2.272042924757867
2005-01-22,2.2720498707845893
2005-01-23,2.2720196717895544
2005-01-24,2.270937863505018
2005-01-25,2.2621404513831678
2005-01-26,2.2664990089087382
2005-01-27,2.2601004431568987
2005-01-28,2.265650653325548
2005-01-29,2.2656498892140364
2005-01-30,2.2656470015821943
2005-01-31,2.279508406436078
2005-02-01,2.282940957572602
2005-02-02,2.2887072654095975
2005-02-03,2.2870909904564987
2005-02-04,2.288894343570468
2005-02-05,2.2888948479696984
2005-02-06,2.2888915051390635
2005-02-07,2.290887225868563
2005-02-08,2.287762046519015
2005-02-09,2.29616928496133
2005-02-10,2.293634626155577
2005-02-11,2.291741201055033
2005-02-12,2.2917422264760656
2005-02-13,2.291745647754181
2005-02-14,2.281896939899802
2005-02-15,2.2831923486434698
2005-02-16,2.286775688173874
2005-02-17,2.2963125222844467
2005-02-18,2.2959451477933652
2005-02-19,2.295945922258763
2005-02-20,2.295946232923112
2005-02-21,2.2975734024705328
2005-02-22,2.2901388619725016
2005-02-23,2.289220144285196
2005-02-24,2.2814009107845483
2005-02-25,2.2841898171979036
2005-02-26,2.2841898171979036
2005-02-27,2.2842015264881024
2005-02-28,2.2835640990654906
2005-03-01,2.2836169090377925
2005-03-02,2.293868751838869
2005-03-03,2.289177102822155
2005-03-04,2.290602068300104
2005-03-05,2.290603108843168
2005-03-06,2.2905889215717754
2005-03-07,2.2945520183454864
2005-03-08,2.303004278547743
2005-03-09,2.2921651717678833
2005-03-10,2.2902887243511674
2005-03-11,2.2815047843526886
2005-03-12,2.281504014751842
2005-03-13,2.281504014751842
2005-03-14,2.2662049117321903
2005-03-15,2.258392583590688
2005-03-16,2.2585711707243212
2005-03-17,2.2732983596585914
2005-03-18,2.2809665282837517
2005-03-19,2.280974549268815
2005-03-20,2.2809748005924275
2005-03-21,2.270022344577568
2005-03-22,2.269074259479991
2005-03-23,2.2741017573456963
2005-03-24,2.279722176992432
2005-03-25,2.2775924438566477
2005-03-26,2.2775929611803107
2005-03-27,2.2775929611803107
2005-03-28,2.2804854171511186
2005-03-29,2.2840031128886342
2005-03-30,2.2952039390857535
2005-03-31,2.300713423892484
2005-04-01,2.30154536680551
2005-04-02,2.30154536680551
2005-04-03,2.30154536680551
2005-04-04,2.2994215266997378
2005-04-05,2.2888189308540206
2005-04-06,2.294943535444422
2005-04-07,2.3007014074369208
2005-04-08,2.3098148232228217
2005-04-09,2.3098132500741873
2005-04-10,2.3098255843963886
2005-04-11,2.3145768544679304
2005-04-12,2.321301764619421
2005-04-13,2.3219176217866027
2005-04-14,2.32230566767716
2005-04-15,2.3269021850308986
2005-04-16,2.326902969945514
2005-04-17,2.326902969945514
2005-04-18,2.3244970169433548
2005-04-19,2.327463854572342
2005-04-20,2.324906352755498
2005-04-21,2.3333399426614845
2005-04-22,2.325662517391085
2005-04-23,2.325680445593311
2005-04-24,2.325680445593311
2005-04-25,2.3297337068547423
2005-04-26,2.324360711817247
2005-04-27,2.320801643043542
2005-04-28,2.3141630487048985
2005-04-29,2.3340006244502667
2005-04-30,2.3340014117593437
2005-05-01,2.3340011545862684
2005-05-02,2.3366861979757045
2005-05-03,2.3441850508232953
2005-05-04,2.3477367769239343
2005-05-05,2.3598311935362366
2005-05-06,2.3556840728487463
2005-05-07,2.3556909923802603
2005-05-08,2.355690732824225
2005-05-09,2.3491473234897677
2005-05-10,2.337874676779255
2005-05-11,2.351786161045409
2005-05-12,2.356708401204706
2005-05-13,2.3581121936082634
2005-05-14,2.3580855101614127
2005-05-15,2.3580855101614127
2005-05-16,2.36317766889983
2005-05-17,2.3661399991561307
2005-05-18,2.373913989749076
2005-05-19,2.3696405442758075
2005-05-20,2.3780218906981694
2005-05-21,2.3780218906981694
2005-05-22,2.3780218906981694
2005-05-23,2.377185671833387
2005-05-24,2.3747619179787725
2005-05-25,2.3777730990928765
2005-05-26,2.3777673008232836
2005-05-27,2.3928444549602577
2005-05-28,2.392850404028864
2005-05-29,2.392850404028864
2005-05-30,2.4010833507427742
2005-05-31,2.406247131118278
2005-06-01,2.4245625058959783
2005-06-02,2.4261514521748584
2005-06-03,2.4168911795864996
2005-06-04,2.4168843395672184
2005-06-05,2.4168843395672184
2005-06-06,2.4093942997678033
2005-06-07,2.4028134481527537
2005-06-08,2.408448345905339
2005-06-09,2.408425549143333
2005-06-10,2.4176280024606864
2005-06-11,2.417644444189132
2005-06-12,2.417648749414449
2005-06-13,2.4233211553274936
2005-06-14,2.4319626344588525
2005-06-15,2.4324147090769808
2005-06-16,2.43035012266139
2005-06-17,2.4161430617429738
2005-06-18,2.416162486082313
2005-06-19,2.4161724709348893
2005-06-20,2.418596648573034
2005-06-21,2.431243459420726
2005-06-22,2.4346395369647054
2005-06-23,2.4336111556842845
2005-06-24,2.438960300378663
2005-06-25,2.4389777096371055
2005-06-26,2.438988820227647
2005-06-27,2.426847184763541
2005-06-28,2.4185239489857224
2005-06-29,2.442246717681436
2005-06-30,2.442944185862058
2005-07-01,2.45399185540773
2005-07-02,2.4539957557493377
2005-07-03,2.4539952149671516
2005-07-04,2.455132710922996
2005-07-05,2.450153653669165
2005-07-06,2.4488820324280884
2005-07-07,2.4512776693750626
2005-07-08,2.459142639715895
2005-07-09,2.4591540294486456
2005-07-10,2.459151861947117
2005-07-11,2.4657562829675173
2005-07-12,2.449309491070265
2005-07-13,2.467690118079508
2005-07-14,2.467176719170057
2005-07-15,2.4797122965695526
2005-07-16,2.4797144990197912
2005-07-17,2.479728458818958
2005-07-18,2.4788762860298097
2005-07-19,2.4825328869565135
2005-07-20,2.47444665013118
2005-07-21,2.472493151833366
2005-07-22,2.467873738695616
2005-07-23,2.467874282536175
2005-07-24,2.467874282536175
2005-07-25,2.4449339914464696
2005-07-26,2.463186752207542
2005-07-27,2.467713936918671
2005-07-28,2.47505434407742
2005-07-29,2.4755756038828154
2005-07-30,2.4755781546482547
2005-07-31,2.4755781546482547
2005-08-01,2.475654660353286
2005-08-02,2.4586278435555093
2005-08-03,2.468695205579685
2005-08-04,2.465298382179876
2005-08-05,2.460595458974641
2005-08-06,2.460606905002716
2005-08-07,2.460606905002716
2005-08-08,2.448145607323075
2005-08-09,2.458098066470532
2005-08-10,2.464117428636199
2005-08-11,2.4537811613759852
2005-08-12,2.4464946359187727
2005-08-13,2.4464885373724887
2005-08-14,2.4464885373724887
2005-08-15,2.4613761604834115
2005-08-16,2.460168664176016
2005-08-17,2.4564603911009337
2005-08-18,2.445857508863401
2005-08-19,2.4333183704061314
2005-08-20,2.4333313189346124
2005-08-21,2.4333313189346124
2005-08-22,2.4388753421009914
2005-08-23,2.419141465933097
2005-08-24,2.4026149402272967
2005-08-25,2.4244103760693
2005-08-26,2.4127144077088998
2005-08-27,2.412700755033207
2005-08-28,2.412708793283377
2005-08-29,2.4173542681676072
2005-08-30,2.409016354870851
2005-08-31,2.429549995239994
2005-09-01,2.4074484466163386
2005-09-02,2.4361925993808398
2005-09-03,2.4362047368567055
2005-09-04,2.436217813700386
2005-09-05,2.434238920878432
2005-09-06,2.4336921037032813
2005-09-07,2.423880661587523
2005-09-08,2.4246801111412157
2005-09-09,2.432462889037088
2005-09-10,2.432462889037088
2005-09-11,2.4324647103263324
2005-09-12,2.436582088136413
2005-09-13,2.4142590338045706
2005-09-14,2.4089620136593126
2005-09-15,2.4128652887124264
2005-09-16,2.4051972323569175
2005-09-17,2.405215211640704
2005-09-18,2.4052149466421002
2005-09-19,2.4137271683889976
2005-09-20,2.414118243803731
2005-09-21,2.434740130487343
2005-09-22,2.4121931923707245
2005-09-23,2.415353639240331
2005-09-24,2.415380965340747
2005-09-25,2.415380965340747
2005-09-26,2.4111555490286687
2005-09-27,2.411440927896097
2005-09-28,2.418160738088418
2005-09-29,2.4302757623908016
2005-09-30,2.4369526009842923
2005-10-01,2.436957366807609
2005-10-02,2.436960051016307
2005-10-03,2.454078311521643
2005-10-04,2.45296874189459
2005-10-05,2.4535591681779927
2005-10-06,2.423063435973684
2005-10-07,2.4316730921090963
2005-10-08,2.4316736441721276
2005-10-09,2.431699805710133
2005-10-10,2.4333681356724624
2005-10-11,2.4314539462199596
2005-10-12,2.403885548748161
2005-10-13,2.4044563421417386
2005-10-14,2.4225374343000103
2005-10-15,2.422537668613268
2005-10-16,2.422537668613268
2005-10-17,2.4262578146259255
2005-10-18,2.4262224257963663
2005-10-19,2.4310579345008754
2005-10-20,2.4235114992083684
2005-10-21,2.4228060747563314
2005-10-22,2.4228129315346907
2005-10-23,2.4228129315346907
2005-10-24,2.4280143032969566
2005-10-25,2.416499743220501
2005-10-26,2.4124461798523713
2005-10-27,2.410337601324593
2005-10-28,2.430834491787976
2005-10-29,2.43081905174226
2005-10-30,2.4308179804785057
2005-10-31,2.442162775975883
2005-11-01,2.447883050813397
2005-11-02,2.4523889189872543
2005-11-03,2.4492265871990835
2005-11-04,2.4610439426673127
2005-11-05,2.461053142256398
2005-11-06,2.4610525999479105
2005-11-07,2.4706232540290993
2005-11-08,2.4724463613858343
2005-11-09,2.469098829034848
2005-11-10,2.482562147159569
2005-11-11,2.4834239818463146
2005-11-12,2.483433828861553
2005-11-13,2.483433828861553
2005-11-14,2.489821400940449
2005-11-15,2.489537990245096
2005-11-16,2.4867237211272717
2005-11-17,2.486654399394763
2005-11-18,2.484468513060589
2005-11-19,2.4844682393155293
2005-11-20,2.4844682393155293
2005-11-21,2.4894325060386606
2005-11-22,2.4894064159495484
2005-11-23,2.4913882373148373
2005-11-24,2.4911300936296414
2005-11-25,2.496847588656025
2005-11-26,2.4968478637650784
2005-11-27,2.496847588656025
2005-11-28,2.5002131197193616
2005-11-29,2.4974154201206797
2005-11-30,2.5024412602506128
2005-12-01,2.517341485478904
2005-12-02,2.521588888522984
2005-12-03,2.521584742844671
2005-12-04,2.521584187182847
2005-12-05,2.520771245566615
2005-12-06,2.5266765974051824
2005-12-07,2.51933284396766
2005-12-08,2.5012219670030835
2005-12-09,2.475634623214058
2005-12-10,2.475640362574455
2005-12-11,2.4756311962548687
2005-12-12,2.473413841387838
2005-12-13,2.4723973899633918
2005-12-14,2.4459372540007718
2005-12-15,2.446754635573459
2005-12-16,2.4476414097589676
2005-12-17,2.447645417336724
2005-12-18,2.447653950314918
2005-12-19,2.451559396868608
2005-12-20,2.4682602382864967
2005-12-21,2.4784393298384217
2005-12-22,2.4734332551191067
2005-12-23,2.4659892798850964
2005-12-24,2.4659898396774067
2005-12-25,2.465991331155552
2005-12-26,2.464309632463157
2005-12-27,2.4540276068221827
2005-12-28,2.446484978109876
2005-12-29,2.471739391521231
2005-12-30,2.480260732677008
2005-12-31,2.4802604593955566
2006-01-01,2.480260732677008
2006-01-02,2.4783307552774554
2006-01-03,2.471298882098671
2006-01-04,2.477698925885567
2006-01-05,2.4642373100122037
2006-01-06,2.4751801533109288
2006-01-07,2.475180715205057
2006-01-08,2.475167359827452
2006-01-09,2.47255513920666
2006-01-10,2.4634981988013616
2006-01-11,2.4687419578962686
2006-01-12,2.471926640836788
2006-01-13,2.474901838120806
2006-01-14,2.4749021108118217
2006-01-15,2.4748976556346647
2006-01-16,2.4782975474548183
2006-01-17,2.471241203817336
2006-01-18,2.4774748363906895
2006-01-19,2.4903046820909753
2006-01-20,2.4784906604518593
2006-01-21,2.4784906604518593
2006-01-22,2.478492982772453
2006-01-23,2.4736988863542457
2006-01-24,2.4843105224750954
2006-01-25,2.480413729900251
2006-01-26,2.4888821633595857
2006-01-27,2.5064067943122983
2006-01-28,2.506396858285605
2006-01-29,2.506393680781948
2006-01-30,2.5044779727434383
2006-01-31,2.500905692405076
2006-02-01,2.4993866492723416
2006-02-02,2.492588284840323
2006-02-03,2.495168633859983
2006-02-04,2.4951689087987186
2006-02-05,2.4949459418180924
2006-02-06,2.504183347448769
2006-02-07,2.4875508678970797
2006-02-08,2.4949600256783913
2006-02-09,2.5009005759579024
2006-02-10,2.4961428355970265
2006-02-11,2.4961434025613904
2006-02-12,2.496147009703682
2006-02-13,2.4902310108037637
2006-02-14,2.498278297349386
2006-02-15,2.4930560119065452
2006-02-16,2.5037113050514677
2006-02-17,2.511204591088596
2006-02-18,2.511204574249192
2006-02-19,2.511204574249192
2006-02-20,2.5101046117248678
2006-02-21,2.5060382443221334
2006-02-22,2.511360817871205
2006-02-23,2.5038298020257366
2006-02-24,2.50461122942437
2006-02-25,2.5046065357007143
2006-02-26,2.5045964165365233
2006-02-27,2.509116990893867
2006-02-28,2.5026317087836176
2006-03-01,2.503407902003582
2006-03-02,2.488190803326961
2006-03-03,2.478653619072701
2006-03-04,2.478644495807328
2006-03-05,2.478639693754283
2006-03-06,2.459699174870696
2006-03-07,2.463891716934542
2006-03-08,2.4574619162272824
2006-03-09,2.4580671574132524
2006-03-10,2.4652411995550403
2006-03-11,2.4652406398711726
2006-03-12,2.4652395533798503
2006-03-13,2.454696613168256
2006-03-14,2.4617157187042533
2006-03-15,2.4633749530908577
2006-03-16,2.459029385972636
2006-03-17,2.4423705181859305
2006-03-18,2.4423705181859305
2006-03-19,2.442357351304795
2006-03-20,2.432213156645664
2006-03-21,2.4207528950153434
2006-03-22,2.417727102987647
2006-03-23,2.410160731763384
2006-03-24,2.408517756851929
2006-03-25,2.408528543696384
2006-03-26,2.408528543696384
2006-03-27,2.395688116278176
2006-03-28,2.383209349377417
2006-03-29,2.399405875984941
2006-03-30,2.387005093134225
2006-03-31,2.4027070942072557
2006-04-01,2.4027109124081583
2006-04-02,2.4027109124081583
2006-04-03,2.4087539005815413
2006-04-04,2.3904016210836807
2006-04-05,2.3593267077682527
2006-04-06,2.354268395478344
2006-04-07,2.342252777817875
2006-04-08,2.342254099294455
2006-04-09,2.342253841239577
2006-04-10,2.3469006789633893
2006-04-11,2.359687063312877
2006-04-12,2.367123929450785
2006-04-13,2.3492134173944224
2006-04-14,2.349735985760661
2006-04-15,2.3497407454597194
2006-04-16,2.3497349161622245
2006-04-17,2.3548793862719912
2006-04-18,2.3768683049513095
2006-04-19,2.3685889211436866
2006-04-20,2.3511603062831594
2006-04-21,2.3519305112324402
2006-04-22,2.3519315790186726
2006-04-23,2.351931319918305
2006-04-24,2.340436360740032
2006-04-25,2.321948496444525
2006-04-26,2.327601360205463
2006-04-27,2.332386007133384
2006-04-28,2.336449682731347
2006-04-29,2.3364518043058617
2006-04-30,2.33645575243945
2006-05-01,2.324785112806947
2006-05-02,2.3489816322736847
2006-05-03,2.3495710656365416
2006-05-04,2.3397973654926876
2006-05-05,2.3478751115392558
2006-05-06,2.347874076828955
2006-05-07,2.3478782886665277
2006-05-08,2.3501103445420837
2006-05-09,2.3630028611174567
2006-05-10,2.3668570964984066
2006-05-11,2.350439845428271
2006-05-12,2.2526015111336872
2006-05-13,2.252600730163806
2006-05-14,2.252604485553038
2006-05-15,2.2584219932640703
2006-05-16,2.27582037849483
2006-05-17,2.2532191976172466
2006-05-18,2.2518088209881633
2006-05-19,2.2522827159171555
2006-05-20,2.2522809188988124
2006-05-21,2.2522724124605777
2006-05-22,2.2367876482824665
2006-05-23,2.2293161102914136
2006-05-24,2.2610996959193357
2006-05-25,2.268204580465573
2006-05-26,2.2725326691950354
2006-05-27,2.272533174161951
2006-05-28,2.2725326691950354
2006-05-29,2.2545166180252836
2006-05-30,2.2300826696819525
2006-05-31,2.2327841496094165
2006-06-01,2.2496027195643253
2006-06-02,2.228814734035172
2006-06-03,2.2288155067340694
2006-06-04,2.228817440429897
2006-06-05,2.2239766947807973
2006-06-06,2.2385823633757926
2006-06-07,2.2259551783391
2006-06-08,2.2272632214547254
2006-06-09,2.227668392003299
2006-06-10,2.227668392003299
2006-06-11,2.2276676495561754
2006-06-12,2.219124277168931
2006-06-13,2.217933920451003
2006-06-14,2.2224695717835905
2006-06-15,2.1670639001157967
2006-06-16,2.1548557284532177
2006-06-17,2.1548557284532177
2006-06-18,2.1548557284532177
2006-06-19,2.151301704978168
2006-06-20,2.1588128056212192
2006-06-21,2.1675810219330596
2006-06-22,2.1653212835045568
2006-06-23,2.1786542534376028
2006-06-24,2.1786535187528
2006-06-25,2.178652798642501
2006-06-26,2.160331309500134
2006-06-27,2.1698528419701644
2006-06-28,2.1738176987826052
2006-06-29,2.186901291467873
2006-06-30,2.176482969006711
2006-07-01,2.176482969006711
2006-07-02,2.1764836884765613
2006-07-03,2.221282447081657
2006-07-04,2.279565643871415
2006-07-05,2.2472106451162746
2006-07-06,2.2895857017454535
2006-07-07,2.2907036598925345
2006-07-08,2.2906981965159576
2006-07-09,2.2906963132774547
2006-07-10,2.294855983307551
2006-07-11,2.2987326676076805
2006-07-12,2.285265231660197
2006-07-13,2.2875165692822725
2006-07-14,2.3055428348557876
2006-07-15,2.3055431020161046
2006-07-16,2.3055431020161046
2006-07-17,2.3113607483076266
2006-07-18,2.3220312533254934
2006-07-19,2.326950056361802
2006-07-20,2.323639987364171
2006-07-21,2.300518926405506
2006-07-22,2.300519192911716
2006-07-23,2.300519192911716
2006-07-24,2.317251020923046
2006-07-25,2.3206105945704882
2006-07-26,2.3158329158445166
2006-07-27,2.3131760208219916
2006-07-28,2.3202573576879457
2006-07-29,2.3202602079968746
2006-07-30,2.320259700903834
2006-07-31,2.296220782643712
2006-08-01,2.2819567858334944
2006-08-02,2.2934241139616534
2006-08-03,2.2959168481531442
2006-08-04,2.2461055128380374
2006-08-05,2.2461075374701713
2006-08-06,2.2461070425131044
2006-08-07,2.256361877016406
2006-08-08,2.259214261168724
2006-08-09,2.2594267868356446
2006-08-10,2.263541018957987
2006-08-11,2.2753491875851477
2006-08-12,2.2753491875851477
2006-08-13,2.275368001205723
2006-08-14,2.268385097093878
2006-08-15,2.281267475969005
2006-08-16,2.2736442684141673
2006-08-17,2.276720354923127
2006-08-18,2.2749589570257025
2006-08-19,2.274962807492995
2006-08-20,2.274962807492995
2006-08-21,2.2792212664165934
2006-08-22,2.267677982680181
2006-08-23,2.255290602146047
2006-08-24,2.2527428926213027
2006-08-25,2.2523333242721173
2006-08-26,2.25233690331374
2006-08-27,2.2523389145187513
2006-08-28,2.2674776950377566
2006-08-29,2.2674955345815717
2006-08-30,2.262952515344354
2006-08-31,2.255433881564383
2006-09-01,2.2611624223575704
2006-09-02,2.2611624223575704
2006-09-03,2.261162173223579
2006-09-04,2.2634629946611033
2006-09-05,2.2690240943593483
2006-09-06,2.245527050489846
2006-09-07,2.2440285399443463
2006-09-08,2.2500675791834013
2006-09-09,2.2500675791834013
2006-09-10,2.250059480068617
2006-09-11,2.2352174893953767
2006-09-12,2.2472390238098794
2006-09-13,2.2476682724003796
2006-09-14,2.247813805842864
2006-09-15,2.2597535884922335
2006-09-16,2.2597538524535272
2006-09-17,2.2597536034747314
2006-09-18,2.2634138339008483
2006-09-19,2.25049712910325
2006-09-20,2.252687918928576
2006-09-21,2.2231655403881394
2006-09-22,2.236462852743501
2006-09-23,2.2364630842312487
2006-09-24,2.236459929230898
2006-09-25,2.231331238257029
2006-09-26,2.238166978687539
2006-09-27,2.235808935089393
2006-09-28,2.2456026604893964
2006-09-29,2.253877106503966
2006-09-30,2.253881184668814
2006-10-01,2.253884191150764
2006-10-02,2.249205585623332
2006-10-03,2.236213080102774
2006-10-04,2.247074315544029
2006-10-05,2.2445685193690617
2006-10-06,2.240511231781013
2006-10-07,2.2405132513573225
2006-10-08,2.2405127576461825
2006-10-09,2.2873061316214
2006-10-10,2.3022233022571137
2006-10-11,2.308111516912352
2006-10-12,2.3275279576146573
2006-10-13,2.3384776541335275
2006-10-14,2.3384776541335275
2006-10-15,2.3384776541335275
2006-10-16,2.336591151156716
2006-10-17,2.3384815969917496
2006-10-18,2.3391368770906342
2006-10-19,2.3404814869390687
2006-10-20,2.33343878747347
2006-10-21,2.33343878747347
2006-10-22,2.33343878747347
2006-10-23,2.332262032171572
2006-10-24,2.3444620007142922
2006-10-25,2.3536435520842556
2006-10-26,2.3528945137642197
2006-10-27,2.3467162414646787
2006-10-28,2.3467188832893937
2006-10-29,2.3467121949548195
2006-10-30,2.3422451166882676
2006-10-31,2.3442276358845935
2006-11-01,2.3355790966813244
2006-11-02,2.3219644036060134
2006-11-03,2.3338108941385936
2006-11-04,2.3338108941385936
2006-11-05,2.3338162372347186
2006-11-06,2.330784512650461
2006-11-07,2.326267559303276
2006-11-08,2.3249981720119983
2006-11-09,2.308283781932225
2006-11-10,2.305428817968875
2006-11-11,2.305428031810208
2006-11-12,2.305439584158192
2006-11-13,2.3178341784996364
2006-11-14,2.3192137519750546
2006-11-15,2.3261056157143227
2006-11-16,2.3090657617515564
2006-11-17,2.30166822193844
2006-11-18,2.3016669188830083
2006-11-19,2.3016699647686667
2006-11-20,2.2953633345104683
2006-11-21,2.2982328790832485
2006-11-22,2.291671225366427
2006-11-23,2.285481559556764
2006-11-24,2.27852213501772
2006-11-25,2.27852213501772
2006-11-26,2.27852213501772
2006-11-27,2.2592455715088575
2006-11-28,2.267765948553599
2006-11-29,2.2739184755169237
2006-11-30,2.2735850874314805
2006-12-01,2.2592954406781933
2006-12-02,2.2592996182129212
2006-12-03,2.2592996182129212
2006-12-04,2.2800106848222588
2006-12-05,2.2922066231676403
2006-12-06,2.2992292404786445
2006-12-07,2.2866355976562414
2006-12-08,2.303999931726193
2006-12-09,2.303999931726193
2006-12-10,2.304013468158526
2006-12-11,2.299407510950435
2006-12-12,2.295442937627652
2006-12-13,2.298143980303343
2006-12-14,2.3138829746762286
2006-12-15,2.3142334775541036
2006-12-16,2.3142334775541036
2006-12-17,2.3142465007397663
2006-12-18,2.307091527054862
2006-12-19,2.2999578720807454
2006-12-20,2.2999009834599193
2006-12-21,2.2899707284924857
2006-12-22,2.295887546600801
2006-12-23,2.2958885501606527
2006-12-24,2.2959010631069683
2006-12-25,2.2893608450497003
2006-12-26,2.2912145829702255
2006-12-27,2.28972138476957
2006-12-28,2.2919311880396824
2006-12-29,2.3035795508300656
2006-12-30,2.3035795508300656
2006-12-31,2.3035792990962385
2007-01-01,2.2989886373714645
2007-01-02,2.3040121862620078
2007-01-03,2.297497286402811
2007-01-04,2.289643238785666
2007-01-05,2.2879798350165546
2007-01-06,2.2879837769856017
2007-01-07,2.2879847770373045
2007-01-08,2.281737956446047
2007-01-09,2.2754735710902056
2007-01-10,2.2893459499712043
2007-01-11,2.277892997027281
2007-01-12,2.2860883418144486
2007-01-13,2.2860883418144486
2007-01-14,2.286092196825733
2007-01-15,2.2813261384082817
2007-01-16,2.2892165250240915
2007-01-17,2.283922729826138
2007-01-18,2.287687762956577
2007-01-19,2.298513865552843
2007-01-20,2.298513865552843
2007-01-21,2.298513865552843
2007-01-22,2.284615194906888
2007-01-23,2.2838799018480684
2007-01-24,2.293800058907391
2007-01-25,2.270087966966416
2007-01-26,2.272321529809146
2007-01-27,2.2723133039883985
2007-01-28,2.2723133039883985
2007-01-29,2.2645874020565175
2007-01-30,2.2736361236303044
2007-01-31,2.273408837283273
2007-02-01,2.281818303970782
2007-02-02,2.2930071356265724
2007-02-03,2.293000117916008
2007-02-04,2.2929968992539176
2007-02-05,2.3137499243497333
2007-02-06,2.304166533139166
2007-02-07,2.296107611557491
2007-02-08,2.2989173038815554
2007-02-09,2.290062564441139
2007-02-10,2.290062564441139
2007-02-11,2.2900630608390693
2007-02-12,2.2842937333354723
2007-02-13,2.300756224563258
2007-02-14,2.2986478856042476
2007-02-15,2.2880501234319643
2007-02-16,2.282110208195143
2007-02-17,2.282110717864364
2007-02-18,2.2821074601373637
2007-02-19,2.285255914237094
2007-02-20,2.2854800783169686
2007-02-21,2.2858208195487366
2007-02-22,2.2812470614327904
2007-02-23,2.268832156012668
2007-02-24,2.268832156012668
2007-02-25,2.268845427803479
2007-02-26,2.2617229511332395
2007-02-27,2.2413637634370045
2007-02-28,2.2503033139724518
2007-03-01,2.252662235704547
2007-03-02,2.2441940668743583
2007-03-03,2.2441940668743583
2007-03-04,2.2441912812105747
2007-03-05,2.251976957013657
2007-03-06,2.258088759657875
2007-03-07,2.2504678432775673
2007-03-08,2.2540815546629496
2007-03-09,2.261546416501909
2007-03-10,2.261547412087869
2007-03-11,2.261546115552102
2007-03-12,2.2565560157886013
2007-03-13,2.2447392817896605
2007-03-14,2.253332236107491
2007-03-15,2.218362998402162
2007-03-16,2.202879094612912
2007-03-17,2.202879331484802
2007-03-18,2.202893427430356
2007-03-19,2.214784526918894
2007-03-20,2.2179545457103003
2007-03-21,2.233449770116192
2007-03-22,2.2377646995251115
2007-03-23,2.2317316903176305
2007-03-24,2.2317316903176305
2007-03-25,2.2317316903176305
2007-03-26,2.2327629380958833
2007-03-27,2.223867836238334
2007-03-28,2.223460181531715
2007-03-29,2.2303253728728523
2007-03-30,2.2239452274002587
2007-03-31,2.2239625204363187
2007-04-01,2.2239625204363187
2007-04-02,2.232512792274844
2007-04-03,2.2390187401778605
2007-04-04,2.228255625989684
2007-04-05,2.225673324143901
2007-04-06,2.2318324016869133
2007-04-07,2.2318316818850525
2007-04-08,2.2318316818850525
2007-04-09,2.235659197990652
2007-04-10,2.2237531830417416
2007-04-11,2.220162916118312
2007-04-12,2.222168625321832
2007-04-13,2.2206994695938875
2007-04-14,2.2206994695938875
2007-04-15,2.2206895671372537
2007-04-16,2.2185439728903624
2007-04-17,2.2130472498520106
2007-04-18,2.2070225789102085
2007-04-19,2.207152258017186
2007-04-20,2.209447884750165
2007-04-21,2.209447884750165
2007-04-22,2.209451801686665
2007-04-23,2.212846881740576
2007-04-24,2.2096726460293996
2007-04-25,2.215471208129178
2007-04-26,2.214609552152363
2007-04-27,2.218848475367345
2007-04-28,2.218848475367345
2007-04-29,2.2188623293545287
2007-04-30,2.2097221463038252
2007-05-01,2.218284051582754
2007-05-02,2.2215983350004467
2007-05-03,2.221809318222056
2007-05-04,2.2258117387926846
2007-05-05,2.225810527793908
2007-05-06,2.225810527793908
2007-05-07,2.2356308597048584
2007-05-08,2.2364686809994745
2007-05-09,2.244882000095056
2007-05-10,2.23429547496034
2007-05-11,2.2423694844882585
2007-05-12,2.2423694844882585
2007-05-13,2.2423694844882585
2007-05-14,2.2403845965976057
2007-05-15,2.237425658417688
2007-05-16,2.247639033719704
2007-05-17,2.242294412243601
2007-05-18,2.2423366200007733
2007-05-19,2.2423366200007733
2007-05-20,2.2423366200007733
2007-05-21,2.2490184289543107
2007-05-22,2.243833711535731
2007-05-23,2.243588133373524
2007-05-24,2.251131000475376
2007-05-25,2.2597266454320284
2007-05-26,2.2597266454320284
2007-05-27,2.259727131381842
2007-05-28,2.2568885858775487
2007-05-29,2.2562677815355765
2007-05-30,2.2698389296867285
2007-05-31,2.267630337434304
2007-06-01,2.2698688245739977
2007-06-02,2.2698688245739977
2007-06-03,2.2698645694805486
2007-06-04,2.2607650834334794
2007-06-05,2.248829913455752
2007-06-06,2.2430096710771243
2007-06-07,2.2299091830975346
2007-06-08,2.237456192996738
2007-06-09,2.2374556972211805
2007-06-10,2.23746710566977
2007-06-11,2.2381607853084096
2007-06-12,2.2181498189202546
2007-06-13,2.2368984376886716
2007-06-14,2.2480180628596425
2007-06-15,2.26015661268194
2007-06-16,2.260150026533962
2007-06-17,2.2601345112342774
2007-06-18,2.2597412989788195
2007-06-19,2.2646771474308167
2007-06-20,2.2453799586891745
2007-06-21,2.250872930358805
2007-06-22,2.2450174520441983
2007-06-23,2.245019938890813
2007-06-24,2.245019938890813
2007-06-25,2.2435042103808533
2007-06-26,2.238382138669608
2007-06-27,2.2530077404439623
2007-06-28,2.254318517166722
2007-06-29,2.2470528451515857
2007-06-30,2.2470608831977175
2007-07-01,2.247061679010902
2007-07-02,2.2507389466144487
2007-07-03,2.247730487883985
2007-07-04,2.250154712709439
2007-07-05,2.2468657001425894
2007-07-06,2.2486444410663857
2007-07-07,2.2486444410663857
2007-07-08,2.2486444410663857
2007-07-09,2.250495649943219
2007-07-10,2.2301985586598456
2007-07-11,2.2398417108384194
2007-07-12,2.244647803841092
2007-07-13,2.242773917647192
2007-07-14,2.2427758905167625
2007-07-15,2.242767464975364
2007-07-16,2.238662738299315
2007-07-17,2.2461453523562014
2007-07-18,2.2451801529911988
2007-07-19,2.2432015331717405
2007-07-20,2.2311346015056865
2007-07-21,2.2311348413902548
2007-07-22,2.231118734696458
2007-07-23,2.2365815903057142
2007-07-24,2.218650397193408
2007-07-25,2.219094977886898
2007-07-26,2.199485230523035
2007-07-27,2.1981504280636495
2007-07-28,2.198145889529941
2007-07-29,2.1981440088832813
2007-07-30,2.2177936730668137
2007-07-31,2.2030391245533396
2007-08-01,2.2158567677962453
2007-08-02,2.2128279609779424
2007-08-03,2.197828380864174
2007-08-04,2.1978426762691745
2007-08-05,2.1978449501065693
2007-08-06,2.2100968006053834
2007-08-07,2.2125793583907134
2007-08-08,2.2124860527792922
2007-08-09,2.206241880547281
2007-08-10,2.206948076146603
2007-08-11,2.2069478389067996
2007-08-12,2.2069438960382706
2007-08-13,2.2038356415815286
2007-08-14,2.1966422491872324
2007-08-15,2.1847652914821296
2007-08-16,2.195549155217369
2007-08-17,2.2110836377291765
2007-08-18,2.2110899546687195
2007-08-19,2.2111098608631043
2007-08-20,2.203001116105065
2007-08-21,2.199308494431606
2007-08-22,2.2115265854025874
2007-08-23,2.205841972407807
2007-08-24,2.213368409076923
2007-08-25,2.213368409076923
2007-08-26,2.2133639989532714
2007-08-27,2.2045564815825
2007-08-28,2.193271168398557
2007-08-29,2.2036344740152987
2007-08-30,2.2015416577808793
2007-08-31,2.212673335996064
2007-09-01,2.212673335996064
2007-09-02,2.2126748385008836
2007-09-03,2.2152527191034634
2007-09-04,2.2142498001037705
2007-09-05,2.2007063482229037
2007-09-06,2.204189178238127
2007-09-07,2.1834570871258094
2007-09-08,2.183462160988437
2007-09-09,2.18346145676798
2007-09-10,2.1884895131471622
2007-09-11,2.1929439209851673
2007-09-12,2.1822449276843154
2007-09-13,2.1785949224084065
2007-09-14,2.179088904239345
2007-09-15,2.1790884214631334
2007-09-16,2.179081650231075
2007-09-17,2.1785269426397926
2007-09-18,2.197102125576234
2007-09-19,2.1971996592750966
2007-09-20,2.1897814806437004
2007-09-21,2.1972929501523706
2007-09-22,2.197292476175414
2007-09-23,2.1972890009460464
2007-09-24,2.194123271300117
2007-09-25,2.1963387033375708
2007-09-26,2.1969251210118603
2007-09-27,2.194943573729179
2007-09-28,2.188110118622599
2007-09-29,2.1881098828105863
2007-09-30,2.18811406540532
2007-10-01,2.196911000580905
2007-10-02,2.196922833790312
2007-10-03,2.197741014207224
2007-10-04,2.2027349865914503
2007-10-05,2.2045819907455204
2007-10-06,2.204582203064333
2007-10-07,2.204582203064333
2007-10-08,2.2074510518883614
2007-10-09,2.2084242123545086
2007-10-10,2.206408857856675
2007-10-11,2.2016861671681993
2007-10-12,2.205646709335663
2007-10-13,2.2056462205547303
2007-10-14,2.2056459826621175
2007-10-15,2.206375868653734
2007-10-16,2.2074767283488588
2007-10-17,2.20445296627592
2007-10-18,2.2090476676613346
2007-10-19,2.198308530266852
2007-10-20,2.198308530266852
2007-10-21,2.1982844865844213
2007-10-22,2.206917759500496
2007-10-23,2.2014222058283806
2007-10-24,2.1967601470689857
2007-10-25,2.1982621329072627
2007-10-26,2.209275160105678
2007-10-27,2.209271276814068
2007-10-28,2.2092809475637964
2007-10-29,2.213425814601302
2007-10-30,2.195196540128311
2007-10-31,2.2188021852250834
2007-11-01,2.211407992923977
2007-11-02,2.2133203340853957
2007-11-03,2.2133661867546475
2007-11-04,2.2133579034247712
2007-11-05,2.2062770989843767
2007-11-06,2.205708117333609
2007-11-07,2.1866628383397977
2007-11-08,2.1792735000442383
2007-11-09,2.1654823992620753
2007-11-10,2.1654814521937436
2007-11-11,2.165484954013366
2007-11-12,2.1638183300689935
2007-11-13,2.1782601339589887
2007-11-14,2.1679584004262114
2007-11-15,2.1642821770772094
2007-11-16,2.162763515642968
2007-11-17,2.1627646847324384
2007-11-18,2.1627646847324384
2007-11-19,2.1535912547161855
2007-11-20,2.1534005589619967
2007-11-21,2.1513309211339355
2007-11-22,2.1564681156543326
2007-11-23,2.1542832767475106
2007-11-24,2.154292684959985
2007-11-25,2.1543046668968953
2007-11-26,2.15221751592617
2007-11-27,2.1601801815932697
2007-11-28,2.163561652841348
2007-11-29,2.1672918624103996
2007-11-30,2.1756461500359894
2007-12-01,2.1756708790743273
2007-12-02,2.1756488899659168
2007-12-03,2.171563217886475
2007-12-04,2.1736229080166676
2007-12-05,2.187072462559789
2007-12-06,2.1858913681491403
2007-12-07,2.1843725959723654
2007-12-08,2.184353799385264
2007-12-09,2.184346292228804
2007-12-10,2.1841532531740464
2007-12-11,2.173725514125471
2007-12-12,2.1771504543059494
2007-12-13,2.1829494046124824
2007-12-14,2.1906231206548443
2007-12-15,2.1906132148349897
2007-12-16,2.1906038720585412
2007-12-17,2.1861873144891644
2007-12-18,2.1934990254642566
2007-12-19,2.1486354090190343
2007-12-20,2.153701076151505
2007-12-21,2.097226920222205
2007-12-22,2.0972154308958415
2007-12-23,2.0972054969120095
2007-12-24,2.099319076692449
2007-12-25,2.0993170576070703
2007-12-26,2.097984702061286
2007-12-27,2.0812780995498907
2007-12-28,2.072680538764419
2007-12-29,2.072667261395288
2007-12-30,2.072657439252201
2007-12-31,2.0760973647917753
2008-01-01,2.07754525783114
2008-01-02,2.0681546159752937
2008-01-03,2.0751357281768343
2008-01-04,2.0656720607654364
2008-01-05,2.065702340655443
2008-01-06,2.065674063927296
2008-01-07,2.075385049448012
2008-01-08,2.066130855034551
2008-01-09,2.064848689569098
2008-01-10,2.061310076330088
2008-01-11,2.0605867271201648
2008-01-12,2.0605664564278956
2008-01-13,2.0605312192771894
2008-01-14,2.063900068402603
2008-01-15,2.061608170121264
2008-01-16,2.0685433293161233
2008-01-17,2.068760985051118
2008-01-18,2.078865576575371
2008-01-19,2.078862271682117
2008-01-20,2.078868096350478
2008-01-21,2.072751982648644
2008-01-22,2.075480480824623
2008-01-23,2.0782309284774128
2008-01-24,2.079003280312687
2008-01-25,2.0791204161263845
2008-01-26,2.0791434888691582
2008-01-27,2.079194585855013
2008-01-28,2.0808219783872928
2008-01-29,2.0858171995181616
2008-01-30,2.0837677848197163
2008-01-31,2.087786778238653
2008-02-01,2.091606852031994
2008-02-02,2.0916034364791276
2008-02-03,2.091576162269737
2008-02-04,2.091591630783974
2008-02-05,2.0916593167868753
2008-02-06,2.099028848097557
2008-02-07,2.116425242360995
2008-02-08,2.1145071988390316
2008-02-09,2.1145230556836863
2008-02-10,2.1144854023684054
2008-02-11,2.1148320523246777
2008-02-12,2.110532135427028
2008-02-13,2.1165224178192386
2008-02-14,2.1086608286911237
2008-02-15,2.108401470372847
2008-02-16,2.1083693602386138
2008-02-17,2.1083707745248033
2008-02-18,2.1112778570628206
2008-02-19,2.104744903579546
2008-02-20,2.103034185849625
2008-02-21,2.093167235750272
2008-02-22,2.099076203311319
2008-02-23,2.0991151271616606
2008-02-24,2.0991305376437848
2008-02-25,2.0957613647499014
2008-02-26,2.0966678138059804
2008-02-27,2.097104425378985
2008-02-28,2.0984180332359434
2008-02-29,2.154907748807173
2008-03-01,2.1549243352669163
2008-03-02,2.1549071530229758
2008-03-03,2.1574405919596633
2008-03-04,2.1532393157737957
2008-03-05,2.1528361275384142
2008-03-06,2.125208349938502
2008-03-07,2.129945769143631
2008-03-08,2.1299493296284355
2008-03-09,2.1299391060773707
2008-03-10,2.1243273781047805
2008-03-11,2.1410254696584468
2008-03-12,2.128955222604612
2008-03-13,2.131922817623244
2008-03-14,2.1279313140575415
2008-03-15,2.1279835066041617
2008-03-16,2.1279249680114667
2008-03-17,2.131187818498496
2008-03-18,2.1456028832104197
2008-03-19,2.1447320406233823
2008-03-20,2.147818447845869
2008-03-21,2.137085539936129
2008-03-22,2.137099938806751
2008-03-23,2.1370678943880264
2008-03-24,2.157574670057769
2008-03-25,2.1456450115635524
2008-03-26,2.137660849375774
2008-03-27,2.1409951208119686
2008-03-28,2.1437904176762634
2008-03-29,2.1437842020274944
2008-03-30,2.1437582144227814
2008-03-31,2.156201007280859
2008-04-01,2.1737698286886133
2008-04-02,2.1645461314628016
2008-04-03,2.166249402594144
2008-04-04,2.1619409782953714
2008-04-05,2.1619421499075853
2008-04-06,2.1619421499075853
2008-04-07,2.165667751628167
2008-04-08,2.164663260914608
2008-04-09,2.158263026248479
2008-04-10,2.170647642509899
2008-04-11,2.164564751590381
2008-04-12,2.1645651360511518
2008-04-13,2.1645395173971127
2008-04-14,2.1808086711526826
2008-04-15,2.1841550757940746
2008-04-16,2.1779047006649193
2008-04-17,2.1776673378292006
2008-04-18,2.1769109237285
2008-04-19,2.1768942039311385
2008-04-20,2.1768647212336285
2008-04-21,2.1632135661494987
2008-04-22,2.166190640941611
2008-04-23,2.171710503689315
2008-04-24,2.1868762630086827
2008-04-25,2.1819183570462832
2008-04-26,2.181912257843216
2008-04-27,2.181912021375173
2008-04-28,2.177536772755448
2008-04-29,2.1684111946097073
2008-04-30,2.1762877476275433
2008-05-01,2.180843048638054
2008-05-02,2.1871508245821945
2008-05-03,2.1871167571698145
2008-05-04,2.1870990002790425
2008-05-05,2.1821920199146323
2008-05-06,2.1748811269147366
2008-05-07,2.1701474303163093
2008-05-08,2.1667760610888926
2008-05-09,2.1698240589714732
2008-05-10,2.1698303726297983
2008-05-11,2.1698141518084517
2008-05-12,2.1838372873336134
2008-05-13,2.186505150818263
2008-05-14,2.1839004047185937
2008-05-15,2.1931223514930993
2008-05-16,2.1993195336922695
2008-05-17,2.1993292039687833
2008-05-18,2.1993252714353377
2008-05-19,2.147063375331689
2008-05-20,2.1401579749749895
2008-05-21,2.139669555322297
2008-05-22,2.1445219363100847
2008-05-23,2.13611258512549
2008-05-24,2.1361193101230618
2008-05-25,2.1361025096749873
2008-05-26,2.1345886244220824
2008-05-27,2.143029873627282
2008-05-28,2.152639612035844
2008-05-29,2.15487759190313
2008-05-30,2.1536155493582627
2008-05-31,2.1536155493582627
2008-06-01,2.153627244050316
2008-06-02,2.14927407808685
2008-06-03,2.1647708052571675
2008-06-04,2.162357794442743
2008-06-05,2.161680123843769
2008-06-06,2.1465551808469225
2008-06-07,2.1465504245798046
2008-06-08,2.1465382879747015
2008-06-09,2.1551993485760508
2008-06-10,2.1440625414123273
2008-06-11,2.139754482765091
2008-06-12,2.1564455671016747
2008-06-13,2.160642765497149
2008-06-14,2.1606506895440236
2008-06-15,2.1606512715095545
2008-06-16,2.1672301943951444
2008-06-17,2.1638267267813176
2008-06-18,2.1645787042625986
2008-06-19,2.166141824138017
2008-06-20,2.168850232592312
2008-06-21,2.168862932920755
2008-06-22,2.168862466473799
2008-06-23,2.163008437951323
2008-06-24,2.1692282276540995
2008-06-25,2.167212736122094
2008-06-26,2.163820804446944
2008-06-27,2.16223594209547
2008-06-28,2.1622390621382457
2008-06-29,2.1622234478415514
2008-06-30,2.1626548389031117
2008-07-01,2.150459450832235
2008-07-02,2.137769354487132
2008-07-03,2.15304001533103
2008-07-04,2.151709166179542
2008-07-05,2.151698652701667
2008-07-06,2.1517060900469533
2008-07-07,2.1509496403528985
2008-07-08,2.156124481573758
2008-07-09,2.1549242573293954
2008-07-10,2.1521150703675715
2008-07-11,2.1538501469225464
2008-07-12,2.1538430452611936
2008-07-13,2.153814496959355
2008-07-14,2.1502614883995985
2008-07-15,2.15202229431095
2008-07-16,2.168796043347019
2008-07-17,2.1661417946010464
2008-07-18,2.175022918361871
2008-07-19,2.1750164531291416
2008-07-20,2.1750431269109316
2008-07-21,2.184302648485134
2008-07-22,2.2089591113194573
2008-07-23,2.218760588501687
2008-07-24,2.2197937002474757
2008-07-25,2.2017580205526492
2008-07-26,2.2017583574293838
2008-07-27,2.2017581347143365
2008-07-28,2.2070340589478152
2008-07-29,2.2156026641129687
2008-07-30,2.216527911558416
2008-07-31,2.215873686218115
2008-08-01,2.242082275754951
2008-08-02,2.242082275754951
2008-08-03,2.242116966160348
2008-08-04,2.276982405961104
2008-08-05,2.2708788305007954
2008-08-06,2.2647127217349774
2008-08-07,2.256180311483846
2008-08-08,2.236083512837106
2008-08-09,2.2360756492679257
2008-08-10,2.236069003208351
2008-08-11,2.240065283009397
2008-08-12,2.2406327798254613
2008-08-13,2.2446945309825272
2008-08-14,2.2444221256299404
2008-08-15,2.2452255205765788
2008-08-16,2.2452255205765788
2008-08-17,2.245225281108217
2008-08-18,2.2472184898020124
2008-08-19,2.2525315370054475
2008-08-20,2.253336043305119
2008-08-21,2.2581006605036813
2008-08-22,2.252716228955405
2008-08-23,2.252716949738215
2008-08-24,2.252746752424486
2008-08-25,2.257846818942532
2008-08-26,2.25930949861192
2008-08-27,2.263384930257278
2008-08-28,2.2447144277270623
2008-08-29,2.2340441067035606
2008-08-30,2.234043868427775
2008-08-31,2.234059914905886
2008-09-01,2.2272018597945644
2008-09-02,2.2251668375845415
2008-09-03,2.2200117552152494
2008-09-04,2.2089994375167312
2008-09-05,2.221813212468927
2008-09-06,2.221812975497653
2008-09-07,2.2218448112630056
2008-09-08,2.217321171233566
2008-09-09,2.208380248526701
2008-09-10,2.209769228046772
2008-09-11,2.206059167389043
2008-09-12,2.2000400655805485
2008-09-13,2.200021013227383
2008-09-14,2.2000577546896296
2008-09-15,2.1733178301358973
2008-09-16,2.1856320605923707
2008-09-17,2.159246023941642
2008-09-18,2.181156543388773
2008-09-19,2.186338293242003
2008-09-20,2.1863487805608655
2008-09-21,2.18636146203793
2008-09-22,2.171479800161293
2008-09-23,2.164279039610144
2008-09-24,2.148948799574295
2008-09-25,2.172805650502739
2008-09-26,2.1572992183185207
2008-09-27,2.157295772844333
2008-09-28,2.157286791192988
2008-09-29,2.1215508462306483
2008-09-30,2.161018719534193
2008-10-01,2.155151323443544
2008-10-02,2.1203490131629574
2008-10-03,2.114421949744029
2008-10-04,2.114421949744029
2008-10-05,2.114448840735162
2008-10-06,2.0337072807170733
2008-10-07,1.9510566720654232
2008-10-08,1.9529425945952024
2008-10-09,1.7892270676599686
2008-10-10,1.8561139982566357
2008-10-11,1.8561554563831526
2008-10-12,1.8561882994232415
2008-10-13,1.9800837416876587
2008-10-14,1.955542949002273
2008-10-15,1.8449265277035098
2008-10-16,1.888730371879381
2008-10-17,1.8948846854463757
2008-10-18,1.8948846854463757
2008-10-19,1.8949204607700803
2008-10-20,1.8835702505653353
2008-10-21,1.866406948823753
2008-10-22,1.795623181750749
2008-10-23,1.8607085541823913
2008-10-24,1.8630453077035065
2008-10-25,1.8630510703486773
2008-10-26,1.863054637115294
2008-10-27,1.8584422636693037
2008-10-28,1.91466781288156
2008-10-29,1.9164275204199468
2008-10-30,1.9688689733972649
2008-10-31,1.9380467706378453
2008-11-01,1.938047726137535
2008-11-02,1.9380386929946711
2008-11-03,1.949281741093029
2008-11-04,1.9752771650468723
2008-11-05,1.9367994952999599
2008-11-06,1.9111084411416612
2008-11-07,1.9393883179535785
2008-11-08,1.9393821182029753
2008-11-09,1.9393666048966327
2008-11-10,1.945607498558649
2008-11-11,1.942920761738794
2008-11-12,1.935490520214695
2008-11-13,1.9429335581864753
2008-11-14,1.9395792173250814
2008-11-15,1.9395792173250814
2008-11-16,1.9395618833504957
2008-11-17,1.9167506426011574
2008-11-18,1.9285262416286677
2008-11-19,1.9121101154129747
2008-11-20,1.8324703944403462
2008-11-21,1.860514879306871
2008-11-22,1.8605136889903637
2008-11-23,1.8605213788083486
2008-11-24,1.882134188136613
2008-11-25,1.9060331535658712
2008-11-26,1.9212966339914113
2008-11-27,1.915657340877766
2008-11-28,1.8881247600876843
2008-11-29,1.8881247600876843
2008-11-30,1.8881435153200825
2008-12-01,1.8661319639279845
2008-12-02,1.8734796964542875
2008-12-03,1.8700337247223568
2008-12-04,1.8691694204352847
2008-12-05,1.8690080372228899
2008-12-06,1.868998376424659
2008-12-07,1.8689997715161422
2008-12-08,1.8845855915234047
2008-12-09,1.8684041991589506
2008-12-10,1.8886554811346956
2008-12-11,1.8935956666831175
2008-12-12,1.8673269808985118
2008-12-13,1.8673235360367106
2008-12-14,1.8673366684070043
2008-12-15,1.8806558460464138
2008-12-16,1.9056492965845464
2008-12-17,1.8846617314858323
2008-12-18,1.8930883170791974
2008-12-19,1.900012583308178
2008-12-20,1.900012583308178
2008-12-21,1.9000247765472686
2008-12-22,1.889395766312821
2008-12-23,1.8745959787973685
2008-12-24,1.8730432219755802
2008-12-25,1.8721526453124584
2008-12-26,1.8549042552818276
2008-12-27,1.8549038598642047
2008-12-28,1.8549005018153972
2008-12-29,1.8293619155655698
2008-12-30,1.810089219106306
2008-12-31,1.8173700595489668
2009-01-01,1.7954081540562925
2009-01-02,1.8208493338875427
2009-01-03,1.8208477812146937
2009-01-04,1.8208462963071563
2009-01-05,1.8094447409713716
2009-01-06,1.8201304481912597
2009-01-07,1.8066027296521185
2009-01-08,1.786148414775008
2009-01-09,1.8009779179168641
2009-01-10,1.8009733603001425
2009-01-11,1.8009793394439186
2009-01-12,1.7861617758219528
2009-01-13,1.7939130258565088
2009-01-14,1.7573829796338871
2009-01-15,1.7785538850158003
2009-01-16,1.7789432013187625
2009-01-17,1.778942615928344
2009-01-18,1.7789561787318193
2009-01-19,1.7974720505997799
2009-01-20,1.7815870349064435
2009-01-21,1.805056626425024
2009-01-22,1.7718568278069609
2009-01-23,1.7772772929714837
2009-01-24,1.777271400143376
2009-01-25,1.777295718809121
2009-01-26,1.7639558876178347
2009-01-27,1.7493504766608319
2009-01-28,1.7711390904781932
2009-01-29,1.7631405578713162
2009-01-30,1.7472026004510302
2009-01-31,1.7472020371903485
2009-02-01,1.7472007017398041
2009-02-02,1.7359814347762776
2009-02-03,1.7149963520431326
2009-02-04,1.732741273635929
2009-02-05,1.7505545539468645
2009-02-06,1.7629377714181793
2009-02-07,1.763035269392336
2009-02-08,1.7630476855361976
2009-02-09,1.756818729112046
2009-02-10,1.7229935877884386
2009-02-11,1.7291673163220382
2009-02-12,1.7343625400192189
2009-02-13,1.7336852117529913
2009-02-14,1.7336538246225193
2009-02-15,1.7336563378509111
2009-02-16,1.7356490113548086
2009-02-17,1.7236435593524049
2009-02-18,1.735654211745103
2009-02-19,1.721132636914009
2009-02-20,1.7083097723858292
2009-02-21,1.7083103343676502
2009-02-22,1.7083165122699338
2009-02-23,1.69818396442142
2009-02-24,1.7100830531953828
2009-02-25,1.6987170011166786
2009-02-26,1.69287442597051
2009-02-27,1.6683715877013703
2009-02-28,1.6683715877013703
2009-03-01,1.6683894038992857
2009-03-02,1.6577937726025012
2009-03-03,1.6648141748808434
2009-03-04,1.679413809538415
2009-03-05,1.6662599688228765
2009-03-06,1.6831280184651707
2009-03-07,1.6830090253122467
2009-03-08,1.6830088443749052
2009-03-09,1.6478239580145968
2009-03-10,1.6739946060281778
2009-03-11,1.6860822357179073
2009-03-12,1.7245174020578025
2009-03-13,1.7427598665457915
2009-03-14,1.7427598665457915
2009-03-15,1.742703164209488
2009-03-16,1.7772455487616186
2009-03-17,1.8062279870629874
2009-03-18,1.8015363835576783
2009-03-19,1.7570235194107156
2009-03-20,1.7628887907280757
2009-03-21,1.7628887907280757
2009-03-22,1.762893591247632
2009-03-23,1.7489373099144108
2009-03-24,1.7408438987073387
2009-03-25,1.7580135118038398
2009-03-26,1.7596764534567446
2009-03-27,1.753481241274336
2009-03-28,1.753481241274336
2009-03-29,1.7534860706593811
2009-03-30,1.7660020758619195
2009-03-31,1.7756069884463799
2009-04-01,1.808677296197471
2009-04-02,1.8165193337260357
2009-04-03,1.8368537239459048
2009-04-04,1.8368893771604342
2009-04-05,1.8368893771604342
2009-04-06,1.8270977835858322
2009-04-07,1.8548508172705502
2009-04-08,1.8696207260759812
2009-04-09,1.905998398759876
2009-04-10,1.9075118881069761
2009-04-11,1.9075118881069761
2009-04-12,1.9075088807022744
2009-04-13,1.9030088627661028
2009-04-14,1.8844633389476482
2009-04-15,1.9202598976340073
2009-04-16,1.9110199439229143
2009-04-17,1.9063641015519914
2009-04-18,1.90637990048404
2009-04-19,1.90637990048404
2009-04-20,1.875074358821454
2009-04-21,1.9117189074565417
2009-04-22,1.900811181892449
2009-04-23,1.905785093104123
2009-04-24,1.8734422662302752
2009-04-25,1.8734422662302752
2009-04-26,1.873439383628286
2009-04-27,1.7862968281169613
2009-04-28,1.8151239158062555
2009-04-29,1.8150567672260371
2009-04-30,1.8026585088436886
2009-05-01,1.8011695450792526
2009-05-02,1.8012150588726326
2009-05-03,1.8012107391937715
2009-05-04,1.8724126798037684
2009-05-05,1.865613769728768
2009-05-06,1.888742561583605
2009-05-07,1.8790802152665667
2009-05-08,1.890042462659352
2009-05-09,1.8900319502469405
2009-05-10,1.8900272071830757
2009-05-11,1.8340321302328808
2009-05-12,1.8383769045438396
2009-05-13,1.8271620320246476
2009-05-14,1.8461273331213075
2009-05-15,1.839009156963853
2009-05-16,1.8390093531117566
2009-05-17,1.8390126269753369
2009-05-18,1.8687155011277263
2009-05-19,1.8725869099293944
2009-05-20,1.8608204643037367
2009-05-21,1.838671485362851
2009-05-22,1.8247504712352627
2009-05-23,1.8247765566908798
2009-05-24,1.8249076095977395
2009-05-25,1.8313223814653383
2009-05-26,1.8285848656523296
2009-05-27,1.8185870783186402
2009-05-28,1.8235535071376876
2009-05-29,1.8242455775931625
2009-05-30,1.8242877916413416
2009-05-31,1.8241060248197127
2009-06-01,1.808579242664881
2009-06-02,1.8106522369532396
2009-06-03,1.795557833661625
2009-06-04,1.8136578119711846
2009-06-05,1.8062627081546816
2009-06-06,1.8062506087073982
2009-06-07,1.8064728441215316
2009-06-08,1.7915657442303543
2009-06-09,1.7660002605518137
2009-06-10,1.7646430384510794
2009-06-11,1.7922303705198235
2009-06-12,1.790436484487028
2009-06-13,1.7904730688301003
2009-06-14,1.7900594473760147
2009-06-15,1.801805185753407
2009-06-16,1.7849040787940853
2009-06-17,1.7887271161859275
2009-06-18,1.797996215899986
2009-06-19,1.8025654487776712
2009-06-20,1.8025654487776712
2009-06-21,1.8018306529633028
2009-06-22,1.8128618602432245
2009-06-23,1.8047770765679096
2009-06-24,1.8115267484704456
2009-06-25,1.8174569840859602
2009-06-26,1.8179144827958076
2009-06-27,1.8179100999488376
2009-06-28,1.8172838845264043
2009-06-29,1.8182657390491483
2009-06-30,1.8159318735405094
2009-07-01,1.8210270033057925
2009-07-02,1.8091096761105654
2009-07-03,1.8132403711424616
2009-07-04,1.813221588584484
2009-07-05,1.8128926792251119
2009-07-06,1.8156657988793823
2009-07-07,1.7935246037971588
2009-07-08,1.7827650649306672
2009-07-09,1.775401028734734
2009-07-10,1.761458153264434
2009-07-11,1.761458153264434
2009-07-12,1.7610614196657512
2009-07-13,1.7573668753481009
2009-07-14,1.7531333169357592
2009-07-15,1.7689627942668495
2009-07-16,1.8254664738221569
2009-07-17,1.856015383148604
2009-07-18,1.8560204438153858
2009-07-19,1.855685960639721
2009-07-20,1.855000353948496
2009-07-21,1.8516428167401593
2009-07-22,1.8603604152947728
2009-07-23,1.8593251509074848
2009-07-24,1.8637438317883301
2009-07-25,1.8637438317883301
2009-07-26,1.8634374171227108
2009-07-27,1.8541824271003668
2009-07-28,1.8632717153353195
2009-07-29,1.9136844243562308
2009-07-30,1.9123875028939625
2009-07-31,1.9178333387927209
2009-08-01,1.9178454019997824
2009-08-02,1.9178385941740181
2009-08-03,1.9223953811309242
2009-08-04,1.918306566074829
2009-08-05,1.932857676737445
2009-08-06,1.9365409444400896
2009-08-07,1.9515636622213444
2009-08-08,1.9515247187213107
2009-08-09,1.9512273462982759
2009-08-10,1.9563741957767782
2009-08-11,1.947191000206919
2009-08-12,1.9563554526262419
2009-08-13,1.9648676205503697
2009-08-14,1.9709333573551602
2009-08-15,1.9709333573551602
2009-08-16,1.9709685510493054
2009-08-17,1.9529575737966196
2009-08-18,1.9640059951319517
2009-08-19,1.9657651371099882
2009-08-20,1.9654704386128494
2009-08-21,1.9685854094705804
2009-08-22,1.9685896661475963
2009-08-23,1.9684385581431243
2009-08-24,1.955058839481939
2009-08-25,1.9437134241144092
2009-08-26,1.9255149981688053
2009-08-27,1.9101282483062723
2009-08-28,1.9063425527032707
2009-08-29,1.9063425527032707
2009-08-30,1.9060609003587867
2009-08-31,1.892080317213922
2009-09-01,1.8535008846009717
2009-09-02,1.8545433943187832
2009-09-03,1.8688542363084362
2009-09-04,1.8865478366333877
2009-09-05,1.8865717780222588
2009-09-06,1.8866764582123519
2009-09-07,1.8898465578844559
2009-09-08,1.8847358066345692
2009-09-09,1.8676846449221347
2009-09-10,1.8761550402848766
2009-09-11,1.8810520494194596
2009-09-12,1.8810520494194596
2009-09-13,1.8810509610714758
2009-09-14,1.877329822431165
2009-09-15,1.8805404783792434
2009-09-16,1.894663231006276
2009-09-17,1.8787246794791457
2009-09-18,1.8806853727272175
2009-09-19,1.8806823393831826
2009-09-20,1.880674520128393
2009-09-21,1.8678454683616732
2009-09-22,1.8681504459518203
2009-09-23,1.8652900007078035
2009-09-24,1.8516507858337865
2009-09-25,1.8399960124344092
2009-09-26,1.8399958077182341
2009-09-27,1.8400089422913233
2009-09-28,1.846936481976204
2009-09-29,1.8474702333463946
2009-09-30,1.8494159935624286
2009-10-01,1.8191010827058556
2009-10-02,1.8367162514018083
2009-10-03,1.8367160585835756
2009-10-04,1.8366092277473807
2009-10-05,1.8339510568673856
2009-10-06,1.8472559418901262
2009-10-07,1.861595177736758
2009-10-08,1.8762972400608433
2009-10-09,1.8729725105216617
2009-10-10,1.8729636393531164
2009-10-11,1.8730361075713924
2009-10-12,1.87890570128212
2009-10-13,1.8929995933021537
2009-10-14,1.8940026665600644
2009-10-15,1.8895982702776981
2009-10-16,1.8915238771275982
2009-10-17,1.8915248937082636
2009-10-18,1.89154315880746
2009-10-19,1.9114195082166248
2009-10-20,1.9001870670842325
2009-10-21,1.91309625883854
2009-10-22,1.9188214906862486
2009-10-23,1.8908339709742819
2009-10-24,1.8907791930986222
2009-10-25,1.890809689211786
2009-10-26,1.8647059930261833
2009-10-27,1.878813611068981
2009-10-28,1.8730277696148159
2009-10-29,1.9043347657811325
2009-10-30,1.8908826964701169
2009-10-31,1.8909017641447536
2009-11-01,1.891058283153773
2009-11-02,1.8907971403801218
2009-11-03,1.8859910389092442
2009-11-04,1.8738631134108232
2009-11-05,1.87262763601918
2009-11-06,1.8548597949113408
2009-11-07,1.8548565969779849
2009-11-08,1.8548563039619876
2009-11-09,1.8650061854331759
2009-11-10,1.8756103362192882
2009-11-11,1.880347166577421
2009-11-12,1.881221634266683
2009-11-13,1.9015733810574347
2009-11-14,1.9016002283929005
2009-11-15,1.901577690560851
2009-11-16,1.9039208298392714
2009-11-17,1.9010659591675247
2009-11-18,1.903488033261741
2009-11-19,1.9025518200033893
2009-11-20,1.8996182531965067
2009-11-21,1.8996287350931076
2009-11-22,1.899600099260427
2009-11-23,1.9077630282031492
2009-11-24,1.9215211718001795
2009-11-25,1.9212787547581913
2009-11-26,1.9042214796960164
2009-11-27,1.9190424982059164
2009-11-28,1.919052058616628
2009-11-29,1.9189342536192686
2009-11-30,1.9157199591310319
2009-12-01,1.9237969364845955
2009-12-02,1.944946532961562
2009-12-03,1.960794426702716
2009-12-04,1.9624729225116895
2009-12-05,1.9624510279827716
2009-12-06,1.9628761681336981
2009-12-07,1.9589921597756597
2009-12-08,1.9297465275550287
2009-12-09,1.9302412143424867
2009-12-10,1.9246553642661157
2009-12-11,1.941001131421017
2009-12-12,1.9410009276984181
2009-12-13,1.941200978139147
2009-12-14,1.9562389425000077
2009-12-15,1.9673195437021156
2009-12-16,1.967633296799281
2009-12-17,1.9523460426724708
2009-12-18,1.9559247201001242
2009-12-19,1.955914170020217
2009-12-20,1.9559248065954569
2009-12-21,1.939523475228447
2009-12-22,1.9487015909819618
2009-12-23,1.9460524488945503
2009-12-24,1.9431380086024246
2009-12-25,1.9431508401885436
2009-12-26,1.9431514643434553
2009-12-27,1.9431507939934984
2009-12-28,1.923826257392516
2009-12-29,1.9278122270436342
2009-12-30,1.9148977018022044
2009-12-31,1.9135377020510385
2010-01-01,1.9102253030617533
2010-01-02,1.9102253030617533
2010-01-03,1.9101946207287541
2010-01-04,1.9361266844492977
2010-01-05,1.9462061744988173
2010-01-06,1.9565626044583702
2010-01-07,1.9504406543600334
2010-01-08,1.9629270828212806
2010-01-09,1.9629309041303997
2010-01-10,1.96290188791631
2010-01-11,1.9519273748040311
2010-01-12,1.946709705264625
2010-01-13,1.9570616052589638
2010-01-14,1.9633348032129596
2010-01-15,1.9599957779036057
2010-01-16,1.9599597107539266
2010-01-17,1.9599676588652444
2010-01-18,1.9659139015821394
2010-01-19,1.9715202198804267
2010-01-20,1.9641239472450591
2010-01-21,1.9377704825796231
2010-01-22,1.9309082336541339
2010-01-23,1.9309082336541339
2010-01-24,1.9308229402675108
2010-01-25,1.9481476710347294
2010-01-26,1.9520229465016825
2010-01-27,1.9396019709490278
2010-01-28,1.9276704232068558
2010-01-29,1.9273385594941594
2010-01-30,1.9273562058131473
2010-01-31,1.9275780060526415
2010-02-01,1.957586072094258
2010-02-02,1.9580894348092674
2010-02-03,1.9475582491628352
2010-02-04,1.9313814946583514
2010-02-05,1.933722752229432
2010-02-06,1.9337174822291985
2010-02-07,1.9338804887785497
2010-02-08,1.9243058027505011
2010-02-09,1.9439737969657844
2010-02-10,1.9315107745458124
2010-02-11,1.9577434262237265
2010-02-12,1.9606928139392
2010-02-13,1.9606923648209114
2010-02-14,1.960711559717353
2010-02-15,1.9625347058834477
2010-02-16,1.972733315612533
2010-02-17,1.9670307542477992
2010-02-18,1.9800271160169836
2010-02-19,1.981216878695925
2010-02-20,1.9812183472883897
2010-02-21,1.981155407175426
2010-02-22,1.9814866496266266
2010-02-23,1.9664147422990386
2010-02-24,1.9837251735899224
2010-02-25,1.9887192992861795
2010-02-26,1.9865923125570906
2010-02-27,1.9865625491664212
2010-02-28,1.9864052969517965
2010-03-01,1.9927975164599496
2010-03-02,1.9886568917616139
2010-03-03,1.9929439536414948
2010-03-04,1.9927206004815214
2010-03-05,2.002393801934648
2010-03-06,2.0023996860119295
2010-03-07,2.0023909230921575
2010-03-08,1.991801237384684
2010-03-09,2.002834981194329
2010-03-10,2.0073944662819567
2010-03-11,2.0122885673172335
2010-03-12,2.0127071509416212
2010-03-13,2.0127071509416212
2010-03-14,2.0127069396422406
2010-03-15,2.0128374074952906
2010-03-16,2.0136805093935064
2010-03-17,2.022266996908199
2010-03-18,2.016899691255382
2010-03-19,2.0087417964135086
2010-03-20,2.0087400452712183
2010-03-21,2.0087472563956092
2010-03-22,2.0181456744083937
2010-03-23,2.026115958243251
2010-03-24,2.0172053454155785
2010-03-25,2.0223699753839037
2010-03-26,2.0301645565531303
2010-03-27,2.0301466386178104
2010-03-28,2.030139800782176
2010-03-29,2.037085511421349
2010-03-30,2.050618232141507
2010-03-31,2.0628359111579306
2010-04-01,2.071128128676901
2010-04-02,2.0691978952087013
2010-04-03,2.0693061585421386
2010-04-04,2.0693061585421386
2010-04-05,2.0852850546123514
2010-04-06,2.0893807244599407
2010-04-07,2.0778210252701177
2010-04-08,2.1196563372787014
2010-04-09,2.1215713802633576
2010-04-10,2.121571157541066
2010-04-11,2.1215638083035238
2010-04-12,2.121101073985604
2010-04-13,2.1152058047164988
2010-04-14,2.1054613006013048
2010-04-15,2.1202858142036094
2010-04-16,2.099666715371348
2010-04-17,2.099637484290613
2010-04-18,2.099640392927962
2010-04-19,2.1100900166287975
2010-04-20,2.113780702747201
2010-04-21,2.1227913229469357
2010-04-22,2.094405548271154
2010-04-23,2.0973434674164664
2010-04-24,2.0973434674164664
2010-04-25,2.0969873952072637
2010-04-26,2.0998590105761092
2010-04-27,2.067281029209946
2010-04-28,2.0786885734792278
2010-04-29,2.097197523071186
2010-04-30,2.0783393210505876
2010-05-01,2.0783648906334875
2010-05-02,2.0780435995673017
2010-05-03,2.0892632740662367
2010-05-04,2.052723451342025
2010-05-05,2.0272039908948525
2010-05-06,1.9961470538714443
2010-05-07,2.0203292800316786
2010-05-08,2.020324918709152
2010-05-09,2.020090087481333
2010-05-10,2.0686528135266404
2010-05-11,2.071586111477029
2010-05-12,2.0965251571143133
2010-05-13,2.088958534521388
2010-05-14,2.0663929644366106
2010-05-15,2.0663929644366106
2010-05-16,2.0662783707464247
2010-05-17,2.0664492354251793
2010-05-18,2.051210415639029
2010-05-19,2.0308700100752173
2010-05-20,2.001023605514464
2010-05-21,2.0266717414264397
2010-05-22,2.026614808007009
2010-05-23,2.026612909709929
2010-05-24,2.020534918021324
2010-05-25,2.03218563683567
2010-05-26,2.0105904811955546
2010-05-27,2.0497883739599367
2010-05-28,2.02619097619975
2010-05-29,2.026192040306724
2010-05-30,2.0260316334755846
2010-05-31,2.0245644233423565
2010-06-01,2.0313615488044894
2010-06-02,2.0591015829508326
2010-06-03,2.0611076585916215
2010-06-04,2.0439664787931293
2010-06-05,2.043961431442151
2010-06-06,2.0439241659347247
2010-06-07,2.0488699318972707
2010-06-08,2.060583806658797
2010-06-09,2.0589418967089825
2010-06-10,2.0756936550407006
2010-06-11,2.0845279557791043
2010-06-12,2.084522339985293
2010-06-13,2.084216447212957
2010-06-14,2.0738739025052264
2010-06-15,2.0878021546702272
2010-06-16,2.0847517549387344
2010-06-17,2.0832188543696764
2010-06-18,2.087601632282527
2010-06-19,2.0875935514252286
2010-06-20,2.087182959713019
2010-06-21,2.090443789522943
2010-06-22,2.0794486789026605
2010-06-23,2.0695933313036314
2010-06-24,2.060963192318652
2010-06-25,2.0748783922254117
2010-06-26,2.0748874928929024
2010-06-27,2.074376198648723
2010-06-28,2.0630863650514395
2010-06-29,2.046431112565213
2010-06-30,2.0369600340879987
2010-07-01,2.019440683691603
2010-07-02,2.0044286897168275
2010-07-03,2.0044307561320065
2010-07-04,2.0039070826398513
2010-07-05,2.005623035225575
2010-07-06,2.0202550487513298
2010-07-07,2.039495246129088
2010-07-08,2.0445711186977746
2010-07-09,2.0392540234485823
2010-07-10,2.0392518357845155
2010-07-11,2.038934231377359
2010-07-12,2.0310851434637627
2010-07-13,2.057790714807221
2010-07-14,2.042029644124374
2010-07-15,2.034624457015308
2010-07-16,2.0089530964593645
2010-07-17,2.0089489984254483
2010-07-18,2.008693082806247
2010-07-19,2.0181596411721756
2010-07-20,2.037559915060004
2010-07-21,2.02297495408534
2010-07-22,2.0298710656765384
2010-07-23,2.03606299941779
2010-07-24,2.0360741698398157
2010-07-25,2.0362532979265353
2010-07-26,2.0380470564231667
2010-07-27,2.033381815205071
2010-07-28,2.0327579185001348
2010-07-29,2.030816397348662
2010-07-30,2.0417113075625153
2010-07-31,2.041708890458077
2010-08-01,2.0415736347879148
2010-08-02,2.042495363113235
2010-08-03,2.042296650370735
2010-08-04,2.053848197771808
2010-08-05,2.042671204801693
2010-08-06,2.020779079738376
2010-08-07,2.0206896635133
2010-08-08,2.0203955633247346
2010-08-09,2.027608885532669
2010-08-10,2.041429416559568
2010-08-11,2.0232651518320486
2010-08-12,2.031913505506143
2010-08-13,2.0338448514224012
2010-08-14,2.0337346143101116
2010-08-15,2.033819934685856
2010-08-16,2.040840634657053
2010-08-17,2.049421818841624
2010-08-18,2.041872876051971
2010-08-19,2.031780905363242
2010-08-20,2.023798756355888
2010-08-21,2.0237997847046887
2010-08-22,2.0237937848678786
2010-08-23,2.0064965859985975
2010-08-24,2.0026791250595783
2010-08-25,1.9960304335831873
2010-08-26,1.9830661718272544
2010-08-27,1.989838885216642
2010-08-28,1.989845987719404
2010-08-29,1.9897262710497168
2010-08-30,1.9689862391279425
2010-08-31,1.9643025703904915
2010-09-01,1.981610075602079
2010-09-02,1.985532552803509
2010-09-03,2.0000921108986573
2010-09-04,2.0000512620335726
2010-09-05,1.9999629993819388
2010-09-06,1.9949881058414352
2010-09-07,1.9841122756802105
2010-09-08,1.9889758309691343
2010-09-09,1.9907132525009328
2010-09-10,1.9988096356716447
2010-09-11,1.998825040857469
2010-09-12,1.998885882956276
2010-09-13,2.0066339421065966
2010-09-14,2.008638297929045
2010-09-15,2.014743341930833
2010-09-16,2.012420605232789
2010-09-17,2.010268060783075
2010-09-18,2.0102689237310987
2010-09-19,2.010411306063092
2010-09-20,2.0167339883406545
2010-09-21,2.0202605403980582
2010-09-22,2.0263591566349413
2010-09-23,2.0249335041899768
2010-09-24,2.038870069306575
2010-09-25,2.0388718197108924
2010-09-26,2.038694680679131
2010-09-27,2.026640435955706
2010-09-28,2.042584652775294
2010-09-29,2.0319341069611165
2010-09-30,2.015411110339989
2010-10-01,2.025208839516942
2010-10-02,2.025225960554574
2010-10-03,2.0251086178966595
2010-10-04,2.015244921953145
2010-10-05,2.033472874247838
2010-10-06,2.0302847325313844
2010-10-07,2.017350178984177
2010-10-08,2.0382738195008505
2010-10-09,2.0382748810879234
2010-10-10,2.0381978929930096
2010-10-11,2.0269142364009927
2010-10-12,2.0380556890015837
2010-10-13,2.0399537131614287
2010-10-14,2.032042998560986
2010-10-15,2.0248750459484923
2010-10-16,2.024874176897624
2010-10-17,2.0251059459155836
2010-10-18,2.0324145066500754
2010-10-19,2.0228585649294333
2010-10-20,2.0431915632008373
2010-10-21,2.0464976132850956
2010-10-22,2.0520757854882157
2010-10-23,2.05205760920861
2010-10-24,2.0520123282468896
2010-10-25,2.039880433893313
2010-10-26,2.0377030271929826
2010-10-27,2.036707910514196
2010-10-28,2.049807393062556
2010-10-29,2.052710498866568
2010-10-30,2.0527085905930513
2010-10-31,2.052562439886127
2010-11-01,2.049403614434817
2010-11-02,2.0557917977156124
2010-11-03,2.0582079670833835
2010-11-04,2.0547776593519376
2010-11-05,2.058535445084112
2010-11-06,2.058535445084112
2010-11-07,2.0585455038969167
2010-11-08,2.0604877631979104
2010-11-09,2.0409974962741226
2010-11-10,2.0656898568913507
2010-11-11,2.0649288113571687
2010-11-12,2.051879097750244
2010-11-13,2.0519177431719804
2010-11-14,2.051913906163479
2010-11-15,2.0671514663569712
2010-11-16,2.0490584577611335
2010-11-17,2.0547575976631327
2010-11-18,2.0688981321614697
2010-11-19,2.0679650009627304
2010-11-20,2.0679835731066487
2010-11-21,2.06792948364965
2010-11-22,2.061854804514833
2010-11-23,2.043386388349945
2010-11-24,2.0636058802816395
2010-11-25,2.0588357242988202
2010-11-26,2.047078032712302
2010-11-27,2.047093571883235
2010-11-28,2.04709899127435
2010-11-29,2.0565520242108883
2010-11-30,2.059946918334024
2010-12-01,2.0683765033168156
2010-12-02,2.0780869622928235
2010-12-03,2.069235871064927
2010-12-04,2.069283967902015
2010-12-05,2.068934379255052
2010-12-06,2.0604577556361137
2010-12-07,2.044362885442126
2010-12-08,2.0597886071282328
2010-12-09,2.0503827165467836
2010-12-10,2.0505127584770837
2010-12-11,2.0505116272895565
2010-12-12,2.050533973200305
2010-12-13,2.055619461304487
2010-12-14,2.0555851040770716
2010-12-15,2.048304771921741
2010-12-16,2.0577437544186092
2010-12-17,2.0606874279721965
2010-12-18,2.0606411151666495
2010-12-19,2.060771318073775
2010-12-20,2.0616105769988717
2010-12-21,2.071080426730395
2010-12-22,2.078525439012711
2010-12-23,2.0708671281670603
2010-12-24,2.0676780926851515
2010-12-25,2.0676805891311973
2010-12-26,2.067677642038642
2010-12-27,2.0634593155462
2010-12-28,2.0597341566923526
2010-12-29,2.0625864752338243
2010-12-30,2.0564951360501182
2010-12-31,2.0566721514856874
2011-01-01,2.0566599692710263
2011-01-02,2.0566625569570087
2011-01-03,2.069286749138801
2011-01-04,2.08048196394278
2011-01-05,2.0919670425244594
2011-01-06,2.0900707220253336
2011-01-07,2.0922524936186933
2011-01-08,2.092311221175896
2011-01-09,2.092383356235977
2011-01-10,2.095361691421474
2011-01-11,2.1080209804960117
2011-01-12,2.1124962454801968
2011-01-13,2.1000896899500727
2011-01-14,2.1189656015411833
2011-01-15,2.1189491141504417
2011-01-16,2.1189635474679553
2011-01-17,2.1271830167793193
2011-01-18,2.119477182376359
2011-01-19,2.1075669364303242
2011-01-20,2.1133847597750646
2011-01-21,2.1051927229465672
2011-01-22,2.1052035190923757
2011-01-23,2.1052192068392417
2011-01-24,2.107538291235773
2011-01-25,2.101905497424539
2011-01-26,2.1168092431030483
2011-01-27,2.106499887733632
2011-01-28,2.080196466672448
2011-01-29,2.0802073447560723
2011-01-30,2.080405405336804
2011-01-31,2.09681319113723
2011-02-01,2.1122858020705175
2011-02-02,2.1079705419634007
2011-02-03,2.1138750786551923
2011-02-04,2.1225919146091208
2011-02-05,2.122599614254548
2011-02-06,2.12288588443641
2011-02-07,2.113565227412314
2011-02-08,2.1086042942471392
2011-02-09,2.1018634225449024
2011-02-10,2.1059967174745107
2011-02-11,2.117670735522749
2011-02-12,2.117486654800827
2011-02-13,2.1174235725303188
2011-02-14,2.1117189740567577
2011-02-15,2.0994602612422297
2011-02-16,2.1107998502988505
2011-02-17,2.1167495331916197
2011-02-18,2.110700965200559
2011-02-19,2.1107223476561394
2011-02-20,2.1104772147349156
2011-02-21,2.095420824977616
2011-02-22,2.0934531348630894
2011-02-23,2.085299305365438
2011-02-24,2.0882615320330453
2011-02-25,2.092975858604195
2011-02-26,2.0929829891023033
2011-02-27,2.0929809685056306
2011-02-28,2.0927199570784945
2011-03-01,2.0866707305138785
2011-03-02,2.092482738927446
2011-03-03,2.1064024131869927
2011-03-04,2.10359342261349
2011-03-05,2.1036057145682956
2011-03-06,2.1035685924091734
2011-03-07,2.094804795292574
2011-03-08,2.1062522646432598
2011-03-09,2.116192773867854
2011-03-10,2.1121746885034622
2011-03-11,2.1238324578243946
2011-03-12,2.1238499246315206
2011-03-13,2.1237236870948606
2011-03-14,2.1186958768404254
2011-03-15,2.108270745159152
2011-03-16,2.0761113902451536
2011-03-17,2.091593748885693
2011-03-18,2.093287789240089
2011-03-19,2.0933408977098305
2011-03-20,2.0932863608759007
2011-03-21,2.0953731812899767
2011-03-22,2.09613768784834
2011-03-23,2.0943507469532197
2011-03-24,2.1054648399438314
2011-03-25,2.099047304623557
2011-03-26,2.0990446155988143
2011-03-27,2.0990620325792637
2011-03-28,2.098163756071268
2011-03-29,2.104387465733348
2011-03-30,2.109591681394198
2011-03-31,2.110861303273133
2011-04-01,2.11988353623449
2011-04-02,2.1198786903800433
2011-04-03,2.1197729154334364
2011-04-04,2.1080577082730967
2011-04-05,2.1179665323028147
2011-04-06,2.1188625551041005
2011-04-07,2.124021042725344
2011-04-08,2.123544134730908
2011-04-09,2.1235831315304097
2011-04-10,2.123567999355503
2011-04-11,2.1116193031479304
2011-04-12,2.1063338584499345
2011-04-13,2.1165526550500817
2011-04-14,2.1292113214518973
2011-04-15,2.1357571533960606
2011-04-16,2.1357703596258832
2011-04-17,2.1357949302536396
2011-04-18,2.1232002940188837
2011-04-19,2.1385098372653464
2011-04-20,2.1472432697559976
2011-04-21,2.1410588552649283
2011-04-22,2.2289626238732496
2011-04-23,2.2289791182155096
2011-04-24,2.2290493581706765
2011-04-25,2.2230594063697566
2011-04-26,2.1426987285817622
2011-04-27,2.1505992848700135
2011-04-28,2.1432642144619
2011-04-29,2.1495850348843306
2011-04-30,2.1495556020061177
2011-05-01,2.1496143047597
2011-05-02,2.1411079441036667
2011-05-03,2.1373861565384593
2011-05-04,2.1216563033535536
2011-05-05,2.1158756538590326
2011-05-06,2.1395403837910907
2011-05-07,2.1395446413557044
2011-05-08,2.139775016822988
2011-05-09,2.1485873618412454
2011-05-10,2.1557127528850994
2011-05-11,2.1449410780204565
2011-05-12,2.1485043884756827
2011-05-13,2.1378847229965277
2011-05-14,2.137922124804379
2011-05-15,2.1382017141494343
2011-05-16,2.1324155235628086
2011-05-17,2.139208037374179
2011-05-18,2.1400595471414348
2011-05-19,2.153176561487663
2011-05-20,2.1525693753358723
2011-05-21,2.1525670667436883
2011-05-22,2.1526755913334985
2011-05-23,2.1407806746750535
2011-05-24,2.1517039538229312
2011-05-25,2.1548174585335715
2011-05-26,2.1534390466145497
2011-05-27,2.1573668539014914
2011-05-28,2.1573663525530744
2011-05-29,2.1572529285414337
2011-05-30,2.1505456943778722
2011-05-31,2.15673039401471
2011-06-01,2.132690591857428
2011-06-02,2.1444027051298264
2011-06-03,2.1336244914705866
2011-06-04,2.1336240512825877
2011-06-05,2.133485306206093
2011-06-06,2.1150109826444434
2011-06-07,2.112783045895873
2011-06-08,2.101787612347655
2011-06-09,2.115130809330424
2011-06-10,2.096398026001555
2011-06-11,2.096398475782857
2011-06-12,2.0965435940387445
2011-06-13,2.107186674673677
2011-06-14,2.113328817907748
2011-06-15,2.097834563204164
2011-06-16,2.0994520601649955
2011-06-17,2.107662538879767
2011-06-18,2.1076532542533184
2011-06-19,2.107625813426807
2011-06-20,2.109524830339276
2011-06-21,2.1245058945164814
2011-06-22,2.1230350535233247
2011-06-23,2.116561275936821
2011-06-24,2.1098634962139133
2011-06-25,2.1098576913031604
2011-06-26,2.1097694681316805
2011-06-27,2.1105377314087703
2011-06-28,2.1239750145012612
2011-06-29,2.132278293539707
2011-06-30,2.1332892864149176
2011-07-01,2.1452978794743918
2011-07-02,2.1452978661275566
2011-07-03,2.1452079476614774
2011-07-04,2.147086576380233
2011-07-05,2.1409342979969352
2011-07-06,2.1512358853709412
2011-07-07,2.1648564967784294
2011-07-08,2.1495883014157307
2011-07-09,2.149586506846709
2011-07-10,2.1495764473410226
2011-07-11,2.1307635357763792
2011-07-12,2.1293818912000386
2011-07-13,2.143572127364671
2011-07-14,2.1373091153290997
2011-07-15,2.1344268899227545
2011-07-16,2.1344339775959953
2011-07-17,2.1344067782238287
2011-07-18,2.1361950764131943
2011-07-19,2.151159509241331
2011-07-20,2.1487389480787793
2011-07-21,2.1554264762305384
2011-07-22,2.1440133616528683
2011-07-23,2.144016459386937
2011-07-24,2.143978757044192
2011-07-25,2.1385125895339354
2011-07-26,2.1404189942448983
2011-07-27,2.1378184101930247
2011-07-28,2.127163239094236
2011-07-29,2.1253981051959854
2011-07-30,2.125395105889374
2011-07-31,2.1251652718397445
2011-08-01,2.11918556036915
2011-08-02,2.1012691492152373
2011-08-03,2.1072342734075904
2011-08-04,2.0789864686919435
2011-08-05,2.08926462386831
2011-08-06,2.08927061149742
2011-08-07,2.0891426598092466
2011-08-08,2.032780627869835
2011-08-09,2.0852803922798153
2011-08-10,2.0062109690617387
2011-08-11,2.0476685193020563
2011-08-12,2.0424861033103765
2011-08-13,2.042498742293436
2011-08-14,2.042505444855475
2011-08-15,2.0450314530373253
2011-08-16,2.042849328779754
2011-08-17,2.056772648649182
2011-08-18,2.0459614774740844
2011-08-19,2.04339046704196
2011-08-20,2.0433773369794963
2011-08-21,2.0432840645195838
2011-08-22,2.0320631516145577
2011-08-23,2.039878131266696
2011-08-24,2.0166052514209993
2011-08-25,2.010914076328896
2011-08-26,2.014723160440078
2011-08-27,2.0147062837922243
2011-08-28,2.0146184023151963
2011-08-29,2.0091965973198236
2011-08-30,2.004944855813299
2011-08-31,2.0344447051272394
2011-09-01,2.0414942161901344
2011-09-02,2.027019925515365
2011-09-03,2.02701282809184
2011-09-04,2.027115499876201
2011-09-05,2.011157833446499
2011-09-06,2.021819001263961
2011-09-07,2.028023892087314
2011-09-08,2.023376136134
2011-09-09,2.0038062004006343
2011-09-10,2.004244451156078
2011-09-11,2.0044171192356193
2011-09-12,1.9865153651990204
2011-09-13,1.9828364653899182
2011-09-14,1.9783122675759492
2011-09-15,1.9749128748652522
2011-09-16,1.9579346273861076
2011-09-17,1.9579705197378494
2011-09-18,1.9579600325518727
2011-09-19,1.9533801148612362
2011-09-20,1.9410610392128282
2011-09-21,1.8857778248649986
2011-09-22,1.8459642942364067
2011-09-23,1.9194336093007014
2011-09-24,1.919446011535793
2011-09-25,1.9194548867206445
2011-09-26,1.9203239509836734
2011-09-27,1.940183990329233
2011-09-28,1.914619357840493
2011-09-29,1.888859354149705
2011-09-30,1.8716051372569606
2011-10-01,1.8716041774450694
2011-10-02,1.8717243082470383
2011-10-03,1.8637573352856045
2011-10-04,1.8957507319745202
2011-10-05,1.922704766957978
2011-10-06,1.9403743340133428
2011-10-07,1.9358259218867129
2011-10-08,1.9358233386365025
2011-10-09,1.9357525177401174
2011-10-10,1.9544542157014513
2011-10-11,1.9318261127363043
2011-10-12,1.943669800393703
2011-10-13,1.9216708026462719
2011-10-14,1.9462270334021463
2011-10-15,1.9462122461769082
2011-10-16,1.946138569784438
2011-10-17,1.91129159876281
2011-10-18,1.92758783173588
2011-10-19,1.9207330875246689
2011-10-20,1.8887599565551194
2011-10-21,1.8892284653249705
2011-10-22,1.8892195848508422
2011-10-23,1.8889019760328902
2011-10-24,1.9241641647704963
2011-10-25,1.9064498904721272
2011-10-26,1.9204427435981417
2011-10-27,1.953495180225726
2011-10-28,1.9650381014008103
2011-10-29,1.9650378491204017
2011-10-30,1.9650454669829054
2011-10-31,1.9161629089265453
2011-11-01,1.8925303080861682
2011-11-02,1.90345322004401
2011-11-03,1.9281096103904398
2011-11-04,1.9116124566779846
2011-11-05,1.9116114042638543
2011-11-06,1.9116389570264165
2011-11-07,1.9210074716763188
2011-11-08,1.933622769724111
2011-11-09,1.8935055901238345
2011-11-10,1.9137889218302837
2011-11-11,1.916056936355717
2011-11-12,1.9160527470915427
2011-11-13,1.915930018045282
2011-11-14,1.9139656046679099
2011-11-15,1.9062409889514518
2011-11-16,1.9042740143892822
2011-11-17,1.8958825876419891
2011-11-18,1.8937717048414395
2011-11-19,1.8937606484840024
2011-11-20,1.8938173465007413
2011-11-21,1.8577769042576513
2011-11-22,1.8638004088679914
2011-11-23,1.8415300852310845
2011-11-24,1.8443827488538973
2011-11-25,1.8475194481189898
2011-11-26,1.8474443506271065
2011-11-27,1.8474514500815844
2011-11-28,1.8683786293537112
2011-11-29,1.8983179012697855
2011-11-30,1.9123808459183844
2011-12-01,1.9161441266808479
2011-12-02,1.9108208922776628
2011-12-03,1.9108201061102925
2011-12-04,1.9109776654172432
2011-12-05,1.924248500924222
2011-12-06,1.93265394936021
2011-12-07,1.9257840793745578
2011-12-08,1.904320070962931
2011-12-09,1.9210642629761974
2011-12-10,1.9210697862572335
2011-12-11,1.9200796401510174
2011-12-12,1.8969971672451473
2011-12-13,1.8957539921055133
2011-12-14,1.8950316923859054
2011-12-15,1.8961471035056
2011-12-16,1.8995814734231922
2011-12-17,1.899579052577696
2011-12-18,1.899563271308936
2011-12-19,1.8911220966654234
2011-12-20,1.906715440459848
2011-12-21,1.8989913757370636
2011-12-22,1.9006107588017027
2011-12-23,1.9006099756741854
2011-12-24,1.9006088217271455
2011-12-25,1.9006325585050534
2011-12-26,1.8959042893814297
2011-12-27,1.875384721007176
2011-12-28,1.8842677244037656
2011-12-29,1.8803834285775407
2011-12-30,1.8889338908470819
2011-12-31,1.8889291690753272
2012-01-01,1.888908886991642
2012-01-02,1.8910536495029189
2012-01-03,1.922620751412235
2012-01-04,1.9245403012928126
2012-01-05,1.917751833629829
2012-01-06,1.9265683609143929
2012-01-07,1.926471632451006
2012-01-08,1.9265708366874839
2012-01-09,1.9302931009545214
2012-01-10,1.9356887560268232
2012-01-11,1.941686789479483
2012-01-12,1.9484155849777078
2012-01-13,1.9424555473417093
2012-01-14,1.9424581053830383
2012-01-15,1.9425730088907989
2012-01-16,1.9487717891533896
2012-01-17,1.9636771392793535
2012-01-18,1.9800701473001932
2012-01-19,1.9855281891228986
2012-01-20,1.991779840745087
2012-01-21,1.9917867332058763
2012-01-22,1.9917152990823697
2012-01-23,1.9891988508315177
2012-01-24,1.995695114591606
2012-01-25,2.011599610536189
2012-01-26,2.0099529449534463
2012-01-27,2.0165085231737185
2012-01-28,2.0165151153499568
2012-01-29,2.016411066151181
2012-01-30,2.00241474945353
2012-01-31,1.9990889163758605
2012-02-01,2.0191378078639404
2012-02-02,2.0323863378879694
2012-02-03,2.05202491439151
2012-02-04,2.05218863742832
2012-02-05,2.0521922057579514
2012-02-06,2.049599261991898
2012-02-07,2.046430216401706
2012-02-08,2.040405374154852
2012-02-09,2.047786439405564
2012-02-10,2.0300669648143432
2012-02-11,2.0299858374973136
2012-02-12,2.030030562073405
2012-02-13,2.0468882556386325
2012-02-14,2.04031676222238
2012-02-15,2.02673426718706
2012-02-16,2.0318244953369873
2012-02-17,2.040954819161514
2012-02-18,2.040939172356178
2012-02-19,2.0402823583256984
2012-02-20,2.0437451188942286
2012-02-21,2.034497174392789
2012-02-22,2.024632895759196
2012-02-23,2.0271761258043384
2012-02-24,2.012850930743695
2012-02-25,2.0128377300082274
2012-02-26,2.0127983773809155
2012-02-27,2.0122685241154215
2012-02-28,2.018283770303844
2012-02-29,2.0201470982560084
2012-03-01,2.037991021126172
2012-03-02,2.0396801341600552
2012-03-03,2.0396707074882356
2012-03-04,2.039700625925628
2012-03-05,2.027760903944227
2012-03-06,2.0095077453372947
2012-03-07,2.0278179371517324
2012-03-08,2.052001875313629
2012-03-09,2.059429994675478
2012-03-10,2.0594226233042767
2012-03-11,2.0594212896476063
2012-03-12,2.058973340978961
2012-03-13,2.07971734561665
2012-03-14,2.0565155685364505
2012-03-15,2.0663867203962925
2012-03-16,2.060859809548017
2012-03-17,2.0608572171041923
2012-03-18,2.0607355777070437
2012-03-19,2.0607128843629803
2012-03-20,2.061189638125374
2012-03-21,2.0555759183235778
2012-03-22,2.0418177955827974
2012-03-23,2.0497613333333153
2012-03-24,2.049756433210336
2012-03-25,2.049706953929647
2012-03-26,2.055264278888905
2012-03-27,2.0525905983185657
2012-03-28,2.0448805569048063
2012-03-29,2.038934693318207
2012-03-30,2.0386047379424115
2012-03-31,2.038613543076887
2012-04-01,2.038607960576717
2012-04-02,2.0448209202110372
2012-04-03,2.1196806568897726
2012-04-04,2.1244588162854567
2012-04-05,2.1139703357192245
2012-04-06,2.094606029137927
2012-04-07,2.0945939087308987
2012-04-08,2.094564100101641
2012-04-09,2.0958497073123232
2012-04-10,2.070700771978621
2012-04-11,2.0702857580162677
2012-04-12,2.088075080432923
2012-04-13,2.065566531728268
2012-04-14,2.0655688087289135
2012-04-15,2.065670723663616
2012-04-16,2.0580253339439034
2012-04-17,2.0764537639604277
2012-04-18,2.0658055806758906
2012-04-19,2.0636009684393897
2012-04-20,2.0770189096982103
2012-04-21,2.0770241653372774
2012-04-22,2.076982942120521
2012-04-23,2.0645969764029135
2012-04-24,2.0699537229559866
2012-04-25,2.0677717458103873
2012-04-26,2.062286569319073
2012-04-27,2.0928027000262674
2012-04-28,2.0927930163089803
2012-04-29,2.0927644195086668
2012-04-30,2.0848892823213485
2012-05-01,2.103385950210035
2012-05-02,2.1020136115029953
2012-05-03,2.088439340811039
2012-05-04,2.066347605909568
2012-05-05,2.0663493793678755
2012-05-06,2.066413139127671
2012-05-07,2.0697210329043982
2012-05-08,2.0489480346348397
2012-05-09,2.0317805066853474
2012-05-10,2.0338329739020966
2012-05-11,2.0268381476328026
2012-05-12,2.0268314477229823
2012-05-13,2.0268518121374948
2012-05-14,2.0084034385028797
2012-05-15,2.0009223381220504
2012-05-16,2.0124286537951264
2012-05-17,2.0053681733465827
2012-05-18,2.004929928956303
2012-05-19,2.0049126731264697
2012-05-20,2.0048222807664526
2012-05-21,2.020067450547966
2012-05-22,1.9976068937246518
2012-05-23,1.9926078519289676
2012-05-24,1.9926679956226747
2012-05-25,1.9905133273958773
2012-05-26,1.990507586321037
2012-05-27,1.990575727112285
2012-05-28,2.001466498798258
2012-05-29,2.0106494564382174
2012-05-30,1.9795136746415798
2012-05-31,1.9553887469327043
2012-06-01,1.9615304717600819
2012-06-02,1.961495966586816
2012-06-03,1.9613611535065776
2012-06-04,1.9685222514192737
2012-06-05,1.9719417020931715
2012-06-06,1.9915149152579892
2012-06-07,1.9852198297412837
2012-06-08,2.003666781505812
2012-06-09,2.0036619344775635
2012-06-10,2.0035943974050756
2012-06-11,1.9845052274693136
2012-06-12,2.0047903453390963
2012-06-13,1.993404137311899
2012-06-14,2.0087870196346933
2012-06-15,2.0032994486373656
2012-06-16,2.003299657879965
2012-06-17,2.003251341317242
2012-06-18,2.0170175244853956
2012-06-19,2.013339873221611
2012-06-20,2.0297341717947535
2012-06-21,2.006952457031087
2012-06-22,2.019955672566191
2012-06-23,2.0199554375672686
2012-06-24,2.0197480976965347
2012-06-25,2.011578977717846
2012-06-26,2.0343069792613373
2012-06-27,2.0663595203419782
2012-06-28,2.0599640233593033
2012-06-29,2.097558712659263
2012-06-30,2.0975568990942866
2012-07-01,2.0974477613211557
2012-07-02,2.0873679429814036
2012-07-03,2.096358731492772
2012-07-04,2.098177100660436
2012-07-05,2.0944575486576724
2012-07-06,2.1027489031965882
2012-07-07,2.1027486585656057
2012-07-08,2.1028648658396407
2012-07-09,2.1088214025392413
2012-07-10,2.1018762466085974
2012-07-11,2.1138045868759368
2012-07-12,2.0951864231746256
2012-07-13,2.117692825570527
2012-07-14,2.1176932799954895
2012-07-15,2.117622012703525
2012-07-16,2.124911909794383
2012-07-17,2.134828138090243
2012-07-18,2.1332377976872596
2012-07-19,2.1230846365730085
2012-07-20,2.1076665956670637
2012-07-21,2.1076603375324536
2012-07-22,2.1077643663256342
2012-07-23,2.0769784167487675
2012-07-24,2.062714326059127
2012-07-25,2.0574508455156826
2012-07-26,2.095790300611958
2012-07-27,2.11956825733696
2012-07-28,2.119687689890128
2012-07-29,2.1196641579620064
2012-07-30,2.1132313201763533
2012-07-31,2.104203046443313
2012-08-01,2.098439273887725
2012-08-02,2.1083205401367593
2012-08-03,2.1313653237327803
2012-08-04,2.131363480305185
2012-08-05,2.131224866032532
2012-08-06,2.1176506558167993
2012-08-07,2.113948023659748
2012-08-08,2.1271751528961103
2012-08-09,2.137942673854808
2012-08-10,2.138034989477332
2012-08-11,2.1380352121744854
2012-08-12,2.1379991928447057
2012-08-13,2.1271702814575923
2012-08-14,2.1229695075333797
2012-08-15,2.1322345866879022
2012-08-16,2.1240739508547404
2012-08-17,2.1369583730948705
2012-08-18,2.136956052970392
2012-08-19,2.136984466080601
2012-08-20,2.137822934073181
2012-08-21,2.1265617273421733
2012-08-22,2.1348324857191616
2012-08-23,2.119275553226678
2012-08-24,2.121698286162828
2012-08-25,2.121698065167336
2012-08-26,2.1217080261696384
2012-08-27,2.11881485633833
2012-08-28,2.120792054602533
2012-08-29,2.103411674839506
2012-08-30,2.100380604877521
2012-08-31,2.1213430495198926
2012-09-01,2.1213418776356465
2012-09-02,2.1213551268993327
2012-09-03,2.122073016037086
2012-09-04,2.1234414596334674
2012-09-05,2.1341077151224908
2012-09-06,2.139304289287309
2012-09-07,2.1453809876192893
2012-09-08,2.145381671410133
2012-09-09,2.1452416583456633
2012-09-10,2.129020201267708
2012-09-11,2.1418457814573832
2012-09-12,2.1360586851390946
2012-09-13,2.165535071495281
2012-09-14,2.1767432289347894
2012-09-15,2.176743455663765
2012-09-16,2.176717425680456
2012-09-17,2.169055749070924
2012-09-18,2.166765352737434
2012-09-19,2.1568027236509124
2012-09-20,2.156616849792745
2012-09-21,2.1597020737206334
2012-09-22,2.1597028155830627
2012-09-23,2.1597391293047647
2012-09-24,2.1502963429579562
2012-09-25,2.160333463461509
2012-09-26,2.1599091577679124
2012-09-27,2.1651017938820973
2012-09-28,2.1622205118382998
2012-09-29,2.1622205118382998
2012-09-30,2.162293694648817
2012-10-01,2.1689528272830887
2012-10-02,2.16255680378045
2012-10-03,2.1705167748250953
2012-10-04,2.178823122849374
2012-10-05,2.172529096338657
2012-10-06,2.172527897745223
2012-10-07,2.172490076528014
2012-10-08,2.173372073957631
2012-10-09,2.166367946788003
2012-10-10,2.1503171422772787
2012-10-11,2.1603016173921135
2012-10-12,2.164332581590006
2012-10-13,2.164245639371079
2012-10-14,2.164260889573356
2012-10-15,2.1760207065104202
2012-10-16,2.169347459626944
2012-10-17,2.1704317990967725
2012-10-18,2.1650350102013283
2012-10-19,2.1618459334164593
2012-10-20,2.1618440913963997
2012-10-21,2.161842650320938
2012-10-22,2.164557300112438
2012-10-23,2.1503295117958254
2012-10-24,2.148885721538505
2012-10-25,2.1480986323136975
2012-10-26,2.150953951511575
2012-10-27,2.150955784252579
2012-10-28,2.150904359595184
2012-10-29,2.1363363027136533
2012-10-30,2.1362664616982348
2012-10-31,2.1288964999867246
2012-11-01,2.144038667950281
2012-11-02,2.1428694464160474
2012-11-03,2.142785099225203
2012-11-04,2.142843681125959
2012-11-05,2.1444090832813503
2012-11-06,2.155954745668282
2012-11-07,2.141191393834082
2012-11-08,2.124588515561894
2012-11-09,2.1214024104230917
2012-11-10,2.121484801511087
2012-11-11,2.121484211131652
2012-11-12,2.1203152338377547
2012-11-13,2.118863410269546
2012-11-14,2.1137058497992887
2012-11-15,2.12304435861909
2012-11-16,2.1378500420371465
2012-11-17,2.1378452897437907
2012-11-18,2.1378345314920657
2012-11-19,2.148052943013874
2012-11-20,2.154801549222034
2012-11-21,2.1475345877428142
2012-11-22,2.1491888463940905
2012-11-23,2.160395324723776
2012-11-24,2.1603957479546785
2012-11-25,2.160313635633779
2012-11-26,2.145654058503921
2012-11-27,2.1458385561246143
2012-11-28,2.1566575734654663
2012-11-29,2.161186553923238
2012-11-30,2.1601364956627624
2012-12-01,2.160121472966199
2012-12-02,2.1601201625610713
2012-12-03,2.1505519827426993
2012-12-04,2.1556162205702463
2012-12-05,2.1583999290184206
2012-12-06,2.172379050366434
2012-12-07,2.176104628045019
2012-12-08,2.176105824891398
2012-12-09,2.1761653233271456
2012-12-10,2.1813803612509584
2012-12-11,2.1908235144895465
2012-12-12,2.1870345685343584
2012-12-13,2.177253509075043
2012-12-14,2.1756662543529126
2012-12-15,2.1756664809697224
2012-12-16,2.1755648561118566
2012-12-17,2.1864514564995834
2012-12-18,2.1868919271134684
2012-12-19,2.1797676964298245
2012-12-20,2.1812071122414607
2012-12-21,2.1542510013201963
2012-12-22,2.1542510013201963
2012-12-23,2.154386363168869
2012-12-24,2.1489780065095316
2012-12-25,2.1457053147784877
2012-12-26,2.1414109068872276
2012-12-27,2.145997237685598
2012-12-28,2.140114917520829
2012-12-29,2.1401185637676714
2012-12-30,2.1400862635582425
2012-12-31,2.165618090098771
2013-01-01,2.164547903326625
2013-01-02,2.183830489534565
2013-01-03,2.180622279939181
2013-01-04,2.192252312298131
2013-01-05,2.192252312298131
2013-01-06,2.192289005147494
2013-01-07,2.1852853867556443
2013-01-08,2.180002204734375
2013-01-09,2.1944846046517474
2013-01-10,2.205801808008932
2013-01-11,2.196839559473284
2013-01-12,2.196840731249379
2013-01-13,2.1968969200586352
2013-01-14,2.208688973067627
2013-01-15,2.208710119369763
2013-01-16,2.2088068611023637
2013-01-17,2.2145847107497487
2013-01-18,2.201784042371045
2013-01-19,2.2017718341443024
2013-01-20,2.201826886862052
2013-01-21,2.19738234825001
2013-01-22,2.209480174893737
2013-01-23,2.201251815129887
2013-01-24,2.2105707297015478
2013-01-25,2.196151502375074
2013-01-26,2.19615169341874
2013-01-27,2.196152668718044
2013-01-28,2.18537741799827
2013-01-29,2.1952517769226656
2013-01-30,2.1896566750309243
2013-01-31,2.1917104083141736
2013-02-01,2.2065484481131805
2013-02-02,2.2065485764677506
2013-02-03,2.206546638871292
2013-02-04,2.191622613720303
2013-02-05,2.2052877069854753
2013-02-06,2.1961879355048626
2013-02-07,2.1935593161171
2013-02-08,2.1994068368467934
2013-02-09,2.199406364887332
2013-02-10,2.199485089962983
2013-02-11,2.1921283250417933
2013-02-12,2.197080859463662
2013-02-13,2.1985817106068755
2013-02-14,2.198005003161898
2013-02-15,2.1978954232430827
2013-02-16,2.1978954232430827
2013-02-17,2.1978954232430827
2013-02-18,2.2006113784254007
2013-02-19,2.2112307266529543
2013-02-20,2.1988210917178796
2013-02-21,2.2012430335061164
2013-02-22,2.205043803597644
2013-02-23,2.2049787556255365
2013-02-24,2.2049787556255365
2013-02-25,2.1929260143090517
2013-02-26,2.189395363277443
2013-02-27,2.1987225747822525
2013-02-28,2.198497913837489
2013-03-01,2.202400246604783
2013-03-02,2.2023554042427205
2013-03-03,2.202522550765075
2013-03-04,2.2056774418720586
2013-03-05,2.211683606184281
2013-03-06,2.202567489759592
2013-03-07,2.206878553445986
2013-03-08,2.228821182788032
2013-03-09,2.2288209506346406
2013-03-10,2.228821182788032
2013-03-11,2.246845331774981
2013-03-12,2.261896169995673
2013-03-13,2.2655992192452192
2013-03-14,2.2686251359190917
2013-03-15,2.2606905110929123
2013-03-16,2.260628188522663
2013-03-17,2.2606284239890737
2013-03-18,2.269921884273019
2013-03-19,2.2717255596087687
2013-03-20,2.288188681675946
2013-03-21,2.272255002408096
2013-03-22,2.2848619323640302
2013-03-23,2.2848164643688955
2013-03-24,2.2848164643688955
2013-03-25,2.286832263758968
2013-03-26,2.28807328879933
2013-03-27,2.2891799084629665
2013-03-28,2.2874348840443455
2013-03-29,2.294217931735956
2013-03-30,2.2942191967513645
2013-03-31,2.2942191967513645
2013-04-01,2.2854791105315457
2013-04-02,2.3010176141115166
2013-04-03,2.288388575423966
2013-04-04,2.2888990582138993
2013-04-05,2.3128340086310497
2013-04-06,2.3127413948862783
2013-04-07,2.3127413948862783
2013-04-08,2.3118454727389954
2013-04-09,2.314740722659851
2013-04-10,2.322143208254571
2013-04-11,2.3335445251843336
2013-04-12,2.3254951232522716
2013-04-13,2.325499844887672
2013-04-14,2.3262748296082862
2013-04-15,2.291842179986387
2013-04-16,2.3130918187030995
2013-04-17,2.3060154866572558
2013-04-18,2.3006976203396103
2013-04-19,2.301501690324424
2013-04-20,2.3015011964569525
2013-04-21,2.3015481286756634
2013-04-22,2.2987256963420997
2013-04-23,2.3069797858447396
2013-04-24,2.322415243439313
2013-04-25,2.3193288624047557
2013-04-26,2.3224193735542515
2013-04-27,2.3223362407417625
2013-04-28,2.322337903392814
2013-04-29,2.306222331442274
2013-04-30,2.314659691407863
2013-05-01,2.3028773732477337
2013-05-02,2.313969317048758
2013-05-03,2.330415883952777
2013-05-04,2.3303924221502514
2013-05-05,2.3303916939318543
2013-05-06,2.323049114854659
2013-05-07,2.339704063183425
2013-05-08,2.3489122443297608
2013-05-09,2.348294531976315
2013-05-10,2.3359609899218357
2013-05-11,2.335887646662276
2013-05-12,2.336032352419093
2013-05-13,2.3197209869527136
2013-05-14,2.3179269033996324
2013-05-15,2.318830462050853
2013-05-16,2.3076679677040626
2013-05-17,2.2989070173430806
2013-05-18,2.2988405240863052
2013-05-19,2.2988405240863052
2013-05-20,2.306430059287594
2013-05-21,2.2985550607938485
2013-05-22,2.2926324162301386
2013-05-23,2.2967320707902212
2013-05-24,2.2671353991390086
2013-05-25,2.2671353991390086
2013-05-26,2.2671353991390086
2013-05-27,2.281199275958555
2013-05-28,2.2607705262364717
2013-05-29,2.2542537208717577
2013-05-30,2.227672116930525
2013-05-31,2.227300015811902
2013-06-01,2.2272514680936757
2013-06-02,2.227251236103794
2013-06-03,2.2360584596395614
2013-06-04,2.242249948051409
2013-06-05,2.217611245376266
2013-06-06,2.2212598266912433
2013-06-07,2.2280250020495287
2013-06-08,2.2275987602297636
2013-06-09,2.2275897912385156
2013-06-10,2.2023630786623003
2013-06-11,2.2178458207338934
2013-06-12,2.1983536569223667
2013-06-13,2.2487509058660686
2013-06-14,2.2349215612421243
2013-06-15,2.2348862616854
2013-06-16,2.2348871017492997
2013-06-17,2.2128473462444247
2013-06-18,2.2062112770083635
2013-06-19,2.155756444576246
2013-06-20,2.1450468031721313
2013-06-21,2.159391592116006
2013-06-22,2.159321987183915
2013-06-23,2.1593222120923112
2013-06-24,2.1607414408561754
2013-06-25,2.1739500470295408
2013-06-26,2.183395419833852
2013-06-27,2.2053063166724223
2013-06-28,2.220950871879747
2013-06-29,2.2208308658874274
2013-06-30,2.2208310972085736
2013-07-01,2.2165380648916813
2013-07-02,2.2023811418965553
2013-07-03,2.220177191875209
2013-07-04,2.2295625616642125
2013-07-05,2.210093371969329
2013-07-06,2.2100171057886944
2013-07-07,2.2160867434542064
2013-07-08,2.2481856795586994
2013-07-09,2.2471760976397674
2013-07-10,2.238235568621584
2013-07-11,2.2465075196503816
2013-07-12,2.246941162582847
2013-07-13,2.2469475387343416
2013-07-14,2.2469542759733074
2013-07-15,2.2716117563803797
2013-07-16,2.2752838441382677
2013-07-17,2.2768679440652053
2013-07-18,2.280138302692745
2013-07-19,2.267681590341374
2013-07-20,2.2679010054941844
2013-07-21,2.26790077111395
2013-07-22,2.3059098952519084
2013-07-23,2.3035157174235543
2013-07-24,2.2816449833378423
2013-07-25,2.285480463363712
2013-07-26,2.271678403619631
2013-07-27,2.2716052361621593
2013-07-28,2.2716052361621593
2013-07-29,2.2578531659986143
2013-07-30,2.261908688905488
2013-07-31,2.2669533493578347
2013-08-01,2.253420053207492
2013-08-02,2.281657408858252
2013-08-03,2.2816348112981277
2013-08-04,2.2816416588789674
2013-08-05,2.283347443066709
2013-08-06,2.2870961518304407
2013-08-07,2.2682513780527986
2013-08-08,2.286304229997808
2013-08-09,2.283538596856
2013-08-10,2.283460208013006
2013-08-11,2.283423225832497
2013-08-12,2.274963855172366
2013-08-13,2.271118839801808
2013-08-14,2.271839291724268
2013-08-15,2.254344966815215
2013-08-16,2.2413707868182864
2013-08-17,2.2413127766713745
2013-08-18,2.2413127766713745
2013-08-19,2.2163739618074643
2013-08-20,2.2330297373135335
2013-08-21,2.1823982146853527
2013-08-22,2.2183570379697324
2013-08-23,2.2396760571845524
2013-08-24,2.2402084461288134
2013-08-25,2.240202324085287
2013-08-26,2.2026331976751967
2013-08-27,2.198604616155433
2013-08-28,2.18696052379921
2013-08-29,2.1857986160506533
2013-08-30,2.181338483579123
2013-08-31,2.1814985867713874
2013-09-01,2.1814869560058647
2013-09-02,2.1892845008990416
2013-09-03,2.183376878299066
2013-09-04,2.1937544447616046
2013-09-05,2.1844199939876145
2013-09-06,2.216011893950231
2013-09-07,2.216011893950231
2013-09-08,2.216011893950231
2013-09-09,2.2221283169100072
2013-09-10,2.220647541795986
2013-09-11,2.2246822619950306
2013-09-12,2.2230992161639094
2013-09-13,2.2283229805641036
2013-09-14,2.2282458417101454
2013-09-15,2.228245377554187
2013-09-16,2.2396695740455743
2013-09-17,2.242247443745317
2013-09-18,2.2775680771409155
2013-09-19,2.2671447010161954
2013-09-20,2.2441569694631367
2013-09-21,2.2441569694631367
2013-09-22,2.2441567357186214
2013-09-23,2.2556245647411184
2013-09-24,2.2330417416565225
2013-09-25,2.223427141252234
2013-09-26,2.217505868852827
2013-09-27,2.207512721220142
2013-09-28,2.2074362736615334
2013-09-29,2.207521644094083
2013-09-30,2.2120802152730357
2013-10-01,2.2013031917156978
2013-10-02,2.206041698710445
2013-10-03,2.196604393718624
2013-10-04,2.2096232283292583
2013-10-05,2.2095188833409516
2013-10-06,2.2095188833409516
2013-10-07,2.20153697310933
2013-10-08,2.1881590749766127
2013-10-09,2.1926531185356555
2013-10-10,2.2110028442145255
2013-10-11,2.2282623499479635
2013-10-12,2.228086402619938
2013-10-13,2.2280868667675273
2013-10-14,2.2245385305355287
2013-10-15,2.226325629911916
2013-10-16,2.249671486645256
2013-10-17,2.254118359346616
2013-10-18,2.2445762481731983
2013-10-19,2.2444760891457904
2013-10-20,2.2444763229235773
2013-10-21,2.217934857809065
2013-10-22,2.2413176043421728
2013-10-23,2.2132000002275016
2013-10-24,2.2172267232337033
2013-10-25,2.23328496572618
2013-10-26,2.233221659451267
2013-10-27,2.233221659451267
2013-10-28,2.2331842469103216
2013-10-29,2.230257453717338
2013-10-30,2.2291168661413816
2013-10-31,2.2209051102754978
2013-11-01,2.2216183662266302
2013-11-02,2.221612241083062
2013-11-03,2.2216135008344375
2013-11-04,2.2319404074586853
2013-11-05,2.2088693007204063
2013-11-06,2.2048296046184097
2013-11-07,2.1999641965865266
2013-11-08,2.213931504765543
2013-11-09,2.213928884553355
2013-11-10,2.2139284233551164
2013-11-11,2.2110047335286507
2013-11-12,2.2192658262225664
2013-11-13,2.243651417145546
2013-11-14,2.248400278449438
2013-11-15,2.254221368899645
2013-11-16,2.254221368899645
2013-11-17,2.254221368899645
2013-11-18,2.2573207786609784
2013-11-19,2.247985347282399
2013-11-20,2.2287662454901067
2013-11-21,2.2427030360209748
2013-11-22,2.2488915837741676
2013-11-23,2.2488915837741676
2013-11-24,2.2488908810425103
2013-11-25,2.2347918297978504
2013-11-26,2.2359419848870146
2013-11-27,2.2294000559815164
2013-11-28,2.2360633992616874
2013-11-29,2.2286322867321355
2013-11-30,2.2286368094407982
2013-12-01,2.228641361069275
2013-12-02,2.209965034034441
2013-12-03,2.2304541545953263
2013-12-04,2.2451352294236537
2013-12-05,2.2347082937765257
2013-12-06,2.257747308268544
2013-12-07,2.257733860737837
2013-12-08,2.257733860737837
2013-12-09,2.2688758345643567
2013-12-10,2.269082134037279
2013-12-11,2.239372557537476
2013-12-12,2.253239576233196
2013-12-13,2.2687501016392737
2013-12-14,2.2687496148399124
2013-12-15,2.2687496148399124
2013-12-16,2.257781222203713
2013-12-17,2.2530015366143226
2013-12-18,2.2680256853226757
2013-12-19,2.257861234016516
2013-12-20,2.2577822671184165
2013-12-21,2.257769774996676
2013-12-22,2.2577571250309547
2013-12-23,2.2504565833541097
2013-12-24,2.244455458042945
2013-12-25,2.248047185746103
2013-12-26,2.2368357053260524
2013-12-27,2.240953325529176
2013-12-28,2.240982965162098
2013-12-29,2.240982731748169
2013-12-30,2.2368751857369946
2013-12-31,2.2426501610510328
2014-01-01,2.2444206425110367
2014-01-02,2.220500408150115
2014-01-03,2.2382220481722723
2014-01-04,2.23820275868945
2014-01-05,2.23820275868945
2014-01-06,2.241031186294557
2014-01-07,2.2493312369639082
2014-01-08,2.2403173466317896
2014-01-09,2.2471920109913515
2014-01-10,2.264382375642241
2014-01-11,2.264377567041317
2014-01-12,2.2643698139382082
2014-01-13,2.240849810739231
2014-01-14,2.2419240175176123
2014-01-15,2.228545154869397
2014-01-16,2.2160813800457286
2014-01-17,2.2231397174201093
2014-01-18,2.2231397174201093
2014-01-19,2.2231387911614786
2014-01-20,2.2244824838174386
2014-01-21,2.219595130459497
2014-01-22,2.21563661016698
2014-01-23,2.2013318098970913
2014-01-24,2.193657987141566
2014-01-25,2.193654269023582
2014-01-26,2.193654269023582
2014-01-27,2.210645686176949
2014-01-28,2.2280371316850345
2014-01-29,2.205018063182833
2014-01-30,2.213280095716298
2014-01-31,2.2189692888655173
2014-02-01,2.218968812799776
2014-02-02,2.218968581678775
2014-02-03,2.189933517170284
2014-02-04,2.2251382330961422
2014-02-05,2.224641675777193
2014-02-06,2.227017173567655
2014-02-07,2.2243280431445185
2014-02-08,2.2243294747127726
2014-02-09,2.2243292430334227
2014-02-10,2.2145986180225172
2014-02-11,2.226578068325582
2014-02-12,2.2208978161614703
2014-02-13,2.2281200088777506
2014-02-14,2.2277405910899937
2014-02-15,2.2277405910899937
2014-02-16,2.2277405910899937
2014-02-17,2.230845181243157
2014-02-18,2.224002035620196
2014-02-19,2.213394642259349
2014-02-20,2.2238502494103494
2014-02-21,2.2276248809229626
2014-02-22,2.2276248809229626
2014-02-23,2.2276248809229626
2014-02-24,2.2257167121063053
2014-02-25,2.232118883106717
2014-02-26,2.2188015384977673
2014-02-27,2.230252241455623
2014-02-28,2.2318473203924474
2014-03-01,2.2318473203924474
2014-03-02,2.2318578349255467
2014-03-03,2.2166511482707048
2014-03-04,2.2268408803590605
2014-03-05,2.231571973841221
2014-03-06,2.2413315742385267
2014-03-07,2.2351977862410797
2014-03-08,2.235188131344592
2014-03-09,2.235188131344592
2014-03-10,2.2317359134947554
2014-03-11,2.2227995925959156
2014-03-12,2.228719190862635
2014-03-13,2.2187838324259372
2014-03-14,2.2323420415286277
2014-03-15,2.2323429993853394
2014-03-16,2.2323429993853394
2014-03-17,2.2362773807363103
2014-03-18,2.238185865279803
2014-03-19,2.2214567685887343
2014-03-20,2.2293174587634152
2014-03-21,2.235687478337204
2014-03-22,2.235669422761618
2014-03-23,2.235669422761618
2014-03-24,2.2423891124206627
2014-03-25,2.2539036225059834
2014-03-26,2.250623379769657
2014-03-27,2.25656488969215
2014-03-28,2.2599173683532214
2014-03-29,2.259918379516634
2014-03-30,2.2599186149028374
2014-03-31,2.258989591809137
2014-04-01,2.2618291918223066
2014-04-02,2.255781868471834
2014-04-03,2.2533145219597728
2014-04-04,2.273167641460174
2014-04-05,2.273170636395147
2014-04-06,2.273170636395147
2014-04-07,2.2700497129701582
2014-04-08,2.259665070374426
2014-04-09,2.2707915880864453
2014-04-10,2.256511667587901
2014-04-11,2.2553198395965333
2014-04-12,2.2553250232256628
2014-04-13,2.2553250232256628
2014-04-14,2.264644803364666
2014-04-15,2.2551780234005943
2014-04-16,2.2573698479989655
2014-04-17,2.2585103142145253
2014-04-18,2.2612158700411586
2014-04-19,2.2612153848317442
2014-04-20,2.2612153848317442
2014-04-21,2.262944386826883
2014-04-22,2.261679405909918
2014-04-23,2.260571660669331
2014-04-24,2.2568186456174364
2014-04-25,2.24946507855106
2014-04-26,2.24946631980982
2014-04-27,2.24946631980982
2014-04-28,2.249998810819135
2014-04-29,2.2544267687029844
2014-04-30,2.256311386215263
2014-05-01,2.260119193405179
2014-05-02,2.265638381456436
2014-05-03,2.265643575015569
2014-05-04,2.2656421591020393
2014-05-05,2.2596164010896667
2014-05-06,2.2625153765486585
2014-05-07,2.271696788474568
2014-05-08,2.2752126077334776
2014-05-09,2.2778329171963616
2014-05-10,2.2778240235602185
2014-05-11,2.277823311825725
2014-05-12,2.2794768131336847
2014-05-13,2.2891539431191115
2014-05-14,2.2909193870273232
2014-05-15,2.282940208249445
2014-05-16,2.292501083311149
2014-05-17,2.2920783223222747
2014-05-18,2.292078083586408
2014-05-19,2.2914418681945055
2014-05-20,2.293592428144957
2014-05-21,2.290683914899341
2014-05-22,2.297920823660861
2014-05-23,2.3015313960026
2014-05-24,2.3015404435847504
2014-05-25,2.3015404435847504
2014-05-26,2.2978114843321786
2014-05-27,2.3039391204734376
2014-05-28,2.3005512914822646
2014-05-29,2.310714554049821
2014-05-30,2.304185329026599
2014-05-31,2.304182787378074
2014-06-01,2.304181347379483
2014-06-02,2.2972492805573754
2014-06-03,2.294448753079358
2014-06-04,2.2994851679150785
2014-06-05,2.305666085830175
2014-06-06,2.2888680903422336
2014-06-07,2.288868048043826
2014-06-08,2.28886614085801
2014-06-09,2.272819870738082
2014-06-10,2.2766046213948643
2014-06-11,2.281625430814673
2014-06-12,2.286769898154906
2014-06-13,2.2804704534507643
2014-06-14,2.280464858814171
2014-06-15,2.280464146254511
2014-06-16,2.273748635126804
2014-06-17,2.2647392241655164
2014-06-18,2.2860377236522713
2014-06-19,2.278560125160963
2014-06-20,2.284959877600366
2014-06-21,2.2849600881511924
2014-06-22,2.284958184221662
2014-06-23,2.2772771320911045
2014-06-24,2.269883535092854
2014-06-25,2.272788571818764
2014-06-26,2.2777185435000606
2014-06-27,2.285823747672804
2014-06-28,2.2858166821222956
2014-06-29,2.2858166821222956
2014-06-30,2.284125625785918
2014-07-01,2.2892469569152785
2014-07-02,2.2773617730977893
2014-07-03,2.2891115326776514
2014-07-04,2.284990407169514
2014-07-05,2.284990407169514
2014-07-06,2.284990407169514
2014-07-07,2.275745358969915
2014-07-08,2.282823302133797
2014-07-09,2.283689231882529
2014-07-10,2.279260631316434
2014-07-11,2.2805083013213876
2014-07-12,2.2805766882735505
2014-07-13,2.2805755005526755
2014-07-14,2.2881034481313827
2014-07-15,2.290799085707417
2014-07-16,2.2975388164878456
2014-07-17,2.2849462883365805
2014-07-18,2.2935607155161986
2014-07-19,2.293559170125007
2014-07-20,2.29355821452651
2014-07-21,2.2879651932410905
2014-07-22,2.2948316203335986
2014-07-23,2.294492533152701
2014-07-24,2.292583237906861
2014-07-25,2.2968417016862874
2014-07-26,2.296840630889303
2014-07-27,2.296839913212855
2014-07-28,2.286422083448313
2014-07-29,2.2745526166863854
2014-07-30,2.2633243221557664
2014-07-31,2.255703209466015
2014-08-01,2.2617392610661575
2014-08-02,2.2617240426278182
2014-08-03,2.2617235714981705
2014-08-04,2.259448852568973
2014-08-05,2.244152218890706
2014-08-06,2.254658785735626
2014-08-07,2.2496633653362026
2014-08-08,2.2542938662908063
2014-08-09,2.2542938662908063
2014-08-10,2.2542929270519783
2014-08-11,2.268277902014129
2014-08-12,2.274446067832959
2014-08-13,2.2746086385975826
2014-08-14,2.2843972841519733
2014-08-15,2.2826104150366997
2014-08-16,2.282604114618488
2014-08-17,2.282602450375584
2014-08-18,2.2859312604965956
2014-08-19,2.289255963252768
2014-08-20,2.2782827644311556
2014-08-21,2.283903131973893
2014-08-22,2.277443410473548
2014-08-23,2.277443410473548
2014-08-24,2.2774429360441855
2014-08-25,2.278771524460843
2014-08-26,2.287737403604078
2014-08-27,2.287977597926541
2014-08-28,2.290131096579106
2014-08-29,2.2915428417520065
2014-08-30,2.291544794042405
2014-08-31,2.2915443167009286
2014-09-01,2.289843831250535
2014-09-02,2.2894227889032526
2014-09-03,2.2891789671338367
2014-09-04,2.2889817563560033
2014-09-05,2.3105665103513946
2014-09-06,2.3105665103513946
2014-09-07,2.310566029021931
2014-09-08,2.293126373836163
2014-09-09,2.28358434533833
2014-09-10,2.2871785587987032
2014-09-11,2.2846140644140682
2014-09-12,2.2315734352339684
2014-09-13,2.2315748603708814
2014-09-14,2.231573245946018
2014-09-15,2.2326857807555447
2014-09-16,2.2459205151397184
2014-09-17,2.235698348225061
2014-09-18,2.237594294998197
2014-09-19,2.2412975435104063
2014-09-20,2.241296145471674
2014-09-21,2.2412952189613327
2014-09-22,2.2331137768793967
2014-09-23,2.2278030421226056
2014-09-24,2.2356955584515625
2014-09-25,2.2208035303667013
2014-09-26,2.2135638400427498
2014-09-27,2.2135284022882877
2014-09-28,2.2135263434401082
2014-09-29,2.2087512088113668
2014-09-30,2.221249968479394
2014-10-01,2.2149391818366317
2014-10-02,2.2281467832880213
2014-10-03,2.21665796731198
2014-10-04,2.2166615135970726
2014-10-05,2.2166615135970726
2014-10-06,2.2282257248772925
2014-10-07,2.2105723624598914
2014-10-08,2.2324057104645605
2014-10-09,2.219260829876509
2014-10-10,2.2162005711664725
2014-10-11,2.216201986369315
2014-10-12,2.216201986369315
2014-10-13,2.216120070349538
2014-10-14,2.2204286228436216
2014-10-15,2.2020621244767375
2014-10-16,2.1968621439489033
2014-10-17,2.208165796493662
2014-10-18,2.208167947927148
2014-10-19,2.208167947927148
2014-10-20,2.205479909697008
2014-10-21,2.206254056567169
2014-10-22,2.206936433842286
2014-10-23,2.206092895338578
2014-10-24,2.2079741717577948
2014-10-25,2.2079653208147043
2014-10-26,2.2079657770348695
2014-10-27,2.209947080159421
2014-10-28,2.2233651381679356
2014-10-29,2.2181971943074013
2014-10-30,2.2286608890834163
2014-10-31,2.2269806732534647
2014-11-01,2.226979387147135
2014-11-02,2.2269761655060636
2014-11-03,2.211452106134799
2014-11-04,2.221451041304589
2014-11-05,2.21931266201683
2014-11-06,2.21758126264707
2014-11-07,2.2341038664811133
2014-11-08,2.23410257977013
2014-11-09,2.234103041378597
2014-11-10,2.2197288992298594
2014-11-11,2.2216389983476237
2014-11-12,2.2303044507918632
2014-11-13,2.2240573264193024
2014-11-14,2.232638696860401
2014-11-15,2.232638696860401
2014-11-16,2.232634544335847
2014-11-17,2.225893677084273
2014-11-18,2.232929785242576
2014-11-19,2.2219217935958553
2014-11-20,2.21744826806379
2014-11-21,2.2231067260441577
2014-11-22,2.223108012642348
2014-11-23,2.223108012642348
2014-11-24,2.219554827669374
2014-11-25,2.2138930160381105
2014-11-26,2.2051456762825907
2014-11-27,2.202363570943971
2014-11-28,2.1806338687808333
2014-11-29,2.180635088430861
2014-11-30,2.180635088430861
2014-12-01,2.1717828057758624
2014-12-02,2.1618062612733566
2014-12-03,2.165213908307066
2014-12-04,2.1560495081206352
2014-12-05,2.128925211428415
2014-12-06,2.128925211428415
2014-12-07,2.128925211428415
2014-12-08,2.1286298650297173
2014-12-09,2.1224545232757515
2014-12-10,2.1013847826648697
2014-12-11,2.0730187163750546
2014-12-12,2.074585039563337
2014-12-13,2.0746000775513878
2014-12-14,2.0746000775513878
2014-12-15,2.0823214533643934
2014-12-16,2.083729979898578
2014-12-17,2.1110930128252683
2014-12-18,2.111125796232664
2014-12-19,2.1061835625249703
2014-12-20,2.106208186346611
2014-12-21,2.106208403807694
2014-12-22,2.1028656737864044
2014-12-23,2.0876426321535613
2014-12-24,2.0943421610152906
2014-12-25,2.091467491977339
2014-12-26,2.0929857671869065
2014-12-27,2.0929857671869065
2014-12-28,2.0929864156819873
2014-12-29,2.0853415020805897
2014-12-30,2.0905242701999813
2014-12-31,2.0904820896638774
2015-01-01,2.091790186767183
2015-01-02,2.082404837237047
2015-01-03,2.0823924803753635
2015-01-04,2.0823903303261964
2015-01-05,2.072575363850098
2015-01-06,2.0836707706889435
2015-01-07,2.112962811205696
2015-01-08,2.121024358072165
2015-01-09,2.1276803455980353
2015-01-10,2.1276803455980353
2015-01-11,2.12767814896515
2015-01-12,2.121174423554497
2015-01-13,2.126975003631704
2015-01-14,2.1449130494052144
2015-01-15,2.119014434426712
2015-01-16,2.1385475484581615
2015-01-17,2.1385475484581615
2015-01-18,2.1386057718330007
2015-01-19,2.1318486978578077
2015-01-20,2.1276317635516904
2015-01-21,2.115837658940379
2015-01-22,2.137704009641943
2015-01-23,2.138207270281551
2015-01-24,2.138207270281551
2015-01-25,2.138207270281551
2015-01-26,2.1556498976240657
2015-01-27,2.150122808571031
2015-01-28,2.1333976812201922
2015-01-29,2.129532930243285
2015-01-30,2.104073519807079
2015-01-31,2.104073519807079
2015-02-01,2.10408918730311
2015-02-02,2.1222695527837567
2015-02-03,2.146818051404138
2015-02-04,2.116454053804707
2015-02-05,2.12923087176777
2015-02-06,2.128956429041283
2015-02-07,2.128955202888968
2015-02-08,2.1289560824909444
2015-02-09,2.132900323985679
2015-02-10,2.1206045158095637
2015-02-11,2.104673955028473
2015-02-12,2.1254231543813558
2015-02-13,2.129033566961843
2015-02-14,2.1289294440709874
2015-02-15,2.1289325880731123
2015-02-16,2.12261704084505
2015-02-17,2.1231884611079757
2015-02-18,2.1321771439868282
2015-02-19,2.1148453126362603
2015-02-20,2.110700141032999
2015-02-21,2.110700141032999
2015-02-22,2.110697678136836
2015-02-23,2.110715272363678
2015-02-24,2.1373033058239375
2015-02-25,2.1341788852819925
2015-02-26,2.1245420648117954
2015-02-27,2.134009850971936
2015-02-28,2.134068301565434
2015-03-01,2.1340685221203954
2015-03-02,2.1250653255332024
2015-03-03,2.1291524797685257
2015-03-04,2.1212953917646398
2015-03-05,2.1048910394223737
2015-03-06,2.070957438503422
2015-03-07,2.070957438503422
2015-03-08,2.0709604344409867
2015-03-09,2.076884129892511
2015-03-10,2.0665057590180065
2015-03-11,2.0889861176442515
2015-03-12,2.10145712292172
2015-03-13,2.093879325221325
2015-03-14,2.093882863345301
2015-03-15,2.0938802037287294
2015-03-16,2.1030215360141926
2015-03-17,2.111348113842873
2015-03-18,2.1400644980110113
2015-03-19,2.1195429880288175
2015-03-20,2.1454014090561233
2015-03-21,2.1454008506033335
2015-03-22,2.1454006289008274
2015-03-23,2.155319382432945
2015-03-24,2.148774153934002
2015-03-25,2.1426725818497014
2015-03-26,2.1256764840081326
2015-03-27,2.1142169408396234
2015-03-28,2.114214602669944
2015-03-29,2.114213291844109
2015-03-30,2.114326994586935
2015-03-31,2.11587916975687
2015-04-01,2.1308041693832718
2015-04-02,2.1466952928109793
2015-04-03,2.166441710726571
2015-04-04,2.1664351941652087
2015-04-05,2.1664351941652087
2015-04-06,2.151927358833248
2015-04-07,2.1535269066671536
2015-04-08,2.159786253199222
2015-04-09,2.138670373592622
2015-04-10,2.124002040717308
2015-04-11,2.1240009300210896
2015-04-12,2.1240009300210896
2015-04-13,2.105090621880075
2015-04-14,2.119424053071983
2015-04-15,2.1159442119091674
2015-04-16,2.121521038816588
2015-04-17,2.0948399632151893
2015-04-18,2.0948350998296696
2015-04-19,2.094832439003583
2015-04-20,2.086098613132651
2015-04-21,2.091784905730551
2015-04-22,2.092119933090575
2015-04-23,2.0998254678407395
2015-04-24,2.0943053385158548
2015-04-25,2.0943058708973656
2015-04-26,2.0943083145915176
2015-04-27,2.0933501703951003
2015-04-28,2.1047828023783555
2015-04-29,2.102992063065137
2015-04-30,2.0871233744029554
2015-05-01,2.0566251252398997
2015-05-02,2.0566202402347487
2015-05-03,2.056617202830689
2015-05-04,2.07496765965778
2015-05-05,2.0899570866141803
2015-05-06,2.0827419759595953
2015-05-07,2.091359681126156
2015-05-08,2.117258015157823
2015-05-09,2.117253552013769
2015-05-10,2.1172539896772946
2015-05-11,2.089666458564406
2015-05-12,2.089239408325847
2015-05-13,2.0961028001998576
2015-05-14,2.1121388803258347
2015-05-15,2.1215538404132954
2015-05-16,2.1215507091580648
2015-05-17,2.121552965380743
2015-05-18,2.113313949876298
2015-05-19,2.1114431418732313
2015-05-20,2.113040115081516
2015-05-21,2.1078542747645184
2015-05-22,2.1070235165371276
2015-05-23,2.1070193848356107
2015-05-24,2.107016926292432
2015-05-25,2.1085938658157266
2015-05-26,2.111454024397511
2015-05-27,2.1166174011513186
2015-05-28,2.1134591644585345
2015-05-29,2.1051986575906794
2015-05-30,2.105196546814694
2015-05-31,2.105196546814694
2015-06-01,2.095591674107541
2015-06-02,2.09699368535273
2015-06-03,2.0810882117508203
2015-06-04,2.080396279388094
2015-06-05,2.063048018092081
2015-06-06,2.063044625224681
2015-06-07,2.0630400231529697
2015-06-08,2.071747774869649
2015-06-09,2.069293038767025
2015-06-10,2.092530979974388
2015-06-11,2.105193429666333
2015-06-12,2.0979246594398715
2015-06-13,2.0979246594398715
2015-06-14,2.0979219946894823
2015-06-15,2.095458520995561
2015-06-16,2.1035090276924544
2015-06-17,2.1172214439828774
2015-06-18,2.1053042854630992
2015-06-19,2.104296310741254
2015-06-20,2.104489800905385
2015-06-21,2.1044920389841533
2015-06-22,2.105007148315532
2015-06-23,2.1025283955902605
2015-06-24,2.089238345219573
2015-06-25,2.0916655537340003
2015-06-26,2.0821322815041623
2015-06-27,2.0823919861665514
2015-06-28,2.0823939863974155
2015-06-29,2.0635001010157046
2015-06-30,2.0595578818893543
2015-07-01,2.0585210939677387
2015-07-02,2.075256330035301
2015-07-03,2.0645491661840176
2015-07-04,2.0645512659372907
2015-07-05,2.0646569270809434
2015-07-06,2.0735015638446943
2015-07-07,2.0674864338451813
2015-07-08,2.0628840485883853
2015-07-09,2.0644978830257013
2015-07-10,2.071261054573015
2015-07-11,2.071261054573015
2015-07-12,2.07126126863117
2015-07-13,2.0729252388629065
2015-07-14,2.0807321663934832
2015-07-15,2.0715075308384527
2015-07-16,2.067892534067785
2015-07-17,2.0579307649186487
2015-07-18,2.057922453612426
2015-07-19,2.057922453612426
2015-07-20,2.049328149147142
2015-07-21,2.0461204407653177
2015-07-22,2.0339959121502127
2015-07-23,2.019189343199572
2015-07-24,2.016058580211381
2015-07-25,2.01608593742669
2015-07-26,2.0160857290596153
2015-07-27,2.015760948233746
2015-07-28,2.0134296631889987
2015-07-29,2.0151067395402893
2015-07-30,2.0201577668452244
2015-07-31,2.0398311653824996
2015-08-01,2.0398311653824996
2015-08-02,2.0398311653824996
2015-08-03,2.0358037372006907
2015-08-04,2.0230324353520746
2015-08-05,2.016234239366462
2015-08-06,2.022701100481767
2015-08-07,2.0421918405886625
2015-08-08,2.042193128625964
2015-08-09,2.0421909131150318
2015-08-10,2.0388534461028973
2015-08-11,2.023301524076122
2015-08-12,2.026754564839725
2015-08-13,2.0133966460673243
2015-08-14,2.019378035301516
2015-08-15,2.019378035301516
2015-08-16,2.0193745925834814
2015-08-17,2.01384044133443
2015-08-18,2.0182725961739
2015-08-19,1.9907988623503434
2015-08-20,1.972044491801453
2015-08-21,1.9498673411647398
2015-08-22,1.9498507066941269
2015-08-23,1.949851311210426
2015-08-24,1.924558850859525
2015-08-25,1.926304449101378
2015-08-26,1.9531205725803475
2015-08-27,1.9668348726208698
2015-08-28,1.9837758538336265
2015-08-29,1.9837758538336265
2015-08-30,1.9837760588176738
2015-08-31,1.9843285817586676
2015-09-01,1.959436725585153
2015-09-02,1.9783152705139297
2015-09-03,1.985886675577706
2015-09-04,1.9740021239135779
2015-09-05,1.9740021239135779
2015-09-06,1.974004980048211
2015-09-07,1.9713069944858639
2015-09-08,1.9885686083058722
2015-09-09,1.985739630159695
2015-09-10,1.992807268042861
2015-09-11,1.9832298015050616
2015-09-12,1.983229596479077
2015-09-13,1.9832298015050616
2015-09-14,1.9930756036848263
2015-09-15,2.001943171746088
2015-09-16,2.0157814367462064
2015-09-17,2.005539495668437
2015-09-18,1.9991619925998685
2015-09-19,1.9991414912003542
2015-09-20,1.9991442798455372
2015-09-21,2.0028444100578238
2015-09-22,1.9819916348043112
2015-09-23,1.961129730375507
2015-09-24,1.98660381411806
2015-09-25,1.9756803729667347
2015-09-26,1.9756803729667347
2015-09-27,1.9756803729667347
2015-09-28,1.9674691006472513
2015-09-29,1.9704657125484537
2015-09-30,1.9818058193446415
2015-10-01,1.980873645881243
2015-10-02,1.999347319288765
2015-10-03,1.999347319288765
2015-10-04,1.99934711265167
2015-10-05,1.9901009739950815
2015-10-06,2.002401988014132
2015-10-07,1.9999784559248917
2015-10-08,2.020924024376011
2015-10-09,2.0208136286587854
2015-10-10,2.020812350606404
2015-10-11,2.020813186039995
2015-10-12,2.013244275719957
2015-10-13,1.9935104483025927
2015-10-14,2.012277141932215
2015-10-15,2.021865157967607
2015-10-16,2.0176233089590694
2015-10-17,2.017507750826185
2015-10-18,2.017610335882183
2015-10-19,2.012684377430297
2015-10-20,2.0079176384199595
2015-10-21,1.9990890031083
2015-10-22,2.026742036856918
2015-10-23,2.0160150753765493
2015-10-24,2.0160150753765493
2015-10-25,2.016020703199089
2015-10-26,2.0234496750989877
2015-10-27,2.020872661398048
2015-10-28,2.015597874462134
2015-10-29,2.0164778502461562
2015-10-30,2.033682668706625
2015-10-31,2.033607163667801
2015-11-01,2.033607163667801
2015-11-02,2.040414807748549
2015-11-03,2.045604522369582
2015-11-04,2.032245810779622
2015-11-05,2.0273093956121775
2015-11-06,2.0086628264055886
2015-11-07,2.00866403645636
2015-11-08,2.0086638288563528
2015-11-09,2.015143950348568
2015-11-10,2.020139309125294
2015-11-11,2.020396174618363
2015-11-12,2.016944037725424
2015-11-13,2.023875258703683
2015-11-14,2.02387473510152
2015-11-15,2.0238741075686635
2015-11-16,2.0169209196713878
2015-11-17,2.0240351173711932
2015-11-18,2.024217129726452
2015-11-19,2.0341320182999736
2015-11-20,2.044999411606236
2015-11-21,2.0450015274882243
2015-11-22,2.045002584181851
2015-11-23,2.0437703743022073
2015-11-24,2.048132804764652
2015-11-25,2.0530380919174624
2015-11-26,2.047917068758098
2015-11-27,2.045123832582329
2015-11-28,2.0451470468557122
2015-11-29,2.0451470468557122
2015-11-30,2.0503318392306396
2015-12-01,2.054430769060372
2015-12-02,2.0481411111604513
2015-12-03,2.019018948288947
2015-12-04,2.0225885302838433
2015-12-05,2.022587488283656
2015-12-06,2.022586025556986
2015-12-07,2.005477627441948
2015-12-08,1.9902132326081503
2015-12-09,1.9811873989297228
2015-12-10,1.9720356318254644
2015-12-11,1.9538038266480455
2015-12-12,1.9538038266480455
2015-12-13,1.953928057652634
2015-12-14,1.964524617573819
2015-12-15,1.9864584384257107
2015-12-16,2.0021699314592
2015-12-17,2.002778047407207
2015-12-18,1.990572029164636
2015-12-19,1.990571516845741
2015-12-20,1.9905729560360208
2015-12-21,1.993666389822911
2015-12-22,1.9854197283798591
2015-12-23,1.9830852447296339
2015-12-24,1.982021797204778
2015-12-25,1.9781539106273411
2015-12-26,1.9781534015045212
2015-12-27,1.9781534015045212
2015-12-28,1.977786607470935
2015-12-29,1.9817601708880115
2015-12-30,1.9681467773150378
2015-12-31,1.993877933370633
2016-01-01,1.9954777835722604
2016-01-02,1.9954839431863216
2016-01-03,1.9954849736887406
2016-01-04,1.9849752307415132
2016-01-05,1.9861921055273803
2016-01-06,1.965891906718918
2016-01-07,1.9302939597343838
2016-01-08,1.9234696224805226
2016-01-09,1.9234691280557394
2016-01-10,1.923476870957423
2016-01-11,1.9305591329319614
2016-01-12,1.9335474460606363
2016-01-13,1.9261937719732771
2016-01-14,1.9341722106763004
2016-01-15,1.8965988517236398
2016-01-16,1.8965983645451931
2016-01-17,1.896601305362993
2016-01-18,1.9056178043398793
2016-01-19,1.8964167949831292
2016-01-20,1.873923276610365
2016-01-21,1.85871988390599
2016-01-22,1.886417872645172
2016-01-23,1.8864198103537055
2016-01-24,1.8864203950796652
2016-01-25,1.8685801371995292
2016-01-26,1.8805590443468585
2016-01-27,1.8776388342305697
2016-01-28,1.8908996208509996
2016-01-29,1.9161857831782658
2016-01-30,1.9161872595147056
2016-01-31,1.916189635612302
2016-02-01,1.9020232330933848
2016-02-02,1.875472476597704
2016-02-03,1.9014167013715932
2016-02-04,1.883771033561582
2016-02-05,1.8699977733832562
2016-02-06,1.8699972930696467
2016-02-07,1.8699972930696467
2016-02-08,1.8497659067844885
2016-02-09,1.832419024813229
2016-02-10,1.8164518759738786
2016-02-11,1.7970937589642684
2016-02-12,1.8233636072188342
2016-02-13,1.8233640755699765
2016-02-14,1.8233640755699765
2016-02-15,1.8304052667501824
2016-02-16,1.8286789485646402
2016-02-17,1.8799661233357483
2016-02-18,1.8850839139276172
2016-02-19,1.8907594858247811
2016-02-20,1.8907599713746868
2016-02-21,1.89075899430314
2016-02-22,1.9095111927541124
2016-02-23,1.896622774203387
2016-02-24,1.8976296714585252
2016-02-25,1.9031318264639967
2016-02-26,1.8953721854872703
2016-02-27,1.8953736453524705
2016-02-28,1.8953742330261412
2016-02-29,1.9128838021888666
2016-03-01,1.931798015426661
2016-03-02,1.9411733580398114
2016-03-03,1.9251299536247888
2016-03-04,1.934275391846666
2016-03-05,1.9342589004932476
2016-03-06,1.934258700577855
2016-03-07,1.937417941127993
2016-03-08,1.916916078816132
2016-03-09,1.935767035050893
2016-03-10,1.9254734707666705
2016-03-11,1.9338525299403178
2016-03-12,1.9338677650700322
2016-03-13,1.9338673653467624
2016-03-14,1.929704458376607
2016-03-15,1.9220005309144643
2016-03-16,1.9028700083415027
2016-03-17,1.9261273919279591
2016-03-18,1.9182054865922096
2016-03-19,1.9182054865922096
2016-03-20,1.9182056833181242
2016-03-21,1.9185410414027628
2016-03-22,1.9284224008977842
2016-03-23,1.905139090168247
2016-03-24,1.9054167446459565
2016-03-25,1.9127156491744783
2016-03-26,1.9127180811496625
2016-03-27,1.9127182773023512
2016-03-28,1.9235503391558018
2016-03-29,1.9324913015835397
2016-03-30,1.9353669331649892
2016-03-31,1.9255079232083836
2016-04-01,1.9194674770494107
2016-04-02,1.9195197714590724
2016-04-03,1.9195197714590724
2016-04-04,1.9019984508127523
2016-04-05,1.8828788070736575
2016-04-06,1.886845171464126
2016-04-07,1.8627935048998072
2016-04-08,1.8749662538482177
2016-04-09,1.8749681593607954
2016-04-10,1.8749685439594284
2016-04-11,1.8854225543227798
2016-04-12,1.90071865394586
2016-04-13,1.907652420495728
2016-04-14,1.9057120812918704
2016-04-15,1.905423399804253
2016-04-16,1.9054229195977528
2016-04-17,1.9054233074391151
2016-04-18,1.917772837798646
2016-04-19,1.9286433319788672
2016-04-20,1.9304172636678327
2016-04-21,1.913042559661339
2016-04-22,1.913272166515392
2016-04-23,1.9132862817359826
2016-04-24,1.9132942278643954
2016-04-25,1.9046443723868007
2016-04-26,1.9264585584713427
2016-04-27,1.9277453209598365
2016-04-28,1.9316816081274044
2016-04-29,1.9396609688419524
2016-04-30,1.9396018878367884
2016-05-01,1.9395397698644914
2016-05-02,1.9305718383884594
2016-05-03,1.8925873216584594
2016-05-04,1.8782786854477629
2016-05-05,1.8704033818805192
2016-05-06,1.8715390091821171
2016-05-07,1.8715209639656645
2016-05-08,1.871523440453327
2016-05-09,1.843427513033738
2016-05-10,1.865180552054763
2016-05-11,1.8625288919547491
2016-05-12,1.847980203560729
2016-05-13,1.848484985051893
2016-05-14,1.8484332501781808
2016-05-15,1.8484221455288112
2016-05-16,1.8368435994466628
2016-05-17,1.8393808634970716
2016-05-18,1.8296208201512645
2016-05-19,1.8338800233367807
2016-05-20,1.8417275657924606
2016-05-21,1.8417441109444845
2016-05-22,1.8417424237821434
2016-05-23,1.8244664618703184
2016-05-24,1.8341227652284626
2016-05-25,1.8294833118923153
2016-05-26,1.8302783146689656
2016-05-27,1.8309743566110293
2016-05-28,1.8309916889721092
2016-05-29,1.830993086885858
2016-05-30,1.8288166865228717
2016-05-31,1.831314134204554
2016-06-01,1.8268806901645267
2016-06-02,1.8129665030034163
2016-06-03,1.8142728209744188
2016-06-04,1.7829450043127952
2016-06-05,1.7829416797704671
2016-06-06,1.7681222042603661
2016-06-07,1.7951915665148135
2016-06-08,1.815268071781548
2016-06-09,1.8042063887129667
2016-06-10,1.7571915092193244
2016-06-11,1.757205758085897
2016-06-12,1.7572006482237923
2016-06-13,1.7377981799827595
2016-06-14,1.734136111388487
2016-06-15,1.7344129129031178
2016-06-16,1.7326780468453702
2016-06-17,1.7429982144257448
2016-06-18,1.7429902796690926
2016-06-19,1.7428927689345797
2016-06-20,1.7502251925247838
2016-06-21,1.759929254115343
2016-06-22,1.7755411825757301
2016-06-23,1.7962455152859023
2016-06-24,1.7390477454947808
2016-06-25,1.7390717974290844
2016-06-26,1.7389903028772151
2016-06-27,1.7263765446371107
2016-06-28,1.7561397485325874
2016-06-29,1.7843697347273209
2016-06-30,1.8026613531278466
2016-07-01,1.7957082088573966
2016-07-02,1.795753074453224
2016-07-03,1.7957283022576653
2016-07-04,1.786056492360994
2016-07-05,1.7522156941992704
2016-07-06,1.7635337959422341
2016-07-07,1.7547806023348826
2016-07-08,1.7846169695349583
2016-07-09,1.7846064768511103
2016-07-10,1.7846177437062904
2016-07-11,1.7882516270724744
2016-07-12,1.7988522649587495
2016-07-13,1.7936563560417536
2016-07-14,1.7932459296220644
2016-07-15,1.7709441464801485
2016-07-16,1.7709082748074307
2016-07-17,1.7710358497309762
2016-07-18,1.7936882399446832
2016-07-19,1.7841195586795744
2016-07-20,1.7683286188183107
2016-07-21,1.7777984705305672
2016-07-22,1.7824646680199547
2016-07-23,1.782491570338317
2016-07-24,1.782545965089853
2016-07-25,1.764120151384248
2016-07-26,1.7650304188068369
2016-07-27,1.7575757640079475
2016-07-28,1.750227627080001
2016-07-29,1.7571055165538034
2016-07-30,1.7569869896862662
2016-07-31,1.7569097208943032
2016-08-01,1.747054702089314
2016-08-02,1.7402120125387424
2016-08-03,1.746681227697954
2016-08-04,1.744528296469349
2016-08-05,1.758990310213938
2016-08-06,1.759097746886828
2016-08-07,1.7591717854352833
2016-08-08,1.7777810013212616
2016-08-09,1.7839244722766425
2016-08-10,1.7846646666691213
2016-08-11,1.8042800257042633
2016-08-12,1.8024819740637579
2016-08-13,1.8031789699955478
2016-08-14,1.803161695327055
2016-08-15,1.8177342576912483
2016-08-16,1.8019339561440855
2016-08-17,1.8110624514256781
2016-08-18,1.8040890188688192
2016-08-19,1.8017965336059723
2016-08-20,1.8018103104553262
2016-08-21,1.8018070798395764
2016-08-22,1.7979713561888448
2016-08-23,1.774442525261733
2016-08-24,1.7850796296394464
2016-08-25,1.7945660401869632
2016-08-26,1.7754662484592756
2016-08-27,1.7754795189000268
2016-08-28,1.775596050719548
2016-08-29,1.7736235993905318
2016-08-30,1.7580045321461182
2016-08-31,1.7594354990087844
2016-09-01,1.7612665722646876
2016-09-02,1.7786992737032574
2016-09-03,1.7787178151759138
2016-09-04,1.7787171019437908
2016-09-05,1.7811994964176296
2016-09-06,1.8031811050476678
2016-09-07,1.7909609594562892
2016-09-08,1.7653709836533222
2016-09-09,1.7463951312214203
2016-09-10,1.746423278389544
2016-09-11,1.7464234534159069
2016-09-12,1.755542998634071
2016-09-13,1.732823164238516
2016-09-14,1.7158872384433976
2016-09-15,1.7084086939770202
2016-09-16,1.6889120104650235
2016-09-17,1.6889249670177608
2016-09-18,1.6889237821710217
2016-09-19,1.6814151103303154
2016-09-20,1.6690612894718588
2016-09-21,1.6731597204551885
2016-09-22,1.6811525140601442
2016-09-23,1.6654112370516034
2016-09-24,1.66535809648658
2016-09-25,1.665358764157043
2016-09-26,1.6587238159346551
2016-09-27,1.7119134562754288
2016-09-28,1.7127499697185689
2016-09-29,1.7003724757313567
2016-09-30,1.71229969866375
2016-10-01,1.7123095401706017
2016-10-02,1.7123095401706017
2016-10-03,1.7208655905696626
2016-10-04,1.7194791377381695
2016-10-05,1.7311791924950821
2016-10-06,1.7302285228045338
2016-10-07,1.7238811214927685
2016-10-08,1.7238277088655432
2016-10-09,1.7238282272063796
2016-10-10,1.7566181353019714
2016-10-11,1.76473835803393
2016-10-12,1.768234116901428
2016-10-13,1.7651786172801305
2016-10-14,1.7602685124876571
2016-10-15,1.7601691943096769
2016-10-16,1.760169370727759
2016-10-17,1.7745564740233353
2016-10-18,1.7963930400694679
2016-10-19,1.805306129242166
2016-10-20,1.79766771891928
2016-10-21,1.8030872857936333
2016-10-22,1.8031056706460722
2016-10-23,1.8031090113749857
2016-10-24,1.8062863436036374
2016-10-25,1.80873559971769
2016-10-26,1.7927839513308046
2016-10-27,1.7795491288077068
2016-10-28,1.766272258823461
2016-10-29,1.766274558259778
2016-10-30,1.766274558259778
2016-10-31,1.7743382763561049
2016-11-01,1.7445415973959248
2016-11-02,1.725108761394729
2016-11-03,1.7475494407149175
2016-11-04,1.7644818347839353
2016-11-05,1.7645085049001226
2016-11-06,1.7645121278431468
2016-11-07,1.805930311363095
2016-11-08,1.8356599864982326
2016-11-09,1.6978045512489526
2016-11-10,1.6455401552384956
2016-11-11,1.6378822072375714
2016-11-12,1.63768692773152
2016-11-13,1.637684057529303
2016-11-14,1.6446245714416423
2016-11-15,1.6794994563262449
2016-11-16,1.686244803344656
2016-11-17,1.668970503535436
2016-11-18,1.6569051884345487
2016-11-19,1.6569123217099937
2016-11-20,1.6569205127266105
2016-11-21,1.671057547305102
2016-11-22,1.6618987867096873
2016-11-23,1.6611733555535944
2016-11-24,1.653287271220754
2016-11-25,1.6554584876056728
2016-11-26,1.6554277012614398
2016-11-27,1.6554271087150647
2016-11-28,1.65901063767931
2016-11-29,1.6602747070269261
2016-11-30,1.6663366188918518
2016-12-01,1.6488329544610598
2016-12-02,1.6579408861110774
2016-12-03,1.657897020954979
2016-12-04,1.6578984735839943
2016-12-05,1.6446079546461974
2016-12-06,1.6583223194781995
2016-12-07,1.6632456020778774
2016-12-08,1.6707977199810802
2016-12-09,1.6677152586950192
2016-12-10,1.667706514621571
2016-12-11,1.667705840962577
2016-12-12,1.677782195148656
2016-12-13,1.67221867740711
2016-12-14,1.6596027010176622
2016-12-15,1.6778092166992373
2016-12-16,1.6715894662170205
2016-12-17,1.6715991542604616
2016-12-18,1.6715988902857508
2016-12-19,1.6766889979874695
2016-12-20,1.6727828993861669
2016-12-21,1.6626305656250866
2016-12-22,1.6474656052043897
2016-12-23,1.6568869026064177
2016-12-24,1.6569117258441823
2016-12-25,1.6569079734191972
2016-12-26,1.6553710277113194
2016-12-27,1.644681603606773
2016-12-28,1.6456291959306124
2016-12-29,1.6468444680020355
2016-12-30,1.6450594381054302
2016-12-31,1.645061167337856
2017-01-01,1.6450595062365783
2017-01-02,1.6447258641298617
2017-01-03,1.6176369408111504
2017-01-04,1.5892429674528674
2017-01-05,1.5849858908307535
2017-01-06,1.6006746217139645
2017-01-07,1.6007565015393286
2017-01-08,1.6007538774633367
2017-01-09,1.5939596394366031
2017-01-10,1.5637857826888966
2017-01-11,1.556646948971783
2017-01-12,1.5603669823269979
2017-01-13,1.5835334948436606
2017-01-14,1.5834730291158117
2017-01-15,1.583477133484449
2017-01-16,1.5660627255555546
2017-01-17,1.5781011986127507
2017-01-18,1.5505489602315383
2017-01-19,1.55085587843103
2017-01-20,1.5744243930734398
2017-01-21,1.5743672825393982
2017-01-22,1.574367123527252
2017-01-23,1.5831615454660284
2017-01-24,1.574208261472861
2017-01-25,1.6087644145322217
2017-01-26,1.6002824437864112
2017-01-27,1.6245359951157428
2017-01-28,1.6245394582473802
2017-01-29,1.6245332323507984
2017-01-30,1.6318133823698842
2017-01-31,1.6257781596069407
2017-02-01,1.6354368108674597
2017-02-02,1.648713539452
2017-02-03,1.658068012281049
2017-02-04,1.6579471358019
2017-02-05,1.6579532305579863
2017-02-06,1.6407576310650664
2017-02-07,1.642021307030821
2017-02-08,1.6515821167818172
2017-02-09,1.6614631953797532
2017-02-10,1.6625114177645601
2017-02-11,1.6624814429930375
2017-02-12,1.6624910151327017
2017-02-13,1.668828055491866
2017-02-14,1.6726248779793642
2017-02-15,1.6482918091747236
2017-02-16,1.6545223679367744
2017-02-17,1.652940330228951
2017-02-18,1.6529394534112545
2017-02-19,1.6528801400813653
2017-02-20,1.6575357612254094
2017-02-21,1.6892181289364492
2017-02-22,1.6997198240350098
2017-02-23,1.7158588938710997
2017-02-24,1.6969706578407675
2017-02-25,1.6969331921790016
2017-02-26,1.6969228250657122
2017-02-27,1.6975655282759432
2017-02-28,1.6824111245320494
2017-03-01,1.707765687132215
2017-03-02,1.692743937396944
2017-03-03,1.733787899424185
2017-03-04,1.7337924799906366
2017-03-05,1.7337764896045198
2017-03-06,1.7241360529608496
2017-03-07,1.7368680096411944
2017-03-08,1.7221973287703674
2017-03-09,1.7109411244789243
2017-03-10,1.727771237895815
2017-03-11,1.7277711948390355
2017-03-12,1.727767435339635
2017-03-13,1.728438044650201
2017-03-14,1.724808786333089
2017-03-15,1.7576009882746717
2017-03-16,1.750327941033777
2017-03-17,1.7641381510808016
2017-03-18,1.7641455516239644
2017-03-19,1.7641635267119182
2017-03-20,1.770651076184388
2017-03-21,1.7635820523257688
2017-03-22,1.7671285572495257
2017-03-23,1.7764976273080657
2017-03-24,1.7921767208232295
2017-03-25,1.7921767208232295
2017-03-26,1.792156917461775
2017-03-27,1.7797554351094667
2017-03-28,1.7696243566570322
2017-03-29,1.8018729681081855
2017-03-30,1.8044569725552513
2017-03-31,1.8037419679642703
2017-04-01,1.8037797166566771
2017-04-02,1.8037641284499653
2017-04-03,1.811317146074509
2017-04-04,1.7971723318207977
2017-04-05,1.7978618319188586
2017-04-06,1.80537661418743
2017-04-07,1.8139459250009267
2017-04-08,1.8139459250009267
2017-04-09,1.8139995617704918
2017-04-10,1.8132117365284726
2017-04-11,1.8038819973682563
2017-04-12,1.823053680965494
2017-04-13,1.819394353686329
2017-04-14,1.82503600442014
2017-04-15,1.82503600442014
2017-04-16,1.8252391565214645
2017-04-17,1.8243315816996002
2017-04-18,1.8111164015205188
2017-04-19,1.786627565489418
2017-04-20,1.7938219460364642
2017-04-21,1.792457459191997
2017-04-22,1.792457459191997
2017-04-23,1.7924301273784402
2017-04-24,1.7941760513537863
2017-04-25,1.7810655059102412
2017-04-26,1.752474542955724
2017-04-27,1.76875037730395
2017-04-28,1.79099694848635
2017-04-29,1.7909929348364204
2017-04-30,1.7910726747016232
2017-05-01,1.7981916485346092
2017-05-02,1.793912835707318
2017-05-03,1.7859556362797457
2017-05-04,1.7676136933660955
2017-05-05,1.7710142504794706
2017-05-06,1.7709931898325544
2017-05-07,1.7709379052842344
2017-05-08,1.7545096968071474
2017-05-09,1.7609686020194195
2017-05-10,1.7743862230660228
2017-05-11,1.7918414739737945
2017-05-12,1.7893547638810825
2017-05-13,1.7893547638810825
2017-05-14,1.789363279808502
2017-05-15,1.7981725584116035
2017-05-16,1.7967544253688317
2017-05-17,1.6177419395207424
2017-05-18,1.618794734783716
2017-05-19,1.6273238030290114
2017-05-20,1.6273238030290114
2017-05-21,1.6272754211417058
2017-05-22,1.6288273632628745
2017-05-23,1.6343748549148798
2017-05-24,1.6489562575202314
2017-05-25,1.6417844620620334
2017-05-26,1.6423094611132416
2017-05-27,1.6423162817904469
2017-05-28,1.6422389649439628
2017-05-29,1.6469204252298593
2017-05-30,1.6252494787077003
2017-05-31,1.63382254485587
2017-06-01,1.6291827580854321
2017-06-02,1.6216612282322955
2017-06-03,1.6216612282322955
2017-06-04,1.6216431510784617
2017-06-05,1.651248213602772
2017-06-06,1.6628019155708873
2017-06-07,1.6636387748908434
2017-06-08,1.6682262498709945
2017-06-09,1.6719303166361668
2017-06-10,1.6719199074158702
2017-06-11,1.6716788809648955
2017-06-12,1.67412615860769
2017-06-13,1.6830367226072405
2017-06-14,1.6950538841175842
2017-06-15,1.6816436764463685
2017-06-16,1.6939368478273418
2017-06-17,1.693933102477336
2017-06-18,1.6939677458038762
2017-06-19,1.6951772023597353
2017-06-20,1.675212510876193
2017-06-21,1.6729370428166512
2017-06-22,1.6839578842763219
2017-06-23,1.6917176808988739
2017-06-24,1.6917176808988739
2017-06-25,1.691667200784038
2017-06-26,1.7010307220922838
2017-06-27,1.690500777630105
2017-06-28,1.701528147653311
2017-06-29,1.8492558844486722
2017-06-30,1.8394067452354037
2017-07-01,1.8394067452354037
2017-07-02,1.8392924826998311
2017-07-03,1.8333200680077228
2017-07-04,1.6690899504396217
2017-07-05,1.6603605967006232
2017-07-06,1.6687184183994803
2017-07-07,1.6838681019136663
2017-07-08,1.6838681019136663
2017-07-09,1.6838126609235755
2017-07-10,1.6946739708480099
2017-07-11,1.6970911310525323
2017-07-12,1.7088818794593534
2017-07-13,1.719393217411995
2017-07-14,1.7256372278861494
2017-07-15,1.7256074555481542
2017-07-16,1.725335159660822
2017-07-17,1.721452739975371
2017-07-18,1.7151447105750381
2017-07-19,1.7094010312381729
2017-07-20,1.7111535061629957
2017-07-21,1.6931185904630792
2017-07-22,1.693021096617703
2017-07-23,1.6930049528253612
2017-07-24,1.6914168943484313
2017-07-25,1.6899211381720782
2017-07-26,1.7019055553231486
2017-07-27,1.6907468830351187
2017-07-28,1.6849669955866104
2017-07-29,1.6848920822353812
2017-07-30,1.6848137264445466
2017-07-31,1.6780547620587658
2017-08-01,1.6740881184968064
2017-08-02,1.6828415401467058
2017-08-03,1.6808894572216522
2017-08-04,1.677836231664852
2017-08-05,1.677743327830221
2017-08-06,1.6778587090989838
2017-08-07,1.675362614569922
2017-08-08,1.6828725222931578
2017-08-09,1.6722138080110098
2017-08-10,1.670594507785262
2017-08-11,1.6823780671886923
2017-08-12,1.6823760057921644
2017-08-13,1.6822490270823398
2017-08-14,1.689041257153051
2017-08-15,1.6875126935210474
2017-08-16,1.6984169131487759
2017-08-17,1.6817678617193164
2017-08-18,1.6941143239120096
2017-08-19,1.694001520347388
2017-08-20,1.693969385908235
2017-08-21,1.6970556333933817
2017-08-22,1.696559580478114
2017-08-23,1.695533027207793
2017-08-24,1.6916996606226957
2017-08-25,1.6992842501368128
2017-08-26,1.6991528156759483
2017-08-27,1.6989901779045524
2017-08-28,1.6703322881354548
2017-08-29,1.6758310269062051
2017-08-30,1.6907991943858558
2017-08-31,1.6720440642898122
2017-09-01,1.67923597061911
2017-09-02,1.679069736146355
2017-09-03,1.6792567749925567
2017-09-04,1.6728167816303017
2017-09-05,1.6794534911346755
2017-09-06,1.6883173215312528
2017-09-07,1.6957812509177068
2017-09-08,1.6913439705435112
2017-09-09,1.6911742147025093
2017-09-10,1.691238274715895
2017-09-11,1.698788546267986
2017-09-12,1.6932583765098952
2017-09-13,1.6944387866772057
2017-09-14,1.703629534865688
2017-09-15,1.7024816402373388
2017-09-16,1.702276579362456
2017-09-17,1.7022570918912288
2017-09-18,1.6928288721294384
2017-09-19,1.690837368526391
2017-09-20,1.696162029443061
2017-09-21,1.684461567926444
2017-09-22,1.6958719009335528
2017-09-23,1.695656369562516
2017-09-24,1.6956541734146837
2017-09-25,1.6830293452329477
2017-09-26,1.6834783522993555
2017-09-27,1.6612754492776294
2017-09-28,1.6666360502518878
2017-09-29,1.6592734230689814
2017-09-30,1.6590644945532853
2017-10-01,1.659097539822635
2017-10-02,1.6617710932052556
2017-10-03,1.6636352789373812
2017-10-04,1.6584804268684845
2017-10-05,1.6383786263004285
2017-10-06,1.6340355021337474
2017-10-07,1.6337787122657286
2017-10-08,1.6334793852725247
2017-10-09,1.623744229597757
2017-10-10,1.6096940320343747
2017-10-11,1.6204179207304628
2017-10-12,1.6019235790328357
2017-10-13,1.5997471652415238
2017-10-14,1.5994518251008365
2017-10-15,1.5994601917016293
2017-10-16,1.5897648963607374
2017-10-17,1.61339198148924
2017-10-18,1.6051624088880483
2017-10-19,1.6114571724045423
2017-10-20,1.598224597135081
2017-10-21,1.598224597135081
2017-10-22,1.5977429362947135
2017-10-23,1.5937024888538394
2017-10-24,1.58169718034885
2017-10-25,1.597678179689909
2017-10-26,1.5907221791732427
2017-10-27,1.5986650764887789
2017-10-28,1.59866595479366
2017-10-29,1.5982073803547743
2017-10-30,1.587478156654637
2017-10-31,1.59496300349364
2017-11-01,1.603208350417352
2017-11-02,1.6096927151951923
2017-11-03,1.5935769024292008
2017-11-04,1.5928942675037177
2017-11-05,1.5929288294095805
2017-11-06,1.6071568747126734
2017-11-07,1.5960474684991321
2017-11-08,1.6018804510789104
2017-11-09,1.6051695856210908
2017-11-10,1.598733150762682
2017-11-11,1.598684556838098
2017-11-12,1.597944517222035
2017-11-13,1.599618672556311
2017-11-14,1.5942993616930838
2017-11-15,1.5875383032554384
2017-11-16,1.6024750154716405
2017-11-17,1.6147071575412353
2017-11-18,1.6139871934371672
2017-11-19,1.6140715216133652
2017-11-20,1.6089497682536482
2017-11-21,1.626898588589477
2017-11-22,1.6343005573545484
2017-11-23,1.6338671498278146
2017-11-24,1.63701248886336
2017-11-25,1.6369656793425007
2017-11-26,1.6368644592960164
2017-11-27,1.6356599262866403
2017-11-28,1.64098583509266
2017-11-29,1.6407121817544648
2017-11-30,1.6336750879935895
2017-12-01,1.6339038125835366
2017-12-02,1.6336183753711924
2017-12-03,1.6336914219246874
2017-12-04,1.6354638704901396
2017-12-05,1.6246966968754266
2017-12-06,1.6158184278060337
2017-12-07,1.5989430222261556
2017-12-08,1.6122999774266518
2017-12-09,1.6123008638702625
2017-12-10,1.612325814990256
2017-12-11,1.6013131142659882
2017-12-12,1.5921160854089746
2017-12-13,1.6030112449802167
2017-12-14,1.5903124028216176
2017-12-15,1.5945443459127002
2017-12-16,1.5945443459127002
2017-12-17,1.5946227706924503
2017-12-18,1.5946264925449491
2017-12-19,1.5820722023608993
2017-12-20,1.5817044397917408
2017-12-21,1.5611282231459283
2017-12-22,1.539838173146489
2017-12-23,1.5398365833456382
2017-12-24,1.5398246587788702
2017-12-25,1.5383475515588088
2017-12-26,1.5262273040281356
2017-12-27,1.5408288016123577
2017-12-28,1.5361619930487422
2017-12-29,1.541017735820002
2017-12-30,1.5410217692572954
2017-12-31,1.5409774945278896
2018-01-01,1.5383103274096344
2018-01-02,1.5457033458491964
2018-01-03,1.5612220946283468
2018-01-04,1.56326109172955
2018-01-05,1.5734854432544572
2018-01-06,1.5734879531696833
2018-01-07,1.573662925491194
2018-01-08,1.5722262410962025
2018-01-09,1.5732630186302012
2018-01-10,1.5687508347754433
2018-01-11,1.567884340402424
2018-01-12,1.58078193207385
2018-01-13,1.5807844548013605
2018-01-14,1.580536036164306
2018-01-15,1.5938396269567525
2018-01-16,1.6010119860616485
2018-01-17,1.6059093010208285
2018-01-18,1.6151463211621935
2018-01-19,1.6149891157354404
2018-01-20,1.6148597824699908
2018-01-21,1.6148010435150493
2018-01-22,1.606544547578068
2018-01-23,1.6064353040889707
2018-01-24,1.6184791329032224
2018-01-25,1.6067381856729868
2018-01-26,1.6161247516497201
2018-01-27,1.6161314548067343
2018-01-28,1.6160629184832092
2018-01-29,1.6067253497234266
2018-01-30,1.5948693139254533
2018-01-31,1.6193534762761992
2018-02-01,1.6380499962903385
2018-02-02,1.6187801081342423
2018-02-03,1.6187160706667274
2018-02-04,1.6187271597597275
2018-02-05,1.6060223087496408
2018-02-06,1.7190803909064554
2018-02-07,1.7051742361020163
2018-02-08,1.6984455537158616
2018-02-09,1.7175270762176513
2018-02-10,1.717484310432758
2018-02-11,1.717513341214232
2018-02-12,1.7250908511265943
2018-02-13,1.7179135202202132
2018-02-14,1.7201838250593922
2018-02-15,1.7237805606709111
2018-02-16,1.7233005179650223
2018-02-17,1.7232995409891056
2018-02-18,1.7232752138261827
2018-02-19,1.722119496888226
2018-02-20,1.7091637039157401
2018-02-21,1.7005540638220298
2018-02-22,1.7204659105887425
2018-02-23,1.7292896589106879
2018-02-24,1.7292896589106879
2018-02-25,1.7292742982406
2018-02-26,1.7140696416095595
2018-02-27,1.7033674743380072
2018-02-28,1.7062639069436503
2018-03-01,1.7087027635119714
2018-03-02,1.71073702878393
2018-03-03,1.71073702878393
2018-03-04,1.710723083071189
2018-03-05,1.7084084580652201
2018-03-06,1.713256729540599
2018-03-07,1.7139338787300613
2018-03-08,1.7239536815056455
2018-03-09,1.728547617250773
2018-03-10,1.728480451208084
2018-03-11,1.728474618417643
2018-03-12,1.7293203746368966
2018-03-13,1.7250068558003988
2018-03-14,1.7270904941910579
2018-03-15,1.7178402548616838
2018-03-16,1.72172011314081
2018-03-17,1.7216488571558506
2018-03-18,1.7215166232682
2018-03-19,1.7200677545731529
2018-03-20,1.7189497054578984
2018-03-21,1.7455624496984394
2018-03-22,1.7294172690769538
2018-03-23,1.7384676482866555
2018-03-24,1.7383873775899932
2018-03-25,1.7383957335414448
2018-03-26,1.7516989570515822
2018-03-27,1.7463636176363142
2018-03-28,1.7596891660263565
2018-03-29,1.7724010168207291
2018-03-30,1.773958689151054
2018-03-31,1.773903881079794
2018-04-01,1.7738995273623328
2018-04-02,1.7653763430142244
2018-04-03,1.7693928557996472
2018-04-04,1.7808983814785508
2018-04-05,1.7716611059510603
2018-04-06,1.7638339474013536
2018-04-07,1.7638072636719035
2018-04-08,1.7638315804341977
2018-04-09,1.7588081723147617
2018-04-10,1.7646755806377172
2018-04-11,1.771277158239014
2018-04-12,1.7759438438552786
2018-04-13,1.789898084003658
2018-04-14,1.789898084003658
2018-04-15,1.78992993938209
2018-04-16,1.7929926580618902
2018-04-17,1.7913407406403463
2018-04-18,1.7869299924722075
2018-04-19,1.7526377195312814
2018-04-20,1.7473627487479018
2018-04-21,1.7473571612169732
2018-04-22,1.7473523240924471
2018-04-23,1.7138982658583268
2018-04-24,1.7287069676720495
2018-04-25,1.7297254309812757
2018-04-26,1.734159755056898
2018-04-27,1.7525947656258047
2018-04-28,1.7525443362445237
2018-04-29,1.752589224177378
2018-04-30,1.7445023243571367
2018-05-01,1.7274483308560669
2018-05-02,1.7187916749578673
2018-05-03,1.723267603146107
2018-05-04,1.7034764490307008
2018-05-05,1.7034465121700346
2018-05-06,1.7034698621965918
2018-05-07,1.686991607616277
2018-05-08,1.6820478450730656
2018-05-09,1.6834187982833768
2018-05-10,1.71009181767704
2018-05-11,1.6914011947380525
2018-05-12,1.6914628574626418
2018-05-13,1.6914332240267982
2018-05-14,1.674575802757482
2018-05-15,1.6736065733773429
2018-05-16,1.685534904504176
2018-05-17,1.6722222587744626
2018-05-18,1.6553573833094772
2018-05-19,1.6554029879416858
2018-05-20,1.6554018282550593
2018-05-21,1.6666745668246181
2018-05-22,1.673123235215483
2018-05-23,1.686487243042965
2018-05-24,1.6935480442938708
2018-05-25,1.695945255843605
2018-05-26,1.6959479193377398
2018-05-27,1.6959504761723327
2018-05-28,1.6841159224273596
2018-05-29,1.6746336339372017
2018-05-30,1.6836332415361588
2018-05-31,1.6575603199307054
2018-06-01,1.6653931047575359
2018-06-02,1.6653615420168113
2018-06-03,1.6653633032306454
2018-06-04,1.6523061996125046
2018-06-05,1.6215205483122344
2018-06-06,1.6329750725046415
2018-06-07,1.6162956452557216
2018-06-08,1.6333235749304178
2018-06-09,1.633298671211663
2018-06-10,1.6332983549802957
2018-06-11,1.6098977167796664
2018-06-12,1.6013943889016042
2018-06-13,1.610548136164782
2018-06-14,1.5927988375418654
2018-06-15,1.6204903439539609
2018-06-16,1.6204766827466721
2018-06-17,1.620480781870497
2018-06-18,1.6236255408712978
2018-06-19,1.6319022490154909
2018-06-20,1.6477100443572024
2018-06-21,1.6496254776243788
2018-06-22,1.6730056350911444
2018-06-23,1.6729887171581945
2018-06-24,1.6729610777622033
2018-06-25,1.684589533124694
2018-06-26,1.6789540024345107
2018-06-27,1.6669960514190052
2018-06-28,1.7069121681827335
2018-06-29,1.68602354168895
2018-06-30,1.686099543745865
2018-07-01,1.6861031154970116
2018-07-02,1.6888825968006653
2018-07-03,1.7320085723058132
2018-07-04,1.7312860518889088
2018-07-05,1.749418955132558
2018-07-06,1.7654806902229998
2018-07-07,1.7654806902229998
2018-07-08,1.7654809725623584
2018-07-09,1.7435248956303901
2018-07-10,1.7721365478146158
2018-07-11,1.762685086855386
2018-07-12,1.7735548038094782
2018-07-13,1.7813468427108095
2018-07-14,1.781210384508667
2018-07-15,1.7812081416810348
2018-07-16,1.7871050748187367
2018-07-17,1.7804190742887709
2018-07-18,1.7823137327262752
2018-07-19,1.770832243379467
2018-07-20,1.7722227315525354
2018-07-21,1.7721681519996821
2018-07-22,1.772151208679468
2018-07-23,1.7810270422509784
2018-07-24,1.7822857417153697
2018-07-25,1.8007263882796412
2018-07-26,1.8063350602379986
2018-07-27,1.805814237054986
2018-07-28,1.8057135686556738
2018-07-29,1.8057101054535885
2018-07-30,1.8173780387377472
2018-07-31,1.8071397531755542
2018-08-01,1.8135928256420133
2018-08-02,1.811612508498758
2018-08-03,1.8225831395335614
2018-08-04,1.8224320534525096
2018-08-05,1.8224397192247979
2018-08-06,1.8311266052696247
2018-08-07,1.8356353410252448
2018-08-08,1.8332931510372434
2018-08-09,1.8162092900344193
2018-08-10,1.8047314997255093
2018-08-11,1.8046019098815915
2018-08-12,1.8047313788390074
2018-08-13,1.7926264871033217
2018-08-14,1.8182527581083592
2018-08-15,1.7953224550101856
2018-08-16,1.8108922233604567
2018-08-17,1.8165404337162807
2018-08-18,1.8164562718647272
2018-08-19,1.81644703795115
2018-08-20,1.8073215336292596
2018-08-21,1.8087179511709575
2018-08-22,1.828235684666772
2018-08-23,1.8477004886783934
2018-08-24,1.855327625365749
2018-08-25,1.85523487499411
2018-08-26,1.85521774154666
2018-08-27,1.8647643128268832
2018-08-28,1.836276892553162
2018-08-29,1.8507138852662952
2018-08-30,1.8405503838879604
2018-08-31,1.844498374541509
2018-09-01,1.8444605493885742
2018-09-02,1.8444672829105064
2018-09-03,1.8363103912195986
2018-09-04,1.8203819304369206
2018-09-05,1.8267706109524309
2018-09-06,1.8409792586852873
2018-09-07,1.829026039298193
2018-09-08,1.829075439343862
2018-09-09,1.8290826319145228
2018-09-10,1.8347379451664507
2018-09-11,1.8433435345406457
2018-09-12,1.8620610840388718
2018-09-13,1.876609874966453
2018-09-14,1.8750445251221375
2018-09-15,1.875042589238602
2018-09-16,1.8750388022434816
2018-09-17,1.8779475212261
2018-09-18,1.8813176957560855
2018-09-19,1.8830569924123288
2018-09-20,1.8730254045687873
2018-09-21,1.8709814963650424
2018-09-22,1.8709581955057188
2018-09-23,1.870961470716717
2018-09-24,1.857085006712772
2018-09-25,1.856195534741841
2018-09-26,1.872189774721502
2018-09-27,1.8796704874604027
2018-09-28,1.8884726046204408
2018-09-29,1.8884279557703447
2018-09-30,1.8884254173821144
2018-10-01,1.8896511193572048
2018-10-02,1.8821744478388487
2018-10-03,1.8604808153131962
2018-10-04,1.855689329156054
2018-10-05,1.886606028765019
2018-10-06,1.886571329904708
2018-10-07,1.8865818658227231
2018-10-08,1.8734428604352722
2018-10-09,1.8650233199029993
2018-10-10,1.8552861572736306
2018-10-11,1.8712231588491892
2018-10-12,1.8817107071617165
2018-10-13,1.881691644803804
2018-10-14,1.88168636469088
2018-10-15,1.882458845806558
2018-10-16,1.9032105078554304
2018-10-17,1.8912773926558453
2018-10-18,1.8667080958601427
2018-10-19,1.8562829281204156
2018-10-20,1.8562573063512717
2018-10-21,1.8562618285838408
2018-10-22,1.8429692721854953
2018-10-23,1.8535742504975563
2018-10-24,1.8274703913356811
2018-10-25,1.839247137685669
2018-10-26,1.8518397194637357
2018-10-27,1.8517706971049568
2018-10-28,1.8517649505149696
2018-10-29,1.788289811810595
2018-10-30,1.792567062198458
2018-10-31,1.7689511636601745
2018-11-01,1.7814731969580508
2018-11-02,1.788388960428948
2018-11-03,1.7883155451697026
2018-11-04,1.7883242894265061
2018-11-05,1.8013060919412
2018-11-06,1.8153524945466064
2018-11-07,1.800553405627519
2018-11-08,1.7722186513074505
2018-11-09,1.78009665041932
2018-11-10,1.7800430884222382
2018-11-11,1.7800367523049436
2018-11-12,1.764696683939756
2018-11-13,1.7543116706538706
2018-11-14,1.7610279394761228
2018-11-15,1.7749238253522743
2018-11-16,1.7789458160271747
2018-11-17,1.778943809831987
2018-11-18,1.778954727077825
2018-11-19,1.7539260735587197
2018-11-20,1.7601341071434098
2018-11-21,1.7715673890116221
2018-11-22,1.7637038474967979
2018-11-23,1.757424779500209
2018-11-24,1.7574342115811845
2018-11-25,1.757431828528869
2018-11-26,1.7420721392847662
2018-11-27,1.7572786371067677
2018-11-28,1.7717329432097992
2018-11-29,1.773772502061359
2018-11-30,1.759698596615664
2018-12-01,1.759664842944071
2018-12-02,1.7596576231473775
2018-12-03,1.7627891873113941
2018-12-04,1.7555558801983708
2018-12-05,1.757762734964907
2018-12-06,1.7709101464127721
2018-12-07,1.7837237319453147
2018-12-08,1.783679502870856
2018-12-09,1.783685977654547
2018-12-10,1.7807614174658166
2018-12-11,1.7945127220544757
2018-12-12,1.806997054003859
2018-12-13,1.7869839427855647
2018-12-14,1.7959837118339912
2018-12-15,1.7959379516937797
2018-12-16,1.7959416484149247
2018-12-17,1.8117258208601406
2018-12-18,1.811043004176894
2018-12-19,1.810096504594153
2018-12-20,1.829811372381019
2018-12-21,1.8255060707521922
2018-12-22,1.8252754765221322
2018-12-23,1.8252817334653917
2018-12-24,1.834296435191708
2018-12-25,1.8306504379857524
2018-12-26,1.8470476441839674
2018-12-27,1.8727124317598922
2018-12-28,1.8727381155591647
2018-12-29,1.87294757222463
2018-12-30,1.8728470227085199
2018-12-31,1.8737798871856084
2019-01-01,1.873781196985004
2019-01-02,1.880526889127248
2019-01-03,1.8765248475281844
2019-01-04,1.8934767005338342
2019-01-05,1.8933910942019592
2019-01-06,1.893390619880523
2019-01-07,1.896205197419961
2019-01-08,1.8975803428563711
2019-01-09,1.9090926327487747
2019-01-10,1.9175711245895788
2019-01-11,1.9188861590469246
2019-01-12,1.9186831499358523
2019-01-13,1.9188189982300397
2019-01-14,1.9349392468033075
2019-01-15,1.9360805489113855
2019-01-16,1.9494778601734888
2019-01-17,1.9367902094772924
2019-01-18,1.9345232236749705
2019-01-19,1.9343182633439522
2019-01-20,1.9343183486260116
2019-01-21,1.9259291057615475
2019-01-22,1.9248166440211893
2019-01-23,1.9385016657795504
2019-01-24,1.9449699776389218
2019-01-25,1.9477681484657026
2019-01-26,1.9475219168788533
2019-01-27,1.9476887925208863
2019-01-28,1.9372065605485689
2019-01-29,1.9494413396431851
2019-01-30,1.931465471147001
2019-01-31,1.937204704146719
2019-02-01,1.9383032942235916
2019-02-02,1.9382256377765936
2019-02-03,1.9382208531867187
2019-02-04,1.9389289853569667
2019-02-05,1.948694090546388
2019-02-06,1.943301434875255
2019-02-07,1.9475879166051377
2019-02-08,1.9494549137947041
2019-02-09,1.9494557268568777
2019-02-10,1.9492662314863076
2019-02-11,1.9283204280147526
2019-02-12,1.9331027074133993
2019-02-13,1.9179602445874324
2019-02-14,1.9344481154927766
2019-02-15,1.9367410844728414
2019-02-16,1.936375140508519
2019-02-17,1.9363856375012563
2019-02-18,1.937383587682371
2019-02-19,1.9429485857352498
2019-02-20,1.9372409539256168
2019-02-21,1.9304478300393073
2019-02-22,1.9458700010064636
2019-02-23,1.9455162972375564
2019-02-24,1.945516860284887
2019-02-25,1.9424787304162747
2019-02-26,1.9390101590756317
2019-02-27,1.9397913503147441
2019-02-28,1.930479161976698
2019-03-01,1.9312366842765751
2019-03-02,1.9312037836065576
2019-03-03,1.9312107744393066
2019-03-04,1.9306721081843503
2019-03-05,1.9369471123590125
2019-03-06,1.9269056732368615
2019-03-07,1.9132924092613997
2019-03-08,1.9166236419908438
2019-03-09,1.916644913866401
2019-03-10,1.9166356070073314
2019-03-11,1.9251358200301452
2019-03-12,1.9289703675010976
2019-03-13,1.9350409899331726
2019-03-14,1.9328187473831178
2019-03-15,1.942506822539537
2019-03-16,1.9422841156417947
2019-03-17,1.9422628042047394
2019-03-18,1.9565551356990878
2019-03-19,1.9579288103851575
2019-03-20,1.9755143795086192
2019-03-21,1.972526298470379
2019-03-22,1.9527130951580223
2019-03-23,1.9525353563737426
2019-03-24,1.9525033868348258
2019-03-25,1.9593708594692683
2019-03-26,1.9519747549384554
2019-03-27,1.92907415585916
2019-03-28,1.935684886181923
2019-03-29,1.9276105372820238
2019-03-30,1.9278453803146944
2019-03-31,1.927816738187679
2019-04-01,1.9534466975267157
2019-04-02,1.945314331107819
2019-04-03,1.9463324420930093
2019-04-04,1.9527092345722994
2019-04-05,1.9596291487129924
2019-04-06,1.9598664041901437
2019-04-07,1.9598708690040323
2019-04-08,1.9700602271466379
2019-04-09,1.9742048285380498
2019-04-10,1.985362352782379
2019-04-11,1.9837690047714982
2019-04-12,1.989909951107417
2019-04-13,1.990031774553554
2019-04-14,1.99001372601538
2019-04-15,1.977695260412341
2019-04-16,1.9788569477698352
2019-04-17,1.9868066939657605
2019-04-18,1.9906468612944124
2019-04-19,1.9951954264835579
2019-04-20,1.9954898269407972
2019-04-21,1.9952329356206462
2019-04-22,1.9901038435903535
2019-04-23,1.9838829845017023
2019-04-24,1.9749656859220888
2019-04-25,1.9831799486022246
2019-04-26,1.992566885257037
2019-04-27,1.9928133325540023
2019-04-28,1.9928339174497256
2019-04-29,1.980987108464496
2019-04-30,1.9881928983351782
2019-05-01,1.9848886179527314
2019-05-02,1.9729861655948762
2019-05-03,1.9929223669927807
2019-05-04,1.9932830526690912
2019-05-05,1.9932635541253247
2019-05-06,1.9869857289046002
2019-05-07,1.9840153309589244
2019-05-08,1.9794347133474295
2019-05-09,1.9638928332086043
2019-05-10,1.9759205091748988
2019-05-11,1.976286653384675
2019-05-12,1.976270994722798
2019-05-13,1.9654991997961866
2019-05-14,1.971783133435251
2019-05-15,1.9841859020743142
2019-05-16,1.9772803165878934
2019-05-17,1.9759162917746447
2019-05-18,1.976039306249357
2019-05-19,1.9759634954198462
2019-05-20,1.9879418252792747
2019-05-21,1.9948388427080077
2019-05-22,1.99765566975311
2019-05-23,1.9910059728601783
2019-05-24,1.9911903688249537
2019-05-25,1.9915894626168185
2019-05-26,1.9915115419919867
2019-05-27,1.9876999014782772
2019-05-28,1.9759695911636397
2019-05-29,1.984279852104123
2019-05-30,1.9839552462347272
2019-05-31,1.9360964711792044
2019-06-01,1.936197755721246
2019-06-02,1.9361750477421824
2019-06-03,1.9150690932033299
2019-06-04,1.9359514172648373
2019-06-05,1.9338044864400645
2019-06-06,1.9222094357459327
2019-06-07,1.9279852431530622
2019-06-08,1.9281201997053827
2019-06-09,1.928035664418553
2019-06-10,1.968017322597176
2019-06-11,1.9754167474108957
2019-06-12,1.9745472080684001
2019-06-13,1.9723860543426737
2019-06-14,1.9801822861295666
2019-06-15,1.9803326012128173
2019-06-16,1.980321296553892
2019-06-17,1.977457760243345
2019-06-18,1.983762454260792
2019-06-19,1.9919602352124943
2019-06-20,1.9889971833981104
2019-06-21,1.9728410517537527
2019-06-22,1.973061014236023
2019-06-23,1.9730070971287401
2019-06-24,1.9626670738870204
2019-06-25,1.961196553494975
2019-06-26,1.9701813295480564
2019-06-27,1.9664204377525207
2019-06-28,1.9612131530618566
2019-06-29,1.961450469458359
2019-06-30,1.9614093269236077
2019-07-01,1.9734085652114286
2019-07-02,1.9820657117933442
2019-07-03,1.9812134086005613
2019-07-04,1.98214538966954
2019-07-05,1.9820012547521757
2019-07-06,1.9822771493885452
2019-07-07,1.9823010743395146
2019-07-08,1.9969024923478607
2019-07-09,1.9737560662599787
2019-07-10,1.974276735670875
2019-07-11,1.980226667626749
2019-07-12,1.9884028480875238
2019-07-13,1.988479118238064
2019-07-14,1.9883854593235077
2019-07-15,1.989346595042524
2019-07-16,1.9775000777548641
2019-07-17,1.9802559286028536
2019-07-18,1.991370853003712
2019-07-19,1.9838017436413735
2019-07-20,1.9839576261163487
2019-07-21,1.983947741977271
2019-07-22,1.9796555777028668
2019-07-23,1.9711753491751325
2019-07-24,1.985301725119332
2019-07-25,1.9898535330338532
2019-07-26,1.9898465059098098
2019-07-27,1.9901907067926006
2019-07-28,1.9902176553181419
2019-07-29,1.9902099442356092
2019-07-30,1.9906465630719685
2019-07-31,1.9880995103425412
2019-08-01,1.97968905208978
2019-08-02,1.9743009916611383
2019-08-03,1.974416934246373
2019-08-04,1.9744291894529702
2019-08-05,1.9486610595244982
2019-08-06,1.953447607470147
2019-08-07,1.9479883642216234
2019-08-08,1.97052630007179
2019-08-09,1.9698786262728525
2019-08-10,1.969761045317768
2019-08-11,1.9697583450702842
2019-08-12,1.9541656936553522
2019-08-13,1.9770558921128625
2019-08-14,1.9505771641003857
2019-08-15,1.958058213152146
2019-08-16,1.952997232931454
2019-08-17,1.9531418768224882
2019-08-18,1.9530656956928427
2019-08-19,1.935846351325652
2019-08-20,1.9454910685243616
2019-08-21,1.9528866944902508
2019-08-22,1.9400852189397715
2019-08-23,1.9311053928774216
2019-08-24,1.9314026567231055
2019-08-25,1.9314300847779742
2019-08-26,1.924880196893957
2019-08-27,1.9291004398055918
2019-08-28,1.923661169817025
2019-08-29,1.921877768046936
2019-08-30,1.9301124234026565
2019-08-31,1.9304975230030803
2019-09-01,1.9304287469566137
2019-09-02,1.9243649603702013
2019-09-03,1.94087821522379
2019-09-04,1.96583462525562
2019-09-05,1.9618036088527386
2019-09-06,1.9796552426878002
2019-09-07,1.9797360924363907
2019-09-08,1.9797557518938544
2019-09-09,1.9682324228345338
2019-09-10,1.9775815985811576
2019-09-11,1.979353727172532
2019-09-12,1.9856622404604016
2019-09-13,1.986632096089629
2019-09-14,1.9868505558398568
2019-09-15,1.986763514109306
2019-09-16,1.9846749837359452
2019-09-17,1.9946638793500588
2019-09-18,1.9916439188134047
2019-09-19,1.9832775178562496
2019-09-20,1.9832911828411848
2019-09-21,1.9834897060754977
2019-09-22,1.983501014005417
2019-09-23,1.982094927961697
2019-09-24,1.9852582189604289
2019-09-25,1.9745823524055506
2019-09-26,1.9669307977193247
2019-09-27,1.9657425450216544
2019-09-28,1.9661556827799118
2019-09-29,1.9662711910883437
2019-09-30,1.9608326568763035
2019-10-01,1.9539632320546076
2019-10-02,1.9555835292915027
2019-10-03,1.9673431032783322
2019-10-04,1.9821905465021639
2019-10-05,1.9825793739786797
2019-10-06,1.9824915793440967
2019-10-07,1.9755572497741265
2019-10-08,1.9737324438499981
2019-10-09,1.9792526042162528
2019-10-10,1.989617892949692
2019-10-11,1.9997424379602544
2019-10-12,2.0001637782195387
2019-10-13,2.000088174997697
2019-10-14,2.0032929355659133
2019-10-15,2.0056851624768663
2019-10-16,2.0113511503272123
2019-10-17,2.009725674716025
2019-10-18,2.016086590690651
2019-10-19,2.0165097833676975
2019-10-20,2.016446521996905
2019-10-21,2.0144013792872726
2019-10-22,2.010676441180353
2019-10-23,2.0136614585500836
2019-10-24,2.0127213343925345
2019-10-25,2.020920889896739
2019-10-26,2.021066538085623
2019-10-27,2.021068858795626
2019-10-28,2.015527621583616
2019-10-29,2.0160969375532045
2019-10-30,2.02183469966983
2019-10-31,2.005993356050131
2019-11-01,2.0166500845995765
2019-11-02,2.0168167434999096
2019-11-03,2.016921160317415
2019-11-04,2.0084748981443092
2019-11-05,2.010299906241931
2019-11-06,2.015682762711883
2019-11-07,2.017644953039288
2019-11-08,2.023398913449123
2019-11-09,2.023535991872798
2019-11-10,2.0235366032142665
2019-11-11,2.023719346051109
2019-11-12,2.005544518868897
2019-11-13,2.002402923579134
2019-11-14,2.0065177897108604
2019-11-15,2.019684180883873
2019-11-16,2.020007950188766
2019-11-17,2.0200064079140545
2019-11-18,2.002376151961949
2019-11-19,2.0015834116069295
2019-11-20,1.988734858993288
2019-11-21,1.9982293816671302
2019-11-22,1.9991688619063175
2019-11-23,1.999463161368226
2019-11-24,1.9993367497437098
2019-11-25,1.9942052466740605
2019-11-26,1.9872305167403903
2019-11-27,1.9905411915472997
2019-11-28,1.9952239460789556
2019-11-29,1.9838605445498667
2019-11-30,1.9840775135114237
2019-12-01,1.9840823029783294
2019-12-02,1.980155624684538
2019-12-03,1.9842844925361975
2019-12-04,1.9954665132676004
2019-12-05,2.0005857607196647
2019-12-06,2.0084189030716444
2019-12-07,2.008698934046232
2019-12-08,2.0087329980274036
2019-12-09,2.0165852011986596
2019-12-10,2.0134024734720977
2019-12-11,2.0271390447523934
2019-12-12,2.031069501350176
2019-12-13,2.0355077709141245
2019-12-14,2.0358371968535813
2019-12-15,2.035860546690207
2019-12-16,2.0427545864888565
2019-12-17,2.0424507993432472
2019-12-18,2.0386943666237842
2019-12-19,2.0438926555378325
2019-12-20,2.0416837680038395
2019-12-21,2.041865435275506
2019-12-22,2.041860858101798
2019-12-23,2.0385705904274825
2019-12-24,2.035875378384834
2019-12-25,2.035683431022464
2019-12-26,2.037186949655078
2019-12-27,2.0480686725892565
2019-12-28,2.0481727510619296
2019-12-29,2.0481739905207865
2019-12-30,2.036297651483024
2019-12-31,2.0343169632025755
2020-01-01,2.034280508138208
2020-01-02,2.0455058358899985
2020-01-03,2.0392395321450802
2020-01-04,2.039393048092886
2020-01-05,2.039392170097321
2020-01-06,2.048975096167347
2020-01-07,2.045116172372101
2020-01-08,2.056188443098693
2020-01-09,2.0540900446913053
2020-01-10,2.0609167273360707
2020-01-11,2.0610119434943495
2020-01-12,2.061006036900146
2020-01-13,2.0587636406817644
2020-01-14,2.0633010577234336
2020-01-15,2.0623858630792617
2020-01-16,2.0649334355527142
2020-01-17,2.0792676111758785
2020-01-18,2.0796929720719617
2020-01-19,2.079693555716363
2020-01-20,2.0785272429254187
2020-01-21,2.0703057141377217
2020-01-22,2.0797381221232025
2020-01-23,2.071339370939607
2020-01-24,2.0712481034575068
2020-01-25,2.0713554182942113
2020-01-26,2.071353975583941
2020-01-27,2.0601170431625926
2020-01-28,2.082140992945573
2020-01-29,2.0848592700410746
2020-01-30,2.077929171647184
2020-01-31,2.0714644011211734
2020-02-01,2.071527697737451
2020-02-02,2.0715201143038753
2020-02-03,2.074424509487172
2020-02-04,2.0900182106253964
2020-02-05,2.098336412285821
2020-02-06,2.0937791030139112
2020-02-07,2.0857168520395177
2020-02-08,2.0861647498918243
2020-02-09,2.086155241794513
2020-02-10,2.0957133002114623
2020-02-11,2.099754470260119
2020-02-12,2.102788122468851
2020-02-13,2.1064776531870284
2020-02-14,2.114514862888739
2020-02-15,2.1149606359363418
2020-02-16,2.1149610593590755
2020-02-17,2.1129592368841057
2020-02-18,2.1114462917073067
2020-02-19,2.115972653090296
2020-02-20,2.088888376973966
2020-02-21,2.079988190127725
2020-02-22,2.080428004356285
2020-02-23,2.0804323224063017
2020-02-24,2.062564825714212
2020-02-25,2.0605373225879946
2020-02-26,2.042035312512179
2020-02-27,2.016938416222718
2020-02-28,2.0060533394207973
2020-02-29,2.0066349191731825
2020-03-01,2.006634016881671
2020-03-02,2.0264337732100692
2020-03-03,2.018810229165016
2020-03-04,2.010696845235645
2020-03-05,1.9783400379038494
2020-03-06,1.9519097782357073
2020-03-07,1.9521152080825723
2020-03-08,1.9521389562080405
2020-03-09,1.8883734657500124
2020-03-10,1.8895067521131883
2020-03-11,1.8460982531209273
2020-03-12,1.8126237131124328
2020-03-13,1.8168130991443128
2020-03-14,1.8172134193729717
2020-03-15,1.8172254088228825
2020-03-16,1.7463284665416285
2020-03-17,1.7496280476243864
2020-03-18,1.703797491976198
2020-03-19,1.6944797069568112
2020-03-20,1.6705652295957005
2020-03-21,1.6705324959578443
2020-03-22,1.6705268631901327
2020-03-23,1.611031698524105
2020-03-24,1.6409428679835034
2020-03-25,1.7026998258951682
2020-03-26,1.7692870134077499
2020-03-27,1.7372854975624596
2020-03-28,1.7372578291753042
2020-03-29,1.7372593371278686
2020-03-30,1.7032976488412617
2020-03-31,1.7163953930250648
2020-04-01,1.6832153708919577
2020-04-02,1.687043933385914
2020-04-03,1.6389840070837536
2020-04-04,1.6389631581179993
2020-04-05,1.6389533876003666
2020-04-06,1.6661372609660174
2020-04-07,1.6832038300117833
2020-04-08,1.7032884248489928
2020-04-09,1.7314442773308019
2020-04-10,1.7447903376783807
2020-04-11,1.7447681818161103
2020-04-12,1.7447761986130277
2020-04-13,1.7244520200892333
2020-04-14,1.7437570523879045
2020-04-15,1.705021850626748
2020-04-16,1.7070937688066068
2020-04-17,1.7296054094617554
2020-04-18,1.7295801591430933
2020-04-19,1.7295681550348139
2020-04-20,1.7027076315020298
2020-04-21,1.6854812811255355
2020-04-22,1.6793565604500165
2020-04-23,1.659694949306043
2020-04-24,1.6489744469786078
2020-04-25,1.6490354659255657
2020-04-26,1.649032300819656
2020-04-27,1.6687988672332015
2020-04-28,1.694798790567946
2020-04-29,1.7305486263304497
2020-04-30,1.6971174081704865
2020-05-01,1.6707573620684313
2020-05-02,1.6707378357257476
2020-05-03,1.6707270621487122
2020-05-04,1.7069482116817498
2020-05-05,1.7129266931710194
2020-05-06,1.6881787160982453
2020-05-07,1.7106495394024497
2020-05-08,1.7379751031116455
2020-05-09,1.7379491759833943
2020-05-10,1.7379512365092287
2020-05-11,1.7194574154532554
2020-05-12,1.6866572601418854
2020-05-13,1.6987986492619183
2020-05-14,1.7256459811517015
2020-05-15,1.7204249115733794
2020-05-16,1.7204637680603592
2020-05-17,1.7204544431007778
2020-05-18,1.730901113949762
2020-05-19,1.7338584030985205
2020-05-20,1.7667578696959818
2020-05-21,1.7897261675504557
2020-05-22,1.802620652879084
2020-05-23,1.8026004862291651
2020-05-24,1.8026032240143515
2020-05-25,1.8174317581739863
2020-05-26,1.84090725294726
2020-05-27,1.8328969878752261
2020-05-28,1.8381695096977813
2020-05-29,1.8395620798845325
2020-05-30,1.8396062936418014
2020-05-31,1.839595808232013
2020-06-01,1.8473646150686218
2020-06-02,1.8643765943978543
2020-06-03,1.8630823186953127
2020-06-04,1.8448042760504058
2020-06-05,1.8714396628492453
2020-06-06,1.871592364585688
2020-06-07,1.8716010879749159
2020-06-08,1.8769949592679624
2020-06-09,1.8424616897702315
2020-06-10,1.8452298371982463
2020-06-11,1.7786144101760128
2020-06-12,1.823782965506618
2020-06-13,1.8237632840959017
2020-06-14,1.82375384803417
2020-06-15,1.8245463609191357
2020-06-16,1.8200763204228056
2020-06-17,1.8195483117304263
2020-06-18,1.7874547757577097
2020-06-19,1.7978404182926215
2020-06-20,1.7978813130021567
2020-06-21,1.797880295637216
2020-06-22,1.8061428802534607
2020-06-23,1.811564668120619
2020-06-24,1.7843655382569343
2020-06-25,1.7948942304464721
2020-06-26,1.765474996604046
2020-06-27,1.76545676697476
2020-06-28,1.7654563883964838
2020-06-29,1.7641134789914434
2020-06-30,1.7870439948900847
2020-07-01,1.8122866600470207
2020-07-02,1.82690197138826
2020-07-03,1.833698593163227
2020-07-04,1.8336998607200024
2020-07-05,1.833713916867513
2020-07-06,1.8315311368603107
2020-07-07,1.795342334919053
2020-07-08,1.8081810547538126
2020-07-09,1.8064582823849185
2020-07-10,1.8221257348691868
2020-07-11,1.82215995368113
2020-07-12,1.8221616455964265
2020-07-13,1.7964138291602003
2020-07-14,1.8212905555931962
2020-07-15,1.8295668893812083
2020-07-16,1.8227483393935116
2020-07-17,1.8123536920892973
2020-07-18,1.8123549573421138
2020-07-19,1.812353757897073
2020-07-20,1.8157902179545746
2020-07-21,1.8242650695173361
2020-07-22,1.8206405532745797
2020-07-23,1.808364961420455
2020-07-24,1.826587757505008
2020-07-25,1.8265539974866962
2020-07-26,1.826552887525468
2020-07-27,1.8520785585439175
2020-07-28,1.8522171431453631
2020-07-29,1.8479749238267251
2020-07-30,1.8430579669522487
2020-07-31,1.8231929885615161
2020-08-01,1.8231680410087154
2020-08-02,1.8231732660651496
2020-08-03,1.7977196539718683
2020-08-04,1.7958537113467385
2020-08-05,1.8172164142440062
2020-08-06,1.814567646727501
2020-08-07,1.8212573082275956
2020-08-08,1.8212355983503958
2020-08-09,1.8212887823553792
2020-08-10,1.8158853176816188
2020-08-11,1.8212179775021953
2020-08-12,1.8246426921700478
2020-08-13,1.8381586704526207
2020-08-14,1.8539822090345872
2020-08-15,1.8539746966237802
2020-08-16,1.8539812128212172
2020-08-17,1.8365210503100466
2020-08-18,1.8377137803440196
2020-08-19,1.8395249267223928
2020-08-20,1.8454796705528023
2020-08-21,1.8573064831577275
2020-08-22,1.8573299053345675
2020-08-23,1.8573207782597974
2020-08-24,1.8562837939798538
2020-08-25,1.8630005976346198
2020-08-26,1.8591130118536419
2020-08-27,1.8415857266290097
2020-08-28,1.8707186593956888
2020-08-29,1.870705929978786
2020-08-30,1.870692437916587
2020-08-31,1.8578501490971229
2020-09-01,1.8644606847610123
2020-09-02,1.8720269737516566
2020-09-03,1.8794848902377201
2020-09-04,1.8891003876224777
2020-09-05,1.8891079947901026
2020-09-06,1.8890992538552642
2020-09-07,1.8850414998799319
2020-09-08,1.8745459976543224
2020-09-09,1.9103099448180376
2020-09-10,1.9031329118766442
2020-09-11,1.9180477692644338
2020-09-12,1.9180605919543823
2020-09-13,1.9180587487413059
2020-09-14,1.9339798125194527
2020-09-15,1.9256922613562997
2020-09-16,1.9445493032497652
2020-09-17,1.9523120880984224
2020-09-18,1.927672590203875
2020-09-19,1.9276733516115672
2020-09-20,1.927671979441576
2020-09-21,1.9114500170028248
2020-09-22,1.8831300336049537
2020-09-23,1.8170310268066203
2020-09-24,1.8357881599262789
2020-09-25,1.8233306349407596
2020-09-26,1.8233306349407596
2020-09-27,1.823342582036158
2020-09-28,1.8205983036189957
2020-09-29,1.8122015417824657
2020-09-30,1.8420675572457208
2020-10-01,1.86240845648676
2020-10-02,1.8809186772118123
2020-10-03,1.880919420132454
2020-10-04,1.8809041642226123
2020-10-05,1.8994550666881984
2020-10-06,1.8703586315719265
2020-10-07,1.8929499620599326
2020-10-08,1.910006078721448
2020-10-09,1.925739328851709
2020-10-10,1.9257564573612405
2020-10-11,1.925735785860566
2020-10-12,1.917193307212004
2020-10-13,1.9107017425566777
2020-10-14,1.9119868968735527
2020-10-15,1.9199291455591543
2020-10-16,1.934995896537764
2020-10-17,1.934992079966511
2020-10-18,1.9349914353497384
2020-10-19,1.9278663295352512
2020-10-20,1.9337875306651031
2020-10-21,1.9223425887670544
2020-10-22,1.9458150591680388
2020-10-23,1.9541061378453415
2020-10-24,1.9541128734739985
2020-10-25,1.954118179846729
2020-10-26,1.9490955885159957
2020-10-27,1.94037010310267
2020-10-28,1.9213226684431848
2020-10-29,1.9171789489466804
2020-10-30,1.937239686238565
2020-10-31,1.937235865404873
2020-11-01,1.9372415933481804
2020-11-02,1.9198483848980705
2020-11-03,1.939836747467607
2020-11-04,1.9551425974579235
2020-11-05,1.9730185997139151
2020-11-06,1.9801736244344885
2020-11-07,1.9801744066420246
2020-11-08,1.9801558853965786
2020-11-09,2.0004376985619876
2020-11-10,2.0024409127480247
2020-11-11,1.9786375856140157
2020-11-12,1.9723720542021494
2020-11-13,1.996728419998951
2020-11-14,1.9967290115828333
2020-11-15,1.9967195753302434
2020-11-16,2.0097313835613697
2020-11-17,2.0021766731534383
2020-11-18,1.9979826164703276
2020-11-19,2.015042357295423
2020-11-20,2.0260450314714737
2020-11-21,2.026102204693863
2020-11-22,2.026108462751102
2020-11-23,2.019797441142279
2020-11-24,2.035616105631981
2020-11-25,2.0395796225249043
2020-11-26,2.0225249102935647
2020-11-27,2.032375374648237
2020-11-28,2.032262086655633
2020-11-29,2.0323164963429305
2020-11-30,2.020894753400654
2020-12-01,2.033184093745488
2020-12-02,2.037031176171407
2020-12-03,2.0408577689946923
2020-12-04,2.053085259968569
2020-12-05,2.053144209910963
2020-12-06,2.053169079287462
2020-12-07,2.0416391011196136
2020-12-08,2.052983343247999
2020-12-09,2.0449709271565633
2020-12-10,2.0279690431442163
2020-12-11,2.0151321902304633
2020-12-12,2.0152199470050434
2020-12-13,2.0152747417408334
2020-12-14,2.0055849073899386
2020-12-15,2.0378859636129705
2020-12-16,2.0418461129585475
2020-12-17,2.0410071560374443
2020-12-18,2.027282925882733
2020-12-19,2.0273259753245574
2020-12-20,2.0272668663377957
2020-12-21,2.027190988043545
2020-12-22,2.013588236645916
2020-12-23,2.022230389922205
2020-12-24,2.038098186452417
2020-12-25,2.0395796781497135
2020-12-26,2.0395796781497135
2020-12-27,2.0396183535228194
2020-12-28,2.023990040988021
2020-12-29,2.03622502809294
2020-12-30,2.0334595430830165
2020-12-31,2.037149231096048
2021-01-01,2.086942230699247
2021-01-02,2.086942230699247
2021-01-03,2.086864123851163
2021-01-04,2.096782725318557
2021-01-05,2.1013822796291577
2021-01-06,2.127740348827138
2021-01-07,2.091809305554972
2021-01-08,2.095497445772898
2021-01-09,2.095492485023312
2021-01-10,2.095464639912261
2021-01-11,2.0948685419583097
2021-01-12,2.1263103938578136
2021-01-13,2.119456590791155
2021-01-14,2.133051481033331
2021-01-15,2.1276504907681733
2021-01-16,2.1276504907681733
2021-01-17,2.1276842961538174
2021-01-18,2.1423756876516937
2021-01-19,2.14327193324928
2021-01-20,2.149197047994879
2021-01-21,2.133302542964972
2021-01-22,2.1094443931876743
2021-01-23,2.1094443931876743
2021-01-24,2.1094462670633574
2021-01-25,2.0965885715634918
2021-01-26,2.114541885942975
2021-01-27,2.0818673532469765
2021-01-28,2.0871581488317843
2021-01-29,2.0523643648876386
2021-01-30,2.0523643648876386
2021-01-31,2.052386780042475
2021-02-01,2.074199544255723
2021-02-02,2.101094255740067
2021-02-03,2.0931418454474056
2021-02-04,2.0761289705396675
2021-02-05,2.105097897549224
2021-02-06,2.105097897549224
2021-02-07,2.1050904505053287
2021-02-08,2.1026079764284487
2021-02-09,2.100183042184015
2021-02-10,2.104548779522969
2021-02-11,2.1120198028869748
2021-02-12,2.1122350077506082
2021-02-13,2.1122414540361203
2021-02-14,2.1122275711731673
2021-02-15,2.1087782887780366
2021-02-16,2.090324972335431
2021-02-17,2.084250731557212
2021-02-18,2.076809465123695
2021-02-19,2.0628745358162384
2021-02-20,2.0628745358162384
2021-02-21,2.0629150993888734
2021-02-22,2.031705897274238
2021-02-23,2.055040649651583
2021-02-24,2.09735489451691
2021-02-25,2.052463075930082
2021-02-26,2.0562462158506
2021-02-27,2.056241348021925
2021-02-28,2.0562855261024313
2021-03-01,2.077983075199236
2021-03-02,2.084664869973006
2021-03-03,2.046004919620648
2021-03-04,2.03213891646898
2021-03-05,2.0162896650789075
2021-03-06,2.0162896650789075
2021-03-07,2.0162897933071044
2021-03-08,2.0026219386189488
2021-03-09,2.0318300078260374
2021-03-10,2.058800152045713
2021-03-11,2.0828303765569354
2021-03-12,2.0709045015376804
2021-03-13,2.0709045015376804
2021-03-14,2.0708971517430363
2021-03-15,2.077675810939734
2021-03-16,2.0823747893225364
2021-03-17,2.102609599992799
2021-03-18,2.0954172007651475
2021-03-19,2.0921583868323532
2021-03-20,2.0921583868323532
2021-03-21,2.0925029940277957
2021-03-22,2.085421867507348
2021-03-23,2.0629013409465484
2021-03-24,2.065791706037942
2021-03-25,2.0915551822326677
2021-03-26,2.1029161348229484
2021-03-27,2.102907471137537
2021-03-28,2.102923841553994
2021-03-29,2.102713999460998
2021-03-30,2.107149377277928
2021-03-31,2.120999546115525
2021-04-01,2.1336684725722073
2021-04-02,2.1313869684186963
2021-04-03,2.1313869684186963
2021-04-04,2.1313941327821704
2021-04-05,2.128537199728606
2021-04-06,2.142234363879536
2021-04-07,2.1363599562346827
2021-04-08,2.143260523449178
2021-04-09,2.139482310376653
2021-04-10,2.139482310376653
2021-04-11,2.13949239247729
2021-04-12,2.1433979109169834
2021-04-13,2.1466717978298337
2021-04-14,2.143764523389347
2021-04-15,2.155456199535302
2021-04-16,2.1531015040161843
2021-04-17,2.1531015040161843
2021-04-18,2.153100529715842
2021-04-19,2.1656723986165702
2021-04-20,2.1586867345939242
2021-04-21,2.1690803575545226
2021-04-22,2.165566163027001
2021-04-23,2.175402302264533
2021-04-24,2.1753817092630787
2021-04-25,2.1754263206766495
2021-04-26,2.1697636792877226
2021-04-27,2.1530935850723076
2021-04-28,2.1674835015768545
2021-04-29,2.152118196915643
2021-04-30,2.1355556764251373
2021-05-01,2.1355556764251373
2021-05-02,2.1355577777189647
2021-05-03,2.1454500624942376
2021-05-04,2.142894449452881
2021-05-05,2.136924233494277
2021-05-06,2.153658414407553
2021-05-07,2.1662454852618773
2021-05-08,2.1662454852618773
2021-05-09,2.1662644138331673
2021-05-10,2.1589011480821436
2021-05-11,2.1588740445561316
2021-05-12,2.140148979081803
2021-05-13,2.1681013633980157
2021-05-14,2.1729551673399317
2021-05-15,2.172996307663577
2021-05-16,2.1729940594671153
2021-05-17,2.183714827003623
2021-05-18,2.174537221783307
2021-05-19,2.1675723963114644
2021-05-20,2.1734673761767787
2021-05-21,2.1649869070616936
2021-05-22,2.1649869070616936
2021-05-23,2.164986403205642
2021-05-24,2.175369745715845
2021-05-25,2.16754451635436
2021-05-26,2.173017177869447
2021-05-27,2.1641492647166616
2021-05-28,2.167544928046751
2021-05-29,2.167544928046751
2021-05-30,2.167547104387761
2021-05-31,2.161226224161921
2021-06-01,2.1586551934148006
2021-06-02,2.1687519217035818
2021-06-03,2.142666245346378
2021-06-04,2.1604669182763665
2021-06-05,2.1605883495032345
2021-06-06,2.1605932012236293
2021-06-07,2.1780267844150942
2021-06-08,2.188047187971518
2021-06-09,2.18473613373435
2021-06-10,2.190854594679349
2021-06-11,2.1712076471496857
2021-06-12,2.1712128036226757
2021-06-13,2.1712114699664404
2021-06-14,2.1636567013266443
2021-06-15,2.159310128655127
2021-06-16,2.1228314313325667
2021-06-17,2.1259140662011413
2021-06-18,2.1060283142418896
2021-06-19,2.1060283142418896
2021-06-20,2.106037341865175
2021-06-21,2.123871453605467
2021-06-22,2.1404120082221723
2021-06-23,2.1584238420215702
2021-06-24,2.192869041398535
2021-06-25,2.195085190455074
2021-06-26,2.195085190455074
2021-06-27,2.1950863937527725
2021-06-28,2.1940505208733034
2021-06-29,2.199973387531338
2021-06-30,2.1891457932060185
2021-07-01,2.183714214621429
2021-07-02,2.2089243218098047
2021-07-03,2.20892324437313
2021-07-04,2.2089251978349695
2021-07-05,2.196601858877604
2021-07-06,2.181405447839602
2021-07-07,2.1964134085119587
2021-07-08,2.189456875745409
2021-07-09,2.2034689404475745
2021-07-10,2.2034689404475745
2021-07-11,2.2034670966269547
2021-07-12,2.2029155314264255
2021-07-13,2.1857189678081164
2021-07-14,2.2043062038887014
2021-07-15,2.195750248836924
2021-07-16,2.2023182288471017
2021-07-17,2.2023182288471017
2021-07-18,2.2023229493561436
2021-07-19,2.182056268181181
2021-07-20,2.1766144510210053
2021-07-21,2.1807509936560203
2021-07-22,2.1817148826602453
2021-07-23,2.187651445900289
2021-07-24,2.187651445900289
2021-07-25,2.187653597060669
2021-07-26,2.188506759197595
2021-07-27,2.1965287423749142
2021-07-28,2.2028463219460583
2021-07-29,2.204535492797611
2021-07-30,2.201043072820504
2021-07-31,2.201043072820504
2021-08-01,2.2010369742749667
2021-08-02,2.1978901818972845
2021-08-03,2.2020915115280637
2021-08-04,2.1905721412895036
2021-08-05,2.197665230586459
2021-08-06,2.1906771761720205
2021-08-07,2.1906771761720205
2021-08-08,2.190675431278868
2021-08-09,2.188741256181024
2021-08-10,2.185447935622963
2021-08-11,2.2027170222003956
2021-08-12,2.1999408462580434
2021-08-13,2.2049192181802053
2021-08-14,2.2049192181802053
2021-08-15,2.2049139145721095
2021-08-16,2.204862249027913
2021-08-17,2.1965980714619837
2021-08-18,2.191675645875823
2021-08-19,2.1819008899266628
2021-08-20,2.160549124336354
2021-08-21,2.160549124336354
2021-08-22,2.1605489861491507
2021-08-23,2.1653583314982527
2021-08-24,2.172249172660019
2021-08-25,2.169530659724252
2021-08-26,2.1568866198773367
2021-08-27,2.172161286940223
2021-08-28,2.172161286940223
2021-08-29,2.1721932147281153
2021-08-30,2.1741609950355607
2021-08-31,2.179574641535146
2021-09-01,2.1858261839743
2021-09-02,2.187963166226413
2021-09-03,2.191433521813243
2021-09-04,2.191433521813243
2021-09-05,2.1914324915676997
2021-09-06,2.1920064588139514
2021-09-07,2.1915229233330935
2021-09-08,2.1940207572478667
2021-09-09,2.1942420670682536
2021-09-10,2.1983888975656
2021-09-11,2.1983888975656
2021-09-12,2.198391439523367
2021-09-13,2.201238582917702
2021-09-14,2.197866723048903
2021-09-15,2.2021253154978115
2021-09-16,2.1970274846338516
2021-09-17,2.191565020318349
2021-09-18,2.1915598387682875
2021-09-19,2.19155929401931
2021-09-20,2.18099359499592
2021-09-21,2.185550546182603
2021-09-22,2.1893451586354935
2021-09-23,2.1928566534768237
2021-09-24,2.1950299516178817
2021-09-25,2.1950299516178817
2021-09-26,2.1950224037282813
2021-09-27,2.190096786576257
2021-09-28,2.1696695514023583
2021-09-29,2.1538335274129596
2021-09-30,2.14062762064389
2021-10-01,2.160178364285012
2021-10-02,2.1601849568878544
2021-10-03,2.16018892952007
2021-10-04,2.1569377492618687
2021-10-05,1.9385483097809293
2021-10-06,1.9410963859464088
2021-10-07,1.9313628238171345
2021-10-08,1.9276705608318339
2021-10-09,1.9276705608318339
2021-10-10,1.927670589620912
2021-10-11,1.912719686934431
2021-10-12,1.9220920863965307
2021-10-13,1.9413419433889314
2021-10-14,1.938705016869732
2021-10-15,1.9585516005608035
2021-10-16,1.9585516005608035
2021-10-17,1.9585512862464225
2021-10-18,1.9514577820747523
2021-10-19,1.967693981457117
2021-10-20,1.9677066935124135
2021-10-21,1.9598541034016925
2021-10-22,1.9718425744253574
2021-10-23,1.9718425744253574
2021-10-24,1.971874660463601
2021-10-25,1.9716430746945854
2021-10-26,1.9704023690514794
2021-10-27,1.9618838475385052
2021-10-28,1.9554429277433465
2021-10-29,1.9396044570592175
2021-10-30,1.9396044570592175
2021-10-31,1.9395959406167866
2021-11-01,1.9120946148805755
2021-11-02,1.9168083862770164
2021-11-03,1.9394216902578338
2021-11-04,1.9436137451260442
2021-11-05,1.9623835707919752
2021-11-06,1.962384345930755
2021-11-07,1.9623868283881873
2021-11-08,1.9685418593797888
2021-11-09,1.9687552611860684
2021-11-10,1.9427801113819
2021-11-11,1.943236868416938
2021-11-12,1.9550280361797656
2021-11-13,1.9550280361797656
2021-11-14,1.955041709049354
2021-11-15,1.9506720864496245
2021-11-16,1.942098216942869
2021-11-17,1.9530065924104398
2021-11-18,1.941339198880977
2021-11-19,1.9373307112109401
2021-11-20,1.9373307112109401
2021-11-21,1.937326943758074
2021-11-22,1.9242578305751625
2021-11-23,1.9131146364967482
2021-11-24,1.8930545444798497
2021-11-25,1.8813411901636623
2021-11-26,1.853691463980566
2021-11-27,1.853691463980566
2021-11-28,1.8536830797273507
2021-11-29,1.8738928949260847
2021-11-30,1.8954109937325874
2021-12-01,1.887479051387932
2021-12-02,1.908404495989876
2021-12-03,1.9107888370261248
2021-12-04,1.9106943889493933
2021-12-05,1.9106953152867674
2021-12-06,1.914641822968048
2021-12-07,1.9322600952586477
2021-12-08,1.9390182295481768
2021-12-09,1.9376111127314035
2021-12-10,1.9438156445844341
2021-12-11,1.9438156445844341
2021-12-12,1.9438089556988347
2021-12-13,1.9328169743568713
2021-12-14,1.9198425877573775
2021-12-15,1.937864769256552
2021-12-16,1.9537974367910005
2021-12-17,1.9534963567984915
2021-12-18,1.9534966742674316
2021-12-19,1.953528294849544
2021-12-20,1.9582210248784737
2021-12-21,1.9527905864880308
2021-12-22,1.9606270612755436
2021-12-23,1.9626727203214467
2021-12-24,1.9638495419772364
2021-12-25,1.9638166460005295
2021-12-26,1.9637973408568825
2021-12-27,1.9595754157554681
2021-12-28,1.9614246159661988
2021-12-29,1.9724563930336092
2021-12-30,1.9832405443370482
2021-12-31,1.9802407982585681
2022-01-01,1.9802407982585681
2022-01-02,1.9802767360509754
2022-01-03,1.9815896409200615
2022-01-04,1.9801488709130408
2022-01-05,1.9757393630768108
2022-01-06,1.9839592932032442
2022-01-07,1.993792098243129
2022-01-08,1.993792098243129
2022-01-09,1.9937792198804911
2022-01-10,1.9913362178316485
2022-01-11,1.99156227818711
2022-01-12,1.9903556365854387
2022-01-13,1.9887311534717376
2022-01-14,1.994659077325037
2022-01-15,1.9946183352193274
2022-01-16,1.9946203532140903
2022-01-17,1.9954358566453683
2022-01-18,1.986198996685587
2022-01-19,1.9774207519065452
2022-01-20,1.9743874248137212
2022-01-21,1.9809101706385854
2022-01-22,1.9809101706385854
2022-01-23,1.98091290881864
2022-01-24,1.9728443593749327
2022-01-25,1.9705672615822345
2022-01-26,1.9615487646291745
2022-01-27,1.9623447400105505
2022-01-28,1.960496862303492
2022-01-29,1.960496862303492
2022-01-30,1.9604906049643367
2022-01-31,1.9717879148379005
2022-02-01,1.9774868596970936
2022-02-02,1.9747964723361937
2022-02-03,1.9733511934217252
2022-02-04,1.9604912890169268
2022-02-05,1.9604912890169268
2022-02-06,1.960492143885696
2022-02-07,1.9673685800205238
2022-02-08,1.9656538081537074
2022-02-09,1.976581300661754
2022-02-10,1.9699285492542744
2022-02-11,1.9711729189052383
2022-02-12,1.9711729189052383
2022-02-13,1.9711732526376986
2022-02-14,1.986125449642732
2022-02-15,1.9855273213385527
2022-02-16,1.9977624030967287
2022-02-17,1.9945956524683028
2022-02-18,1.9960694828070056
2022-02-19,1.9960694828070056
2022-02-20,1.9960635593207217
2022-02-21,1.9943865203181064
2022-02-22,1.9957856507789826
2022-02-23,2.0041062372161194
2022-02-24,1.9823298742343145
2022-02-25,2.0034843779691816
2022-02-26,2.0034843779691816
2022-02-27,2.0035182375129317
2022-02-28,1.9893370672996546
2022-03-01,1.9827393602691878
2022-03-02,1.9875405860702051
2022-03-03,1.9883541815676191
2022-03-04,1.9633936279460322
2022-03-05,1.9633983106591144
2022-03-06,1.9634099499892446
2022-03-07,1.937299263786519
2022-03-08,1.9411010936455133
2022-03-09,1.9784480037359506
2022-03-10,1.979250151782119
2022-03-11,1.9839773071190854
2022-03-12,1.9839495724297762
2022-03-13,1.9839524535488033
2022-03-14,1.9863705583802527
2022-03-15,1.9907321924406995
2022-03-16,2.0031788879977195
2022-03-17,2.010086282295872
2022-03-18,2.0279248922931563
2022-03-19,2.0279248922931563
2022-03-20,2.0279201634369106
2022-03-21,2.0364874098291508
2022-03-22,2.039526989198086
2022-03-23,2.043978061508094
2022-03-24,2.0557371405250007
2022-03-25,2.061656502659346
2022-03-26,2.0616568332068157
2022-03-27,2.061653824421024
2022-03-28,2.0535568788080227
2022-03-29,2.0630697382861936
2022-03-30,2.066312278460917
2022-03-31,2.0680281480833873
2022-04-01,2.068814070882634
2022-04-02,2.0688186375840387
2022-04-03,2.068816804678275
2022-04-04,2.0744943036242898
2022-04-05,2.057795844601674
2022-04-06,2.0452463122027766
2022-04-07,2.0509779288302306
2022-04-08,2.0606101341140355
2022-04-09,2.0606101341140355
2022-04-10,2.0606068561508555
2022-04-11,2.0723282778645116
2022-04-12,2.0855613850488846
2022-04-13,2.086224565456555
2022-04-14,2.067705321934861
2022-04-15,2.071911344028865
2022-04-16,2.071911344028865
2022-04-17,2.0719081227462994
2022-04-18,2.0845020781017087
2022-04-19,2.0672808445520174
2022-04-20,2.069211072408592
2022-04-21,2.053599459835825
2022-04-22,2.0504844975276586
2022-04-23,2.0504844975276586
2022-04-24,2.050484456111033
2022-04-25,2.0574832333442004
2022-04-26,2.0427464671495774
2022-04-27,2.0498803231542784
2022-04-28,2.042320966922573
2022-04-29,2.0500073722914234
2022-04-30,2.0500073722914234
2022-05-01,2.0500085040182046
2022-05-02,2.0349565982622044
2022-05-03,2.062900227577644
2022-05-04,2.08461925353427
2022-05-05,2.0685524195146914
2022-05-06,2.079775892907749
2022-05-07,2.079775892907749
2022-05-08,2.0797682357715614
2022-05-09,2.061165867227333
2022-05-10,2.064637217256326
2022-05-11,2.073816108706457
2022-05-12,2.083566158705041
2022-05-13,2.098340652236551
2022-05-14,2.098340652236551
2022-05-15,2.0983398446240016
2022-05-16,2.1060540239675154
2022-05-17,2.1084036465910763
2022-05-18,2.0988631376496487
2022-05-19,2.1069107636155766
2022-05-20,2.110274303982757
2022-05-21,2.110274303982757
2022-05-22,2.1102783614086795
2022-05-23,2.105651289570904
2022-05-24,2.1039054174939036
2022-05-25,2.1050661992710586
2022-05-26,2.1137800789205334
2022-05-27,2.130397699325299
2022-05-28,2.130397699325299
2022-05-29,2.1304167963578826
2022-05-30,2.1332383860453645
2022-05-31,2.1256354417399455
2022-06-01,2.12383039481907
2022-06-02,2.141408620112399
2022-06-03,2.1376481767012794
2022-06-04,2.1376481767012794
2022-06-05,2.1376638031596715
2022-06-06,2.1378036960892244
2022-06-07,2.1369443051824044
2022-06-08,2.1409471904728115
2022-06-09,2.1328682678876927
2022-06-10,2.107359666881289
2022-06-11,2.107359666881289
2022-06-12,2.107365556029614
2022-06-13,2.0796704773397594
2022-06-14,2.0560121483763822
2022-06-15,2.087378638607372
2022-06-16,2.0687857755902623
2022-06-17,2.0785483134453844
2022-06-18,2.0785483134453844
2022-06-19,2.078552461019181
2022-06-20,2.0832529724052176
2022-06-21,2.100195983276543
2022-06-22,2.1093817767622416
2022-06-23,2.1147593273363268
2022-06-24,2.126966346938993
2022-06-25,2.126966346938993
2022-06-26,2.1269336942739563
2022-06-27,2.1211873403189045
2022-06-28,2.0991179267316467
2022-06-29,2.1020681773337864
2022-06-30,2.1039223906835294
2022-07-01,2.090468320829523
2022-07-02,2.090468320829523
2022-07-03,2.0904719193190537
2022-07-04,2.088936637003869
2022-07-05,2.0720099649872847
2022-07-06,2.062471772268397
2022-07-07,2.0779492470036285
2022-07-08,2.083078252035868
2022-07-09,2.083078252035868
2022-07-10,2.0830815835529792
2022-07-11,2.0597237074057078
2022-07-12,2.051409435236517
2022-07-13,2.0633552767353414
2022-07-14,2.0593709182968682
2022-07-15,2.0814791378312436
2022-07-16,2.0814791378312436
2022-07-17,2.0814758080586517
2022-07-18,2.0977451932142572
2022-07-19,2.076510847530193
2022-07-20,2.074891491638711
2022-07-21,2.0676785143646406
2022-07-22,2.0777107180149814
2022-07-23,2.0777991781180916
2022-07-24,2.07779681949645
2022-07-25,2.085486204996571
2022-07-26,2.088082855377114
2022-07-27,2.093407876151835
2022-07-28,2.1129046106610425
2022-07-29,2.0984270695146194
2022-07-30,2.098389020505416
2022-07-31,2.0983882522195465
2022-08-01,2.090977636086623
2022-08-02,2.061851916674829
2022-08-03,2.0942282628948448
2022-08-04,2.1064907225662157
2022-08-05,2.098981314163234
2022-08-06,2.098981314163234
2022-08-07,2.0989769842548314
2022-08-08,2.1154880896742427
2022-08-09,2.117897697761605
2022-08-10,2.13611258452448
2022-08-11,2.141199158639279
2022-08-12,2.151147485951704
2022-08-13,2.151147485951704
2022-08-14,2.1511469740075735
2022-08-15,2.157619570929406
2022-08-16,2.1523140088322474
2022-08-17,2.1475775015211838
2022-08-18,2.1356950765896516
2022-08-19,2.136510884488622
2022-08-20,2.136502541170255
2022-08-21,2.136498564751428
2022-08-22,2.1428701662082172
2022-08-23,2.1601343847549805
2022-08-24,2.1686217968747976
2022-08-25,2.1650259258123814
2022-08-26,2.1556964700913355
2022-08-27,2.1556964700913355
2022-08-28,2.1556847826602246
2022-08-29,2.1609479020125537
2022-08-30,2.144086979664295
2022-08-31,2.148373537827291
2022-09-01,2.147028810699417
2022-09-02,2.175261371906291
2022-09-03,2.175287093135449
2022-09-04,2.175278119622801
2022-09-05,2.1695512983447234
2022-09-06,2.160778123896004
2022-09-07,2.176293438188877
2022-09-08,2.177519925653115
2022-09-09,2.1825869373050693
2022-09-10,2.1825568491327303
2022-09-11,2.182565498522153
2022-09-12,2.1791515401320862
2022-09-13,2.163854206655269
2022-09-14,2.1771436700438076
2022-09-15,2.1693099863563448
2022-09-16,2.175661030112488
2022-09-17,2.175661030112488
2022-09-18,2.175666974576414
2022-09-19,2.1806452294434675
2022-09-20,2.183144204035891
2022-09-21,2.1868413505174513
2022-09-22,2.1926804277617475
2022-09-23,2.1791324051524708
2022-09-24,2.1791324051524708
2022-09-25,2.179116127525202
2022-09-26,2.1643928773993144
2022-09-27,2.1693051074825176
2022-09-28,2.193162256855511
2022-09-29,2.184534576412811
2022-09-30,2.185464749406905
2022-10-01,2.185464749406905
2022-10-02,2.185458004315813
2022-10-03,2.196413039571099
2022-10-04,2.200435795468749
2022-10-05,2.189941481244942
2022-10-06,2.1898685558687787
2022-10-07,2.2018380049879602
2022-10-08,2.2018380049879602
2022-10-09,2.2018327152944814
2022-10-10,2.2159514208902533
2022-10-11,2.201675199116105
2022-10-12,2.2165827469928403
2022-10-13,2.2149484896752867
2022-10-14,2.2064324939839706
2022-10-15,2.2064324939839706
2022-10-16,2.206457424170304
2022-10-17,2.2142276522385553
2022-10-18,2.2084392585125485
2022-10-19,2.2046667281557992
2022-10-20,2.215107794948352
2022-10-21,2.2251315600741406
2022-10-22,2.2251315600741406
2022-10-23,2.225144392934457
2022-10-24,2.2203936251065253
2022-10-25,2.2275244054266072
2022-10-26,2.216330762654565
2022-10-27,2.2281703134976203
2022-10-28,2.232248058749447
2022-10-29,2.2322557468948827
2022-10-30,2.232253751460564
2022-10-31,2.2379939978620613
2022-11-01,2.236508449367928
2022-11-02,2.2556118991340286
2022-11-03,2.2633776550239326
2022-11-04,2.269914501724966
2022-11-05,2.269914501724966
2022-11-06,2.269904896825451
2022-11-07,2.2693486316042795
2022-11-08,2.2653876140191143
2022-11-09,2.255837243102632
2022-11-10,2.2808852289352086
2022-11-11,2.2473455277080427
2022-11-12,2.2473468262741334
2022-11-13,2.2473323881857645
2022-11-14,2.2577199871364217
2022-11-15,2.260102143853303
2022-11-16,2.263532733075401
2022-11-17,2.257363734379275
2022-11-18,2.2574399332986013
2022-11-19,2.2574399332986013
2022-11-20,2.257438682593791
2022-11-21,2.2478669472730415
2022-11-22,2.2589876955084747
2022-11-23,2.26405033965591
2022-11-24,2.258295795976473
2022-11-25,2.262908946150234
2022-11-26,2.262908946150234
2022-11-27,2.2628930478915312
2022-11-28,2.2697143394061947
2022-11-29,2.2817954686939337
2022-11-30,2.271025750758858
2022-12-01,2.2807599219256742
2022-12-02,2.2502637986401544
2022-12-03,2.2502637986401544
2022-12-04,2.2502637986401544
2022-12-05,2.2143253350029366
2022-12-06,2.213046566662985
2022-12-07,2.2233817281440458
2022-12-08,2.2273177280717604
2022-12-09,2.2108427025599693
2022-12-10,2.2108427025599693
2022-12-11,2.2108427025599693
2022-12-12,2.1981671148710844
2022-12-13,2.227917026120252
2022-12-14,2.213647401448891
2022-12-15,2.208746336353774
2022-12-16,2.19916318912799
2022-12-17,2.19916318912799
2022-12-18,2.19916318912799
2022-12-19,2.2042545833550022
2022-12-20,2.2094626803203616
2022-12-21,2.2213632627327913
2022-12-22,2.2324757583314647
2022-12-23,2.256493263535538
2022-12-24,2.256493263535538
2022-12-25,2.256493263535538
2022-12-26,2.2576664740310584
2022-12-27,2.2447838280482273
2022-12-28,2.2519817863844787
2022-12-29,2.25518979604117
2022-12-30,2.303251152430821
2022-12-31,2.303251152430821
2023-01-01,2.303251152430821
2023-01-02,2.306454802540728
2023-01-03,2.32136983393713
2023-01-04,2.321643952526739
2023-01-05,2.3346154120863716
2023-01-06,2.3539679323023317
2023-01-07,2.3539679323023317
2023-01-08,2.3539679323023317
2023-01-09,2.353420332400586
2023-01-10,2.3566383985405994
2023-01-11,2.3724854564499074
2023-01-12,2.3822222924303142
2023-01-13,2.3869903762376987
2023-01-14,2.3869903762376987
2023-01-15,2.3869903762376987
2023-01-16,2.4013953524240232
2023-01-17,2.4194616744068265
2023-01-18,2.3992430841203434
2023-01-19,2.3840599452139113
2023-01-20,2.3977329105852907
2023-01-21,2.3977329105852907
2023-01-22,2.3977329105852907
2023-01-23,2.4003571165195887
2023-01-24,2.4043233481388886
2023-01-25,2.403320517781825
2023-01-26,2.40358305795285
2023-01-27,2.4098441139614635
2023-01-28,2.4098441139614635
2023-01-29,2.4098441139614635
2023-01-30,2.4095314103742624
2023-01-31,2.4047591247678524
2023-02-01,2.4222426182370937
2023-02-02,2.464569934616783
2023-02-03,2.4348860881766043
2023-02-04,2.4348860881766043
2023-02-05,2.4348860881766043
2023-02-06,2.4186600376888188
2023-02-07,2.454111846466045
2023-02-08,2.4519995279796882
2023-02-09,2.476190275739585
2023-02-10,2.491110784106334
2023-02-11,2.491110784106334
2023-02-12,2.491110784106334
2023-02-13,2.4962791378899114
2023-02-14,2.5087028648168768
2023-02-15,2.503486739206189
2023-02-16,2.516180074011324
2023-02-17,2.535652951599706
2023-02-18,2.535652951599706
2023-02-19,2.535652951599706
2023-02-20,2.528977171799769
2023-02-21,2.5259217329337162
2023-02-22,2.5386572462646075
2023-02-23,2.539187948884174
2023-02-24,2.539522508754459
2023-02-25,2.539522508754459
2023-02-26,2.539522508754459
2023-02-27,2.5421156106322202
2023-02-28,2.5530513284298904
2023-03-01,2.573745808580793
2023-03-02,2.576350475068677
2023-03-03,2.598758804645707
2023-03-04,2.598758804645707
2023-03-05,2.598758804645707
2023-03-06,2.590717606239097
2023-03-07,2.5760188175566237
2023-03-08,2.600746118197433
2023-03-09,2.5841221690028897
2023-03-10,2.526546427460616
2023-03-11,2.526546427460616
2023-03-12,2.526546427460616
2023-03-13,2.4537434015305006
2023-03-14,2.5091299012698802
2023-03-15,2.4664208565692682
2023-03-16,2.4987918889601635
2023-03-17,2.4693302127518106
2023-03-18,2.4693302127518106
2023-03-19,2.4693302127518106
2023-03-20,2.4747793740176074
2023-03-21,2.5048743168436016
2023-03-22,2.5097507837961612
2023-03-23,2.498611903543379
2023-03-24,2.5209891643143396
2023-03-25,2.5209891643143396
2023-03-26,2.5209891643143396
2023-03-27,2.536520453322815
2023-03-28,2.5497415949318905
2023-03-29,2.5632353417021996
2023-03-30,2.5641514354847432
2023-03-31,2.575574901947425
2023-04-01,2.575574901947425
2023-04-02,2.575574901947425
2023-04-03,2.565729953750111
2023-04-04,2.5517376524991944
2023-04-05,2.528711610777294
2023-04-06,2.540124057424922
2023-04-07,2.554676151090898
2023-04-08,2.554676151090898
2023-04-09,2.554676151090898
2023-04-10,2.547612202404387
2023-04-11,2.5522253808371915
2023-04-12,2.5632137757702824
2023-04-13,2.567049825076007
2023-04-14,2.56658735036726
2023-04-15,2.56658735036726
2023-04-16,2.56658735036726
2023-04-17,2.563784785154673
2023-04-18,2.5660032000280215
2023-04-19,2.5699141491582074
2023-04-20,2.5701137484118712
2023-04-21,2.574223285936549
2023-04-22,2.574223285936549
2023-04-23,2.574223285936549
2023-04-24,2.57565974165072
2023-04-25,2.55847584500563
2023-04-26,2.553514459330975
2023-04-27,2.5688606084803185
2023-04-28,2.5773326131966194
2023-04-29,2.5773326131966194
2023-04-30,2.5773326131966194
2023-05-01,2.577770571911975
2023-05-02,2.5801708271482764
2023-05-03,2.5852443479055887
2023-05-04,2.583135160186548
2023-05-05,2.6031240351319402
2023-05-06,2.6031240351319402
2023-05-07,2.6031240351319402
2023-05-08,2.5976768120493907
2023-05-09,2.6025523382432403
2023-05-10,2.637139369658765
2023-05-11,2.6366933095203513
2023-05-12,2.6409487087719286
2023-05-13,2.6409487087719286
2023-05-14,2.6409487087719286
2023-05-15,2.6677586808406635
2023-05-16,2.6618145435842626
2023-05-17,2.6471346919900975
2023-05-18,2.636400129086391
2023-05-19,2.6255048769296394
2023-05-20,2.6255048769296394
2023-05-21,2.6255048769296394
2023-05-22,2.608850590814229
2023-05-23,2.6028625587077303
2023-05-24,2.6291561304389544
2023-05-25,2.6220157250872247
2023-05-26,2.65819262150792
2023-05-27,2.65819262150792
2023-05-28,2.65819262150792
2023-05-29,2.6623558148604425
2023-05-30,2.6572529719048035
2023-05-31,2.6531270059455268
2023-06-01,2.669918006983212
2023-06-02,2.669608505905014
2023-06-03,2.669608505905014
2023-06-04,2.669608505905014
2023-06-05,2.681203513860079
2023-06-06,2.6948615411131223
2023-06-07,2.7012420830217705
2023-06-08,2.6952101294544906
2023-06-09,2.709300695305057
2023-06-10,2.709300695305057
2023-06-11,2.709300695305057
2023-06-12,2.705766262639118
2023-06-13,2.7157982218415926
2023-06-14,2.7331915551457984
2023-06-15,2.727405339704594
2023-06-16,2.7294314347865094
2023-06-17,2.7294314347865094
2023-06-18,2.7294314347865094
2023-06-19,2.734927239858863
2023-06-20,2.7173944427147467
2023-06-21,2.735547809772824
2023-06-22,2.7305321378398117
2023-06-23,2.734008700618544
2023-06-24,2.734008700618544
2023-06-25,2.734008700618544
2023-06-26,2.736928951971988
2023-06-27,2.7510276152536837
2023-06-28,2.751376016689026
2023-06-29,2.7363321453935288
2023-06-30,2.74980428078147
2023-07-01,2.74980428078147
2023-07-02,2.74980428078147
2023-07-03,2.7509944909812107
2023-07-04,2.755778358725361
2023-07-05,2.7682766138574575
2023-07-06,2.7342124713752476
2023-07-07,2.665938444155684
2023-07-08,2.665938444155684
2023-07-09,2.665924248919636
2023-07-10,2.673619875998777
2023-07-11,2.680153217351832
2023-07-12,2.689128260769481
2023-07-13,2.692484965681017
2023-07-14,2.7047494574577913
2023-07-15,2.7047494574577913
2023-07-16,2.7047494574577913
2023-07-17,2.7074014384187315
2023-07-18,2.7052334060869043
2023-07-19,2.7109603934263524
2023-07-20,2.6889759783530818
2023-07-21,2.676567950715861
2023-07-22,2.676567950715861
2023-07-23,2.676567950715861
2023-07-24,2.699917040312949
2023-07-25,2.6871714740473016
2023-07-26,2.7011644992441073
2023-07-27,2.699738940017036
2023-07-28,2.7266982412389154
2023-07-29,2.7266982412389154
2023-07-30,2.7266982412389154
2023-07-31,2.7176419227563726
2023-08-01,2.7033251458350462
2023-08-02,2.685853544080869
2023-08-03,2.6391839759939426
2023-08-04,2.680326635364759
2023-08-05,2.680326635364759
2023-08-06,2.680326635364759
2023-08-07,2.678311405709021
2023-08-08,2.675899600785871
2023-08-09,2.687151726102217
2023-08-10,2.6754445970215226
2023-08-11,2.696968291923273
2023-08-12,2.696968291923273
2023-08-13,2.696968291923273
2023-08-14,2.702490185182837
2023-08-15,2.6900753351773545
2023-08-16,2.6966633416167984
2023-08-17,2.702867555512501
2023-08-18,2.7107818873573146
2023-08-19,2.7107818873573146
2023-08-20,2.7107818873573146
2023-08-21,2.7123568713514445
2023-08-22,2.7330306689979054
2023-08-23,2.7500685131021316
2023-08-24,2.745490886651093
2023-08-25,2.7608611994419885
2023-08-26,2.7608611994419885
2023-08-27,2.7608611994419885
2023-08-28,2.7555032824476373
2023-08-29,2.751152985540937
2023-08-30,2.7589144659861278
2023-08-31,2.709907271558247
2023-09-01,2.702750331083596
2023-09-02,2.702750331083596
2023-09-03,2.702750331083596
2023-09-04,2.693991117731938
2023-09-05,2.660504380317263
2023-09-06,2.637219785194698
2023-09-07,2.6396389064658945
2023-09-08,2.6426129238651135
2023-09-09,2.6426129238651135
2023-09-10,2.6426129238651135
2023-09-11,2.686067273170403
2023-09-12,2.6971108803305004
2023-09-13,2.7057083238789024
2023-09-14,2.7169869232069774
2023-09-15,2.725230989856854
2023-09-16,2.725230989856854
2023-09-17,2.725230989856854
2023-09-18,2.7094828738806953
2023-09-19,2.72048539309116
2023-09-20,2.7205101868969344
2023-09-21,2.700846877961335
2023-09-22,2.705193889266526
2023-09-23,2.705193889266526
2023-09-24,2.705193889266526
2023-09-25,2.678959670283308
2023-09-26,2.661911057614693
2023-09-27,2.646177563986252
2023-09-28,2.6632888553070564
2023-09-29,2.6830216848073043
2023-09-30,2.6830216848073043
2023-10-01,2.6830216848073043
2023-10-02,2.653638757263656
2023-10-03,2.6158723546140825
2023-10-04,2.6128705270515598
2023-10-05,2.578802021720336
2023-10-06,2.5796249728553566
2023-10-07,2.5796249728553566
2023-10-08,2.5796249728553566
2023-10-09,2.583476206143542
2023-10-10,2.6176957446428872
2023-10-11,2.629127977376708
2023-10-12,2.607657071758646
2023-10-13,2.5987792066592124
2023-10-14,2.5987792066592124
2023-10-15,2.5987792066592124
2023-10-16,2.6200519294435374
2023-10-17,2.6065658622896737
2023-10-18,2.5776650156190613
2023-10-19,2.5676579252591507
2023-10-20,2.580395759298796
2023-10-21,2.580395759298796
2023-10-22,2.580395759298796
2023-10-23,2.5837946887202397
2023-10-24,2.577256406462591
2023-10-25,2.565775294345353
2023-10-26,2.5957705119406294
2023-10-27,2.6008632527979856
2023-10-28,2.6008632527979856
2023-10-29,2.6008632527979856
2023-10-30,2.600532802885447
2023-10-31,2.6094172756940552
2023-11-01,2.6376064808487434
2023-11-02,2.677373680414141
2023-11-03,2.6763827434414966
2023-11-04,2.6763827434414966
2023-11-05,2.6763827434414966
2023-11-06,2.660029513414317
2023-11-07,2.673306711165734
2023-11-08,2.666870752159833
2023-11-09,2.631969746893884
2023-11-10,2.653242163726718
2023-11-11,2.653242163726718
2023-11-12,2.653242163726718
2023-11-13,2.6701102615653407
2023-11-14,2.7034953246972755
2023-11-15,2.7035401813227335
2023-11-16,2.7113594019790765
2023-11-17,2.7075055704417594
2023-11-18,2.7075055704417594
2023-11-19,2.7075055704417594
2023-11-20,2.7257378991994736
2023-11-21,2.708625375012947
2023-11-22,2.710696679804933
2023-11-23,2.710200969118862
2023-11-24,2.7239279275786994
2023-11-25,2.7239279275786994
2023-11-26,2.7239279275786994
2023-11-27,2.718619430060701
2023-11-28,2.718072823159349
2023-11-29,2.698561202439212
2023-11-30,2.681587814525639
2023-12-01,2.708315159916931
2023-12-02,2.708315159916931
2023-12-03,2.708315159916931
2023-12-04,2.6662122569714413
2023-12-05,2.68799597778923
2023-12-06,2.7021918248163996
2023-12-07,2.6701995306950197
2023-12-08,2.6949301242883723
2023-12-09,2.6949301242883723
2023-12-10,2.6949301242883723
2023-12-11,2.6906235844118944
2023-12-12,2.7054731228683053
2023-12-13,2.7309893288909097
2023-12-14,2.72810129612459
2023-12-15,2.7231600986366575
2023-12-16,2.7231600986366575
2023-12-17,2.7231600986366575
2023-12-18,2.731097126269759
2023-12-19,2.741959794161439
2023-12-20,2.7385866350898604
2023-12-21,2.7461008508157074
2023-12-22,2.7547508589931846
2023-12-23,2.7547508589931846
2023-12-24,2.7547508589931846
2023-12-25,2.749136611130512
2023-12-26,2.762060962452936
2023-12-27,2.7630048670775804
2023-12-28,2.7596567133379426
2023-12-29,2.7539731320226988
2023-12-30,2.7539731320226988
2023-12-31,2.7539731320226988
2024-01-01,2.754072566853691
2024-01-02,2.746855732121269
2024-01-03,2.7526280024263534
2024-01-04,2.713194750290272
2024-01-05,2.779072582144796
2024-01-06,2.779072582144796
2024-01-07,2.779072582144796
2024-01-08,2.787308634212264
2024-01-09,2.770711423028063
2024-01-10,2.7631347398963624
2024-01-11,2.7775784164791717
2024-01-12,2.783955566158892
2024-01-13,2.783955566158892
2024-01-14,2.783955566158892
2024-01-15,2.7797260637248007
2024-01-16,2.7387696468735414
2024-01-17,2.735626676236111
2024-01-18,2.7441562419778855
2024-01-19,2.757176619356566
2024-01-20,2.757176619356566
2024-01-21,2.757176619356566
2024-01-22,2.741371971112791
2024-01-23,2.725268020480218
2024-01-24,2.740357247252843
2024-01-25,2.7413649467311987
2024-01-26,2.7525792713998265
2024-01-27,2.7525792713998265
2024-01-28,2.7525792713998265
2024-01-29,2.737623050163186
2024-01-30,2.7525970173251277
2024-01-31,2.7509135008978887
2024-02-01,2.764784222657396
2024-02-02,2.7612231218808883
2024-02-03,2.7612231218808883
2024-02-04,2.7612231218808883
2024-02-05,2.775644355436306
2024-02-06,2.782614206575076
2024-02-07,2.779611221297867
2024-02-08,2.767965527436487
2024-02-09,2.7800394182322004
2024-02-10,2.7798492477589116
2024-02-11,2.7798492477589116
2024-02-12,2.7775277080657856
2024-02-13,2.76501767113387
2024-02-14,2.7858860446791827
2024-02-15,2.790428543884597
2024-02-16,2.7873902617486515
2024-02-17,2.7865820060434427
2024-02-18,2.7865820060434427
2024-02-19,2.781485387344077
2024-02-20,2.77678736604891
2024-02-21,2.8217673572416326
2024-02-22,2.812049417365213
2024-02-23,2.8116835836839207
2024-02-24,2.812141704894762
2024-02-25,2.812141704894762
2024-02-26,2.8152588055860277
2024-02-27,2.8214979410320864
2024-02-28,2.8129744898026514
2024-02-29,2.8235943898574187
2024-03-01,2.8282239931776503
2024-03-02,2.830297767364115
2024-03-03,2.830297767364115
2024-03-04,2.8343450403074675
2024-03-05,2.838254670670273
2024-03-06,2.8510050406785146
2024-03-07,2.852063198716937
2024-03-08,2.8599284920587627
2024-03-09,2.859105164778828
2024-03-10,2.859105164778828
2024-03-11,2.862473734797559
2024-03-12,2.8651853737830044
2024-03-13,2.8845947785131734
2024-03-14,2.883657022300046
2024-03-15,2.882406609630534
2024-03-16,2.882876043257128
2024-03-17,2.882876043257128
2024-03-18,2.8648838628697293
2024-03-19,2.8689252135750847
2024-03-20,2.888963287901439
2024-03-21,2.881508121665949
2024-03-22,2.877625683135876
2024-03-23,2.8772827159771026
2024-03-24,2.8772827159771026
2024-03-25,2.889703404946713
2024-03-26,2.8989881156234723
2024-03-27,2.9153289072828517
2024-03-28,2.90725590119008
2024-03-29,2.9166665150287074
2024-03-30,2.917821682859674
2024-03-31,2.917821682859674
2024-04-01,2.9033953890429895
2024-04-02,2.9181146787115813
2024-04-03,2.9145856319135897
2024-04-04,2.9023100196677554
2024-04-05,2.9275993739354327
2024-04-06,2.9285056819017417
2024-04-07,2.9285056819017417
2024-04-08,2.947370626211343
2024-04-09,2.9327481641278497
2024-04-10,2.9334312283678163
2024-04-11,2.936117073277572
2024-04-12,2.9032243151128596
2024-04-13,2.9032243151128596
2024-04-14,2.9032243151128596
2024-04-15,2.8945349640351377
2024-04-16,2.842243255445074
2024-04-17,2.858731282593002
2024-04-18,2.840888418023949
2024-04-19,2.839351807465657
2024-04-20,2.839351807465657
2024-04-21,2.839351807465657
2024-04-22,2.8287172875718203
2024-04-23,2.860818670336755
2024-04-24,2.84240127810005
2024-04-25,2.820516554049992
2024-04-26,2.8284982933223772
2024-04-27,2.8284982933223772
2024-04-28,2.8284982933223772
2024-04-29,2.8526996058913014
2024-04-30,2.8348914557456695
2024-05-01,2.858320033472287
2024-05-02,2.856111949451456
2024-05-03,2.8540757129333687
2024-05-04,2.8540757129333687
2024-05-05,2.8540757129333687
2024-05-06,2.865062088102365
2024-05-07,2.864081057689947
2024-05-08,2.866607804403607
2024-05-09,2.885557183284104
2024-05-10,2.8879379296865304
2024-05-11,2.8879379296865304
2024-05-12,2.8879379296865304
2024-05-13,2.880344076638025
2024-05-14,2.8706044414365777
2024-05-15,2.894469246702273
2024-05-16,2.892699876902106
2024-05-17,2.906584736771714
2024-05-18,2.906584736771714
2024-05-19,2.906584736771714
2024-05-20,2.9122634209814247
2024-05-21,2.9005054135954116
2024-05-22,2.9013450562781915
2024-05-23,2.8920340729329945
2024-05-24,2.899391006709278
2024-05-25,2.899391006709278
2024-05-26,2.899391006709278
2024-05-27,2.8992041405985427
2024-05-28,2.8781900343707574
2024-05-29,2.8524322458026075
2024-05-30,2.847352319069729
2024-05-31,2.8462927033335306
2024-06-01,2.8462927033335306
2024-06-02,2.8462927033335306
2024-06-03,2.731949380628098
2024-06-04,2.7103327519758738
2024-06-05,2.7638642789688865
2024-06-06,2.6918815689239444
2024-06-07,2.6373830354883503
2024-06-08,2.6373830354883503
2024-06-09,2.6373830354883503
2024-06-10,2.6698825373304675
2024-06-11,2.6197199546814702
2024-06-12,2.591362015786284
2024-06-13,2.644580225532592
2024-06-14,2.6356303446300986
2024-06-15,2.6356303446300986
2024-06-16,2.6356303446300986
2024-06-17,2.6217350393260186
2024-06-18,2.6419755944676324
2024-06-19,2.6364559032120924
2024-06-20,2.6448884033176863
2024-06-21,2.6856757684978145
2024-06-22,2.685674927828227
2024-06-23,2.685674927828227
2024-06-24,2.7052082133768764
2024-06-25,2.6895036409668207
2024-06-26,2.6590856667420217
2024-06-27,2.643907107019353
2024-06-28,2.654895125847723
2024-06-29,2.654895125847723
2024-06-30,2.654895125847723
2024-07-01,2.645570903924036
2024-07-02,2.667831655084636
2024-07-03,2.67681550659364
2024-07-04,2.6879463608774556
2024-07-05,2.6807669240942107
2024-07-06,2.6807660857809483
2024-07-07,2.6807660857809483
2024-07-08,2.69494135493312
2024-07-09,2.7090588841506356
2024-07-10,2.7206204918653105
2024-07-11,2.731350687471096
2024-07-12,2.7515494231472446
2024-07-13,2.75154856056296
2024-07-14,2.75154856056296
2024-07-15,2.727115196976268
2024-07-16,2.746299337188347
2024-07-17,2.7364120987796214
2024-07-18,2.69888552532057
2024-07-19,2.6827101315344586
2024-07-20,2.6827101315344586
2024-07-21,2.6827101315344586
2024-07-22,2.698518257743037
2024-07-23,2.674222762209483
2024-07-24,2.644730799548998
2024-07-25,2.632270430494551
2024-07-26,2.6261385005429907
2024-07-27,2.6261385005429907
2024-07-28,2.6261385005429907
2024-07-29,2.6041941267809534
2024-07-30,2.588279259323984
2024-07-31,2.6086433057496827
2024-08-01,2.5825679127218826
2024-08-02,2.5380350580361766
2024-08-03,2.5380350580361766
2024-08-04,2.5380350580361766
2024-08-05,2.5038000044825917
2024-08-06,2.483985555298254
2024-08-07,2.5259303664858512
2024-08-08,2.5757258434505834
2024-08-09,2.5832192981498596
2024-08-10,2.5832192981498596
2024-08-11,2.5832192981498596
2024-08-12,2.547707118469169
2024-08-13,2.554683430112202
2024-08-14,2.586107206560166
2024-08-15,2.6053791676354137
2024-08-16,2.6035717444945807
2024-08-17,2.6035717444945807
2024-08-18,2.6037550362103303
2024-08-19,2.587206397830122
2024-08-20,2.545595189338046
2024-08-21,2.50922440838101
2024-08-22,2.482614495060889
2024-08-23,2.5320190608570097
2024-08-24,2.5320190608570097
2024-08-25,2.5320190608570097
2024-08-26,2.4842696578545085
2024-08-27,2.444140730868921
2024-08-28,2.4620290710842134
2024-08-29,2.4357852145990178
2024-08-30,2.4575281928238657
2024-08-31,2.4575281928238657
2024-09-01,2.4575281928238657
2024-09-02,2.4443532647591573
2024-09-03,2.45048251168422
2024-09-04,2.4342491032573697
2024-09-05,2.4372854476665142
2024-09-06,2.424241968168834
2024-09-07,2.424241968168834
2024-09-08,2.424241968168834
2024-09-09,2.4405184183763717
2024-09-10,2.416699536206896
2024-09-11,2.4555973275100365
2024-09-12,2.4864756811977546
2024-09-13,2.5263604799652963
2024-09-14,2.5263604799652963
2024-09-15,2.5263604799652963
2024-09-16,2.521487259535578
2024-09-17,2.5382452344737763
2024-09-18,2.510825248940279
2024-09-19,2.5060945631586
2024-09-20,2.4930409973078187
2024-09-21,2.4930409973078187
2024-09-22,2.4930409973078187
2024-09-23,2.4886476645841906
2024-09-24,2.5028174153964455
2024-09-25,2.464065222273538
2024-09-26,2.4620350873970605
2024-09-27,2.449299646906515
2024-09-28,2.449299646906515
2024-09-29,2.449299646906515
2024-09-30,2.454236253434568
2024-10-01,2.4673854096337657
2024-10-02,2.495945657603111
2024-10-03,2.5071428557200526
2024-10-04,2.5194321359888754
2024-10-05,2.5194321359888754
2024-10-06,2.5194321359888754
2024-10-07,2.519728028175768
2024-10-08,2.515615219727385
2024-10-09,2.463310547785676
2024-10-10,2.4995214163004187
2024-10-11,2.5258146965048622
2024-10-12,2.5272511439923884
2024-10-13,2.5272511439923884
2024-10-14,2.5118155296942573
2024-10-15,2.4754749550041435
2024-10-16,2.450338551283092
2024-10-17,2.459769547630637
2024-10-18,2.458973367340561
2024-10-19,2.4590574588342577
2024-10-20,2.4590574588342577
2024-10-21,2.4431879339529923
2024-10-22,2.5594956020100392
2024-10-23,2.575807595062274
2024-10-24,2.5725896344814205
2024-10-25,2.5605671783268455
2024-10-26,2.5589318876177947
2024-10-27,2.5589318876177947
2024-10-28,2.5535795170908004
2024-10-29,2.5471935757922624
2024-10-30,2.5393612912033587
2024-10-31,2.55844948004744
2024-11-01,2.526548681306577
2024-11-02,2.5252745327845183
2024-11-03,2.5252745327845183
2024-11-04,2.5387636466841914
2024-11-05,2.5450073425228323
2024-11-06,2.542265050079311
2024-11-07,2.5805441807119323
2024-11-08,2.543395443497272
2024-11-09,2.5427535400451458
2024-11-10,2.5427535400451458
2024-11-11,2.516801590449427
2024-11-12,2.4888681793424574
2024-11-13,2.516935363205215
2024-11-14,2.5290191179959085
2024-11-15,2.5372541728109272
2024-11-16,2.5398504697815856
2024-11-17,2.5398504697815856
2024-11-18,2.548371440533295
2024-11-19,2.563061679768392
2024-11-20,2.539460097665273
2024-11-21,2.5266738508405817
2024-11-22,2.526272127098433
2024-11-23,2.4296790750458848
2024-11-24,2.4296790750458848
2024-11-25,2.4403173992415454
2024-11-26,2.449027344564051
2024-11-27,2.4573455673740487
2024-11-28,2.477439352693302
2024-11-29,2.4853628303011095
2024-11-30,2.484149441090883
2024-12-01,2.484149441090883
2024-12-02,2.481096466129159
2024-12-03,2.494569839507099
2024-12-04,2.501091340833157
2024-12-05,2.506236962933676
2024-12-06,2.509514804744269
2024-12-07,2.508238558730167
2024-12-08,2.508238558730167
2024-12-09,2.502729224618925
2024-12-10,2.5099178879464383
2024-12-11,2.5198820907012562
2024-12-12,2.5078200134860347
2024-12-13,2.5164022235999033
2024-12-14,2.516326134094682
2024-12-15,2.516326134094682
2024-12-16,2.5148575673323994
2024-12-17,2.505067287089727
2024-12-18,2.4954336355942424
2024-12-19,2.5076475453219373
2024-12-20,2.5393043291600628
2024-12-21,2.532463709778774
2024-12-22,2.532463709778774
2024-12-23,2.5148643217595428
2024-12-24,2.525963104663541
2024-12-25,2.521194692177294
2024-12-26,2.519203849842763
2024-12-27,2.5069168073160566
2024-12-28,2.5055932142810344
2024-12-29,2.5055932142810344
2024-12-30,2.4697341081979673
2024-12-31,2.4618123739126956
2025-01-01,2.446536991391148
2025-01-02,2.4777526827643084
2025-01-03,2.4756224698850926
2025-01-04,2.4786853210533106
2025-01-05,2.4786853210533106
2025-01-06,2.513459127988178
2025-01-07,2.5196086490110283
2025-01-08,2.6131609052647717
2025-01-09,2.6040492063860916
2025-01-10,2.578967722416912
2025-01-11,2.5770848019709005
2025-01-12,2.5770848019709005
2025-01-13,2.5839905979010545
2025-01-14,2.605437194459273
2025-01-15,2.611181702351247
2025-01-16,2.56726574854862
2025-01-17,2.573630643240853
2025-01-18,2.572972709093376
2025-01-19,2.572972709093376
2025-01-20,2.596119067394473
2025-01-21,2.579748858882608
2025-01-22,2.602168238849009
2025-01-23,2.6199434062488796
2025-01-24,2.621859329643158
2025-01-25,2.623389485786569
2025-01-26,2.623389485786569
2025-01-27,2.5612779083662005
2025-01-28,2.5918838483388353
2025-01-29,2.595354793244255
2025-01-30,2.606636768896804
2025-01-31,2.5761943694449245
2025-02-01,2.5796967238758035
2025-02-02,2.5796967238758035
2025-02-03,2.622034591494277
2025-02-04,2.5946774827263908
2025-02-05,2.5913284097937543
2025-02-06,2.6003427847947633
2025-02-07,2.5938735317448947
2025-02-08,2.5911488352100416
2025-02-09,2.5912063434207675
2025-02-10,2.599203888829428
2025-02-11,2.605441256708778
2025-02-12,2.6091297271767555
2025-02-13,2.606286488764015
2025-02-14,2.6242072037067343
2025-02-15,2.6232445405039755
2025-02-16,2.6232445405039755
2025-02-17,2.6273118212191817
2025-02-18,2.6313965414399085
2025-02-19,2.6122275442306404
2025-02-20,2.615797170426363
2025-02-21,2.602236063742646
2025-02-22,2.602448652709735
2025-02-23,2.602448652709735
2025-02-24,2.5997388189715376
2025-02-25,2.5269773906649515
2025-02-26,2.53029772182657
2025-02-27,2.5365963046602675
2025-02-28,2.5230140278379287
2025-03-01,2.526209999885439
2025-03-02,2.526209999885439
2025-03-03,2.5041945496006703
2025-03-04,2.4931112361639256
2025-03-05,2.5305604372575745
2025-03-06,2.537640248671912
2025-03-07,2.536031703913007
2025-03-08,2.5374832820437665
2025-03-09,2.5374832820437665
2025-03-10,2.526459681267705
2025-03-11,2.534810571825001
2025-03-12,2.543619336417041
2025-03-13,2.5576593645032277
2025-03-14,2.4491198152063403
2025-03-15,2.4482389297889067
2025-03-16,2.4482389297889067
2025-03-17,2.442473966544143
2025-03-18,2.4421966735004568
2025-03-19,2.43175346485992
2025-03-20,2.4225382970423563
2025-03-21,2.414824950907412
2025-03-22,2.415335086230052
2025-03-23,2.415335086230052
2025-03-24,2.4379812511757497
2025-03-25,2.434127887375989
2025-03-26,2.431534785923455
2025-03-27,2.409833829001839
2025-03-28,2.3977246287763476
2025-03-29,2.40220785605848
2025-03-30,2.40220785605848
2025-03-31,2.389864577224935
2025-04-01,2.4072180601081956
2025-04-02,2.392144401400039
2025-04-03,2.388672279267819
2025-04-04,2.3312565597485366
2025-04-05,2.3368663324189907
2025-04-06,2.3368663324189907
2025-04-07,2.318757556400727
2025-04-08,2.421308069995338
2025-04-09,2.4858251298355727
2025-04-10,2.4550302233179244
2025-04-11,2.4561122793508523
2025-04-12,2.457720268684286
2025-04-13,2.457720268684286
2025-04-14,2.552040840772967
2025-04-15,2.5525888192914703
2025-04-16,2.5679803348141066
2025-04-17,2.59754236180515
2025-04-18,2.591333490306051
2025-04-19,2.6006704738542084
2025-04-20,2.6006704738542084
2025-04-21,2.5828477554666263
2025-04-22,2.599634265615164
2025-04-23,2.6057915215915144
2025-04-24,2.607678646977148
2025-04-25,2.6186006316666153
2025-04-26,2.6181030800707714
2025-04-27,2.6181030800707714
2025-04-28,2.604290608386818
2025-04-29,2.6078581770398666
2025-04-30,2.602876848757985
2025-05-01,2.605664687277625
2025-05-02,2.6052878552184096
2025-05-03,2.605004214843747
2025-05-04,2.605004214843747
2025-05-05,2.587034918812811
2025-05-06,2.5869339965598237
2025-05-07,2.5994771859668213
2025-05-08,2.6096756639199064
2025-05-09,2.622699052352045
2025-05-10,2.6228889193239113
2025-05-11,2.6228889193239113
2025-05-12,2.6028909172473997
2025-05-13,2.629524336865555
2025-05-14,2.6336804415386643
2025-05-15,2.6162169711047616
2025-05-16,2.622425470938289
2025-05-17,2.622709450065769
2025-05-18,2.622709450065769
2025-05-19,2.6383269349786755
2025-05-20,2.6420784708171907
2025-05-21,2.623652338989573
2025-05-22,2.6327044438832785
2025-05-23,2.6361301330037996
2025-05-24,2.641534332777587
2025-05-25,2.641534332777587
2025-05-26,2.6332394095577385
2025-05-27,2.6331438400425924
2025-05-28,2.6185010462041216
2025-05-29,2.6245873618568343
2025-05-30,2.6120235407003496
2025-05-31,2.6125167246763006
2025-06-01,2.6125167246763006
2025-06-02,2.635197403886111
2025-06-03,2.6326156363898154
2025-06-04,2.63413629793788
2025-06-05,2.638013070167381
2025-06-06,2.647912853859708
2025-06-07,2.6553090217100643
2025-06-08,2.6553090217100643
2025-06-09,2.6544775024612166
2025-06-10,2.652255836892119
2025-06-11,2.6709062097954215
2025-06-12,2.6708960247046076
2025-06-13,2.660807543499029
2025-06-14,2.661450831868248
2025-06-15,2.661450831868248
2025-06-16,2.665301853842267
2025-06-17,2.6572686705104296
2025-06-18,2.659197254848731
2025-06-19,2.6546634834554594
2025-06-20,2.6379183785127047
2025-06-21,2.638445274553325
2025-06-22,2.638445274553325
2025-06-23,2.6420393374188555
2025-06-24,2.654549641641832
2025-06-25,2.6597034221160305
2025-06-26,2.6631980717732495
2025-06-27,2.672829181644799
2025-06-28,2.6727653855106457
2025-06-29,2.6727653855106457
2025-06-30,2.679055505872632
2025-07-01,2.6775740285066094
2025-07-02,2.6707381045058756
2025-07-03,2.693554344035696
2025-07-04,2.6992975325936808
2025-07-05,2.699653185607881
2025-07-06,2.699653185607881
2025-07-07,2.6974931229069954
2025-07-08,2.7061270423303974
2025-07-09,2.7030925209810035
2025-07-10,2.705230147041845
2025-07-11,2.7046874598663746
2025-07-12,2.704656896257011
2025-07-13,2.704656896257011
2025-07-14,2.6907104596024722
2025-07-15,2.6822379560541814
2025-07-16,2.696910285250735
2025-07-17,2.690648526377215
2025-07-18,2.694061651816545
2025-07-19,2.6938308745047452
2025-07-20,2.6938308745047452
2025-07-21,2.6997318392745986
2025-07-22,2.700061595324959
2025-07-23,2.7148845667407215
2025-07-24,2.715189231529081
2025-07-25,2.721280624642543
2025-07-26,2.720473557015291
2025-07-27,2.720473557015291
2025-07-28,2.6919475247167477
2025-07-29,2.6991486408048107
2025-07-30,2.689337957634205
2025-07-31,2.6925015618951416
2025-08-01,2.688721836980299
2025-08-02,2.688797504150461
2025-08-03,2.688797504150461
2025-08-04,2.6780227642157435
2025-08-05,2.70051451987539
2025-08-06,2.7164109392744953
2025-08-07,2.7139552108696345
2025-08-08,2.7193229919368065
2025-08-09,2.719405401035678
2025-08-10,2.719405401035678
2025-08-11,2.706542748301538
2025-08-12,2.7158896592316966
2025-08-13,2.70709672990747
2025-08-14,2.6896272389718576
2025-08-15,2.6956866010382776
2025-08-16,2.69555235563443
2025-08-17,2.69555235563443
2025-08-18,2.6900483375462088
2025-08-19,2.683804105427971
2025-08-20,2.693881824941955
2025-08-21,2.6982217590584052
2025-08-22,2.717983912521506
2025-08-23,2.7182928278522476
2025-08-24,2.7182928278522476
2025-08-25,2.704810110059229
2025-08-26,2.709735243079137
2025-08-27,2.7123117895066278
2025-08-28,2.7108032345244375
2025-08-29,2.71127501966109
2025-08-30,2.7114615325103144
2025-08-31,2.7114615325103144
2025-09-01,2.711000896584173
2025-09-02,2.7044562082794306
2025-09-03,2.7074587214258425
2025-09-04,2.703165654390981
2025-09-05,2.7030935822128517
2025-09-06,2.7035041696541393
2025-09-07,2.7035041696541393
2025-09-08,2.707962753829031
2025-09-09,2.714731463793635
2025-09-10,2.719719597314761
2025-09-11,2.738472631059924
2025-09-12,2.743755785687449
2025-09-13,2.7441178129471653
2025-09-14,2.7441178129471653
2025-09-15,2.745126038226073
2025-09-16,2.749738138972223
2025-09-17,2.7509044726962486
2025-09-18,2.7459315085841727
2025-09-19,2.7483427294621303
2025-09-20,2.7521514441889146
2025-09-21,2.7521514441889146
2025-09-22,2.746959075821959
2025-09-23,2.7459788408513965
2025-09-24,2.7428335392422216
2025-09-25,2.7384166945612867
2025-09-26,2.7564474342202026
2025-09-27,2.7564756122710135
2025-09-28,2.7564756122710135
2025-09-29,2.7507338067474594
2025-09-30,2.759508491845855
2025-10-01,2.7531332815354457
2025-10-02,2.7418906752031855
2025-10-03,2.747456005486038
2025-10-04,2.7469614909759867
2025-10-05,2.7469614909759867
2025-10-06,2.7524871859478153
2025-10-07,2.7486158047257123
2025-10-08,2.759156441097893
2025-10-09,2.75244593075528
2025-10-10,2.729773447652552
2025-10-11,2.724352963834752
2025-10-12,2.724352963834752
2025-10-13,2.740365386689222
2025-10-14,2.73367769092013
2025-10-15,2.735539417375628
2025-10-16,2.738534211219615
2025-10-17,2.7450783409367774
2025-10-18,2.7498427190131474
2025-10-19,2.7498427190131474
2025-10-20,2.7439710994544457
2025-10-21,2.739933296432997
2025-10-22,2.7400068110434663
2025-10-23,2.746023976867172
2025-10-24,2.7389833978960723
2025-10-25,2.739195517643046
2025-10-26,2.739195517643046
2025-10-27,2.7421908456090827
2025-10-28,2.738647216909792
2025-10-29,2.734724378806536
2025-10-30,2.727312894071044
2025-10-31,2.7254793543849893
2025-11-01,2.7290051865064537
2025-11-02,2.7290051865064537
2025-11-03,2.7393571921750866
2025-11-04,2.719876107833237
2025-11-05,2.7288738991364325
2025-11-06,2.7281083246941473
2025-11-07,2.744377233159973
2025-11-08,2.745494690197
2025-11-09,2.745494690197
2025-11-10,2.7519237385463864
2025-11-11,2.7606958987482626
2025-11-12,2.7600578314428774
2025-11-13,2.757335734449581
2025-11-14,2.758124429935809
2025-11-15,2.759958863257472
2025-11-16,2.759958863257472
2025-11-17,2.743097554492953
2025-11-18,2.7576768782724317
2025-11-19,2.758946213166877
2025-11-20,2.7584642036818865
2025-11-21,2.7460776166541256
2025-11-22,2.750855339157047
2025-11-23,2.750855339157047
2025-11-24,2.744965693231791
2025-11-25,2.762708324984387
2025-11-26,2.7641468161905016
2025-11-27,2.7623261602311167
2025-11-28,2.7696049869352035
2025-11-29,2.769567677773005
2025-11-30,2.769567677773005
2025-12-01,2.6755095346128344
2025-12-02,2.6793446195491564
2025-12-03,2.674820826047985
2025-12-04,2.3048696967489564
2025-12-05,2.3115068242087413
2025-12-06,2.31153266117011
2025-12-07,2.31153266117011
2025-12-08,2.3036775403907788
2025-12-09,2.314041051262918
2025-12-10,2.312028810625594
2025-12-11,2.329121276240362
2025-12-12,2.333954504982788
2025-12-13,2.3325550610884407
2025-12-14,2.3325550610884407
2025-12-15,2.335328910386352
2025-12-16,2.3373354849894246
2025-12-17,2.3336298143704974
2025-12-18,2.335095909944578
2025-12-19,2.3333717185439022
2025-12-20,2.328608978800173
2025-12-21,2.328608978800173
2025-12-22,2.33446429261919
2025-12-23,2.340757790410031
2025-12-24,2.3400963969217976
2025-12-25,2.3362815758528668
2025-12-26,2.340952823197675
2025-12-27,2.339918002528297
2025-12-28,2.339918002528297
2025-12-29,2.33168906550286
2025-12-30,2.3300232872036566
2025-12-31,2.3316303932290166
2026-01-01,2.3288475699875693
2026-01-02,2.3414716430259404
2026-01-03,2.342086224987729
2026-01-04,2.3420943492692428
2026-01-05,2.340859982586991
2026-01-06,2.332824048211717
2026-01-07,2.3345055706134565
2026-01-08,2.262143628328376
2026-01-09,2.310142239986345
2026-01-10,2.311303904014664
2026-01-11,2.3123971751375185
2026-01-12,2.3190431534858176
2026-01-13,2.328883205624007
2026-01-14,2.334949721862343
2026-01-15,2.3573692731207436
2026-01-16,2.35874146893411
2026-01-17,2.3596361436812674
2026-01-18,2.3604301070841847
2026-01-19,2.3643796447025496
2026-01-20,2.357205578246742
2026-01-21,2.374184761348863
2026-01-22,2.3702944295078217
2026-01-23,2.3815989738890964
2026-01-24,2.3837635011902765
2026-01-25,2.379027384693148
2026-01-26,2.376683720571279
2026-01-27,2.3892214463037704
2026-01-28,2.3928883044886873
2026-01-29,2.3909622959779724
2026-01-30,2.372601486672042
2026-01-31,2.3662377945001203
2026-02-01,2.369030496249354
2026-02-02,2.3807617871579807
2026-02-03,2.3981533648987257
2026-02-04,2.387408649149566
2026-02-05,2.377971067397866
2026-02-06,2.396040947353388
2026-02-07,2.3956729063796147
2026-02-08,2.395952698842587
2026-02-09,2.39774228973071
