date,absolute_value
2003-12-01,0.046892416034401814
2003-12-02,0.04655636023300966
2003-12-03,0.047058827914925556
2003-12-04,0.046851012649812535
2003-12-05,0.04681954279752537
2003-12-06,0.04681954279752537
2003-12-07,0.04681954279752537
2003-12-08,0.047280038642831757
2003-12-09,0.047472564609167295
2003-12-10,0.04734324042731268
2003-12-11,0.04706810274303323
2003-12-12,0.047335271552924656
2003-12-13,0.047335271552924656
2003-12-14,0.047335271552924656
2003-12-15,0.04717862876089423
2003-12-16,0.04768820018676996
2003-12-17,0.04760613372310128
2003-12-18,0.04791661333584841
2003-12-19,0.04799665547015306
2003-12-20,0.04799665547015306
2003-12-21,0.04850465323753954
2003-12-22,0.04862064280521427
2003-12-23,0.04846624967229418
2003-12-24,0.04840165197213177
2003-12-25,0.048402152871839244
2003-12-26,0.04841296439589283
2003-12-27,0.04841296439589283
2003-12-28,0.04841296439589283
2003-12-29,0.04869799100250069
2003-12-30,0.048697495493620395
2003-12-31,0.04904703638412877
2004-01-01,0.049067703012187276
2004-01-02,0.04900608208957515
2004-01-03,0.04900608208957515
2004-01-04,0.04900608208957515
2004-01-05,0.04871067933296799
2004-01-06,0.04890670234525035
2004-01-07,0.0487155759865381
2004-01-08,0.04843399301059969
2004-01-09,0.048922699918838186
2004-01-10,0.048922699918838186
2004-01-11,0.048922699918838186
2004-01-12,0.04946342265584723
2004-01-13,0.04902288707764142
2004-01-14,0.04896789859070535
2004-01-15,0.048853122807686875
2004-01-16,0.04839528400386872
2004-01-17,0.04839528400386872
2004-01-18,0.04839528400386872
2004-01-19,0.04798136976653547
2004-01-20,0.04843391927614052
2004-01-21,0.052478804855528534
2004-01-22,0.05292695158248859
2004-01-23,0.053081013335359126
2004-01-24,0.053081013335359126
2004-01-25,0.053081013335359126
2004-01-26,0.05253039649204137
2004-01-27,0.05222730248814007
2004-01-28,0.052667343314004744
2004-01-29,0.05234497926477838
2004-01-30,0.05186397996723559
2004-01-31,0.05186397996723559
2004-02-01,0.05186397996723559
2004-02-02,0.052206254705677135
2004-02-03,0.05233207995313449
2004-02-04,0.05240863883634931
2004-02-05,0.05259564079071602
2004-02-06,0.052271438527210265
2004-02-07,0.052271438527210265
2004-02-08,0.052271438527210265
2004-02-09,0.05284682648962861
2004-02-10,0.05313710940673802
2004-02-11,0.05260307964014023
2004-02-12,0.05319687535612067
2004-02-13,0.05315737707252942
2004-02-14,0.05315737707252942
2004-02-15,0.05315737707252942
2004-02-16,0.052835296314526936
2004-02-17,0.053223420847919936
2004-02-18,0.05336650153390438
2004-02-19,0.052721285139707794
2004-02-20,0.05260505495837668
2004-02-21,0.05260505495837668
2004-02-22,0.05260505495837668
2004-02-23,0.05242155342537429
2004-02-24,0.052428251712109825
2004-02-25,0.05268842799623763
2004-02-26,0.05190605897353642
2004-02-27,0.05178260117651979
2004-02-28,0.05178260117651979
2004-02-29,0.05178260117651979
2004-03-01,0.052090075191191985
2004-03-02,0.05187642807771848
2004-03-03,0.05092075173391623
2004-03-04,0.05125460378219262
2004-03-05,0.05105537921145764
2004-03-06,0.05105537921145764
2004-03-07,0.05105537921145764
2004-03-08,0.05172034638027001
2004-03-09,0.05175946017189654
2004-03-10,0.051589023364484614
2004-03-11,0.05129252066521027
2004-03-12,0.05133264831658184
2004-03-13,0.05133264831658184
2004-03-14,0.05133264831658184
2004-03-15,0.05149495262575476
2004-03-16,0.0517867192125641
2004-03-17,0.05136532599298371
2004-03-18,0.051242232270176186
2004-03-19,0.051625751441927374
2004-03-20,0.051625751441927374
2004-03-21,0.05220913840712708
2004-03-22,0.048158484907429765
2004-03-23,0.04796631302564717
2004-03-24,0.047849289900805905
2004-03-25,0.04729989876398237
2004-03-26,0.047476350028661095
2004-03-27,0.047476350028661095
2004-03-28,0.047476350028661095
2004-03-29,0.04721523715298593
2004-03-30,0.047502945729773455
2004-03-31,0.04753016274593477
2004-04-01,0.04797059478870206
2004-04-02,0.04803780449950898
2004-04-03,0.04803780449950898
2004-04-04,0.04803841889114453
2004-04-05,0.047291865864217124
2004-04-06,0.0471770010671343
2004-04-07,0.04708056056676004
2004-04-08,0.04736219594533078
2004-04-09,0.0473708337149059
2004-04-10,0.0473708337149059
2004-04-11,0.0473708337149059
2004-04-12,0.04737384661537242
2004-04-13,0.046869167293988205
2004-04-14,0.04671259466261273
2004-04-15,0.04671156920189218
2004-04-16,0.046803642519854034
2004-04-17,0.046803642519854034
2004-04-18,0.046803987639210294
2004-04-19,0.04723431319412226
2004-04-20,0.04682477758256942
2004-04-21,0.04656712441886469
2004-04-22,0.04671665050852824
2004-04-23,0.04673467025328178
2004-04-24,0.0467346762043417
2004-04-25,0.0467346762043417
2004-04-26,0.04656327856226063
2004-04-27,0.046672250990117674
2004-04-28,0.04688935508321501
2004-04-29,0.04657306853803568
2004-04-30,0.0472273412776108
2004-05-01,0.04722735863656041
2004-05-02,0.04722735296398289
2004-05-03,0.04717532094708142
2004-05-04,0.04741350042497068
2004-05-05,0.04769785172337951
2004-05-06,0.04770787114710612
2004-05-07,0.04763618056392452
2004-05-08,0.04763498221011799
2004-05-09,0.04763524266644622
2004-05-10,0.04697276236888458
2004-05-11,0.04688568583505463
2004-05-12,0.04702355058618053
2004-05-13,0.047015720292243546
2004-05-14,0.046806053566747066
2004-05-15,0.04680604794477332
2004-05-16,0.04680757548021103
2004-05-17,0.04757261114790497
2004-05-18,0.04748614484917833
2004-05-19,0.04746411046108386
2004-05-20,0.04752323233090191
2004-05-21,0.04759783376178191
2004-05-22,0.04759784553983231
2004-05-23,0.047596633736959916
2004-05-24,0.04733601748598786
2004-05-25,0.047707061239086954
2004-05-26,0.047813232716669506
2004-05-27,0.04785023980147397
2004-05-28,0.04818916866763193
2004-05-29,0.04818915095515815
2004-05-30,0.0481891591946111
2004-05-31,0.048233987755120604
2004-06-01,0.04816604033809933
2004-06-02,0.048343913417734835
2004-06-03,0.04811116091293136
2004-06-04,0.04647677167145666
2004-06-05,0.04647677715463749
2004-06-06,0.046475980069558324
2004-06-07,0.046818089558101274
2004-06-08,0.04597360977699938
2004-06-09,0.04582236279332703
2004-06-10,0.04533634197184681
2004-06-11,0.04524676134574909
2004-06-12,0.04524329757125572
2004-06-13,0.045243324025452225
2004-06-14,0.045319050282866064
2004-06-15,0.04532843146453773
2004-06-16,0.04542239418758277
2004-06-17,0.045428965003887434
2004-06-18,0.04525625810082699
2004-06-19,0.04525625810082699
2004-06-20,0.045256263393462816
2004-06-21,0.04542510904680572
2004-06-22,0.045432683880618496
2004-06-23,0.04537531302750442
2004-06-24,0.04541334168875901
2004-06-25,0.04549352571213138
2004-06-26,0.045493536673226274
2004-06-27,0.045493536673226274
2004-06-28,0.04557378042396955
2004-06-29,0.04560405976309363
2004-06-30,0.045535767668199376
2004-07-01,0.04554797341830365
2004-07-02,0.045395685616954444
2004-07-03,0.04539570717520871
2004-07-04,0.045394744553505326
2004-07-05,0.05120274088070804
2004-07-06,0.051221737653995764
2004-07-07,0.05144603846551027
2004-07-08,0.05138751117526536
2004-07-09,0.051465528757821434
2004-07-10,0.05146504542036962
2004-07-11,0.051463257176788506
2004-07-12,0.05152298115065114
2004-07-13,0.051363989491983966
2004-07-14,0.05137756513834057
2004-07-15,0.05127485698947767
2004-07-16,0.05128072977450198
2004-07-17,0.051280749331204786
2004-07-18,0.05128188612809973
2004-07-19,0.05151945824483246
2004-07-20,0.05152151670181299
2004-07-21,0.05121582623316924
2004-07-22,0.05099138664875142
2004-07-23,0.05074257752104351
2004-07-24,0.05074259687251367
2004-07-25,0.05074125743829967
2004-07-26,0.05078896947194078
2004-07-27,0.05089294403764526
2004-07-28,0.05032336419896882
2004-07-29,0.050332394974702384
2004-07-30,0.05039659636208238
2004-07-31,0.05039659636208238
2004-08-01,0.050396830011821575
2004-08-02,0.05044054042296291
2004-08-03,0.05025284113101444
2004-08-04,0.05023093468508717
2004-08-05,0.05034620377251892
2004-08-06,0.05011876521134675
2004-08-07,0.050118771832613575
2004-08-08,0.050118967330337556
2004-08-09,0.050932112043145905
2004-08-10,0.05098414886991376
2004-08-11,0.05090846438319098
2004-08-12,0.0457823960593579
2004-08-13,0.04548485392576983
2004-08-14,0.04548486488537748
2004-08-15,0.04548484887390135
2004-08-16,0.0460661592529267
2004-08-17,0.046029871016527966
2004-08-18,0.04599119999218083
2004-08-19,0.046095364778334674
2004-08-20,0.04589631370091959
2004-08-21,0.04589631906840881
2004-08-22,0.045895833426243225
2004-08-23,0.046933405667973264
2004-08-24,0.04736139736667434
2004-08-25,0.04697133813213298
2004-08-26,0.049538028817652756
2004-08-27,0.04968038014880431
2004-08-28,0.04968037458274641
2004-08-29,0.04968004319895663
2004-08-30,0.04952149359730995
2004-08-31,0.04973923655616346
2004-09-01,0.049957861534264986
2004-09-02,0.04987793339127239
2004-09-03,0.0499185800088957
2004-09-04,0.0499185800088957
2004-09-05,0.04991874922414343
2004-09-06,0.04955050210741811
2004-09-07,0.04967263470484482
2004-09-08,0.049436490528623235
2004-09-09,0.04993660217959343
2004-09-10,0.050020884631434774
2004-09-11,0.05002086748107465
2004-09-12,0.05585352452292455
2004-09-13,0.0558894337781491
2004-09-14,0.05576473016307492
2004-09-15,0.05589640090012389
2004-09-16,0.055476697052148694
2004-09-17,0.055633612668563946
2004-09-18,0.05563363293550575
2004-09-19,0.05563432439074172
2004-09-20,0.04900590929774952
2004-09-21,0.04938998900511055
2004-09-22,0.050806392117009
2004-09-23,0.05103452073330962
2004-09-24,0.050873465391492886
2004-09-25,0.050873465391492886
2004-09-26,0.05087330194142888
2004-09-27,0.05075134357471848
2004-09-28,0.050893029559918604
2004-09-29,0.05095106371055324
2004-09-30,0.050951251469763405
2004-10-01,0.05115672254643393
2004-10-02,0.05115686601873729
2004-10-03,0.05115652670677489
2004-10-04,0.05090961014578698
2004-10-05,0.05076489667777232
2004-10-06,0.05083581379122573
2004-10-07,0.05087052893729507
2004-10-08,0.05086822322208211
2004-10-09,0.05086820606821047
2004-10-10,0.050868670792632964
2004-10-11,0.051179134537321175
2004-10-12,0.05088665412559027
2004-10-13,0.05082232412582001
2004-10-14,0.051105212147248724
2004-10-15,0.05117902125096417
2004-10-16,0.0511790385096496
2004-10-17,0.05117831950493708
2004-10-18,0.051456466512202474
2004-10-19,0.05153727893912454
2004-10-20,0.05184458404092908
2004-10-21,0.051886802338697316
2004-10-22,0.051795757489144556
2004-10-23,0.051795774955807006
2004-10-24,0.0517954370638644
2004-10-25,0.05243827008784084
2004-10-26,0.05248552302315704
2004-10-27,0.05253037726917055
2004-10-28,0.05042485141136248
2004-10-29,0.05222742443771193
2004-10-30,0.05222744204994206
2004-10-31,0.0522278746353141
2004-11-01,0.052322436547697505
2004-11-02,0.05212559944354118
2004-11-03,0.05210981871459739
2004-11-04,0.05257719170189749
2004-11-05,0.05251718645669487
2004-11-06,0.05251702112839994
2004-11-07,0.052518413372857814
2004-11-08,0.05276847849848683
2004-11-09,0.05264241930714533
2004-11-10,0.052888041819288724
2004-11-11,0.05248971749617973
2004-11-12,0.05258620970106433
2004-11-13,0.052586221640701133
2004-11-14,0.052586221640701133
2004-11-15,0.05260352662339597
2004-11-16,0.05281570140653688
2004-11-17,0.052885235128519816
2004-11-18,0.052966130307165585
2004-11-19,0.05286529140532588
2004-11-20,0.05286529140532588
2004-11-21,0.05286633752667324
2004-11-22,0.05293778178342234
2004-11-23,0.052946838732244206
2004-11-24,0.053309553588551065
2004-11-25,0.053336936438243464
2004-11-26,0.05358044205887087
2004-11-27,0.05358044205887087
2004-11-28,0.05358027638646041
2004-11-29,0.053563104370197276
2004-11-30,0.053661257802603946
2004-12-01,0.05362330959049345
2004-12-02,0.05376319385673693
2004-12-03,0.053431202738315545
2004-12-04,0.05343105290838407
2004-12-05,0.053431406455625864
2004-12-06,0.054069800879971805
2004-12-07,0.05411340740113597
2004-12-08,0.05368146784440201
2004-12-09,0.05366809492409462
2004-12-10,0.05334509591546281
2004-12-11,0.05334531194546754
2004-12-12,0.05334460846221806
2004-12-13,0.05352426013069461
2004-12-14,0.05373415662311146
2004-12-15,0.05402222083729517
2004-12-16,0.05401366400710575
2004-12-17,0.05350522516668002
2004-12-18,0.05350525535609388
2004-12-19,0.05350569905885805
2004-12-20,0.0537603325893578
2004-12-21,0.053876734008112895
2004-12-22,0.053743687770112694
2004-12-23,0.054018955479200305
2004-12-24,0.05224810511505671
2004-12-25,0.052248111222247116
2004-12-26,0.05224793745891625
2004-12-27,0.05420405093252069
2004-12-28,0.05459275191872092
2004-12-29,0.05457955567754441
2004-12-30,0.05443556641602587
2004-12-31,0.054419057086299474
2005-01-01,0.054419057086299474
2005-01-02,0.05441792496100063
2005-01-03,0.05448503813538147
2005-01-04,0.0540890334462333
2005-01-05,0.05366027727855686
2005-01-06,0.053576054325840866
2005-01-07,0.05321954326225715
2005-01-08,0.053219561211043084
2005-01-09,0.053219006571666644
2005-01-10,0.0530998052729768
2005-01-11,0.053367012133677304
2005-01-12,0.05308145607241214
2005-01-13,0.053496622222789045
2005-01-14,0.053064603409715826
2005-01-15,0.05306461545929587
2005-01-16,0.05306337761910422
2005-01-17,0.05310778934507022
2005-01-18,0.05302827317213325
2005-01-19,0.053177749601522176
2005-01-20,0.05258519386969118
2005-01-21,0.05250631225229539
2005-01-22,0.05250647277313933
2005-01-23,0.05250577488233553
2005-01-24,0.05297526765694874
2005-01-25,0.05295176146493829
2005-01-26,0.05272924968831993
2005-01-27,0.05283620629431293
2005-01-28,0.05273826299377732
2005-01-29,0.05273824520731332
2005-01-30,0.052738177990998426
2005-01-31,0.05279732142328806
2005-02-01,0.05276416167533914
2005-02-02,0.052919037146523316
2005-02-03,0.052751442920756904
2005-02-04,0.05252700549502946
2005-02-05,0.05252701707030436
2005-02-06,0.05252694035689735
2005-02-07,0.052304261990365856
2005-02-08,0.051924509609107244
2005-02-09,0.051975421121089625
2005-02-10,0.051943728949528645
2005-02-11,0.05219100506482822
2005-02-12,0.05219102841727074
2005-02-13,0.05219110633180297
2005-02-14,0.052424746334683345
2005-02-15,0.05250075900892747
2005-02-16,0.05271111740382232
2005-02-17,0.0528170810101621
2005-02-18,0.052748050361332226
2005-02-19,0.05274806815424008
2005-02-20,0.05274807529157902
2005-02-21,0.052750247059574686
2005-02-22,0.05317834868124419
2005-02-23,0.05321239178463601
2005-02-24,0.053393340582747376
2005-02-25,0.0529175801047895
2005-02-26,0.0529175801047895
2005-02-27,0.05291785137265769
2005-02-28,0.053342069874249276
2005-03-01,0.05318477922184063
2005-03-02,0.05289769690292281
2005-03-03,0.05309332947511778
2005-03-04,0.05259436994782005
2005-03-05,0.05259439383966378
2005-03-06,0.052594068086618116
2005-03-07,0.053070922813761426
2005-03-08,0.05318152476831724
2005-03-09,0.05358385592805638
2005-03-10,0.053815070499326205
2005-03-11,0.05372791461767277
2005-03-12,0.05372789649408672
2005-03-13,0.05372789649408672
2005-03-14,0.05385111189778313
2005-03-15,0.05383504780016442
2005-03-16,0.053882726801379045
2005-03-17,0.05194686995827798
2005-03-18,0.05177243552003973
2005-03-19,0.051772617577043635
2005-03-20,0.051772623281483285
2005-03-21,0.051304751193468084
2005-03-22,0.05338603190200122
2005-03-23,0.050897615899086354
2005-03-24,0.050716233436575005
2005-03-25,0.050773139731216096
2005-03-26,0.050773151263633694
2005-03-27,0.050773151263633694
2005-03-28,0.05072630297177019
2005-03-29,0.05077860337006108
2005-03-30,0.05076744188807922
2005-03-31,0.050825299107188804
2005-04-01,0.050650599438606
2005-04-02,0.050650599438606
2005-04-03,0.050650599438606
2005-04-04,0.050510205595516146
2005-04-05,0.050572498385488475
2005-04-06,0.05055042824767713
2005-04-07,0.05049433287403961
2005-04-08,0.05076297927271881
2005-04-09,0.05076294469950917
2005-04-10,0.05076321577186336
2005-04-11,0.05087215966034729
2005-04-12,0.050694244595401075
2005-04-13,0.050664277030186035
2005-04-14,0.05058898271348044
2005-04-15,0.05095053380765565
2005-04-16,0.05095055099437705
2005-04-17,0.05095055099437705
2005-04-18,0.05133801826766871
2005-04-19,0.051406489087704205
2005-04-20,0.05144441687547401
2005-04-21,0.05130206888771987
2005-04-22,0.051310463292208106
2005-04-23,0.05131085883728629
2005-04-24,0.05131085883728629
2005-04-25,0.05106147969807313
2005-04-26,0.05102775317388258
2005-04-27,0.05089048211942976
2005-04-28,0.050773180961028994
2005-04-29,0.05065479915799114
2005-04-30,0.050654816244954576
2005-05-01,0.05065481066352918
2005-05-02,0.0506204687409471
2005-05-03,0.05069695552893641
2005-05-04,0.050872221523542156
2005-05-05,0.05095388705185875
2005-05-06,0.050461299634121035
2005-05-07,0.05046144785796676
2005-05-08,0.050461442297995894
2005-05-09,0.05049810334454957
2005-05-10,0.0507519269214681
2005-05-11,0.05057298982939823
2005-05-12,0.050329655883702716
2005-05-13,0.05003364596549359
2005-05-14,0.050033079804928285
2005-05-15,0.050033079804928285
2005-05-16,0.050189193324900155
2005-05-17,0.05009611412334777
2005-05-18,0.05013457771304623
2005-05-19,0.050119866682212674
2005-05-20,0.04994161057856005
2005-05-21,0.04994161057856005
2005-05-22,0.04994161057856005
2005-05-23,0.05000206317000756
2005-05-24,0.04999586894063443
2005-05-25,0.0500342759209714
2005-05-26,0.049755621974523344
2005-05-27,0.04998411043329792
2005-05-28,0.04998423470334856
2005-05-29,0.04998423470334856
2005-05-30,0.04966556430582673
2005-05-31,0.04917100251490425
2005-06-01,0.048770216470523924
2005-06-02,0.049082544474101784
2005-06-03,0.048936444936435154
2005-06-04,0.0489363064418975
2005-06-05,0.0489363064418975
2005-06-06,0.04900930471175527
2005-06-07,0.04902593975966477
2005-06-08,0.048867667326408355
2005-06-09,0.048900961075976364
2005-06-10,0.048558639217193854
2005-06-11,0.04855896945325914
2005-06-12,0.048559055924743924
2005-06-13,0.048639069838562
2005-06-14,0.04837412547566706
2005-06-15,0.048592802960750976
2005-06-16,0.04842473731263918
2005-06-17,0.04902264357510186
2005-06-18,0.04902303768771842
2005-06-19,0.04902324027666128
2005-06-20,0.04851407298371212
2005-06-21,0.04867678267028411
2005-06-22,0.04851961481998933
2005-06-23,0.048238612940484135
2005-06-24,0.04846546084075711
2005-06-25,0.04846580678641815
2005-06-26,0.048466027568974904
2005-06-27,0.0486539077676112
2005-06-28,0.05006344856135534
2005-06-29,0.04836753366676125
2005-06-30,0.04848143369226321
2005-07-01,0.048051586907432706
2005-07-02,0.048051663279977855
2005-07-03,0.0480516526909279
2005-07-04,0.049219577461598704
2005-07-05,0.048026831720589185
2005-07-06,0.048100049256118535
2005-07-07,0.048159280843032545
2005-07-08,0.048227205044937965
2005-07-09,0.0482274284134274
2005-07-10,0.04822738590570985
2005-07-11,0.04853351286696161
2005-07-12,0.048993822176788535
2005-07-13,0.04854430763835572
2005-07-14,0.04850670815064435
2005-07-15,0.04837485538580982
2005-07-16,0.04837489835176662
2005-07-17,0.04837517068306395
2005-07-18,0.048460746631515006
2005-07-19,0.048361931695781644
2005-07-20,0.04872824836507459
2005-07-21,0.04874989262201231
2005-07-22,0.04837047798509312
2005-07-23,0.048370488644402014
2005-07-24,0.048370488644402014
2005-07-25,0.04841317549698421
2005-07-26,0.048259022349822045
2005-07-27,0.04849426500542976
2005-07-28,0.04863486346930596
2005-07-29,0.04856318937893766
2005-07-30,0.048563239417120825
2005-07-31,0.048563239417120825
2005-08-01,0.048771772814414534
2005-08-02,0.05053509996748729
2005-08-03,0.049186584397928716
2005-08-04,0.049308786809342045
2005-08-05,0.04920646726332389
2005-08-06,0.049206696158570866
2005-08-07,0.049206696158570866
2005-08-08,0.04922701162028179
2005-08-09,0.049263390963044634
2005-08-10,0.049236772846280606
2005-08-11,0.04954357944831845
2005-08-12,0.04942947096464788
2005-08-13,0.0494293477483887
2005-08-14,0.0494293477483887
2005-08-15,0.049221294558585454
2005-08-16,0.04920489247714639
2005-08-17,0.048925234516848375
2005-08-18,0.04866565998546882
2005-08-19,0.048675993772256274
2005-08-20,0.048676252794051134
2005-08-21,0.048676252794051134
2005-08-22,0.048843530548202625
2005-08-23,0.04887851311199429
2005-08-24,0.049083711634715775
2005-08-25,0.04920223519363076
2005-08-26,0.049728108519516895
2005-08-27,0.04972782712618786
2005-08-28,0.04972799280140247
2005-08-29,0.049891445846578265
2005-08-30,0.050556147979471694
2005-08-31,0.049240421383654066
2005-09-01,0.051323685125214256
2005-09-02,0.04975025899222977
2005-09-03,0.049750506855460314
2005-09-04,0.04975077390181767
2005-09-05,0.04970570407038932
2005-09-06,0.04948613940262753
2005-09-07,0.04930798862943397
2005-09-08,0.04924361776262527
2005-09-09,0.049280578688360124
2005-09-10,0.049280578688360124
2005-09-11,0.049280615586841915
2005-09-12,0.04885426749338463
2005-09-13,0.04884875984546921
2005-09-14,0.0489026946455023
2005-09-15,0.048677779222715156
2005-09-16,0.049501164594095336
2005-09-17,0.04950153462424254
2005-09-18,0.04950152917032826
2005-09-19,0.04840136767198773
2005-09-20,0.04832904236216695
2005-09-21,0.049020896089113974
2005-09-22,0.04852351452970507
2005-09-23,0.04814564356603374
2005-09-24,0.04814618826171298
2005-09-25,0.04814618826171298
2005-09-26,0.04830390440056995
2005-09-27,0.04815375321014369
2005-09-28,0.04823605947084544
2005-09-29,0.048184789800908005
2005-09-30,0.04814242225014739
2005-10-01,0.048142516399815614
2005-10-02,0.048142569426825016
2005-10-03,0.04785498139995551
2005-10-04,0.04782453304625731
2005-10-05,0.048053173868003944
2005-10-06,0.04880415452568663
2005-10-07,0.048522112698935395
2005-10-08,0.0485221237149161
2005-10-09,0.048522645747709
2005-10-10,0.04829769780941227
2005-10-11,0.048130125185687433
2005-10-12,0.04827279997604294
2005-10-13,0.04832587364361935
2005-10-14,0.04863390950179997
2005-10-15,0.04863391420578061
2005-10-16,0.04863391420578061
2005-10-17,0.048294473039620055
2005-10-18,0.04807888589470673
2005-10-19,0.04812959827565792
2005-10-20,0.048195706859379316
2005-10-21,0.04809058969355047
2005-10-22,0.04809072579462698
2005-10-23,0.04809072579462698
2005-10-24,0.04817127620633159
2005-10-25,0.04858518548220715
2005-10-26,0.04847677274330668
2005-10-27,0.04871663871127736
2005-10-28,0.04850751851916015
2005-10-29,0.048507210411674634
2005-10-30,0.04850718903451104
2005-10-31,0.049055834677810765
2005-11-01,0.04831737787274719
2005-11-02,0.04852776614882092
2005-11-03,0.04810245910817841
2005-11-04,0.04762590712077739
2005-11-05,0.047626085150420765
2005-11-06,0.047626074655714404
2005-11-07,0.047657898253889594
2005-11-08,0.04760514507779199
2005-11-09,0.04756101672226442
2005-11-10,0.047330580624259405
2005-11-11,0.04745199771336267
2005-11-12,0.04745218586510327
2005-11-13,0.04745218586510327
2005-11-14,0.04736484005632899
2005-11-15,0.04741501819838636
2005-11-16,0.04727086920555449
2005-11-17,0.047520628313764315
2005-11-18,0.047577542862181195
2005-11-19,0.047577537619966394
2005-11-20,0.047577537619966394
2005-11-21,0.04744927131347873
2005-11-22,0.04769886862875279
2005-11-23,0.04769875928510013
2005-11-24,0.048253169835962416
2005-11-25,0.04825368827755459
2005-11-26,0.04825369359426962
2005-11-27,0.04825368827755459
2005-11-28,0.047714884838942075
2005-11-29,0.04750711193656752
2005-11-30,0.047537563506311685
2005-12-01,0.04736450016948067
2005-12-02,0.04720801989869831
2005-12-03,0.04720794228522809
2005-12-04,0.047207931882384695
2005-12-05,0.047460681844966955
2005-12-06,0.04735725259103074
2005-12-07,0.047186966679943126
2005-12-08,0.0475865874545203
2005-12-09,0.04747509201055507
2005-12-10,0.04747520207391441
2005-12-11,0.04747502629197085
2005-12-12,0.04796502155582588
2005-12-13,0.04789510344960142
2005-12-14,0.048063399845398785
2005-12-15,0.04801936968255318
2005-12-16,0.04814746655901699
2005-12-17,0.0481475453919357
2005-12-18,0.04814771324384426
2005-12-19,0.04821105501786105
2005-12-20,0.04771531363172675
2005-12-21,0.04755715489012599
2005-12-22,0.04776294498961427
2005-12-23,0.04771482321326264
2005-12-24,0.04771483404477429
2005-12-25,0.04771486290362474
2005-12-26,0.04772566672068083
2005-12-27,0.04769154763917623
2005-12-28,0.04764108257768068
2005-12-29,0.04761463416392322
2005-12-30,0.047638945843187536
2005-12-31,0.04763894059420711
2006-01-01,0.047638945843187536
2006-01-02,0.04765518852651858
2006-01-03,0.04820219395205207
2006-01-04,0.04843822178772547
2006-01-05,0.04838451599224769
2006-01-06,0.04854552862585444
2006-01-07,0.04854553964624296
2006-01-08,0.048545277708192065
2006-01-09,0.048253568282770595
2006-01-10,0.048222828205731136
2006-01-11,0.04839045846542791
2006-01-12,0.04806644636816711
2006-01-13,0.04844894251649128
2006-01-14,0.04844894785471992
2006-01-15,0.04844886063969618
2006-01-16,0.04845537395285144
2006-01-17,0.048355747209114175
2006-01-18,0.04840764511761699
2006-01-19,0.04831077911194869
2006-01-20,0.04842485376726529
2006-01-21,0.04842485376726529
2006-01-22,0.04842489914086175
2006-01-23,0.04895971938677358
2006-01-24,0.04890478914179046
2006-01-25,0.04871686204716156
2006-01-26,0.04864993168975501
2006-01-27,0.048349190613039376
2006-01-28,0.04834899894469193
2006-01-29,0.04834893764988116
2006-01-30,0.04830874881317753
2006-01-31,0.048480271082584375
2006-02-01,0.04814004748507676
2006-02-02,0.048274589574373784
2006-02-03,0.048059397861301666
2006-02-04,0.048059403156891486
2006-02-05,0.048055108593915145
2006-02-06,0.04782248867701925
2006-02-07,0.047929479706722
2006-02-08,0.04795618954750559
2006-02-09,0.04799127477346575
2006-02-10,0.047745846820808624
2006-02-11,0.047745857665618334
2006-02-12,0.04774592666249656
2006-02-13,0.0477112330827461
2006-02-14,0.047764435401906
2006-02-15,0.047676523406387866
2006-02-16,0.04767522645121253
2006-02-17,0.04773482221842067
2006-02-18,0.047734821898325015
2006-02-19,0.047734821898325015
2006-02-20,0.04770998239143495
2006-02-21,0.04775692710743517
2006-02-22,0.04780454520815072
2006-02-23,0.047776655191259294
2006-02-24,0.04757744670104453
2006-02-25,0.04757735753934771
2006-02-26,0.047577165316303384
2006-02-27,0.047519384593100455
2006-02-28,0.04772824616203745
2006-03-01,0.047686756845100604
2006-03-02,0.04812502071800467
2006-03-03,0.04817336799585884
2006-03-04,0.048173190682491415
2006-03-05,0.048173097353166563
2006-03-06,0.04814698334572645
2006-03-07,0.04774412993927901
2006-03-08,0.04796627255037278
2006-03-09,0.04788754658437488
2006-03-10,0.04776689369497858
2006-03-11,0.04776688285045771
2006-03-12,0.04776686179843463
2006-03-13,0.04808056762284732
2006-03-14,0.04817413341803544
2006-03-15,0.048289650541916834
2006-03-16,0.04868143554061073
2006-03-17,0.04862469051227742
2006-03-18,0.04862469051227742
2006-03-19,0.04862442837534335
2006-03-20,0.04863288754394021
2006-03-21,0.0484232898271866
2006-03-22,0.04844938447545489
2006-03-23,0.04841150545398813
2006-03-24,0.04971155180883764
2006-03-25,0.049711774448166726
2006-03-26,0.049711774448166726
2006-03-27,0.05011226665512927
2006-03-28,0.050024530409956657
2006-03-29,0.05008889897586596
2006-03-30,0.05036768848858813
2006-03-31,0.05019963166833637
2006-04-01,0.050199711441805114
2006-04-02,0.050199711441805114
2006-04-03,0.050039342833673235
2006-04-04,0.05041842151714958
2006-04-05,0.050718766385661244
2006-04-06,0.050677351957082256
2006-04-07,0.050635575026942825
2006-04-08,0.050635603595049476
2006-04-09,0.050635598016335805
2006-04-10,0.050128837921784665
2006-04-11,0.0501512322216037
2006-04-12,0.05037719072200999
2006-04-13,0.05008197607873678
2006-04-14,0.05006904655733895
2006-04-15,0.05006914797877295
2006-04-16,0.05006902376593823
2006-04-17,0.050114772625373546
2006-04-18,0.050610672370949565
2006-04-19,0.0508921599473875
2006-04-20,0.05079884646387777
2006-04-21,0.05076385976056121
2006-04-22,0.05076388280756475
2006-04-23,0.050763877215165364
2006-04-24,0.050960337025497224
2006-04-25,0.05110718211100329
2006-04-26,0.051161864017932684
2006-04-27,0.051135224190972536
2006-04-28,0.05145545954852268
2006-04-29,0.051455506271801434
2006-04-30,0.05145559322125761
2006-05-01,0.05164926845460912
2006-05-02,0.05168401926866762
2006-05-03,0.0517190928908955
2006-05-04,0.051774698165375145
2006-05-05,0.05183538084268276
2006-05-06,0.05183535799879215
2006-05-07,0.05183545098593734
2006-05-08,0.05179982074724861
2006-05-09,0.05180173059660451
2006-05-10,0.052140933253040735
2006-05-11,0.05212517866251563
2006-05-12,0.051319212393322516
2006-05-13,0.05131919460111239
2006-05-14,0.05131928015713149
2006-05-15,0.05115273220129632
2006-05-16,0.051311322549657486
2006-05-17,0.051024665785467244
2006-05-18,0.05128965178815733
2006-05-19,0.05111213973398299
2006-05-20,0.05111209895337754
2006-05-21,0.05111190591266525
2006-05-22,0.05141429670352116
2006-05-23,0.05131623268386526
2006-05-24,0.05130985399825806
2006-05-25,0.05138954437085446
2006-05-26,0.051101702793754984
2006-05-27,0.051101714148781965
2006-05-28,0.051101702793754984
2006-05-29,0.051093483408474145
2006-05-30,0.05160074560268686
2006-05-31,0.05146294760952389
2006-06-01,0.05137920135206239
2006-06-02,0.05163239197813594
2006-06-03,0.05163240987836419
2006-06-04,0.05163245467407523
2006-06-05,0.051615693046056024
2006-06-06,0.0515296238701229
2006-06-07,0.051378156817343895
2006-06-08,0.050993671400701865
2006-06-09,0.05091661762622345
2006-06-10,0.05091661762622345
2006-06-11,0.05091660065650939
2006-06-12,0.05076056950178869
2006-06-13,0.05069657669494837
2006-06-14,0.050904397625740734
2006-06-15,0.049464642390657204
2006-06-16,0.04948459532933673
2006-06-17,0.04948459532933673
2006-06-18,0.04948459532933673
2006-06-19,0.04930042815734724
2006-06-20,0.049343902165169554
2006-06-21,0.04963945578529584
2006-06-22,0.04944007943352605
2006-06-23,0.04935271359915066
2006-06-24,0.04935269695645096
2006-06-25,0.04935268064390503
2006-06-26,0.04954781585400314
2006-06-27,0.04952935463214447
2006-06-28,0.049412616109680355
2006-06-29,0.04973456188764973
2006-06-30,0.050100623244240444
2006-07-01,0.050100623244240444
2006-07-02,0.050100639805770245
2006-07-03,0.0500784190570719
2006-07-04,0.051182434625827805
2006-07-05,0.051117891910712206
2006-07-06,0.05121368509994359
2006-07-07,0.051303174125319956
2006-07-08,0.05130305176616672
2006-07-09,0.051303009588684445
2006-07-10,0.05107318187616507
2006-07-11,0.051131218680732
2006-07-12,0.05098112034461872
2006-07-13,0.050981182045359084
2006-07-14,0.050821284333129144
2006-07-15,0.05082129022216776
2006-07-16,0.05082129022216776
2006-07-17,0.050432848120014584
2006-07-18,0.050377514954194194
2006-07-19,0.05056756658077173
2006-07-20,0.05067074110896172
2006-07-21,0.05087914681097446
2006-07-22,0.05087915270512656
2006-07-23,0.05087915270512656
2006-07-24,0.05066459466589088
2006-07-25,0.05054264619365911
2006-07-26,0.05059957683655925
2006-07-27,0.05085584715896649
2006-07-28,0.05096782300943735
2006-07-29,0.050967885620612996
2006-07-30,0.050967874481577836
2006-07-31,0.05103261222606685
2006-08-01,0.05125572185197759
2006-08-02,0.05111630803558828
2006-08-03,0.05114867740631027
2006-08-04,0.050121383639763026
2006-08-05,0.05012142881901377
2006-08-06,0.05012141777414815
2006-08-07,0.05001283328776752
2006-08-08,0.0499906624412115
2006-08-09,0.050054359438986784
2006-08-10,0.04982055686245828
2006-08-11,0.04964199560775786
2006-08-12,0.04964199560775786
2006-08-13,0.04964240607032552
2006-08-14,0.049711542545083635
2006-08-15,0.049656030982727174
2006-08-16,0.04993869363497771
2006-08-17,0.05009173334455073
2006-08-18,0.05007005008915238
2006-08-19,0.050070134834896904
2006-08-20,0.050070134834896904
2006-08-21,0.05031827315873911
2006-08-22,0.050135823409935595
2006-08-23,0.05009795642334892
2006-08-24,0.050199256148539144
2006-08-25,0.050071561740883175
2006-08-26,0.05007164130646145
2006-08-27,0.050071686017506195
2006-08-28,0.05012177573469493
2006-08-29,0.049924632450901556
2006-08-30,0.05015351072347328
2006-08-31,0.05025421807961343
2006-09-01,0.049974376449040486
2006-09-02,0.049974376449040486
2006-09-03,0.049974370942883026
2006-09-04,0.05014493131336592
2006-09-05,0.05018212189514034
2006-09-06,0.05013438361447286
2006-09-07,0.04993415975810731
2006-09-08,0.049804300667527994
2006-09-09,0.049804300667527994
2006-09-10,0.04980412139702436
2006-09-11,0.049887907141719215
2006-09-12,0.04978052431084707
2006-09-13,0.04978315557312263
2006-09-14,0.04982841198615433
2006-09-15,0.04959380357641394
2006-09-16,0.049593809369454685
2006-09-17,0.049593803905228134
2006-09-18,0.049737007900205105
2006-09-19,0.04969966242443803
2006-09-20,0.0497093864546971
2006-09-21,0.05001225835888308
2006-09-22,0.05007733437849083
2006-09-23,0.050077339561804865
2006-09-24,0.050077268917212085
2006-09-25,0.04995143131826404
2006-09-26,0.049675135046087344
2006-09-27,0.04977270305878844
2006-09-28,0.04978884989817793
2006-09-29,0.049718760587194044
2006-09-30,0.04971885054831066
2006-10-01,0.04971891686894376
2006-10-02,0.04993825999201559
2006-10-03,0.04995305237446525
2006-10-04,0.04993962812536553
2006-10-05,0.04985619137607305
2006-10-06,0.04957796581328441
2006-10-07,0.049578010502408724
2006-10-08,0.0495779995775832
2006-10-09,0.0507538151470874
2006-10-10,0.05055613777390366
2006-10-11,0.05046964028304085
2006-10-12,0.050543332332690295
2006-10-13,0.050467240271375086
2006-10-14,0.050467240271375086
2006-10-15,0.050467240271375086
2006-10-16,0.05042373835723632
2006-10-17,0.050483523663712955
2006-10-18,0.05048698428104342
2006-10-19,0.050718431915129605
2006-10-20,0.050643301594667796
2006-10-21,0.050643301594667796
2006-10-22,0.050643301594667796
2006-10-23,0.05045552158419501
2006-10-24,0.05052560205788456
2006-10-25,0.05065754498981473
2006-10-26,0.05086793883775449
2006-10-27,0.05104434765760038
2006-10-28,0.05104440512096834
2006-10-29,0.05104425964037337
2006-10-30,0.05100561639932311
2006-10-31,0.05112561946815764
2006-11-01,0.051070571210660914
2006-11-02,0.05119133296111954
2006-11-03,0.05094285880557213
2006-11-04,0.05094285880557213
2006-11-05,0.05094297543566917
2006-11-06,0.05098078395715167
2006-11-07,0.05114653619852704
2006-11-08,0.051121052182696344
2006-11-09,0.051362043665697424
2006-11-10,0.05129284051436517
2006-11-11,0.05129282302334069
2006-11-12,0.05129308004829784
2006-11-13,0.051289985215517454
2006-11-14,0.05121059650395948
2006-11-15,0.05132439365800466
2006-11-16,0.05114856836515854
2006-11-17,0.05134603377326564
2006-11-18,0.051346004704468096
2006-11-19,0.05134607265263958
2006-11-20,0.05124046154036487
2006-11-21,0.051379266490722816
2006-11-22,0.051575669010441666
2006-11-23,0.051636024730453235
2006-11-24,0.05211917166630207
2006-11-25,0.05211917166630207
2006-11-26,0.05211917166630207
2006-11-27,0.05223574782577944
2006-11-28,0.052367336157255855
2006-11-29,0.052248746658007494
2006-11-30,0.05246871183523993
2006-12-01,0.05276848519931735
2006-12-02,0.05276858277052306
2006-12-03,0.05276858277052306
2006-12-04,0.05276586148260941
2006-12-05,0.05261019384005267
2006-12-06,0.05257379182061008
2006-12-07,0.0525161644445486
2006-12-08,0.05224576401883662
2006-12-09,0.05224576401883662
2006-12-10,0.052246070972513055
2006-12-11,0.05245116731189542
2006-12-12,0.05249544845164176
2006-12-13,0.05228630769285513
2006-12-14,0.05205732249853915
2006-12-15,0.0518427118584968
2006-12-16,0.0518427118584968
2006-12-17,0.05184300359970085
2006-12-18,0.05187432389167119
2006-12-19,0.0522290699477291
2006-12-20,0.05208583552967655
2006-12-21,0.05202762624968261
2006-12-22,0.051964559946636055
2006-12-23,0.05196458266096578
2006-12-24,0.051964865875946786
2006-12-25,0.05195231316547978
2006-12-26,0.051908937426538945
2006-12-27,0.05195269553723905
2006-12-28,0.051935156416209105
2006-12-29,0.05211724695038799
2006-12-30,0.05211724695038799
2006-12-31,0.05211724125504598
2007-01-01,0.052053735096049096
2007-01-02,0.05229540322255982
2007-01-03,0.05201984799702985
2007-01-04,0.05180844813011434
2007-01-05,0.05162374679188715
2007-01-06,0.05162383573463436
2007-01-07,0.051623858298826264
2007-01-08,0.05167762838319638
2007-01-09,0.05164183023967208
2007-01-10,0.05156050885818352
2007-01-11,0.05134599167347865
2007-01-12,0.05142470547936094
2007-01-13,0.05142470547936094
2007-01-14,0.051424792196403675
2007-01-15,0.05136781450823219
2007-01-16,0.05142230140160851
2007-01-17,0.051378061500286336
2007-01-18,0.051452643304540496
2007-01-19,0.051435607161819545
2007-01-20,0.051435607161819545
2007-01-21,0.051435607161819545
2007-01-22,0.051413471593448
2007-01-23,0.05167492814847609
2007-01-24,0.05158621903245338
2007-01-25,0.0515315810826473
2007-01-26,0.051526204695813975
2007-01-27,0.05152601817057203
2007-01-28,0.05152601817057203
2007-01-29,0.05166014236737497
2007-01-30,0.051653640941408445
2007-01-31,0.05172599784682058
2007-02-01,0.05176401556456726
2007-02-02,0.051634475844688894
2007-02-03,0.05163431781822587
2007-02-04,0.051634245339633456
2007-02-05,0.05183816481123147
2007-02-06,0.051918693409331904
2007-02-07,0.052023912563949566
2007-02-08,0.05212227919221806
2007-02-09,0.05200814253221087
2007-02-10,0.05200814253221087
2007-02-11,0.05200815380558577
2007-02-12,0.05186408879607407
2007-02-13,0.05215403393850246
2007-02-14,0.05233358666898884
2007-02-15,0.052367454340093114
2007-02-16,0.05234676329327421
2007-02-17,0.05234677498400415
2007-02-18,0.05234670025866276
2007-02-19,0.05236835366575844
2007-02-20,0.05237781691981015
2007-02-21,0.052412349214494905
2007-02-22,0.052297807623745765
2007-02-23,0.05241922075113598
2007-02-24,0.05241922075113598
2007-02-25,0.0524195273833083
2007-02-26,0.052444123619163646
2007-02-27,0.0527474635914399
2007-02-28,0.05271958321436529
2007-03-01,0.05252562636591348
2007-03-02,0.052564595536684466
2007-03-03,0.052564595536684466
2007-03-04,0.05256453028952427
2007-03-05,0.052338924403963955
2007-03-06,0.05244329317778192
2007-03-07,0.05261955893170027
2007-03-08,0.05249080021347194
2007-03-09,0.05238067525613161
2007-03-10,0.05238069831533764
2007-03-11,0.05238066828570003
2007-03-12,0.05259845992816732
2007-03-13,0.05265767790818394
2007-03-14,0.052721580335044954
2007-03-15,0.051991623775823094
2007-03-16,0.05214412279856327
2007-03-17,0.052144128405533244
2007-03-18,0.05214446206920005
2007-03-19,0.0521234635526965
2007-03-20,0.05210151451650382
2007-03-21,0.05223733573519409
2007-03-22,0.052027687786211425
2007-03-23,0.05187668320235883
2007-03-24,0.05187668320235883
2007-03-25,0.05187668320235883
2007-03-26,0.05204256355757101
2007-03-27,0.052155884482599765
2007-03-28,0.052041171560646
2007-03-29,0.052026587123408345
2007-03-30,0.05213159972927326
2007-03-31,0.05213200509610653
2007-04-01,0.05213200509610653
2007-04-02,0.05217759712201548
2007-04-03,0.05200747095900473
2007-04-04,0.052079760513696685
2007-04-05,0.05215438235400998
2007-04-06,0.05206820386071626
2007-04-07,0.05206818706788266
2007-04-08,0.05206818706788266
2007-04-09,0.05203781198230696
2007-04-10,0.05215412524979606
2007-04-11,0.052150949965898724
2007-04-12,0.052337789045954736
2007-04-13,0.052462100798653016
2007-04-14,0.052462100798653016
2007-04-15,0.05246186686169533
2007-04-16,0.05241634964524534
2007-04-17,0.05235197818362964
2007-04-18,0.05238821195550888
2007-04-19,0.052499573522003296
2007-04-20,0.05235955444644946
2007-04-21,0.05235955444644946
2007-04-22,0.0523596472701146
2007-04-23,0.052339252448380225
2007-04-24,0.05250530966900145
2007-04-25,0.05242804304137332
2007-04-26,0.052347710338300754
2007-04-27,0.05252069491298225
2007-04-28,0.05252069491298225
2007-04-29,0.05252102284030208
2007-04-30,0.0524714789250755
2007-05-01,0.05240558191345067
2007-05-02,0.05228232957486847
2007-05-03,0.0521694132871414
2007-05-04,0.05223419072569822
2007-05-05,0.05223416230660978
2007-05-06,0.05223416230660978
2007-05-07,0.05228522742855261
2007-05-08,0.05214007513024378
2007-05-09,0.05199709826895483
2007-05-10,0.05184344143081741
2007-05-11,0.05198375451753456
2007-05-12,0.05198375451753456
2007-05-13,0.05198375451753456
2007-05-14,0.05200860023048165
2007-05-15,0.05217822085893684
2007-05-16,0.05197149906530491
2007-05-17,0.051941685505702835
2007-05-18,0.05193948822887075
2007-05-19,0.05193948822887075
2007-05-20,0.05193948822887075
2007-05-21,0.05174180165579148
2007-05-22,0.05173042808434027
2007-05-23,0.05174331066093864
2007-05-24,0.050955357633528625
2007-05-25,0.05099570250654388
2007-05-26,0.05099570250654388
2007-05-27,0.05099571347307044
2007-05-28,0.05091225264886365
2007-05-29,0.051023844368391094
2007-05-30,0.050927115234375216
2007-05-31,0.050969228214619536
2007-06-01,0.050865712866237166
2007-06-02,0.050865712866237166
2007-06-03,0.050865617513431084
2007-06-04,0.05106533267680466
2007-06-05,0.051110783139422265
2007-06-06,0.05114437536079776
2007-06-07,0.050959085271992735
2007-06-08,0.050793284278741815
2007-06-09,0.050793273023965545
2007-06-10,0.05079353201119148
2007-06-11,0.05076082483194896
2007-06-12,0.05054816820066416
2007-06-13,0.05055969456043854
2007-06-14,0.05058753645202874
2007-06-15,0.050728325984151335
2007-06-16,0.05072817816065125
2007-06-17,0.05072782992585412
2007-06-18,0.050841436628115064
2007-06-19,0.05079347652434248
2007-06-20,0.0507540620086645
2007-06-21,0.05072388877977588
2007-06-22,0.051005242964804985
2007-06-23,0.05100529946423949
2007-06-24,0.05100529946423949
2007-06-25,0.05095420673848763
2007-06-26,0.05094478109335277
2007-06-27,0.05097446981166598
2007-06-28,0.050918376669261564
2007-06-29,0.0511790810983822
2007-06-30,0.05117926417365584
2007-07-01,0.05117928229916977
2007-07-02,0.05135855101466753
2007-07-03,0.05126405438280002
2007-07-04,0.05127164482897894
2007-07-05,0.05131286779140478
2007-07-06,0.05133405315877634
2007-07-07,0.05133405315877634
2007-07-08,0.05133405315877634
2007-07-09,0.05132196729428828
2007-07-10,0.051783946609562995
2007-07-11,0.0517272881968934
2007-07-12,0.05181973384554758
2007-07-13,0.05176194739595332
2007-07-14,0.05176199292866174
2007-07-15,0.05176179847195479
2007-07-16,0.051708180582646444
2007-07-17,0.051737330762574245
2007-07-18,0.051756740544606626
2007-07-19,0.05175756778407177
2007-07-20,0.051776030710267894
2007-07-21,0.051776036277063626
2007-07-22,0.05177566250280895
2007-07-23,0.05170587871050976
2007-07-24,0.05174453708518107
2007-07-25,0.05140328630706183
2007-07-26,0.05159459797391653
2007-07-27,0.05134670726263699
2007-07-28,0.05134660124679817
2007-07-29,0.0513465573166775
2007-07-30,0.05162068011415762
2007-07-31,0.05151129958601282
2007-08-01,0.05157078737620556
2007-08-02,0.05158421774397692
2007-08-03,0.051860559186845984
2007-08-04,0.05186089650512963
2007-08-05,0.05186095015921806
2007-08-06,0.051936924940125154
2007-08-07,0.05178890927905774
2007-08-08,0.05187559479508994
2007-08-09,0.05163676323426048
2007-08-10,0.05171140494110882
2007-08-11,0.05171139938229944
2007-08-12,0.05171130699622409
2007-08-13,0.05143159655966991
2007-08-14,0.05132492412282398
2007-08-15,0.051081557795704516
2007-08-16,0.05124281544843045
2007-08-17,0.051328968309726344
2007-08-18,0.051329114953654546
2007-08-19,0.0513295770639083
2007-08-20,0.05132134270521468
2007-08-21,0.05133071792112505
2007-08-22,0.05152277308845287
2007-08-23,0.05152159292713839
2007-08-24,0.0518043280453708
2007-08-25,0.0518043280453708
2007-08-26,0.05180422482554879
2007-08-27,0.05174715010930739
2007-08-28,0.05170400289067539
2007-08-29,0.05188046272608239
2007-08-30,0.051744688764231946
2007-08-31,0.05170434245278679
2007-09-01,0.05170434245278679
2007-09-02,0.05170437756236331
2007-09-03,0.05170107682411113
2007-09-04,0.051686276925974724
2007-09-05,0.051738937993120376
2007-09-06,0.05187739375046658
2007-09-07,0.05212250246206943
2007-09-08,0.05212262358302909
2007-09-09,0.05212260677219594
2007-09-10,0.05118454329735439
2007-09-11,0.05230063994174889
2007-09-12,0.052397947033415875
2007-09-13,0.05227967688219138
2007-09-14,0.05231880633529843
2007-09-15,0.0523187947440891
2007-09-16,0.0523186321702821
2007-09-17,0.05231733336599806
2007-09-18,0.052543418894443916
2007-09-19,0.052452943389900406
2007-09-20,0.05266546847077281
2007-09-21,0.052676050474819616
2007-09-22,0.05267603911209528
2007-09-23,0.052675955799873386
2007-09-24,0.05262202055698836
2007-09-25,0.05278584779514745
2007-09-26,0.05271652139517803
2007-09-27,0.05273740047777132
2007-09-28,0.05301875071947829
2007-09-29,0.053018745005662525
2007-09-30,0.05301884635154336
2007-10-01,0.05296119542688313
2007-10-02,0.05268970226552621
2007-10-03,0.0525559593290981
2007-10-04,0.05263524821953683
2007-10-05,0.05257114025638989
2007-10-06,0.0525711453194096
2007-10-07,0.0525711453194096
2007-10-08,0.05234255073280684
2007-10-09,0.05245003843693019
2007-10-10,0.052530356771384665
2007-10-11,0.05268247588400611
2007-10-12,0.05257156094948882
2007-10-13,0.052571549299401554
2007-10-14,0.052571543629234115
2007-10-15,0.052719352542809815
2007-10-16,0.052644719216300685
2007-10-17,0.05272653765516904
2007-10-18,0.05290208987795884
2007-10-19,0.052941363517298126
2007-10-20,0.052941363517298126
2007-10-21,0.0529407844787716
2007-10-22,0.052670364251214935
2007-10-23,0.05283137796901172
2007-10-24,0.052800842518966155
2007-10-25,0.05295802693564981
2007-10-26,0.05310102309870968
2007-10-27,0.053100929761871765
2007-10-28,0.053101162203133205
2007-10-29,0.053156762331954224
2007-10-30,0.052893880217152675
2007-10-31,0.053189995047618774
2007-11-01,0.0531346785168335
2007-11-02,0.05334254529893549
2007-11-03,0.053343650379862724
2007-11-04,0.05334345074590458
2007-11-05,0.053291743619261096
2007-11-06,0.053481283008673976
2007-11-07,0.05368189610957397
2007-11-08,0.05376145840823705
2007-11-09,0.05380911668471
2007-11-10,0.053809093151426825
2007-11-11,0.05380918016659754
2007-11-12,0.053545093783034556
2007-11-13,0.05378643204882982
2007-11-14,0.05385603301211369
2007-11-15,0.05381096801275678
2007-11-16,0.05385834316907084
2007-11-17,0.053858372282389384
2007-11-18,0.053858372282389384
2007-11-19,0.053980535956320935
2007-11-20,0.05448332654042559
2007-11-21,0.0546006078849152
2007-11-22,0.054616991432731334
2007-11-23,0.0545716657093469
2007-11-24,0.05457190403539774
2007-11-25,0.0545722075582739
2007-11-26,0.05366343908855107
2007-11-27,0.054635249435043005
2007-11-28,0.054541883185383104
2007-11-29,0.05429178246954249
2007-11-30,0.05399293086789218
2007-12-01,0.05399354456753154
2007-12-02,0.05399299886463296
2007-12-03,0.05402557316485784
2007-12-04,0.05433431376575588
2007-12-05,0.05390826750011482
2007-12-06,0.053880038204629395
2007-12-07,0.053832602196166805
2007-12-08,0.053832138965123365
2007-12-09,0.05383195395558429
2007-12-10,0.05403471060410596
2007-12-11,0.05389769636305539
2007-12-12,0.0540196795483309
2007-12-13,0.05378363140631206
2007-12-14,0.0532487847252358
2007-12-15,0.05324854393855535
2007-12-16,0.053248316838107386
2007-12-17,0.05326587202896326
2007-12-18,0.05226924560141742
2007-12-19,0.052106296744329726
2007-12-20,0.05195719956335835
2007-12-21,0.05083107956812199
2007-12-22,0.05083080109808269
2007-12-23,0.050830560325318616
2007-12-24,0.0508187932113071
2007-12-25,0.05083923003641668
2007-12-26,0.05015376894698463
2007-12-27,0.05146772962515863
2007-12-28,0.051734764607692045
2007-12-29,0.05173443320034139
2007-12-30,0.05173418803653001
2007-12-31,0.051441258412903756
2008-01-01,0.051452594758077994
2008-01-02,0.05169801791397709
2008-01-03,0.051790110478655095
2008-01-04,0.05181234980527096
2008-01-05,0.051813109302522586
2008-01-06,0.05181240004970448
2008-01-07,0.05165834709818954
2008-01-08,0.05165199972977694
2008-01-09,0.051565651735596296
2008-01-10,0.051852048461503396
2008-01-11,0.05182350134448691
2008-01-12,0.05182299153908341
2008-01-13,0.0518221053291013
2008-01-14,0.052026227431184936
2008-01-15,0.051852838712203954
2008-01-16,0.051604956865864755
2008-01-17,0.05155512457602461
2008-01-18,0.0516291181111321
2008-01-19,0.05162903603332701
2008-01-20,0.05162918069034262
2008-01-21,0.05112460480536735
2008-01-22,0.05173495433796731
2008-01-23,0.0516436574580431
2008-01-24,0.05196970718576176
2008-01-25,0.05170389890957018
2008-01-26,0.05170447268622604
2008-01-27,0.05170574337423956
2008-01-28,0.05199678277178726
2008-01-29,0.05197483983425985
2008-01-30,0.05218024497238242
2008-01-31,0.05221447264325756
2008-02-01,0.05233604051586311
2008-02-02,0.05233595505213777
2008-02-03,0.052335272598775774
2008-02-04,0.05207980987461392
2008-02-05,0.05167249947407083
2008-02-06,0.051664131517415834
2008-02-07,0.051365620367386886
2008-02-08,0.0513627598915313
2008-02-09,0.051363145064636656
2008-02-10,0.0513622304410341
2008-02-11,0.05139063854263375
2008-02-12,0.05153247950696319
2008-02-13,0.05151873689777075
2008-02-14,0.05167407888095653
2008-02-15,0.05174781396998596
2008-02-16,0.05174702587090883
2008-02-17,0.051747060582618236
2008-02-18,0.05164599714000241
2008-02-19,0.05189437187822496
2008-02-20,0.05187038930923978
2008-02-21,0.05211115292379418
2008-02-22,0.05216546731781923
2008-02-23,0.05216643463898651
2008-02-24,0.05216681761460227
2008-02-25,0.052116054162052595
2008-02-26,0.05252098650692401
2008-02-27,0.052750350828670585
2008-02-28,0.052899986746539666
2008-02-29,0.05445527172957722
2008-03-01,0.05445569087521017
2008-03-02,0.054455256673902365
2008-03-03,0.054543414961169795
2008-03-04,0.05457720834929033
2008-03-05,0.05444305339498243
2008-03-06,0.05486725115998847
2008-03-07,0.055267011554753255
2008-03-08,0.055267103940839904
2008-03-09,0.05526683866407894
2008-03-10,0.05508033320530507
2008-03-11,0.0549857146846699
2008-03-12,0.05542727824962953
2008-03-13,0.05555100408781256
2008-03-14,0.055613657008303695
2008-03-15,0.05561502106473105
2008-03-16,0.05561349115387632
2008-03-17,0.056329640672878246
2008-03-18,0.05639918033701572
2008-03-19,0.05592310298175025
2008-03-20,0.055365429107983345
2008-03-21,0.056028948611814774
2008-03-22,0.05602932611358862
2008-03-23,0.05602848599041333
2008-03-24,0.05526964141186162
2008-03-25,0.055753525630984214
2008-03-26,0.056356755163879266
2008-03-27,0.05630842793095472
2008-03-28,0.056178780603666274
2008-03-29,0.05617861772040823
2008-03-30,0.056177936706102105
2008-03-31,0.05619185859091759
2008-04-01,0.0548877504982214
2008-04-02,0.055831794605388424
2008-04-03,0.05577434941441033
2008-04-04,0.055887045391020435
2008-04-05,0.05588707567766788
2008-04-06,0.05588707567766788
2008-04-07,0.05580769458501176
2008-04-08,0.055852889468540584
2008-04-09,0.05618398584946772
2008-04-10,0.05599996798779591
2008-04-11,0.05612455999101625
2008-04-12,0.056124569959621715
2008-04-13,0.05612390569874234
2008-04-14,0.05616874157963137
2008-04-15,0.05607971976223791
2008-04-16,0.056512932961675866
2008-04-17,0.05637230377932865
2008-04-18,0.056218130590834435
2008-04-19,0.056217698806629864
2008-04-20,0.056216937424011654
2008-04-21,0.056369084304564034
2008-04-22,0.05648428691049988
2008-04-23,0.05643025485436631
2008-04-24,0.055690322788156096
2008-04-25,0.05549550661886586
2008-04-26,0.05549535149007147
2008-04-27,0.05549534547567871
2008-04-28,0.05551786767970987
2008-04-29,0.055321699966065785
2008-04-30,0.05543611775680193
2008-05-01,0.05392557227901669
2008-05-02,0.05491956997591456
2008-05-03,0.05491871453987534
2008-05-04,0.05491826866262083
2008-05-05,0.05509587386644421
2008-05-06,0.055184315181700284
2008-05-07,0.054889693131396196
2008-05-08,0.05492075351953938
2008-05-09,0.05509892683610236
2008-05-10,0.055099087160528956
2008-05-11,0.05509867526084298
2008-05-12,0.05532224043654197
2008-05-13,0.0551405121106309
2008-05-14,0.05514196139211603
2008-05-15,0.055047518400633065
2008-05-16,0.05499888942091055
2008-05-17,0.05499913124773955
2008-05-18,0.054999032905971204
2008-05-19,0.05378141786581489
2008-05-20,0.0541658859339274
2008-05-21,0.05450252533803485
2008-05-22,0.05436467553994669
2008-05-23,0.054460007167637714
2008-05-24,0.05446017862087382
2008-05-25,0.05445975029489107
2008-05-26,0.05446137136450578
2008-05-27,0.05426493699201276
2008-05-28,0.0541258267193946
2008-05-29,0.053694602717643036
2008-05-30,0.0536258474096617
2008-05-31,0.0536258474096617
2008-06-01,0.05362613861194801
2008-06-02,0.053718764596189884
2008-06-03,0.05359935862701809
2008-06-04,0.05352898127749649
2008-06-05,0.05395595843152676
2008-06-06,0.05394152496856934
2008-06-07,0.053941405446693534
2008-06-08,0.053941100461760864
2008-06-09,0.0542791636313534
2008-06-10,0.053749316175745375
2008-06-11,0.053875618128367914
2008-06-12,0.05372817462210254
2008-06-13,0.053405790526959165
2008-06-14,0.05340598638996565
2008-06-15,0.0534060007747263
2008-06-16,0.05382794775242788
2008-06-17,0.05385067099879658
2008-06-18,0.05391251681457963
2008-06-19,0.05383569940450027
2008-06-20,0.05422649234727971
2008-06-21,0.05422680988615486
2008-06-22,0.054226798223854504
2008-06-23,0.05389093980376615
2008-06-24,0.05405618960235289
2008-06-25,0.05421844723087935
2008-06-26,0.05454225066876398
2008-06-27,0.054666873876524594
2008-06-28,0.05466695275921353
2008-06-29,0.05466655798971975
2008-06-30,0.0546743286856741
2008-07-01,0.05395246351717087
2008-07-02,0.054910152087811095
2008-07-03,0.05441860665297221
2008-07-04,0.054308716357542364
2008-07-05,0.05430845099942753
2008-07-06,0.05430863871656061
2008-07-07,0.05433413317387863
2008-07-08,0.05432661307117591
2008-07-09,0.05426867029983484
2008-07-10,0.05418870939000859
2008-07-11,0.0544844426799096
2008-07-12,0.054484263034142895
2008-07-13,0.05448354086769254
2008-07-14,0.05475917899389831
2008-07-15,0.05482189121209573
2008-07-16,0.05455267126250518
2008-07-17,0.054631601068565905
2008-07-18,0.05458545842488544
2008-07-19,0.05458529617018503
2008-07-20,0.05458596558869772
2008-07-21,0.05462296065497403
2008-07-22,0.05492398988763295
2008-07-23,0.05435186989650092
2008-07-24,0.05416245228410287
2008-07-25,0.05440827294174766
2008-07-26,0.054408281266405074
2008-07-27,0.05440827576282975
2008-07-28,0.054373066129407274
2008-07-29,0.05399537988646879
2008-07-30,0.05385628871398243
2008-07-31,0.053923043372088565
2008-08-01,0.05280004238461957
2008-08-02,0.05280004238461957
2008-08-03,0.05280085932826841
2008-08-04,0.05336767703972417
2008-08-05,0.05345681875109105
2008-08-06,0.0532084486353697
2008-08-07,0.0531965666214284
2008-08-08,0.05216741567857351
2008-08-09,0.05216723222295584
2008-08-10,0.05216707717161212
2008-08-11,0.05198122985089858
2008-08-12,0.05194557236426538
2008-08-13,0.051863950486479744
2008-08-14,0.05196148836795945
2008-08-15,0.051668590628198126
2008-08-16,0.051668590628198126
2008-08-17,0.051668585117396575
2008-08-18,0.05165007587446257
2008-08-19,0.05128036364982419
2008-08-20,0.05124763595350717
2008-08-21,0.051498821970779485
2008-08-22,0.051616021215632364
2008-08-23,0.05161603773078004
2008-08-24,0.05161672059356872
2008-08-25,0.051443654569441916
2008-08-26,0.05227289967763262
2008-08-27,0.05256337518627721
2008-08-28,0.05253016306245386
2008-08-29,0.05242157059041214
2008-08-30,0.05242156499930025
2008-08-31,0.05242194152793839
2008-09-01,0.052248080893360506
2008-09-02,0.05209158249939744
2008-09-03,0.052078952568511624
2008-09-04,0.0515966850601491
2008-09-05,0.05158892886728856
2008-09-06,0.05158892336498324
2008-09-07,0.05158966256890235
2008-09-08,0.05111627409163304
2008-09-09,0.051178539401523296
2008-09-10,0.0509142287285727
2008-09-11,0.050947657434747384
2008-09-12,0.05138891250574408
2008-09-13,0.0513884674776172
2008-09-14,0.05138932569098263
2008-09-15,0.05176913932185043
2008-09-16,0.051376430783339845
2008-09-17,0.0520886853185311
2008-09-18,0.052270396064086753
2008-09-19,0.052216404345053966
2008-09-20,0.05221665481410745
2008-09-21,0.052216957686328135
2008-09-22,0.05314999689933329
2008-09-23,0.05310134496215218
2008-09-24,0.052942470742105785
2008-09-25,0.05292990741856023
2008-09-26,0.05285225518414163
2008-09-27,0.052852170772540494
2008-09-28,0.05285195072864286
2008-09-29,0.05237107916449214
2008-09-30,0.05180502368816736
2008-10-01,0.05148904978127125
2008-10-02,0.05095928787935723
2008-10-03,0.05092615173342773
2008-10-04,0.05092615173342773
2008-10-05,0.05092679940675288
2008-10-06,0.05044109347958972
2008-10-07,0.050948043789410175
2008-10-08,0.05122112458716769
2008-10-09,0.05120971343334881
2008-10-10,0.05061650314108197
2008-10-11,0.05061763371032173
2008-10-12,0.05061852934488041
2008-10-13,0.05110512405990538
2008-10-14,0.05117145810700268
2008-10-15,0.05094290453257839
2008-10-16,0.05105308725131682
2008-10-17,0.050925023061888376
2008-10-18,0.050925023061888376
2008-10-19,0.05092598452365901
2008-10-20,0.05075328832640961
2008-10-21,0.05014398173014489
2008-10-22,0.04981515527780686
2008-10-23,0.050124736842419255
2008-10-24,0.049189409905957
2008-10-25,0.0491895620552982
2008-10-26,0.04918965622753555
2008-10-27,0.04882788130489677
2008-10-28,0.04981917530691271
2008-10-29,0.049923775829155734
2008-10-30,0.049686084291113805
2008-10-31,0.04908660422410765
2008-11-01,0.04908662842488339
2008-11-02,0.04908639963457999
2008-11-03,0.048880054397030845
2008-11-04,0.04989583845643973
2008-11-05,0.04975323992730136
2008-11-06,0.049240061002376344
2008-11-07,0.049203592254437566
2008-11-08,0.04920343496257511
2008-11-09,0.049203041379509434
2008-11-10,0.04939151770457799
2008-11-11,0.049022127294480786
2008-11-12,0.04899684329305561
2008-11-13,0.049949007149205686
2008-11-14,0.04945707013755712
2008-11-15,0.04945707013755712
2008-11-16,0.04945662814086549
2008-11-17,0.04966908616842008
2008-11-18,0.04980002918665473
2008-11-19,0.049519430618961066
2008-11-20,0.04955955219522117
2008-11-21,0.04994574235651725
2008-11-22,0.049945710402329806
2008-11-23,0.04994591683640467
2008-11-24,0.05085883859277562
2008-11-25,0.051076535116285855
2008-11-26,0.05063282093745333
2008-11-27,0.0507416205969821
2008-11-28,0.05010926024835107
2008-11-29,0.05010926024835107
2008-11-30,0.050109757996615226
2008-12-01,0.049977560264937694
2008-12-02,0.05035046602461159
2008-12-03,0.05031345185536368
2008-12-04,0.05047555458417512
2008-12-05,0.050334868677955065
2008-12-06,0.05033460849982841
2008-12-07,0.050334646071494946
2008-12-08,0.05097990349560821
2008-12-09,0.05091665389023906
2008-12-10,0.05115706762421598
2008-12-11,0.05211807542408656
2008-12-12,0.052369576904133325
2008-12-13,0.05236948029226151
2008-12-14,0.05236984859234108
2008-12-15,0.05331517940475662
2008-12-16,0.05425242519008831
2008-12-17,0.05524412835655492
2008-12-18,0.0552905059684253
2008-12-19,0.05399379906170674
2008-12-20,0.05399379906170674
2008-12-21,0.053994145564307296
2008-12-22,0.05407228946345106
2008-12-23,0.05407075215277077
2008-12-24,0.05424716627798093
2008-12-25,0.05427159751083787
2008-12-26,0.05432387900382157
2008-12-27,0.05432386742337509
2008-12-28,0.0543237690774703
2008-12-29,0.054382614859706024
2008-12-30,0.05469977377943112
2008-12-31,0.05417028098085274
2009-01-01,0.054162306386337906
2009-01-02,0.054007959731722475
2009-01-03,0.05400791367810812
2009-01-04,0.0540078696344718
2009-01-05,0.05161965779904982
2009-01-06,0.051145577070835835
2009-01-07,0.05172880709330284
2009-01-08,0.05194931378113126
2009-01-09,0.05139957263063032
2009-01-10,0.051399442557102076
2009-01-11,0.05139961320074611
2009-01-12,0.05118103596299758
2009-01-13,0.050787558058621916
2009-01-14,0.05078913773838293
2009-01-15,0.05070260286752517
2009-01-16,0.051110836614094095
2009-01-17,0.05111081979523559
2009-01-18,0.051111209468290585
2009-01-19,0.05058655833042636
2009-01-20,0.05005101716062589
2009-01-21,0.050500408641597834
2009-01-22,0.050410454443346485
2009-01-23,0.050264498916828465
2009-01-24,0.05026433225738091
2009-01-25,0.05026502003162549
2009-01-26,0.05098621596550662
2009-01-27,0.0510088886052212
2009-01-28,0.05088386560637037
2009-01-29,0.05031648427916346
2009-01-30,0.050031787192874974
2009-01-31,0.050031771063699076
2009-02-01,0.05003173282258278
2009-02-02,0.04985314373139216
2009-02-03,0.04993732594750464
2009-02-04,0.05017314458076974
2009-02-05,0.050380797161195784
2009-02-06,0.04981124227708038
2009-02-07,0.049813997051123486
2009-02-08,0.04981434786529306
2009-02-09,0.05032841077310637
2009-02-10,0.050515496445594166
2009-02-11,0.05046059158318518
2009-02-12,0.05019992773742524
2009-02-13,0.05023539216562906
2009-02-14,0.0502344826897924
2009-02-15,0.050234555513285914
2009-02-16,0.05001074944057841
2009-02-17,0.0498270147696546
2009-02-18,0.04972862638770181
2009-02-19,0.05003585169738553
2009-02-20,0.05048681473690607
2009-02-21,0.05048683134552848
2009-02-22,0.050487013925182934
2009-02-23,0.05059210800342273
2009-02-24,0.05045084306243576
2009-02-25,0.05041377258142616
2009-02-26,0.05040258810869347
2009-02-27,0.05006888461150295
2009-02-28,0.05006888461150295
2009-03-01,0.050069419286850145
2009-03-02,0.05008750361226597
2009-03-03,0.050141957107599215
2009-03-04,0.04992201019791599
2009-03-05,0.050073890021194264
2009-03-06,0.05046473651734911
2009-03-07,0.05046116878034743
2009-03-08,0.050461163355355894
2009-03-09,0.05018035544833291
2009-03-10,0.05046669903878911
2009-03-11,0.05053886028673805
2009-03-12,0.050596068926329424
2009-03-13,0.05083079806243952
2009-03-14,0.05083079806243952
2009-03-15,0.0508291442344732
2009-03-16,0.05108126792983279
2009-03-17,0.051067617002929756
2009-03-18,0.050946828434992666
2009-03-19,0.0529771235580935
2009-03-20,0.05284213470847706
2009-03-21,0.05284213470847706
2009-03-22,0.05284227860280677
2009-03-23,0.05291295060960231
2009-03-24,0.0526651604216938
2009-03-25,0.05254008822207906
2009-03-26,0.05288944296148535
2009-03-27,0.05205220177053649
2009-03-28,0.05205220177053649
2009-03-29,0.0520523451311375
2009-03-30,0.05171255476827992
2009-03-31,0.05221234124013856
2009-04-01,0.05186242184066347
2009-04-02,0.0518722537873747
2009-04-03,0.05201035848062536
2009-04-04,0.05201136799839192
2009-04-05,0.05201136799839192
2009-04-06,0.05239690770711461
2009-04-07,0.05147727319958602
2009-04-08,0.05149330222763171
2009-04-09,0.05152923427226509
2009-04-10,0.05097958995595575
2009-04-11,0.05097958995595575
2009-04-12,0.050979509580960765
2009-04-13,0.05018843036598962
2009-04-14,0.05147611666715866
2009-04-15,0.05156439519574359
2009-04-16,0.05120040883796535
2009-04-17,0.05090645339351712
2009-04-18,0.050906875279135226
2009-04-19,0.050906875279135226
2009-04-20,0.05078496939177972
2009-04-21,0.05065572717103269
2009-04-22,0.05064272161375022
2009-04-23,0.050956385444607344
2009-04-24,0.0514831444085443
2009-04-25,0.0514831444085443
2009-04-26,0.051483065193178495
2009-04-27,0.05132040982305598
2009-04-28,0.050723743317658755
2009-04-29,0.05138758730700225
2009-04-30,0.051432407301635764
2009-05-01,0.05120781885046951
2009-05-02,0.0512091128219853
2009-05-03,0.05120899001215156
2009-05-04,0.0510695395923662
2009-05-05,0.05164908358037811
2009-05-06,0.05132450616857729
2009-05-07,0.05125770815205244
2009-05-08,0.05133464582066329
2009-05-09,0.05133436029746572
2009-05-10,0.05133423147310935
2009-05-11,0.051404498073143096
2009-05-12,0.051539963581163056
2009-05-13,0.05157406384614649
2009-05-14,0.05149740655826207
2009-05-15,0.051455519829355034
2009-05-16,0.05145552531757829
2009-05-17,0.05145561692035888
2009-05-18,0.05097931940005527
2009-05-19,0.05145079920590136
2009-05-20,0.05147909830222751
2009-05-21,0.05172883954825671
2009-05-22,0.052299781681972336
2009-05-23,0.05230052932591326
2009-05-24,0.05230428547697382
2009-05-25,0.05235586030221452
2009-05-26,0.05201978992980831
2009-05-27,0.05237203012822789
2009-05-28,0.051996223191585735
2009-05-29,0.05264101761979216
2009-05-30,0.05264223576195539
2009-05-31,0.05263699064003874
2009-06-01,0.051797117087011305
2009-06-02,0.05279104762812064
2009-06-03,0.05305051002883169
2009-06-04,0.05270510933061591
2009-06-05,0.05297804756910825
2009-06-06,0.0529776926898924
2009-06-07,0.05298421089916974
2009-06-08,0.05184616583738439
2009-06-09,0.05187728984039152
2009-06-10,0.05257796921769905
2009-06-11,0.05214126478265759
2009-06-12,0.05240013997696068
2009-06-13,0.052401210679392726
2009-06-14,0.052389105350731456
2009-06-15,0.051859562040804705
2009-06-16,0.052004427383556644
2009-06-17,0.05183326179456245
2009-06-18,0.05204231997464704
2009-06-19,0.05217021493611735
2009-06-20,0.05217021493611735
2009-06-21,0.052148948326577044
2009-06-22,0.051909813390443045
2009-06-23,0.052249612385569376
2009-06-24,0.052702969213759034
2009-06-25,0.05206012900562306
2009-06-26,0.05259065824525888
2009-06-27,0.052590531453372315
2009-06-28,0.052572415595018726
2009-06-29,0.05244912881080823
2009-06-30,0.05262394576295468
2009-07-01,0.05225073483360621
2009-07-02,0.05247983512476203
2009-07-03,0.0521881557905824
2009-07-04,0.05218761519647364
2009-07-05,0.05217814862317149
2009-07-06,0.051887954457821704
2009-07-07,0.052425491159530636
2009-07-08,0.05221111803241579
2009-07-09,0.05223353102405835
2009-07-10,0.05213340393972969
2009-07-11,0.05213340393972969
2009-07-12,0.05212166192194842
2009-07-13,0.052311244227771385
2009-07-14,0.05238016937019955
2009-07-15,0.05247786545944897
2009-07-16,0.0544578313142167
2009-07-17,0.05425625093402486
2009-07-18,0.05425639887073347
2009-07-19,0.054246621040615686
2009-07-20,0.05452672099866086
2009-07-21,0.05447686454393084
2009-07-22,0.05440791985975292
2009-07-23,0.05443588293747161
2009-07-24,0.05451923176200466
2009-07-25,0.05451923176200466
2009-07-26,0.05451026835625912
2009-07-27,0.054646040127230865
2009-07-28,0.05464434540246202
2009-07-29,0.055793745620691206
2009-07-30,0.055465676404478664
2009-07-31,0.05559107596813007
2009-08-01,0.05559142563702328
2009-08-02,0.05559122830269204
2009-08-03,0.05601041720242176
2009-08-04,0.05636484624788363
2009-08-05,0.056503852599575695
2009-08-06,0.05642018766473814
2009-08-07,0.056452951516012075
2009-08-08,0.0564518249960003
2009-08-09,0.05644322289333497
2009-08-10,0.055865017815318975
2009-08-11,0.05592002354809408
2009-08-12,0.05583754784053277
2009-08-13,0.05607746454506837
2009-08-14,0.05627226813259023
2009-08-15,0.05627226813259023
2009-08-16,0.05627327295042735
2009-08-17,0.05561203991638428
2009-08-18,0.05571343891819198
2009-08-19,0.05611067891289695
2009-08-20,0.05599326644195158
2009-08-21,0.056333569023316585
2009-08-22,0.05633369083352993
2009-08-23,0.05632936668627221
2009-08-24,0.056175440682460526
2009-08-25,0.056226645673329
2009-08-26,0.05631474913884168
2009-08-27,0.05608530852010023
2009-08-28,0.05621283076349355
2009-08-29,0.05621283076349355
2009-08-30,0.05620452560577014
2009-08-31,0.05616253736366164
2009-09-01,0.056382177342918505
2009-09-02,0.05601401946416904
2009-09-03,0.0562532812396448
2009-09-04,0.056033702677354504
2009-09-05,0.056034413777618884
2009-09-06,0.05603752295859715
2009-09-07,0.05630605702462905
2009-09-08,0.05666775478520705
2009-09-09,0.05664655602975399
2009-09-10,0.0568725494228399
2009-09-11,0.05700791528530769
2009-09-12,0.05700791528530769
2009-09-13,0.05700788230139865
2009-09-14,0.05677282118798465
2009-09-15,0.0570274653076527
2009-09-16,0.05704515512816296
2009-09-17,0.057179396263690126
2009-09-18,0.057154786551233884
2009-09-19,0.05715469436668579
2009-09-20,0.05715445673638055
2009-09-21,0.057084814239393114
2009-09-22,0.057390586208344516
2009-09-23,0.057309659813667486
2009-09-24,0.05702925021297471
2009-09-25,0.05701012605891678
2009-09-26,0.05701011971602546
2009-09-27,0.05701052667542256
2009-09-28,0.056841641393460686
2009-09-29,0.05670828402381758
2009-09-30,0.05692320694878561
2009-10-01,0.056592086473225375
2009-10-02,0.05673732294607321
2009-10-03,0.056737316989796484
2009-10-04,0.05673401691791592
2009-10-05,0.05677806096501342
2009-10-06,0.05702029489704392
2009-10-07,0.05686649366090554
2009-10-08,0.05707943413695289
2009-10-09,0.05708905571146229
2009-10-10,0.05708878531420233
2009-10-11,0.05709099417852201
2009-10-12,0.05709007196288091
2009-10-13,0.05736446207104371
2009-10-14,0.05742795591099221
2009-10-15,0.057446765738979576
2009-10-16,0.05742481638002212
2009-10-17,0.05742484724241777
2009-10-18,0.05742540175297926
2009-10-19,0.05746367936522265
2009-10-20,0.05766866207651029
2009-10-21,0.05748356494330123
2009-10-22,0.0576326204827868
2009-10-23,0.05776727975126624
2009-10-24,0.0577656062204771
2009-10-25,0.05776653791386095
2009-10-26,0.05795237492283018
2009-10-27,0.057451665318517114
2009-10-28,0.05716039342182195
2009-10-29,0.05746653830208901
2009-10-30,0.057288179909445264
2009-10-31,0.05728875760386132
2009-11-01,0.057293499669122436
2009-11-02,0.05747781841378967
2009-11-03,0.056964717750044275
2009-11-04,0.05721587021518592
2009-11-05,0.057460805369098235
2009-11-06,0.0575732855948727
2009-11-07,0.05757318633371513
2009-11-08,0.05757317723874537
2009-11-09,0.057697427422690815
2009-11-10,0.05779247075845421
2009-11-11,0.05785109367254796
2009-11-12,0.05768857312063738
2009-11-13,0.05739779851648229
2009-11-14,0.05739860888644592
2009-11-15,0.057397928596137085
2009-11-16,0.05755073297839262
2009-11-17,0.05733723774984922
2009-11-18,0.05756730072916758
2009-11-19,0.05730845409742428
2009-11-20,0.0573687592621585
2009-11-21,0.05736907581702509
2009-11-22,0.05736821101053642
2009-11-23,0.057611887111520106
2009-11-24,0.05756388944781762
2009-11-25,0.057835863486272655
2009-11-26,0.0580550803019544
2009-11-27,0.05753282378103673
2009-11-28,0.057533110401799176
2009-11-29,0.05752957861229488
2009-11-30,0.05792025321313182
2009-12-01,0.05801607127442821
2009-12-02,0.057922205498774124
2009-12-03,0.05816805201367996
2009-12-04,0.058135844636500116
2009-12-05,0.058135196038031745
2009-12-06,0.0581477902916797
2009-12-07,0.05720185853441748
2009-12-08,0.057362317763473815
2009-12-09,0.05715284939450936
2009-12-10,0.057063179336834635
2009-12-11,0.05677391643605978
2009-12-12,0.05677391047721239
2009-12-13,0.05677976191481392
2009-12-14,0.05671488806984152
2009-12-15,0.05650852440463522
2009-12-16,0.056619537070455826
2009-12-17,0.056035292598916715
2009-12-18,0.05605974143627661
2009-12-19,0.05605943905513392
2009-12-20,0.05605974391536274
2009-12-21,0.05600096094327043
2009-12-22,0.05586759720130895
2009-12-23,0.05567043745191986
2009-12-24,0.05610132855219302
2009-12-25,0.056114757567727824
2009-12-26,0.0561147755922169
2009-12-27,0.0561147562336967
2009-12-28,0.0561101595624354
2009-12-29,0.0562473519748026
2009-12-30,0.05588445940311552
2009-12-31,0.05602371921061414
2010-01-01,0.05603204490013756
2010-01-02,0.05603204490013756
2010-01-03,0.05603114490480298
2010-01-04,0.05592398151066343
2010-01-05,0.05594063501395211
2010-01-06,0.055620473035086104
2010-01-07,0.05565118010929156
2010-01-08,0.055443392293692995
2010-01-09,0.055443500227575035
2010-01-10,0.05544268065696827
2010-01-11,0.05618370271091476
2010-01-12,0.05608161837237335
2010-01-13,0.056261826486667194
2010-01-14,0.056031748808621655
2010-01-15,0.05570951809599981
2010-01-16,0.05570849294913461
2010-01-17,0.055708718860565595
2010-01-18,0.05563604139840974
2010-01-19,0.05543689195045184
2010-01-20,0.05509030005186187
2010-01-21,0.054860063351375506
2010-01-22,0.055051403411019405
2010-01-23,0.055051403411019405
2010-01-24,0.05504897164313216
2010-01-25,0.05518460996117405
2010-01-26,0.054988161029571
2010-01-27,0.055100127550125166
2010-01-28,0.05486506860012608
2010-01-29,0.05480135991160804
2010-01-30,0.05480186166168865
2010-01-31,0.05480816826241204
2010-02-01,0.054511531434497766
2010-02-02,0.054705200169030604
2010-02-03,0.0549465929132374
2010-02-04,0.054578754792904936
2010-02-05,0.054184278658348385
2010-02-06,0.054184130989215526
2010-02-07,0.05418869854797415
2010-02-08,0.054026025613272584
2010-02-09,0.054068914739647804
2010-02-10,0.054364086090826234
2010-02-11,0.05411721013764577
2010-02-12,0.05346067005623101
2010-02-13,0.053460657810475425
2010-02-14,0.053461181182631254
2010-02-15,0.05380602823694704
2010-02-16,0.053791813779873576
2010-02-17,0.054118333101198485
2010-02-18,0.05356865166009272
2010-02-19,0.053300087282786505
2010-02-20,0.05330012679189224
2010-02-21,0.05329843353278898
2010-02-22,0.05366983174383431
2010-02-23,0.05365157258178267
2010-02-24,0.05357027743075143
2010-02-25,0.053390401473147955
2010-02-26,0.05365725881695662
2010-02-27,0.05365645491675709
2010-02-28,0.05365220758189807
2010-03-01,0.05325334027260104
2010-03-02,0.053373993074433496
2010-03-03,0.053688085856848
2010-03-04,0.05389154583570615
2010-03-05,0.05340272617252019
2010-03-06,0.053402883097580886
2010-03-07,0.053402649395396545
2010-03-08,0.05364202233050381
2010-03-09,0.053349760458910295
2010-03-10,0.05356594375095676
2010-03-11,0.053710862503438685
2010-03-12,0.0540684322071976
2010-03-13,0.0540684322071976
2010-03-14,0.054068426530949176
2010-03-15,0.053886174829763094
2010-03-16,0.05377871442844076
2010-03-17,0.053949139140492985
2010-03-18,0.0536891624312148
2010-03-19,0.05329596578581262
2010-03-20,0.053295919324480634
2010-03-21,0.053296110650134856
2010-03-22,0.05312072575428619
2010-03-23,0.05304938789217953
2010-03-24,0.052699476890893125
2010-03-25,0.0527688954616763
2010-03-26,0.05281652415277225
2010-03-27,0.05281605800185811
2010-03-28,0.0528158801095245
2010-03-29,0.05312795963152828
2010-03-30,0.0531840700911864
2010-03-31,0.05354516513504156
2010-04-01,0.053508424563945986
2010-04-02,0.05370845084572371
2010-04-03,0.05371126094713333
2010-04-04,0.05371126094713333
2010-04-05,0.053519346090603825
2010-04-06,0.053268460259861296
2010-04-07,0.0530677465328522
2010-04-08,0.05359841798402093
2010-04-09,0.05387701457909319
2010-04-10,0.05387700892309106
2010-04-11,0.053876822290210624
2010-04-12,0.05450244091350225
2010-04-13,0.0545657064163455
2010-04-14,0.05436498426670803
2010-04-15,0.05432691167684356
2010-04-16,0.054138014530082906
2010-04-17,0.05413726083300239
2010-04-18,0.05413733582959588
2010-04-19,0.053953304643208404
2010-04-20,0.054298034790590796
2010-04-21,0.05382164881728379
2010-04-22,0.05307084748026491
2010-04-23,0.05284807546075011
2010-04-24,0.05284807546075011
2010-04-25,0.052839103286533635
2010-04-26,0.05283315172073575
2010-04-27,0.05297514869313642
2010-04-28,0.05263389898572607
2010-04-29,0.05271395177361133
2010-04-30,0.05295411949686553
2010-05-01,0.052954770985645674
2010-05-02,0.052946584793266
2010-05-03,0.05271817701877103
2010-05-04,0.05256897936451492
2010-05-05,0.05200331878751233
2010-05-06,0.05168715784850764
2010-05-07,0.05162111838238266
2010-05-08,0.051621006946911026
2010-05-09,0.051615006810828826
2010-05-10,0.05211187174829205
2010-05-11,0.051157086698792625
2010-05-12,0.051044905570253166
2010-05-13,0.050825705292279554
2010-05-14,0.05054792262611252
2010-05-15,0.05054792262611252
2010-05-16,0.050545119445360095
2010-05-17,0.050076341649125757
2010-05-18,0.050532139424032015
2010-05-19,0.04988688288399473
2010-05-20,0.05047512783133121
2010-05-21,0.05112241813435098
2010-05-22,0.0511209819994235
2010-05-23,0.051120934115232344
2010-05-24,0.05069248729191984
2010-05-25,0.050079844671075985
2010-05-26,0.05061358267738635
2010-05-27,0.050273022704144237
2010-05-28,0.05063460037903973
2010-05-29,0.05063462697111906
2010-05-30,0.05063061839745137
2010-05-31,0.05006751778095292
2010-06-01,0.04981144496080847
2010-06-02,0.05011113578730162
2010-06-03,0.0501942501456896
2010-06-04,0.04982503202616867
2010-06-05,0.04982490898871818
2010-06-06,0.049824000580914
2010-06-07,0.04948866747064279
2010-06-08,0.04919484924780273
2010-06-09,0.04935825659940047
2010-06-10,0.049360393543181995
2010-06-11,0.04977222819432042
2010-06-12,0.04977209410613487
2010-06-13,0.049764790311131624
2010-06-14,0.0500807434094523
2010-06-15,0.050131998407509766
2010-06-16,0.05022213738273938
2010-06-17,0.050493009121948255
2010-06-18,0.05038910329440119
2010-06-19,0.050388908244183246
2010-06-20,0.05037899766168596
2010-06-21,0.05037874222433304
2010-06-22,0.050023561800250145
2010-06-23,0.049994693666214306
2010-06-24,0.05018698943281868
2010-06-25,0.0501206137191016
2010-06-26,0.05012083355417333
2010-06-27,0.050108482767059655
2010-06-28,0.05039551442755362
2010-06-29,0.04999244556067254
2010-06-30,0.050360847664338015
2010-07-01,0.0504330024031679
2010-07-02,0.0510682839127008
2010-07-03,0.0510683365602596
2010-07-04,0.05105499455078218
2010-07-05,0.05101638650912623
2010-07-06,0.051249455281179856
2010-07-07,0.051270891505785884
2010-07-08,0.0513729411271014
2010-07-09,0.051315584736095265
2010-07-10,0.05131552968593505
2010-07-11,0.05130753752032917
2010-07-12,0.050971611397337024
2010-07-13,0.05099868333300673
2010-07-14,0.051505538316190654
2010-07-15,0.05180377325007271
2010-07-16,0.052448496858666774
2010-07-17,0.052448389869748153
2010-07-18,0.05244170858407128
2010-07-19,0.05247769458203279
2010-07-20,0.052207827751463966
2010-07-21,0.05183002579686327
2010-07-22,0.05183655527317426
2010-07-23,0.052163902601198915
2010-07-24,0.05216418878723849
2010-07-25,0.05216877804605376
2010-07-26,0.051853234523742575
2010-07-27,0.052125366891847914
2010-07-28,0.05226637381319992
2010-07-29,0.0525713973358866
2010-07-30,0.052201221311155246
2010-07-31,0.05220115951211303
2010-08-01,0.05219770137817119
2010-08-02,0.05220506964597183
2010-08-03,0.052945443859120735
2010-08-04,0.052993957351632745
2010-08-05,0.05275342887249741
2010-08-06,0.052723452213142875
2010-08-07,0.05272111928515627
2010-08-08,0.05271344601824979
2010-08-09,0.052906784372931726
2010-08-10,0.053047303703356405
2010-08-11,0.052876502923112405
2010-08-12,0.052316614827918266
2010-08-13,0.05166924207958427
2010-08-14,0.051666441537528626
2010-08-15,0.05166860907707601
2010-08-16,0.0512776807462596
2010-08-17,0.05140790907160323
2010-08-18,0.051621214956797126
2010-08-19,0.05172085014660692
2010-08-20,0.05160002396097983
2010-08-21,0.05160005018039653
2010-08-22,0.051599897204848914
2010-08-23,0.05120874272431053
2010-08-24,0.05121365503741568
2010-08-25,0.0508949416519395
2010-08-26,0.050963742260445935
2010-08-27,0.051112573091984186
2010-08-28,0.0511127555324793
2010-08-29,0.05110968039555491
2010-08-30,0.051437695560764614
2010-08-31,0.05122744615200006
2010-09-01,0.0510931282146578
2010-09-02,0.0515233587103907
2010-09-03,0.05163919482112713
2010-09-04,0.05163814016844849
2010-09-05,0.05163586136726819
2010-09-06,0.051718729681486164
2010-09-07,0.05187333937114964
2010-09-08,0.051437441150639966
2010-09-09,0.051164477580615375
2010-09-10,0.051176968580471945
2010-09-11,0.05117736301058499
2010-09-12,0.05117892079484001
2010-09-13,0.050921873303687276
2010-09-14,0.0513634914341953
2010-09-15,0.05144219608831377
2010-09-16,0.0519149145224449
2010-09-17,0.052397293449024544
2010-09-18,0.052397315941617534
2010-09-19,0.05240102711276768
2010-09-20,0.052224589026900026
2010-09-21,0.05235119717139666
2010-09-22,0.05231342167369507
2010-09-23,0.05332373782275885
2010-09-24,0.05301554499168192
2010-09-25,0.05301559050642061
2010-09-26,0.05301098446386344
2010-09-27,0.05349202431097361
2010-09-28,0.05342154805434093
2010-09-29,0.05332540574135642
2010-09-30,0.053785119206136135
2010-10-01,0.05389378185495174
2010-10-02,0.053894237470910676
2010-10-03,0.05389111481043
2010-10-04,0.05445301774117369
2010-10-05,0.05400136646329581
2010-10-06,0.054220393428571836
2010-10-07,0.05435621339768315
2010-10-08,0.05494368550388292
2010-10-09,0.05494371412001173
2010-10-10,0.0549416388298158
2010-10-11,0.05467716917279847
2010-10-12,0.054601980952344885
2010-10-13,0.05429251608215068
2010-10-14,0.054777980791528375
2010-10-15,0.05508402389808397
2010-10-16,0.0550840002567147
2010-10-17,0.05509030522360651
2010-10-18,0.054797329386369144
2010-10-19,0.055069954346223526
2010-10-20,0.0548323249412631
2010-10-21,0.05452321367455804
2010-10-22,0.05526572821334586
2010-10-23,0.05526523869666402
2010-10-24,0.055264019206944945
2010-10-25,0.05473501896442555
2010-10-26,0.05512296151132741
2010-10-27,0.055078643282907
2010-10-28,0.05453072367855386
2010-10-29,0.054579312702726264
2010-10-30,0.054579261963833905
2010-10-31,0.05457537597740818
2010-11-01,0.05483556703312156
2010-11-02,0.05472960487160181
2010-11-03,0.0548614434325466
2010-11-04,0.05489283615169032
2010-11-05,0.05568274951507691
2010-11-06,0.05568274951507691
2010-11-07,0.05568302160286417
2010-11-08,0.05526361251860259
2010-11-09,0.05438683669737949
2010-11-10,0.05484939312451397
2010-11-11,0.05426595607992643
2010-11-12,0.054084377934139824
2010-11-13,0.05408539656803337
2010-11-14,0.05408529543038916
2010-11-15,0.05406661328702715
2010-11-16,0.05392368290535839
2010-11-17,0.053819249593244425
2010-11-18,0.053273454051507255
2010-11-19,0.05386409362725466
2010-11-20,0.05386457737417399
2010-11-21,0.05386316851107706
2010-11-22,0.054200069827429205
2010-11-23,0.05422532617657408
2010-11-24,0.05383412965697077
2010-11-25,0.05289617550906415
2010-11-26,0.05303864512504563
2010-11-27,0.053039047736259774
2010-11-28,0.05303918814964825
2010-11-29,0.05281705921611563
2010-11-30,0.05268408881923221
2010-12-01,0.051988581437761895
2010-12-02,0.05219167043249042
2010-12-03,0.052230969805728285
2010-12-04,0.0522321838502367
2010-12-05,0.052223359648839666
2010-12-06,0.05317257759248395
2010-12-07,0.05274008690028664
2010-12-08,0.053118297175870834
2010-12-09,0.05263187103582212
2010-12-10,0.05245974637774014
2010-12-11,0.05245971743775398
2010-12-12,0.0524602891293007
2010-12-13,0.052595261256121566
2010-12-14,0.052750609179765706
2010-12-15,0.05342035006325391
2010-12-16,0.052931674551954556
2010-12-17,0.052644333190270565
2010-12-18,0.05264315003811809
2010-12-19,0.05264647632872004
2010-12-20,0.05247782521752067
2010-12-21,0.05243298874639345
2010-12-22,0.0523660763829818
2010-12-23,0.05230783482095293
2010-12-24,0.05206091834658781
2010-12-25,0.05206098120321634
2010-12-26,0.05206090700000924
2010-12-27,0.052121324040320424
2010-12-28,0.052322468099294896
2010-12-29,0.05266674422552733
2010-12-30,0.05202354464754521
2010-12-31,0.052402462629277155
2011-01-01,0.05240215223559192
2011-01-02,0.052402218167888495
2011-01-03,0.052863037228303864
2011-01-04,0.05267495213439863
2011-01-05,0.053057417056596265
2011-01-06,0.05258926338968469
2011-01-07,0.05224079141499642
2011-01-08,0.05224225776481587
2011-01-09,0.05224405888233806
2011-01-10,0.05146463967326998
2011-01-11,0.05141624865607487
2011-01-12,0.051484783083120884
2011-01-13,0.052052488952546334
2011-01-14,0.052181216046077554
2011-01-15,0.05218081003094565
2011-01-16,0.052181165462888014
2011-01-17,0.05281109947445889
2011-01-18,0.05276795512238808
2011-01-19,0.05306317211852222
2011-01-20,0.05335363182959918
2011-01-21,0.05317473161927247
2011-01-22,0.053175004317420005
2011-01-23,0.05317540057174883
2011-01-24,0.05362027483938937
2011-01-25,0.053590893999621164
2011-01-26,0.053881400918909673
2011-01-27,0.053920353969752165
2011-01-28,0.054202651125500254
2011-01-29,0.05420293457034873
2011-01-30,0.05420809533700277
2011-01-31,0.053811066287027115
2011-02-01,0.05390887959481687
2011-02-02,0.05422697091369323
2011-02-03,0.054472378388176174
2011-02-04,0.05438289953314664
2011-02-05,0.05438309680566092
2011-02-06,0.05439043133022624
2011-02-07,0.05365334350255234
2011-02-08,0.05363370816273863
2011-02-09,0.05390729992143851
2011-02-10,0.053932606944940405
2011-02-11,0.05397494507243787
2011-02-12,0.05397025324443627
2011-02-13,0.05396864541087261
2011-02-14,0.05364621000340822
2011-02-15,0.053383028630933894
2011-02-16,0.05361655888999733
2011-02-17,0.05345100553513124
2011-02-18,0.053513911775905025
2011-02-19,0.05351445389857424
2011-02-20,0.053508238891457706
2011-02-21,0.05391578751670517
2011-02-22,0.05402764865777338
2011-02-23,0.05402658563697292
2011-02-24,0.054203063459209694
2011-02-25,0.05427873754586325
2011-02-26,0.054278922466503066
2011-02-27,0.05427887006483014
2011-02-28,0.05434526483320528
2011-03-01,0.054479777557172225
2011-03-02,0.05439474109557631
2011-03-03,0.05436462469698747
2011-03-04,0.054454021345081885
2011-03-05,0.05445433953697323
2011-03-06,0.05445337858566796
2011-03-07,0.05491073258746951
2011-03-08,0.055193510238238506
2011-03-09,0.054675508165680745
2011-03-10,0.05481765126035646
2011-03-11,0.05441900541390051
2011-03-12,0.054419452966281215
2011-03-13,0.054416218379124325
2011-03-14,0.05451481411867127
2011-03-15,0.05485109755476907
2011-03-16,0.05465511498136083
2011-03-17,0.05485273736099416
2011-03-18,0.05490344643445608
2011-03-19,0.05490483938101534
2011-03-20,0.05490340897084617
2011-03-21,0.05541170759224534
2011-03-22,0.05551562295662522
2011-03-23,0.05559921890648498
2011-03-24,0.05525504977972685
2011-03-25,0.05537636689998298
2011-03-26,0.055376295959027655
2011-03-27,0.05537675544800512
2011-03-28,0.05503140919964154
2011-03-29,0.0550287484557375
2011-03-30,0.05509891797165219
2011-03-31,0.0550505898268221
2011-04-01,0.05545908653841609
2011-04-02,0.055458959764158496
2011-04-03,0.05545619254519715
2011-04-04,0.05531612563828742
2011-04-05,0.055352202263881066
2011-04-06,0.05513875228434359
2011-04-07,0.05561667849920417
2011-04-08,0.05534030771440677
2011-04-09,0.055341323984730025
2011-04-10,0.05534092963492492
2011-04-11,0.05601130669389197
2011-04-12,0.05606648402906227
2011-04-13,0.05616134268619894
2011-04-14,0.05625173976077941
2011-04-15,0.05621921236176879
2011-04-16,0.056219559987357726
2011-04-17,0.05622020675627404
2011-04-18,0.056076399060845265
2011-04-19,0.05554358466331213
2011-04-20,0.05532491443364072
2011-04-21,0.05616483652055301
2011-04-22,0.058342828189595394
2011-04-23,0.058343259927017
2011-04-24,0.058345098449383036
2011-04-25,0.0586265447630662
2011-04-26,0.056199112457240886
2011-04-27,0.056321850276349596
2011-04-28,0.05647642529241414
2011-04-29,0.056924125692280156
2011-04-30,0.0569233462670274
2011-05-01,0.05692490080098134
2011-05-02,0.05685478626813677
2011-05-03,0.05706423765719393
2011-05-04,0.05688844201637397
2011-05-05,0.05732128671763612
2011-05-06,0.05738301700752779
2011-05-07,0.05738313119649309
2011-05-08,0.0573893099250916
2011-05-09,0.0556524241438421
2011-05-10,0.055790544639372934
2011-05-11,0.055739175198408895
2011-05-12,0.055923743268672395
2011-05-13,0.055269910179400104
2011-05-14,0.05527087711393044
2011-05-15,0.055278105229563355
2011-05-16,0.055136594619926094
2011-05-17,0.05503886693163221
2011-05-18,0.055357185218965925
2011-05-19,0.05548334772108164
2011-05-20,0.05563235866493966
2011-05-21,0.05563229900022935
2011-05-22,0.05563510377807895
2011-05-23,0.05535482961627082
2011-05-24,0.054744934790444524
2011-05-25,0.05512569300050645
2011-05-26,0.05495014440482279
2011-05-27,0.05519711990219627
2011-05-28,0.055197107074990585
2011-05-29,0.05519420507491616
2011-05-30,0.05554484455833002
2011-05-31,0.05545112085663774
2011-06-01,0.05598946721788507
2011-06-02,0.055854358246668616
2011-06-03,0.0560445852641628
2011-06-04,0.05604457370160634
2011-06-05,0.05604092924106486
2011-06-06,0.05657157550617383
2011-06-07,0.05653035903288016
2011-06-08,0.05680397933250602
2011-06-09,0.056666453777974794
2011-06-10,0.05665033290480714
2011-06-11,0.056650345059111734
2011-06-12,0.0566542665460645
2011-06-13,0.055788122125116815
2011-06-14,0.055727053913143275
2011-06-15,0.05618146036585374
2011-06-16,0.05579869066009658
2011-06-17,0.05509549832243266
2011-06-18,0.05509525561701308
2011-06-19,0.055094538298190394
2011-06-20,0.05574676314586168
2011-06-21,0.05540806086779785
2011-06-22,0.05593104244294999
2011-06-23,0.05605144087616668
2011-06-24,0.0555531461977073
2011-06-25,0.05555299335319563
2011-06-26,0.055550670418677846
2011-06-27,0.05539633108403955
2011-06-28,0.05571310519594863
2011-06-29,0.055595128887396913
2011-06-30,0.05609831243010213
2011-07-01,0.05625770689705749
2011-07-02,0.0562577065470538
2011-07-03,0.05625534854970621
2011-07-04,0.056203455276265975
2011-07-05,0.05626422605905698
2011-07-06,0.05625385736684757
2011-07-07,0.05567113970689514
2011-07-08,0.055521933162309765
2011-07-09,0.055521886810205555
2011-07-10,0.05552162698221796
2011-07-11,0.05560791286910135
2011-07-12,0.05511210570908036
2011-07-13,0.0542907201821
2011-07-14,0.05478170106911331
2011-07-15,0.0552940541216055
2011-07-16,0.05529423773351078
2011-07-17,0.055293533111785906
2011-07-18,0.055141561568842895
2011-07-19,0.054772279705014346
2011-07-20,0.05522177019302732
2011-07-21,0.05516805624067744
2011-07-22,0.05501903690244244
2011-07-23,0.055019116395578146
2011-07-24,0.055018148889207
2011-07-25,0.0556788034931335
2011-07-26,0.05564655553413404
2011-07-27,0.056091704498011465
2011-07-28,0.056082022336771474
2011-07-29,0.05537300376815299
2011-07-30,0.055372925627208476
2011-07-31,0.055366937759963514
2011-08-01,0.05565401995054579
2011-08-02,0.05590390208876608
2011-08-03,0.05512349092849448
2011-08-04,0.0557445213859071
2011-08-05,0.055124653934200865
2011-08-06,0.0551248119160952
2011-08-07,0.055121435947129524
2011-08-08,0.05573265593885022
2011-08-09,0.055588742184314505
2011-08-10,0.05585660803233836
2011-08-11,0.056231354516241706
2011-08-12,0.05555887226862531
2011-08-13,0.055559216069077336
2011-08-14,0.05555939838943057
2011-08-15,0.05547524447762256
2011-08-16,0.05622286220907503
2011-08-17,0.05601926487735071
2011-08-18,0.05638824413166923
2011-08-19,0.05616897307417779
2011-08-20,0.0561686121533762
2011-08-21,0.05616604826831645
2011-08-22,0.05628903628673937
2011-08-23,0.05636069910771938
2011-08-24,0.05659411036911284
2011-08-25,0.05656248345739533
2011-08-26,0.05642579667347538
2011-08-27,0.05642532401384685
2011-08-28,0.056422862741523444
2011-08-29,0.05648750525717578
2011-08-30,0.05659019914382264
2011-08-31,0.05623768672598761
2011-09-01,0.056401908198456294
2011-09-02,0.05584542957854383
2011-09-03,0.05584523404091672
2011-09-04,0.05584806270077903
2011-09-05,0.05568135930458747
2011-09-06,0.05554515763980401
2011-09-07,0.055780562827543616
2011-09-08,0.05540784190174013
2011-09-09,0.055618111337825314
2011-09-10,0.05563027552780822
2011-09-11,0.0556350681432169
2011-09-12,0.05422289880808173
2011-09-13,0.054047689576874273
2011-09-14,0.05428273588232379
2011-09-15,0.05457942871233364
2011-09-16,0.054867971413867574
2011-09-17,0.054868977239344155
2011-09-18,0.05486868335281044
2011-09-19,0.0550638455254631
2011-09-20,0.05457432103462883
2011-09-21,0.054999205249210106
2011-09-22,0.05517848908958881
2011-09-23,0.05428727804087316
2011-09-24,0.05428762881288274
2011-09-25,0.05428787982944582
2011-09-26,0.05452337740323773
2011-09-27,0.05448116588826575
2011-09-28,0.054742235204219086
2011-09-29,0.05514272874167589
2011-09-30,0.05509609635103433
2011-10-01,0.05509606809620264
2011-10-02,0.05509960449290729
2011-10-03,0.05492529579763362
2011-10-04,0.05427297763843786
2011-10-05,0.05412517033134119
2011-10-06,0.05386430587069297
2011-10-07,0.0540530693213488
2011-10-08,0.05405299719058473
2011-10-09,0.054051019695202186
2011-10-10,0.05439256907959999
2011-10-11,0.054710629167430636
2011-10-12,0.05477079313506589
2011-10-13,0.05531978328871649
2011-10-14,0.0550507809250922
2011-10-15,0.05505036265513557
2011-10-16,0.05504827865215339
2011-10-17,0.055589490735803625
2011-10-18,0.055398412742776626
2011-10-19,0.05506145778004678
2011-10-20,0.0557389747288191
2011-10-21,0.05542660066693342
2011-10-22,0.055426340129628326
2011-10-23,0.05541702205219899
2011-10-24,0.05559296130136485
2011-10-25,0.05546116958170904
2011-10-26,0.05582845844726015
2011-10-27,0.05542638958704693
2011-10-28,0.05572244430857162
2011-10-29,0.05572243715467406
2011-10-30,0.055722653173854074
2011-10-31,0.05635395176730792
2011-11-01,0.056163793429101785
2011-11-02,0.05483891459452252
2011-11-03,0.05515200526296524
2011-11-04,0.055410331729728354
2011-11-05,0.055410301224269126
2011-11-06,0.05541109987344498
2011-11-07,0.055319704812767906
2011-11-08,0.055148059805036204
2011-11-09,0.055446621682280726
2011-11-10,0.05494140313442562
2011-11-11,0.05473968266935623
2011-11-12,0.05473956298659144
2011-11-13,0.054736056749945056
2011-11-14,0.055243518379904474
2011-11-15,0.05509613031551266
2011-11-16,0.05472153932995908
2011-11-17,0.05450085751112725
2011-11-18,0.05434256351150627
2011-11-19,0.054342246244750016
2011-11-20,0.05434387321782585
2011-11-21,0.05479643522579393
2011-11-22,0.05448752164269616
2011-11-23,0.055094487186441506
2011-11-24,0.05455343741103074
2011-11-25,0.05468134180357479
2011-11-26,0.054679119130559645
2011-11-27,0.05467932925430005
2011-11-28,0.05394382280472843
2011-11-29,0.054216885007693234
2011-11-30,0.05411602930414313
2011-12-01,0.0539883497311248
2011-12-02,0.05450909279283012
2011-12-03,0.05450907036620176
2011-12-04,0.054513564986769056
2011-12-05,0.05420110891704248
2011-12-06,0.05441121864013378
2011-12-07,0.054268928718851514
2011-12-08,0.054335463158522404
2011-12-09,0.05433667985680997
2011-12-10,0.054336836081023375
2011-12-11,0.054308830119420996
2011-12-12,0.05447725052862552
2011-12-13,0.0538936388305507
2011-12-14,0.05358493399648707
2011-12-15,0.05324505867984299
2011-12-16,0.053278694438171736
2011-12-17,0.053278626539274405
2011-12-18,0.0532781839126181
2011-12-19,0.05336445194674276
2011-12-20,0.05321336881786434
2011-12-21,0.05336959565460984
2011-12-22,0.0534549964815718
2011-12-23,0.053402097356900054
2011-12-24,0.05340206493404969
2011-12-25,0.05340273187452747
2011-12-26,0.053425980524573334
2011-12-27,0.05331146725067609
2011-12-28,0.05355108297433969
2011-12-29,0.05358053919215556
2011-12-30,0.05295866828665321
2011-12-31,0.0529585359057662
2012-01-01,0.052957967271709455
2012-01-02,0.053013926768597563
2012-01-03,0.052874683238564965
2012-01-04,0.053352689804559414
2012-01-05,0.05325764088514966
2012-01-06,0.052767015078769096
2012-01-07,0.05276436577112432
2012-01-08,0.05276708288801906
2012-01-09,0.05228342490862952
2012-01-10,0.05244272669295907
2012-01-11,0.05246043581870949
2012-01-12,0.052100198098003855
2012-01-13,0.05270856796197032
2012-01-14,0.05270863737447017
2012-01-15,0.052711755283323475
2012-01-16,0.05206774506234296
2012-01-17,0.05198057723200996
2012-01-18,0.052296023427247755
2012-01-19,0.05237549920076846
2012-01-20,0.052917254151294266
2012-01-21,0.05291743726897209
2012-01-22,0.05291553941982699
2012-01-23,0.052700482177703865
2012-01-24,0.05301020454422464
2012-01-25,0.05296511031941954
2012-01-26,0.05271059720228074
2012-01-27,0.05281944249111194
2012-01-28,0.05281961516336689
2012-01-29,0.05281688974931183
2012-01-30,0.05348160538637125
2012-01-31,0.052884790635332586
2012-02-01,0.0534101504013633
2012-02-02,0.053102142504185726
2012-02-03,0.052998723768152685
2012-02-04,0.053002952328898394
2012-02-05,0.05300304449001942
2012-02-06,0.053149043362507316
2012-02-07,0.05272926164031752
2012-02-08,0.052919757923085085
2012-02-09,0.05353269216442353
2012-02-10,0.053647192060384964
2012-02-11,0.05364504816423126
2012-02-12,0.05364623007003287
2012-02-13,0.053394751323368884
2012-02-14,0.0537106586321567
2012-02-15,0.053503056087754935
2012-02-16,0.053278867404529036
2012-02-17,0.052640535116182136
2012-02-18,0.05264013155202779
2012-02-19,0.052623190931043985
2012-02-20,0.05309412523846055
2012-02-21,0.05351293587489646
2012-02-22,0.05346565578158557
2012-02-23,0.053441031513594
2012-02-24,0.053680931125179694
2012-02-25,0.05368057907339064
2012-02-26,0.053679529574073924
2012-02-27,0.05424353506289553
2012-02-28,0.05406733129719859
2012-02-29,0.054266445091066526
2012-03-01,0.05432010150916292
2012-03-02,0.05394383643925225
2012-03-03,0.05394358713014036
2012-03-04,0.05394437838915492
2012-03-05,0.053424494916987926
2012-03-06,0.05358818180142488
2012-03-07,0.05336584263367303
2012-03-08,0.05322629470311313
2012-03-09,0.05369521653992046
2012-03-10,0.05369502434723905
2012-03-11,0.05369498957500422
2012-03-12,0.05361389913137003
2012-03-13,0.053249771275035856
2012-03-14,0.05335790311665298
2012-03-15,0.05315023316143755
2012-03-16,0.053016218281442026
2012-03-17,0.05301615159007027
2012-03-18,0.0530130223811835
2012-03-19,0.053370787387164366
2012-03-20,0.05341934160008732
2012-03-21,0.05353028331642069
2012-03-22,0.05386119995372455
2012-03-23,0.053505953015337476
2012-03-24,0.05350582510495799
2012-03-25,0.05350453352236008
2012-03-26,0.05369443460827227
2012-03-27,0.05402645752013852
2012-03-28,0.05420895365648608
2012-03-29,0.05420981737592806
2012-03-30,0.053909037670923775
2012-03-31,0.053909270514651636
2012-04-01,0.05390912289054072
2012-04-02,0.05404674808590819
2012-04-03,0.056263063623657926
2012-04-04,0.05624337302813673
2012-04-05,0.055678601904213226
2012-04-06,0.05567185444983375
2012-04-07,0.05567153230546528
2012-04-08,0.055670740031574094
2012-04-09,0.05524106139632544
2012-04-10,0.05550941340758498
2012-04-11,0.05538274279091087
2012-04-12,0.05558710820260824
2012-04-13,0.05565046697489278
2012-04-14,0.05565052832181485
2012-04-15,0.05565327411267696
2012-04-16,0.05537834562229786
2012-04-17,0.055128890305942306
2012-04-18,0.055609966541193656
2012-04-19,0.05537517582555614
2012-04-20,0.05541711053830192
2012-04-21,0.05541725076443564
2012-04-22,0.05541615088443492
2012-04-23,0.055934878981720726
2012-04-24,0.05563266265416195
2012-04-25,0.05570756535933614
2012-04-26,0.05584714031920855
2012-04-27,0.055670139632891524
2012-04-28,0.05566988203866504
2012-04-29,0.05566912134208014
2012-04-30,0.05595155408685133
2012-05-01,0.05600189843981571
2012-05-02,0.05591181289598721
2012-05-03,0.05556632174236757
2012-05-04,0.055677461412437936
2012-05-05,0.0556775091980361
2012-05-06,0.05567922719628371
2012-05-07,0.05543324364375271
2012-05-08,0.05548808723681622
2012-05-09,0.05562632931195987
2012-05-10,0.05546118548392557
2012-05-11,0.05529855589712943
2012-05-12,0.05529837310239668
2012-05-13,0.05529892870804057
2012-05-14,0.05540693205154249
2012-05-15,0.05538673465856796
2012-05-16,0.05539469354586723
2012-05-17,0.05484483430559914
2012-05-18,0.05463399150243317
2012-05-19,0.054633521284074456
2012-05-20,0.05463105810800128
2012-05-21,0.05499901590639926
2012-05-22,0.055362410634717245
2012-05-23,0.05497927537244564
2012-05-24,0.05464809264574101
2012-05-25,0.05443960823849941
2012-05-26,0.054439451222788406
2012-05-27,0.054441314841549196
2012-05-28,0.05434508651554853
2012-05-29,0.05445946383568946
2012-05-30,0.054445668533804885
2012-05-31,0.05404259324300973
2012-06-01,0.053993689093411866
2012-06-02,0.053992739293434865
2012-06-03,0.05398902838725984
2012-06-04,0.05416567414047183
2012-06-05,0.05444145766511579
2012-06-06,0.054088929584302094
2012-06-07,0.054604411509992595
2012-06-08,0.05450889607203875
2012-06-09,0.05450876421071254
2012-06-10,0.05450692689360029
2012-06-11,0.054491447927430096
2012-06-12,0.05431711227193992
2012-06-13,0.0543944598598742
2012-06-14,0.054540041402167526
2012-06-15,0.05479505317555717
2012-06-16,0.054795058898845304
2012-06-17,0.05479373732476631
2012-06-18,0.05490163770311337
2012-06-19,0.0539008287927029
2012-06-20,0.05486424807058662
2012-06-21,0.05521642412875714
2012-06-22,0.054607811997351444
2012-06-23,0.05460780564435206
2012-06-24,0.054602200384378394
2012-06-25,0.05471119630010567
2012-06-26,0.05442286876172965
2012-06-27,0.054410712406551154
2012-06-28,0.054348504328218146
2012-06-29,0.05419819493764316
2012-06-30,0.05419814807747779
2012-07-01,0.05419532809905826
2012-07-02,0.05481814015301115
2012-07-03,0.054709715682854015
2012-07-04,0.05485567352856439
2012-07-05,0.0546609026486606
2012-07-06,0.05423984164186693
2012-07-07,0.054239835331676395
2012-07-08,0.05424283286701339
2012-07-09,0.053731882302418515
2012-07-10,0.053889451784399696
2012-07-11,0.05363462371127191
2012-07-12,0.053636792434760126
2012-07-13,0.053415174527072375
2012-07-14,0.05341518598916385
2012-07-15,0.05341338839378421
2012-07-16,0.05351974203817198
2012-07-17,0.05361395635458908
2012-07-18,0.05367240157271916
2012-07-19,0.05360381388180505
2012-07-20,0.05376466398525221
2012-07-21,0.05376450434591211
2012-07-22,0.05376715802611082
2012-07-23,0.05335895344660782
2012-07-24,0.053256628510597794
2012-07-25,0.0524659149782803
2012-07-26,0.05315515703117625
2012-07-27,0.053614857222423304
2012-07-28,0.053617878290163665
2012-07-29,0.05361728304584358
2012-07-30,0.05375989692795965
2012-07-31,0.05348953149803891
2012-08-01,0.05373179885121555
2012-08-02,0.053512977516262675
2012-08-03,0.05309751722162119
2012-08-04,0.05309747129733619
2012-08-05,0.053094018077164414
2012-08-06,0.05382687288585754
2012-08-07,0.053908472527000637
2012-08-08,0.05391526952338356
2012-08-09,0.05380311538374238
2012-08-10,0.05350200224097347
2012-08-11,0.05350200781372749
2012-08-12,0.05350110646914143
2012-08-13,0.0534474327638471
2012-08-14,0.0536954569340836
2012-08-15,0.05367791448694062
2012-08-16,0.05347900204951217
2012-08-17,0.05385484600023484
2012-08-18,0.05385478752930363
2012-08-19,0.053855503586150114
2012-08-20,0.053746712317308466
2012-08-21,0.05369253313468182
2012-08-22,0.05414952962936626
2012-08-23,0.054355661922361284
2012-08-24,0.05461962158263637
2012-08-25,0.05461961589347188
2012-08-26,0.05461987232304052
2012-08-27,0.05443384158845779
2012-08-28,0.05438260862791803
2012-08-29,0.0547031659423788
2012-08-30,0.05464820026843536
2012-08-31,0.05448117718763986
2012-09-01,0.05448114709084199
2012-09-02,0.05448148736370951
2012-09-03,0.054745944557216424
2012-09-04,0.05483302863553704
2012-09-05,0.05472224310151931
2012-09-06,0.05478354182300385
2012-09-07,0.05473586387733474
2012-09-08,0.05473588132313275
2012-09-09,0.05473230912030138
2012-09-10,0.05550658281416615
2012-09-11,0.05519611557857901
2012-09-12,0.055584006287196785
2012-09-13,0.055691233072342
2012-09-14,0.05591380569430128
2012-09-15,0.05591381151826788
2012-09-16,0.05591314288844988
2012-09-17,0.056552421851481335
2012-09-18,0.056580595029669244
2012-09-19,0.05625183701399479
2012-09-20,0.056293839499374804
2012-09-21,0.05598854099775809
2012-09-22,0.05598856022994556
2012-09-23,0.05598950163400338
2012-09-24,0.0560506749684879
2012-09-25,0.05589676540119045
2012-09-26,0.05581432319362853
2012-09-27,0.05561349256278164
2012-09-28,0.055859449973310625
2012-09-29,0.055859449973310625
2012-09-30,0.0558613405998777
2012-10-01,0.055664558525206
2012-10-02,0.05575730433884269
2012-10-03,0.05593708042730458
2012-10-04,0.054686194727245896
2012-10-05,0.055160656982480225
2012-10-06,0.055160626550114104
2012-10-07,0.0551596662669157
2012-10-08,0.05530591022750403
2012-10-09,0.055164242444316496
2012-10-10,0.05480343306278898
2012-10-11,0.0546968147029416
2012-10-12,0.05490711138160227
2012-10-13,0.05490490573809873
2012-10-14,0.05490529262159448
2012-10-15,0.05501948711180139
2012-10-16,0.054930186442616546
2012-10-17,0.05543836329682625
2012-10-18,0.05560703366276215
2012-10-19,0.05549367531724101
2012-10-20,0.05549362803336118
2012-10-21,0.055493591041560694
2012-10-22,0.055249592482635335
2012-10-23,0.055554073377095614
2012-10-24,0.055253805747935175
2012-10-25,0.055243523011669175
2012-10-26,0.0551079853877611
2012-10-27,0.05510803234305079
2012-10-28,0.0551067148302945
2012-10-29,0.05508508700069454
2012-10-30,0.05494057249432855
2012-10-31,0.055127393071212144
2012-11-01,0.05510659371946015
2012-11-02,0.05512242745707775
2012-11-03,0.0551202577393117
2012-11-04,0.05512176467972765
2012-11-05,0.054718685163067084
2012-11-06,0.054490714796265716
2012-11-07,0.05462713025429431
2012-11-08,0.054473166621036066
2012-11-09,0.054378707239226276
2012-11-10,0.054380819201026026
2012-11-11,0.05438080406760772
2012-11-12,0.0542763631802971
2012-11-13,0.054338527894938836
2012-11-14,0.054344128616322124
2012-11-15,0.05447824273550121
2012-11-16,0.05470513975074862
2012-11-17,0.05470501814499203
2012-11-18,0.05470474285362358
2012-11-19,0.054482412833181434
2012-11-20,0.05456999991300925
2012-11-21,0.05477448548258759
2012-11-22,0.05478851027777744
2012-11-23,0.054947096609538386
2012-11-24,0.0549471073739152
2012-11-25,0.0549450189442756
2012-11-26,0.05526079537518004
2012-11-27,0.05547325191815163
2012-11-28,0.055226953200736374
2012-11-29,0.05524912578217203
2012-11-30,0.05531521261521032
2012-12-01,0.05531482792486549
2012-12-02,0.055314794368958566
2012-12-03,0.05539424882275137
2012-12-04,0.05534595855632623
2012-12-05,0.05568121124776468
2012-12-06,0.0557113670963127
2012-12-07,0.05529425833874309
2012-12-08,0.05529428875030163
2012-12-09,0.05529580059023565
2012-12-10,0.0550538068992484
2012-12-11,0.05508846578686778
2012-12-12,0.055288648638878064
2012-12-13,0.05554581709800118
2012-12-14,0.055256173691546645
2012-12-15,0.05525617944701462
2012-12-16,0.055253598444167315
2012-12-17,0.055851952856829326
2012-12-18,0.05580734719565381
2012-12-19,0.05611198276520161
2012-12-20,0.05604664135817806
2012-12-21,0.05626445770222471
2012-12-22,0.05626445770222471
2012-12-23,0.056267993066026284
2012-12-24,0.05604274912740838
2012-12-25,0.0560329828960252
2012-12-26,0.056040505193895154
2012-12-27,0.05617964895504739
2012-12-28,0.056250705684579266
2012-12-29,0.056250801522403526
2012-12-30,0.05624995254482812
2012-12-31,0.056110870061326305
2013-01-01,0.056065420867213764
2013-01-02,0.0560848895918815
2013-01-03,0.056130467427204095
2013-01-04,0.055520656887849046
2013-01-05,0.055520656887849046
2013-01-06,0.05552158616550965
2013-01-07,0.05559536869357149
2013-01-08,0.05582126834441045
2013-01-09,0.05567840963614898
2013-01-10,0.05540469959504533
2013-01-11,0.056281509506552946
2013-01-12,0.05628153952664545
2013-01-13,0.05628297904506138
2013-01-14,0.05655694838607172
2013-01-15,0.056849918555091576
2013-01-16,0.05653699508978374
2013-01-17,0.05644716029932878
2013-01-18,0.05686533167576527
2013-01-19,0.05686501637469611
2013-01-20,0.05686643821761737
2013-01-21,0.05664194374891076
2013-01-22,0.056661590390778525
2013-01-23,0.05676404803785722
2013-01-24,0.056694346963103236
2013-01-25,0.05685906448794946
2013-01-26,0.05685906943413108
2013-01-27,0.056859094684941595
2013-01-28,0.05726602008281489
2013-01-29,0.05724590941675492
2013-01-30,0.05731367938703115
2013-01-31,0.05760862909924253
2013-02-01,0.0576011080066571
2013-02-02,0.05760111135730413
2013-02-03,0.05760106077708581
2013-02-04,0.05793199160222711
2013-02-05,0.05742241358580565
2013-02-06,0.057688937162385885
2013-02-07,0.05758494722292158
2013-02-08,0.05711084540103284
2013-02-09,0.05711083314590877
2013-02-10,0.057112877358716035
2013-02-11,0.0568788071290154
2013-02-12,0.05699453048482212
2013-02-13,0.05723077265779375
2013-02-14,0.05718853261457504
2013-02-15,0.056854203871056115
2013-02-16,0.056854203871056115
2013-02-17,0.056854203871056115
2013-02-18,0.05689682066310057
2013-02-19,0.05689065857102615
2013-02-20,0.057094159362530005
2013-02-21,0.05681465661669538
2013-02-22,0.05632519194186164
2013-02-23,0.056323530369647906
2013-02-24,0.056323530369647906
2013-02-25,0.05645734160422628
2013-02-26,0.056027119132444216
2013-02-27,0.05587160913029457
2013-02-28,0.05621655137626332
2013-03-01,0.05595219084746582
2013-03-02,0.055951051622929654
2013-03-03,0.055955297996463364
2013-03-04,0.05581520605503902
2013-03-05,0.055784712476329004
2013-03-06,0.056022105558453356
2013-03-07,0.05569389078940859
2013-03-08,0.05625866862524678
2013-03-09,0.05625866276536005
2013-03-10,0.05625866862524678
2013-03-11,0.05584199748889184
2013-03-12,0.05594552931818392
2013-03-13,0.05599420331509752
2013-03-14,0.055684142615767984
2013-03-15,0.055762887220958124
2013-03-16,0.05576134995327829
2013-03-17,0.055761355761365365
2013-03-18,0.056173124234772595
2013-03-19,0.055752036608012624
2013-03-20,0.05540127522552269
2013-03-21,0.0556724428159114
2013-03-22,0.0554610628945302
2013-03-23,0.05545995923776146
2013-03-24,0.05545995923776146
2013-03-25,0.055921303307410644
2013-03-26,0.05537472236988432
2013-03-27,0.05537927329447196
2013-03-28,0.055037465406901194
2013-03-29,0.05504422478240296
2013-03-30,0.0550442551333958
2013-03-31,0.0550442551333958
2013-04-01,0.055229185430809694
2013-04-02,0.05520210702367156
2013-04-03,0.055234819405857005
2013-04-04,0.05521330908152849
2013-04-05,0.05552654546053405
2013-04-06,0.05552432198868488
2013-04-07,0.05552432198868488
2013-04-08,0.055501426089459384
2013-04-09,0.055792066234765035
2013-04-10,0.05606667862895132
2013-04-11,0.056009702856920154
2013-04-12,0.05609876638793041
2013-04-13,0.05609888028966216
2013-04-14,0.05611757552852175
2013-04-15,0.056285783188606775
2013-04-16,0.05588220457650561
2013-04-17,0.05660223356257466
2013-04-18,0.05608873454729838
2013-04-19,0.05613153199839393
2013-04-20,0.05613151995341531
2013-04-21,0.05613266458752458
2013-04-22,0.05612908693366131
2013-04-23,0.05625058567159563
2013-04-24,0.05600858331093987
2013-04-25,0.05599008718493234
2013-04-26,0.05595795626009379
2013-04-27,0.05595595320141372
2013-04-28,0.05595599326246209
2013-04-29,0.05593347925348647
2013-04-30,0.056076792261340644
2013-05-01,0.05637534267111396
2013-05-02,0.056594141539991046
2013-05-03,0.056034886811662535
2013-05-04,0.05603432267224936
2013-05-05,0.05603430516222667
2013-05-06,0.056244885696252606
2013-05-07,0.05610364139303749
2013-05-08,0.0560858313972506
2013-05-09,0.05649541659266745
2013-05-10,0.05612471524701218
2013-05-11,0.05612295307308214
2013-05-12,0.056126429830369716
2013-05-13,0.05586182498147973
2013-05-14,0.05591917642280184
2013-05-15,0.05577614918586074
2013-05-16,0.05560290487771844
2013-05-17,0.055749069836792634
2013-05-18,0.05574745735869404
2013-05-19,0.05574745735869404
2013-05-20,0.05551986986925502
2013-05-21,0.055687685414564085
2013-05-22,0.056037049122452755
2013-05-23,0.05578025612399661
2013-05-24,0.05605843321656848
2013-05-25,0.05605843321656848
2013-05-26,0.05605843321656848
2013-05-27,0.05607572272552485
2013-05-28,0.05631474197081062
2013-05-29,0.05591257415678373
2013-05-30,0.056218860956696176
2013-05-31,0.05673239510076024
2013-06-01,0.05673115852359861
2013-06-02,0.05673115261449703
2013-06-03,0.05645392434839567
2013-06-04,0.05680639043184238
2013-06-05,0.05683465090764718
2013-06-06,0.056756407383210215
2013-06-07,0.05744355696306479
2013-06-08,0.05743256747855199
2013-06-09,0.057432336237538635
2013-06-10,0.05744183496762607
2013-06-11,0.05742766960352845
2013-06-12,0.05736300382082918
2013-06-13,0.05772808009653217
2013-06-14,0.05787944080998877
2013-06-15,0.05787852663087892
2013-06-16,0.05787854838664385
2013-06-17,0.05779642211452213
2013-06-18,0.057933038647087355
2013-06-19,0.05830251534333627
2013-06-20,0.058102823102980136
2013-06-21,0.057887117009720074
2013-06-22,0.05788525110042261
2013-06-23,0.05788525712957391
2013-06-24,0.05747864426519583
2013-06-25,0.057511983363370066
2013-06-26,0.057301927150338626
2013-06-27,0.056953389702005294
2013-06-28,0.05717474140079237
2013-06-29,0.057171652043137705
2013-06-30,0.057171657998121586
2013-07-01,0.056952941219768634
2013-07-02,0.05726943418138638
2013-07-03,0.056912727524448294
2013-07-04,0.05712797162724304
2013-07-05,0.05688258168305474
2013-07-06,0.05688061877175659
2013-07-07,0.05703683690474315
2013-07-08,0.05667261547786619
2013-07-09,0.056864946466737794
2013-07-10,0.05628488662235185
2013-07-11,0.056946263384771253
2013-07-12,0.057492093609625726
2013-07-13,0.057492256755107586
2013-07-14,0.05749242913967202
2013-07-15,0.05733663446013462
2013-07-16,0.057196906944054327
2013-07-17,0.0569217578576277
2013-07-18,0.05703082824203043
2013-07-19,0.05680156432233476
2013-07-20,0.056807060298475945
2013-07-21,0.05680705442765004
2013-07-22,0.05774151729917432
2013-07-23,0.057875005587709645
2013-07-24,0.058061491266113235
2013-07-25,0.057944564203550104
2013-07-26,0.058274040588565765
2013-07-27,0.05827216366647137
2013-07-28,0.05827216366647137
2013-07-29,0.058310278359077365
2013-07-30,0.05838746241249663
2013-07-31,0.05836099259127964
2013-08-01,0.058654342372150635
2013-08-02,0.058155431654487506
2013-08-03,0.0581548556824514
2013-08-04,0.05815503021523517
2013-08-05,0.05845272668265283
2013-08-06,0.05834926760792392
2013-08-07,0.05854624744256159
2013-08-08,0.05860523192128809
2013-08-09,0.058765244783793164
2013-08-10,0.05876322750256382
2013-08-11,0.05876227579240085
2013-08-12,0.05866035993271768
2013-08-13,0.058591216398994665
2013-08-14,0.05850269427574235
2013-08-15,0.058401511589310784
2013-08-16,0.05891745432840546
2013-08-17,0.05891592945344878
2013-08-18,0.05891592945344878
2013-08-19,0.05893531720811144
2013-08-20,0.05889861041309567
2013-08-21,0.059206734075143985
2013-08-22,0.059108108014323806
2013-08-23,0.05910669558847021
2013-08-24,0.059120745723605796
2013-08-25,0.05912058415838159
2013-08-26,0.05925284274467308
2013-08-27,0.05930219753003387
2013-08-28,0.05945675678132778
2013-08-29,0.05936998640974286
2013-08-30,0.05890784793556703
2013-08-31,0.05891217158115189
2013-09-01,0.0589118574880515
2013-09-02,0.05874526464962131
2013-09-03,0.058763292965434324
2013-09-04,0.05863235300199408
2013-09-05,0.05884740059530705
2013-09-06,0.05839461601074689
2013-09-07,0.05839461601074689
2013-09-08,0.05839461601074689
2013-09-09,0.0584709230284639
2013-09-10,0.05873512624246095
2013-09-11,0.058723742446751125
2013-09-12,0.058910053378165725
2013-09-13,0.05890228498059554
2013-09-14,0.05890024593383315
2013-09-15,0.05890023366458564
2013-09-16,0.05905164959461894
2013-09-17,0.05892293990379874
2013-09-18,0.05871216546073672
2013-09-19,0.05933048618672888
2013-09-20,0.05951956295650333
2013-09-21,0.05951956295650333
2013-09-22,0.05951955675712761
2013-09-23,0.05956558026126555
2013-09-24,0.0594863076572992
2013-09-25,0.05939687936995988
2013-09-26,0.05973383565064967
2013-09-27,0.05964356908441885
2013-09-28,0.05964150358998302
2013-09-29,0.05964381016662985
2013-09-30,0.05969220504822737
2013-10-01,0.05970792806114028
2013-10-02,0.059630483041608194
2013-10-03,0.05983635721063779
2013-10-04,0.06007685643491339
2013-10-05,0.060074019426865334
2013-10-06,0.060074019426865334
2013-10-07,0.059851505673922764
2013-10-08,0.059878767677414894
2013-10-09,0.059924412439281
2013-10-10,0.05966928473553013
2013-10-11,0.05968664394353279
2013-10-12,0.059681930986138075
2013-10-13,0.05968194341888018
2013-10-14,0.05972102835717624
2013-10-15,0.05976323157765298
2013-10-16,0.059573910465813
2013-10-17,0.05940708107441495
2013-10-18,0.06013591026296344
2013-10-19,0.060133226836954254
2013-10-20,0.06013323310024775
2013-10-21,0.06009994593608987
2013-10-22,0.05999634120950023
2013-10-23,0.06039172846487475
2013-10-24,0.06038342555196054
2013-10-25,0.06052280367081426
2013-10-26,0.06052108804862249
2013-10-27,0.06052108804862249
2013-10-28,0.060503408621120636
2013-10-29,0.060541743086359234
2013-10-30,0.06043664852978782
2013-10-31,0.06052723609962349
2013-11-01,0.06007259580360932
2013-11-02,0.06007243017963087
2013-11-03,0.06007246424332768
2013-11-04,0.05966481413030223
2013-11-05,0.059879612109847075
2013-11-06,0.05967502820359988
2013-11-07,0.059948000970042846
2013-11-08,0.05965398855873654
2013-11-09,0.05965391795758763
2013-11-10,0.05965390553068332
2013-11-11,0.059534156409986466
2013-11-12,0.05975996270151047
2013-11-13,0.059837061061436506
2013-11-14,0.05996952294840454
2013-11-15,0.05980837076374365
2013-11-16,0.05980837076374365
2013-11-17,0.05980837076374365
2013-11-18,0.05986708575337122
2013-11-19,0.05999037371763736
2013-11-20,0.06002991452951972
2013-11-21,0.060158625645111576
2013-11-22,0.0600690298563739
2013-11-23,0.0600690298563739
2013-11-24,0.06006901108605637
2013-11-25,0.06027893943536908
2013-11-26,0.06017127554234188
2013-11-27,0.060313575532756764
2013-11-28,0.06037933387012239
2013-11-29,0.06052543431052528
2013-11-30,0.06052555713873169
2013-12-01,0.060525680752345275
2013-12-02,0.06050885480980866
2013-12-03,0.06034592522910397
2013-12-04,0.06059176659321134
2013-12-05,0.06057820311948907
2013-12-06,0.06048490190336958
2013-12-07,0.06048454164490641
2013-12-08,0.06048454164490641
2013-12-09,0.06093218219761126
2013-12-10,0.06101075423864077
2013-12-11,0.061193472039789955
2013-12-12,0.06133454032132459
2013-12-13,0.06141565451227805
2013-12-14,0.06141564133449297
2013-12-15,0.06141564133449297
2013-12-16,0.06112808965369393
2013-12-17,0.06133594562087317
2013-12-18,0.06128611084365565
2013-12-19,0.06132343373189871
2013-12-20,0.061109801705346474
2013-12-21,0.06110946358988961
2013-12-22,0.06110912120218108
2013-12-23,0.06093210916251104
2013-12-24,0.06103995821272735
2013-12-25,0.06105256899746846
2013-12-26,0.061034408536016944
2013-12-27,0.061069311824829775
2013-12-28,0.06107011954891969
2013-12-29,0.061070113188042785
2013-12-30,0.06124858775723016
2013-12-31,0.061390367307116056
2014-01-01,0.0614298402979755
2014-01-02,0.06120249833811962
2014-01-03,0.06110860478263339
2014-01-04,0.061108078135428616
2014-01-05,0.061108078135428616
2014-01-06,0.06075621380946031
2014-01-07,0.06072385323433884
2014-01-08,0.06104111182876412
2014-01-09,0.06090189002118764
2014-01-10,0.060904196117815425
2014-01-11,0.0609040667827805
2014-01-12,0.06090385825063632
2014-01-13,0.061111760615772275
2014-01-14,0.061145943844334805
2014-01-15,0.06132278346723247
2014-01-16,0.061089499027524426
2014-01-17,0.0610940991123214
2014-01-18,0.0610940991123214
2014-01-19,0.06109407365780946
2014-01-20,0.06080528894123472
2014-01-21,0.06090804883656223
2014-01-22,0.06080184229001538
2014-01-23,0.06096218212666857
2014-01-24,0.06135985076131484
2014-01-25,0.06135974676006832
2014-01-26,0.06135974676006832
2014-01-27,0.06161034875605162
2014-01-28,0.061562140155262256
2014-01-29,0.06145300619044389
2014-01-30,0.06150880253769421
2014-01-31,0.061440194856031034
2014-02-01,0.061440181674428024
2014-02-02,0.061440175275006795
2014-02-03,0.06099526916283683
2014-02-04,0.061011799089538375
2014-02-05,0.060922911904501595
2014-02-06,0.06105883962897519
2014-02-07,0.060886795786885176
2014-02-08,0.06088683497337316
2014-02-09,0.06088682863158667
2014-02-10,0.06136210607202451
2014-02-11,0.061468215496605895
2014-02-12,0.061543872753140785
2014-02-13,0.061206724230415
2014-02-14,0.06152006587234022
2014-02-15,0.06152006587234022
2014-02-16,0.06152006587234022
2014-02-17,0.06151341002248554
2014-02-18,0.061501411479764595
2014-02-19,0.06175571796297851
2014-02-20,0.06188972133588917
2014-02-21,0.06172897792257683
2014-02-22,0.06172897792257683
2014-02-23,0.06172897792257683
2014-02-24,0.061822716160652075
2014-02-25,0.06182107429430547
2014-02-26,0.06201400487528893
2014-02-27,0.061954406373622956
2014-02-28,0.0615607474062163
2014-03-01,0.0615607474062163
2014-03-02,0.06156103742718235
2014-03-03,0.062181736230086
2014-03-04,0.062049338158576946
2014-03-05,0.06198681006461904
2014-03-06,0.06171730092080628
2014-03-07,0.061839687205593324
2014-03-08,0.06183942009018087
2014-03-09,0.06183942009018087
2014-03-10,0.0623941565829097
2014-03-11,0.06244370766037639
2014-03-12,0.06235064162308128
2014-03-13,0.06238923883036805
2014-03-14,0.06273229649483318
2014-03-15,0.06273232341210222
2014-03-16,0.06273232341210222
2014-03-17,0.06241485169677019
2014-03-18,0.06234836962261622
2014-03-19,0.06265201228467177
2014-03-20,0.06275841240533021
2014-03-21,0.06207756164752654
2014-03-22,0.062077060304598294
2014-03-23,0.062077060304598294
2014-03-24,0.0621532584291933
2014-03-25,0.062005661585945435
2014-03-26,0.06225892778069654
2014-03-27,0.06208294283013533
2014-03-28,0.06198354436141722
2014-03-29,0.061983572094949646
2014-03-30,0.06198357855096954
2014-03-31,0.06183763930815936
2014-04-01,0.062104977475708076
2014-04-02,0.06210483125290054
2014-04-03,0.062048342208768544
2014-04-04,0.06200606350898217
2014-04-05,0.06200614520296889
2014-04-06,0.06200614520296889
2014-04-07,0.061659660530139875
2014-04-08,0.06173847220645489
2014-04-09,0.06187114260220261
2014-04-10,0.06201519863058454
2014-04-11,0.06217699582856405
2014-04-12,0.06217713873622654
2014-04-13,0.06217713873622654
2014-04-14,0.062246501003491245
2014-04-15,0.06226625704843417
2014-04-16,0.06206815876027404
2014-04-17,0.062185339775064345
2014-04-18,0.062272644345098785
2014-04-19,0.062272630982697565
2014-04-20,0.062272630982697565
2014-04-21,0.062120658818017385
2014-04-22,0.062228186484283125
2014-04-23,0.06223773823121285
2014-04-24,0.06235210537272003
2014-04-25,0.06221911305625944
2014-04-26,0.06221914738887527
2014-04-27,0.06221914738887527
2014-04-28,0.06226356536667232
2014-04-29,0.06246030285324293
2014-04-30,0.062338895328284634
2014-05-01,0.06213590706582285
2014-05-02,0.0624341464068553
2014-05-03,0.06243428952564824
2014-05-04,0.06243425050735079
2014-05-05,0.06233635210977525
2014-05-06,0.06236048760160671
2014-05-07,0.06259200887958713
2014-05-08,0.06256633380536192
2014-05-09,0.06271090160064516
2014-05-10,0.06271065675040306
2014-05-11,0.062710637155677
2014-05-12,0.062103857529136726
2014-05-13,0.06194795689186873
2014-05-14,0.06175593383932936
2014-05-15,0.061809436090086406
2014-05-16,0.06158800144180609
2014-05-17,0.061576643975245794
2014-05-18,0.06157663756161126
2014-05-19,0.06173214729840277
2014-05-20,0.06190494474665457
2014-05-21,0.061819371155775495
2014-05-22,0.061708390592538916
2014-05-23,0.061681336463859614
2014-05-24,0.0616815789402214
2014-05-25,0.0616815789402214
2014-05-26,0.0614191997926899
2014-05-27,0.06159826714452135
2014-05-28,0.06155608650380446
2014-05-29,0.06160251086950294
2014-05-30,0.061488712434345484
2014-05-31,0.06148864460877066
2014-06-01,0.0614886061814538
2014-06-02,0.06156198175474988
2014-06-03,0.0615924336588136
2014-06-04,0.06164098398679976
2014-06-05,0.0616414161132876
2014-06-06,0.061638941546695636
2014-06-07,0.061638940407605036
2014-06-08,0.06163888904732078
2014-06-09,0.06161298888454069
2014-06-10,0.06156093490288269
2014-06-11,0.06128340611301765
2014-06-12,0.06120974009790634
2014-06-13,0.06116531887831512
2014-06-14,0.06116516882255333
2014-06-15,0.06116514971073438
2014-06-16,0.061254088321572094
2014-06-17,0.061432802646401795
2014-06-18,0.06138173973715316
2014-06-19,0.061370016743532416
2014-06-20,0.061658484472502786
2014-06-21,0.061658490154110165
2014-06-22,0.0616584387775365
2014-06-23,0.06146942399718951
2014-06-24,0.06145333405066207
2014-06-25,0.061374356446467486
2014-06-26,0.06150206629581757
2014-06-27,0.061509056581011926
2014-06-28,0.061508866454653185
2014-06-29,0.061508866454653185
2014-06-30,0.061475597031704535
2014-07-01,0.061646808952048014
2014-07-02,0.06174510346044614
2014-07-03,0.0617680264551026
2014-07-04,0.06169242788880061
2014-07-05,0.06169242788880061
2014-07-06,0.06169242788880061
2014-07-07,0.06139089155854906
2014-07-08,0.06144713775810515
2014-07-09,0.06138205848700064
2014-07-10,0.061576570451354035
2014-07-11,0.06153893135973572
2014-07-12,0.0615407767640926
2014-07-13,0.06154074471374995
2014-07-14,0.06144052923046992
2014-07-15,0.061636032732232574
2014-07-16,0.06160327397579753
2014-07-17,0.061299174932535276
2014-07-18,0.06126079734210754
2014-07-19,0.061260756064849875
2014-07-20,0.06126073054090147
2014-07-21,0.06121716655903689
2014-07-22,0.06126040122433267
2014-07-23,0.060933074270993
2014-07-24,0.06101625555082674
2014-07-25,0.06104259264653232
2014-07-26,0.06104256418822639
2014-07-27,0.061042545114716976
2014-07-28,0.060927844188704304
2014-07-29,0.06090473376167686
2014-07-30,0.06099129198857325
2014-07-31,0.060886887057772184
2014-08-01,0.06082489803966465
2014-08-02,0.06082448877057869
2014-08-03,0.06082447610050076
2014-08-04,0.06088217298025886
2014-08-05,0.0609318889394969
2014-08-06,0.06080508368594165
2014-08-07,0.060775722875562974
2014-08-08,0.06089009836589993
2014-08-09,0.06089009836589993
2014-08-10,0.060890072996383965
2014-08-11,0.06102605667624986
2014-08-12,0.06101678482791638
2014-08-13,0.060783542985842716
2014-08-14,0.06080723288505307
2014-08-15,0.060878912814719965
2014-08-16,0.06087874477789301
2014-08-17,0.06087870039130043
2014-08-18,0.06089648837829781
2014-08-19,0.06098435631206249
2014-08-20,0.06090603876906806
2014-08-21,0.06060198867051421
2014-08-22,0.060509797685969174
2014-08-23,0.060509797685969174
2014-08-24,0.060509785080771455
2014-08-25,0.0606432936570009
2014-08-26,0.06028370151025675
2014-08-27,0.06025048926904396
2014-08-28,0.06028177093660389
2014-08-29,0.06028185730402023
2014-08-30,0.06028190866142391
2014-08-31,0.060281896104368675
2014-09-01,0.06007174422243732
2014-09-02,0.06007582735960384
2014-09-03,0.06005441347385161
2014-09-04,0.060299617852754436
2014-09-05,0.059407977374899036
2014-09-06,0.059407977374899036
2014-09-07,0.05940796499922824
2014-09-08,0.059498536500688655
2014-09-09,0.05951307031687076
2014-09-10,0.059524060675086046
2014-09-11,0.0595074183856727
2014-09-12,0.05823543153339744
2014-09-13,0.058235468723956234
2014-09-14,0.058235426593714584
2014-09-15,0.05839492580440372
2014-09-16,0.058298757795203056
2014-09-17,0.05848794493378624
2014-09-18,0.05795807294039487
2014-09-19,0.05832963529821068
2014-09-20,0.058329598914335576
2014-09-21,0.05832957480195918
2014-09-22,0.057995648027970886
2014-09-23,0.0580946774324747
2014-09-24,0.058146719207110925
2014-09-25,0.057921837869378566
2014-09-26,0.057881114481297784
2014-09-27,0.05788018784133113
2014-09-28,0.05788013400578071
2014-09-29,0.057646366729866824
2014-09-30,0.05769172947040809
2014-10-01,0.057386176649771976
2014-10-02,0.05737192010562511
2014-10-03,0.0576336082238363
2014-10-04,0.057633700428050536
2014-10-05,0.057633700428050536
2014-10-06,0.05696714369781426
2014-10-07,0.05749409904992981
2014-10-08,0.05749181389480493
2014-10-09,0.05758517445692565
2014-10-10,0.057786583262372855
2014-10-11,0.05778662016324618
2014-10-12,0.05778662016324618
2014-10-13,0.05735665777980163
2014-10-14,0.057994211906711654
2014-10-15,0.057488092070085636
2014-10-16,0.058214278459885443
2014-10-17,0.05826100772042246
2014-10-18,0.058261064484585345
2014-10-19,0.058261064484585345
2014-10-20,0.05831002629962136
2014-10-21,0.058162748161791865
2014-10-22,0.057980014624103696
2014-10-23,0.05798526593927899
2014-10-24,0.0577032720805871
2014-10-25,0.057703040769739256
2014-10-26,0.057703052692612854
2014-10-27,0.05778176672884057
2014-10-28,0.05785544665574201
2014-10-29,0.05812861585989654
2014-10-30,0.05770545396101728
2014-10-31,0.05753981222944553
2014-11-01,0.05753977899955866
2014-11-02,0.05753969576011931
2014-11-03,0.05745118674854589
2014-11-04,0.05735374125074553
2014-11-05,0.05761509774853767
2014-11-06,0.05756179208870395
2014-11-07,0.05706525907255973
2014-11-08,0.057065226206363506
2014-11-09,0.05706523799713408
2014-11-10,0.05735193689032252
2014-11-11,0.05724077657388224
2014-11-12,0.05748345192791122
2014-11-13,0.05734966018786485
2014-11-14,0.057458683819135166
2014-11-15,0.057458683819135166
2014-11-16,0.05745857695070367
2014-11-17,0.05775320586198949
2014-11-18,0.05743930829935228
2014-11-19,0.05775444602950944
2014-11-20,0.05785252820977784
2014-11-21,0.057904961642800026
2014-11-22,0.05790499515464946
2014-11-23,0.05790499515464946
2014-11-24,0.05747465324497755
2014-11-25,0.05742804989908433
2014-11-26,0.05753302842755368
2014-11-27,0.05775863934493049
2014-11-28,0.05773639343578237
2014-11-29,0.057736425728316595
2014-11-30,0.057736425728316595
2014-12-01,0.05767505846702964
2014-12-02,0.05791222936569921
2014-12-03,0.05764693877594546
2014-12-04,0.05736132095954389
2014-12-05,0.05738046119015429
2014-12-06,0.05738046119015429
2014-12-07,0.05738046119015429
2014-12-08,0.05766057527933523
2014-12-09,0.0572511734905506
2014-12-10,0.05763948569461468
2014-12-11,0.057740241181909534
2014-12-12,0.05817995938613343
2014-12-13,0.05818038111362
2014-12-14,0.05818038111362
2014-12-15,0.058330938465205456
2014-12-16,0.05825084535074829
2014-12-17,0.0587967504546345
2014-12-18,0.05845943050148451
2014-12-19,0.057694907403865694
2014-12-20,0.057695581926796496
2014-12-21,0.05769558788373097
2014-12-22,0.057510609108287584
2014-12-23,0.057582700232736865
2014-12-24,0.057400733935970796
2014-12-25,0.05736784555869689
2014-12-26,0.05734893803192208
2014-12-27,0.05734893803192208
2014-12-28,0.05734895580103671
2014-12-29,0.057292786248090054
2014-12-30,0.057235669670217634
2014-12-31,0.05712950561840244
2015-01-01,0.05716655819509635
2015-01-02,0.05697463108568088
2015-01-03,0.056974293001739146
2015-01-04,0.056974234176358246
2015-01-05,0.05690678269702982
2015-01-06,0.056351188211644955
2015-01-07,0.05635119376161813
2015-01-08,0.05609990904545167
2015-01-09,0.05572049556106091
2015-01-10,0.05572049556106091
2015-01-11,0.05572043803481012
2015-01-12,0.055957518315707576
2015-01-13,0.055883858167947706
2015-01-14,0.05587246405828293
2015-01-15,0.055697782883296104
2015-01-16,0.05549298258822033
2015-01-17,0.05549298258822033
2015-01-18,0.05549449342146236
2015-01-19,0.055067356030936813
2015-01-20,0.055150655286881504
2015-01-21,0.05513676694617133
2015-01-22,0.05521547310404831
2015-01-23,0.0555711639675333
2015-01-24,0.0555711639675333
2015-01-25,0.0555711639675333
2015-01-26,0.05367500759254878
2015-01-27,0.05380253747789435
2015-01-28,0.05411772433539187
2015-01-29,0.05459210920569456
2015-01-30,0.0543812072384105
2015-01-31,0.0543812072384105
2015-02-01,0.05438161217547234
2015-02-02,0.054267168436047154
2015-02-03,0.05432920115722309
2015-02-04,0.054521878661923893
2015-02-05,0.054838725543824365
2015-02-06,0.05510892285802509
2015-02-07,0.05510889111856226
2015-02-08,0.05510891388742538
2015-02-09,0.055221043550693426
2015-02-10,0.054712387368845705
2015-02-11,0.0545964846099689
2015-02-12,0.05470576898718253
2015-02-13,0.054897034631168594
2015-02-14,0.054894349827117536
2015-02-15,0.05489443089507061
2015-02-16,0.055116574700791635
2015-02-17,0.05513784531994565
2015-02-18,0.05519304907992729
2015-02-19,0.05499563067770638
2015-02-20,0.055106888107869116
2015-02-21,0.055106888107869116
2015-02-22,0.05510682380572571
2015-02-23,0.055009789491710016
2015-02-24,0.05494961337459745
2015-02-25,0.05500347871014093
2015-02-26,0.05508992241213578
2015-02-27,0.055178019120014625
2015-02-28,0.05517953044760473
2015-03-01,0.05517953615038338
2015-03-02,0.05461429627709022
2015-03-03,0.05463441957262155
2015-03-04,0.0543432658317627
2015-03-05,0.054266899937095776
2015-03-06,0.0540747090073323
2015-03-07,0.0540747090073323
2015-03-08,0.05407478723417026
2015-03-09,0.053643269911977313
2015-03-10,0.05347476488528005
2015-03-11,0.05302151272555546
2015-03-12,0.052276727598294555
2015-03-13,0.05256387996830991
2015-03-14,0.052563968787910156
2015-03-15,0.05256390202199656
2015-03-16,0.05224592092489209
2015-03-17,0.05209561789303452
2015-03-18,0.05233008556454653
2015-03-19,0.0523597624036252
2015-03-20,0.05262027789520687
2015-03-21,0.052620264198030516
2015-03-22,0.05262025876033144
2015-03-23,0.052657825411645244
2015-03-24,0.05335551241066235
2015-03-25,0.0533733303303411
2015-03-26,0.05387090031616291
2015-03-27,0.05401516388063274
2015-03-28,0.05401510414380252
2015-03-29,0.05401507065411151
2015-03-30,0.05344316729831744
2015-03-31,0.05336805216512768
2015-04-01,0.05285498850420088
2015-04-02,0.052804386596406905
2015-04-03,0.05318606486989486
2015-04-04,0.053185904888551294
2015-04-05,0.053185904888551294
2015-04-06,0.053197941592753865
2015-04-07,0.05376051570256092
2015-04-08,0.0533098253483728
2015-04-09,0.05346313650837981
2015-04-10,0.053086795999548804
2015-04-11,0.05308676823907444
2015-04-12,0.05308676823907444
2015-04-13,0.05224839790672859
2015-04-14,0.051921937885602766
2015-04-15,0.052053329452744525
2015-04-16,0.05197609574954688
2015-04-17,0.05272314768925215
2015-04-18,0.05272302528706487
2015-04-19,0.05272295831912032
2015-04-20,0.05309256429306081
2015-04-21,0.0528270470608153
2015-04-22,0.05258161786828311
2015-04-23,0.05291857557059841
2015-04-24,0.0527667963066637
2015-04-25,0.05276680972021243
2015-04-26,0.05276687128998876
2015-04-27,0.05326928680856846
2015-04-28,0.05303062432995569
2015-04-29,0.05337649792939315
2015-04-30,0.05366227822015959
2015-05-01,0.0546525772185206
2015-05-02,0.05465244740481835
2015-05-03,0.05465236668910705
2015-05-04,0.05485401036465992
2015-05-05,0.05445494159251173
2015-05-06,0.05427129495003448
2015-05-07,0.05485469440564542
2015-05-08,0.05529605029384021
2015-05-09,0.05529593373070258
2015-05-10,0.05529594516108273
2015-05-11,0.054902906561160314
2015-05-12,0.05452732275429896
2015-05-13,0.05486568893135421
2015-05-14,0.0545906761688996
2015-05-15,0.055445995528401626
2015-05-16,0.05544591369424779
2015-05-17,0.055445972659761505
2015-05-18,0.0552985381989744
2015-05-19,0.05575562940403496
2015-05-20,0.0548627199411921
2015-05-21,0.054321104768690384
2015-05-22,0.05472577636439193
2015-05-23,0.05472566905160148
2015-05-24,0.054725605195796
2015-05-25,0.05485890732120241
2015-05-26,0.054047846850753256
2015-05-27,0.05382889199500487
2015-05-28,0.05370931739415594
2015-05-29,0.05391484991148479
2015-05-30,0.05391479585379771
2015-05-31,0.05391479585379771
2015-06-01,0.054227234798558364
2015-06-02,0.05388600423793408
2015-06-03,0.054332610072200097
2015-06-04,0.05478198589096162
2015-06-05,0.056082397653950414
2015-06-06,0.0560823054214198
2015-06-07,0.05608218031758632
2015-06-08,0.055410362026833096
2015-06-09,0.054731216597779
2015-06-10,0.055483403369762235
2015-06-11,0.05562343806858757
2015-06-12,0.05550512295720627
2015-06-13,0.05550512295720627
2015-06-14,0.055505052455485544
2015-06-15,0.05515884209964048
2015-06-16,0.05533140000899523
2015-06-17,0.05547515354256269
2015-06-18,0.05544885459634856
2015-06-19,0.05613674729105709
2015-06-20,0.05614190906812795
2015-06-21,0.05614196877381752
2015-06-22,0.05590027509897398
2015-06-23,0.056124902470858225
2015-06-24,0.05538251405637926
2015-06-25,0.0552832380604274
2015-06-26,0.05528030120047733
2015-06-27,0.0552871963204884
2015-06-28,0.05528724942631916
2015-06-29,0.05527236137108353
2015-06-30,0.054956910331273236
2015-07-01,0.055344250441200796
2015-07-02,0.055084767273375204
2015-07-03,0.05488243315923757
2015-07-04,0.054882488977510226
2015-07-05,0.05488529779444184
2015-07-06,0.05515068452502414
2015-07-07,0.05492335757060279
2015-07-08,0.05464896303806356
2015-07-09,0.05484592641203158
2015-07-10,0.05482889031894556
2015-07-11,0.05482889031894556
2015-07-12,0.054828895985334414
2015-07-13,0.05559875977193796
2015-07-14,0.05507242961556311
2015-07-15,0.05495170184375627
2015-07-16,0.05498120333496062
2015-07-17,0.05441728077134158
2015-07-18,0.05441706099782337
2015-07-19,0.05441706099782337
2015-07-20,0.054144429295312074
2015-07-21,0.054094465914307575
2015-07-22,0.05420698840470174
2015-07-23,0.054515381063458386
2015-07-24,0.05495918856604074
2015-07-25,0.05495993434315743
2015-07-26,0.05495992866292295
2015-07-27,0.05481740581344589
2015-07-28,0.05535552995500858
2015-07-29,0.0552126293660338
2015-07-30,0.05532356009136733
2015-07-31,0.05491152226972869
2015-08-01,0.05491152226972869
2015-08-02,0.05491152226972869
2015-08-03,0.05506193445168057
2015-08-04,0.05507723997365078
2015-08-05,0.05526232330869069
2015-08-06,0.054886532263798964
2015-08-07,0.05484153584729402
2015-08-08,0.054841570436573166
2015-08-09,0.05484151094068279
2015-08-10,0.054766458290901814
2015-08-11,0.05501492223809515
2015-08-12,0.05551568195153887
2015-08-13,0.056114827850564875
2015-08-14,0.05603581993730775
2015-08-15,0.05603581993730775
2015-08-16,0.05603572440515644
2015-08-17,0.05604468589812147
2015-08-18,0.055913990982039245
2015-08-19,0.05578886309505291
2015-08-20,0.056171068281664134
2015-08-21,0.05639153240281051
2015-08-22,0.05639105132224212
2015-08-23,0.056391068805278215
2015-08-24,0.056983885171158204
2015-08-25,0.05810329193115412
2015-08-26,0.0582694862716091
2015-08-27,0.05782907519302577
2015-08-28,0.05717181502159845
2015-08-29,0.05717181502159845
2015-08-30,0.05717182092917622
2015-08-31,0.05715580426801578
2015-09-01,0.056827092162377954
2015-09-02,0.05717860957968112
2015-09-03,0.057292195133991586
2015-09-04,0.05674352591978863
2015-09-05,0.05674352591978863
2015-09-06,0.05674360802058643
2015-09-07,0.05683729025993574
2015-09-08,0.056886308992685375
2015-09-09,0.056869040332282954
2015-09-10,0.0568424289284082
2015-09-11,0.05693528520952108
2015-09-12,0.05693527932356022
2015-09-13,0.05693528520952108
2015-09-14,0.05734181428952214
2015-09-15,0.057648364413972863
2015-09-16,0.057515317536793543
2015-09-17,0.05693841696623384
2015-09-18,0.05745420475453126
2015-09-19,0.057453615561854604
2015-09-20,0.05745369570513078
2015-09-21,0.058149565758551014
2015-09-22,0.05756877952664859
2015-09-23,0.057134459448529254
2015-09-24,0.05700987668609943
2015-09-25,0.05743821112291017
2015-09-26,0.05743821112291017
2015-09-27,0.05743821112291017
2015-09-28,0.05715149851267329
2015-09-29,0.05718049354082355
2015-09-30,0.057421620818812885
2015-10-01,0.05734511252422668
2015-10-02,0.056944277865336165
2015-10-03,0.056944277865336165
2015-10-04,0.05694427198001526
2015-10-05,0.05689348900288348
2015-10-06,0.0571434179071729
2015-10-07,0.05718111622139848
2015-10-08,0.057077218361576455
2015-10-09,0.057126073384056765
2015-10-10,0.057126037254987994
2015-10-11,0.0571260608717332
2015-10-12,0.05740751046826332
2015-10-13,0.05758567404157029
2015-10-14,0.057503370770700266
2015-10-15,0.057658055534064674
2015-10-16,0.05778564229723677
2015-10-17,0.05778233266014979
2015-10-18,0.057785270742458934
2015-10-19,0.05746245145182946
2015-10-20,0.057405407312686195
2015-10-21,0.05777752559805664
2015-10-22,0.05779300574799149
2015-10-23,0.05648698043233282
2015-10-24,0.05648698043233282
2015-10-25,0.056487138119001815
2015-10-26,0.05653590599495786
2015-10-27,0.05620206079170106
2015-10-28,0.05654616028960087
2015-10-29,0.05657270730648616
2015-10-30,0.056033665627219155
2015-10-31,0.05603158525147312
2015-11-01,0.05603158525147312
2015-11-02,0.05633487882063636
2015-11-03,0.056307167747326026
2015-11-04,0.05621438010117926
2015-11-05,0.05613455169893745
2015-11-06,0.055906760984172556
2015-11-07,0.05590679466330413
2015-11-08,0.0559067888852095
2015-11-09,0.056056640342158015
2015-11-10,0.05547596065468308
2015-11-11,0.055274810552661126
2015-11-12,0.0552852814759035
2015-11-13,0.05566405245710058
2015-11-14,0.05566403805610513
2015-11-15,0.0556640207966314
2015-11-16,0.05564915187827142
2015-11-17,0.05539992298947414
2015-11-18,0.05499946325752437
2015-11-19,0.054984360696773704
2015-11-20,0.05520661163028043
2015-11-21,0.055206668750431474
2015-11-22,0.055206697276833014
2015-11-23,0.05491262861392448
2015-11-24,0.054907751385631816
2015-11-25,0.054989915792320876
2015-11-26,0.054902632018940564
2015-11-27,0.05496645571495476
2015-11-28,0.05496707964114886
2015-11-29,0.05496707964114886
2015-11-30,0.05489157121937992
2015-12-01,0.05473611593382025
2015-12-02,0.054956298554627366
2015-12-03,0.054583294506861474
2015-12-04,0.056135861624177566
2015-12-05,0.05613583270402043
2015-12-06,0.056135792106824796
2015-12-07,0.05617836992803462
2015-12-08,0.055985881446990654
2015-12-09,0.05616207473018211
2015-12-10,0.0569593775807853
2015-12-11,0.05674093583518609
2015-12-12,0.05674093583518609
2015-12-13,0.05674454366078435
2015-12-14,0.05698299873158748
2015-12-15,0.057023659737799
2015-12-16,0.056639859996817615
2015-12-17,0.056769312488987055
2015-12-18,0.05636999617639694
2015-12-19,0.05636998166829894
2015-12-20,0.056370022423996004
2015-12-21,0.05664634350322254
2015-12-22,0.05676390955755105
2015-12-23,0.05702885688945551
2015-12-24,0.056750889708642664
2015-12-25,0.056988105760257805
2015-12-26,0.05698809109307514
2015-12-27,0.05698809109307514
2015-12-28,0.05707799129596774
2015-12-29,0.05715569479022969
2015-12-30,0.05698295235407779
2015-12-31,0.057054973925506625
2016-01-01,0.05675291308652533
2016-01-02,0.0567530882706562
2016-01-03,0.056753117578932366
2016-01-04,0.05687615970728037
2016-01-05,0.056837351331322415
2016-01-06,0.056497545989740335
2016-01-07,0.056528137748711176
2016-01-08,0.05742277828531549
2016-01-09,0.057422763524882244
2016-01-10,0.0574229946795217
2016-01-11,0.057513068766274295
2016-01-12,0.05727573153423117
2016-01-13,0.05723031915592497
2016-01-14,0.05736603311647777
2016-01-15,0.05766969194858486
2016-01-16,0.05766967713499835
2016-01-17,0.057669766556151615
2016-01-18,0.057364505941594306
2016-01-19,0.057557720784894406
2016-01-20,0.05772507158604051
2016-01-21,0.05778878970317653
2016-01-22,0.05765446356271624
2016-01-23,0.057654522784773
2016-01-24,0.05765454065571351
2016-01-25,0.05725515684452303
2016-01-26,0.05741083373615519
2016-01-27,0.05746985448466402
2016-01-28,0.057564920910477435
2016-01-29,0.05788495422659868
2016-01-30,0.057884998824396974
2016-01-31,0.05788507060256282
2016-02-01,0.05729478556215275
2016-02-02,0.057560021534944605
2016-02-03,0.0575349031738601
2016-02-04,0.058173189930958935
2016-02-05,0.05886820605481736
2016-02-06,0.0588681909343713
2016-02-07,0.0588681909343713
2016-02-08,0.0588180075171936
2016-02-09,0.05839002016947738
2016-02-10,0.05920467141315858
2016-02-11,0.05904067508691485
2016-02-12,0.059468625237875224
2016-02-13,0.059468640513050744
2016-02-14,0.059468640513050744
2016-02-15,0.05914606173085627
2016-02-16,0.05900681360800833
2016-02-17,0.058684392819344185
2016-02-18,0.05846371719127749
2016-02-19,0.05833176615143869
2016-02-20,0.05833178113112472
2016-02-21,0.05833175098751853
2016-02-22,0.058581753903232434
2016-02-23,0.05806902497405899
2016-02-24,0.05799540830009022
2016-02-25,0.05791764502446191
2016-02-26,0.058225022873283926
2016-02-27,0.05822506771971863
2016-02-28,0.05822508577280262
2016-02-29,0.057826409711070725
2016-03-01,0.057417433925557156
2016-03-02,0.057315636587899926
2016-03-03,0.05683834802342785
2016-03-04,0.05736483966544962
2016-03-05,0.057364350581087825
2016-03-06,0.05736434465219348
2016-03-07,0.057732402459672656
2016-03-08,0.05744634897937729
2016-03-09,0.05764969710233208
2016-03-10,0.057394146788527514
2016-03-11,0.05727817012828833
2016-03-12,0.05727862137280584
2016-03-13,0.05727860953352784
2016-03-14,0.05822461641592662
2016-03-15,0.05819141941098754
2016-03-16,0.05677266426293676
2016-03-17,0.05703493628143121
2016-03-18,0.057548652000708175
2016-03-19,0.057548652000708175
2016-03-20,0.05754865790274082
2016-03-21,0.05741466411928278
2016-03-22,0.05733024845252056
2016-03-23,0.05765159152140644
2016-03-24,0.05735374960920539
2016-03-25,0.05715575451327463
2016-03-26,0.05715582718553835
2016-03-27,0.057155833046971805
2016-03-28,0.05701396747045672
2016-03-29,0.05716830497507943
2016-03-30,0.05702530342939905
2016-03-31,0.05748201015435448
2016-04-01,0.05785278683719138
2016-04-02,0.0578543629917093
2016-04-03,0.0578543629917093
2016-04-04,0.05784145439156511
2016-04-05,0.05794062438983587
2016-04-06,0.05765151144394119
2016-04-07,0.05787249657766138
2016-04-08,0.0577598902699877
2016-04-09,0.057759948970882755
2016-04-10,0.05775996081876287
2016-04-11,0.05784391746281893
2016-04-12,0.057788817714327395
2016-04-13,0.057813980944834614
2016-04-14,0.0573327009980128
2016-04-15,0.05771640967356761
2016-04-16,0.05771639512782636
2016-04-17,0.05771640687577251
2016-04-18,0.05788190781136064
2016-04-19,0.05804920686388215
2016-04-20,0.05789568762441464
2016-04-21,0.058088295439028735
2016-04-22,0.05757011306092788
2016-04-23,0.057570537786097685
2016-04-24,0.05757077688407807
2016-04-25,0.05819134110923766
2016-04-26,0.05768067705985291
2016-04-27,0.05759142722417976
2016-04-28,0.05760915629246437
2016-04-29,0.057747991867652414
2016-04-30,0.05774623289561482
2016-05-01,0.05774438350635731
2016-05-02,0.05797190732852718
2016-05-03,0.058288179583038155
2016-05-04,0.058595326997799596
2016-05-05,0.058709808389917316
2016-05-06,0.0581125644845418
2016-05-07,0.05811200416824636
2016-05-08,0.05811208106487956
2016-05-09,0.058274285382897494
2016-05-10,0.05834951609777144
2016-05-11,0.058273201729563934
2016-05-12,0.05798660325729321
2016-05-13,0.058324539237398755
2016-05-14,0.05832290686672956
2016-05-15,0.0583225564859786
2016-05-16,0.05839076597500485
2016-05-17,0.05799378138987305
2016-05-18,0.05838450190654106
2016-05-19,0.058241035066000105
2016-05-20,0.05775566912422066
2016-05-21,0.05775618797203673
2016-05-22,0.05775613506345666
2016-05-23,0.05765519220920445
2016-05-24,0.05784777580287834
2016-05-25,0.057510941528506956
2016-05-26,0.057340201777962035
2016-05-27,0.057657544451450056
2016-05-28,0.05765809024903368
2016-05-29,0.05765813426946103
2016-05-30,0.05749045228357114
2016-05-31,0.057463081494524594
2016-06-01,0.05744643048044442
2016-06-02,0.05784558325447981
2016-06-03,0.05735919104294515
2016-06-04,0.05636874561484935
2016-06-05,0.056368640507692025
2016-06-06,0.05728626239758015
2016-06-07,0.05690559268783197
2016-06-08,0.0570987563305209
2016-06-09,0.05618159401646272
2016-06-10,0.056723440875915195
2016-06-11,0.05672390083986135
2016-06-12,0.056723735889735546
2016-06-13,0.056340688917412514
2016-06-14,0.0565165599116533
2016-06-15,0.056058286398593546
2016-06-16,0.056101588285637966
2016-06-17,0.05574470798287863
2016-06-18,0.055744454212858056
2016-06-19,0.055741335616765704
2016-06-20,0.05646867428644026
2016-06-21,0.05653366344962186
2016-06-22,0.056310675153270436
2016-06-23,0.056603424803113776
2016-06-24,0.05714595202382984
2016-06-25,0.057146742382051814
2016-06-26,0.057144064431567755
2016-06-27,0.05615004499122498
2016-06-28,0.0555490804952688
2016-06-29,0.055905647596281895
2016-06-30,0.05589029245294684
2016-07-01,0.05578085199994829
2016-07-02,0.05578224567913737
2016-07-03,0.05578147616983342
2016-07-04,0.05586102170886793
2016-07-05,0.05607806740199876
2016-07-06,0.05574506975063433
2016-07-07,0.055913594872934916
2016-07-08,0.05572290990597602
2016-07-09,0.05572258228224114
2016-07-10,0.055722934078714564
2016-07-11,0.05560935810721602
2016-07-12,0.05564294706441608
2016-07-13,0.055580253054406045
2016-07-14,0.05566056971487047
2016-07-15,0.05588852178348663
2016-07-16,0.05588738972363788
2016-07-17,0.05589141580989713
2016-07-18,0.05545946989128711
2016-07-19,0.055715937384839334
2016-07-20,0.0554967957945926
2016-07-21,0.05545502741656412
2016-07-22,0.055569649701630364
2016-07-23,0.05557048840123205
2016-07-24,0.05557218419770042
2016-07-25,0.05540537110216001
2016-07-26,0.05552008899858858
2016-07-27,0.05541835336583084
2016-07-28,0.055743361112442665
2016-07-29,0.05565481600541839
2016-07-30,0.05565106176815597
2016-07-31,0.05564861434518725
2016-08-01,0.05615496375186747
2016-08-02,0.05608276706118935
2016-08-03,0.05638635906137145
2016-08-04,0.056065804237750344
2016-08-05,0.05621416211494122
2016-08-06,0.0562175955974974
2016-08-07,0.05621996173615176
2016-08-08,0.055753419680848494
2016-08-09,0.055597562196085706
2016-08-10,0.05514734581518266
2016-08-11,0.05604283464950069
2016-08-12,0.0558732248497907
2016-08-13,0.05589483028661446
2016-08-14,0.055894294807508106
2016-08-15,0.055934192754768464
2016-08-16,0.055474614772659386
2016-08-17,0.05647984170279713
2016-08-18,0.05608067406176771
2016-08-19,0.0567759237878353
2016-08-20,0.05677635790641347
2016-08-21,0.05677625610735315
2016-08-22,0.05658741221142306
2016-08-23,0.05685643050425626
2016-08-24,0.056767645020005204
2016-08-25,0.05656628657840375
2016-08-26,0.05678910568492394
2016-08-27,0.05678953014608296
2016-08-28,0.05679325747000184
2016-08-29,0.05636025641963653
2016-08-30,0.05638425192022147
2016-08-31,0.056188090209717004
2016-09-01,0.05618135213727132
2016-09-02,0.05642576498372737
2016-09-03,0.05642635317578109
2016-09-04,0.05642633054988321
2016-09-05,0.05622063223412093
2016-09-06,0.05601350096375128
2016-09-07,0.05646279127602712
2016-09-08,0.056450247166970724
2016-09-09,0.0567099117877508
2016-09-10,0.056710825798213446
2016-09-11,0.056710831481766664
2016-09-12,0.05655769186029262
2016-09-13,0.05663778452891736
2016-09-14,0.05654362405752892
2016-09-15,0.056672584969199795
2016-09-16,0.05675326281838891
2016-09-17,0.056753698203203355
2016-09-18,0.05675365838827051
2016-09-19,0.05630509979684996
2016-09-20,0.05634600351690971
2016-09-21,0.05613117540497662
2016-09-22,0.05623844852669475
2016-09-23,0.05633708413178106
2016-09-24,0.05633528650701658
2016-09-25,0.056335309092793995
2016-09-26,0.05642970581786285
2016-09-27,0.05692846213301513
2016-09-28,0.05674583579196585
2016-09-29,0.056785098164597515
2016-09-30,0.05675384509333067
2016-10-01,0.05675417128818765
2016-10-02,0.05675417128818765
2016-10-03,0.05666524762140394
2016-10-04,0.05682177445884618
2016-10-05,0.056784098318697115
2016-10-06,0.056865588966567654
2016-10-07,0.056545629222833495
2016-10-08,0.056543877216516346
2016-10-09,0.05654389421879576
2016-10-10,0.05679089271116503
2016-10-11,0.05665953843534893
2016-10-12,0.056326788809053514
2016-10-13,0.05610082933690357
2016-10-14,0.05639736951454015
2016-10-15,0.05639418745228999
2016-10-16,0.056394193104561834
2016-10-17,0.0559814142431467
2016-10-18,0.05607229692613689
2016-10-19,0.05594412217178981
2016-10-20,0.055999642923070844
2016-10-21,0.05583848144915051
2016-10-22,0.05583905079609817
2016-10-23,0.05583915425266977
2016-10-24,0.055614286281175276
2016-10-25,0.05555899968457448
2016-10-26,0.05561714512045944
2016-10-27,0.055793328001333964
2016-10-28,0.055676682892312576
2016-10-29,0.05567675537546775
2016-10-30,0.05567675537546775
2016-10-31,0.0560629010477554
2016-11-01,0.05600212578645922
2016-11-02,0.05634062341863804
2016-11-03,0.056669888092145654
2016-11-04,0.05681500461886704
2016-11-05,0.05681586337680032
2016-11-06,0.05681598003287514
2016-11-07,0.05702326911372017
2016-11-08,0.05660796941963556
2016-11-09,0.05657296464411518
2016-11-10,0.05636550182646806
2016-11-11,0.0563199224938479
2016-11-12,0.056313207647934765
2016-11-13,0.05631310895367873
2016-11-14,0.056357114349043516
2016-11-15,0.055763098522895696
2016-11-16,0.05569936125017276
2016-11-17,0.05557042065088098
2016-11-18,0.055355704397969246
2016-11-19,0.05535594271425283
2016-11-20,0.055356216368712734
2016-11-21,0.055169201617080124
2016-11-22,0.055439675019885386
2016-11-23,0.05618516898805703
2016-11-24,0.05516771386529652
2016-11-25,0.0551421172512571
2016-11-26,0.05514109178053938
2016-11-27,0.055141072043251145
2016-11-28,0.05526403274716963
2016-11-29,0.05531980868363944
2016-11-30,0.055658351810888934
2016-12-01,0.05589021300759552
2016-12-02,0.05558551297552215
2016-12-03,0.05558404231560675
2016-12-04,0.05558409101766227
2016-12-05,0.055035224283813036
2016-12-06,0.055512540145863334
2016-12-07,0.05579585633533937
2016-12-08,0.05559710269266862
2016-12-09,0.05499379188695536
2016-12-10,0.054993503546513
2016-12-11,0.05499348133225141
2016-12-12,0.054591562032364815
2016-12-13,0.054991141195741534
2016-12-14,0.055074671889607664
2016-12-15,0.05476728413789377
2016-12-16,0.05420582574772737
2016-12-17,0.05420613990883299
2016-12-18,0.05420613134873627
2016-12-19,0.05443801820122656
2016-12-20,0.05424590656366378
2016-12-21,0.05416946459067756
2016-12-22,0.05434662751678652
2016-12-23,0.05434739652159664
2016-12-24,0.05434821074635947
2016-12-25,0.05434808766340908
2016-12-26,0.05440650778192151
2016-12-27,0.054407578058289316
2016-12-28,0.05443918761558675
2016-12-29,0.05416629316755147
2016-12-30,0.05449869559393452
2016-12-31,0.05449875288117238
2017-01-01,0.05449869785103175
2017-01-02,0.054730195221817345
2017-01-03,0.05448583585507272
2017-01-04,0.05406965811204169
2017-01-05,0.054277253932010674
2017-01-06,0.05494811182951002
2017-01-07,0.05495092260800251
2017-01-08,0.05495083252847044
2017-01-09,0.05470328589175991
2017-01-10,0.05498603728521834
2017-01-11,0.05479547603914787
2017-01-12,0.05482864476900619
2017-01-13,0.05502232228791293
2017-01-14,0.05502022131260929
2017-01-15,0.05502036392525059
2017-01-16,0.0558059138463687
2017-01-17,0.0548638350326705
2017-01-18,0.055522654262937364
2017-01-19,0.05516748499579044
2017-01-20,0.05526513861452813
2017-01-21,0.055263133931677706
2017-01-22,0.055263128350064285
2017-01-23,0.05528572352285914
2017-01-24,0.05566116325547193
2017-01-25,0.055979613809530246
2017-01-26,0.055656677412804494
2017-01-27,0.05530381193566816
2017-01-28,0.05530392983048966
2017-01-29,0.055303717883315215
2017-01-30,0.05523740332761403
2017-01-31,0.05524624240358519
2017-02-01,0.05572346558000812
2017-02-02,0.055580971723149894
2017-02-03,0.056217600524045695
2017-02-04,0.05621350214836582
2017-02-05,0.05621370879402823
2017-02-06,0.055504477357672506
2017-02-07,0.05547711123555171
2017-02-08,0.05510582044835477
2017-02-09,0.055449420995003766
2017-02-10,0.05497807984755726
2017-02-11,0.05497708860300721
2017-02-12,0.054977405146913974
2017-02-13,0.054911943475806475
2017-02-14,0.05471431687856722
2017-02-15,0.053900330892867804
2017-02-16,0.05446213633991842
2017-02-17,0.05492493160417066
2017-02-18,0.05492490246872562
2017-02-19,0.05492293156842931
2017-02-20,0.054646821905018954
2017-02-21,0.05466854175485829
2017-02-22,0.054304350861814656
2017-02-23,0.054324447341727436
2017-02-24,0.054774221330565954
2017-02-25,0.054773012027128296
2017-02-26,0.054772677401096176
2017-02-27,0.05436996455586591
2017-02-28,0.05496944834145623
2017-03-01,0.05499974410888673
2017-03-02,0.054448419594503146
2017-03-03,0.05420429249234234
2017-03-04,0.05420443569691979
2017-03-05,0.0542039357813499
2017-03-06,0.05476104954115015
2017-03-07,0.05514439575349478
2017-03-08,0.0545818339876209
2017-03-09,0.05455358311880412
2017-03-10,0.05462357505191394
2017-03-11,0.05462357369067138
2017-03-12,0.05462345483390805
2017-03-13,0.05516879027333417
2017-03-14,0.05511717103516894
2017-03-15,0.054636215859345576
2017-03-16,0.055174837598406794
2017-03-17,0.055271214086918534
2017-03-18,0.05527144594914864
2017-03-19,0.05527200911645701
2017-03-20,0.055110203898304615
2017-03-21,0.055113186144222864
2017-03-22,0.055415604498687564
2017-03-23,0.05534658854163848
2017-03-24,0.055266034773674484
2017-03-25,0.055266034773674484
2017-03-26,0.05526542408988986
2017-03-27,0.05536971628531575
2017-03-28,0.05579582648728743
2017-03-29,0.05559867344039935
2017-03-30,0.05544893286060837
2017-03-31,0.05499089226667615
2017-04-01,0.05499204311547505
2017-04-02,0.05499156787599441
2017-04-03,0.054902825987492215
2017-04-04,0.054978205798979815
2017-04-05,0.05503576153188224
2017-04-06,0.05498919482827195
2017-04-07,0.05492979654277983
2017-04-08,0.05492979654277983
2017-04-09,0.05493142076806635
2017-04-10,0.05464900768900344
2017-04-11,0.055021753267267486
2017-04-12,0.05499423091081446
2017-04-13,0.05525943592371695
2017-04-14,0.055060835411133206
2017-04-15,0.055060835411133206
2017-04-16,0.05506696445427936
2017-04-17,0.05457600887155656
2017-04-18,0.05465269280573616
2017-04-19,0.055118837434524115
2017-04-20,0.05553606512218551
2017-04-21,0.05507001606538772
2017-04-22,0.05507001606538772
2017-04-23,0.05506917634481079
2017-04-24,0.0549480034801528
2017-04-25,0.05565504903409975
2017-04-26,0.05601644531715022
2017-04-27,0.05597295993211532
2017-04-28,0.05583708416375268
2017-04-29,0.05583695903204351
2017-04-30,0.05583944504496965
2017-05-01,0.05595294995707702
2017-05-02,0.055942031048224504
2017-05-03,0.05613774551746758
2017-05-04,0.05587771501425846
2017-05-05,0.056296417942232696
2017-05-06,0.056295748473322034
2017-05-07,0.05629399110630082
2017-05-08,0.05654938339276461
2017-05-09,0.056193748189855314
2017-05-10,0.05591705625159945
2017-05-11,0.056523131093427235
2017-05-12,0.05571671285375002
2017-05-13,0.05571671285375002
2017-05-14,0.05571697802167098
2017-05-15,0.0560240880091638
2017-05-16,0.05608724603652474
2017-05-17,0.05140695618553665
2017-05-18,0.05187364777080235
2017-05-19,0.05153176095627262
2017-05-20,0.05153176095627262
2017-05-21,0.05153022886791578
2017-05-22,0.05193150683391957
2017-05-23,0.05216151755227799
2017-05-24,0.05184881263454151
2017-05-25,0.05197718321062089
2017-05-26,0.051967112314118526
2017-05-27,0.05196732813878934
2017-05-28,0.05196488162469439
2017-05-29,0.05188243942121683
2017-05-30,0.051770791096212354
2017-05-31,0.05187711247554291
2017-06-01,0.05206047035146302
2017-06-02,0.05180880903153885
2017-06-03,0.05180880903153885
2017-06-04,0.051808231502894236
2017-06-05,0.05210438261247856
2017-06-06,0.052003118224613
2017-06-07,0.05211528645617508
2017-06-08,0.05213609125283201
2017-06-09,0.051858127849449556
2017-06-10,0.05185780498750289
2017-06-11,0.05185032908950351
2017-06-12,0.05184141587782008
2017-06-13,0.051894100142170475
2017-06-14,0.05190568326695715
2017-06-15,0.05224172501476369
2017-06-16,0.052146254224755786
2017-06-17,0.05214613892767496
2017-06-18,0.05214720538993131
2017-06-19,0.05229828632552136
2017-06-20,0.05178189436625454
2017-06-21,0.051748309189671826
2017-06-22,0.05192752067679989
2017-06-23,0.051749277029185185
2017-06-24,0.051749277029185185
2017-06-25,0.051747732853418466
2017-06-26,0.05190510247019282
2017-06-27,0.051845135603745714
2017-06-28,0.052505064520318945
2017-06-29,0.05789035076967809
2017-06-30,0.05818476465940433
2017-07-01,0.05818476465940433
2017-07-02,0.05818115026647071
2017-07-03,0.05817003792868021
2017-07-04,0.052639767455031565
2017-07-05,0.05258820988888242
2017-07-06,0.05270493903441985
2017-07-07,0.05324008543498229
2017-07-08,0.05324008543498229
2017-07-09,0.053238332516778335
2017-07-10,0.052886093302627876
2017-07-11,0.052842390169696433
2017-07-12,0.053124634510447535
2017-07-13,0.05287034428486535
2017-07-14,0.05264494330778635
2017-07-15,0.052644035027053546
2017-07-16,0.052635727949922925
2017-07-17,0.05296502122063333
2017-07-18,0.052458007744268315
2017-07-19,0.052833644928178894
2017-07-20,0.052534241438803246
2017-07-21,0.05304139213856964
2017-07-22,0.05303833788748963
2017-07-23,0.053037832140742036
2017-07-24,0.053320842871934726
2017-07-25,0.0532921191769253
2017-07-26,0.05318078103408313
2017-07-27,0.05366351569388973
2017-07-28,0.05330762398708078
2017-07-29,0.053305253939020726
2017-07-30,0.05330277498183882
2017-07-31,0.053539603668447594
2017-08-01,0.05405507535142101
2017-08-02,0.05397144862602917
2017-08-03,0.054189875094207605
2017-08-04,0.05431937699454175
2017-08-05,0.05431636926451278
2017-08-06,0.0543201046938218
2017-08-07,0.05389727926058233
2017-08-08,0.05392970305550609
2017-08-09,0.0537740712474185
2017-08-10,0.05381994444286752
2017-08-11,0.053809554934836454
2017-08-12,0.05380948900267065
2017-08-13,0.05380542768732447
2017-08-14,0.05408132341627107
2017-08-15,0.05396927852759254
2017-08-16,0.053687035300575336
2017-08-17,0.05385676548370104
2017-08-18,0.05363255928466744
2017-08-19,0.05362898813024081
2017-08-20,0.05362797081270274
2017-08-21,0.05371273520571089
2017-08-22,0.053969283266252034
2017-08-23,0.0537879672316478
2017-08-24,0.05399298530726298
2017-08-25,0.05385189714828735
2017-08-26,0.053847731868070896
2017-08-27,0.053842577725945126
2017-08-28,0.05426318212317248
2017-08-29,0.054587989382409226
2017-08-30,0.05468747807711891
2017-08-31,0.05422236361941785
2017-09-01,0.054342530550661364
2017-09-02,0.0543371509601376
2017-09-03,0.05434320381059518
2017-09-04,0.0540627759181175
2017-09-05,0.05451831370657802
2017-09-06,0.05454976715848066
2017-09-07,0.0544575945794278
2017-09-08,0.05490187288112549
2017-09-09,0.05489636252145544
2017-09-10,0.054898441941592865
2017-09-11,0.055065846566831465
2017-09-12,0.05470859849789313
2017-09-13,0.054862143386047536
2017-09-14,0.05455200283615214
2017-09-15,0.0546366636676387
2017-09-16,0.05463008277901838
2017-09-17,0.054629457379962165
2017-09-18,0.05476557315288716
2017-09-19,0.05484365351126941
2017-09-20,0.05510656155253503
2017-09-21,0.05459860665960821
2017-09-22,0.05478326969180873
2017-09-23,0.0547763071887916
2017-09-24,0.05477623624466057
2017-09-25,0.05494935351861388
2017-09-26,0.05459237082521067
2017-09-27,0.05438629357928919
2017-09-28,0.054215075298769705
2017-09-29,0.05440665017992698
2017-09-30,0.054399799530414746
2017-10-01,0.05440088306636788
2017-10-02,0.05422974405361048
2017-10-03,0.05419881616097293
2017-10-04,0.05421252367309959
2017-10-05,0.054324649585759346
2017-10-06,0.05413160408038075
2017-10-07,0.0541230972594157
2017-10-08,0.05411318128741558
2017-10-09,0.05423682837039248
2017-10-10,0.05425268903239426
2017-10-11,0.05457974069238202
2017-10-12,0.0547564369832401
2017-10-13,0.05458552193631802
2017-10-14,0.05457544453403933
2017-10-15,0.05457573001369578
2017-10-16,0.05452265022688925
2017-10-17,0.05445887381505387
2017-10-18,0.05432797765233833
2017-10-19,0.05447575668462097
2017-10-20,0.054814469113220854
2017-10-21,0.054814469113220854
2017-10-22,0.05479794954312736
2017-10-23,0.05463566393211954
2017-10-24,0.05448534455404465
2017-10-25,0.05456356222041001
2017-10-26,0.055013334182191294
2017-10-27,0.05434585885439657
2017-10-28,0.05434588871195327
2017-10-29,0.05433029969202852
2017-10-30,0.054064626817125386
2017-10-31,0.05423883621970583
2017-11-01,0.054285555966893745
2017-11-02,0.05410525165503831
2017-11-03,0.05437250111381993
2017-11-04,0.054349209757005176
2017-11-05,0.054350389001798206
2017-11-06,0.05410986471451636
2017-11-07,0.05413182258009682
2017-11-08,0.0540109626980514
2017-11-09,0.05403118273892253
2017-11-10,0.054238216316745594
2017-11-11,0.05423656773155657
2017-11-12,0.05421146133480741
2017-11-13,0.054402446987722966
2017-11-14,0.05432829598969183
2017-11-15,0.054974513394759415
2017-11-16,0.0549243579696261
2017-11-17,0.05478980366870901
2017-11-18,0.05476537404273867
2017-11-19,0.05476823544345514
2017-11-20,0.05493372240998141
2017-11-21,0.054622208514826937
2017-11-22,0.054507868105989045
2017-11-23,0.054822597919227604
2017-11-24,0.05491762954012505
2017-11-25,0.05491605919906585
2017-11-26,0.054912663522458355
2017-11-27,0.05529878325058186
2017-11-28,0.05521433505658495
2017-11-29,0.05499641207366306
2017-11-30,0.05497475382687638
2017-12-01,0.05517128455168441
2017-12-02,0.055161646323569034
2017-12-03,0.05516411285321268
2017-12-04,0.0551969449863747
2017-12-05,0.0551400829679102
2017-12-06,0.05395678858599219
2017-12-07,0.05458502547803677
2017-12-08,0.05394139489695806
2017-12-09,0.05394142455397278
2017-12-10,0.053942259323082886
2017-12-11,0.054762912843761516
2017-12-12,0.05478357053569115
2017-12-13,0.054538421924844836
2017-12-14,0.05492076802134685
2017-12-15,0.05473692125802382
2017-12-16,0.05473692125802382
2017-12-17,0.05473961339449849
2017-12-18,0.05450516624338806
2017-12-19,0.05459258125859234
2017-12-20,0.05484897497699867
2017-12-21,0.05498539697866467
2017-12-22,0.05496855588034236
2017-12-23,0.05496849912823801
2017-12-24,0.05496807344960092
2017-12-25,0.05489383948589615
2017-12-26,0.05490058433205093
2017-12-27,0.05484063332557349
2017-12-28,0.054939771314142384
2017-12-29,0.0551155947031709
2017-12-30,0.055115738961922595
2017-12-31,0.05511415544475426
2018-01-01,0.05532867194066044
2018-01-02,0.05530942467204797
2018-01-03,0.05551474488260154
2018-01-04,0.055250279233895805
2018-01-05,0.0555248820968753
2018-01-06,0.055524970666329714
2018-01-07,0.055531145059339614
2018-01-08,0.05598256318926494
2018-01-09,0.05521126990436255
2018-01-10,0.05506572432437386
2018-01-11,0.0544357055491069
2018-01-12,0.055237915057360754
2018-01-13,0.055238003210068845
2018-01-14,0.055229322615171716
2018-01-15,0.05589979072634626
2018-01-16,0.0561847046378099
2018-01-17,0.0561969078473404
2018-01-18,0.05582080712729884
2018-01-19,0.05610778147530178
2018-01-20,0.0561032881926383
2018-01-21,0.05610124749006286
2018-01-22,0.05594926448417528
2018-01-23,0.05655134610502938
2018-01-24,0.0563905682692872
2018-01-25,0.05661568829550189
2018-01-26,0.05700955423500499
2018-01-27,0.05700979069199458
2018-01-28,0.05700737304122265
2018-01-29,0.05749705301255095
2018-01-30,0.057336964274139895
2018-01-31,0.057378552536062985
2018-02-01,0.057468970520985
2018-02-02,0.05749798999279898
2018-02-03,0.057495715424654995
2018-02-04,0.057496109301843824
2018-02-05,0.057666860698183095
2018-02-06,0.061034982806505454
2018-02-07,0.06105334587131094
2018-02-08,0.06114337764156885
2018-02-09,0.060516264192092606
2018-02-10,0.060514757359640015
2018-02-11,0.0605157802456636
2018-02-12,0.06043933893837499
2018-02-13,0.06036996657145866
2018-02-14,0.060555618002351826
2018-02-15,0.060631503608031
2018-02-16,0.061019860660344934
2018-02-17,0.0610198260668805
2018-02-18,0.06101896467324871
2018-02-19,0.06150136807036067
2018-02-20,0.06056151713071288
2018-02-21,0.061009224995570766
2018-02-22,0.06074787252241583
2018-02-23,0.06047730662195199
2018-02-24,0.06047730662195199
2018-02-25,0.06047676942336871
2018-02-26,0.06000020740482919
2018-02-27,0.060659667792101996
2018-02-28,0.060755720346897336
2018-03-01,0.06049946467646648
2018-03-02,0.06056362298231296
2018-03-03,0.06056362298231296
2018-03-04,0.0605631292752886
2018-03-05,0.06058917791500513
2018-03-06,0.060440358268718436
2018-03-07,0.060767704194571934
2018-03-08,0.06150397083821897
2018-03-09,0.061144333308175224
2018-03-10,0.06114195742748764
2018-03-11,0.061141751102779786
2018-03-12,0.060763316178946904
2018-03-13,0.06081330444343438
2018-03-14,0.060910024384509924
2018-03-15,0.061319312335486584
2018-03-16,0.06129551319491846
2018-03-17,0.061292976387609804
2018-03-18,0.06128826868631539
2018-03-19,0.06082987722510579
2018-03-20,0.06097401418486695
2018-03-21,0.06097349084790733
2018-03-22,0.06078472912515791
2018-03-23,0.06041397321373124
2018-03-24,0.06041118370440522
2018-03-25,0.06041147408440008
2018-03-26,0.06053119741229684
2018-03-27,0.06114493467164277
2018-03-28,0.06172230544301198
2018-03-29,0.06127388752066373
2018-03-30,0.06079206402971383
2018-03-31,0.0607901858034633
2018-04-01,0.06079003660524758
2018-04-02,0.06055547577040342
2018-04-03,0.060815427013719524
2018-04-04,0.061048973075867104
2018-04-05,0.06098773293372168
2018-04-06,0.06122789787902501
2018-04-07,0.06122697160778238
2018-04-08,0.06122781571458773
2018-04-09,0.06022645208319618
2018-04-10,0.06054734172498467
2018-04-11,0.061041994792999744
2018-04-12,0.06008607384811247
2018-04-13,0.0600443294203636
2018-04-14,0.0600443294203636
2018-04-15,0.060045398048154876
2018-04-16,0.05970568807737398
2018-04-17,0.05987480418434997
2018-04-18,0.059961913961465996
2018-04-19,0.06020601621283978
2018-04-20,0.06030139091747919
2018-04-21,0.06030119809209869
2018-04-22,0.06030103116320141
2018-04-23,0.06093576983906811
2018-04-24,0.059934699008676144
2018-04-25,0.059794367964170744
2018-04-26,0.059758122693332014
2018-04-27,0.05954980201534321
2018-04-28,0.05954808852188209
2018-04-29,0.05954961372757483
2018-04-30,0.05926889629630852
2018-05-01,0.05950257384563819
2018-05-02,0.05953846032197678
2018-05-03,0.059703572501022144
2018-05-04,0.05956930866168123
2018-05-05,0.05956826179185553
2018-05-06,0.05956907832497523
2018-05-07,0.05994579611633532
2018-05-08,0.05941662656569582
2018-05-09,0.06022911031276729
2018-05-10,0.05978522736386488
2018-05-11,0.05972564420049021
2018-05-12,0.05972782159397955
2018-05-13,0.059726775197624045
2018-05-14,0.059894298078650404
2018-05-15,0.06002430900734689
2018-05-16,0.060306052540258545
2018-05-17,0.05928111940434254
2018-05-18,0.05937781211654555
2018-05-19,0.059379447958636714
2018-05-20,0.0593794063605773
2018-05-21,0.059347942847511215
2018-05-22,0.06046542639397401
2018-05-23,0.05925161062442578
2018-05-24,0.05961299941560929
2018-05-25,0.059098161869047816
2018-05-26,0.05909825468313306
2018-05-27,0.05909834378048106
2018-05-28,0.058920205976482926
2018-05-29,0.059026443084487054
2018-05-30,0.05836624633959811
2018-05-31,0.05781694951196602
2018-06-01,0.058883574752310534
2018-06-02,0.05888245878335562
2018-06-03,0.0588825210548795
2018-06-04,0.05902064649851209
2018-06-05,0.05944179900187951
2018-06-06,0.05962968367895972
2018-06-07,0.05901971476089343
2018-06-08,0.059169297943582395
2018-06-09,0.05916839577356705
2018-06-10,0.05916838431766922
2018-06-11,0.059550805393080046
2018-06-12,0.059612648578046316
2018-06-13,0.058942541378499955
2018-06-14,0.05887340405324928
2018-06-15,0.05904776903657373
2018-06-16,0.05904727124662073
2018-06-17,0.05904742061135959
2018-06-18,0.058220346673980225
2018-06-19,0.058570711499844996
2018-06-20,0.05825141058869614
2018-06-21,0.059135151614420685
2018-06-22,0.05927328486258115
2018-06-23,0.059272685473410934
2018-06-24,0.05927170623116775
2018-06-25,0.058702777425243095
2018-06-26,0.05961986524519559
2018-06-27,0.05951129559753381
2018-06-28,0.060325985120083
2018-06-29,0.05902240777849321
2018-06-30,0.05902506837265739
2018-07-01,0.05902519340848716
2018-07-02,0.05923418764437039
2018-07-03,0.059814589785136325
2018-07-04,0.059291599166929554
2018-07-05,0.05966480770416598
2018-07-06,0.05914561732875994
2018-07-07,0.05914561732875994
2018-07-08,0.05914562678745037
2018-07-09,0.060066187239068335
2018-07-10,0.05970159636204006
2018-07-11,0.059854402015890734
2018-07-12,0.059360646436807905
2018-07-13,0.05913310963475882
2018-07-14,0.05912857980506236
2018-07-15,0.05912850535276034
2018-07-16,0.059625106447262294
2018-07-17,0.05933613736929097
2018-07-18,0.05930600412099231
2018-07-19,0.05908116359828413
2018-07-20,0.058717080939335926
2018-07-21,0.05871527261583026
2018-07-22,0.05871471125168214
2018-07-23,0.06011698384138779
2018-07-24,0.06010486240739935
2018-07-25,0.05999900265553178
2018-07-26,0.05997588189059425
2018-07-27,0.06004916703084425
2018-07-28,0.06004581948080241
2018-07-29,0.060045704318125795
2018-07-30,0.05973915937465666
2018-07-31,0.05913582055898952
2018-08-01,0.059559157245782826
2018-08-02,0.06013008918383856
2018-08-03,0.05911745277339805
2018-08-04,0.059112552133164964
2018-08-05,0.05911280078076909
2018-08-06,0.0589742477554164
2018-08-07,0.05963760031564784
2018-08-08,0.060034370519535335
2018-08-09,0.05998045422086978
2018-08-10,0.06039237026726256
2018-08-11,0.06038803375635329
2018-08-12,0.06039236622199473
2018-08-13,0.06013233345389719
2018-08-14,0.05971512268333263
2018-08-15,0.059963229866297936
2018-08-16,0.05997961177759205
2018-08-17,0.05980831203985725
2018-08-18,0.05980554107027864
2018-08-19,0.05980523705018948
2018-08-20,0.05995450985929259
2018-08-21,0.059526833168392114
2018-08-22,0.05954530565954964
2018-08-23,0.06184007539005335
2018-08-24,0.061680634610411435
2018-08-25,0.06167755111092321
2018-08-26,0.06167698150699089
2018-08-27,0.06200442216228882
2018-08-28,0.06204838703440151
2018-08-29,0.06255629677942304
2018-08-30,0.06251579048820276
2018-08-31,0.06276531319207469
2018-09-01,0.06276402606295428
2018-09-02,0.06276425519387592
2018-09-03,0.06265633914632303
2018-09-04,0.06256994786105825
2018-09-05,0.06224455471838548
2018-09-06,0.06243460465433604
2018-09-07,0.0626596435595842
2018-09-08,0.06266133592983321
2018-09-09,0.06266158233633784
2018-09-10,0.06260918217441855
2018-09-11,0.06206061923710506
2018-09-12,0.06322546334427163
2018-09-13,0.06288628438012589
2018-09-14,0.06158941067882268
2018-09-15,0.06158934709103868
2018-09-16,0.06158922269996691
2018-09-17,0.06151566721071606
2018-09-18,0.0617318311354211
2018-09-19,0.06277590745868751
2018-09-20,0.06253445858336346
2018-09-21,0.06127690764715141
2018-09-22,0.061276144515817574
2018-09-23,0.061276251782940376
2018-09-24,0.06321537603528417
2018-09-25,0.06312116804547141
2018-09-26,0.06300777910254059
2018-09-27,0.06251366636519762
2018-09-28,0.06308979640906508
2018-09-29,0.06308830478728789
2018-09-30,0.06308821998521214
2018-10-01,0.06268125856781356
2018-10-02,0.06217294020896942
2018-10-03,0.06216555206403211
2018-10-04,0.06207166474624356
2018-10-05,0.06176647837773846
2018-10-06,0.061765342355499325
2018-10-07,0.06176568729585388
2018-10-08,0.06238999560357949
2018-10-09,0.06210702559966774
2018-10-10,0.062025304700995605
2018-10-11,0.06251850657181514
2018-10-12,0.06258998143173339
2018-10-13,0.0625893473743178
2018-10-14,0.06258917174574323
2018-10-15,0.06244450306522473
2018-10-16,0.06295905003021124
2018-10-17,0.06285789997029365
2018-10-18,0.06250549173105417
2018-10-19,0.06262081315303844
2018-10-20,0.06261994881496048
2018-10-21,0.06262010137030447
2018-10-22,0.06265687969694415
2018-10-23,0.06254519822233733
2018-10-24,0.062852065345352
2018-10-25,0.06234596327808905
2018-10-26,0.06223448801742971
2018-10-27,0.06223216839380651
2018-10-28,0.06223197526905406
2018-10-29,0.062346882117810504
2018-10-30,0.062400750408915275
2018-10-31,0.06278599838148921
2018-11-01,0.06201201698707863
2018-11-02,0.06241302579730692
2018-11-03,0.06241046367655414
2018-11-04,0.06241076884256528
2018-11-05,0.062283238293760604
2018-11-06,0.06194790745588153
2018-11-07,0.062336653582984555
2018-11-08,0.062472748329419875
2018-11-09,0.0624574932845853
2018-11-10,0.062455613977598405
2018-11-11,0.06245539166494826
2018-11-12,0.06217288739555851
2018-11-13,0.06173597802323482
2018-11-14,0.06143001822745795
2018-11-15,0.061600070528196285
2018-11-16,0.06180440197284669
2018-11-17,0.0618043322733132
2018-11-18,0.06180471156190324
2018-11-19,0.062230917592104286
2018-11-20,0.061886793961487545
2018-11-21,0.0619343540808267
2018-11-22,0.0621005630108806
2018-11-23,0.06240843235832321
2018-11-24,0.062408767303747247
2018-11-25,0.06240868267846979
2018-11-26,0.06210538307847018
2018-11-27,0.06191432383209863
2018-11-28,0.06168527831694279
2018-11-29,0.06167503312808947
2018-11-30,0.062220993393950895
2018-12-01,0.06221979990150787
2018-12-02,0.062219544617493495
2018-12-03,0.06192207290509041
2018-12-04,0.06240258913187618
2018-12-05,0.06243074172240467
2018-12-06,0.062370343269140524
2018-12-07,0.062416349913298586
2018-12-08,0.062414802242357244
2018-12-09,0.0624150288090374
2018-12-10,0.06268958585493185
2018-12-11,0.0629357110751647
2018-12-12,0.06302236314513039
2018-12-13,0.06282300158320592
2018-12-14,0.0631025003234908
2018-12-15,0.06310089252535572
2018-12-16,0.06310102241091427
2018-12-17,0.06270807815025956
2018-12-18,0.06279583772421551
2018-12-19,0.06299123738160078
2018-12-20,0.06292859983560779
2018-12-21,0.06308623025054375
2018-12-22,0.06307826132569307
2018-12-23,0.06307847755448023
2018-12-24,0.06318024938807751
2018-12-25,0.0631876090277094
2018-12-26,0.0639502860904937
2018-12-27,0.06375166078976344
2018-12-28,0.06369363876556021
2018-12-29,0.06370076258980248
2018-12-30,0.06369734280328561
2018-12-31,0.06379078154472519
2019-01-01,0.0640171071101738
2019-01-02,0.06439673326925092
2019-01-03,0.06382312372754856
2019-01-04,0.06361406162930927
2019-01-05,0.06361118556198297
2019-01-06,0.06361116962647492
2019-01-07,0.06372613022264477
2019-01-08,0.0640004996418025
2019-01-09,0.06394922891043794
2019-01-10,0.0640176180635004
2019-01-11,0.0646437518910152
2019-01-12,0.06463691288675975
2019-01-13,0.06464148936639226
2019-01-14,0.06455296778124271
2019-01-15,0.06405568310355586
2019-01-16,0.06395131424562304
2019-01-17,0.06381338704240203
2019-01-18,0.06397248347933736
2019-01-19,0.06396570567422798
2019-01-20,0.06396570849440845
2019-01-21,0.06416875524830024
2019-01-22,0.06389372992694295
2019-01-23,0.0636991905487685
2019-01-24,0.06387396672504249
2019-01-25,0.06365120166897639
2019-01-26,0.06364315505603359
2019-01-27,0.06364860839253758
2019-01-28,0.06411389875715338
2019-01-29,0.06426954634379954
2019-01-30,0.06403921391873015
2019-01-31,0.06439311635539621
2019-02-01,0.06459014891096035
2019-02-02,0.06458756116244349
2019-02-03,0.06458740172538716
2019-02-04,0.06501340441485211
2019-02-05,0.06437845026664205
2019-02-06,0.06455849597100079
2019-02-07,0.06442561588599909
2019-02-08,0.06412070807615036
2019-02-09,0.06412073481907322
2019-02-10,0.0641145020115062
2019-02-11,0.06431908835944426
2019-02-12,0.06396912418422555
2019-02-13,0.06403638411108153
2019-02-14,0.06402262328335649
2019-02-15,0.06403304550216399
2019-02-16,0.06402094656611781
2019-02-17,0.06402129362046549
2019-02-18,0.06394990291110929
2019-02-19,0.06425391613226661
2019-02-20,0.06387373380522864
2019-02-21,0.06430058899600222
2019-02-22,0.06442791595086596
2019-02-23,0.06441620478995454
2019-02-24,0.06441622343249784
2019-02-25,0.06425685034215975
2019-02-26,0.06420075069666373
2019-02-27,0.06422024863922546
2019-02-28,0.06451196711057887
2019-03-01,0.06458448039207763
2019-03-02,0.06458338012679438
2019-03-03,0.0645836139144519
2019-03-04,0.06479506167444052
2019-03-05,0.0643604461608598
2019-03-06,0.06432058409639155
2019-03-07,0.06438087578655394
2019-03-08,0.0640843947506416
2019-03-09,0.06408510599892259
2019-03-10,0.06408479481397378
2019-03-11,0.06398175719528819
2019-03-12,0.0637904881182324
2019-03-13,0.0637814361606798
2019-03-14,0.06435456108328451
2019-03-15,0.06421288050846337
2019-03-16,0.0642055185516102
2019-03-17,0.06420481406566203
2019-03-18,0.06425869958908345
2019-03-19,0.06433098743651637
2019-03-20,0.06413710285337886
2019-03-21,0.06460284636922942
2019-03-22,0.0646183798515172
2019-03-23,0.06461249819265698
2019-03-24,0.06461144026980359
2019-03-25,0.06428874168338519
2019-03-26,0.06465443650951203
2019-03-27,0.06416339973112292
2019-03-28,0.0640986124869022
2019-03-29,0.06501978177359337
2019-03-30,0.06502770320919452
2019-03-31,0.06502673708828342
2019-04-01,0.06501878358020048
2019-04-02,0.06471749246933284
2019-04-03,0.0639167198747553
2019-04-04,0.06414798281796592
2019-04-05,0.06401891489456212
2019-04-06,0.06402666576834863
2019-04-07,0.06402681162887565
2019-04-08,0.06387596699945704
2019-04-09,0.06377854759172814
2019-04-10,0.06375041336767309
2019-04-11,0.06408442385437349
2019-04-12,0.06406610213354964
2019-04-13,0.06407002429763442
2019-04-14,0.0640694432163201
2019-04-15,0.0643516647926377
2019-04-16,0.06405643061582589
2019-04-17,0.06438388452286675
2019-04-18,0.06431321313707959
2019-04-19,0.06444782704686401
2019-04-20,0.06445733662647664
2019-04-21,0.06444903864866869
2019-04-22,0.06438317073169812
2019-04-23,0.06422737975425848
2019-04-24,0.06437457498207402
2019-04-25,0.06437695458528411
2019-04-26,0.06396686606888372
2019-04-27,0.06397477770354669
2019-04-28,0.06397543853519956
2019-04-29,0.06410361939257468
2019-04-30,0.06406746534527043
2019-05-01,0.06411830837355242
2019-05-02,0.06416248453573246
2019-05-03,0.06479724729985838
2019-05-04,0.0648089745198203
2019-05-05,0.06480834055033767
2019-05-06,0.06494526649319857
2019-05-07,0.06488125102305324
2019-05-08,0.06513686408392244
2019-05-09,0.06501448143762543
2019-05-10,0.06463294211968246
2019-05-11,0.06464491880467982
2019-05-12,0.0646444066052355
2019-05-13,0.06514757828534339
2019-05-14,0.06510638402104783
2019-05-15,0.06529009040856114
2019-05-16,0.06531882550022745
2019-05-17,0.06518632618149213
2019-05-18,0.06519038448178924
2019-05-19,0.06518788344999887
2019-05-20,0.0652446061485331
2019-05-21,0.06493611184112291
2019-05-22,0.06494902453841955
2019-05-23,0.06446778813936394
2019-05-24,0.06506084564379368
2019-05-25,0.06507388577295305
2019-05-26,0.06507133976739536
2019-05-27,0.06472581404292836
2019-05-28,0.06471014456668767
2019-05-29,0.06461268207507591
2019-05-30,0.06480883475869212
2019-05-31,0.06502805004105924
2019-06-01,0.06503145190474033
2019-06-02,0.06503068920741582
2019-06-03,0.06466557255259839
2019-06-04,0.06496836064542005
2019-06-05,0.06507217451178372
2019-06-06,0.06526196739329153
2019-06-07,0.06487693841073565
2019-06-08,0.06488147971516946
2019-06-09,0.06487863509246491
2019-06-10,0.06520595351286321
2019-06-11,0.06549925146450866
2019-06-12,0.06561154464544673
2019-06-13,0.0655066145198503
2019-06-14,0.06586403450796675
2019-06-15,0.06586903422839681
2019-06-16,0.06586865821733404
2019-06-17,0.06496749524240014
2019-06-18,0.0651831341970615
2019-06-19,0.06520350741177362
2019-06-20,0.0649493961954679
2019-06-21,0.06517035570155105
2019-06-22,0.06517762188916286
2019-06-23,0.0651758408044382
2019-06-24,0.06514112802346941
2019-06-25,0.06557578824249301
2019-06-26,0.065381565491255
2019-06-27,0.06581616971545863
2019-06-28,0.06579705244182542
2019-06-29,0.06580501420741047
2019-06-30,0.06580363390995933
2019-07-01,0.06598410010214142
2019-07-02,0.06500000182982092
2019-07-03,0.06485189365306372
2019-07-04,0.0652885887158931
2019-07-05,0.06483573573584271
2019-07-06,0.06484476087227574
2019-07-07,0.06484554351143648
2019-07-08,0.06523296872214829
2019-07-09,0.06552411679336341
2019-07-10,0.06503918719594129
2019-07-11,0.06490658578738623
2019-07-12,0.06532143366691989
2019-07-13,0.0653239392334267
2019-07-14,0.06532086242503242
2019-07-15,0.06519719817033315
2019-07-16,0.06532563369502142
2019-07-17,0.0645969190378191
2019-07-18,0.06415891592293914
2019-07-19,0.06431425366963099
2019-07-20,0.06431930733241308
2019-07-21,0.06431898689160798
2019-07-22,0.06460443444855236
2019-07-23,0.06428921780971776
2019-07-24,0.0643438991230122
2019-07-25,0.06414773399694135
2019-07-26,0.06488755893757503
2019-07-27,0.06489878309732872
2019-07-28,0.06489966187065806
2019-07-29,0.06485657942323135
2019-07-30,0.06475878866006099
2019-07-31,0.06458423410381399
2019-08-01,0.06454883469004184
2019-08-02,0.0644954447958359
2019-08-03,0.06449923234831009
2019-08-04,0.06449963269506787
2019-08-05,0.06523192978802031
2019-08-06,0.06525170747031261
2019-08-07,0.06536222262332753
2019-08-08,0.0658343163103969
2019-08-09,0.06580886860816837
2019-08-10,0.06580494051355282
2019-08-11,0.06580485030483157
2019-08-12,0.0660591801351357
2019-08-13,0.06538200468379243
2019-08-14,0.06562142829075578
2019-08-15,0.06545749640336149
2019-08-16,0.06530736399853339
2019-08-17,0.06531220082629831
2019-08-18,0.06530965336300462
2019-08-19,0.06493754421858934
2019-08-20,0.06511034404651805
2019-08-21,0.0649515677948772
2019-08-22,0.06511104122769763
2019-08-23,0.06489153565865899
2019-08-24,0.06490152470820226
2019-08-25,0.06490244638166813
2019-08-26,0.06574915217816456
2019-08-27,0.06648211393293488
2019-08-28,0.06667893760525374
2019-08-29,0.06505426062001331
2019-08-30,0.06609712561583392
2019-08-31,0.06611031343658248
2019-09-01,0.06610795818570263
2019-09-02,0.06616349755958037
2019-09-03,0.06483064481055194
2019-09-04,0.06428421954235565
2019-09-05,0.06531883445791145
2019-09-06,0.06456959817456137
2019-09-07,0.06457223521744937
2019-09-08,0.06457287644186152
2019-09-09,0.06538455039626993
2019-09-10,0.06493379525904465
2019-09-11,0.06496260789392926
2019-09-12,0.06530536887177586
2019-09-13,0.06479145165960944
2019-09-14,0.06479857644349579
2019-09-15,0.06479573768936087
2019-09-16,0.06528418817567025
2019-09-17,0.06513020428549327
2019-09-18,0.06514806492678782
2019-09-19,0.06517889565179082
2019-09-20,0.06528499055637749
2019-09-21,0.06529152544524756
2019-09-22,0.06529189767404815
2019-09-23,0.06444756584457241
2019-09-24,0.0644482185858773
2019-09-25,0.0646240641445048
2019-09-26,0.06525137611229966
2019-09-27,0.06483883247559723
2019-09-28,0.06485245957542547
2019-09-29,0.0648562695473256
2019-09-30,0.0645401689034481
2019-10-01,0.06435753419642096
2019-10-02,0.06451900271145823
2019-10-03,0.06460659701997121
2019-10-04,0.06490852431301722
2019-10-05,0.06492125680120185
2019-10-06,0.06491838189082383
2019-10-07,0.06472886828424326
2019-10-08,0.06510511732975871
2019-10-09,0.06509913821078077
2019-10-10,0.06503609351236492
2019-10-11,0.06549815279280768
2019-10-12,0.06551195307436208
2019-10-13,0.06550947681977971
2019-10-14,0.06495083122137453
2019-10-15,0.06487896563847986
2019-10-16,0.0653499140740394
2019-10-17,0.06528390082940146
2019-10-18,0.0653225185324887
2019-10-19,0.06533623025083278
2019-10-20,0.0653341805412198
2019-10-21,0.06573828207612428
2019-10-22,0.06592359001789408
2019-10-23,0.06590934365359437
2019-10-24,0.06584146949208024
2019-10-25,0.06585445963666123
2019-10-26,0.06585920578126518
2019-10-27,0.06585928140476115
2019-10-28,0.06576230581594032
2019-10-29,0.06556595152276543
2019-10-30,0.0656099482148003
2019-10-31,0.06584369700578813
2019-11-01,0.06577094121054357
2019-11-02,0.0657763766169236
2019-11-03,0.06577978206262691
2019-11-04,0.06549154091047416
2019-11-05,0.06599639357220878
2019-11-06,0.0660912423453691
2019-11-07,0.06523737291893254
2019-11-08,0.06563268872046385
2019-11-09,0.06563713511284404
2019-11-10,0.06563715494283635
2019-11-11,0.06556698332607847
2019-11-12,0.0655426230930906
2019-11-13,0.06558586269335437
2019-11-14,0.06503832905404776
2019-11-15,0.06544208500949922
2019-11-16,0.06545257582711092
2019-11-17,0.0654525258541132
2019-11-18,0.06517100356214502
2019-11-19,0.0652848638836331
2019-11-20,0.06606256609385268
2019-11-21,0.06610895166764455
2019-11-22,0.06578264526110163
2019-11-23,0.06579232918399197
2019-11-24,0.0657881696098753
2019-11-25,0.06583256258962693
2019-11-26,0.06564083951015373
2019-11-27,0.06573464792202073
2019-11-28,0.06562322219210147
2019-11-29,0.06510458946577366
2019-11-30,0.06511170976221135
2019-12-01,0.06511186693872173
2019-12-02,0.06511615884564988
2019-12-03,0.06565759157146746
2019-12-04,0.06561404560839229
2019-12-05,0.06570224393154891
2019-12-06,0.06595643169746859
2019-12-07,0.0659656279083887
2019-12-08,0.06596674656876597
2019-12-09,0.0660832712604756
2019-12-10,0.06583171110118953
2019-12-11,0.06580282495513096
2019-12-12,0.06583728089166356
2019-12-13,0.06613969716802112
2019-12-14,0.06615040119587436
2019-12-15,0.06615115990146377
2019-12-16,0.0663375070329232
2019-12-17,0.06633595480739216
2019-12-18,0.06574026737250736
2019-12-19,0.06621813142460412
2019-12-20,0.06600297245094694
2019-12-21,0.0660088453388615
2019-12-22,0.06600869736929123
2019-12-23,0.06607395555777881
2019-12-24,0.06571933995748346
2019-12-25,0.0658181520265624
2019-12-26,0.06520553496692813
2019-12-27,0.0657316591042557
2019-12-28,0.06573499944668529
2019-12-29,0.06573503922644863
2019-12-30,0.06589791248966752
2019-12-31,0.06629056193155815
2020-01-01,0.06628937400128605
2020-01-02,0.06562459703412879
2020-01-03,0.06653697840008296
2020-01-04,0.06654198736893777
2020-01-05,0.06654195872140978
2020-01-06,0.06634334018926777
2020-01-07,0.06643269048671588
2020-01-08,0.06647177047147126
2020-01-09,0.06649323390145134
2020-01-10,0.06619799883591085
2020-01-11,0.06620105724145019
2020-01-12,0.06620086751776529
2020-01-13,0.06561541192857608
2020-01-14,0.06624709125273434
2020-01-15,0.06635858865096288
2020-01-16,0.06640193415551118
2020-01-17,0.06633192371532479
2020-01-18,0.06634549340032299
2020-01-19,0.06634551201950177
2020-01-20,0.06572288829248575
2020-01-21,0.06643622386918233
2020-01-22,0.06643932993015812
2020-01-23,0.06633564922586895
2020-01-24,0.06607399221012093
2020-01-25,0.06607741561443087
2020-01-26,0.06607736959115275
2020-01-27,0.06592618386868403
2020-01-28,0.0660749760081839
2020-01-29,0.06596431462734449
2020-01-30,0.06602972339095646
2020-01-31,0.06593246976125794
2020-02-01,0.06593448442404226
2020-02-02,0.06593424305155997
2020-02-03,0.0661581110422139
2020-02-04,0.06580240760104691
2020-02-05,0.06626475171418464
2020-02-06,0.06633381184261432
2020-02-07,0.06563635255534568
2020-02-08,0.06565044765234532
2020-02-09,0.06565014843779614
2020-02-10,0.06596809574241569
2020-02-11,0.06595981957498279
2020-02-12,0.06547385053537563
2020-02-13,0.06517768106897637
2020-02-14,0.06556021274607561
2020-02-15,0.0655740338718338
2020-02-16,0.06557404699999156
2020-02-17,0.06534478018213845
2020-02-18,0.065318238161152
2020-02-19,0.06546621444264507
2020-02-20,0.06534789129760142
2020-02-21,0.06509419931321977
2020-02-22,0.06510796350437764
2020-02-23,0.06510809863976444
2020-02-24,0.0651208034566479
2020-02-25,0.06523326630643321
2020-02-26,0.06562600572274793
2020-02-27,0.06570354620653762
2020-02-28,0.06591918478839236
2020-02-29,0.06593829557792791
2020-03-01,0.0659382659285063
2020-03-02,0.06631177532140932
2020-03-03,0.06661703431676438
2020-03-04,0.0666922263286507
2020-03-05,0.06678439076726145
2020-03-06,0.06709878861778024
2020-03-07,0.06710585046767932
2020-03-08,0.06710666683248699
2020-03-09,0.06779082556491545
2020-03-10,0.06958479720341997
2020-03-11,0.06889985392211039
2020-03-12,0.0682095541279919
2020-03-13,0.06927753750872948
2020-03-14,0.06929280225977627
2020-03-15,0.06929325943369548
2020-03-16,0.06950380558353732
2020-03-17,0.06866743107640043
2020-03-18,0.06793022464043691
2020-03-19,0.06971955784236218
2020-03-20,0.068453807643833
2020-03-21,0.06845246633604707
2020-03-22,0.06845223552530687
2020-03-23,0.06753187656914188
2020-03-24,0.06704830017545535
2020-03-25,0.06739836330391497
2020-03-26,0.06741789085409271
2020-03-27,0.06781539342865399
2020-03-28,0.06781431338593004
2020-03-29,0.06781437224925241
2020-03-30,0.06877160495691037
2020-03-31,0.06935498873039175
2020-04-01,0.06892063575758106
2020-04-02,0.06892166427094978
2020-04-03,0.06889904016764566
2020-04-04,0.06889816372606843
2020-04-05,0.06889775299644332
2020-04-06,0.06817215041240432
2020-04-07,0.06808843853658286
2020-04-08,0.06817054613761474
2020-04-09,0.06790358122418232
2020-04-10,0.0679593160233956
2020-04-11,0.06795845305595835
2020-04-12,0.0679587653089684
2020-04-13,0.06849209925974875
2020-04-14,0.06864944637585232
2020-04-15,0.0686549104595558
2020-04-16,0.0689307236095944
2020-04-17,0.06892007655366399
2020-04-18,0.06891907039706573
2020-04-19,0.0689185920659639
2020-04-20,0.06788176800860048
2020-04-21,0.06852438441189772
2020-04-22,0.06855720374362714
2020-04-23,0.06863675569419332
2020-04-24,0.06832129921393958
2020-04-25,0.0683238273875815
2020-04-26,0.0683236962490132
2020-04-27,0.06845315913475852
2020-04-28,0.06862361786437567
2020-04-29,0.0683625330193844
2020-04-30,0.06815249730465195
2020-05-01,0.06843340246330909
2020-05-02,0.06843260267388551
2020-05-03,0.06843216139345192
2020-05-04,0.06847726148291279
2020-05-05,0.0691014385669136
2020-05-06,0.0688339829036062
2020-05-07,0.06848593105714
2020-05-08,0.06854126388291923
2020-05-09,0.06854024138372668
2020-05-10,0.06854032264556133
2020-05-11,0.06847820761371058
2020-05-12,0.06846825130142008
2020-05-13,0.06842064083979627
2020-05-14,0.06865444013322819
2020-05-15,0.0682907666835591
2020-05-16,0.06829230905792759
2020-05-17,0.06829193891178807
2020-05-18,0.0683133194912145
2020-05-19,0.06820672126646174
2020-05-20,0.0680858836968181
2020-05-21,0.0686610811301153
2020-05-22,0.06884555030165641
2020-05-23,0.06884478009850317
2020-05-24,0.0688448846597856
2020-05-25,0.06876188101126098
2020-05-26,0.06789860307826874
2020-05-27,0.0683626470550637
2020-05-28,0.06864043921664803
2020-05-29,0.06902216076137321
2020-05-30,0.06902381970460504
2020-05-31,0.06902342628181833
2020-06-01,0.06957769416708653
2020-06-02,0.06931506112773055
2020-06-03,0.06933458815298163
2020-06-04,0.06966126245458967
2020-06-05,0.06954111908057091
2020-06-06,0.06954679334827428
2020-06-07,0.06954711750205883
2020-06-08,0.07043304726451323
2020-06-09,0.07035122178826511
2020-06-10,0.06983282593546673
2020-06-11,0.07041177918362286
2020-06-12,0.07074396482496838
2020-06-13,0.07074320138926714
2020-06-14,0.07074283536741521
2020-06-15,0.07039704212464543
2020-06-16,0.07017176687090355
2020-06-17,0.0701231648029007
2020-06-18,0.07036294178598748
2020-06-19,0.07030022132330362
2020-06-20,0.07030182041246744
2020-06-21,0.07030178063086043
2020-06-22,0.06994827670195823
2020-06-23,0.06988666105749554
2020-06-24,0.06997762380247553
2020-06-25,0.07049709632191285
2020-06-26,0.07079057358480688
2020-06-27,0.07078984262802958
2020-06-28,0.07078982744810756
2020-06-29,0.07005289658974953
2020-06-30,0.07098407339543715
2020-07-01,0.07072742478144901
2020-07-02,0.0709211648922497
2020-07-03,0.07103821869876994
2020-07-04,0.07103826780442747
2020-07-05,0.07103881234521772
2020-07-06,0.07053331172671638
2020-07-07,0.07075815355253147
2020-07-08,0.07071824597471019
2020-07-09,0.07089146914716593
2020-07-10,0.07124729765325227
2020-07-11,0.0712486356497656
2020-07-12,0.07124870180567912
2020-07-13,0.07040884544579784
2020-07-14,0.0711035633181889
2020-07-15,0.07104112147369117
2020-07-16,0.07158118520732715
2020-07-17,0.07156580407927632
2020-07-18,0.07156585404128755
2020-07-19,0.07156580667787857
2020-07-20,0.07140598972376812
2020-07-21,0.07174864407619265
2020-07-22,0.07157112215023421
2020-07-23,0.07154671713910103
2020-07-24,0.07228324609675157
2020-07-25,0.07228191011729919
2020-07-26,0.07228186619299269
2020-07-27,0.0723743163228438
2020-07-28,0.07257733424428008
2020-07-29,0.07225866192149136
2020-07-30,0.07301418058037225
2020-07-31,0.07345193393963802
2020-08-01,0.0734509288644694
2020-08-02,0.07345113936906314
2020-08-03,0.07346268714687097
2020-08-04,0.07347937431356404
2020-08-05,0.07338895008531886
2020-08-06,0.07334454488583712
2020-08-07,0.07446505704332151
2020-08-08,0.07446416939980352
2020-08-09,0.07446634391405084
2020-08-10,0.07333613319482314
2020-08-11,0.07363765755535527
2020-08-12,0.07375590732802308
2020-08-13,0.07356743875918129
2020-08-14,0.07409749228912439
2020-08-15,0.074097192043092
2020-08-16,0.07409745247379519
2020-08-17,0.07336793367090029
2020-08-18,0.07431023890598774
2020-08-19,0.07407802739798383
2020-08-20,0.07416927615704744
2020-08-21,0.07359290629968318
2020-08-22,0.07359383436733502
2020-08-23,0.07359347272106644
2020-08-24,0.07342540177570099
2020-08-25,0.07358141923650843
2020-08-26,0.07355895676073158
2020-08-27,0.07348200403892562
2020-08-28,0.07324857241176809
2020-08-29,0.07324807398748061
2020-08-30,0.07324754570157814
2020-08-31,0.0737953851730377
2020-09-01,0.07388708984218549
2020-09-02,0.07435041066800913
2020-09-03,0.07362961033655076
2020-09-04,0.07334364455228037
2020-09-05,0.07334393989783325
2020-09-06,0.07334360053417543
2020-09-07,0.07411481364646982
2020-09-08,0.07354349754114552
2020-09-09,0.07434365071232815
2020-09-10,0.07392757517783974
2020-09-11,0.07405443380586228
2020-09-12,0.07405492888062486
2020-09-13,0.07405485771550455
2020-09-14,0.07401916944550117
2020-09-15,0.07434129037076526
2020-09-16,0.0741834542423675
2020-09-17,0.07433780107396216
2020-09-18,0.0742088865557873
2020-09-19,0.07420891586741259
2020-09-20,0.07420886304350054
2020-09-21,0.07450612372320167
2020-09-22,0.07457073381269685
2020-09-23,0.07341442980541965
2020-09-24,0.07413884406954849
2020-09-25,0.07315051783944007
2020-09-26,0.07315051783944007
2020-09-27,0.07315099714703144
2020-09-28,0.07314059899910534
2020-09-29,0.0731793721606541
2020-09-30,0.07310909453852091
2020-10-01,0.07313003228785252
2020-10-02,0.07339599327140937
2020-10-03,0.0733960222611787
2020-10-04,0.0733954269549226
2020-10-05,0.07324013319926728
2020-10-06,0.07324737198567831
2020-10-07,0.07325171243973408
2020-10-08,0.07325328179788669
2020-10-09,0.07364162541850763
2020-10-10,0.07364228042475057
2020-10-11,0.07364148993203609
2020-10-12,0.07363369237497039
2020-10-13,0.0733896908902942
2020-10-14,0.073916293112278
2020-10-15,0.07373036890224506
2020-10-16,0.07382678259145846
2020-10-17,0.07382663697607116
2020-10-18,0.07382661238171324
2020-10-19,0.07390900729741612
2020-10-20,0.07386002006134318
2020-10-21,0.07351022988623573
2020-10-22,0.07375066170139433
2020-10-23,0.07443954815796783
2020-10-24,0.07443980474441626
2020-10-25,0.07444000688491467
2020-10-26,0.07418054397033383
2020-10-27,0.07436135476162647
2020-10-28,0.07437292745993147
2020-10-29,0.07455226828834383
2020-10-30,0.07299177610107026
2020-10-31,0.07299163213879267
2020-11-01,0.07299184795759814
2020-11-02,0.07420680236229071
2020-11-03,0.07317707591955203
2020-11-04,0.073110321135261
2020-11-05,0.0730913680575945
2020-11-06,0.07345565530436092
2020-11-07,0.07345568432078979
2020-11-08,0.07345499726476408
2020-11-09,0.07410719085773311
2020-11-10,0.07401920118014742
2020-11-11,0.07362520916849997
2020-11-12,0.07305042560386854
2020-11-13,0.07378887222151807
2020-11-14,0.07378889408343334
2020-11-15,0.07378854536778928
2020-11-16,0.0740403796648762
2020-11-17,0.07424138240723382
2020-11-18,0.07333100455416729
2020-11-19,0.07357985248764805
2020-11-20,0.07364406034203959
2020-11-21,0.07364613851314307
2020-11-22,0.07364636598525634
2020-11-23,0.07394818088760101
2020-11-24,0.073829559600136
2020-11-25,0.07362951908502718
2020-11-26,0.07368593843529427
2020-11-27,0.0738747886384955
2020-11-28,0.07387067073458194
2020-11-29,0.0738726484716667
2020-11-30,0.07429450702627373
2020-12-01,0.07458559715832645
2020-12-02,0.07436619509290757
2020-12-03,0.07518634469690828
2020-12-04,0.0750216650289606
2020-12-05,0.07502381911526086
2020-12-06,0.07502472786565201
2020-12-07,0.07559195876662109
2020-12-08,0.07535279610619441
2020-12-09,0.07536423729212505
2020-12-10,0.0752964026406672
2020-12-11,0.07544574809393093
2020-12-12,0.07544903367268399
2020-12-13,0.0754510851658086
2020-12-14,0.07531865317913314
2020-12-15,0.07540004007780297
2020-12-16,0.07546994866630481
2020-12-17,0.07518720278491853
2020-12-18,0.07557032361366454
2020-12-19,0.07557192835279981
2020-12-20,0.07556972496756868
2020-12-21,0.07560070318968207
2020-12-22,0.07551702449054427
2020-12-23,0.07597789903574077
2020-12-24,0.0758983911592869
2020-12-25,0.07593823293704008
2020-12-26,0.07593823293704008
2020-12-27,0.07593967290995343
2020-12-28,0.07528627228276569
2020-12-29,0.07576485553697712
2020-12-30,0.07595116212129431
2020-12-31,0.07615765081791648
2021-01-01,0.07788834846233476
2021-01-02,0.07788834846233476
2021-01-03,0.0778854333776184
2021-01-04,0.07799219776132459
2021-01-05,0.07859862447915603
2021-01-06,0.07858016455136319
2021-01-07,0.07869179739230035
2021-01-08,0.07898352478719704
2021-01-09,0.0789833378065408
2021-01-10,0.07898228826814914
2021-01-11,0.07836725063730313
2021-01-12,0.07837477548991205
2021-01-13,0.07850387532364352
2021-01-14,0.07876349445033631
2021-01-15,0.078284176807933
2021-01-16,0.078284176807933
2021-01-17,0.07828542063383294
2021-01-18,0.07766623366525668
2021-01-19,0.07750307113627622
2021-01-20,0.07801414411235784
2021-01-21,0.0782320978226407
2021-01-22,0.07815710825456895
2021-01-23,0.07815710825456895
2021-01-24,0.07815717768361172
2021-01-25,0.07839078718504491
2021-01-26,0.06531839173135877
2021-01-27,0.07836942369585997
2021-01-28,0.07855926616962057
2021-01-29,0.07855785161227717
2021-01-30,0.07855785161227717
2021-01-31,0.07855870959170697
2021-02-01,0.07822200990979239
2021-02-02,0.07847345449890626
2021-02-03,0.07816232913850601
2021-02-04,0.07797904013397029
2021-02-05,0.07774532562652657
2021-02-06,0.07774532562652657
2021-02-07,0.07774505059283188
2021-02-08,0.07744006783605512
2021-02-09,0.07787746731191622
2021-02-10,0.0779733327972841
2021-02-11,0.07820551046999606
2021-02-12,0.07846899812259775
2021-02-13,0.07846923760048011
2021-02-14,0.07846872185562045
2021-02-15,0.07811088471702066
2021-02-16,0.07785279271358662
2021-02-17,0.07837036329510938
2021-02-18,0.07811104848364306
2021-02-19,0.07777463317116708
2021-02-20,0.07777463317116708
2021-02-21,0.07777616250168447
2021-02-22,0.07781375310158882
2021-02-23,0.0782134929999192
2021-02-24,0.07958426366711105
2021-02-25,0.07955362576077585
2021-02-26,0.07997621321441625
2021-02-27,0.07997602388373112
2021-02-28,0.07997774215830306
2021-03-01,0.07923145788143865
2021-03-02,0.07942351779944129
2021-03-03,0.07877849619075893
2021-03-04,0.07935660755775882
2021-03-05,0.07944752852582258
2021-03-06,0.07944752852582258
2021-03-07,0.07944753357837754
2021-03-08,0.07950655100298308
2021-03-09,0.07844974438401664
2021-03-10,0.07818025853603339
2021-03-11,0.07804200057175578
2021-03-12,0.07820750219297833
2021-03-13,0.07820750219297833
2021-03-14,0.07820722462871556
2021-03-15,0.07817632301409545
2021-03-16,0.07850530703569755
2021-03-17,0.0784176411828828
2021-03-18,0.07847508603871654
2021-03-19,0.07901100952974158
2021-03-20,0.07901100952974158
2021-03-21,0.07902402372722048
2021-03-22,0.077749093538438
2021-03-23,0.07848233269433637
2021-03-24,0.07907435525171823
2021-03-25,0.07851453414350426
2021-03-26,0.07831190520791263
2021-03-27,0.07831158257511707
2021-03-28,0.07831219220404166
2021-03-29,0.0782204077814469
2021-03-30,0.07830483915913451
2021-03-31,0.07811041101648863
2021-04-01,0.07789038225610581
2021-04-02,0.07785732886022743
2021-04-03,0.07785732886022743
2021-04-04,0.07785759056690573
2021-04-05,0.07804115760015658
2021-04-06,0.07738081926135931
2021-04-07,0.07770275307690173
2021-04-08,0.07805118471138721
2021-04-09,0.07800863734972273
2021-04-10,0.07800863734972273
2021-04-11,0.07800900495777803
2021-04-12,0.0787760464322624
2021-04-13,0.07853507565174468
2021-04-14,0.07838242638215895
2021-04-15,0.07829707904135189
2021-04-16,0.07874408846129428
2021-04-17,0.07874408846129428
2021-04-18,0.0787440528287929
2021-04-19,0.07837045258911204
2021-04-20,0.07910854956097076
2021-04-21,0.07957394758339816
2021-04-22,0.07948808516356215
2021-04-23,0.07975020855803815
2021-04-24,0.07974945361898222
2021-04-25,0.07975108907258671
2021-04-26,0.07946306665611057
2021-04-27,0.0801099172952653
2021-04-28,0.07994005737362268
2021-04-29,0.0799149159179388
2021-04-30,0.08034699717423296
2021-05-01,0.08034699717423296
2021-05-02,0.08034707623218072
2021-05-03,0.07932364117960625
2021-05-04,0.07987639493405559
2021-05-05,0.07989406936371964
2021-05-06,0.07950111623797348
2021-05-07,0.07948664779337034
2021-05-08,0.07948664779337034
2021-05-09,0.07948734234469866
2021-05-10,0.07979603543431883
2021-05-11,0.08012270951339898
2021-05-12,0.07993815071357104
2021-05-13,0.08034292305119697
2021-05-14,0.08009883445988349
2021-05-15,0.08010035096239683
2021-05-16,0.08010026809003984
2021-05-17,0.08000450230273236
2021-05-18,0.08033239412524627
2021-05-19,0.08074140877200538
2021-05-20,0.0810110595958709
2021-05-21,0.08070926508800376
2021-05-22,0.08070926508800376
2021-05-23,0.08070924630458712
2021-05-24,0.08090027410643005
2021-05-25,0.08100412659437804
2021-05-26,0.08116341255972377
2021-05-27,0.08099097134261365
2021-05-28,0.08071364634502903
2021-05-29,0.08071364634502903
2021-05-30,0.08071372738621876
2021-05-31,0.08045361748655079
2021-06-01,0.08012662635413717
2021-06-02,0.08096402562152959
2021-06-03,0.08106175562606183
2021-06-04,0.08064157102262785
2021-06-05,0.08064610356363654
2021-06-06,0.08064628465891417
2021-06-07,0.08002638611615967
2021-06-08,0.0799878178696063
2021-06-09,0.08044574777667517
2021-06-10,0.08033357374147668
2021-06-11,0.0807129368346966
2021-06-12,0.08071312852252491
2021-06-13,0.08071307894490291
2021-06-14,0.0807444303010581
2021-06-15,0.08021067846000987
2021-06-16,0.0806796065253148
2021-06-17,0.08086560931078238
2021-06-18,0.07975147909279962
2021-06-19,0.07975147909279962
2021-06-20,0.07975182095254799
2021-06-21,0.07970543226486164
2021-06-22,0.07919752570412601
2021-06-23,0.07938784342058831
2021-06-24,0.07963448978647655
2021-06-25,0.0797045954681101
2021-06-26,0.0797045954681101
2021-06-27,0.07970463916042676
2021-06-28,0.07917874415174393
2021-06-29,0.07970341987151842
2021-06-30,0.07967586776419928
2021-07-01,0.07954208415967065
2021-07-02,0.07941884736580572
2021-07-03,0.07941880862804641
2021-07-04,0.07941887886209069
2021-07-05,0.07888193792742619
2021-07-06,0.07907011945902523
2021-07-07,0.07980264661008483
2021-07-08,0.07978318405581096
2021-07-09,0.07915924881578819
2021-07-10,0.07915924881578819
2021-07-11,0.07915918257684491
2021-07-12,0.07917759026098271
2021-07-13,0.07972116402192907
2021-07-14,0.07982527668282394
2021-07-15,0.07920399190917825
2021-07-16,0.0792217112088188
2021-07-17,0.0792217112088188
2021-07-18,0.07922188101479855
2021-07-19,0.07885800542396858
2021-07-20,0.07889986033388897
2021-07-21,0.0792963376378249
2021-07-22,0.0793899045093468
2021-07-23,0.07932309518474158
2021-07-24,0.07932309518474158
2021-07-25,0.0793231731846901
2021-07-26,0.07870584665067322
2021-07-27,0.07936062775247171
2021-07-28,0.07947779816767217
2021-07-29,0.0792914652645936
2021-07-30,0.07917822985111264
2021-07-31,0.07917822985111264
2021-08-01,0.07917801046783669
2021-08-02,0.07940066735572188
2021-08-03,0.07939472757632388
2021-08-04,0.07933591616750008
2021-08-05,0.07977833003575045
2021-08-06,0.07982620057763909
2021-08-07,0.07982620057763909
2021-08-08,0.07982613699538564
2021-08-09,0.07879247192380376
2021-08-10,0.07869534859039386
2021-08-11,0.07844249054247933
2021-08-12,0.07841872772873373
2021-08-13,0.07844723343953941
2021-08-14,0.07844723343953941
2021-08-15,0.07844704474628544
2021-08-16,0.0786147496310635
2021-08-17,0.07894669454746875
2021-08-18,0.07881276642804853
2021-08-19,0.07855116182451143
2021-08-20,0.07842143304812962
2021-08-21,0.07842143304812962
2021-08-22,0.07842142803234947
2021-08-23,0.0784548624719978
2021-08-24,0.07883467068822071
2021-08-25,0.07894603887826966
2021-08-26,0.07913454047428539
2021-08-27,0.07890695347763049
2021-08-28,0.07890695347763049
2021-08-29,0.07890811330148365
2021-08-30,0.07850169976410777
2021-08-31,0.0786724416106113
2021-09-01,0.0789120279923757
2021-09-02,0.07869332296886107
2021-09-03,0.07889845184286007
2021-09-04,0.07889845184286007
2021-09-05,0.07889841475080256
2021-09-06,0.07902167343189621
2021-09-07,0.0790369444049414
2021-09-08,0.07919202616948126
2021-09-09,0.0788074334055347
2021-09-10,0.07885111880443298
2021-09-11,0.07885111880443298
2021-09-12,0.07885120997857183
2021-09-13,0.07889603330666611
2021-09-14,0.07914483344673688
2021-09-15,0.07876666878720527
2021-09-16,0.07935478643301096
2021-09-17,0.0794810119115069
2021-09-18,0.07948082399335785
2021-09-19,0.07948080423706544
2021-09-20,0.07931815822786298
2021-09-21,0.07900509213824146
2021-09-22,0.07881786637684987
2021-09-23,0.07878730276761088
2021-09-24,0.07887352445623222
2021-09-25,0.07887352445623222
2021-09-26,0.07887325323958931
2021-09-27,0.07935286164942847
2021-09-28,0.07933904693326414
2021-09-29,0.07901170052592929
2021-09-30,0.07904438550745047
2021-10-01,0.0791520642615415
2021-10-02,0.07915230582405902
2021-10-03,0.07915245138705809
2021-10-04,0.0791996985506837
2021-10-05,0.07121725850749273
2021-10-06,0.07087390764281369
2021-10-07,0.07029309586142886
2021-10-08,0.07091458062607821
2021-10-09,0.07091458062607821
2021-10-10,0.07091458168516272
2021-10-11,0.070415052832728
2021-10-12,0.07042206773874728
2021-10-13,0.07074443011559206
2021-10-14,0.07053118712924898
2021-10-15,0.07088107590142036
2021-10-16,0.07088107590142036
2021-10-17,0.07088106452620745
2021-10-18,0.07099777634822205
2021-10-19,0.07086670105645552
2021-10-20,0.07062981313871002
2021-10-21,0.0709339886232761
2021-10-22,0.0710654969670407
2021-10-23,0.0710654969670407
2021-10-24,0.07106665335258779
2021-10-25,0.07059737222318489
2021-10-26,0.07151074922729668
2021-10-27,0.07079000817864874
2021-10-28,0.07089687535729694
2021-10-29,0.07080744472658568
2021-10-30,0.07080744472658568
2021-10-31,0.07080713382426511
2021-11-01,0.07079867780552458
2021-11-02,0.07142323703699704
2021-11-03,0.07088191377785048
2021-11-04,0.07092383927340187
2021-11-05,0.07077439174763397
2021-11-06,0.07077441970342016
2021-11-07,0.07077450923454781
2021-11-08,0.07085010308376015
2021-11-09,0.07092569087741002
2021-11-10,0.07121862872409364
2021-11-11,0.07126090331466983
2021-11-12,0.070169472374162
2021-11-13,0.070169472374162
2021-11-14,0.07016996311804263
2021-11-15,0.07055085768124678
2021-11-16,0.07077846029240105
2021-11-17,0.07026546647812713
2021-11-18,0.06991982090958233
2021-11-19,0.07012812480217584
2021-11-20,0.07012812480217584
2021-11-21,0.07012798842669674
2021-11-22,0.06959875069665775
2021-11-23,0.07001867190983557
2021-11-24,0.06981335411464962
2021-11-25,0.06994214659743409
2021-11-26,0.06950619323778445
2021-11-27,0.06950619323778445
2021-11-28,0.06950587886102043
2021-11-29,0.06992063044270432
2021-11-30,0.07020906878376908
2021-12-01,0.07049225648901446
2021-12-02,0.070333166644679
2021-12-03,0.0705847866974586
2021-12-04,0.07058129777329256
2021-12-05,0.07058133199231453
2021-12-06,0.0700944274098481
2021-12-07,0.0702020493039079
2021-12-08,0.07023067120476191
2021-12-09,0.07033852657276755
2021-12-10,0.06990330184397113
2021-12-11,0.06990330184397113
2021-12-12,0.06990306129894311
2021-12-13,0.07008145523687385
2021-12-14,0.07066297525926418
2021-12-15,0.0704483795366156
2021-12-16,0.07026240908663008
2021-12-17,0.07044909692379044
2021-12-18,0.070449108372698
2021-12-19,0.0704502487083054
2021-12-20,0.0697499759569645
2021-12-21,0.07009034789510261
2021-12-22,0.0702551587866359
2021-12-23,0.0699881311476488
2021-12-24,0.07029479168059911
2021-12-25,0.07029361418925836
2021-12-26,0.07029292317346401
2021-12-27,0.07050514460793976
2021-12-28,0.07034560695348091
2021-12-29,0.0703334542763159
2021-12-30,0.07021517865081145
2021-12-31,0.0703382645093832
2022-01-01,0.0703382645093832
2022-01-02,0.07033954102179024
2022-01-03,0.07044226235202485
2022-01-04,0.07052746443932624
2022-01-05,0.07035410469782791
2022-01-06,0.07050115546925201
2022-01-07,0.07029122614905066
2022-01-08,0.07029122614905066
2022-01-09,0.07029077212182223
2022-01-10,0.07026910907534858
2022-01-11,0.07047948125125215
2022-01-12,0.07056070505139855
2022-01-13,0.07037017334532784
2022-01-14,0.07130379104263301
2022-01-15,0.07130233462001705
2022-01-16,0.07130240675799629
2022-01-17,0.0712998010664805
2022-01-18,0.07052977636459506
2022-01-19,0.07079858854906976
2022-01-20,0.07041654003127387
2022-01-21,0.07051508236467259
2022-01-22,0.07051508236467259
2022-01-23,0.07051517983652875
2022-01-24,0.07047792579783106
2022-01-25,0.0706557321124239
2022-01-26,0.07053264555947093
2022-01-27,0.07049977830484341
2022-01-28,0.0700895731746692
2022-01-29,0.0700895731746692
2022-01-30,0.07008934946901656
2022-01-31,0.0691540741543811
2022-02-01,0.06945730862280025
2022-02-02,0.06992882372812985
2022-02-03,0.06990623320146226
2022-02-04,0.07015759911139138
2022-02-05,0.07015759911139138
2022-02-06,0.0701576297034888
2022-02-07,0.0710807604367687
2022-02-08,0.07121121229658064
2022-02-09,0.07050231621360474
2022-02-10,0.07093116700860569
2022-02-11,0.07104329586767802
2022-02-12,0.07104329586767802
2022-02-13,0.07104330789577239
2022-02-14,0.0701740680473016
2022-02-15,0.07080610794836834
2022-02-16,0.07069042895342681
2022-02-17,0.07054076230390142
2022-02-18,0.07068829024897796
2022-02-19,0.07068829024897796
2022-02-20,0.07068808047616129
2022-02-21,0.07056610873202043
2022-02-22,0.0701110294134387
2022-02-23,0.07017479538815109
2022-02-24,0.07073937717656058
2022-02-25,0.07018070258627682
2022-02-26,0.07018070258627682
2022-02-27,0.07018188866319137
2022-02-28,0.06995339519538385
2022-03-01,0.07013057202660171
2022-03-02,0.06983655144923874
2022-03-03,0.06979139291484164
2022-03-04,0.06940472692398125
2022-03-05,0.06940489245493646
2022-03-06,0.06940530389791845
2022-03-07,0.06876066693622487
2022-03-08,0.06927197993815533
2022-03-09,0.06882759260195771
2022-03-10,0.0693034266878135
2022-03-11,0.07035051296027915
2022-03-12,0.07034952950668208
2022-03-13,0.07034963166924256
2022-03-14,0.07029400780208739
2022-03-15,0.06982615358194752
2022-03-16,0.06960744479264352
2022-03-17,0.06933478740163528
2022-03-18,0.06939228625953783
2022-03-19,0.06939228625953783
2022-03-20,0.06939212444578045
2022-03-21,0.07044177815939279
2022-03-22,0.06999954278611636
2022-03-23,0.06948193551623898
2022-03-24,0.06976860875344942
2022-03-25,0.06953214276778527
2022-03-26,0.06953215391594418
2022-03-27,0.06953205244059037
2022-03-28,0.06918774435030037
2022-03-29,0.06915782038779063
2022-03-30,0.06926515186314017
2022-03-31,0.06928554456208828
2022-04-01,0.07000130737114131
2022-04-02,0.07000146189206856
2022-04-03,0.07000139987305883
2022-04-04,0.0691932527439219
2022-04-05,0.06964298648741338
2022-04-06,0.06945726433451761
2022-04-07,0.06895427633333802
2022-04-08,0.06892227361310588
2022-04-09,0.06892227361310588
2022-04-10,0.06892216397340663
2022-04-11,0.0686311557539622
2022-04-12,0.06893834906395045
2022-04-13,0.06869285698250849
2022-04-14,0.06847384539501292
2022-04-15,0.06910590220022284
2022-04-16,0.06910590220022284
2022-04-17,0.06910579475854169
2022-04-18,0.06899924829827883
2022-04-19,0.06853321638865549
2022-04-20,0.06837459339055935
2022-04-21,0.06868893959546954
2022-04-22,0.06854594777488106
2022-04-23,0.06854594777488106
2022-04-24,0.06854594639035844
2022-04-25,0.06839988220149251
2022-04-26,0.06858977921005256
2022-04-27,0.06917061045826386
2022-04-28,0.06838339011199122
2022-04-29,0.0676471107361344
2022-04-30,0.0676471107361344
2022-05-01,0.0676471480813888
2022-05-02,0.06743482091421535
2022-05-03,0.06763529917178963
2022-05-04,0.06745019949538716
2022-05-05,0.0676319598980915
2022-05-06,0.06748376732586102
2022-05-07,0.06748376732586102
2022-05-08,0.06748351887005463
2022-05-09,0.06758269081565392
2022-05-10,0.06779695730606908
2022-05-11,0.0681794804854437
2022-05-12,0.06815374029746903
2022-05-13,0.06766372288840487
2022-05-14,0.06766372288840487
2022-05-15,0.06766369684588823
2022-05-16,0.0672729099462927
2022-05-17,0.06694537456373599
2022-05-18,0.06710468148662543
2022-05-19,0.06731329215792461
2022-05-20,0.06729183685126204
2022-05-21,0.06729183685126204
2022-05-22,0.06729196623332519
2022-05-23,0.06769241461396977
2022-05-24,0.06755449442114024
2022-05-25,0.06855320353830449
2022-05-26,0.06838617196867104
2022-05-27,0.06827195773146259
2022-05-28,0.06827195773146259
2022-05-29,0.06827256972602183
2022-05-30,0.06861276986469668
2022-05-31,0.06866461321628277
2022-06-01,0.08234425322009754
2022-06-02,0.06868689357933942
2022-06-03,0.06845657081987934
2022-06-04,0.06845657081987934
2022-06-05,0.06845707124542524
2022-06-06,0.0683804368019477
2022-06-07,0.06895405039254478
2022-06-08,0.0687069955413262
2022-06-09,0.06859169607996599
2022-06-10,0.06910340902039588
2022-06-11,0.06910340902039588
2022-06-12,0.06910360213419199
2022-06-13,0.06822170759183187
2022-06-14,0.06796563388972199
2022-06-15,0.06727485902736356
2022-06-16,0.06748958034754932
2022-06-17,0.06703234274337933
2022-06-18,0.06703234274337933
2022-06-19,0.06703247650095706
2022-06-20,0.06764786599796824
2022-06-21,0.06782394769054763
2022-06-22,0.0683234389198413
2022-06-23,0.06827097043575363
2022-06-24,0.06806738920183598
2022-06-25,0.06806738920183598
2022-06-26,0.06806634424799236
2022-06-27,0.06816365303189768
2022-06-28,0.06850524986783442
2022-06-29,0.06823125220865009
2022-06-30,0.0678601880187864
2022-07-01,0.06717962192383786
2022-07-02,0.06717962192383786
2022-07-03,0.06717973756546895
2022-07-04,0.0674967346533461
2022-07-05,0.06776072864827405
2022-07-06,0.06690114978220084
2022-07-07,0.06624676683924284
2022-07-08,0.06621925538329054
2022-07-09,0.06621925538329054
2022-07-10,0.06621936128933723
2022-07-11,0.06632928666618257
2022-07-12,0.06583605868401059
2022-07-13,0.0653832375558943
2022-07-14,0.06570433849654275
2022-07-15,0.06526594174855639
2022-07-16,0.06526594174855639
2022-07-17,0.06526583734167575
2022-07-18,0.06594572756764966
2022-07-19,0.0659827341689017
2022-07-20,0.06670878094720925
2022-07-21,0.06638664360479082
2022-07-22,0.06634945271310953
2022-07-23,0.066352277591172
2022-07-24,0.06635220227113194
2022-07-25,0.06648917454580906
2022-07-26,0.06666525626630743
2022-07-27,0.0661062000809013
2022-07-28,0.06664041972051613
2022-07-29,0.06677919644923054
2022-07-30,0.0667779855983517
2022-07-31,0.06677796114884188
2022-08-01,0.06659898563703265
2022-08-02,0.06718494002742419
2022-08-03,0.06709741772843643
2022-08-04,0.06716796331360134
2022-08-05,0.06688104401712483
2022-08-06,0.06688104401712483
2022-08-07,0.06688090605077304
2022-08-08,0.06651053034354697
2022-08-09,0.06695031271715363
2022-08-10,0.06695976035987623
2022-08-11,0.06671657547788308
2022-08-12,0.06745199420313794
2022-08-13,0.06745199420313794
2022-08-14,0.06745197815047164
2022-08-15,0.06750716169189158
2022-08-16,0.06769773539948087
2022-08-17,0.06737727448903587
2022-08-18,0.06660549121732962
2022-08-19,0.06699458810464325
2022-08-20,0.06699432648314552
2022-08-21,0.06699420179455018
2022-08-22,0.06607250389038881
2022-08-23,0.06619520165556908
2022-08-24,0.06579404643606677
2022-08-25,0.06588110203743551
2022-08-26,0.06592993490687803
2022-08-27,0.06592993490687803
2022-08-28,0.06592957745786682
2022-08-29,0.06572991748688373
2022-08-30,0.06576812333552808
2022-08-31,0.0663627451096803
2022-09-01,0.06635714788121488
2022-09-02,0.06644548935037257
2022-09-03,0.06644627503051193
2022-09-04,0.06644600092577824
2022-09-05,0.06633750866060435
2022-09-06,0.0665167176729851
2022-09-07,0.06422949902346214
2022-09-08,0.0659782028754477
2022-09-09,0.06586202465418765
2022-09-10,0.06586111670962207
2022-09-11,0.06586137771471202
2022-09-12,0.06690683260470026
2022-09-13,0.06778302048705054
2022-09-14,0.06779036822909218
2022-09-15,0.06649152842577462
2022-09-16,0.06677268765556034
2022-09-17,0.06677268765556034
2022-09-18,0.06677287009566835
2022-09-19,0.06634106636268168
2022-09-20,0.06666256039615899
2022-09-21,0.06674209523234653
2022-09-22,0.06975497022006931
2022-09-23,0.06619151173940235
2022-09-24,0.06619151173940235
2022-09-25,0.06619101730374828
2022-09-26,0.06525501722224702
2022-09-27,0.06627248054223882
2022-09-28,0.06521999574200307
2022-09-29,0.07571371133950557
2022-09-30,0.07552787124158956
2022-10-01,0.07552787124158956
2022-10-02,0.07552763813676781
2022-10-03,0.07637888216872189
2022-10-04,0.06606804604063146
2022-10-05,0.06608872613612464
2022-10-06,0.06642015940601383
2022-10-07,0.06705592255817283
2022-10-08,0.06705592255817283
2022-10-09,0.06705576146308986
2022-10-10,0.06570431139960853
2022-10-11,0.06689594345401038
2022-10-12,0.065853244620712
2022-10-13,0.06586503485238332
2022-10-14,0.06574290269087883
2022-10-15,0.06574290269087883
2022-10-16,0.06574364551116388
2022-10-17,0.06618653358987013
2022-10-18,0.06604867128163587
2022-10-19,0.06617941614087425
2022-10-20,0.06675491654387768
2022-10-21,0.06635097135129764
2022-10-22,0.06635097135129764
2022-10-23,0.06635135401305224
2022-10-24,0.06654685909933446
2022-10-25,0.06679070990467176
2022-10-26,0.06676124735298503
2022-10-27,0.06757326235905674
2022-10-28,0.0681195868579907
2022-10-29,0.06811982147048748
2022-10-30,0.0681197605775413
2022-10-31,0.06831550644576533
2022-11-01,0.06687363155564705
2022-11-02,0.06753445328935352
2022-11-03,0.06758293794279767
2022-11-04,0.06735076591145915
2022-11-05,0.06735076591145915
2022-11-06,0.06735048092392369
2022-11-07,0.06671741726270543
2022-11-08,0.0663195090139398
2022-11-09,0.06763567830629276
2022-11-10,0.06788957470893905
2022-11-11,0.06742885008644174
2022-11-12,0.06742888904832732
2022-11-13,0.06742845585116918
2022-11-14,0.06909526851612502
2022-11-15,0.06924617275516702
2022-11-16,0.06962761592647523
2022-11-17,0.07003953818804112
2022-11-18,0.06980086042429068
2022-11-19,0.06980086042429068
2022-11-20,0.06980082175204513
2022-11-21,0.06986732251504121
2022-11-22,0.06907625648231823
2022-11-23,0.06894315523037076
2022-11-24,0.06929456387088824
2022-11-25,0.06941387990953232
2022-11-26,0.06941387990953232
2022-11-27,0.0694133922364326
2022-11-28,0.06937102985649117
2022-11-29,0.06980519542923823
2022-11-30,0.06955710133537996
2022-12-01,0.0692662320922639
2022-12-02,0.06980921957356438
2022-12-03,0.06980921957356438
2022-12-04,0.06980921957356438
2022-12-05,0.07018866707781996
2022-12-06,0.07073078404324726
2022-12-07,0.07017186916089695
2022-12-08,0.07001727318849921
2022-12-09,0.070185647725509
2022-12-10,0.070185647725509
2022-12-11,0.070185647725509
2022-12-12,0.0702587104877173
2022-12-13,0.07027583948767727
2022-12-14,0.0703375572705404
2022-12-15,0.07099239500685812
2022-12-16,0.0711541352978601
2022-12-17,0.0711541352978601
2022-12-18,0.0711541352978601
2022-12-19,0.07043316890073331
2022-12-20,0.07103593142541893
2022-12-21,0.0708374974274405
2022-12-22,0.07117515543645431
2022-12-23,0.07130426099119301
2022-12-24,0.07130426099119301
2022-12-25,0.07130426099119301
2022-12-26,0.07105224252999828
2022-12-27,0.07117718429203776
2022-12-28,0.07132572704727651
2022-12-29,0.07146067833032756
2022-12-30,0.07304497321065762
2022-12-31,0.07304497321065762
2023-01-01,0.07304497321065762
2023-01-02,0.07329906977261219
2023-01-03,0.0732880125017836
2023-01-04,0.07333689876358225
2023-01-05,0.07347259720250007
2023-01-06,0.07319416748531278
2023-01-07,0.07319416748531278
2023-01-08,0.07319416748531278
2023-01-09,0.07240433117815286
2023-01-10,0.07338684581298269
2023-01-11,0.07393782538983243
2023-01-12,0.07397387008013356
2023-01-13,0.07393445114714177
2023-01-14,0.07393445114714177
2023-01-15,0.07393445114714177
2023-01-16,0.07462327982454797
2023-01-17,0.07462867435659684
2023-01-18,0.07504168416885203
2023-01-19,0.07495588383931202
2023-01-20,0.07504306079377603
2023-01-21,0.07504306079377603
2023-01-22,0.07504306079377603
2023-01-23,0.0745723862072367
2023-01-24,0.07549503022434118
2023-01-25,0.07485239153520347
2023-01-26,0.07545353267082006
2023-01-27,0.07562678584454531
2023-01-28,0.07562678584454531
2023-01-29,0.07562678584454531
2023-01-30,0.0750235928114206
2023-01-31,0.07526598709044802
2023-02-01,0.07469799235347412
2023-02-02,0.07671383340062979
2023-02-03,0.07700183153467789
2023-02-04,0.07700183153467789
2023-02-05,0.07700183153467789
2023-02-06,0.0765012118480728
2023-02-07,0.07669148639739391
2023-02-08,0.07637895915342585
2023-02-09,0.0765298789311635
2023-02-10,0.0764643815323998
2023-02-11,0.0764643815323998
2023-02-12,0.0764643815323998
2023-02-13,0.07575915751835072
2023-02-14,0.07622664690532654
2023-02-15,0.07656798960663268
2023-02-16,0.07583978433384447
2023-02-17,0.0763330212286317
2023-02-18,0.0763330212286317
2023-02-19,0.0763330212286317
2023-02-20,0.07579256607333573
2023-02-21,0.07590749674972404
2023-02-22,0.07574632351296832
2023-02-23,0.07559373464649119
2023-02-24,0.07555405963374213
2023-02-25,0.07555405963374213
2023-02-26,0.07555405963374213
2023-02-27,0.07543128130400277
2023-02-28,0.07557720969190647
2023-03-01,0.07553293703651452
2023-03-02,0.07595269572355952
2023-03-03,0.07606838022485977
2023-03-04,0.07606838022485977
2023-03-05,0.07606838022485977
2023-03-06,0.07589843952172283
2023-03-07,0.07597421285940201
2023-03-08,0.07631618371219565
2023-03-09,0.07563145378089932
2023-03-10,0.07566368689958451
2023-03-11,0.07566368689958451
2023-03-12,0.07566368689958451
2023-03-13,0.07560056187225511
2023-03-14,0.07663535878079472
2023-03-15,0.07658305612511762
2023-03-16,0.07700922322050784
2023-03-17,0.07604452969910015
2023-03-18,0.07604452969910015
2023-03-19,0.07604452969910015
2023-03-20,0.07655988103427505
2023-03-21,0.07613144858539671
2023-03-22,0.07652677460062907
2023-03-23,0.07655165200223173
2023-03-24,0.07719138740367264
2023-03-25,0.07719138740367264
2023-03-26,0.07719138740367264
2023-03-27,0.07610788649852673
2023-03-28,0.07656553125775445
2023-03-29,0.07664677122211958
2023-03-30,0.07706305961198616
2023-03-31,0.07723799758796959
2023-04-01,0.07723799758796959
2023-04-02,0.07723799758796959
2023-04-03,0.07749681577131885
2023-04-04,0.07726492785827371
2023-04-05,0.07715812818826995
2023-04-06,0.07775206071056177
2023-04-07,0.07699299398924224
2023-04-08,0.07699299398924224
2023-04-09,0.07699299398924224
2023-04-10,0.07760134315965778
2023-04-11,0.07772635017559787
2023-04-12,0.07733992238023361
2023-04-13,0.07745252886965996
2023-04-14,0.07784232775171974
2023-04-15,0.07784232775171974
2023-04-16,0.07784232775171974
2023-04-17,0.07820867706257534
2023-04-18,0.07798640101125924
2023-04-19,0.07808168918413451
2023-04-20,0.07708811486921952
2023-04-21,0.07772555595447152
2023-04-22,0.07772555595447152
2023-04-23,0.07772555595447152
2023-04-24,0.07771382060241028
2023-04-25,0.07789139571436572
2023-04-26,0.07828978059222827
2023-04-27,0.07796751490289398
2023-04-28,0.07834523823140992
2023-04-29,0.07834523823140992
2023-04-30,0.07834523823140992
2023-05-01,0.07845760555789966
2023-05-02,0.07836461333202924
2023-05-03,0.07816110916702534
2023-05-04,0.07828667011320545
2023-05-05,0.07835380513186424
2023-05-06,0.07835380513186424
2023-05-07,0.07835380513186424
2023-05-08,0.07809526582780595
2023-05-09,0.078141168886792
2023-05-10,0.0779206700473944
2023-05-11,0.07802656020347225
2023-05-12,0.07771429583715132
2023-05-13,0.07771429583715132
2023-05-14,0.07771429583715132
2023-05-15,0.07757838984198297
2023-05-16,0.0776524215122155
2023-05-17,0.07763116687996247
2023-05-18,0.07759662940403496
2023-05-19,0.0776928546851412
2023-05-20,0.0776928546851412
2023-05-21,0.0776928546851412
2023-05-22,0.07755932570260522
2023-05-23,0.07745560405726769
2023-05-24,0.07736013591951388
2023-05-25,0.07725597632726475
2023-05-26,0.07732346904434345
2023-05-27,0.07732346904434345
2023-05-28,0.07732346904434345
2023-05-29,0.07654180823310477
2023-05-30,0.07665662057704543
2023-05-31,0.07678823843691024
2023-06-01,0.07657666829573002
2023-06-02,0.0765477143767351
2023-06-03,0.0765477143767351
2023-06-04,0.0765477143767351
2023-06-05,0.07658268215999235
2023-06-06,0.07650581661049059
2023-06-07,0.07675216036573379
2023-06-08,0.07665841100088766
2023-06-09,0.07455073655673933
2023-06-10,0.07455073655673933
2023-06-11,0.07455073655673933
2023-06-12,0.07675705651998986
2023-06-13,0.07731784937133104
2023-06-14,0.07742180856839218
2023-06-15,0.07718532061235744
2023-06-16,0.0771701450595698
2023-06-17,0.0771701450595698
2023-06-18,0.0771701450595698
2023-06-19,0.07809870492358847
2023-06-20,0.07838018103254196
2023-06-21,0.07831248753399903
2023-06-22,0.07858441472631031
2023-06-23,0.07904572976911439
2023-06-24,0.07904572976911439
2023-06-25,0.07904572976911439
2023-06-26,0.078190698364539
2023-06-27,0.07833387110940339
2023-06-28,0.07838632744623372
2023-06-29,0.07862604813561155
2023-06-30,0.07913728100270859
2023-07-01,0.07913728100270859
2023-07-02,0.07913728100270859
2023-07-03,0.07818448953304018
2023-07-04,0.07848261737918762
2023-07-05,0.07817186332012954
2023-07-06,0.07870397604269383
2023-07-07,0.07643954541768985
2023-07-08,0.07643954541768985
2023-07-09,0.07643913840251947
2023-07-10,0.0762960866379603
2023-07-11,0.07638736398821788
2023-07-12,0.07624652677524295
2023-07-13,0.07659809767350885
2023-07-14,0.07732651869772882
2023-07-15,0.07732651869772882
2023-07-16,0.07732651869772882
2023-07-17,0.07762892992674814
2023-07-18,0.07733363544708045
2023-07-19,0.07824734404557748
2023-07-20,0.07840683303638599
2023-07-21,0.07825722884049528
2023-07-22,0.07825722884049528
2023-07-23,0.07825722884049528
2023-07-24,0.07712620941783205
2023-07-25,0.07725993863246232
2023-07-26,0.07723263806304925
2023-07-27,0.0772083859263839
2023-07-28,0.0771373382226807
2023-07-29,0.0771373382226807
2023-07-30,0.0771373382226807
2023-07-31,0.07655887844353508
2023-08-01,0.07708880124741564
2023-08-02,0.07685239715127974
2023-08-03,0.07651183544808912
2023-08-04,0.07708181316784041
2023-08-05,0.07708181316784041
2023-08-06,0.07708181316784041
2023-08-07,0.07674400889324855
2023-08-08,0.07667046519446032
2023-08-09,0.07657069246846526
2023-08-10,0.07671916414678293
2023-08-11,0.0771184610954947
2023-08-12,0.0771184610954947
2023-08-13,0.0771184610954947
2023-08-14,0.07695900939569295
2023-08-15,0.0772786085654847
2023-08-16,0.07755619156023616
2023-08-17,0.07731836724074241
2023-08-18,0.07717942611793693
2023-08-19,0.07717942611793693
2023-08-20,0.07717942611793693
2023-08-21,0.07666691125128526
2023-08-22,0.07680578691432567
2023-08-23,0.07735566481817646
2023-08-24,0.07741522452765191
2023-08-25,0.07693657928267225
2023-08-26,0.07693657928267225
2023-08-27,0.07693657928267225
2023-08-28,0.07616139631099711
2023-08-29,0.07615110125104811
2023-08-30,0.07610643727285621
2023-08-31,0.07661570215517569
2023-09-01,0.07657191971816232
2023-09-02,0.07657191971816232
2023-09-03,0.07657191971816232
2023-09-04,0.0761825643885624
2023-09-05,0.0762652753458778
2023-09-06,0.07577812414019028
2023-09-07,0.07654984814410468
2023-09-08,0.07661179345817362
2023-09-09,0.07661179345817362
2023-09-10,0.07661179345817362
2023-09-11,0.07578402898096359
2023-09-12,0.07612316368519029
2023-09-13,0.0762065357933049
2023-09-14,0.07633302890091861
2023-09-15,0.07667673200807541
2023-09-16,0.07667673200807541
2023-09-17,0.07667673200807541
2023-09-18,0.07554588992760475
2023-09-19,0.07593485196367881
2023-09-20,0.07610679773808325
2023-09-21,0.07630110522649783
2023-09-22,0.07596396221872358
2023-09-23,0.07596396221872358
2023-09-24,0.07596396221872358
2023-09-25,0.0758312377993059
2023-09-26,0.07606993187243154
2023-09-27,0.07578121879058738
2023-09-28,0.07559301170519944
2023-09-29,0.0756201801033512
2023-09-30,0.0756201801033512
2023-10-01,0.0756201801033512
2023-10-02,0.0756844943831927
2023-10-03,0.07622913797477585
2023-10-04,0.07545291644142217
2023-10-05,0.07554410238497661
2023-10-06,0.07544359118126087
2023-10-07,0.07544359118126087
2023-10-08,0.07544359118126087
2023-10-09,0.07586751190482004
2023-10-10,0.07534861410184625
2023-10-11,0.07589171335265765
2023-10-12,0.07617395249522851
2023-10-13,0.07647225535621034
2023-10-14,0.07647225535621034
2023-10-15,0.07647225535621034
2023-10-16,0.07517881928623273
2023-10-17,0.07573365558875492
2023-10-18,0.0759910354734903
2023-10-19,0.07557688791245236
2023-10-20,0.07588953343889153
2023-10-21,0.07588953343889153
2023-10-22,0.07588953343889153
2023-10-23,0.07587634655999771
2023-10-24,0.07603469744067998
2023-10-25,0.07630692320129495
2023-10-26,0.07655498965422737
2023-10-27,0.07646400176801048
2023-10-28,0.07646400176801048
2023-10-29,0.07646400176801048
2023-10-30,0.07571987243811468
2023-10-31,0.07572423459228289
2023-11-01,0.07569481429127844
2023-11-02,0.07643705471739892
2023-11-03,0.0759056869646897
2023-11-04,0.0759056869646897
2023-11-05,0.0759056869646897
2023-11-06,0.07632229208536613
2023-11-07,0.07686140549334064
2023-11-08,0.07697398063012637
2023-11-09,0.0767376277419037
2023-11-10,0.07675872907947938
2023-11-11,0.07675872907947938
2023-11-12,0.07675872907947938
2023-11-13,0.07673722663294667
2023-11-14,0.07704839375696267
2023-11-15,0.07674608044952123
2023-11-16,0.07682996050178953
2023-11-17,0.07670454054746033
2023-11-18,0.07670454054746033
2023-11-19,0.07670454054746033
2023-11-20,0.07760359606963978
2023-11-21,0.07793196002976276
2023-11-22,0.07819892618797862
2023-11-23,0.07746650908605568
2023-11-24,0.07757242398077219
2023-11-25,0.07757242398077219
2023-11-26,0.07757242398077219
2023-11-27,0.0777667941283952
2023-11-28,0.07789380626084236
2023-11-29,0.07824238808612662
2023-11-30,0.0783597075330719
2023-12-01,0.0775169160894872
2023-12-02,0.0775169160894872
2023-12-03,0.0775169160894872
2023-12-04,0.07744029382052539
2023-12-05,0.07815584004994566
2023-12-06,0.07735045203343044
2023-12-07,0.07665750939893136
2023-12-08,0.07720785489303687
2023-12-09,0.07720785489303687
2023-12-10,0.07720785489303687
2023-12-11,0.0768327484133708
2023-12-12,0.0772588931638255
2023-12-13,0.07733249573109993
2023-12-14,0.07754402850630676
2023-12-15,0.07818657466095404
2023-12-16,0.07818657466095404
2023-12-17,0.07818657466095404
2023-12-18,0.07798339426120851
2023-12-19,0.07784921941676252
2023-12-20,0.07847609382549234
2023-12-21,0.07854965514943958
2023-12-22,0.07868851908432364
2023-12-23,0.07868851908432364
2023-12-24,0.07868851908432364
2023-12-25,0.07861526089367864
2023-12-26,0.07858420869268719
2023-12-27,0.07896697926280277
2023-12-28,0.0791427253734154
2023-12-29,0.07959369463720334
2023-12-30,0.07959369463720334
2023-12-31,0.07959369463720334
2024-01-01,0.07878937040199677
2024-01-02,0.07882717858751905
2024-01-03,0.07935486376369867
2024-01-04,0.07820508567813941
2024-01-05,0.07860061209481732
2024-01-06,0.07860061209481732
2024-01-07,0.07860061209481732
2024-01-08,0.0781954771265024
2024-01-09,0.07884532346423594
2024-01-10,0.0782667907936427
2024-01-11,0.07844949156983279
2024-01-12,0.0787889725029258
2024-01-13,0.0787889725029258
2024-01-14,0.0787889725029258
2024-01-15,0.07849044186968149
2024-01-16,0.07863544810673115
2024-01-17,0.07814595870886101
2024-01-18,0.07900226875829594
2024-01-19,0.07896827752528698
2024-01-20,0.07896827752528698
2024-01-21,0.07896827752528698
2024-01-22,0.07824518972076373
2024-01-23,0.07838913699666758
2024-01-24,0.07927888230978915
2024-01-25,0.07863455828407749
2024-01-26,0.0787707438937951
2024-01-27,0.0787707438937951
2024-01-28,0.0787707438937951
2024-01-29,0.07812762890669156
2024-01-30,0.07801086238342538
2024-01-31,0.07823039472792939
2024-02-01,0.07848622758253031
2024-02-02,0.07825443284703051
2024-02-03,0.07825443284703051
2024-02-04,0.07825443284703051
2024-02-05,0.07803871518232898
2024-02-06,0.07772111143664674
2024-02-07,0.07817930853863087
2024-02-08,0.07841186449418595
2024-02-09,0.07839239674207099
2024-02-10,0.07837958443751877
2024-02-11,0.07837958443751877
2024-02-12,0.07803738873658529
2024-02-13,0.07885564777758194
2024-02-14,0.07861519042509449
2024-02-15,0.07811057517351389
2024-02-16,0.07816739023145261
2024-02-17,0.07816590905418748
2024-02-18,0.07816590905418748
2024-02-19,0.07788537048992865
2024-02-20,0.0779049479990095
2024-02-21,0.07939048019630626
2024-02-22,0.07967037552752892
2024-02-23,0.07996659402729576
2024-02-24,0.07996804796263342
2024-02-25,0.07996804796263342
2024-02-26,0.07948482408410391
2024-02-27,0.07981328510074595
2024-02-28,0.08007721178341373
2024-02-29,0.07956220601342277
2024-03-01,0.07997448362214073
2024-03-02,0.07999021807611101
2024-03-03,0.07999021807611101
2024-03-04,0.07955452039309618
2024-03-05,0.07958158586761865
2024-03-06,0.07963560515212462
2024-03-07,0.0799173221405714
2024-03-08,0.08018157342035703
2024-03-09,0.08018090004744133
2024-03-10,0.08018090004744133
2024-03-11,0.08021305542235839
2024-03-12,0.08075771647880522
2024-03-13,0.08057935664384572
2024-03-14,0.08031746206193374
2024-03-15,0.0806737077811352
2024-03-16,0.08071556981453364
2024-03-17,0.08071556981453364
2024-03-18,0.08006942492875599
2024-03-19,0.07998633448645431
2024-03-20,0.08044567733975526
2024-03-21,0.08023357869793146
2024-03-22,0.08022331222819956
2024-03-23,0.08022247001917795
2024-03-24,0.08022247001917795
2024-03-25,0.07986672386365791
2024-03-26,0.0802222618137002
2024-03-27,0.08007810543203624
2024-03-28,0.08028286988784458
2024-03-29,0.0802703390353322
2024-03-30,0.08029460680412985
2024-03-31,0.08029460680412985
2024-04-01,0.07951483694963707
2024-04-02,0.07961513443364614
2024-04-03,0.07943590026296356
2024-04-04,0.0792199775569147
2024-04-05,0.07951813815315041
2024-04-06,0.07951714053602404
2024-04-07,0.07951714053602404
2024-04-08,0.07948259047736439
2024-04-09,0.07958387871839155
2024-04-10,0.08024871419202378
2024-04-11,0.08031709147229828
2024-04-12,0.0790443988954938
2024-04-13,0.0790443988954938
2024-04-14,0.0790443988954938
2024-04-15,0.07873433421012287
2024-04-16,0.07942452817979369
2024-04-17,0.07885632802002057
2024-04-18,0.07886205086341468
2024-04-19,0.07943701106300015
2024-04-20,0.07943701106300015
2024-04-21,0.07943701106300015
2024-04-22,0.07885615862572626
2024-04-23,0.07928323735041341
2024-04-24,0.07929936395458544
2024-04-25,0.07941981169618927
2024-04-26,0.07970489049790569
2024-04-27,0.07970489049790569
2024-04-28,0.07970489049790569
2024-04-29,0.07915081886526756
2024-04-30,0.07990719002203815
2024-05-01,0.07987887126435463
2024-05-02,0.07951681880601853
2024-05-03,0.0790238753857786
2024-05-04,0.0790238753857786
2024-05-05,0.0790238753857786
2024-05-06,0.07935254212515762
2024-05-07,0.07988160103188872
2024-05-08,0.07994462578044469
2024-05-09,0.07963802224729478
2024-05-10,0.07969853329032417
2024-05-11,0.07969853329032417
2024-05-12,0.07969853329032417
2024-05-13,0.07947292317719058
2024-05-14,0.07954668362790894
2024-05-15,0.07982694591044552
2024-05-16,0.07966296602747397
2024-05-17,0.07966378943536825
2024-05-18,0.07966378943536825
2024-05-19,0.07966378943536825
2024-05-20,0.0801020463166032
2024-05-21,0.0799116153425765
2024-05-22,0.08055765165309749
2024-05-23,0.08045505706659911
2024-05-24,0.08066960213246971
2024-05-25,0.08066960213246971
2024-05-26,0.08066960213246971
2024-05-27,0.0799699591917056
2024-05-28,0.08005737273737619
2024-05-29,0.08016395181805773
2024-05-30,0.08050936406290965
2024-05-31,0.08012748016851744
2024-06-01,0.08012748016851744
2024-06-02,0.08012748016851744
2024-06-03,0.0800416553915433
2024-06-04,0.08042582390341509
2024-06-05,0.08071829492563753
2024-06-06,0.08083842904934806
2024-06-07,0.08087289584186898
2024-06-08,0.08087289584186898
2024-06-09,0.08087289584186898
2024-06-10,0.08027761370786549
2024-06-11,0.08009661862400257
2024-06-12,0.07954746429440016
2024-06-13,0.07929455914802554
2024-06-14,0.0797616066303367
2024-06-15,0.0797616066303367
2024-06-16,0.0797616066303367
2024-06-17,0.07931218534807757
2024-06-18,0.07972873372051988
2024-06-19,0.07952422655354772
2024-06-20,0.07991836324839087
2024-06-21,0.07987843330606878
2024-06-22,0.07987840830254092
2024-06-23,0.07987840830254092
2024-06-24,0.0791524845672101
2024-06-25,0.0798057025636278
2024-06-26,0.08005735900085473
2024-06-27,0.0800621465077162
2024-06-28,0.07936886351324786
2024-06-29,0.07936886351324786
2024-06-30,0.07936886351324786
2024-07-01,0.07944183763127216
2024-07-02,0.07981085410500065
2024-07-03,0.07946932537236062
2024-07-04,0.08012668509498484
2024-07-05,0.0799025184759961
2024-07-06,0.07990249348936274
2024-07-07,0.07990249348936274
2024-07-08,0.08002629730461797
2024-07-09,0.08010863319820766
2024-07-10,0.08001122189123792
2024-07-11,0.08049930525921364
2024-07-12,0.0805337732801182
2024-07-13,0.08053374803355462
2024-07-14,0.08053374803355462
2024-07-15,0.08057987848527176
2024-07-16,0.08100012221086433
2024-07-17,0.08047790290213112
2024-07-18,0.0808364857183165
2024-07-19,0.08071067888303046
2024-07-20,0.08071067888303046
2024-07-21,0.08071067888303046
2024-07-22,0.08036041099627715
2024-07-23,0.08087718643622142
2024-07-24,0.08083039347299373
2024-07-25,0.0808175965738116
2024-07-26,0.08020171126075938
2024-07-27,0.08020171126075938
2024-07-28,0.08020171126075938
2024-07-29,0.08029358849763513
2024-07-30,0.08021789125046458
2024-07-31,0.08055861600251041
2024-08-01,0.0809251920778587
2024-08-02,0.08060516521035577
2024-08-03,0.08060516521035577
2024-08-04,0.08060516521035577
2024-08-05,0.08070523356107878
2024-08-06,0.0816230768682656
2024-08-07,0.08146440240079308
2024-08-08,0.08092439055388953
2024-08-09,0.0815050916625359
2024-08-10,0.0815050916625359
2024-08-11,0.0815050916625359
2024-08-12,0.0809483940547898
2024-08-13,0.08111651714107919
2024-08-14,0.08129262037923292
2024-08-15,0.08128323521212201
2024-08-16,0.08116952640129206
2024-08-17,0.08116952640129206
2024-08-18,0.08117524074421109
2024-08-19,0.08128239234871881
2024-08-20,0.08098393191153871
2024-08-21,0.08090254967510212
2024-08-22,0.08117150828405995
2024-08-23,0.08090488817053602
2024-08-24,0.08090488817053602
2024-08-25,0.08090488817053602
2024-08-26,0.08236443121621607
2024-08-27,0.08077512798465869
2024-08-28,0.0807459168182249
2024-08-29,0.08198144183889439
2024-08-30,0.0812002918669423
2024-08-31,0.0812002918669423
2024-09-01,0.0812002918669423
2024-09-02,0.08171664172188564
2024-09-03,0.08183480808669533
2024-09-04,0.08115348495618381
2024-09-05,0.08180387439924851
2024-09-06,0.08206788069549661
2024-09-07,0.08206788069549661
2024-09-08,0.08206788069549661
2024-09-09,0.08208525320369836
2024-09-10,0.0817250544050827
2024-09-11,0.08230852816701709
2024-09-12,0.08217252031082556
2024-09-13,0.08184465971910963
2024-09-14,0.08184465971910963
2024-09-15,0.08184465971910963
2024-09-16,0.08182709856345188
2024-09-17,0.08232715014956327
2024-09-18,0.08205655857098954
2024-09-19,0.08262745491936559
2024-09-20,0.08274436858714283
2024-09-21,0.08274436858714283
2024-09-22,0.08274436858714283
2024-09-23,0.08236794460429595
2024-09-24,0.08227756081020195
2024-09-25,0.08245066114656548
2024-09-26,0.08201167056921645
2024-09-27,0.08204788609652934
2024-09-28,0.08204788609652934
2024-09-29,0.08204788609652934
2024-09-30,0.08250587215176407
2024-10-01,0.0825950810842831
2024-10-02,0.08254896925860801
2024-10-03,0.08265551355269171
2024-10-04,0.08172894437888119
2024-10-05,0.08172894437888119
2024-10-06,0.08172894437888119
2024-10-07,0.08143646503660637
2024-10-08,0.0817852928372582
2024-10-09,0.08081493595710192
2024-10-10,0.08203763706151422
2024-10-11,0.0816046526895381
2024-10-12,0.08160964515247172
2024-10-13,0.08160964515247172
2024-10-14,0.08131385300995199
2024-10-15,0.08119288373802953
2024-10-16,0.08199207702596151
2024-10-17,0.08150753441531129
2024-10-18,0.08135477533143098
2024-10-19,0.08134536594791775
2024-10-20,0.08134536594791775
2024-10-21,0.08097113526630313
2024-10-22,0.08493916209243751
2024-10-23,0.0846851160650184
2024-10-24,0.08471616739514341
2024-10-25,0.08453298833110562
2024-10-26,0.08453324973134178
2024-10-27,0.08453324973134178
2024-10-28,0.08423041413673643
2024-10-29,0.08470841228718723
2024-10-30,0.08494267816597956
2024-10-31,0.08491050288875877
2024-11-01,0.0849757185434378
2024-11-02,0.08497012332776563
2024-11-03,0.08497012332776563
2024-11-04,0.0847894797862243
2024-11-05,0.08551372379848628
2024-11-06,0.08544605522046551
2024-11-07,0.08432415050094967
2024-11-08,0.08452924111781146
2024-11-09,0.08451911362703
2024-11-10,0.08451911362703
2024-11-11,0.08403175810209379
2024-11-12,0.08365704891300649
2024-11-13,0.08419322522783546
2024-11-14,0.08413560560136664
2024-11-15,0.08364624466123137
2024-11-16,0.08364447772456264
2024-11-17,0.08364447772456264
2024-11-18,0.08281119627071665
2024-11-19,0.08341811313038872
2024-11-20,0.08374848494251105
2024-11-21,0.08372615897849668
2024-11-22,0.08353169195107726
2024-11-23,0.08009914328389733
2024-11-24,0.08009914328389733
2024-11-25,0.0786013607736276
2024-11-26,0.08106436524750574
2024-11-27,0.08108287043314918
2024-11-28,0.08118836649302333
2024-11-29,0.08135234554580235
2024-11-30,0.08141680377258675
2024-12-01,0.08141680377258675
2024-12-02,0.08164341906995995
2024-12-03,0.08171553538807609
2024-12-04,0.08188441812387953
2024-12-05,0.08153694219340556
2024-12-06,0.08154438406230255
2024-12-07,0.08153954573589094
2024-12-08,0.08153954573589094
2024-12-09,0.08149784979635341
2024-12-10,0.08142960200073321
2024-12-11,0.08133245471815288
2024-12-12,0.08125498039651431
2024-12-13,0.08103818669390399
2024-12-14,0.08103020194341272
2024-12-15,0.08103020194341272
2024-12-16,0.08106852491863764
2024-12-17,0.08107896669273282
2024-12-18,0.08127040514977452
2024-12-19,0.08145349774101802
2024-12-20,0.0806584279815328
2024-12-21,0.08065657360706868
2024-12-22,0.08065657360706868
2024-12-23,0.08089960973034396
2024-12-24,0.08063000560694492
2024-12-25,0.08061433076650756
2024-12-26,0.08068570887151569
2024-12-27,0.08084486347112575
2024-12-28,0.08083417400427577
2024-12-29,0.08083417400427577
2024-12-30,0.08105626465512017
2024-12-31,0.0813331005202345
2025-01-01,0.08126633915943687
2025-01-02,0.0813850514450518
2025-01-03,0.08055835443492133
2025-01-04,0.08055299818845414
2025-01-05,0.08055299818845414
2025-01-06,0.0802954295825281
2025-01-07,0.08053065125817399
2025-01-08,0.0850895413818748
2025-01-09,0.08512405993684373
2025-01-10,0.08384273262817403
2025-01-11,0.08385275101061912
2025-01-12,0.08385275101061912
2025-01-13,0.08368502851947934
2025-01-14,0.08371596787137235
2025-01-15,0.08368662711880523
2025-01-16,0.08430389672586723
2025-01-17,0.08435327508093497
2025-01-18,0.08435295067084302
2025-01-19,0.08435295067084302
2025-01-20,0.08368486108581091
2025-01-21,0.08378963748180489
2025-01-22,0.08471204467978151
2025-01-23,0.08507302867890447
2025-01-24,0.08468282053258754
2025-01-25,0.08467677971586421
2025-01-26,0.08467677971586421
2025-01-27,0.08502846986721115
2025-01-28,0.08532685988051011
2025-01-29,0.08515054314049325
2025-01-30,0.0849185602502963
2025-01-31,0.08501081146766057
2025-02-01,0.08505009358080307
2025-02-02,0.08505009358080307
2025-02-03,0.08340960227247352
2025-02-04,0.0840790834706274
2025-02-05,0.08414949976577692
2025-02-06,0.08443736142089676
2025-02-07,0.08469037099560169
2025-02-08,0.08469600500741754
2025-02-09,0.08469788475883806
2025-02-10,0.08505145905088532
2025-02-11,0.08434392210461066
2025-02-12,0.08421094472024547
2025-02-13,0.1007033380076136
2025-02-14,0.085028914407964
2025-02-15,0.08504060053462102
2025-02-16,0.08504060053462102
2025-02-17,0.08520338502280184
2025-02-18,0.08516704254237045
2025-02-19,0.0851145860755395
2025-02-20,0.08460718429785227
2025-02-21,0.0845926654080499
2025-02-22,0.08522255375853593
2025-02-23,0.08522255375853593
2025-02-24,0.08510009093646433
2025-02-25,0.08280780205774445
2025-02-26,0.08263404047374356
2025-02-27,0.08307909668256479
2025-02-28,0.08307164450186497
2025-03-01,0.08307295885818428
2025-03-02,0.08307295885818428
2025-03-03,0.08221967326119037
2025-03-04,0.08313024257259127
2025-03-05,0.08250446616670185
2025-03-06,0.0846597271795168
2025-03-07,0.08376851972405078
2025-03-08,0.08495723787997199
2025-03-09,0.08495723787997199
2025-03-10,0.08484508607983164
2025-03-11,0.08536506067733596
2025-03-12,0.08534561678983356
2025-03-13,0.08508357856243526
2025-03-14,0.08111315413476894
2025-03-15,0.08111501611667168
2025-03-16,0.08111501611667168
2025-03-17,0.08088571782143152
2025-03-18,0.08123603031078162
2025-03-19,0.08107339519928934
2025-03-20,0.08103008393291258
2025-03-21,0.08109994344870615
2025-03-22,0.0810998132666603
2025-03-23,0.0810998132666603
2025-03-24,0.08102814186630541
2025-03-25,0.0804796958477547
2025-03-26,0.08060577226441767
2025-03-27,0.08047665441661654
2025-03-28,0.08049364489979322
2025-03-29,0.08048688577120458
2025-03-30,0.08048688577120458
2025-03-31,0.08064895516194437
2025-04-01,0.08070351377917293
2025-04-02,0.08067205324573123
2025-04-03,0.07916165211147222
2025-04-04,0.08056938079046118
2025-04-05,0.08055504323514327
2025-04-06,0.08055504323514327
2025-04-07,0.08029646619562392
2025-04-08,0.08434463259239973
2025-04-09,0.08421259632674473
2025-04-10,0.08483930901806441
2025-04-11,0.08653357728214545
2025-04-12,0.0865378216139247
2025-04-13,0.0865378216139247
2025-04-14,0.08869784410926074
2025-04-15,0.08826712904468663
2025-04-16,0.08895793516007229
2025-04-17,0.0886052919482932
2025-04-18,0.08881804384929723
2025-04-19,0.08909146611099607
2025-04-20,0.08909146611099607
2025-04-21,0.08951040549509819
2025-04-22,0.08882722277325723
2025-04-23,0.08824232663688315
2025-04-24,0.0887277853791237
2025-04-25,0.0885002834266746
2025-04-26,0.0885247062263322
2025-04-27,0.0885247062263322
2025-04-28,0.08887806438761656
2025-04-29,0.08855953722279286
2025-04-30,0.08818676717278795
2025-05-01,0.08798492380291191
2025-05-02,0.08788348706522837
2025-05-03,0.0879468713199235
2025-05-04,0.0879468713199235
2025-05-05,0.08789898467659052
2025-05-06,0.08825101321714089
2025-05-07,0.08778675706812343
2025-05-08,0.08731855217872185
2025-05-09,0.08747431434490344
2025-05-10,0.08748964898445939
2025-05-11,0.08748964898445939
2025-05-12,0.08644595878799766
2025-05-13,0.087100268944099
2025-05-14,0.08700952169756858
2025-05-15,0.08702039938454391
2025-05-16,0.08690192848581067
2025-05-17,0.08691721777529242
2025-05-18,0.08691721777529242
2025-05-19,0.08737243715049454
2025-05-20,0.08760719829632586
2025-05-21,0.08783893914799781
2025-05-22,0.08749758124400157
2025-05-23,0.08792357334058629
2025-05-24,0.08802087461305003
2025-05-25,0.08802087461305003
2025-05-26,0.08804697461404991
2025-05-27,0.08765400741694004
2025-05-28,0.08744381410828775
2025-05-29,0.08788674453574837
2025-05-30,0.08779565184177143
2025-05-31,0.08780310640068231
2025-06-01,0.08780310640068231
2025-06-02,0.08837666955761005
2025-06-03,0.08788492594403063
2025-06-04,0.08811361730365347
2025-06-05,0.0882162899043267
2025-06-06,0.08790932651914546
2025-06-07,0.08799618320450242
2025-06-08,0.08799618320450242
2025-06-09,0.08804166154985835
2025-06-10,0.08809034239184386
2025-06-11,0.08849492682516437
2025-06-12,0.08907708190442541
2025-06-13,0.08884052359515458
2025-06-14,0.08879470143386184
2025-06-15,0.08879470143386184
2025-06-16,0.08891077253384207
2025-06-17,0.08849419034378359
2025-06-18,0.08853499751545077
2025-06-19,0.08858193101001367
2025-06-20,0.08883803737091314
2025-06-21,0.08858790002240395
2025-06-22,0.08858790002240395
2025-06-23,0.08923335763576307
2025-06-24,0.08927403468259008
2025-06-25,0.08953254545748895
2025-06-26,0.08977162785225537
2025-06-27,0.08991324979457756
2025-06-28,0.08998513035498915
2025-06-29,0.08998513035498915
2025-06-30,0.09031060015662665
2025-07-01,0.09034412840906034
2025-07-02,0.09033400757776534
2025-07-03,0.09004946400786813
2025-07-04,0.0901867527680592
2025-07-05,0.09023267608269735
2025-07-06,0.09023267608269735
2025-07-07,0.08991965198031714
2025-07-08,0.0900702676605512
2025-07-09,0.09005956670780124
2025-07-10,0.08981858970977934
2025-07-11,0.08984747887477079
2025-07-12,0.08966892355174236
2025-07-13,0.08966892355174236
2025-07-14,0.08971663562544432
2025-07-15,0.08933667320568053
2025-07-16,0.08962555163525766
2025-07-17,0.0893712613164375
2025-07-18,0.08951051993186959
2025-07-19,0.08949968324237516
2025-07-20,0.08949968324237516
2025-07-21,0.089907618951689
2025-07-22,0.09026678297004191
2025-07-23,0.0903254407727472
2025-07-24,0.0902418146583964
2025-07-25,0.09026732204860786
2025-07-26,0.09038149180246043
2025-07-27,0.09038149180246043
2025-07-28,0.08929530661867639
2025-07-29,0.08912368577311507
2025-07-30,0.08829551324454844
2025-07-31,0.08849156232525661
2025-08-01,0.08962548276970753
2025-08-02,0.08957590150808674
2025-08-03,0.08957590150808674
2025-08-04,0.08934892251827224
2025-08-05,0.08935575185224116
2025-08-06,0.08986163724932762
2025-08-07,0.08983561550662776
2025-08-08,0.08967163254718258
2025-08-09,0.08966638854896282
2025-08-10,0.08966638854896282
2025-08-11,0.08953467360613027
2025-08-12,0.08988261496011866
2025-08-13,0.09005378745843551
2025-08-14,0.08976005448162626
2025-08-15,0.0901482716513349
2025-08-16,0.09022112662079401
2025-08-17,0.09022112662079401
2025-08-18,0.08983739467155138
2025-08-19,0.08970655639538218
2025-08-20,0.08982123582515257
2025-08-21,0.08959015791077156
2025-08-22,0.09032593751116434
2025-08-23,0.09026310701298171
2025-08-24,0.09026310701298171
2025-08-25,0.0896019869419507
2025-08-26,0.08983342675817114
2025-08-27,0.08984526479932727
2025-08-28,0.09010238907356308
2025-08-29,0.09012118770354995
2025-08-30,0.09013703190323556
2025-08-31,0.09013703190323556
2025-09-01,0.09028558264065059
2025-09-02,0.08990301767240262
2025-09-03,0.09006236082994552
2025-09-04,0.09000035494670637
2025-09-05,0.09037057087429502
2025-09-06,0.09028420618179114
2025-09-07,0.09028420618179114
2025-09-08,0.09066073328630353
2025-09-09,0.09032595561971064
2025-09-10,0.09021650360812777
2025-09-11,0.09043403750668381
2025-09-12,0.09040889166392131
2025-09-13,0.09038036617546578
2025-09-14,0.09038036617546578
2025-09-15,0.09045083273919849
2025-09-16,0.09104133829540081
2025-09-17,0.09069847509671322
2025-09-18,0.09058749583933225
2025-09-19,0.09036475375814697
2025-09-20,0.09033732342573562
2025-09-21,0.09033732342573562
2025-09-22,0.09077959836741077
2025-09-23,0.09082046448507802
2025-09-24,0.09039446944138262
2025-09-25,0.09000997396318851
2025-09-26,0.09025600856340468
2025-09-27,0.09028917089846647
2025-09-28,0.09028917089846647
2025-09-29,0.09037104748958413
2025-09-30,0.09044376932833453
2025-10-01,0.09051613163467793
2025-10-02,0.09026936341537564
2025-10-03,0.0904612911644086
2025-10-04,0.090453109632529
2025-10-05,0.090453109632529
2025-10-06,0.09024835059829762
2025-10-07,0.08987369104249374
2025-10-08,0.08966132499039305
2025-10-09,0.08922777111787188
2025-10-10,0.08970166403322867
2025-10-11,0.08971873085508918
2025-10-12,0.08971873085508918
2025-10-13,0.0892790147701369
2025-10-14,0.08958706578523731
2025-10-15,0.08976416613508684
2025-10-16,0.0900374124164535
2025-10-17,0.08985919331719183
2025-10-18,0.08973361523339038
2025-10-19,0.08973361523339038
2025-10-20,0.08972347077198112
2025-10-21,0.08941583021694921
2025-10-22,0.08950682403428005
2025-10-23,0.08953200616366395
2025-10-24,0.08964370922880112
2025-10-25,0.08962324222749335
2025-10-26,0.08962324222749335
2025-10-27,0.08965684378073518
2025-10-28,0.08974752011487032
2025-10-29,0.08937643705223679
2025-10-30,0.0892435847493011
2025-10-31,0.08902551897588326
2025-11-01,0.08910732901669682
2025-11-02,0.08910732901669682
2025-11-03,0.08900626060071704
2025-11-04,0.08888240161080826
2025-11-05,0.0888959001293633
2025-11-06,0.08921416312545963
2025-11-07,0.08932301199564287
2025-11-08,0.0893364900289739
2025-11-09,0.0893364900289739
2025-11-10,0.08922896660458962
2025-11-11,0.08934298141763468
2025-11-12,0.08934308648996192
2025-11-13,0.08969516715961663
2025-11-14,0.08952100669923263
2025-11-15,0.08954339815793295
2025-11-16,0.08954339815793295
2025-11-17,0.08932887383379871
2025-11-18,0.08940317421787097
2025-11-19,0.08903487072357777
2025-11-20,0.08924542994130123
2025-11-21,0.08917093178279076
2025-11-22,0.0891595866287866
2025-11-23,0.0891595866287866
2025-11-24,0.08930529626742535
2025-11-25,0.08968231358136182
2025-11-26,0.08962786459703774
2025-11-27,0.08959894144480167
2025-11-28,0.08964301589903836
2025-11-29,0.0896023472328608
2025-11-30,0.0896023472328608
2025-12-01,0.08668198180321057
2025-12-02,0.08679236859527181
2025-12-03,0.08703171455937625
2025-12-04,0.07466163972036732
2025-12-05,0.07460547825400932
2025-12-06,0.07458027863177827
2025-12-07,0.07458027863177827
2025-12-08,0.07461579295903129
2025-12-09,0.07462370744616685
2025-12-10,0.07484608225326925
2025-12-11,0.07517804100652009
2025-12-12,0.07522934528735889
2025-12-13,0.07520411725134865
2025-12-14,0.07520411725134865
2025-12-15,0.07521926009202937
2025-12-16,0.07521800321777006
2025-12-17,0.07525350565224627
2025-12-18,0.07514734370393213
2025-12-19,0.07508038688635942
2025-12-20,0.07497839753007013
2025-12-21,0.07497839753007013
2025-12-22,0.07522714529509575
2025-12-23,0.07537589983399269
2025-12-24,0.07526504869574298
2025-12-25,0.07525955011286824
2025-12-26,0.0752077912746588
2025-12-27,0.07518855779623777
2025-12-28,0.07518855779623777
2025-12-29,0.075161171865299
2025-12-30,0.07508574707996397
2025-12-31,0.07508076020311022
2026-01-01,0.0750701292223487
2026-01-02,0.07496080731629115
2026-01-03,0.07492782577431448
2026-01-04,0.07492808568564634
2026-01-05,0.0749355056337733
2026-01-06,0.07469530369716244
2026-01-07,0.07470362606180907
2026-01-08,0.07225687059241895
2026-01-09,0.0736955525441398
2026-01-10,0.07371031478210086
2026-01-11,0.07373587049938408
2026-01-12,0.07394641077508299
2026-01-13,0.07381587828250388
2026-01-14,0.07378902858397854
2026-01-15,0.07366816339912903
2026-01-16,0.073592255081762
2026-01-17,0.07357972347458232
2026-01-18,0.0735190814011
2026-01-19,0.07378171551604604
2026-01-20,0.0741045697098865
2026-01-21,0.073984166911317
2026-01-22,0.07418909400585241
2026-01-23,0.07450431306863942
2026-01-24,0.07460785289884624
2026-01-25,0.07467449184536315
2026-01-26,0.07478266023672653
2026-01-27,0.07521429025583616
2026-01-28,0.0750303796369008
2026-01-29,0.0750795556892283
2026-01-30,0.07475450237690856
2026-01-31,0.0746809260726042
2026-02-01,0.07472793242846487
2026-02-02,0.074434788526949
2026-02-03,0.07452248484702294
2026-02-04,0.07449344320868505
2026-02-05,0.07443769521740898
2026-02-06,0.07453021616694361
2026-02-07,0.07451485564790354
2026-02-08,0.07452673540508845
2026-02-09,0.07494730744477526
