datetime,open,high,low,close
2004-09-08,0.33390000,0.33450001,0.33309999,0.33340001
2004-09-09,0.33309999,0.33350000,0.33219999,0.33300000
2004-09-10,0.33289999,0.33300000,0.33100000,0.33199999
2004-09-13,0.33190000,0.33980000,0.33100000,0.33370000
2004-09-14,0.33340001,0.33480000,0.33289999,0.33469999
2004-09-15,0.33460000,0.33590001,0.33360001,0.33570001
2004-09-16,0.33559999,0.33669999,0.33360001,0.33379999
2004-09-17,0.33399999,0.33489999,0.33100000,0.33450001
2004-09-20,0.33390000,0.33469999,0.33289999,0.33390000
2004-09-21,0.33340001,0.33480000,0.33219999,0.33300000
2004-09-22,0.33280000,0.33410001,0.33239999,0.33390000
2004-09-23,0.33370000,0.33460000,0.33340001,0.33399999
2004-09-24,0.33390000,0.33419999,0.33280000,0.33379999
2004-09-27,0.33360001,0.33440000,0.33360001,0.33399999
2004-09-28,0.33379999,0.33489999,0.33370000,0.33460000
2004-09-29,0.33430001,0.33520001,0.33320001,0.33510000
2004-09-30,0.33440000,0.33590001,0.33440000,0.33550000
2004-10-01,0.33530000,0.33620000,0.33460000,0.33469999
2004-10-04,0.33390000,0.33719999,0.33390000,0.33700001
2004-10-05,0.33680001,0.33719999,0.33460000,0.33469999
2004-10-06,0.33610001,0.33730000,0.33550000,0.33669999
2004-10-07,0.33669999,0.34819999,0.33460000,0.33640000
2004-10-08,0.33600000,0.33750001,0.33460000,0.33680001
2004-10-11,0.33669999,0.33690000,0.33669999,0.33690000
2004-10-12,0.33669999,0.33759999,0.33600000,0.33759999
2004-10-13,0.33669999,0.33690000,0.33579999,0.33660001
2004-10-14,0.33640000,0.33690000,0.33559999,0.33600000
2004-10-15,0.33600000,0.33730000,0.33500001,0.33730000
2004-10-18,0.33719999,0.33870000,0.33620000,0.33690000
2004-10-19,0.33820000,0.33919999,0.33730000,0.33759999
2004-10-20,0.33739999,0.33829999,0.33600000,0.33790001
2004-10-21,0.33770001,0.33870000,0.33669999,0.33820000
2004-10-22,0.33669999,0.33840001,0.33669999,0.33770001
2004-10-25,0.33750001,0.33770001,0.33570001,0.33669999
2004-10-26,0.33669999,0.33730000,0.33600000,0.33640000
2004-10-27,0.33610001,0.33690000,0.33579999,0.33649999
2004-10-28,0.33620000,0.33660001,0.33530000,0.33570001
2004-10-29,0.33550000,0.33680001,0.33410001,0.33669999
2004-11-01,0.33660001,0.33750001,0.33620000,0.33680001
2004-11-02,0.33669999,0.33840001,0.33660001,0.33800000
2004-11-03,0.33800000,0.33860001,0.33770001,0.33790001
2004-11-04,0.33780000,0.33849999,0.33680001,0.33780000
2004-11-05,0.33750001,0.33770001,0.33680001,0.33759999
2004-11-08,0.33730000,0.33770001,0.33610001,0.33640000
2004-11-09,0.33610001,0.33710000,0.33550000,0.33680001
2004-11-10,0.33660001,0.33700001,0.33640000,0.33680001
2004-11-11,0.33660001,0.33680001,0.33610001,0.33680001
2004-11-12,0.33660001,0.33800000,0.33649999,0.33680001
2004-11-15,0.33649999,0.33899999,0.33649999,0.33849999
2004-11-16,0.33649999,0.33939999,0.33649999,0.33719999
2004-11-17,0.33840001,0.34070000,0.33660001,0.34070000
2004-11-18,0.33649999,0.34099999,0.33649999,0.34009999
2004-11-19,0.34009999,0.34040001,0.33919999,0.33970001
2004-11-22,0.33939999,0.33970001,0.33770001,0.33880001
2004-11-23,0.33829999,0.34070000,0.33820000,0.34029999
2004-11-24,0.34000000,0.34070000,0.33939999,0.33980000
2004-11-25,0.33960000,0.33980000,0.33960000,0.33980000
2004-11-26,0.33960000,0.34040001,0.33939999,0.33980000
2004-11-29,0.33960000,0.34029999,0.33849999,0.33880001
2004-11-30,0.33860001,0.33989999,0.33829999,0.33970001
2004-12-01,0.33919999,0.34009999,0.33919999,0.33960000
2004-12-02,0.33960000,0.33989999,0.33739999,0.33770001
2004-12-03,0.33739999,0.33800000,0.33570001,0.33590001
2004-12-06,0.33570001,0.33590001,0.33430001,0.33510000
2004-12-07,0.33489999,0.33610001,0.33379999,0.33590001
2004-12-08,0.33590001,0.33610001,0.33559999,0.33590001
2004-12-09,0.33570001,0.33640000,0.33489999,0.33590001
2004-12-10,0.33559999,0.33640000,0.33559999,0.33579999
2004-12-13,0.33579999,0.33649999,0.33570001,0.33629999
2004-12-14,0.33600000,0.33669999,0.33520001,0.33570001
2004-12-15,0.33550000,0.33590001,0.33489999,0.33590001
2004-12-16,0.33559999,0.33600000,0.33410001,0.33460000
2004-12-17,0.33430001,0.33610001,0.33410001,0.33579999
2004-12-20,0.33550000,0.33770001,0.33550000,0.33750001
2004-12-21,0.33730000,0.33910000,0.33719999,0.33739999
2004-12-22,0.33730000,0.33809999,0.33590001,0.33770001
2004-12-23,0.33739999,0.33870000,0.33719999,0.33860001
2004-12-24,0.33829999,0.33950001,0.33829999,0.33860001
2004-12-27,0.33840001,0.33870000,0.33719999,0.33770001
2004-12-28,0.33739999,0.33770001,0.33600000,0.33629999
2004-12-29,0.33600000,0.33640000,0.33460000,0.33520001
2004-12-30,0.33550000,0.33690000,0.33489999,0.33629999
2004-12-31,0.33600000,0.33710000,0.33570001,0.33640000
2005-01-03,0.33550000,0.33780000,0.33550000,0.33680001
2005-01-04,0.33660001,0.33780000,0.33550000,0.33750001
2005-01-05,0.33719999,0.33750001,0.33600000,0.33680001
2005-01-06,0.33660001,0.33770001,0.33610001,0.33750001
2005-01-07,0.33719999,0.33780000,0.33660001,0.33680001
2005-01-10,0.33649999,0.33759999,0.33649999,0.33710000
2005-01-11,0.33669999,0.33800000,0.33660001,0.33790001
2005-01-12,0.33730000,0.33989999,0.33730000,0.33970001
2005-01-13,0.33899999,0.34160000,0.33899999,0.34079999
2005-01-14,0.34000000,0.34079999,0.33970001,0.34060001
2005-01-17,0.34029999,0.34060001,0.34029999,0.34060001
2005-01-18,0.34029999,0.34160000,0.33989999,0.34060001
2005-01-19,0.34029999,0.34090000,0.33719999,0.33750001
2005-01-20,0.33719999,0.34009999,0.33719999,0.33970001
2005-01-21,0.33960000,0.34000000,0.33939999,0.34000000
2005-01-24,0.33719999,0.34130001,0.33719999,0.34110001
2005-01-25,0.34090000,0.34270000,0.33719999,0.34240001
2005-01-26,0.33719999,0.34250000,0.33719999,0.34240001
2005-01-27,0.33719999,0.34220001,0.33719999,0.34189999
2005-01-28,0.34180000,0.34230000,0.34140000,0.34169999
2005-01-31,0.34180000,0.34250000,0.34140000,0.34240001
2005-02-01,0.34189999,0.34270000,0.34180000,0.34200001
2005-02-02,0.34180000,0.34230000,0.33980000,0.34169999
2005-02-03,0.34150001,0.34270000,0.34150001,0.34240001
2005-02-04,0.34209999,0.34290001,0.34180000,0.34259999
2005-02-07,0.34230000,0.34259999,0.34209999,0.34259999
2005-02-08,0.34259999,0.34349999,0.34230000,0.34299999
2005-02-09,0.34320000,0.34400001,0.34279999,0.34380001
2005-02-10,0.34340000,0.34390000,0.34290001,0.34340000
2005-02-11,0.34360000,0.34390000,0.34290001,0.34349999
2005-02-14,0.34290001,0.34439999,0.34290001,0.34400001
2005-02-15,0.34390000,0.34470001,0.34380001,0.34439999
2005-02-16,0.34410000,0.34590000,0.34410000,0.34580001
2005-02-17,0.34560001,0.34670001,0.34380001,0.34419999
2005-02-18,0.34380001,0.34509999,0.34259999,0.34290001
2005-02-21,0.34259999,0.34410000,0.34259999,0.34290001
2005-02-22,0.34279999,0.34400001,0.34209999,0.34240001
2005-02-23,0.34220001,0.34259999,0.34029999,0.34079999
2005-02-24,0.34070000,0.34130001,0.34000000,0.34070000
2005-02-25,0.34070000,0.34130001,0.34000000,0.34060001
2005-02-28,0.34040001,0.34250000,0.34000000,0.34029999
2005-03-01,0.34009999,0.34050000,0.33880001,0.33930001
2005-03-02,0.33899999,0.34050000,0.33780000,0.33829999
2005-03-03,0.33809999,0.33930001,0.33780000,0.33880001
2005-03-04,0.33870000,0.34090000,0.33860001,0.34060001
2005-03-07,0.34029999,0.34270000,0.34029999,0.34150001
2005-03-08,0.34130001,0.34160000,0.34060001,0.34130001
2005-03-09,0.34130001,0.34130001,0.34000000,0.34119999
2005-03-10,0.34099999,0.34150001,0.34029999,0.34110001
2005-03-11,0.34050000,0.34279999,0.34050000,0.34279999
2005-03-14,0.34279999,0.34310001,0.34050000,0.34250000
2005-03-15,0.34250000,0.34330001,0.34050000,0.34290001
2005-03-16,0.34279999,0.34290001,0.34050000,0.34270000
2005-03-17,0.34250000,0.34279999,0.34050000,0.34279999
2005-03-18,0.34279999,0.34349999,0.34050000,0.34290001
2005-03-21,0.34279999,0.34299999,0.34000000,0.34290001
2005-03-22,0.34279999,0.34380001,0.34050000,0.34380001
2005-03-23,0.34360000,0.34369999,0.34050000,0.34320000
2005-03-24,0.34310001,0.34330001,0.34050000,0.34320000
2005-03-25,0.34310001,0.34320000,0.34310001,0.34320000
2005-03-28,0.34310001,0.34330001,0.34180000,0.34240001
2005-03-29,0.34180000,0.34270000,0.34180000,0.34270000
2005-03-30,0.34250000,0.34320000,0.34050000,0.34270000
2005-03-31,0.34250000,0.34290001,0.34189999,0.34290001
2005-04-01,0.34279999,0.34320000,0.34220001,0.34270000
2005-04-04,0.34250000,0.34310001,0.34220001,0.34259999
2005-04-05,0.34250000,0.34360000,0.34050000,0.34349999
2005-04-06,0.34330001,0.34450001,0.34330001,0.34430000
2005-04-07,0.34419999,0.34639999,0.34419999,0.34580001
2005-04-08,0.34570000,0.34580001,0.34509999,0.34560001
2005-04-11,0.34570000,0.34630001,0.34540001,0.34610000
2005-04-12,0.34599999,0.34639999,0.34540001,0.34580001
2005-04-13,0.34570000,0.34770000,0.34570000,0.34729999
2005-04-14,0.34720001,0.34740001,0.34570000,0.34610000
2005-04-15,0.34599999,0.34610000,0.34480000,0.34490001
2005-04-18,0.34480000,0.34490001,0.34410000,0.34470001
2005-04-19,0.34450001,0.34560001,0.34410000,0.34470001
2005-04-20,0.34450001,0.34490001,0.34050000,0.34490001
2005-04-21,0.34480000,0.34529999,0.34050000,0.34470001
2005-04-22,0.34450001,0.34500000,0.34050000,0.34490001
2005-04-25,0.34480000,0.34509999,0.34050000,0.34470001
2005-04-26,0.34450001,0.34560001,0.34050000,0.34490001
2005-04-27,0.34509999,0.34540001,0.34050000,0.34470001
2005-04-28,0.34480000,0.34490001,0.34050000,0.34380001
2005-04-29,0.34360000,0.34450001,0.34050000,0.34380001
2005-05-02,0.34360000,0.34490001,0.34310001,0.34490001
2005-05-03,0.34480000,0.34540001,0.34050000,0.34529999
2005-05-04,0.34509999,0.34540001,0.34050000,0.34529999
2005-05-05,0.34509999,0.34540001,0.34050000,0.34529999
2005-05-06,0.34509999,0.34520000,0.34050000,0.34520000
2005-05-09,0.34050000,0.34560001,0.34050000,0.34560001
2005-05-10,0.34050000,0.34610000,0.34050000,0.34580001
2005-05-11,0.34570000,0.34580001,0.34509999,0.34529999
2005-05-12,0.34509999,0.34580001,0.34509999,0.34560001
2005-05-13,0.34540001,0.34580001,0.34480000,0.34560001
2005-05-16,0.34540001,0.34700000,0.34540001,0.34680000
2005-05-17,0.34660000,0.34689999,0.34630001,0.34660000
2005-05-18,0.34660000,0.34680000,0.34570000,0.34680000
2005-05-19,0.34660000,0.34709999,0.34630001,0.34680000
2005-05-20,0.34660000,0.34680000,0.34599999,0.34650001
2005-05-23,0.34630001,0.34680000,0.34630001,0.34680000
2005-05-24,0.34660000,0.34680000,0.34630001,0.34650001
2005-05-25,0.34630001,0.34680000,0.34630001,0.34650001
2005-05-26,0.34660000,0.34680000,0.34630001,0.34680000
2005-05-27,0.34660000,0.34680000,0.34630001,0.34680000
2005-05-30,0.34660000,0.34680000,0.34660000,0.34680000
2005-05-31,0.34660000,0.34700000,0.34599999,0.34700000
2005-06-01,0.34689999,0.34729999,0.34650001,0.34680000
2005-06-02,0.34660000,0.34700000,0.34630001,0.34680000
2005-06-03,0.34660000,0.34680000,0.34570000,0.34580001
2005-06-06,0.34570000,0.34580001,0.34490001,0.34560001
2005-06-07,0.34540001,0.34580001,0.34490001,0.34560001
2005-06-08,0.34540001,0.34590000,0.34529999,0.34560001
2005-06-09,0.34540001,0.34570000,0.34490001,0.34549999
2005-06-10,0.34529999,0.34619999,0.34529999,0.34570000
2005-06-13,0.34540001,0.34729999,0.34529999,0.34729999
2005-06-14,0.34720001,0.34819999,0.34689999,0.34819999
2005-06-15,0.34810001,0.34909999,0.34750000,0.34770000
2005-06-16,0.34750000,0.34810001,0.34750000,0.34810001
2005-06-17,0.34779999,0.34850001,0.34779999,0.34830001
2005-06-20,0.34810001,0.34830001,0.34810001,0.34830001
2005-06-21,0.34810001,0.34860000,0.34779999,0.34860000
2005-06-22,0.34840000,0.34940001,0.34840000,0.34909999
2005-06-23,0.34900001,0.34909999,0.34779999,0.34830001
2005-06-24,0.34810001,0.34830001,0.34720001,0.34729999
2005-06-27,0.34720001,0.34740001,0.34599999,0.34610000
2005-06-28,0.34599999,0.34619999,0.34509999,0.34560001
2005-06-29,0.34540001,0.34580001,0.34509999,0.34560001
2005-06-30,0.34540001,0.34680000,0.34529999,0.34650001
2005-07-01,0.34630001,0.34700000,0.34630001,0.34650001
2005-07-04,0.34630001,0.34680000,0.34610000,0.34650001
2005-07-05,0.34630001,0.34680000,0.34599999,0.34650001
2005-07-06,0.34630001,0.34729999,0.34630001,0.34700000
2005-07-07,0.34689999,0.34760001,0.34670001,0.34729999
2005-07-08,0.34720001,0.34880000,0.34720001,0.34860000
2005-07-11,0.34840000,0.34979999,0.34840000,0.34880000
2005-07-12,0.34869999,0.34880000,0.34750000,0.34830001
2005-07-13,0.34810001,0.34880000,0.34810001,0.34860000
2005-07-14,0.34840000,0.34990001,0.34840000,0.34950000
2005-07-15,0.34930000,0.34979999,0.34900001,0.34909999
2005-07-18,0.34900001,0.34930000,0.34830001,0.34930000
2005-07-19,0.34900001,0.34950000,0.34900001,0.34950000
2005-07-20,0.34930000,0.34990001,0.34900001,0.34950000
2005-07-21,0.34930000,0.34990001,0.34930000,0.34950000
2005-07-22,0.34950000,0.34979999,0.34889999,0.34909999
2005-07-25,0.34970000,0.34990001,0.34869999,0.34950000
2005-07-26,0.34970000,0.34990001,0.34900001,0.34950000
2005-07-27,0.34930000,0.34979999,0.34900001,0.34909999
2005-07-28,0.34900001,0.34990001,0.34860000,0.34950000
2005-07-29,0.34930000,0.34970000,0.34900001,0.34940001
2005-08-01,0.34970000,0.34979999,0.34930000,0.34979999
2005-08-02,0.34959999,0.34990001,0.34920001,0.34979999
2005-08-03,0.34970000,0.34979999,0.34950000,0.34979999
2005-08-04,0.34970000,0.34990001,0.34900001,0.34950000
2005-08-05,0.34970000,0.34990001,0.34869999,0.34909999
2005-08-08,0.34970000,0.34990001,0.34830001,0.34860000
2005-08-09,0.34840000,0.34860000,0.34750000,0.34790000
2005-08-10,0.34779999,0.34830001,0.34750000,0.34770000
2005-08-11,0.34750000,0.34790000,0.34700000,0.34770000
2005-08-12,0.34750000,0.34770000,0.34660000,0.34700000
2005-08-15,0.34689999,0.34729999,0.34689999,0.34700000
2005-08-16,0.34689999,0.34700000,0.34599999,0.34610000
2005-08-17,0.34599999,0.34619999,0.34529999,0.34570000
2005-08-18,0.34570000,0.34580001,0.34490001,0.34529999
2005-08-19,0.34509999,0.34529999,0.34290001,0.34400001
2005-08-22,0.34390000,0.34439999,0.34380001,0.34400001
2005-08-23,0.34390000,0.34419999,0.34330001,0.34380001
2005-08-24,0.34360000,0.34410000,0.34320000,0.34400001
2005-08-25,0.34390000,0.34400001,0.34360000,0.34400001
2005-08-26,0.34390000,0.34410000,0.34340000,0.34380001
2005-08-29,0.34360000,0.34360000,0.34310001,0.34360000
2005-08-30,0.34360000,0.34380001,0.34320000,0.34349999
2005-08-31,0.34330001,0.34380001,0.34310001,0.34349999
2005-09-01,0.34330001,0.34390000,0.34320000,0.34360000
2005-09-02,0.34360000,0.34380001,0.34320000,0.34380001
2005-09-05,0.34360000,0.34380001,0.34320000,0.34380001
2005-09-06,0.34360000,0.34410000,0.34320000,0.34400001
2005-09-07,0.34390000,0.34430000,0.34349999,0.34430000
2005-09-08,0.34419999,0.34430000,0.34380001,0.34430000
2005-09-09,0.34419999,0.34439999,0.34310001,0.34349999
2005-09-12,0.34330001,0.34380001,0.34250000,0.34290001
2005-09-13,0.34270000,0.34290001,0.34200001,0.34270000
2005-09-14,0.34250000,0.34279999,0.34189999,0.34270000
2005-09-15,0.34240001,0.34320000,0.34230000,0.34320000
2005-09-16,0.34310001,0.34380001,0.34290001,0.34349999
2005-09-19,0.34320000,0.34400001,0.34310001,0.34349999
2005-09-20,0.34330001,0.34369999,0.34279999,0.34320000
2005-09-21,0.34299999,0.34340000,0.34259999,0.34320000
2005-09-22,0.34299999,0.34349999,0.34290001,0.34349999
2005-09-23,0.34330001,0.34380001,0.34320000,0.34380001
2005-09-26,0.34360000,0.34380001,0.34320000,0.34380001
2005-09-27,0.34360000,0.34380001,0.34349999,0.34380001
2005-09-28,0.34360000,0.34369999,0.34279999,0.34320000
2005-09-29,0.34299999,0.34349999,0.34259999,0.34290001
2005-09-30,0.34270000,0.34390000,0.34259999,0.34380001
2005-10-03,0.34360000,0.34400001,0.34349999,0.34380001
2005-10-04,0.34360000,0.34369999,0.34299999,0.34320000
2005-10-05,0.34299999,0.34330001,0.34180000,0.34200001
2005-10-06,0.34180000,0.34200001,0.34040001,0.34079999
2005-10-07,0.34070000,0.34090000,0.34000000,0.34050000
2005-10-10,0.34029999,0.34060001,0.34029999,0.34060001
2005-10-11,0.34040001,0.34060001,0.33840001,0.33860001
2005-10-12,0.33840001,0.33860001,0.33719999,0.33750001
2005-10-13,0.33719999,0.33739999,0.33440000,0.33520001
2005-10-14,0.33500001,0.33680001,0.33480000,0.33660001
2005-10-17,0.33640000,0.33719999,0.33620000,0.33680001
2005-10-18,0.33660001,0.33750001,0.33620000,0.33680001
2005-10-19,0.33660001,0.33680001,0.33570001,0.33660001
2005-10-20,0.33640000,0.33660001,0.33530000,0.33550000
2005-10-21,0.33520001,0.33570001,0.33430001,0.33550000
2005-10-24,0.33530000,0.33620000,0.33510000,0.33600000
2005-10-25,0.33579999,0.33629999,0.33440000,0.33460000
2005-10-26,0.33440000,0.33440000,0.33329999,0.33360001
2005-10-27,0.33350000,0.33370000,0.33080000,0.33160001
2005-10-28,0.33129999,0.33289999,0.33120000,0.33180001
2005-10-31,0.33160001,0.33320001,0.33100000,0.33320001
2005-11-01,0.33309999,0.33430001,0.33289999,0.33430001
2005-11-02,0.33410001,0.33520001,0.33350000,0.33480000
2005-11-03,0.33469999,0.33579999,0.33460000,0.33539999
2005-11-04,0.33520001,0.33550000,0.33460000,0.33550000
2005-11-07,0.33480000,0.33620000,0.33460000,0.33620000
2005-11-08,0.33610001,0.33770001,0.33600000,0.33750001
2005-11-09,0.33730000,0.33790001,0.33640000,0.33680001
2005-11-10,0.33669999,0.33680001,0.33570001,0.33660001
2005-11-11,0.33640000,0.33739999,0.33620000,0.33719999
2005-11-14,0.33690000,0.33739999,0.33690000,0.33719999
2005-11-15,0.33690000,0.33880001,0.33690000,0.33880001
2005-11-16,0.33870000,0.33970001,0.33849999,0.33919999
2005-11-17,0.33899999,0.33989999,0.33860001,0.33989999
2005-11-18,0.33980000,0.33989999,0.33919999,0.33989999
2005-11-21,0.33980000,0.34050000,0.33980000,0.34020001
2005-11-22,0.34009999,0.34020001,0.33890000,0.33970001
2005-11-23,0.33960000,0.33989999,0.33860001,0.33880001
2005-11-24,0.33870000,0.33880001,0.33840001,0.33860001
2005-11-25,0.33840001,0.33849999,0.33809999,0.33820000
2005-11-28,0.33809999,0.33829999,0.33199999,0.33460000
2005-11-29,0.33440000,0.33620000,0.33329999,0.33600000
2005-11-30,0.33590001,0.33719999,0.33500001,0.33719999
2005-12-01,0.33700001,0.33770001,0.33550000,0.33570001
2005-12-02,0.33559999,0.33629999,0.33520001,0.33550000
2005-12-05,0.33530000,0.33550000,0.33250001,0.33289999
2005-12-06,0.33280000,0.33399999,0.33270001,0.33370000
2005-12-07,0.33360001,0.33480000,0.33360001,0.33430001
2005-12-08,0.33419999,0.33430001,0.33390000,0.33430001
2005-12-09,0.33419999,0.33440000,0.33199999,0.33239999
2005-12-12,0.33210000,0.33239999,0.33160001,0.33180001
2005-12-13,0.33170000,0.33329999,0.33160001,0.33289999
2005-12-14,0.33280000,0.33379999,0.33270001,0.33379999
2005-12-15,0.33370000,0.33379999,0.33109999,0.33180001
2005-12-16,0.33170000,0.33180001,0.32760000,0.32940000
2005-12-19,0.32920000,0.33070001,0.32749999,0.33070001
2005-12-20,0.33050001,0.33149999,0.32859999,0.32960001
2005-12-21,0.32949999,0.33019999,0.32879999,0.32990000
2005-12-22,0.32969999,0.33109999,0.32920000,0.33100000
2005-12-23,0.33090001,0.33170000,0.33050001,0.33090001
2005-12-26,0.33090001,0.33120000,0.33090001,0.33120000
2005-12-27,0.33109999,0.33149999,0.32910001,0.32940000
2005-12-28,0.32920000,0.32960001,0.32810000,0.32910001
2005-12-29,0.32890001,0.33129999,0.32870001,0.33010000
2005-12-30,0.33000001,0.33080000,0.32969999,0.32980001
2006-01-02,0.32969999,0.32980001,0.32969999,0.32980001
2006-01-03,0.33010000,0.33019999,0.32859999,0.32920000
2006-01-04,0.32920000,0.32929999,0.32859999,0.32910001
2006-01-05,0.32890001,0.32900000,0.32760000,0.32800001
2006-01-06,0.32780001,0.32830000,0.32679999,0.32690001
2006-01-09,0.32659999,0.32679999,0.32570001,0.32640001
2006-01-10,0.32620001,0.32730001,0.32600001,0.32699999
2006-01-11,0.32690001,0.32820001,0.32679999,0.32769999
2006-01-12,0.32760000,0.32920000,0.32760000,0.32910001
2006-01-13,0.32890001,0.32960001,0.32810000,0.32960001
2006-01-16,0.32890001,0.32910001,0.32890001,0.32910001
2006-01-17,0.32920000,0.32949999,0.32810000,0.32830000
2006-01-18,0.32810000,0.32850000,0.32730001,0.32800001
2006-01-19,0.32780001,0.32859999,0.32780001,0.32830000
2006-01-20,0.32810000,0.32969999,0.32810000,0.32940000
2006-01-23,0.32920000,0.32969999,0.32910001,0.32940000
2006-01-24,0.32920000,0.32969999,0.32920000,0.32940000
2006-01-25,0.32920000,0.32949999,0.32780001,0.32800001
2006-01-26,0.32780001,0.32789999,0.32679999,0.32710001
2006-01-27,0.32690001,0.32780001,0.32690001,0.32720000
2006-01-30,0.32699999,0.32740000,0.32650000,0.32659999
2006-01-31,0.32650000,0.32670000,0.32589999,0.32609999
2006-02-01,0.32600001,0.32659999,0.32570001,0.32580000
2006-02-02,0.32600001,0.32640001,0.32570001,0.32580000
2006-02-03,0.32570001,0.32640001,0.32570001,0.32609999
2006-02-06,0.32600001,0.32659999,0.32570001,0.32580000
2006-02-07,0.32570001,0.32630000,0.32519999,0.32539999
2006-02-08,0.32519999,0.32560000,0.32460001,0.32560000
2006-02-09,0.32539999,0.32640001,0.32539999,0.32620001
2006-02-10,0.32620001,0.32710001,0.32589999,0.32609999
2006-02-13,0.32600001,0.32630000,0.32570001,0.32580000
2006-02-14,0.32570001,0.32609999,0.32539999,0.32560000
2006-02-15,0.32550001,0.32589999,0.32530001,0.32560000
2006-02-16,0.32550001,0.32630000,0.32539999,0.32609999
2006-02-17,0.32600001,0.32679999,0.32589999,0.32609999
2006-02-20,0.32600001,0.32640001,0.32600001,0.32609999
2006-02-21,0.32600001,0.32640001,0.32539999,0.32560000
2006-02-22,0.32550001,0.32570001,0.32519999,0.32560000
2006-02-23,0.32550001,0.32570001,0.32519999,0.32539999
2006-02-24,0.32519999,0.32560000,0.32490000,0.32539999
2006-02-27,0.32519999,0.32560000,0.32490000,0.32539999
2006-02-28,0.32519999,0.32560000,0.32510000,0.32560000
2006-03-01,0.32539999,0.32620001,0.32510000,0.32609999
2006-03-02,0.32600001,0.32659999,0.32570001,0.32609999
2006-03-03,0.32530001,0.32609999,0.32519999,0.32539999
2006-03-06,0.32519999,0.32530001,0.32460001,0.32510000
2006-03-07,0.32490000,0.32499999,0.32440001,0.32460001
2006-03-08,0.32449999,0.32480001,0.32409999,0.32460001
2006-03-09,0.32440001,0.32480001,0.32440001,0.32449999
2006-03-10,0.32440001,0.32480001,0.32409999,0.32460001
2006-03-13,0.32440001,0.32490000,0.32400000,0.32480001
2006-03-14,0.32470000,0.32510000,0.32460001,0.32510000
2006-03-15,0.32510000,0.32580000,0.32490000,0.32560000
2006-03-16,0.32550001,0.32570001,0.32499999,0.32539999
2006-03-17,0.32530001,0.32570001,0.32519999,0.32539999
2006-03-20,0.32519999,0.32560000,0.32510000,0.32530001
2006-03-21,0.32510000,0.32550001,0.32490000,0.32539999
2006-03-22,0.32519999,0.32550001,0.32490000,0.32539999
2006-03-23,0.32519999,0.32530001,0.32440001,0.32460001
2006-03-24,0.32460001,0.32470000,0.32460001,0.32470000
2006-03-27,0.32460001,0.32510000,0.32409999,0.32460001
2006-03-28,0.32440001,0.32460001,0.32390001,0.32460001
2006-03-29,0.32440001,0.32499999,0.32409999,0.32480001
2006-03-30,0.32470000,0.32510000,0.32440001,0.32460001
2006-03-31,0.32440001,0.32480001,0.32429999,0.32460001
2006-04-03,0.32440001,0.32460001,0.32400000,0.32429999
2006-04-04,0.32409999,0.32460001,0.32409999,0.32460001
2006-04-05,0.32440001,0.32490000,0.32429999,0.32480001
2006-04-06,0.32460001,0.32510000,0.32460001,0.32480001
2006-04-07,0.32470000,0.32499999,0.32440001,0.32480001
2006-04-10,0.32470000,0.32480001,0.32440001,0.32480001
2006-04-11,0.32470000,0.32510000,0.32440001,0.32510000
2006-04-12,0.32499999,0.32510000,0.32470000,0.32480001
2006-04-13,0.32470000,0.32490000,0.32470000,0.32490000
2006-04-14,0.32480001,0.32490000,0.32480001,0.32490000
2006-04-17,0.32480001,0.32530001,0.32480001,0.32510000
2006-04-18,0.32490000,0.32580000,0.32490000,0.32580000
2006-04-19,0.32570001,0.32620001,0.32570001,0.32580000
2006-04-20,0.32570001,0.32710001,0.32570001,0.32690001
2006-04-21,0.32679999,0.32730001,0.32650000,0.32699999
2006-04-24,0.32690001,0.32830000,0.32679999,0.32830000
2006-04-25,0.32810000,0.32910001,0.32810000,0.32910001
2006-04-26,0.32890001,0.32929999,0.32859999,0.32910001
2006-04-27,0.32890001,0.32940000,0.32839999,0.32859999
2006-04-28,0.32839999,0.32879999,0.32789999,0.32810000
2006-05-01,0.32800001,0.32810000,0.32800001,0.32810000
2006-05-02,0.32780001,0.32870001,0.32780001,0.32859999
2006-05-03,0.32839999,0.32900000,0.32820001,0.32879999
2006-05-04,0.32870001,0.32929999,0.32859999,0.32879999
2006-05-05,0.32870001,0.32920000,0.32859999,0.32879999
2006-05-08,0.32870001,0.32940000,0.32859999,0.32910001
2006-05-09,0.32940000,0.32960001,0.32859999,0.32870001
2006-05-10,0.32890001,0.32910001,0.32859999,0.32910001
2006-05-11,0.32890001,0.32960001,0.32870001,0.32960001
2006-05-12,0.32949999,0.32960001,0.32870001,0.32940000
2006-05-15,0.32929999,0.32940000,0.32870001,0.32879999
2006-05-16,0.32870001,0.32900000,0.32850000,0.32859999
2006-05-17,0.32850000,0.32859999,0.32789999,0.32800001
2006-05-18,0.32789999,0.32810000,0.32730001,0.32749999
2006-05-19,0.32730001,0.32760000,0.32699999,0.32710001
2006-05-22,0.32699999,0.32710001,0.32519999,0.32560000
2006-05-23,0.32550001,0.32620001,0.32539999,0.32560000
2006-05-24,0.32539999,0.32560000,0.32409999,0.32429999
2006-05-25,0.32409999,0.32449999,0.32409999,0.32429999
2006-05-26,0.32409999,0.32429999,0.32409999,0.32429999
2006-05-29,0.32409999,0.32429999,0.32409999,0.32429999
2006-05-30,0.32409999,0.32519999,0.32359999,0.32370001
2006-05-31,0.32359999,0.32440001,0.32339999,0.32400000
2006-06-01,0.32390001,0.32510000,0.32390001,0.32480001
2006-06-02,0.32470000,0.32499999,0.32460001,0.32480001
2006-06-05,0.32470000,0.32510000,0.32460001,0.32480001
2006-06-06,0.32409999,0.32470000,0.32409999,0.32460001
2006-06-07,0.32440001,0.32480001,0.32409999,0.32460001
2006-06-08,0.32440001,0.32460001,0.32409999,0.32429999
2006-06-09,0.32440001,0.32480001,0.32409999,0.32460001
2006-06-12,0.32429999,0.32470000,0.32409999,0.32460001
2006-06-13,0.32440001,0.32460001,0.32409999,0.32460001
2006-06-14,0.32440001,0.32490000,0.32429999,0.32480001
2006-06-15,0.32470000,0.32480001,0.32460001,0.32480001
2006-06-16,0.32470000,0.32510000,0.32460001,0.32480001
2006-06-19,0.32460001,0.32480001,0.32460001,0.32480001
2006-06-20,0.32470000,0.32490000,0.32440001,0.32480001
2006-06-21,0.32470000,0.32510000,0.32460001,0.32510000
2006-06-22,0.32490000,0.32539999,0.32480001,0.32490000
2006-06-23,0.32490000,0.32510000,0.32440001,0.32460001
2006-06-26,0.32440001,0.32480001,0.32409999,0.32429999
2006-06-27,0.32409999,0.32429999,0.32409999,0.32429999
2006-06-28,0.32359999,0.32380000,0.32339999,0.32370001
2006-06-29,0.32359999,0.32420000,0.32350001,0.32370001
2006-06-30,0.32359999,0.32449999,0.32359999,0.32429999
2006-07-03,0.32390001,0.32429999,0.32390001,0.32429999
2006-07-04,0.32390001,0.32429999,0.32390001,0.32429999
2006-07-05,0.32409999,0.32440001,0.32380000,0.32400000
2006-07-06,0.32380000,0.32420000,0.32380000,0.32400000
2006-07-07,0.32400000,0.32440001,0.32390001,0.32400000
2006-07-10,0.32390001,0.32400000,0.32390001,0.32400000
2006-07-11,0.32390001,0.32449999,0.32390001,0.32429999
2006-07-12,0.32409999,0.32460001,0.32400000,0.32460001
2006-07-13,0.32409999,0.32449999,0.32390001,0.32429999
2006-07-14,0.32409999,0.32449999,0.32380000,0.32440001
2006-07-17,0.32429999,0.32460001,0.32390001,0.32460001
2006-07-18,0.32440001,0.32460001,0.32409999,0.32460001
2006-07-19,0.32440001,0.32480001,0.32440001,0.32480001
2006-07-20,0.32470000,0.32490000,0.32440001,0.32460001
2006-07-21,0.32440001,0.32470000,0.32440001,0.32460001
2006-07-24,0.32440001,0.32470000,0.32409999,0.32470000
2006-07-25,0.32470000,0.32510000,0.32460001,0.32510000
2006-07-26,0.32490000,0.32530001,0.32470000,0.32530001
2006-07-27,0.32519999,0.32530001,0.32470000,0.32510000
2006-07-28,0.32470000,0.32510000,0.32470000,0.32499999
2006-07-31,0.32470000,0.32550001,0.32460001,0.32550001
2006-08-01,0.32539999,0.32589999,0.32530001,0.32560000
2006-08-02,0.32550001,0.32570001,0.32530001,0.32539999
2006-08-03,0.32530001,0.32580000,0.32530001,0.32580000
2006-08-04,0.32570001,0.32650000,0.32570001,0.32580000
2006-08-07,0.32570001,0.32580000,0.32539999,0.32560000
2006-08-08,0.32550001,0.32560000,0.32519999,0.32560000
2006-08-09,0.32550001,0.32589999,0.32530001,0.32580000
2006-08-10,0.32570001,0.32589999,0.32530001,0.32580000
2006-08-11,0.32570001,0.32600001,0.32550001,0.32560000
2006-08-14,0.32550001,0.32560000,0.32510000,0.32539999
2006-08-15,0.32519999,0.32530001,0.32460001,0.32480001
2006-08-16,0.32470000,0.32550001,0.32470000,0.32539999
2006-08-17,0.32519999,0.32560000,0.32460001,0.32480001
2006-08-18,0.32470000,0.32480001,0.32440001,0.32460001
2006-08-21,0.32440001,0.32460001,0.32440001,0.32460001
2006-08-22,0.32440001,0.32460001,0.32400000,0.32429999
2006-08-23,0.32409999,0.32420000,0.32390001,0.32400000
2006-08-24,0.32390001,0.32420000,0.32380000,0.32400000
2006-08-25,0.32390001,0.32400000,0.32319999,0.32350001
2006-08-28,0.32339999,0.32370001,0.32280001,0.32290000
2006-08-29,0.32280001,0.32359999,0.32280001,0.32330000
2006-08-30,0.32310000,0.32359999,0.32280001,0.32290000
2006-08-31,0.32280001,0.32319999,0.32260001,0.32290000
2006-09-01,0.32280001,0.32350001,0.32280001,0.32330000
2006-09-04,0.32310000,0.32330000,0.32310000,0.32330000
2006-09-05,0.32310000,0.32319999,0.32260001,0.32269999
2006-09-06,0.32260001,0.32290000,0.32210001,0.32220000
2006-09-07,0.32210001,0.32280001,0.32200000,0.32269999
2006-09-08,0.32260001,0.32290000,0.32229999,0.32249999
2006-09-11,0.32249999,0.32260001,0.32210001,0.32220000
2006-09-12,0.32210001,0.32249999,0.32179999,0.32190001
2006-09-13,0.32179999,0.32229999,0.32159999,0.32210001
2006-09-14,0.32200000,0.32280001,0.32200000,0.32269999
2006-09-15,0.32229999,0.32290000,0.32229999,0.32249999
2006-09-18,0.32229999,0.32319999,0.32229999,0.32269999
2006-09-19,0.32260001,0.32310000,0.32260001,0.32290000
2006-09-20,0.32280001,0.32290000,0.32260001,0.32269999
2006-09-21,0.32260001,0.32269999,0.32220000,0.32260001
2006-09-22,0.32249999,0.32290000,0.32220000,0.32269999
2006-09-25,0.32249999,0.32290000,0.32249999,0.32269999
2006-09-26,0.32249999,0.32269999,0.32229999,0.32249999
2006-09-27,0.32229999,0.32260001,0.32210001,0.32249999
2006-09-28,0.32229999,0.32240000,0.32210001,0.32220000
2006-09-29,0.32200000,0.32240000,0.32179999,0.32220000
2006-10-02,0.32200000,0.32260001,0.32200000,0.32220000
2006-10-03,0.32200000,0.32240000,0.32200000,0.32210001
2006-10-04,0.32200000,0.32240000,0.32179999,0.32240000
2006-10-05,0.32200000,0.32220000,0.32179999,0.32210001
2006-10-06,0.32200000,0.32229999,0.32179999,0.32190001
2006-10-09,0.32179999,0.32190001,0.32179999,0.32190001
2006-10-10,0.32179999,0.32220000,0.32179999,0.32190001
2006-10-11,0.32179999,0.32229999,0.32159999,0.32190001
2006-10-12,0.32179999,0.32229999,0.32179999,0.32220000
2006-10-13,0.32200000,0.32260001,0.32200000,0.32210001
2006-10-16,0.32200000,0.32229999,0.32200000,0.32210001
2006-10-17,0.32220000,0.32269999,0.32210001,0.32269999
2006-10-18,0.32249999,0.32359999,0.32229999,0.32359999
2006-10-19,0.32330000,0.32380000,0.32330000,0.32370001
2006-10-20,0.32359999,0.32370001,0.32339999,0.32370001
2006-10-23,0.32350001,0.32370001,0.32330000,0.32370001
2006-10-24,0.32359999,0.32370001,0.32359999,0.32370001
2006-10-25,0.32359999,0.32370001,0.32310000,0.32339999
2006-10-26,0.32310000,0.32400000,0.32310000,0.32400000
2006-10-27,0.32359999,0.32400000,0.32339999,0.32350001
2006-10-30,0.32339999,0.32359999,0.32280001,0.32310000
2006-10-31,0.32310000,0.32370001,0.32300001,0.32370001
2006-11-01,0.32359999,0.32409999,0.32339999,0.32370001
2006-11-02,0.32390001,0.32429999,0.32339999,0.32380000
2006-11-03,0.32440001,0.32449999,0.32359999,0.32449999
2006-11-06,0.32359999,0.32370001,0.32339999,0.32350001
2006-11-07,0.32339999,0.32519999,0.32339999,0.32510000
2006-11-08,0.32490000,0.32580000,0.32490000,0.32580000
2006-11-09,0.32570001,0.32609999,0.32539999,0.32609999
2006-11-10,0.32600001,0.32609999,0.32539999,0.32560000
2006-11-13,0.32570001,0.32580000,0.32490000,0.32510000
2006-11-14,0.32490000,0.32570001,0.32470000,0.32560000
2006-11-15,0.32570001,0.32630000,0.32550001,0.32580000
2006-11-16,0.32570001,0.32609999,0.32560000,0.32570001
2006-11-17,0.32570001,0.32580000,0.32490000,0.32539999
2006-11-20,0.32519999,0.32560000,0.32510000,0.32539999
2006-11-21,0.32519999,0.32580000,0.32460001,0.32480001
2006-11-22,0.32460001,0.32560000,0.32440001,0.32560000
2006-11-23,0.32570001,0.32570001,0.32570001,0.32570001
2006-11-24,0.32570001,0.32580000,0.32490000,0.32539999
2006-11-27,0.32519999,0.32530001,0.32470000,0.32490000
2006-11-28,0.32490000,0.32510000,0.32460001,0.32510000
2006-11-29,0.32490000,0.32550001,0.32470000,0.32539999
2006-11-30,0.32519999,0.32620001,0.32519999,0.32560000
2006-12-01,0.32570001,0.32659999,0.32570001,0.32659999
2006-12-04,0.32609999,0.32699999,0.32609999,0.32690001
2006-12-05,0.32679999,0.32749999,0.32650000,0.32749999
2006-12-06,0.32730001,0.32749999,0.32679999,0.32710001
2006-12-07,0.32699999,0.32720000,0.32650000,0.32720000
2006-12-08,0.32699999,0.32720000,0.32699999,0.32720000
2006-12-11,0.32679999,0.32720000,0.32620001,0.32690001
2006-12-12,0.32670000,0.32749999,0.32670000,0.32749999
2006-12-13,0.32730001,0.32740000,0.32699999,0.32720000
2006-12-14,0.32699999,0.32720000,0.32670000,0.32720000
2006-12-15,0.32679999,0.32720000,0.32679999,0.32720000
2006-12-18,0.32679999,0.32730001,0.32679999,0.32710001
2006-12-19,0.32699999,0.32730001,0.32670000,0.32690001
2006-12-20,0.32679999,0.32780001,0.32679999,0.32780001
2006-12-21,0.32740000,0.32820001,0.32740000,0.32800001
2006-12-22,0.32780001,0.32810000,0.32760000,0.32769999
2006-12-25,0.32760000,0.32769999,0.32760000,0.32769999
2006-12-26,0.32730001,0.32730001,0.32550001,0.32570001
2006-12-27,0.32570001,0.32580000,0.32390001,0.32519999
2006-12-28,0.32519999,0.32560000,0.32490000,0.32550001
2006-12-29,0.32539999,0.32690001,0.32519999,0.32690001
2007-01-01,0.32679999,0.32690001,0.32679999,0.32690001
2007-01-02,0.32679999,0.32720000,0.32679999,0.32710001
2007-01-03,0.32699999,0.32780001,0.32670000,0.32690001
2007-01-04,0.32570001,0.32580000,0.32519999,0.32560000
2007-01-05,0.32539999,0.32560000,0.32460001,0.32480001
2007-01-08,0.32460001,0.32480001,0.32440001,0.32460001
2007-01-09,0.32440001,0.32460001,0.32400000,0.32460001
2007-01-10,0.32440001,0.32470000,0.32339999,0.32460001
2007-01-11,0.32440001,0.32480001,0.32339999,0.32480001
2007-01-12,0.32470000,0.32480001,0.32409999,0.32470000
2007-01-15,0.32440001,0.32460001,0.32440001,0.32460001
2007-01-16,0.32440001,0.32470000,0.32440001,0.32460001
2007-01-17,0.32440001,0.32499999,0.32440001,0.32480001
2007-01-18,0.32470000,0.32490000,0.32440001,0.32460001
2007-01-19,0.32339999,0.32510000,0.32339999,0.32400000
2007-01-22,0.32409999,0.32429999,0.32269999,0.32290000
2007-01-23,0.32280001,0.32350001,0.32260001,0.32269999
2007-01-24,0.32249999,0.32359999,0.32249999,0.32290000
2007-01-25,0.32339999,0.32359999,0.32249999,0.32269999
2007-01-26,0.32260001,0.32359999,0.32150000,0.32190001
2007-01-29,0.32179999,0.32240000,0.32139999,0.32190001
2007-01-30,0.32179999,0.32229999,0.32159999,0.32190001
2007-01-31,0.32179999,0.32220000,0.32150000,0.32179999
2007-02-01,0.32210001,0.32260001,0.32179999,0.32220000
2007-02-02,0.32200000,0.32310000,0.32200000,0.32269999
2007-02-05,0.32339999,0.32350001,0.32210001,0.32220000
2007-02-06,0.32339999,0.32359999,0.32179999,0.32229999
2007-02-07,0.32229999,0.32269999,0.32229999,0.32249999
2007-02-08,0.32229999,0.32350001,0.32179999,0.32220000
2007-02-09,0.32190001,0.32240000,0.32179999,0.32190001
2007-02-12,0.32190001,0.32229999,0.32179999,0.32220000
2007-02-13,0.32200000,0.32249999,0.32190001,0.32249999
2007-02-14,0.32210001,0.32359999,0.32210001,0.32290000
2007-02-15,0.32280001,0.32350001,0.32249999,0.32269999
2007-02-16,0.32249999,0.32359999,0.32179999,0.32210001
2007-02-19,0.32179999,0.32220000,0.32179999,0.32220000
2007-02-20,0.32200000,0.32240000,0.32179999,0.32210001
2007-02-21,0.32210001,0.32249999,0.32179999,0.32190001
2007-02-22,0.32200000,0.32229999,0.32179999,0.32220000
2007-02-23,0.32210001,0.32229999,0.32200000,0.32220000
2007-02-26,0.32200000,0.32249999,0.32190001,0.32249999
2007-02-27,0.32220000,0.32260001,0.32200000,0.32249999
2007-02-28,0.32229999,0.32269999,0.32210001,0.32260001
2007-03-01,0.32249999,0.32310000,0.32210001,0.32290000
2007-03-02,0.32280001,0.32319999,0.32210001,0.32269999
2007-03-05,0.32210001,0.32269999,0.32210001,0.32240000
2007-03-06,0.32229999,0.32269999,0.32210001,0.32249999
2007-03-07,0.32229999,0.32240000,0.32210001,0.32220000
2007-03-08,0.32200000,0.32249999,0.32179999,0.32220000
2007-03-09,0.32210001,0.32229999,0.32179999,0.32200000
2007-03-12,0.32190001,0.32249999,0.32179999,0.32249999
2007-03-13,0.32229999,0.32260001,0.32200000,0.32249999
2007-03-14,0.32229999,0.32290000,0.32229999,0.32280001
2007-03-15,0.32249999,0.32310000,0.32249999,0.32290000
2007-03-16,0.32290000,0.32330000,0.32229999,0.32249999
2007-03-19,0.32229999,0.32290000,0.32229999,0.32269999
2007-03-20,0.32240000,0.32280001,0.32229999,0.32269999
2007-03-21,0.32249999,0.32280001,0.32229999,0.32269999
2007-03-22,0.32249999,0.32290000,0.32249999,0.32269999
2007-03-23,0.32249999,0.32290000,0.32229999,0.32249999
2007-03-26,0.32260001,0.32269999,0.32170001,0.32210001
2007-03-27,0.32210001,0.32220000,0.32170001,0.32200000
2007-03-28,0.32179999,0.32229999,0.32179999,0.32220000
2007-03-29,0.32200000,0.32260001,0.32200000,0.32240000
2007-03-30,0.32220000,0.32290000,0.32220000,0.32269999
2007-04-02,0.32249999,0.32260001,0.32240000,0.32249999
2007-04-03,0.32249999,0.32280001,0.32210001,0.32249999
2007-04-04,0.32229999,0.32280001,0.32229999,0.32269999
2007-04-05,0.32260001,0.32260001,0.32260001,0.32260001
2007-04-06,0.32249999,0.32269999,0.32249999,0.32269999
2007-04-09,0.32269999,0.32310000,0.32260001,0.32300001
2007-04-10,0.32280001,0.32339999,0.32280001,0.32330000
2007-04-11,0.32310000,0.32359999,0.32310000,0.32350001
2007-04-12,0.32339999,0.32420000,0.32330000,0.32400000
2007-04-13,0.32380000,0.32449999,0.32310000,0.32370001
2007-04-16,0.32350001,0.32400000,0.32350001,0.32400000
2007-04-17,0.32390001,0.32460001,0.32390001,0.32460001
2007-04-18,0.32440001,0.32490000,0.32400000,0.32429999
2007-04-19,0.32409999,0.32420000,0.32359999,0.32400000
2007-04-20,0.32370001,0.32420000,0.32359999,0.32370001
2007-04-23,0.32370001,0.32449999,0.32310000,0.32429999
2007-04-24,0.32409999,0.32480001,0.32390001,0.32440001
2007-04-25,0.32409999,0.32480001,0.32179999,0.32440001
2007-04-26,0.32429999,0.32449999,0.32359999,0.32370001
2007-04-27,0.32339999,0.32380000,0.32339999,0.32359999
2007-04-30,0.32370001,0.32380000,0.32330000,0.32359999
2007-05-01,0.32359999,0.32370001,0.32359999,0.32370001
2007-05-02,0.32390001,0.32449999,0.32359999,0.32429999
2007-05-03,0.32409999,0.32449999,0.32390001,0.32429999
2007-05-04,0.32409999,0.32460001,0.32390001,0.32449999
2007-05-07,0.32390001,0.32490000,0.32390001,0.32480001
2007-05-08,0.32390001,0.32480001,0.32390001,0.32480001
2007-05-09,0.32460001,0.32499999,0.32390001,0.32480001
2007-05-10,0.32470000,0.32510000,0.32390001,0.32460001
2007-05-11,0.32440001,0.32480001,0.32390001,0.32480001
2007-05-14,0.32449999,0.32510000,0.32390001,0.32510000
2007-05-15,0.32510000,0.32530001,0.32490000,0.32510000
2007-05-16,0.32490000,0.32539999,0.32490000,0.32510000
2007-05-17,0.32490000,0.32519999,0.32390001,0.32510000
2007-05-18,0.32519999,0.32530001,0.32390001,0.32490000
2007-05-21,0.32480001,0.32519999,0.32480001,0.32510000
2007-05-22,0.32519999,0.32560000,0.32470000,0.32499999
2007-05-23,0.32480001,0.32510000,0.32359999,0.32460001
2007-05-24,0.32390001,0.32460001,0.32359999,0.32429999
2007-05-25,0.32390001,0.32429999,0.32390001,0.32420000
2007-05-28,0.32390001,0.32429999,0.32390001,0.32429999
2007-05-29,0.32390001,0.32460001,0.32390001,0.32460001
2007-05-30,0.32440001,0.32499999,0.32390001,0.32470000
2007-05-31,0.32390001,0.32510000,0.32390001,0.32510000
2007-06-01,0.32510000,0.32539999,0.32490000,0.32539999
2007-06-04,0.32519999,0.32560000,0.32510000,0.32560000
2007-06-05,0.32550001,0.32570001,0.32480001,0.32510000
2007-06-06,0.32490000,0.32519999,0.32490000,0.32510000
2007-06-07,0.32490000,0.32510000,0.32460001,0.32510000
2007-06-08,0.32490000,0.32519999,0.32470000,0.32510000
2007-06-11,0.32510000,0.32539999,0.32470000,0.32539999
2007-06-12,0.32519999,0.32539999,0.32490000,0.32539999
2007-06-13,0.32519999,0.32539999,0.32490000,0.32539999
2007-06-14,0.32519999,0.32560000,0.32470000,0.32560000
2007-06-15,0.32550001,0.32580000,0.32490000,0.32510000
2007-06-18,0.32490000,0.32510000,0.32490000,0.32510000
2007-06-19,0.32490000,0.32550001,0.32490000,0.32539999
2007-06-20,0.32490000,0.32510000,0.32470000,0.32480001
2007-06-21,0.32460001,0.32510000,0.32440001,0.32460001
2007-06-22,0.32440001,0.32460001,0.32400000,0.32460001
2007-06-25,0.32429999,0.32460001,0.32409999,0.32429999
2007-06-26,0.32409999,0.32429999,0.32359999,0.32370001
2007-06-27,0.32339999,0.32359999,0.32280001,0.32350001
2007-06-28,0.32339999,0.32370001,0.32339999,0.32370001
2007-06-29,0.32339999,0.32370001,0.32310000,0.32339999
2007-07-02,0.32339999,0.32370001,0.32319999,0.32350001
2007-07-03,0.32339999,0.32359999,0.32330000,0.32350001
2007-07-04,0.32339999,0.32350001,0.32339999,0.32350001
2007-07-05,0.32339999,0.32359999,0.32210001,0.32249999
2007-07-06,0.32210001,0.32260001,0.32150000,0.32190001
2007-07-09,0.32179999,0.32200000,0.32179999,0.32200000
2007-07-10,0.32179999,0.32240000,0.32159999,0.32210001
2007-07-11,0.32200000,0.32260001,0.32200000,0.32249999
2007-07-12,0.32210001,0.32300001,0.32210001,0.32249999
2007-07-13,0.32220000,0.32280001,0.32210001,0.32240000
2007-07-16,0.32210001,0.32280001,0.32200000,0.32240000
2007-07-17,0.32210001,0.32260001,0.32210001,0.32240000
2007-07-18,0.32210001,0.32260001,0.32179999,0.32200000
2007-07-19,0.32179999,0.32260001,0.32179999,0.32220000
2007-07-20,0.32190001,0.32229999,0.32049999,0.32060000
2007-07-23,0.32049999,0.32089999,0.31970000,0.31979999
2007-07-24,0.31950000,0.31970000,0.31600001,0.31630000
2007-07-25,0.31420001,0.31690001,0.31349999,0.31450000
2007-07-26,0.31410000,0.31920001,0.31410000,0.31840000
2007-07-27,0.31810001,0.32089999,0.31810001,0.32060000
2007-07-30,0.32049999,0.32110000,0.31950000,0.31979999
2007-07-31,0.31970000,0.32100001,0.31950000,0.32020000
2007-08-01,0.31990001,0.32030001,0.31869999,0.31900001
2007-08-02,0.31889999,0.31979999,0.31850001,0.31860000
2007-08-03,0.31840000,0.31880000,0.31790000,0.31840000
2007-08-06,0.31799999,0.31880000,0.31770000,0.31850001
2007-08-07,0.31830001,0.31869999,0.31799999,0.31830001
2007-08-08,0.31799999,0.31950000,0.31799999,0.31889999
2007-08-09,0.31880000,0.31920001,0.31750000,0.31840000
2007-08-10,0.31799999,0.31810001,0.31720001,0.31770000
2007-08-13,0.31770000,0.31850001,0.31770000,0.31810001
2007-08-14,0.31779999,0.31840000,0.31770000,0.31779999
2007-08-15,0.31770000,0.31799999,0.31700000,0.31790000
2007-08-16,0.31720001,0.31750000,0.31549999,0.31650001
2007-08-17,0.31619999,0.31799999,0.31619999,0.31680000
2007-08-20,0.31650001,0.31720001,0.31650001,0.31720001
2007-08-21,0.31650001,0.31709999,0.31580001,0.31610000
2007-08-22,0.31590000,0.31650001,0.31549999,0.31569999
2007-08-23,0.31540000,0.31610000,0.31450000,0.31459999
2007-08-24,0.31450000,0.31580001,0.31410000,0.31529999
2007-08-27,0.31500000,0.31569999,0.31500000,0.31549999
2007-08-28,0.31520000,0.31639999,0.31510001,0.31610000
2007-08-29,0.31590000,0.31650001,0.31569999,0.31600001
2007-08-30,0.31600001,0.31709999,0.31600001,0.31680000
2007-08-31,0.31650001,0.31720001,0.31650001,0.31680000
2007-09-03,0.31670001,0.31680000,0.31670001,0.31680000
2007-09-04,0.31650001,0.31670001,0.31569999,0.31610000
2007-09-05,0.31580001,0.31650001,0.31540000,0.31590000
2007-09-06,0.31590000,0.31659999,0.31569999,0.31590000
2007-09-07,0.31580001,0.31650001,0.31569999,0.31619999
2007-09-10,0.31600001,0.31680000,0.31590000,0.31650001
2007-09-11,0.31619999,0.31810001,0.31619999,0.31760001
2007-09-12,0.31819999,0.31880000,0.31799999,0.31869999
2007-09-13,0.31869999,0.31959999,0.31869999,0.31940001
2007-09-14,0.31920001,0.31970000,0.31860000,0.31930000
2007-09-17,0.31900001,0.31930000,0.31850001,0.31880000
2007-09-18,0.31869999,0.31930000,0.31869999,0.31909999
2007-09-19,0.31950000,0.31959999,0.31900001,0.31950000
2007-09-20,0.31900001,0.31959999,0.31819999,0.31850001
2007-09-21,0.31840000,0.31869999,0.31750000,0.31779999
2007-09-24,0.31770000,0.31799999,0.31750000,0.31799999
2007-09-25,0.31799999,0.31810001,0.31770000,0.31770000
2007-09-26,0.31750000,0.31830001,0.31740001,0.31760001
2007-09-27,0.31740001,0.31799999,0.31720001,0.31760001
2007-09-28,0.31720001,0.31770000,0.31709999,0.31740001
2007-10-01,0.31729999,0.31790000,0.31720001,0.31750000
2007-10-02,0.31729999,0.31830001,0.31720001,0.31770000
2007-10-03,0.31750000,0.31810001,0.31700000,0.31750000
2007-10-04,0.31729999,0.31770000,0.31670001,0.31729999
2007-10-05,0.31690001,0.31750000,0.31670001,0.31740001
2007-10-08,0.31670001,0.31680000,0.31650001,0.31659999
2007-10-09,0.31709999,0.31770000,0.31650001,0.31729999
2007-10-10,0.31600001,0.31729999,0.31569999,0.31690001
2007-10-11,0.31670001,0.31729999,0.31619999,0.31690001
2007-10-12,0.31680000,0.31709999,0.31619999,0.31680000
2007-10-15,0.31650001,0.31690001,0.31650001,0.31670001
2007-10-16,0.31650001,0.31659999,0.31569999,0.31650001
2007-10-17,0.31580001,0.31709999,0.31580001,0.31630000
2007-10-18,0.31600001,0.31650001,0.31560001,0.31580001
2007-10-19,0.31560001,0.31639999,0.31549999,0.31639999
2007-10-22,0.31600001,0.31610000,0.31540000,0.31549999
2007-10-23,0.31549999,0.31610000,0.31470001,0.31569999
2007-10-24,0.31450000,0.31549999,0.31439999,0.31450000
2007-10-25,0.31450000,0.31470001,0.31420001,0.31459999
2007-10-26,0.31470001,0.31569999,0.31450000,0.31540000
2007-10-29,0.31520000,0.31680000,0.31520000,0.31680000
2007-10-30,0.31700000,0.31779999,0.31690001,0.31760001
2007-10-31,0.31760001,0.31840000,0.31729999,0.31840000
2007-11-01,0.31770000,0.31959999,0.31760001,0.31909999
2007-11-02,0.31930000,0.31970000,0.31889999,0.31959999
2007-11-05,0.31959999,0.31959999,0.31889999,0.31920001
2007-11-06,0.31920001,0.31950000,0.31909999,0.31930000
2007-11-07,0.31920001,0.32010001,0.31889999,0.31979999
2007-11-08,0.31979999,0.32049999,0.31920001,0.31940001
2007-11-09,0.31920001,0.31970000,0.31880000,0.31970000
2007-11-12,0.31940001,0.31959999,0.31920001,0.31940001
2007-11-13,0.31909999,0.31959999,0.31869999,0.31900001
2007-11-14,0.31889999,0.31979999,0.31880000,0.31970000
2007-11-15,0.31959999,0.32030001,0.31930000,0.32010001
2007-11-16,0.31999999,0.32010001,0.31909999,0.31920001
2007-11-19,0.31900001,0.31970000,0.31869999,0.31959999
2007-11-20,0.31959999,0.31979999,0.31920001,0.31930000
2007-11-21,0.31909999,0.31920001,0.31840000,0.31860000
2007-11-22,0.31850001,0.31860000,0.31850001,0.31860000
2007-11-23,0.31819999,0.31819999,0.31790000,0.31810001
2007-11-26,0.31810001,0.31830001,0.31770000,0.31819999
2007-11-27,0.31810001,0.31810001,0.31720001,0.31750000
2007-11-28,0.31740001,0.31790000,0.31729999,0.31760001
2007-11-29,0.31750000,0.31799999,0.31720001,0.31760001
2007-11-30,0.31760001,0.31830001,0.31740001,0.31799999
2007-12-03,0.31790000,0.31850001,0.31790000,0.31850001
2007-12-04,0.31840000,0.31909999,0.31840000,0.31900001
2007-12-05,0.31889999,0.31959999,0.31869999,0.31930000
2007-12-06,0.31920001,0.31970000,0.31880000,0.31889999
2007-12-07,0.31930000,0.31940001,0.31840000,0.31869999
2007-12-10,0.31889999,0.31900001,0.31819999,0.31869999
2007-12-11,0.31860000,0.31880000,0.31819999,0.31860000
2007-12-12,0.31850001,0.31869999,0.31819999,0.31860000
2007-12-13,0.31860000,0.31860000,0.31790000,0.31830001
2007-12-14,0.31819999,0.31850001,0.31770000,0.31799999
2007-12-17,0.31790000,0.31850001,0.31770000,0.31850001
2007-12-18,0.31810001,0.31889999,0.31810001,0.31889999
2007-12-19,0.31880000,0.31940001,0.31860000,0.31940001
2007-12-20,0.31889999,0.31940001,0.31860000,0.31889999
2007-12-21,0.31880000,0.31920001,0.31810001,0.31850001
2007-12-24,0.31830001,0.31850001,0.31819999,0.31840000
2007-12-25,0.31860000,0.31869999,0.31860000,0.31869999
2007-12-26,0.31860000,0.31869999,0.31760001,0.31819999
2007-12-27,0.31799999,0.31810001,0.31709999,0.31760001
2007-12-28,0.31750000,0.31790000,0.31709999,0.31750000
2007-12-31,0.31729999,0.31760001,0.31729999,0.31750000
2008-01-01,0.31740001,0.31750000,0.31740001,0.31750000
2008-01-02,0.31740001,0.31799999,0.31720001,0.31799999
2008-01-03,0.31779999,0.31850001,0.31779999,0.31840000
2008-01-04,0.31830001,0.31860000,0.31810001,0.31850001
2008-01-07,0.31840000,0.31880000,0.31819999,0.31880000
2008-01-08,0.31880000,0.31959999,0.31869999,0.31959999
2008-01-09,0.31950000,0.31959999,0.31909999,0.31959999
2008-01-10,0.31959999,0.31979999,0.31940001,0.31959999
2008-01-11,0.31959999,0.31999999,0.31950000,0.31959999
2008-01-14,0.31950000,0.31979999,0.31840000,0.31869999
2008-01-15,0.31860000,0.31900001,0.31819999,0.31850001
2008-01-16,0.31840000,0.31869999,0.31770000,0.31810001
2008-01-17,0.31799999,0.31810001,0.31750000,0.31760001
2008-01-18,0.31750000,0.31750000,0.31690001,0.31729999
2008-01-21,0.31720001,0.31729999,0.31650001,0.31659999
2008-01-22,0.31650001,0.31740001,0.31600001,0.31700000
2008-01-23,0.31690001,0.31700000,0.31650001,0.31670001
2008-01-24,0.31670001,0.31740001,0.31659999,0.31729999
2008-01-25,0.31720001,0.31799999,0.31690001,0.31750000
2008-01-28,0.31750000,0.31750000,0.31709999,0.31740001
2008-01-29,0.31729999,0.31790000,0.31709999,0.31740001
2008-01-30,0.31720001,0.31740001,0.31670001,0.31690001
2008-01-31,0.31680000,0.31709999,0.31639999,0.31670001
2008-02-01,0.31659999,0.31740001,0.31659999,0.31700000
2008-02-04,0.31700000,0.31740001,0.31650001,0.31670001
2008-02-05,0.31650001,0.31690001,0.31580001,0.31600001
2008-02-06,0.31590000,0.31600001,0.31529999,0.31560001
2008-02-07,0.31549999,0.31600001,0.31529999,0.31560001
2008-02-08,0.31560001,0.31580001,0.31510001,0.31560001
2008-02-11,0.31549999,0.31590000,0.31520000,0.31560001
2008-02-12,0.31549999,0.31650001,0.31520000,0.31639999
2008-02-13,0.31630000,0.31709999,0.31610000,0.31700000
2008-02-14,0.31690001,0.31740001,0.31670001,0.31700000
2008-02-15,0.31690001,0.31729999,0.31670001,0.31729999
2008-02-18,0.31720001,0.31729999,0.31700000,0.31709999
2008-02-19,0.31700000,0.31740001,0.31670001,0.31709999
2008-02-20,0.31680000,0.31750000,0.31670001,0.31750000
2008-02-21,0.31740001,0.31810001,0.31720001,0.31750000
2008-02-22,0.31740001,0.31779999,0.31670001,0.31680000
2008-02-25,0.31700000,0.31709999,0.31650001,0.31670001
2008-02-26,0.31659999,0.31700000,0.31619999,0.31659999
2008-02-27,0.31650001,0.31700000,0.31639999,0.31670001
2008-02-28,0.31659999,0.31690001,0.31619999,0.31690001
2008-02-29,0.31680000,0.31690001,0.31600001,0.31639999
2008-03-03,0.31630000,0.31670001,0.31610000,0.31650001
2008-03-04,0.31639999,0.31720001,0.31639999,0.31700000
2008-03-05,0.31690001,0.31750000,0.31680000,0.31740001
2008-03-06,0.31729999,0.31740001,0.31690001,0.31740001
2008-03-07,0.31729999,0.31740001,0.31670001,0.31690001
2008-03-10,0.31709999,0.31720001,0.31650001,0.31690001
2008-03-11,0.31680000,0.31750000,0.31659999,0.31740001
2008-03-12,0.31729999,0.31760001,0.31680000,0.31709999
2008-03-13,0.31700000,0.31779999,0.31700000,0.31740001
2008-03-14,0.31770000,0.31830001,0.31760001,0.31810001
2008-03-17,0.31799999,0.31810001,0.31709999,0.31760001
2008-03-18,0.31750000,0.31819999,0.31740001,0.31779999
2008-03-19,0.31770000,0.31799999,0.31670001,0.31680000
2008-03-20,0.31670001,0.31690001,0.31639999,0.31690001
2008-03-21,0.31680000,0.31690001,0.31650001,0.31680000
2008-03-24,0.31670001,0.31680000,0.31650001,0.31659999
2008-03-25,0.31650001,0.31690001,0.31590000,0.31639999
2008-03-26,0.31630000,0.31639999,0.31500000,0.31560001
2008-03-27,0.31549999,0.31610000,0.31520000,0.31600001
2008-03-28,0.31590000,0.31639999,0.31569999,0.31639999
2008-03-31,0.31630000,0.31639999,0.31529999,0.31560001
2008-04-01,0.31560001,0.31610000,0.31520000,0.31590000
2008-04-02,0.31580001,0.31600001,0.31540000,0.31590000
2008-04-03,0.31580001,0.31659999,0.31569999,0.31619999
2008-04-04,0.31580001,0.31650001,0.31580001,0.31590000
2008-04-07,0.31580001,0.31680000,0.31580001,0.31659999
2008-04-08,0.31650001,0.31690001,0.31639999,0.31670001
2008-04-09,0.31659999,0.31680000,0.31639999,0.31659999
2008-04-10,0.31659999,0.31709999,0.31650001,0.31690001
2008-04-11,0.31680000,0.31750000,0.31650001,0.31720001
2008-04-14,0.31709999,0.31750000,0.31690001,0.31700000
2008-04-15,0.31690001,0.31729999,0.31610000,0.31690001
2008-04-16,0.31680000,0.31690001,0.31560001,0.31630000
2008-04-17,0.31580001,0.31630000,0.31500000,0.31510001
2008-04-18,0.31500000,0.31569999,0.31500000,0.31540000
2008-04-21,0.31529999,0.31560001,0.31420001,0.31450000
2008-04-22,0.31439999,0.31560001,0.31330001,0.31439999
2008-04-23,0.31430000,0.31470001,0.31380001,0.31439999
2008-04-24,0.31430000,0.31450000,0.31369999,0.31400001
2008-04-25,0.31389999,0.31520000,0.31330001,0.31520000
2008-04-28,0.31510001,0.31549999,0.31470001,0.31549999
2008-04-29,0.31529999,0.31610000,0.31479999,0.31580001
2008-04-30,0.31569999,0.31670001,0.31549999,0.31610000
2008-05-01,0.31600001,0.31619999,0.31600001,0.31619999
2008-05-02,0.31610000,0.31619999,0.31520000,0.31529999
2008-05-05,0.31529999,0.31540000,0.31479999,0.31510001
2008-05-06,0.31500000,0.31510001,0.31430000,0.31459999
2008-05-07,0.31479999,0.31490001,0.31389999,0.31439999
2008-05-08,0.31430000,0.31479999,0.31369999,0.31470001
2008-05-09,0.31459999,0.31510001,0.31459999,0.31479999
2008-05-12,0.31470001,0.31490001,0.31439999,0.31490001
2008-05-13,0.31470001,0.31619999,0.31439999,0.31610000
2008-05-14,0.31600001,0.31670001,0.31569999,0.31650001
2008-05-15,0.31630000,0.31659999,0.31600001,0.31639999
2008-05-16,0.31630000,0.31799999,0.31619999,0.31790000
2008-05-19,0.31779999,0.31819999,0.31720001,0.31760001
2008-05-20,0.31750000,0.31869999,0.31750000,0.31840000
2008-05-21,0.31830001,0.31940001,0.31799999,0.31940001
2008-05-22,0.31930000,0.31959999,0.31869999,0.31900001
2008-05-23,0.31889999,0.31940001,0.31869999,0.31909999
2008-05-26,0.31900001,0.31909999,0.31819999,0.31830001
2008-05-27,0.31819999,0.31990001,0.31819999,0.31990001
2008-05-28,0.31979999,0.32139999,0.31970000,0.32089999
2008-05-29,0.32080001,0.32190001,0.32080001,0.32150000
2008-05-30,0.32139999,0.32359999,0.32139999,0.32269999
2008-06-02,0.32260001,0.32409999,0.32249999,0.32390001
2008-06-03,0.32380000,0.32650000,0.32380000,0.32589999
2008-06-04,0.32580000,0.32760000,0.32530001,0.32560000
2008-06-05,0.32550001,0.32690001,0.32530001,0.32620001
2008-06-06,0.32609999,0.32749999,0.32570001,0.32589999
2008-06-09,0.32580000,0.32769999,0.32580000,0.32640001
2008-06-10,0.32630000,0.32690001,0.32589999,0.32630000
2008-06-11,0.32620001,0.32740000,0.32620001,0.32670000
2008-06-12,0.32659999,0.32800001,0.32659999,0.32780001
2008-06-13,0.32769999,0.32910001,0.32670000,0.32900000
2008-06-16,0.32890001,0.32929999,0.32879999,0.32890001
2008-06-17,0.32879999,0.33019999,0.32850000,0.32940000
2008-06-18,0.32929999,0.33100000,0.32910001,0.32929999
2008-06-19,0.32949999,0.33080000,0.32920000,0.32960001
2008-06-20,0.32949999,0.33129999,0.32910001,0.32960001
2008-06-23,0.32949999,0.33180001,0.32929999,0.33109999
2008-06-24,0.33100000,0.33210000,0.33070001,0.33160001
2008-06-25,0.33149999,0.33219999,0.33090001,0.33160001
2008-06-26,0.33149999,0.33160001,0.32980001,0.33039999
2008-06-27,0.33010000,0.33090001,0.33010000,0.33039999
2008-06-30,0.33039999,0.33109999,0.33030000,0.33070001
2008-07-01,0.33059999,0.33109999,0.33030000,0.33080000
2008-07-02,0.33070001,0.33129999,0.33059999,0.33100000
2008-07-03,0.33090001,0.33170000,0.32940000,0.33039999
2008-07-04,0.33000001,0.33050001,0.32980001,0.33050001
2008-07-07,0.33039999,0.33170000,0.33030000,0.33120000
2008-07-08,0.33109999,0.33210000,0.33109999,0.33180001
2008-07-09,0.33180001,0.33190000,0.33160001,0.33190000
2008-07-10,0.33180001,0.33190000,0.33120000,0.33140001
2008-07-11,0.33129999,0.33140001,0.33050001,0.33100000
2008-07-14,0.33090001,0.33129999,0.33010000,0.33080000
2008-07-15,0.33070001,0.33129999,0.33059999,0.33070001
2008-07-16,0.33070001,0.33109999,0.33010000,0.33030000
2008-07-17,0.33010000,0.33109999,0.33010000,0.33100000
2008-07-18,0.33080000,0.33109999,0.33030000,0.33050001
2008-07-21,0.33039999,0.33080000,0.33030000,0.33070001
2008-07-22,0.33059999,0.33100000,0.33030000,0.33080000
2008-07-23,0.33070001,0.33149999,0.33010000,0.33100000
2008-07-24,0.33090001,0.33210000,0.33090001,0.33149999
2008-07-25,0.33140001,0.33170000,0.33109999,0.33160001
2008-07-28,0.33149999,0.33170000,0.33090001,0.33120000
2008-07-29,0.33149999,0.33190000,0.33050001,0.33070001
2008-07-30,0.33059999,0.33070001,0.33019999,0.33050001
2008-07-31,0.33039999,0.33050001,0.32810000,0.32839999
2008-08-01,0.32830000,0.32960001,0.32830000,0.32879999
2008-08-04,0.32870001,0.32929999,0.32870001,0.32920000
2008-08-05,0.32910001,0.32929999,0.32850000,0.32910001
2008-08-06,0.32910001,0.32920000,0.32839999,0.32859999
2008-08-07,0.32850000,0.32859999,0.32800001,0.32810000
2008-08-08,0.32800001,0.32810000,0.32720000,0.32780001
2008-08-11,0.32769999,0.32990000,0.32730001,0.32960001
2008-08-12,0.32949999,0.32990000,0.32920000,0.32960001
2008-08-13,0.32949999,0.33039999,0.32900000,0.33019999
2008-08-14,0.33010000,0.33059999,0.32960001,0.33019999
2008-08-15,0.33010000,0.33039999,0.32980001,0.33019999
2008-08-18,0.33010000,0.33019999,0.32990000,0.33010000
2008-08-19,0.32990000,0.33050001,0.32980001,0.33039999
2008-08-20,0.33030000,0.33080000,0.33000001,0.33059999
2008-08-21,0.33050001,0.33070001,0.33030000,0.33059999
2008-08-22,0.33050001,0.33120000,0.33050001,0.33070001
2008-08-25,0.33059999,0.33100000,0.33030000,0.33050001
2008-08-26,0.33039999,0.33059999,0.33019999,0.33050001
2008-08-27,0.33039999,0.33059999,0.32969999,0.33050001
2008-08-28,0.33039999,0.33059999,0.33019999,0.33050001
2008-08-29,0.33039999,0.33050001,0.32980001,0.32990000
2008-09-01,0.32980001,0.33010000,0.32980001,0.32990000
2008-09-02,0.32980001,0.33039999,0.32890001,0.32910001
2008-09-03,0.32929999,0.32969999,0.32789999,0.32969999
2008-09-04,0.32960001,0.32969999,0.32870001,0.32910001
2008-09-05,0.32900000,0.32949999,0.32859999,0.32920000
2008-09-08,0.32910001,0.32929999,0.32780001,0.32800001
2008-09-09,0.32789999,0.32800001,0.32679999,0.32720000
2008-09-10,0.32710001,0.32720000,0.32519999,0.32530001
2008-09-11,0.32530001,0.32539999,0.32179999,0.32480001
2008-09-12,0.32460001,0.32510000,0.32390001,0.32440001
2008-09-15,0.32429999,0.32449999,0.32359999,0.32400000
2008-09-16,0.32390001,0.32400000,0.32280001,0.32330000
2008-09-17,0.32290000,0.32319999,0.32179999,0.32229999
2008-09-18,0.32210001,0.32229999,0.32049999,0.32069999
2008-09-19,0.32060000,0.32210001,0.32060000,0.32150000
2008-09-22,0.32139999,0.32269999,0.32060000,0.32269999
2008-09-23,0.32260001,0.32290000,0.32190001,0.32249999
2008-09-24,0.32240000,0.32269999,0.32179999,0.32210001
2008-09-25,0.32200000,0.32210001,0.32100001,0.32139999
2008-09-26,0.32130000,0.32139999,0.32069999,0.32089999
2008-09-29,0.32080001,0.32089999,0.31999999,0.32069999
2008-09-30,0.32060000,0.32069999,0.31869999,0.31909999
2008-10-01,0.31900001,0.31950000,0.31819999,0.31909999
2008-10-02,0.31900001,0.31909999,0.31799999,0.31840000
2008-10-03,0.31830001,0.31840000,0.31520000,0.31600001
2008-10-06,0.31590000,0.31600001,0.31270000,0.31580001
2008-10-07,0.31569999,0.31580001,0.31060001,0.31119999
2008-10-08,0.31110001,0.31130001,0.30970001,0.30980000
2008-10-09,0.31000000,0.31060001,0.30930001,0.30950001
2008-10-10,0.30939999,0.31050000,0.30530000,0.31050000
2008-10-13,0.31040001,0.31050000,0.31040001,0.31050000
2008-10-14,0.31040001,0.31340000,0.31029999,0.31310001
2008-10-15,0.31299999,0.31310001,0.31189999,0.31209999
2008-10-16,0.31200001,0.31270000,0.31180000,0.31220001
2008-10-17,0.31189999,0.31240001,0.31110001,0.31189999
2008-10-20,0.31180000,0.31189999,0.31029999,0.31040001
2008-10-21,0.31029999,0.31150001,0.30820000,0.31070000
2008-10-22,0.31060001,0.31160000,0.30989999,0.31000000
2008-10-23,0.30989999,0.31000000,0.30720001,0.30829999
2008-10-24,0.30820000,0.30829999,0.30489999,0.30500001
2008-10-27,0.30489999,0.30520001,0.30300000,0.30320001
2008-10-28,0.30440000,0.30450001,0.29670000,0.29690000
2008-10-29,0.29679999,0.29699999,0.29200000,0.29690000
2008-10-30,0.29670000,0.29910001,0.29560000,0.29750001
2008-10-31,0.29740000,0.29750001,0.29420000,0.29530001
2008-11-03,0.29519999,0.29600000,0.29519999,0.29530001
2008-11-04,0.29519999,0.30039999,0.29519999,0.30039999
2008-11-05,0.30030000,0.30379999,0.30030000,0.30320001
2008-11-06,0.30260000,0.30309999,0.30239999,0.30270001
2008-11-07,0.30260000,0.30300000,0.30210000,0.30250001
2008-11-10,0.30239999,0.30340001,0.30210000,0.30320001
2008-11-11,0.30309999,0.30320001,0.30230001,0.30320001
2008-11-12,0.30309999,0.30320001,0.30210000,0.30270001
2008-11-13,0.30260000,0.30270001,0.30180001,0.30199999
2008-11-14,0.30190000,0.30250001,0.30170000,0.30199999
2008-11-17,0.30190000,0.30199999,0.30070001,0.30140001
2008-11-18,0.30129999,0.30170000,0.30090001,0.30109999
2008-11-19,0.30090001,0.30109999,0.30030000,0.30070001
2008-11-20,0.30059999,0.30090001,0.30030000,0.30039999
2008-11-21,0.30030000,0.30289999,0.29960001,0.30000001
2008-11-24,0.29990000,0.30010000,0.29940000,0.29980001
2008-11-25,0.29969999,0.30000001,0.29920000,0.29949999
2008-11-26,0.29940000,0.30000001,0.29850000,0.29890001
2008-11-27,0.29879999,0.29890001,0.29780000,0.29789999
2008-11-28,0.29879999,0.29890001,0.29629999,0.29660001
2008-12-01,0.29660001,0.29679999,0.29519999,0.29580000
2008-12-02,0.29570001,0.29589999,0.29409999,0.29449999
2008-12-03,0.29440001,0.29449999,0.29319999,0.29339999
2008-12-04,0.29330000,0.29339999,0.29030001,0.29060000
2008-12-05,0.29049999,0.29100001,0.28749999,0.28760001
2008-12-08,0.28860000,0.28870001,0.28749999,0.28770000
2008-12-09,0.28760001,0.29139999,0.28760001,0.29040000
2008-12-10,0.29040000,0.29280001,0.29040000,0.29280001
2008-12-11,0.29269999,0.29380000,0.29240000,0.29350001
2008-12-12,0.29339999,0.29350001,0.29200000,0.29220000
2008-12-15,0.29210001,0.29240000,0.29089999,0.29130000
2008-12-16,0.29120001,0.29400000,0.29110000,0.29400000
2008-12-17,0.29390001,0.29440001,0.29200000,0.29429999
2008-12-18,0.29420000,0.29429999,0.29269999,0.29280001
2008-12-19,0.29269999,0.29400000,0.29260001,0.29269999
2008-12-22,0.29269999,0.29359999,0.29190001,0.29240000
2008-12-23,0.29229999,0.29240000,0.29100001,0.29170001
2008-12-24,0.29159999,0.29170001,0.29049999,0.29110000
2008-12-25,0.29100001,0.29110000,0.29100001,0.29110000
2008-12-26,0.29100001,0.29130000,0.28979999,0.29040000
2008-12-29,0.29030001,0.29110000,0.29010001,0.29030001
2008-12-30,0.29020000,0.29069999,0.28909999,0.28970000
2008-12-31,0.28970000,0.28979999,0.28940001,0.28950000
2009-01-01,0.28950000,0.28950000,0.28950000,0.28950000
2009-01-02,0.28950000,0.28970000,0.28889999,0.28920001
2009-01-05,0.28909999,0.28999999,0.28830001,0.28920001
2009-01-06,0.28970000,0.29030001,0.28940001,0.28979999
2009-01-07,0.28970000,0.28990000,0.28889999,0.28960001
2009-01-08,0.28950000,0.28999999,0.28909999,0.28950000
2009-01-09,0.28950000,0.29030001,0.28950000,0.29010001
2009-01-12,0.29010001,0.29030001,0.28940001,0.28999999
2009-01-13,0.28990000,0.29030001,0.28940001,0.29010001
2009-01-14,0.29010001,0.29030001,0.28940001,0.28990000
2009-01-15,0.28979999,0.29020000,0.28940001,0.28970000
2009-01-16,0.28960001,0.28979999,0.28909999,0.28940001
2009-01-19,0.28929999,0.28940001,0.28889999,0.28929999
2009-01-20,0.28929999,0.28950000,0.28860000,0.28920001
2009-01-21,0.28909999,0.28929999,0.28790000,0.28839999
2009-01-22,0.28830001,0.28839999,0.28740001,0.28780001
2009-01-23,0.28780001,0.28799999,0.28720000,0.28749999
2009-01-26,0.28749999,0.28760001,0.28650001,0.28700000
2009-01-27,0.28690001,0.28990000,0.28680000,0.28729999
2009-01-28,0.28729999,0.28749999,0.28650001,0.28729999
2009-01-29,0.28720000,0.28729999,0.28639999,0.28670001
2009-01-30,0.28670001,0.28729999,0.28639999,0.28700000
2009-02-02,0.28680000,0.28720000,0.28619999,0.28639999
2009-02-03,0.28639999,0.28659999,0.28529999,0.28600001
2009-02-04,0.28610000,0.28700000,0.28560001,0.28619999
2009-02-05,0.28619999,0.28720000,0.28619999,0.28709999
2009-02-06,0.28670001,0.28720000,0.28650001,0.28690001
2009-02-09,0.28690001,0.28720000,0.28639999,0.28670001
2009-02-10,0.28670001,0.28729999,0.28619999,0.28700000
2009-02-11,0.28709999,0.28729999,0.28639999,0.28690001
2009-02-12,0.28670001,0.28709999,0.28560001,0.28580001
2009-02-13,0.28650001,0.28749999,0.28569999,0.28740001
2009-02-16,0.28740001,0.28749999,0.28590000,0.28630000
2009-02-17,0.28619999,0.28749999,0.28510001,0.28560001
2009-02-18,0.28560001,0.28749999,0.28450000,0.28510001
2009-02-19,0.28500000,0.28740001,0.28270000,0.28320000
2009-02-20,0.28299999,0.28540000,0.28220001,0.28279999
2009-02-23,0.28250000,0.28299999,0.28160000,0.28209999
2009-02-24,0.28200001,0.28279999,0.28090000,0.28130001
2009-02-25,0.28119999,0.28189999,0.28110000,0.28140000
2009-02-26,0.28140000,0.28189999,0.28080001,0.28119999
2009-02-27,0.28119999,0.28160000,0.28000000,0.28070000
2009-03-02,0.28060001,0.28070000,0.27700001,0.27750000
2009-03-03,0.27739999,0.27759999,0.27590001,0.27710000
2009-03-04,0.27700001,0.27730000,0.27620000,0.27700001
2009-03-05,0.27689999,0.27700001,0.27460000,0.27599999
2009-03-06,0.27590001,0.27610001,0.27460000,0.27540001
2009-03-09,0.27579999,0.27620000,0.27430001,0.27489999
2009-03-10,0.27480000,0.27540001,0.27440000,0.27509999
2009-03-11,0.27500001,0.27540001,0.27419999,0.27520001
2009-03-12,0.27489999,0.27540001,0.27379999,0.27430001
2009-03-13,0.27430001,0.27460000,0.27360001,0.27419999
2009-03-16,0.27390000,0.27480000,0.27360001,0.27469999
2009-03-17,0.27460000,0.27509999,0.27390000,0.27440000
2009-03-18,0.27430001,0.27520001,0.27309999,0.27329999
2009-03-19,0.27340001,0.27440000,0.27309999,0.27350000
2009-03-20,0.27350000,0.27430001,0.27320001,0.27360001
2009-03-23,0.27340001,0.27419999,0.27100000,0.27120000
2009-03-24,0.27110001,0.27360001,0.27100000,0.27160001
2009-03-25,0.27149999,0.27180001,0.27090001,0.27129999
2009-03-26,0.27120000,0.27160001,0.26969999,0.27059999
2009-03-27,0.27050000,0.27090001,0.26870000,0.26920000
2009-03-30,0.26910001,0.27120000,0.26879999,0.26920000
2009-03-31,0.26910001,0.26989999,0.26850000,0.26940000
2009-04-01,0.26940000,0.26949999,0.26780000,0.26949999
2009-04-02,0.26930001,0.26980001,0.26890001,0.26980001
2009-04-03,0.26969999,0.27110001,0.26930001,0.27110001
2009-04-06,0.27030000,0.27239999,0.26930001,0.27210000
2009-04-07,0.27200001,0.27260000,0.27190000,0.27239999
2009-04-08,0.27210000,0.27250001,0.27160001,0.27190000
2009-04-09,0.27180001,0.27230000,0.27160001,0.27219999
2009-04-10,0.27219999,0.27250001,0.27200001,0.27219999
2009-04-13,0.27200001,0.27219999,0.27149999,0.27169999
2009-04-14,0.27169999,0.27200001,0.27110001,0.27180001
2009-04-15,0.27180001,0.27230000,0.27169999,0.27210000
2009-04-16,0.27200001,0.27219999,0.27169999,0.27200001
2009-04-17,0.27190000,0.27219999,0.27140000,0.27169999
2009-04-20,0.27200001,0.27219999,0.27090001,0.27129999
2009-04-21,0.27120000,0.27230000,0.27059999,0.27110001
2009-04-22,0.27100000,0.27219999,0.27020001,0.27079999
2009-04-23,0.27079999,0.27100000,0.27010000,0.27059999
2009-04-24,0.27050000,0.27079999,0.27030000,0.27050000
2009-04-27,0.27050000,0.27070001,0.26980001,0.27000001
2009-04-28,0.27000001,0.27020001,0.26890001,0.26930001
2009-04-29,0.26920000,0.27059999,0.26830000,0.26850000
2009-04-30,0.26850000,0.27070001,0.26820001,0.26930001
2009-05-01,0.26920000,0.26920000,0.26859999,0.26910001
2009-05-04,0.26899999,0.27180001,0.26870000,0.27090001
2009-05-05,0.27090001,0.27129999,0.27010000,0.27039999
2009-05-06,0.27050000,0.27059999,0.26930001,0.26940000
2009-05-07,0.26940000,0.27039999,0.26859999,0.26940000
2009-05-08,0.26930001,0.27050000,0.26820001,0.26899999
2009-05-11,0.26890001,0.26920000,0.26850000,0.26879999
2009-05-12,0.26870000,0.26920000,0.26850000,0.26879999
2009-05-13,0.26870000,0.26910001,0.26830000,0.26850000
2009-05-14,0.26850000,0.26890001,0.26820001,0.26840001
2009-05-15,0.26830000,0.26879999,0.26789999,0.26820001
2009-05-18,0.26809999,0.26879999,0.26789999,0.26840001
2009-05-19,0.26830000,0.26890001,0.26800001,0.26820001
2009-05-20,0.26809999,0.26890001,0.26780000,0.26800001
2009-05-21,0.26789999,0.26840001,0.26750001,0.26769999
2009-05-22,0.26760000,0.26879999,0.26730001,0.26750001
2009-05-25,0.26750001,0.26800001,0.26750001,0.26780000
2009-05-26,0.26769999,0.26890001,0.26620001,0.26750001
2009-05-27,0.26740000,0.26769999,0.26699999,0.26750001
2009-05-28,0.26750001,0.26809999,0.26679999,0.26750001
2009-05-29,0.26740000,0.26769999,0.26660001,0.26699999
2009-06-01,0.26740000,0.26830000,0.26650000,0.26719999
2009-06-02,0.26719999,0.26760000,0.26660001,0.26730001
2009-06-03,0.26719999,0.26879999,0.26690000,0.26710001
2009-06-04,0.26710001,0.26890001,0.26670000,0.26719999
2009-06-05,0.26719999,0.26740000,0.26589999,0.26730001
2009-06-08,0.26719999,0.26719999,0.26589999,0.26609999
2009-06-09,0.26600000,0.26629999,0.26550001,0.26589999
2009-06-10,0.26589999,0.26609999,0.26570001,0.26609999
2009-06-11,0.26600000,0.26609999,0.26550001,0.26609999
2009-06-12,0.26719999,0.26740000,0.26550001,0.26570001
2009-06-15,0.26560000,0.26589999,0.26530001,0.26589999
2009-06-16,0.26570001,0.26600000,0.26510000,0.26539999
2009-06-17,0.26530001,0.26580000,0.26510000,0.26530001
2009-06-18,0.26530001,0.26580000,0.26519999,0.26550001
2009-06-19,0.26550001,0.26580000,0.26480001,0.26530001
2009-06-22,0.26530001,0.26550001,0.26429999,0.26449999
2009-06-23,0.26440001,0.26449999,0.26339999,0.26429999
2009-06-24,0.26420000,0.26429999,0.26339999,0.26400000
2009-06-25,0.26390001,0.26400000,0.26300001,0.26359999
2009-06-26,0.26350001,0.26390001,0.26300001,0.26330000
2009-06-29,0.26330000,0.26600000,0.26310000,0.26400000
2009-06-30,0.26390001,0.26409999,0.26280001,0.26330000
2009-07-01,0.26330000,0.26350001,0.26269999,0.26330000
2009-07-02,0.26320001,0.26339999,0.26300001,0.26330000
2009-07-03,0.26310000,0.26320001,0.26280001,0.26310000
2009-07-06,0.26310000,0.26400000,0.26240000,0.26300001
2009-07-07,0.26289999,0.26320001,0.26260000,0.26289999
2009-07-08,0.26280001,0.26310000,0.26210001,0.26260000
2009-07-09,0.26249999,0.26320001,0.26249999,0.26289999
2009-07-10,0.26310000,0.26320001,0.26240000,0.26310000
2009-07-13,0.26310000,0.26330000,0.26220000,0.26280001
2009-07-14,0.26269999,0.26310000,0.26240000,0.26269999
2009-07-15,0.26269999,0.26300001,0.26249999,0.26280001
2009-07-16,0.26269999,0.26300001,0.26179999,0.26280001
2009-07-17,0.26269999,0.26310000,0.26230001,0.26280001
2009-07-20,0.26260000,0.26310000,0.26230001,0.26280001
2009-07-21,0.26280001,0.26310000,0.26230001,0.26260000
2009-07-22,0.26269999,0.26300001,0.26230001,0.26260000
2009-07-23,0.26260000,0.26310000,0.26230001,0.26280001
2009-07-24,0.26280001,0.26289999,0.26220000,0.26269999
2009-07-27,0.26240000,0.26300001,0.26210001,0.26260000
2009-07-28,0.26249999,0.26310000,0.26199999,0.26220000
2009-07-29,0.26210001,0.26220000,0.26150000,0.26170000
2009-07-30,0.26199999,0.26210001,0.26069999,0.26109999
2009-07-31,0.26080000,0.26140001,0.26069999,0.26109999
2009-08-03,0.26109999,0.26150000,0.26080000,0.26140001
2009-08-04,0.26130000,0.26220000,0.26080000,0.26159999
2009-08-05,0.26159999,0.26179999,0.26080000,0.26140001
2009-08-06,0.26130000,0.26159999,0.26120001,0.26140001
2009-08-07,0.26130000,0.26170000,0.26080000,0.26130000
2009-08-10,0.26130000,0.26159999,0.26100001,0.26130000
2009-08-11,0.26120001,0.26140001,0.26030001,0.26109999
2009-08-12,0.26100001,0.26130000,0.26060000,0.26100001
2009-08-13,0.26089999,0.26109999,0.26040000,0.26089999
2009-08-14,0.26060000,0.26100001,0.26010001,0.26040000
2009-08-17,0.26030001,0.26100001,0.26030001,0.26080000
2009-08-18,0.26080000,0.26089999,0.25960001,0.26019999
2009-08-19,0.26010001,0.26030001,0.25960001,0.25990000
2009-08-20,0.25979999,0.25990000,0.25950000,0.25990000
2009-08-21,0.25979999,0.26010001,0.25940001,0.25979999
2009-08-24,0.25990000,0.26030001,0.25950000,0.25970000
2009-08-25,0.25970000,0.26069999,0.25920001,0.25970000
2009-08-26,0.25970000,0.25999999,0.25950000,0.25979999
2009-08-27,0.25979999,0.25999999,0.25960001,0.25979999
2009-08-28,0.25979999,0.25999999,0.25940001,0.25960001
2009-08-31,0.25970000,0.26069999,0.25920001,0.25970000
2009-09-01,0.25970000,0.26010001,0.25940001,0.25960001
2009-09-02,0.25950000,0.26019999,0.25950000,0.25999999
2009-09-03,0.25990000,0.26010001,0.25950000,0.25970000
2009-09-04,0.25950000,0.26010001,0.25950000,0.25990000
2009-09-07,0.25979999,0.26060000,0.25970000,0.25979999
2009-09-08,0.25990000,0.26010001,0.25940001,0.25960001
2009-09-09,0.25960001,0.25999999,0.25889999,0.25950000
2009-09-10,0.25950000,0.26010001,0.25920001,0.25950000
2009-09-11,0.25950000,0.25999999,0.25920001,0.25950000
2009-09-14,0.25950000,0.26060000,0.25909999,0.26030001
2009-09-15,0.26030001,0.26130000,0.25970000,0.26100001
2009-09-16,0.26089999,0.26159999,0.26080000,0.26120001
2009-09-17,0.26109999,0.26140001,0.26080000,0.26100001
2009-09-18,0.26089999,0.26130000,0.26030001,0.26050001
2009-09-21,0.26050001,0.26109999,0.26019999,0.26069999
2009-09-22,0.26050001,0.26109999,0.26030001,0.26060000
2009-09-23,0.26060000,0.26069999,0.26019999,0.26069999
2009-09-24,0.26060000,0.26100001,0.26030001,0.26060000
2009-09-25,0.26060000,0.26069999,0.26019999,0.26060000
2009-09-28,0.26040000,0.26060000,0.26010001,0.26030001
2009-09-29,0.26030001,0.26060000,0.25990000,0.26019999
2009-09-30,0.26010001,0.26040000,0.25990000,0.26019999
2009-10-01,0.25990000,0.26069999,0.25990000,0.26019999
2009-10-02,0.26010001,0.26030001,0.25970000,0.25999999
2009-10-05,0.26010001,0.26069999,0.25979999,0.26040000
2009-10-06,0.26030001,0.26109999,0.26010001,0.26050001
2009-10-07,0.26050001,0.26109999,0.25999999,0.26080000
2009-10-08,0.26080000,0.26100001,0.26030001,0.26080000
2009-10-09,0.26080000,0.26130000,0.26060000,0.26120001
2009-10-12,0.26109999,0.26120001,0.26100001,0.26109999
2009-10-13,0.26089999,0.26170000,0.26030001,0.26150000
2009-10-14,0.26140001,0.26199999,0.26109999,0.26159999
2009-10-15,0.26150000,0.26199999,0.26150000,0.26199999
2009-10-16,0.26190001,0.26230001,0.26150000,0.26190001
2009-10-19,0.26179999,0.26220000,0.26050001,0.26170000
2009-10-20,0.26159999,0.26199999,0.26140001,0.26179999
2009-10-21,0.26159999,0.26220000,0.26150000,0.26199999
2009-10-22,0.26199999,0.26220000,0.26130000,0.26170000
2009-10-23,0.26159999,0.26220000,0.26140001,0.26190001
2009-10-26,0.26179999,0.26210001,0.26030001,0.26190001
2009-10-27,0.26179999,0.26190001,0.26150000,0.26179999
2009-10-28,0.26170000,0.26210001,0.26150000,0.26190001
2009-10-29,0.26179999,0.26210001,0.26030001,0.26179999
2009-10-30,0.26170000,0.26210001,0.26140001,0.26199999
2009-11-02,0.26199999,0.26230001,0.26159999,0.26190001
2009-11-03,0.26179999,0.26199999,0.26050001,0.26190001
2009-11-04,0.26179999,0.26210001,0.26170000,0.26210001
2009-11-05,0.26199999,0.26210001,0.26170000,0.26210001
2009-11-06,0.26199999,0.26230001,0.26170000,0.26230001
2009-11-09,0.26220000,0.26240000,0.26050001,0.26210001
2009-11-10,0.26199999,0.26249999,0.26179999,0.26210001
2009-11-11,0.26199999,0.26249999,0.26199999,0.26220000
2009-11-12,0.26220000,0.26249999,0.26190001,0.26240000
2009-11-13,0.26230001,0.26269999,0.26190001,0.26220000
2009-11-16,0.26220000,0.26249999,0.26190001,0.26230001
2009-11-17,0.26240000,0.26260000,0.26050001,0.26220000
2009-11-18,0.26210001,0.26269999,0.26199999,0.26240000
2009-11-19,0.26230001,0.26320001,0.26220000,0.26280001
2009-11-20,0.26269999,0.26339999,0.26269999,0.26320001
2009-11-23,0.26320001,0.26350001,0.26289999,0.26339999
2009-11-24,0.26330000,0.26339999,0.26280001,0.26300001
2009-11-25,0.26300001,0.26320001,0.26269999,0.26289999
2009-11-26,0.26280001,0.26300001,0.26280001,0.26289999
2009-11-27,0.26280001,0.26300001,0.26230001,0.26249999
2009-11-30,0.26280001,0.26300001,0.26050001,0.26260000
2009-12-01,0.26249999,0.26269999,0.26050001,0.26230001
2009-12-02,0.26230001,0.26269999,0.26210001,0.26249999
2009-12-03,0.26249999,0.26260000,0.26220000,0.26260000
2009-12-04,0.26249999,0.26300001,0.26240000,0.26280001
2009-12-07,0.26280001,0.26310000,0.26240000,0.26289999
2009-12-08,0.26269999,0.26330000,0.26230001,0.26320001
2009-12-09,0.26310000,0.26339999,0.26269999,0.26320001
2009-12-10,0.26310000,0.26350001,0.26269999,0.26310000
2009-12-11,0.26310000,0.26370001,0.26210001,0.26310000
2009-12-14,0.26300001,0.26310000,0.26210001,0.26269999
2009-12-15,0.26260000,0.26280001,0.26159999,0.26220000
2009-12-16,0.26220000,0.26300001,0.26199999,0.26249999
2009-12-17,0.26249999,0.26289999,0.26130000,0.26210001
2009-12-18,0.26179999,0.26260000,0.26109999,0.26240000
2009-12-21,0.26230001,0.26310000,0.26030001,0.26280001
2009-12-22,0.26269999,0.26339999,0.26030001,0.26310000
2009-12-23,0.26310000,0.26409999,0.26300001,0.26380000
2009-12-24,0.26370001,0.26380000,0.26320001,0.26359999
2009-12-25,0.26350001,0.26359999,0.26350001,0.26359999
2009-12-28,0.26350001,0.26449999,0.26280001,0.26390001
2009-12-29,0.26390001,0.26409999,0.26080000,0.26159999
2009-12-30,0.26150000,0.26339999,0.26040000,0.26220000
2009-12-31,0.26220000,0.26380000,0.26220000,0.26310000
2010-01-01,0.26300001,0.26310000,0.26300001,0.26310000
2010-01-04,0.26320001,0.26380000,0.26269999,0.26370001
2010-01-05,0.26320001,0.26370001,0.26289999,0.26339999
2010-01-06,0.26339999,0.26359999,0.26179999,0.26260000
2010-01-07,0.26249999,0.26390001,0.26210001,0.26240000
2010-01-08,0.26339999,0.26370001,0.26260000,0.26310000
2010-01-11,0.26300001,0.26390001,0.26269999,0.26350001
2010-01-12,0.26339999,0.26409999,0.26320001,0.26400000
2010-01-13,0.26390001,0.26420000,0.26289999,0.26330000
2010-01-14,0.26350001,0.26370001,0.26300001,0.26359999
2010-01-15,0.26350001,0.26380000,0.26240000,0.26310000
2010-01-18,0.26300001,0.26380000,0.26300001,0.26380000
2010-01-19,0.26370001,0.26409999,0.26260000,0.26339999
2010-01-20,0.26330000,0.26350001,0.26260000,0.26330000
2010-01-21,0.26330000,0.26350001,0.26220000,0.26280001
2010-01-22,0.26269999,0.26300001,0.26190001,0.26280001
2010-01-25,0.26249999,0.26310000,0.26230001,0.26280001
2010-01-26,0.26269999,0.26300001,0.26179999,0.26269999
2010-01-27,0.26269999,0.26280001,0.26159999,0.26210001
2010-01-28,0.26210001,0.26240000,0.26140001,0.26179999
2010-01-29,0.26170000,0.26199999,0.26040000,0.26150000
2010-02-01,0.26150000,0.26390001,0.25900000,0.26100001
2010-02-02,0.26100001,0.26179999,0.26040000,0.26150000
2010-02-03,0.26150000,0.26170000,0.26040000,0.26080000
2010-02-04,0.26100001,0.26120001,0.25970000,0.26030001
2010-02-05,0.26019999,0.26060000,0.25960001,0.26030001
2010-02-08,0.26019999,0.26080000,0.25979999,0.26050001
2010-02-09,0.26050001,0.26080000,0.25979999,0.26050001
2010-02-10,0.26050001,0.26080000,0.25950000,0.26019999
2010-02-11,0.26019999,0.26050001,0.25929999,0.25990000
2010-02-12,0.25990000,0.26030001,0.25909999,0.25950000
2010-02-15,0.25950000,0.25970000,0.25909999,0.25950000
2010-02-16,0.25940001,0.26240000,0.25850001,0.26240000
2010-02-17,0.25940001,0.26010001,0.25870001,0.25900000
2010-02-18,0.25940001,0.25990000,0.25880000,0.25920001
2010-02-19,0.25929999,0.25950000,0.25860000,0.25929999
2010-02-22,0.25909999,0.25920001,0.25860000,0.25909999
2010-02-23,0.25909999,0.25940001,0.25749999,0.25850001
2010-02-24,0.25839999,0.25950000,0.25839999,0.25909999
2010-02-25,0.25909999,0.25950000,0.25860000,0.25909999
2010-02-26,0.25929999,0.25950000,0.25850001,0.25920001
2010-03-01,0.25909999,0.25970000,0.25870001,0.25900000
2010-03-02,0.25900000,0.25960001,0.25870001,0.25950000
2010-03-03,0.25960001,0.25990000,0.25900000,0.25970000
2010-03-04,0.25950000,0.25979999,0.25889999,0.25929999
2010-03-05,0.25960001,0.25979999,0.25889999,0.25920001
2010-03-08,0.25909999,0.25960001,0.25870001,0.25940001
2010-03-09,0.25920001,0.25940001,0.25870001,0.25900000
2010-03-10,0.25909999,0.25940001,0.25860000,0.25909999
2010-03-11,0.25909999,0.25960001,0.25880000,0.25929999
2010-03-12,0.25920001,0.25950000,0.25870001,0.25929999
2010-03-15,0.25920001,0.25940001,0.25860000,0.25900000
2010-03-16,0.25909999,0.25929999,0.25860000,0.25900000
2010-03-17,0.25889999,0.25929999,0.25860000,0.25909999
2010-03-18,0.25909999,0.25929999,0.25860000,0.25900000
2010-03-19,0.25889999,0.25920001,0.25850001,0.25909999
2010-03-22,0.25900000,0.25920001,0.25839999,0.25880000
2010-03-23,0.25880000,0.25929999,0.25839999,0.25920001
2010-03-24,0.25909999,0.25929999,0.25839999,0.25900000
2010-03-25,0.25889999,0.25920001,0.25839999,0.25880000
2010-03-26,0.25870001,0.25889999,0.25830001,0.25880000
2010-03-29,0.25870001,0.25920001,0.25790000,0.25860000
2010-03-30,0.25860000,0.25880000,0.25770000,0.25819999
2010-03-31,0.25810000,0.25830001,0.25760001,0.25819999
2010-04-01,0.25810000,0.25920001,0.25760001,0.25799999
2010-04-02,0.25790000,0.25920001,0.25770000,0.25799999
2010-04-05,0.25790000,0.25870001,0.25760001,0.25810000
2010-04-06,0.25810000,0.25830001,0.25749999,0.25799999
2010-04-07,0.25790000,0.25819999,0.25740001,0.25780001
2010-04-08,0.25770000,0.25830001,0.25760001,0.25810000
2010-04-09,0.25810000,0.25830001,0.25760001,0.25799999
2010-04-12,0.25810000,0.25830001,0.25749999,0.25810000
2010-04-13,0.25810000,0.25830001,0.25729999,0.25780001
2010-04-14,0.25770000,0.25810000,0.25749999,0.25799999
2010-04-15,0.25790000,0.25850001,0.25760001,0.25830001
2010-04-16,0.25810000,0.25870001,0.25790000,0.25860000
2010-04-19,0.25870001,0.25889999,0.25780001,0.25839999
2010-04-20,0.25850001,0.25860000,0.25780001,0.25850001
2010-04-21,0.25839999,0.25870001,0.25790000,0.25850001
2010-04-22,0.25839999,0.25889999,0.25799999,0.25870001
2010-04-23,0.25860000,0.25889999,0.25799999,0.25839999
2010-04-26,0.25839999,0.25860000,0.25790000,0.25850001
2010-04-27,0.25839999,0.25860000,0.25749999,0.25810000
2010-04-28,0.25810000,0.25830001,0.25729999,0.25770000
2010-04-29,0.25770000,0.25819999,0.25720000,0.25810000
2010-04-30,0.25799999,0.25819999,0.25700000,0.25740001
2010-05-03,0.25729999,0.25819999,0.25690001,0.25770000
2010-05-04,0.25760001,0.25790000,0.25650001,0.25720000
2010-05-05,0.25720000,0.25740001,0.25580001,0.25670001
2010-05-06,0.25659999,0.25690001,0.25610000,0.25680000
2010-05-07,0.25670001,0.25709999,0.25630000,0.25680000
2010-05-10,0.25670001,0.25720000,0.25619999,0.25700000
2010-05-11,0.25690001,0.25700000,0.25639999,0.25690001
2010-05-12,0.25680000,0.25700000,0.25630000,0.25680000
2010-05-13,0.25690001,0.25700000,0.25630000,0.25700000
2010-05-14,0.25690001,0.25709999,0.25639999,0.25690001
2010-05-17,0.25680000,0.25720000,0.25590000,0.25639999
2010-05-18,0.25630000,0.25650001,0.25529999,0.25619999
2010-05-19,0.25619999,0.25639999,0.25529999,0.25610000
2010-05-20,0.25590000,0.25650001,0.25520000,0.25630000
2010-05-21,0.25630000,0.25650001,0.25549999,0.25619999
2010-05-24,0.25619999,0.25639999,0.25580001,0.25630000
2010-05-25,0.25619999,0.25670001,0.25580001,0.25659999
2010-05-26,0.25650001,0.25659999,0.25540000,0.25600001
2010-05-27,0.25590000,0.25630000,0.25529999,0.25580001
2010-05-28,0.25580001,0.25610000,0.25490001,0.25549999
2010-05-31,0.25549999,0.25600001,0.25440001,0.25549999
2010-06-01,0.25549999,0.25569999,0.25389999,0.25450000
2010-06-02,0.25450000,0.25500000,0.25389999,0.25450000
2010-06-03,0.25440001,0.25529999,0.25430000,0.25500000
2010-06-04,0.25500000,0.25520000,0.25450000,0.25470001
2010-06-07,0.25500000,0.25520000,0.25420001,0.25479999
2010-06-08,0.25479999,0.25569999,0.25459999,0.25529999
2010-06-09,0.25529999,0.25569999,0.25500000,0.25529999
2010-06-10,0.25529999,0.25600001,0.25479999,0.25580001
2010-06-11,0.25569999,0.25590000,0.25450000,0.25500000
2010-06-14,0.25500000,0.25529999,0.25430000,0.25459999
2010-06-15,0.25459999,0.25500000,0.25440001,0.25479999
2010-06-16,0.25479999,0.25500000,0.25380000,0.25479999
2010-06-17,0.25479999,0.25510001,0.25420001,0.25479999
2010-06-18,0.25470001,0.25500000,0.25430000,0.25479999
2010-06-21,0.25490001,0.25510001,0.25450000,0.25490001
2010-06-22,0.25479999,0.25500000,0.25430000,0.25470001
2010-06-23,0.25459999,0.25479999,0.25400001,0.25479999
2010-06-24,0.25459999,0.25479999,0.25420001,0.25479999
2010-06-25,0.25459999,0.25500000,0.25400001,0.25479999
2010-06-28,0.25479999,0.25500000,0.25389999,0.25440001
2010-06-29,0.25430000,0.25450000,0.25380000,0.25430000
2010-06-30,0.25440001,0.25459999,0.25400001,0.25430000
2010-07-01,0.25440001,0.25470001,0.25389999,0.25450000
2010-07-02,0.25440001,0.25459999,0.25389999,0.25440001
2010-07-05,0.25430000,0.25440001,0.25420001,0.25440001
2010-07-06,0.25430000,0.25459999,0.25380000,0.25440001
2010-07-07,0.25430000,0.25440001,0.25380000,0.25420001
2010-07-08,0.25409999,0.25440001,0.25369999,0.25409999
2010-07-09,0.25400001,0.25430000,0.25380000,0.25409999
2010-07-12,0.25409999,0.25459999,0.25360000,0.25400001
2010-07-13,0.25430000,0.25450000,0.25369999,0.25430000
2010-07-14,0.25430000,0.25450000,0.25380000,0.25409999
2010-07-15,0.25420001,0.25479999,0.25380000,0.25420001
2010-07-16,0.25420001,0.25450000,0.25380000,0.25409999
2010-07-19,0.25430000,0.25459999,0.25380000,0.25440001
2010-07-20,0.25430000,0.25450000,0.25380000,0.25440001
2010-07-21,0.25430000,0.25450000,0.25380000,0.25440001
2010-07-22,0.25430000,0.25459999,0.25389999,0.25440001
2010-07-23,0.25430000,0.25470001,0.25389999,0.25450000
2010-07-26,0.25450000,0.25479999,0.25389999,0.25440001
2010-07-27,0.25450000,0.25470001,0.25409999,0.25440001
2010-07-28,0.25430000,0.25450000,0.25380000,0.25409999
2010-07-29,0.25420001,0.25450000,0.25369999,0.25400001
2010-07-30,0.25389999,0.25420001,0.25340000,0.25380000
2010-08-02,0.25369999,0.25420001,0.25350001,0.25400001
2010-08-03,0.25400001,0.25440001,0.25380000,0.25420001
2010-08-04,0.25409999,0.25479999,0.25389999,0.25420001
2010-08-05,0.25450000,0.25450000,0.25380000,0.25440001
2010-08-06,0.25430000,0.25459999,0.25400001,0.25440001
2010-08-09,0.25430000,0.25459999,0.25400001,0.25440001
2010-08-10,0.25430000,0.25450000,0.25400001,0.25420001
2010-08-11,0.25430000,0.25459999,0.25380000,0.25440001
2010-08-12,0.25430000,0.25450000,0.25380000,0.25440001
2010-08-13,0.25430000,0.25470001,0.25400001,0.25450000
2010-08-16,0.25459999,0.25479999,0.25369999,0.25420001
2010-08-17,0.25420001,0.25450000,0.25400001,0.25440001
2010-08-18,0.25430000,0.25450000,0.25380000,0.25440001
2010-08-19,0.25440001,0.25459999,0.25369999,0.25420001
2010-08-20,0.25409999,0.25420001,0.25369999,0.25400001
2010-08-23,0.25400001,0.25420001,0.25350001,0.25400001
2010-08-24,0.25400001,0.25420001,0.25330001,0.25369999
2010-08-25,0.25360000,0.25380000,0.25319999,0.25350001
2010-08-26,0.25369999,0.25380000,0.25319999,0.25350001
2010-08-27,0.25350001,0.25369999,0.25330001,0.25350001
2010-08-30,0.25340000,0.25430000,0.25279999,0.25299999
2010-08-31,0.25350001,0.25369999,0.25279999,0.25319999
2010-09-01,0.25350001,0.25380000,0.25290000,0.25369999
2010-09-02,0.25360000,0.25380000,0.25290000,0.25330001
2010-09-03,0.25330001,0.25380000,0.25299999,0.25340000
2010-09-06,0.25350001,0.25360000,0.25319999,0.25319999
2010-09-07,0.25319999,0.25369999,0.25319999,0.25340000
2010-09-08,0.25340000,0.25440001,0.25299999,0.25340000
2010-09-09,0.25350001,0.25369999,0.25319999,0.25340000
2010-09-10,0.25340000,0.25360000,0.25319999,0.25350001
2010-09-13,0.25340000,0.25380000,0.25299999,0.25330001
2010-09-14,0.25350001,0.25369999,0.25299999,0.25340000
2010-09-15,0.25330001,0.25350001,0.25290000,0.25319999
2010-09-16,0.25319999,0.25319999,0.25290000,0.25319999
2010-09-17,0.25319999,0.25350001,0.25290000,0.25319999
2010-09-20,0.25319999,0.25340000,0.25279999,0.25299999
2010-09-21,0.25290000,0.25330001,0.25279999,0.25299999
2010-09-22,0.25299999,0.25330001,0.25279999,0.25299999
2010-09-23,0.25319999,0.25330001,0.25270000,0.25299999
2010-09-24,0.25299999,0.25330001,0.25229999,0.25270000
2010-09-27,0.25229999,0.25299999,0.25160000,0.25189999
2010-09-28,0.25200000,0.25220001,0.25139999,0.25180000
2010-09-29,0.25180000,0.25250000,0.25130001,0.25209999
2010-09-30,0.25200000,0.25270000,0.25189999,0.25250000
2010-10-01,0.25240001,0.25260001,0.25220001,0.25250000
2010-10-04,0.25240001,0.25270000,0.25220001,0.25250000
2010-10-05,0.25240001,0.25290000,0.25220001,0.25270000
2010-10-06,0.25270000,0.25299999,0.25220001,0.25250000
2010-10-07,0.25250000,0.25290000,0.25229999,0.25260001
2010-10-08,0.25250000,0.25290000,0.25240001,0.25279999
2010-10-11,0.25260001,0.25270000,0.25240001,0.25260001
2010-10-12,0.25260001,0.25290000,0.25250000,0.25290000
2010-10-13,0.25279999,0.25319999,0.25270000,0.25310001
2010-10-14,0.25299999,0.25350001,0.25270000,0.25319999
2010-10-15,0.25319999,0.25350001,0.25260001,0.25310001
2010-10-18,0.25299999,0.25310001,0.25260001,0.25299999
2010-10-19,0.25279999,0.25310001,0.25240001,0.25290000
2010-10-20,0.25290000,0.25299999,0.25240001,0.25290000
2010-10-21,0.25279999,0.25299999,0.25220001,0.25270000
2010-10-22,0.25270000,0.25299999,0.25229999,0.25290000
2010-10-25,0.25279999,0.25290000,0.25250000,0.25290000
2010-10-26,0.25279999,0.25299999,0.25240001,0.25270000
2010-10-27,0.25290000,0.25310001,0.25250000,0.25290000
2010-10-28,0.25279999,0.25290000,0.25220001,0.25279999
2010-10-29,0.25270000,0.25299999,0.25240001,0.25290000
2010-11-01,0.25279999,0.25299999,0.25229999,0.25250000
2010-11-02,0.25250000,0.25290000,0.25229999,0.25279999
2010-11-03,0.25270000,0.25299999,0.25240001,0.25279999
2010-11-04,0.25279999,0.25299999,0.25240001,0.25270000
2010-11-05,0.25270000,0.25299999,0.25240001,0.25290000
2010-11-08,0.25279999,0.25299999,0.25209999,0.25229999
2010-11-09,0.25229999,0.25260001,0.25209999,0.25240001
2010-11-10,0.25250000,0.25270000,0.25209999,0.25240001
2010-11-11,0.25229999,0.25260001,0.25229999,0.25260001
2010-11-12,0.25250000,0.25270000,0.25189999,0.25240001
2010-11-15,0.25240001,0.25250000,0.25160000,0.25220001
2010-11-16,0.25220001,0.25250000,0.25139999,0.25200000
2010-11-17,0.25189999,0.25209999,0.25130001,0.25160000
2010-11-18,0.25160000,0.25200000,0.25139999,0.25200000
2010-11-19,0.25189999,0.25229999,0.25139999,0.25180000
2010-11-22,0.25170001,0.25229999,0.25130001,0.25189999
2010-11-23,0.25189999,0.25209999,0.25130001,0.25180000
2010-11-24,0.25180000,0.25189999,0.25139999,0.25180000
2010-11-25,0.25170001,0.25180000,0.25160000,0.25180000
2010-11-26,0.25150001,0.25189999,0.25099999,0.25119999
2010-11-29,0.25099999,0.25139999,0.25080001,0.25119999
2010-11-30,0.25110000,0.25150001,0.25060001,0.25080001
2010-12-01,0.25080001,0.25130001,0.25060001,0.25119999
2010-12-02,0.25110000,0.25150001,0.25080001,0.25139999
2010-12-03,0.25139999,0.25170001,0.25099999,0.25160000
2010-12-06,0.25150001,0.25170001,0.25110000,0.25119999
2010-12-07,0.25130001,0.25180000,0.25110000,0.25160000
2010-12-08,0.25160000,0.25180000,0.25139999,0.25160000
2010-12-09,0.25160000,0.25180000,0.25110000,0.25160000
2010-12-10,0.25160000,0.25180000,0.25110000,0.25150001
2010-12-13,0.25160000,0.25200000,0.25130001,0.25180000
2010-12-14,0.25170001,0.25209999,0.25139999,0.25180000
2010-12-15,0.25170001,0.25200000,0.25130001,0.25180000
2010-12-16,0.25170001,0.25180000,0.25130001,0.25170001
2010-12-17,0.25160000,0.25189999,0.25130001,0.25180000
2010-12-20,0.25170001,0.25189999,0.25130001,0.25160000
2010-12-21,0.25160000,0.25189999,0.25130001,0.25180000
2010-12-22,0.25170001,0.25200000,0.25139999,0.25180000
2010-12-23,0.25170001,0.25200000,0.25110000,0.25180000
2010-12-24,0.25180000,0.25200000,0.25130001,0.25200000
2010-12-27,0.25189999,0.25200000,0.25170001,0.25180000
2010-12-28,0.25170001,0.25189999,0.25070000,0.25119999
2010-12-29,0.25110000,0.25160000,0.25080001,0.25130001
2010-12-30,0.25130001,0.25170001,0.25110000,0.25150001
2010-12-31,0.25160000,0.25189999,0.25139999,0.25189999
2011-01-03,0.25180000,0.25200000,0.25130001,0.25170001
2011-01-04,0.25180000,0.25200000,0.25139999,0.25200000
2011-01-05,0.25189999,0.25209999,0.25139999,0.25180000
2011-01-06,0.25180000,0.25209999,0.25139999,0.25180000
2011-01-07,0.25189999,0.25200000,0.25110000,0.25130001
2011-01-10,0.25130001,0.25180000,0.25110000,0.25160000
2011-01-11,0.25160000,0.25180000,0.25110000,0.25160000
2011-01-12,0.25160000,0.25180000,0.25119999,0.25160000
2011-01-13,0.25160000,0.25180000,0.25119999,0.25160000
2011-01-14,0.25160000,0.25180000,0.25110000,0.25160000
2011-01-17,0.25160000,0.25160000,0.25110000,0.25139999
2011-01-18,0.25160000,0.25180000,0.25080001,0.25110000
2011-01-19,0.25160000,0.25180000,0.25080001,0.25119999
2011-01-20,0.25119999,0.25150001,0.25090000,0.25110000
2011-01-21,0.25130001,0.25150001,0.25080001,0.25119999
2011-01-24,0.25110000,0.25139999,0.25070000,0.25099999
2011-01-25,0.25090000,0.25110000,0.25029999,0.25070000
2011-01-26,0.25060001,0.25099999,0.25029999,0.25090000
2011-01-27,0.25080001,0.25099999,0.25020000,0.25029999
2011-01-28,0.25040001,0.25049999,0.24969999,0.25040001
2011-01-31,0.25029999,0.25049999,0.24930000,0.24950001
2011-02-01,0.24980000,0.25020000,0.24879999,0.24959999
2011-02-02,0.24950001,0.24980000,0.24869999,0.24900000
2011-02-03,0.24910000,0.24940000,0.24860001,0.24940000
2011-02-04,0.24930000,0.24950001,0.24879999,0.24910000
2011-02-07,0.24910000,0.24920000,0.24860001,0.24900000
2011-02-08,0.24879999,0.24910000,0.24840000,0.24900000
2011-02-09,0.24900000,0.24920000,0.24869999,0.24920000
2011-02-10,0.24910000,0.24930000,0.24860001,0.24890000
2011-02-11,0.24879999,0.24930000,0.24830000,0.24879999
2011-02-14,0.24879999,0.24900000,0.24810000,0.24860001
2011-02-15,0.24860001,0.24879999,0.24820000,0.24860001
2011-02-16,0.24850000,0.24879999,0.24820000,0.24840000
2011-02-17,0.24830000,0.24869999,0.24820000,0.24860001
2011-02-18,0.24860001,0.24869999,0.24820000,0.24860001
2011-02-21,0.24860001,0.24860001,0.24840000,0.24850000
2011-02-22,0.24850000,0.24860001,0.24800000,0.24850000
2011-02-23,0.24840000,0.24860001,0.24800000,0.24820000
2011-02-24,0.24820000,0.24850000,0.24800000,0.24840000
2011-02-25,0.24830000,0.24840000,0.24800000,0.24840000
2011-02-28,0.24830000,0.24850000,0.24789999,0.24840000
2011-03-01,0.24830000,0.24850000,0.24779999,0.24820000
2011-03-02,0.24810000,0.24840000,0.24779999,0.24810000
2011-03-03,0.24800000,0.24850000,0.24789999,0.24840000
2011-03-04,0.24830000,0.24840000,0.24789999,0.24840000
2011-03-07,0.24830000,0.24840000,0.24830000,0.24840000
2011-03-08,0.24830000,0.24850000,0.24810000,0.24850000
2011-03-09,0.24840000,0.24850000,0.24830000,0.24850000
2011-03-10,0.24840000,0.24850000,0.24779999,0.24800000
2011-03-11,0.24800000,0.24850000,0.24770001,0.24840000
2011-03-14,0.24830000,0.24840000,0.24810000,0.24820000
2011-03-15,0.24810000,0.24840000,0.24770001,0.24789999
2011-03-16,0.24789999,0.24800000,0.24740000,0.24800000
2011-03-17,0.24789999,0.24810000,0.24720000,0.24750000
2011-03-18,0.24770001,0.24779999,0.24740000,0.24770001
2011-03-21,0.24770001,0.24779999,0.24730000,0.24740000
2011-03-22,0.24740000,0.24760000,0.24730000,0.24740000
2011-03-23,0.24730000,0.24750000,0.24720000,0.24750000
2011-03-24,0.24740000,0.24750000,0.24730000,0.24750000
2011-03-25,0.24740000,0.24750000,0.24730000,0.24750000
2011-03-28,0.24740000,0.24770001,0.24710000,0.24720000
2011-03-29,0.24720000,0.24750000,0.24710000,0.24720000
2011-03-30,0.24730000,0.24740000,0.24690001,0.24699999
2011-03-31,0.24690001,0.24710000,0.24640000,0.24660000
2011-04-01,0.24650000,0.24699999,0.24630000,0.24650000
2011-04-04,0.24650000,0.24699999,0.24650000,0.24690001
2011-04-05,0.24680001,0.24699999,0.24640000,0.24690001
2011-04-06,0.24680001,0.24699999,0.24650000,0.24690001
2011-04-07,0.24680001,0.24699999,0.24650000,0.24690001
2011-04-08,0.24680001,0.24710000,0.24650000,0.24699999
2011-04-11,0.24680001,0.24720000,0.24660000,0.24699999
2011-04-12,0.24690001,0.24699999,0.24640000,0.24660000
2011-04-13,0.24660000,0.24699999,0.24620000,0.24650000
2011-04-14,0.24650000,0.24670000,0.24560000,0.24600001
2011-04-15,0.24590001,0.24609999,0.24560000,0.24590001
2011-04-18,0.24580000,0.24609999,0.24529999,0.24560000
2011-04-19,0.24550000,0.24580000,0.24510001,0.24560000
2011-04-20,0.24550000,0.24570000,0.24490000,0.24519999
2011-04-21,0.24519999,0.24529999,0.24510001,0.24529999
2011-04-22,0.24519999,0.24529999,0.24519999,0.24529999
2011-04-25,0.24519999,0.24540000,0.24470000,0.24500000
2011-04-26,0.24500000,0.24529999,0.24470000,0.24510001
2011-04-27,0.24510001,0.24529999,0.24470000,0.24490000
2011-04-28,0.24490000,0.24540000,0.24450000,0.24529999
2011-04-29,0.24519999,0.24540000,0.24480000,0.24510001
2011-05-02,0.24519999,0.24550000,0.24480000,0.24510001
2011-05-03,0.24510001,0.24540000,0.24490000,0.24529999
2011-05-04,0.24519999,0.24529999,0.24490000,0.24529999
2011-05-05,0.24519999,0.24560000,0.24439999,0.24519999
2011-05-06,0.24519999,0.24540000,0.24480000,0.24519999
2011-05-09,0.24519999,0.24540000,0.24480000,0.24510001
2011-05-10,0.24510001,0.24529999,0.24470000,0.24510001
2011-05-11,0.24510001,0.24529999,0.24460000,0.24490000
2011-05-12,0.24490000,0.24519999,0.24470000,0.24519999
2011-05-13,0.24510001,0.24540000,0.24470000,0.24490000
2011-05-16,0.24500000,0.24519999,0.24470000,0.24500000
2011-05-17,0.24490000,0.24510001,0.24450000,0.24500000
2011-05-18,0.24480000,0.24500000,0.24450000,0.24490000
2011-05-19,0.24480000,0.24500000,0.24450000,0.24500000
2011-05-20,0.24500000,0.24529999,0.24439999,0.24480000
2011-05-23,0.24480000,0.24500000,0.24450000,0.24480000
2011-05-24,0.24470000,0.24510001,0.24450000,0.24480000
2011-05-25,0.24470000,0.24470000,0.24470000,0.24470000
2011-05-26,0.24470000,0.24490000,0.24450000,0.24490000
2011-05-27,0.24480000,0.24500000,0.24450000,0.24490000
2011-05-30,0.24480000,0.24490000,0.24450000,0.24480000
2011-05-31,0.24480000,0.24490000,0.24439999,0.24490000
2011-06-01,0.24480000,0.24510001,0.24429999,0.24500000
2011-06-02,0.24490000,0.24500000,0.24429999,0.24450000
2011-06-03,0.24439999,0.24480000,0.24420001,0.24450000
2011-06-06,0.24439999,0.24460000,0.24420001,0.24450000
2011-06-07,0.24450000,0.24460000,0.24410000,0.24450000
2011-06-08,0.24450000,0.24470000,0.24410000,0.24450000
2011-06-09,0.24439999,0.24460000,0.24410000,0.24450000
2011-06-10,0.24450000,0.24470000,0.24400000,0.24439999
2011-06-13,0.24439999,0.24480000,0.24410000,0.24439999
2011-06-14,0.24429999,0.24460000,0.24410000,0.24439999
2011-06-15,0.24429999,0.24439999,0.24400000,0.24439999
2011-06-16,0.24429999,0.24460000,0.24390000,0.24429999
2011-06-17,0.24429999,0.24450000,0.24390000,0.24420001
2011-06-20,0.24420001,0.24429999,0.24410000,0.24420001
2011-06-21,0.24410000,0.24429999,0.24380000,0.24420001
2011-06-22,0.24410000,0.24429999,0.24380000,0.24400000
2011-06-23,0.24400000,0.24420001,0.24370000,0.24410000
2011-06-24,0.24400000,0.24420001,0.24360000,0.24410000
2011-06-27,0.24400000,0.24400000,0.24400000,0.24400000
2011-06-28,0.24400000,0.24410000,0.24349999,0.24360000
2011-06-29,0.24370000,0.24390000,0.24320000,0.24339999
2011-06-30,0.24360000,0.24380000,0.24320000,0.24339999
2011-07-01,0.24360000,0.24380000,0.24300000,0.24339999
2011-07-04,0.24330001,0.24339999,0.24330001,0.24339999
2011-07-05,0.24330001,0.24370000,0.24320000,0.24349999
2011-07-06,0.24349999,0.24380000,0.24330001,0.24360000
2011-07-07,0.24370000,0.24390000,0.24349999,0.24380000
2011-07-08,0.24370000,0.24370000,0.24370000,0.24370000
2011-07-11,0.24370000,0.24400000,0.24360000,0.24400000
2011-07-12,0.24390000,0.24439999,0.24380000,0.24429999
2011-07-13,0.24420001,0.24439999,0.24250001,0.24259999
2011-07-14,0.24250001,0.24290000,0.24230000,0.24280000
2011-07-15,0.24270000,0.24290000,0.24220000,0.24259999
2011-07-18,0.24259999,0.24270000,0.24210000,0.24240001
2011-07-19,0.24220000,0.24250001,0.24220000,0.24250001
2011-07-20,0.24250001,0.24270000,0.24169999,0.24270000
2011-07-21,0.24270000,0.24290000,0.24140000,0.24180000
2011-07-22,0.24169999,0.24190000,0.24130000,0.24190000
2011-07-25,0.24180000,0.24210000,0.24140000,0.24190000
2011-07-26,0.24180000,0.24200000,0.24150001,0.24190000
2011-07-27,0.24180000,0.24190000,0.24140000,0.24160001
2011-07-28,0.24180000,0.24190000,0.24110000,0.24140000
2011-07-29,0.24160001,0.24180000,0.24100000,0.24160001
2011-08-01,0.24160001,0.24220000,0.24150001,0.24200000
2011-08-02,0.24200000,0.24210000,0.24079999,0.24110000
2011-08-03,0.24100000,0.24140000,0.24060000,0.24110000
2011-08-04,0.24100000,0.24100000,0.24060000,0.24100000
2011-08-05,0.24100000,0.24130000,0.24040000,0.24060000
2011-08-08,0.24050000,0.24070001,0.24030000,0.24070001
2011-08-09,0.24070001,0.24089999,0.24040000,0.24060000
2011-08-10,0.24060000,0.24079999,0.24020000,0.24050000
2011-08-11,0.24040000,0.24070001,0.24030000,0.24070001
2011-08-12,0.24060000,0.24079999,0.24020000,0.24040000
2011-08-15,0.24050000,0.24079999,0.24010000,0.24040000
2011-08-16,0.24040000,0.24050000,0.23999999,0.24030000
2011-08-17,0.24030000,0.24050000,0.23980001,0.24020000
2011-08-18,0.24020000,0.24040000,0.23940000,0.23960000
2011-08-19,0.23950000,0.23989999,0.23920000,0.23940000
2011-08-22,0.23950000,0.23970000,0.23909999,0.23950000
2011-08-23,0.23950000,0.23970000,0.23880000,0.23950000
2011-08-24,0.23950000,0.23960000,0.23860000,0.23890001
2011-08-25,0.23890001,0.23920000,0.23850000,0.23899999
2011-08-26,0.23890001,0.23909999,0.23870000,0.23899999
2011-08-29,0.23899999,0.23909999,0.23860000,0.23880000
2011-08-30,0.23890001,0.23899999,0.23819999,0.23840000
2011-08-31,0.23819999,0.23840000,0.23770000,0.23840000
2011-09-01,0.23830000,0.23850000,0.23819999,0.23840000
2011-09-02,0.23840000,0.23850000,0.23530000,0.23810001
2011-09-05,0.23800001,0.23800001,0.23750000,0.23800001
2011-09-06,0.23800001,0.23819999,0.23750000,0.23790000
2011-09-07,0.23780000,0.23790000,0.23750000,0.23790000
2011-09-08,0.23780000,0.23800001,0.23750000,0.23790000
2011-09-09,0.23780000,0.23800001,0.23760000,0.23790000
2011-09-12,0.23780000,0.23810001,0.23760000,0.23800001
2011-09-13,0.23790000,0.23810001,0.23750000,0.23810001
2011-09-14,0.23800001,0.23810001,0.23770000,0.23800001
2011-09-15,0.23790000,0.23830000,0.23760000,0.23800001
2011-09-16,0.23800001,0.23830000,0.23750000,0.23790000
2011-09-19,0.23810001,0.23830000,0.23750000,0.23790000
2011-09-20,0.23780000,0.23890001,0.23760000,0.23880000
2011-09-21,0.23790000,0.23909999,0.23790000,0.23870000
2011-09-22,0.23860000,0.23880000,0.23780000,0.23830000
2011-09-23,0.23819999,0.23840000,0.23750000,0.23780000
2011-09-26,0.23790000,0.23810001,0.23760000,0.23810001
2011-09-27,0.23800001,0.23810001,0.23770000,0.23800001
2011-09-28,0.23790000,0.23819999,0.23770000,0.23790000
2011-09-29,0.23790000,0.23800001,0.23750000,0.23800001
2011-09-30,0.23800001,0.23819999,0.23750000,0.23780000
2011-10-03,0.23780000,0.23800001,0.23760000,0.23800001
2011-10-04,0.23800001,0.23810001,0.23760000,0.23790000
2011-10-05,0.23790000,0.23800001,0.23750000,0.23780000
2011-10-06,0.23780000,0.23790000,0.23720001,0.23780000
2011-10-07,0.23770000,0.23790000,0.23740000,0.23770000
2011-10-10,0.23780000,0.23790000,0.23740000,0.23790000
2011-10-11,0.23760000,0.23800001,0.23729999,0.23760000
2011-10-12,0.23750000,0.23800001,0.23720001,0.23760000
2011-10-13,0.23750000,0.23790000,0.23710001,0.23740000
2011-10-14,0.23740000,0.23800001,0.23690000,0.23710001
2011-10-17,0.23720001,0.23790000,0.23639999,0.23680000
2011-10-18,0.23670000,0.23790000,0.23649999,0.23660000
2011-10-19,0.23660000,0.23800001,0.23600000,0.23620000
2011-10-20,0.23780000,0.23800001,0.23570000,0.23610000
2011-10-21,0.23600000,0.23639999,0.23580000,0.23630001
2011-10-24,0.23780000,0.23790000,0.23580000,0.23610000
2011-10-25,0.23600000,0.23790000,0.23580000,0.23610000
2011-10-26,0.23610000,0.23630001,0.23580000,0.23600000
2011-10-27,0.23600000,0.23630001,0.23580000,0.23630001
2011-10-28,0.23620000,0.23790000,0.23580000,0.23610000
2011-10-31,0.23610000,0.23800001,0.23580000,0.23610000
2011-11-01,0.23610000,0.23790000,0.23559999,0.23590000
2011-11-02,0.23620000,0.23790000,0.23490000,0.23540001
2011-11-03,0.23570000,0.23590000,0.23500000,0.23540001
2011-11-04,0.23540001,0.23549999,0.23469999,0.23510000
2011-11-07,0.23510000,0.23530000,0.23450001,0.23500000
2011-11-08,0.23500000,0.23530000,0.23450001,0.23480000
2011-11-09,0.23469999,0.23490000,0.23440000,0.23459999
2011-11-10,0.23469999,0.23500000,0.23440000,0.23469999
2011-11-11,0.23459999,0.23480000,0.23450001,0.23480000
2011-11-14,0.23469999,0.23480000,0.23379999,0.23390000
2011-11-15,0.23390000,0.23480000,0.23360001,0.23450001
2011-11-16,0.23440000,0.23510000,0.23440000,0.23459999
2011-11-17,0.23450001,0.23510000,0.23450001,0.23500000
2011-11-18,0.23500000,0.23510000,0.23469999,0.23490000
2011-11-21,0.23500000,0.23500000,0.23459999,0.23500000
2011-11-22,0.23480000,0.23500000,0.23459999,0.23490000
2011-11-23,0.23480000,0.23510000,0.23450001,0.23480000
2011-11-24,0.23459999,0.23469999,0.23459999,0.23459999
2011-11-25,0.23459999,0.23469999,0.23440000,0.23450001
2011-11-28,0.23450001,0.23480000,0.23450001,0.23459999
2011-11-29,0.23469999,0.23490000,0.23360001,0.23390000
2011-11-30,0.23379999,0.23469999,0.23330000,0.23360001
2011-12-01,0.23360001,0.23379999,0.23320000,0.23370001
2011-12-02,0.23360001,0.23390000,0.23320000,0.23350000
2011-12-05,0.23350000,0.23360001,0.23320000,0.23350000
2011-12-06,0.23330000,0.23400000,0.23320000,0.23390000
2011-12-07,0.23370001,0.23390000,0.23320000,0.23390000
2011-12-08,0.23370001,0.23400000,0.23360001,0.23379999
2011-12-09,0.23360001,0.23400000,0.23360001,0.23390000
2011-12-12,0.23379999,0.23400000,0.23350000,0.23390000
2011-12-13,0.23390000,0.23390000,0.23340000,0.23390000
2011-12-14,0.23379999,0.23390000,0.23340000,0.23360001
2011-12-15,0.23360001,0.23370001,0.23320000,0.23340000
2011-12-16,0.23360001,0.23370001,0.23289999,0.23310000
2011-12-19,0.23300000,0.23330000,0.23270001,0.23320000
2011-12-20,0.23310000,0.23330000,0.23270001,0.23300000
2011-12-21,0.23289999,0.23330000,0.23270001,0.23320000
2011-12-22,0.23310000,0.23330000,0.23280001,0.23300000
2011-12-23,0.23300000,0.23310000,0.23270001,0.23310000
2011-12-26,0.23289999,0.23289999,0.23289999,0.23289999
2011-12-27,0.23289999,0.23300000,0.23250000,0.23289999
2011-12-28,0.23289999,0.23310000,0.23220000,0.23240000
2011-12-29,0.23230000,0.23260000,0.23199999,0.23240000
2011-12-30,0.23260000,0.23270001,0.23210000,0.23240000
2012-01-02,0.23230000,0.23240000,0.23230000,0.23240000
2012-01-03,0.23230000,0.23250000,0.23199999,0.23240000
2012-01-04,0.23230000,0.23260000,0.23199999,0.23240000
2012-01-05,0.23230000,0.23240000,0.23170000,0.23199999
2012-01-06,0.23199999,0.23220000,0.23140000,0.23160000
2012-01-09,0.23170000,0.23210000,0.23119999,0.23190001
2012-01-10,0.23180000,0.23199999,0.23150000,0.23190001
2012-01-11,0.23190001,0.23210000,0.23160000,0.23190001
2012-01-12,0.23190001,0.23220000,0.23160000,0.23190001
2012-01-13,0.23190001,0.23199999,0.23170000,0.23190001
2012-01-16,0.23190001,0.23190001,0.23160000,0.23190001
2012-01-17,0.23190001,0.23210000,0.23140000,0.23180000
2012-01-18,0.23190001,0.23199999,0.23130000,0.23180000
2012-01-19,0.23170000,0.23190001,0.23119999,0.23170000
2012-01-20,0.23160000,0.23180000,0.23119999,0.23140000
2012-01-23,0.23160000,0.23180000,0.23080000,0.23119999
2012-01-24,0.23109999,0.23119999,0.23050000,0.23070000
2012-01-25,0.23060000,0.23080000,0.23029999,0.23050000
2012-01-26,0.23050000,0.23080000,0.23010001,0.23060000
2012-01-27,0.23060000,0.23090000,0.23040000,0.23050000
2012-01-30,0.23080000,0.23100001,0.23040000,0.23070000
2012-01-31,0.23070000,0.23090000,0.23040000,0.23080000
2012-02-01,0.23080000,0.23090000,0.23040000,0.23080000
2012-02-02,0.23080000,0.23100001,0.23040000,0.23070000
2012-02-03,0.23080000,0.23100001,0.23040000,0.23090000
2012-02-06,0.23080000,0.23080000,0.23040000,0.23080000
2012-02-07,0.23070000,0.23090000,0.23029999,0.23060000
2012-02-08,0.23050000,0.23070000,0.23010001,0.23060000
2012-02-09,0.23050000,0.23070000,0.22980000,0.23029999
2012-02-10,0.23029999,0.23040000,0.22990000,0.23019999
2012-02-13,0.23010001,0.23029999,0.22980000,0.23029999
2012-02-14,0.23019999,0.23029999,0.22980000,0.23000000
2012-02-15,0.23000000,0.23010001,0.22960000,0.23010001
2012-02-16,0.23000000,0.23019999,0.22950000,0.22990000
2012-02-17,0.22990000,0.23000000,0.22939999,0.22970000
2012-02-20,0.22990000,0.22990000,0.22950000,0.22980000
2012-02-21,0.22970000,0.22980000,0.22939999,0.22980000
2012-02-22,0.22970000,0.22990000,0.22939999,0.22980000
2012-02-23,0.22970000,0.22980000,0.22939999,0.22970000
2012-02-24,0.23080000,0.23090000,0.22939999,0.22970000
2012-02-27,0.22960000,0.23000000,0.22950000,0.22980000
2012-02-28,0.22980000,0.23000000,0.22930001,0.22960000
2012-02-29,0.22960000,0.22980000,0.22939999,0.22970000
2012-03-01,0.22960000,0.23010001,0.22930001,0.23010001
2012-03-02,0.22990000,0.23080000,0.22980000,0.23070000
2012-03-05,0.23060000,0.23100001,0.23040000,0.23080000
2012-03-06,0.23080000,0.23090000,0.23029999,0.23070000
2012-03-07,0.23060000,0.23080000,0.23029999,0.23070000
2012-03-08,0.23060000,0.23080000,0.23029999,0.23070000
2012-03-09,0.23060000,0.23080000,0.23010001,0.23040000
2012-03-12,0.23040000,0.23060000,0.22970000,0.23010001
2012-03-13,0.23000000,0.23040000,0.22960000,0.23000000
2012-03-14,0.23000000,0.23010001,0.22930001,0.22980000
2012-03-15,0.22980000,0.22980000,0.22930001,0.22960000
2012-03-16,0.22960000,0.22990000,0.22930001,0.22990000
2012-03-19,0.22990000,0.23010001,0.22890000,0.22920001
2012-03-20,0.22920001,0.22930001,0.22890000,0.22920001
2012-03-21,0.22910000,0.22930001,0.22870000,0.22900000
2012-03-22,0.22910000,0.22930001,0.22840001,0.22900000
2012-03-23,0.22900000,0.22920001,0.22870000,0.22890000
2012-03-26,0.22910000,0.22920001,0.22860000,0.22900000
2012-03-27,0.22890000,0.22930001,0.22840001,0.22880000
2012-03-28,0.22849999,0.22880000,0.22840001,0.22870000
2012-03-29,0.22860000,0.22880000,0.22830001,0.22870000
2012-03-30,0.22860000,0.22890000,0.22820000,0.22840001
2012-04-02,0.22840001,0.22870000,0.22830001,0.22860000
2012-04-03,0.22849999,0.22870000,0.22800000,0.22830001
2012-04-04,0.22830001,0.22840001,0.22770000,0.22790000
2012-04-05,0.22790000,0.22820000,0.22770000,0.22800000
2012-04-06,0.22800000,0.22810000,0.22800000,0.22810000
2012-04-09,0.22800000,0.22830001,0.22770000,0.22800000
2012-04-10,0.22800000,0.22849999,0.22790000,0.22810000
2012-04-11,0.22830001,0.22840001,0.22770000,0.22790000
2012-04-12,0.22770000,0.22800000,0.22740000,0.22759999
2012-04-13,0.22759999,0.22790000,0.22730000,0.22770000
2012-04-16,0.22759999,0.22849999,0.22730000,0.22759999
2012-04-17,0.22750001,0.22780000,0.22720000,0.22780000
2012-04-18,0.22770000,0.22780000,0.22700000,0.22740000
2012-04-19,0.22740000,0.22750001,0.22679999,0.22740000
2012-04-20,0.22740000,0.22750001,0.22679999,0.22700000
2012-04-23,0.22700000,0.22720000,0.22669999,0.22690000
2012-04-24,0.22700000,0.22720000,0.22650000,0.22690000
2012-04-25,0.22690000,0.22700000,0.22640000,0.22690000
2012-04-26,0.22690000,0.22730000,0.22630000,0.22669999
2012-04-27,0.22660001,0.22679999,0.22620000,0.22669999
2012-04-30,0.22660001,0.22679999,0.22640000,0.22669999
2012-05-01,0.22660001,0.22679999,0.22640000,0.22669999
2012-05-02,0.22660001,0.22669999,0.22579999,0.22610000
2012-05-03,0.22650000,0.22669999,0.22560000,0.22610000
2012-05-04,0.22600000,0.22630000,0.22560000,0.22589999
2012-05-07,0.22589999,0.22610000,0.22540000,0.22560000
2012-05-08,0.22550000,0.22560000,0.22510000,0.22560000
2012-05-09,0.22550000,0.22570001,0.22499999,0.22540000
2012-05-10,0.22540000,0.22550000,0.22490001,0.22530000
2012-05-11,0.22530000,0.22560000,0.22499999,0.22530000
2012-05-14,0.22530000,0.22530000,0.22499999,0.22530000
2012-05-15,0.22530000,0.22550000,0.22480001,0.22510000
2012-05-16,0.22499999,0.22520000,0.22470000,0.22490001
2012-05-17,0.22470000,0.22520000,0.22440000,0.22470000
2012-05-18,0.22460000,0.22520000,0.22409999,0.22430000
2012-05-21,0.22460000,0.22470000,0.22370000,0.22400001
2012-05-22,0.22400001,0.22440000,0.22370000,0.22380000
2012-05-23,0.22370000,0.22440000,0.22360000,0.22380000
2012-05-24,0.22360000,0.22390001,0.22350000,0.22380000
2012-05-25,0.22380000,0.22380000,0.22370000,0.22380000
2012-05-28,0.22380000,0.22390001,0.22360000,0.22380000
2012-05-29,0.22380000,0.22400001,0.22319999,0.22370000
2012-05-30,0.22360000,0.22380000,0.22350000,0.22370000
2012-05-31,0.22370000,0.22380000,0.22340000,0.22370000
2012-06-01,0.22370000,0.22380000,0.22340000,0.22370000
2012-06-04,0.22350000,0.22390001,0.22330000,0.22350000
2012-06-05,0.22350000,0.22370000,0.22319999,0.22350000
2012-06-06,0.22350000,0.22370000,0.22250000,0.22300000
2012-06-07,0.22300000,0.22319999,0.22229999,0.22310001
2012-06-08,0.22300000,0.22330000,0.22280000,0.22319999
2012-06-11,0.22310001,0.22319999,0.22260000,0.22270000
2012-06-12,0.22290000,0.22300000,0.22250000,0.22280000
2012-06-13,0.22270000,0.22300000,0.22250000,0.22290000
2012-06-14,0.22300000,0.22319999,0.22229999,0.22270000
2012-06-15,0.22260000,0.22280000,0.22220001,0.22260000
2012-06-18,0.22260000,0.22310001,0.22200000,0.22239999
2012-06-19,0.22239999,0.22530000,0.22190000,0.22229999
2012-06-20,0.22210000,0.22270000,0.22210000,0.22250000
2012-06-21,0.22250000,0.22290000,0.22170000,0.22180000
2012-06-22,0.22180000,0.22750001,0.22149999,0.22160000
2012-06-25,0.22160000,0.22570001,0.22139999,0.22149999
2012-06-26,0.22160000,0.22210000,0.22160000,0.22190000
2012-06-27,0.22190000,0.22820000,0.22130001,0.22149999
2012-06-28,0.22149999,0.22220001,0.22090000,0.22120000
2012-06-29,0.22110000,0.22510000,0.22080000,0.22080000
2012-07-02,0.22090000,0.22229999,0.22080000,0.22100000
2012-07-03,0.22090000,0.22100000,0.22090000,0.22100000
2012-07-04,0.22090000,0.22160000,0.22090000,0.22100000
2012-07-05,0.22100000,0.22110000,0.22070000,0.22080000
2012-07-06,0.22080000,0.22090000,0.22040001,0.22059999
2012-07-09,0.22080000,0.22180000,0.22050001,0.22180000
2012-07-10,0.22170000,0.22180000,0.22030000,0.22050001
2012-07-11,0.22020000,0.22050001,0.22010000,0.22050001
2012-07-12,0.22040001,0.22050001,0.21990000,0.22030000
2012-07-13,0.22020000,0.22030000,0.21990000,0.22000000
2012-07-16,0.22000000,0.22000000,0.21980000,0.22000000
2012-07-17,0.21990000,0.22000000,0.21960001,0.21980000
2012-07-18,0.21980000,0.21980000,0.21930000,0.21969999
2012-07-19,0.21960001,0.21969999,0.21930000,0.21969999
2012-07-20,0.21960001,0.21969999,0.21900000,0.21910000
2012-07-23,0.21930000,0.21930000,0.21879999,0.21920000
2012-07-24,0.21910000,0.21920000,0.21860000,0.21870001
2012-07-25,0.21900000,0.21900000,0.21870001,0.21900000
2012-07-26,0.21900000,0.21900000,0.21850000,0.21850000
2012-07-27,0.21850000,0.21870001,0.21830000,0.21870001
2012-07-30,0.21860000,0.21870001,0.21850000,0.21870001
2012-07-31,0.21860000,0.21870001,0.21799999,0.21820000
2012-08-01,0.21810000,0.21870001,0.21810000,0.21870001
2012-08-02,0.21860000,0.21860000,0.21789999,0.21799999
2012-08-03,0.21810000,0.21810000,0.21770000,0.21799999
2012-08-06,0.21789999,0.21799999,0.21770000,0.21799999
2012-08-07,0.21789999,0.21799999,0.21750000,0.21750000
2012-08-08,0.21780001,0.21780001,0.21740000,0.21750000
2012-08-09,0.21750000,0.21760000,0.21730000,0.21750000
2012-08-10,0.21740000,0.21750000,0.21720000,0.21750000
2012-08-13,0.21740000,0.21750000,0.21699999,0.21720000
2012-08-14,0.21690001,0.21730000,0.21690001,0.21709999
2012-08-15,0.21709999,0.21720000,0.21690001,0.21720000
2012-08-16,0.21709999,0.21709999,0.21680000,0.21699999
2012-08-17,0.21690001,0.21699999,0.21640000,0.21660000
2012-08-20,0.21650000,0.21670000,0.21650000,0.21670000
2012-08-21,0.21660000,0.21740000,0.21630000,0.21660000
2012-08-22,0.21640000,0.21670000,0.21640000,0.21670000
2012-08-23,0.21660000,0.21670000,0.21630000,0.21670000
2012-08-24,0.21660000,0.21670000,0.21610001,0.21619999
2012-08-27,0.21610001,0.21670000,0.21610001,0.21670000
2012-08-28,0.21660000,0.21660000,0.21570000,0.21600001
2012-08-29,0.21590000,0.21600001,0.21570000,0.21600001
2012-08-30,0.21590000,0.21600001,0.21570000,0.21600001
2012-08-31,0.21600001,0.21610001,0.21550000,0.21560000
2012-09-03,0.21600001,0.21610001,0.21550000,0.21560000
2012-09-04,0.21550000,0.21550000,0.21510001,0.21520001
2012-09-05,0.21510001,0.21520001,0.21490000,0.21500000
2012-09-06,0.21500000,0.21510001,0.21470000,0.21480000
2012-09-07,0.21460000,0.21470000,0.21450000,0.21460000
2012-09-10,0.21450000,0.21460000,0.21439999,0.21460000
2012-09-11,0.21450000,0.21460000,0.21439999,0.21460000
2012-09-12,0.21450000,0.21460000,0.21439999,0.21460000
2012-09-13,0.21450000,0.21460000,0.21430001,0.21460000
2012-09-14,0.21450000,0.21460000,0.21400000,0.21410000
2012-09-17,0.21400000,0.21410000,0.21380000,0.21410000
2012-09-18,0.21390000,0.21400000,0.21380000,0.21400000
2012-09-19,0.21380000,0.21380000,0.21349999,0.21370000
2012-09-20,0.21359999,0.21370000,0.21340001,0.21370000
2012-09-21,0.21330000,0.21359999,0.21330000,0.21359999
2012-09-24,0.21349999,0.21370000,0.21330000,0.21349999
2012-09-25,0.21320000,0.21330000,0.21310000,0.21320000
2012-09-26,0.21320000,0.21330000,0.21310000,0.21320000
2012-09-27,0.21300000,0.21320000,0.21300000,0.21320000
2012-09-28,0.21300000,0.21320000,0.21280000,0.21290000
2012-10-01,0.21269999,0.21300000,0.21259999,0.21290000
2012-10-02,0.21280000,0.21300000,0.21259999,0.21300000
2012-10-03,0.21280000,0.21280000,0.21259999,0.21269999
2012-10-04,0.21250001,0.21269999,0.21240000,0.21269999
2012-10-05,0.21230000,0.21250001,0.21230000,0.21230000
2012-10-08,0.21230000,0.21230000,0.21230000,0.21230000
2012-10-09,0.21210000,0.21220000,0.21210000,0.21220000
2012-10-10,0.21200000,0.21230000,0.21200000,0.21220000
2012-10-11,0.21220000,0.21220000,0.21220000,0.21220000
2012-10-12,0.21220000,0.21220000,0.21220000,0.21220000
2012-10-15,0.21220000,0.21220000,0.21220000,0.21220000
2012-10-16,0.21220000,0.21220000,0.21220000,0.21220000
2012-10-17,0.21220000,0.21220000,0.21130000,0.21130000
2012-10-18,0.21130000,0.21130000,0.21120000,0.21120000
2012-10-19,0.21100000,0.21120000,0.21100000,0.21110000
2012-10-22,0.21070001,0.21110000,0.21070001,0.21110000
2012-10-23,0.21070001,0.21089999,0.21070001,0.21080001
2012-10-24,0.21070001,0.21080001,0.21050000,0.21060000
2012-10-25,0.21050000,0.21060000,0.21040000,0.21060000
2012-10-26,0.21010000,0.21050000,0.21010000,0.21040000
2012-10-29,0.21020000,0.21030000,0.21020000,0.21030000
2012-10-30,0.20999999,0.21020000,0.20990001,0.20990001
2012-10-31,0.20990001,0.20990001,0.20960000,0.20990001
2012-11-01,0.20980000,0.20980000,0.20950000,0.20980000
2012-11-02,0.20960000,0.20980000,0.20950000,0.20980000
2012-11-05,0.20950000,0.20970000,0.20940000,0.20940000
2012-11-06,0.20940000,0.20970000,0.20940000,0.20940000
2012-11-07,0.20950000,0.20970000,0.20940000,0.20970000
2012-11-08,0.20940000,0.20960000,0.20940000,0.20960000
2012-11-09,0.20940000,0.20960000,0.20919999,0.20960000
2012-11-12,0.20909999,0.20930000,0.20909999,0.20919999
2012-11-13,0.20909999,0.20919999,0.20890000,0.20909999
2012-11-14,0.20890000,0.20909999,0.20880000,0.20909999
2012-11-15,0.20870000,0.20890000,0.20860000,0.20870000
2012-11-16,0.20860000,0.20870000,0.20819999,0.20829999
2012-11-19,0.20840000,0.20840000,0.20800000,0.20819999
2012-11-20,0.20810001,0.20819999,0.20790000,0.20810001
2012-11-21,0.20800000,0.20810001,0.20760000,0.20770000
2012-11-22,0.20730001,0.20739999,0.20730001,0.20739999
2012-11-23,0.20739999,0.20750000,0.20720001,0.20739999
2012-11-26,0.20739999,0.20739999,0.20739999,0.20739999
2012-11-27,0.20730001,0.20739999,0.20730001,0.20739999
2012-11-28,0.20730001,0.20739999,0.20700000,0.20710000
2012-11-29,0.20690000,0.20720001,0.20690000,0.20690000
2012-11-30,0.20690000,0.20710000,0.20660000,0.20670000
2012-12-03,0.20649999,0.20670000,0.20649999,0.20660000
2012-12-04,0.20649999,0.20649999,0.20620000,0.20640001
2012-12-05,0.20610000,0.20640001,0.20610000,0.20610000
2012-12-06,0.20600000,0.20610000,0.20559999,0.20590000
2012-12-07,0.20590000,0.20590000,0.20550001,0.20590000
2012-12-10,0.20570000,0.20580000,0.20550001,0.20559999
2012-12-11,0.20550001,0.20570000,0.20530000,0.20540000
2012-12-12,0.20510000,0.20550001,0.20510000,0.20520000
2012-12-13,0.20500000,0.20520000,0.20500000,0.20510000
2012-12-14,0.20510000,0.20510000,0.20490000,0.20490000
2012-12-17,0.20469999,0.20490000,0.20460001,0.20469999
2012-12-18,0.20469999,0.20490000,0.20450000,0.20460001
2012-12-19,0.20430000,0.20450000,0.20420000,0.20420000
2012-12-20,0.20420000,0.20420000,0.20400000,0.20420000
2012-12-21,0.20410000,0.20410000,0.20379999,0.20389999
2012-12-24,0.20389999,0.20389999,0.20379999,0.20389999
2012-12-25,0.20389999,0.20389999,0.20389999,0.20389999
2012-12-26,0.20370001,0.20370001,0.20350000,0.20360000
2012-12-27,0.20340000,0.20360000,0.20340000,0.20360000
2012-12-28,0.20360000,0.20370001,0.20340000,0.20360000
2012-12-31,0.20350000,0.20350000,0.20320000,0.20340000
2013-01-01,0.20340000,0.20340000,0.20340000,0.20340000
2013-01-02,0.20330000,0.20340000,0.20299999,0.20310000
2013-01-03,0.20299999,0.20320000,0.20280001,0.20299999
2013-01-04,0.20280001,0.20310000,0.20280001,0.20299999
2013-01-07,0.20290001,0.20310000,0.20270000,0.20280001
2013-01-08,0.20270000,0.20290001,0.20270000,0.20290001
2013-01-09,0.20250000,0.20260000,0.20250000,0.20260000
2013-01-10,0.20230000,0.20260000,0.20230000,0.20250000
2013-01-11,0.20240000,0.20250000,0.20220000,0.20240000
2013-01-14,0.20209999,0.20240000,0.20190001,0.20200001
2013-01-15,0.20190001,0.20209999,0.20180000,0.20209999
2013-01-16,0.20200001,0.20209999,0.20190001,0.20209999
2013-01-17,0.20200001,0.20209999,0.20190001,0.20209999
2013-01-18,0.20200001,0.20209999,0.20180000,0.20200001
2013-01-21,0.20190001,0.20200001,0.20160000,0.20180000
2013-01-22,0.20160000,0.20170000,0.20140000,0.20170000
2013-01-23,0.20170000,0.20170000,0.20130000,0.20150000
2013-01-24,0.20150000,0.20160000,0.20130000,0.20160000
2013-01-25,0.20150000,0.20160000,0.20130000,0.20160000
2013-01-28,0.20150000,0.20160000,0.20110001,0.20110001
2013-01-29,0.20110001,0.20110001,0.20090000,0.20110001
2013-01-30,0.20100001,0.20110001,0.20080000,0.20090000
2013-01-31,0.20080000,0.20090000,0.20080000,0.20090000
2013-02-01,0.20060000,0.20090000,0.20050000,0.20060000
2013-02-04,0.20060000,0.20070000,0.20050000,0.20060000
2013-02-05,0.20050000,0.20060000,0.20050000,0.20060000
2013-02-06,0.20060000,0.20060000,0.20039999,0.20060000
2013-02-07,0.20050000,0.20060000,0.20020001,0.20020001
2013-02-08,0.20020001,0.20020001,0.20000000,0.20010000
2013-02-11,0.20010000,0.20010000,0.20010000,0.20010000
2013-02-12,0.20010000,0.20010000,0.20010000,0.20010000
2013-02-13,0.20010000,0.20010000,0.19970000,0.19980000
2013-02-14,0.19980000,0.19980000,0.19970000,0.19980000
2013-02-15,0.19960000,0.19980000,0.19949999,0.19960000
2013-02-18,0.19949999,0.19960000,0.19949999,0.19960000
2013-02-19,0.19939999,0.19939999,0.19900000,0.19910000
2013-02-20,0.19910000,0.19910000,0.19910000,0.19910000
2013-02-21,0.19890000,0.19910000,0.19870000,0.19880000
2013-02-22,0.19880000,0.19880000,0.19859999,0.19880000
2013-02-25,0.19850001,0.19890000,0.19850001,0.19859999
2013-02-26,0.19840001,0.19859999,0.19840001,0.19859999
2013-02-27,0.19840001,0.19859999,0.19830000,0.19830000
2013-02-28,0.19810000,0.19830000,0.19810000,0.19820000
2013-03-01,0.19800000,0.19810000,0.19800000,0.19810000
2013-03-04,0.19800000,0.19810000,0.19780000,0.19780000
2013-03-05,0.19769999,0.19790000,0.19769999,0.19769999
2013-03-06,0.19769999,0.19769999,0.19760001,0.19760001
2013-03-07,0.19750001,0.19760001,0.19740000,0.19760001
2013-03-08,0.19750001,0.19760001,0.19730000,0.19730000
2013-03-11,0.19740000,0.19740000,0.19700000,0.19710000
2013-03-12,0.19690000,0.19720000,0.19690000,0.19700000
2013-03-13,0.19679999,0.19710000,0.19679999,0.19679999
2013-03-14,0.19670001,0.19700000,0.19650000,0.19660001
2013-03-15,0.19650000,0.19660001,0.19630000,0.19650000
2013-03-18,0.19620000,0.19630000,0.19620000,0.19630000
2013-03-19,0.19599999,0.19630000,0.19599999,0.19630000
2013-03-20,0.19620000,0.19630000,0.19620000,0.19630000
2013-03-21,0.19620000,0.19630000,0.19589999,0.19610000
2013-03-22,0.19610000,0.19620000,0.19550000,0.19560000
2013-03-25,0.19570000,0.19580001,0.19540000,0.19550000
2013-03-26,0.19530000,0.19540000,0.19520000,0.19530000
2013-03-27,0.19530000,0.19530000,0.19499999,0.19530000
2013-03-28,0.19509999,0.19530000,0.19509999,0.19530000
2013-03-29,0.19530000,0.19530000,0.19520000,0.19530000
2013-04-01,0.19520000,0.19530000,0.19520000,0.19530000
2013-04-02,0.19530000,0.19530000,0.19530000,0.19530000
2013-04-03,0.19499999,0.19530000,0.19480000,0.19480000
2013-04-04,0.19470000,0.19490001,0.19460000,0.19480000
2013-04-05,0.19460000,0.19490001,0.19440000,0.19460000
2013-04-08,0.19470000,0.19490001,0.19450000,0.19470000
2013-04-09,0.19470000,0.19480000,0.19440000,0.19460000
2013-04-10,0.19460000,0.19460000,0.19430000,0.19460000
2013-04-11,0.19430000,0.19460000,0.19430000,0.19450000
2013-04-12,0.19440000,0.19440000,0.19400001,0.19430000
2013-04-15,0.19410001,0.19410001,0.19380000,0.19410001
2013-04-16,0.19400001,0.19410001,0.19370000,0.19410001
2013-04-17,0.19400001,0.19410001,0.19370000,0.19410001
2013-04-18,0.19390000,0.19390000,0.19380000,0.19380000
2013-04-19,0.19360000,0.19380000,0.19360000,0.19380000
2013-04-22,0.19360000,0.19360000,0.19329999,0.19360000
2013-04-23,0.19320001,0.19350000,0.19320001,0.19329999
2013-04-24,0.19329999,0.19329999,0.19300000,0.19329999
2013-04-25,0.19310001,0.19329999,0.19290000,0.19329999
2013-04-26,0.19320001,0.19329999,0.19310001,0.19329999
2013-04-29,0.19310001,0.19310001,0.19300000,0.19300000
2013-04-30,0.19280000,0.19300000,0.19270000,0.19280000
2013-05-01,0.19270000,0.19280000,0.19270000,0.19280000
2013-05-02,0.19260000,0.19280000,0.19260000,0.19280000
2013-05-03,0.19250000,0.19250000,0.19230001,0.19230001
2013-05-06,0.19230001,0.19230001,0.19190000,0.19200000
2013-05-07,0.19210000,0.19210000,0.19180000,0.19200000
2013-05-08,0.19180000,0.19200000,0.19180000,0.19180000
2013-05-09,0.19180000,0.19190000,0.19149999,0.19159999
2013-05-10,0.19140001,0.19159999,0.19120000,0.19120000
2013-05-13,0.19120000,0.19120000,0.19090000,0.19110000
2013-05-14,0.19090000,0.19110000,0.19080000,0.19100000
2013-05-15,0.19080000,0.19110000,0.19069999,0.19110000
2013-05-16,0.19100000,0.19110000,0.19080000,0.19110000
2013-05-17,0.19090000,0.19110000,0.19080000,0.19100000
2013-05-20,0.19090000,0.19100000,0.19050001,0.19069999
2013-05-21,0.19069999,0.19080000,0.19030000,0.19059999
2013-05-22,0.19050001,0.19050001,0.19010000,0.19030000
2013-05-23,0.19030000,0.19030000,0.18990000,0.19000000
2013-05-24,0.18979999,0.19000000,0.18960001,0.19000000
2013-05-27,0.18979999,0.19000000,0.18970001,0.18990000
2013-05-28,0.18960001,0.19000000,0.18950000,0.18979999
2013-05-29,0.18960001,0.18979999,0.18930000,0.18950000
2013-05-30,0.18950000,0.18950000,0.18920000,0.18940000
2013-05-31,0.18920000,0.18930000,0.18900000,0.18930000
2013-06-03,0.18920000,0.18930000,0.18889999,0.18930000
2013-06-04,0.18910000,0.18930000,0.18880001,0.18900000
2013-06-05,0.18900000,0.18900000,0.18880001,0.18900000
2013-06-06,0.18900000,0.18900000,0.18860000,0.18860000
2013-06-07,0.18860000,0.18880001,0.18850000,0.18860000
2013-06-10,0.18860000,0.18860000,0.18820000,0.18850000
2013-06-11,0.18850000,0.18850000,0.18810000,0.18840000
2013-06-12,0.18830000,0.18830000,0.18780001,0.18799999
2013-06-13,0.18780001,0.18780001,0.1875,0.18780001
2013-06-14,0.1875,0.18770000,0.18730000,0.18760000
2013-06-17,0.18760000,0.18760000,0.18709999,0.18740000
2013-06-18,0.18740000,0.1875,0.18709999,0.18740000
2013-06-19,0.18719999,0.18719999,0.18680000,0.18700001
2013-06-20,0.18700001,0.18700001,0.18700001,0.18700001
2013-06-21,0.18700001,0.18700001,0.18690000,0.18700001
2013-06-24,0.18690000,0.18700001,0.18640000,0.18650000
2013-06-25,0.18640000,0.18650000,0.18619999,0.18650000
2013-06-26,0.18650000,0.18650000,0.18600000,0.18619999
2013-06-27,0.18600000,0.18619999,0.18590000,0.18600000
2013-06-28,0.18600000,0.18600000,0.18539999,0.18560000
2013-07-01,0.18560000,0.18560000,0.18529999,0.18550000
2013-07-02,0.18550000,0.18550000,0.18520001,0.18550000
2013-07-03,0.18539999,0.18550000,0.18500000,0.18539999
2013-07-04,0.18529999,0.18539999,0.18529999,0.18539999
2013-07-05,0.18500000,0.18510000,0.18480000,0.18500000
2013-07-08,0.18510000,0.18510000,0.18470000,0.18500000
2013-07-09,0.18490000,0.18500000,0.18480000,0.18490000
2013-07-10,0.18500000,0.18500000,0.18449999,0.18470000
2013-07-11,0.18449999,0.18480000,0.18430001,0.18460000
2013-07-12,0.18430001,0.18449999,0.18410000,0.18430001
2013-07-15,0.18430001,0.18440001,0.18390000,0.18420000
2013-07-16,0.18400000,0.18400000,0.18380000,0.18400000
2013-07-17,0.18390000,0.18400000,0.18370000,0.18390000
2013-07-18,0.18370000,0.18390000,0.18330000,0.18350001
2013-07-19,0.18330000,0.18350001,0.18290000,0.18320000
2013-07-22,0.18300000,0.18320000,0.18279999,0.18320000
2013-07-23,0.18290000,0.18320000,0.18290000,0.18320000
2013-07-24,0.18310000,0.18320000,0.18279999,0.18320000
2013-07-25,0.18310000,0.18320000,0.18230000,0.18250000
2013-07-26,0.18240000,0.18250000,0.18220000,0.18250000
2013-07-29,0.18250000,0.18250000,0.18179999,0.18210000
2013-07-30,0.18200000,0.18200000,0.18160000,0.18189999
2013-07-31,0.18189999,0.18200000,0.18140000,0.18170001
2013-08-01,0.18160000,0.18170001,0.18140000,0.18150000
2013-08-02,0.18150000,0.18150000,0.18110000,0.18130000
2013-08-05,0.18130000,0.18130000,0.18110000,0.18110000
2013-08-06,0.18110000,0.18120000,0.18080001,0.18089999
2013-08-07,0.18080001,0.18089999,0.18070000,0.18089999
2013-08-08,0.18060000,0.18080001,0.18040000,0.18050000
2013-08-09,0.18050000,0.18050000,0.18030000,0.18050000
2013-08-12,0.18040000,0.18040000,0.18009999,0.18020000
2013-08-13,0.17990001,0.18009999,0.17980000,0.17980000
2013-08-14,0.17980000,0.17980000,0.17950000,0.17970000
2013-08-15,0.17940000,0.17970000,0.17900001,0.17919999
2013-08-16,0.17919999,0.17930000,0.17880000,0.17890000
2013-08-19,0.17880000,0.17890000,0.17880000,0.17890000
2013-08-20,0.17880000,0.17880000,0.17860000,0.17870000
2013-08-21,0.17870000,0.17880000,0.17839999,0.17850000
2013-08-22,0.17829999,0.17829999,0.17810000,0.17820001
2013-08-23,0.17810000,0.17810000,0.17780000,0.17790000
2013-08-26,0.17780000,0.17780000,0.17749999,0.17760000
2013-08-27,0.17760000,0.17760000,0.17710000,0.17720000
2013-08-28,0.17700000,0.17730001,0.17690000,0.17700000
2013-08-29,0.17700000,0.17700000,0.17659999,0.17670000
2013-08-30,0.17640001,0.17670000,0.17630000,0.17640001
2013-09-02,0.17630000,0.17640001,0.17610000,0.17630000
2013-09-03,0.17630000,0.17640001,0.17560001,0.17580000
2013-09-04,0.17569999,0.17569999,0.17530000,0.17540000
2013-09-05,0.17540000,0.17540000,0.17510000,0.17540000
2013-09-06,0.17530000,0.17540000,0.17530000,0.17540000
2013-09-09,0.17540000,0.17540000,0.17520000,0.17540000
2013-09-10,0.17530000,0.17530000,0.17500000,0.17510000
2013-09-11,0.17510000,0.17510000,0.17470001,0.17479999
2013-09-12,0.17479999,0.17490000,0.17470001,0.17479999
2013-09-13,0.17479999,0.17490000,0.17460001,0.17460001
2013-09-16,0.17440000,0.17460001,0.17440000,0.17440000
2013-09-17,0.17430000,0.17450000,0.17410000,0.17410000
2013-09-18,0.17399999,0.17420000,0.17380001,0.17389999
2013-09-19,0.17389999,0.17389999,0.17350000,0.17380001
2013-09-20,0.17350000,0.17360000,0.17350000,0.17360000
2013-09-23,0.17360000,0.17360000,0.17299999,0.17330000
2013-09-24,0.17309999,0.17330000,0.17309999,0.17320000
2013-09-25,0.17320000,0.17330000,0.17320000,0.17330000
2013-09-26,0.17309999,0.17330000,0.17280000,0.17299999
2013-09-27,0.17299999,0.17299999,0.17260000,0.17260000
2013-09-30,0.17270000,0.17280000,0.17260000,0.17270000
2013-10-01,0.17260000,0.17270000,0.17230000,0.17240000
2013-10-02,0.17240000,0.17240000,0.17219999,0.17240000
2013-10-03,0.17209999,0.17240000,0.17190000,0.17200001
2013-10-04,0.17200001,0.17219999,0.17180000,0.17200001
2013-10-07,0.17200001,0.17200001,0.17170000,0.17190000
2013-10-08,0.17160000,0.17180000,0.17160000,0.17180000
2013-10-09,0.17170000,0.17180000,0.17160000,0.17180000
2013-10-10,0.17170000,0.17170000,0.17150000,0.17160000
2013-10-11,0.17150000,0.17150000,0.17140000,0.17150000
2013-10-14,0.17140000,0.17140000,0.17140000,0.17140000
2013-10-15,0.17120001,0.17140000,0.17120001,0.17129999
2013-10-16,0.17110001,0.17120001,0.17110001,0.17120001
2013-10-17,0.17100000,0.17120001,0.17080000,0.17090000
2013-10-18,0.17090000,0.17090000,0.17070000,0.17090000
2013-10-21,0.17090000,0.17090000,0.17080000,0.17090000
2013-10-22,0.17090000,0.17090000,0.17090000,0.17090000
2013-10-23,0.17060000,0.17060000,0.17050000,0.17060000
2013-10-24,0.17039999,0.17050000,0.17039999,0.17039999
2013-10-25,0.17039999,0.17039999,0.16990000,0.17000000
2013-10-28,0.17000000,0.17010000,0.16960000,0.16980000
2013-10-29,0.16960000,0.16990000,0.16960000,0.16980000
2013-10-30,0.16960000,0.16960000,0.16920000,0.16940001
2013-10-31,0.16930000,0.16940001,0.16910000,0.16930000
2013-11-01,0.16890000,0.16910000,0.16859999,0.16859999
2013-11-04,0.16840000,0.16850001,0.16820000,0.16830000
2013-11-05,0.16810000,0.16830000,0.16779999,0.16790000
2013-11-06,0.16790000,0.16790000,0.16790000,0.16790000
2013-11-07,0.16790000,0.16890000,0.16779999,0.16830000
2013-11-08,0.16820000,0.16820000,0.16750000,0.16760001
2013-11-11,0.16740000,0.16740000,0.16740000,0.16740000
2013-11-12,0.16730000,0.16750000,0.16730000,0.16750000
2013-11-13,0.16740000,0.16740000,0.16720000,0.16730000
2013-11-14,0.16730000,0.16730000,0.16689999,0.16700000
2013-11-15,0.16700000,0.16700000,0.16680001,0.16680001
2013-11-18,0.16680001,0.16680001,0.16650000,0.16660000
2013-11-19,0.16650000,0.16660000,0.16540000,0.16570000
2013-11-20,0.16550000,0.16560000,0.16509999,0.16540000
2013-11-21,0.16520000,0.16530000,0.16490000,0.16509999
2013-11-22,0.16490000,0.16509999,0.16440000,0.16440000
2013-11-25,0.16440000,0.16440000,0.16429999,0.16440000
2013-11-26,0.16440000,0.16440000,0.16400000,0.16410001
2013-11-27,0.16410001,0.16410001,0.16350000,0.16370000
2013-11-28,0.16339999,0.16339999,0.16329999,0.16329999
2013-11-29,0.16290000,0.16310000,0.16280000,0.16280000
2013-12-02,0.16280000,0.16280000,0.16230001,0.16240001
2013-12-03,0.16240001,0.16240001,0.16170000,0.16180000
2013-12-04,0.16130000,0.16140001,0.16130000,0.16140001
2013-12-05,0.16120000,0.16120000,0.16050000,0.16069999
2013-12-06,0.16050000,0.16050000,0.16000000,0.16030000
2013-12-09,0.16020000,0.16030000,0.16000000,0.16000000
2013-12-10,0.16000000,0.16010000,0.15960000,0.15970001
2013-12-11,0.15940000,0.15950000,0.15920000,0.15930000
2013-12-12,0.15930000,0.15930000,0.15910000,0.15930000
2013-12-13,0.15920000,0.15920000,0.15889999,0.15899999
2013-12-16,0.15899999,0.15899999,0.15830000,0.15840000
2013-12-17,0.15840000,0.15850000,0.15790001,0.15800001
2013-12-18,0.15790001,0.15800001,0.15670000,0.15680000
2013-12-19,0.15680000,0.15680000,0.15620001,0.15629999
2013-12-20,0.15629999,0.15629999,0.15549999,0.15570000
2013-12-23,0.15560000,0.15560000,0.15510000,0.15520000
2013-12-24,0.15520000,0.15520000,0.15520000,0.15520000
2013-12-25,0.15520000,0.15520000,0.15520000,0.15520000
2013-12-26,0.15530001,0.15530001,0.15420000,0.15449999
2013-12-27,0.15440001,0.15449999,0.15390000,0.15400000
2013-12-30,0.15400000,0.15400000,0.15310000,0.15340000
2013-12-31,0.15340000,0.15340000,0.15330000,0.15340000
2014-01-01,0.15340000,0.15340000,0.15340000,0.15340000
2014-01-02,0.15330000,0.15330000,0.15260001,0.15279999
2014-01-03,0.15279999,0.15279999,0.15240000,0.15260001
2014-01-06,0.15250000,0.15250000,0.15150000,0.15170000
2014-01-07,0.15160000,0.15170000,0.15150000,0.15160000
2014-01-08,0.15140000,0.15150000,0.15140000,0.15140000
2014-01-09,0.15140000,0.15150000,0.15080000,0.15099999
2014-01-10,0.15090001,0.15090001,0.15000001,0.15019999
2014-01-13,0.15019999,0.15019999,0.14929999,0.14940000
2014-01-14,0.14940000,0.14950000,0.14900000,0.14910001
2014-01-15,0.14910001,0.14910001,0.14890000,0.14910001
2014-01-16,0.14910001,0.14920001,0.14740001,0.14770000
2014-01-17,0.14760000,0.14770000,0.14640000,0.14720000
2014-01-20,0.14710000,0.14710000,0.14630000,0.14650001
2014-01-21,0.14630000,0.14640000,0.14410000,0.14520000
2014-01-22,0.14510000,0.14520000,0.14420000,0.14420000
2014-01-23,0.13970000,0.14000000,0.12050000,0.12660000
2014-01-24,0.125,0.12590000,0.12240000,0.12510000
2014-01-27,0.12480000,0.12510000,0.12350000,0.12510000
2014-01-28,0.12510000,0.12510000,0.12450000,0.12470000
2014-01-29,0.12450000,0.125,0.12420000,0.125
2014-01-30,0.125,0.125,0.12450000,0.12490000
2014-01-31,0.12480000,0.125,0.12440000,0.12470000
2014-02-03,0.12470000,0.12490000,0.12350000,0.12480000
2014-02-04,0.12470000,0.125,0.12440000,0.12490000
2014-02-05,0.12490000,0.12700000,0.12480000,0.12660000
2014-02-06,0.12650000,0.12700000,0.12639999,0.12700000
2014-02-07,0.12690000,0.12760000,0.12690000,0.12750000
2014-02-10,0.12750000,0.12830000,0.12690000,0.12800001
2014-02-11,0.12800001,0.12809999,0.12770000,0.12790000
2014-02-12,0.12790000,0.12819999,0.12660000,0.12800001
2014-02-13,0.12800001,0.12830000,0.12790000,0.12800001
2014-02-14,0.12800001,0.12830000,0.12800001,0.12800001
2014-02-17,0.12800001,0.12890001,0.12800001,0.12890001
2014-02-18,0.12890001,0.12899999,0.12870000,0.12880000
2014-02-19,0.12870000,0.12880000,0.12819999,0.12850000
2014-02-20,0.12850000,0.12850000,0.12790000,0.12800001
2014-02-21,0.12790000,0.12790000,0.12729999,0.12750000
2014-02-24,0.12750000,0.12800001,0.12660000,0.12740000
2014-02-25,0.12729999,0.12740000,0.12690000,0.12710001
2014-02-26,0.12710001,0.12710001,0.12639999,0.12700000
2014-02-27,0.12670000,0.12700000,0.12639999,0.12680000
2014-02-28,0.12670000,0.12700000,0.12670000,0.12680000
2014-03-03,0.12680000,0.12700000,0.12680000,0.12680000
2014-03-04,0.12680000,0.12680000,0.12680000,0.12680000
2014-03-05,0.12680000,0.12690000,0.12660000,0.12680000
2014-03-06,0.12680000,0.12700000,0.12630001,0.12680000
2014-03-07,0.12680000,0.12720001,0.12670000,0.12720001
2014-03-10,0.12720001,0.12720001,0.12660000,0.12720001
2014-03-11,0.12720001,0.12729999,0.12670000,0.12710001
2014-03-12,0.12720001,0.12729999,0.12660000,0.12700000
2014-03-13,0.12690000,0.12700000,0.12660000,0.12700000
2014-03-14,0.12690000,0.12700000,0.12639999,0.12670000
2014-03-17,0.12670000,0.12670000,0.12610000,0.12630001
2014-03-18,0.12630001,0.12639999,0.12549999,0.12590000
2014-03-19,0.12580000,0.12610000,0.12560000,0.12580000
2014-03-20,0.12580000,0.12580000,0.12530001,0.12580000
2014-03-21,0.12580000,0.12580000,0.125,0.12549999
2014-03-24,0.12549999,0.12549999,0.12549999,0.12549999
2014-03-25,0.12549999,0.12549999,0.12480000,0.12490000
2014-03-26,0.12490000,0.125,0.12420000,0.125
2014-03-27,0.125,0.125,0.12440000,0.12490000
2014-03-28,0.12490000,0.125,0.12420000,0.125
2014-03-31,0.12490000,0.125,0.12420000,0.125
2014-04-01,0.125,0.125,0.12470000,0.125
2014-04-02,0.125,0.125,0.125,0.125
2014-04-03,0.125,0.125,0.12470000,0.125
2014-04-04,0.12490000,0.125,0.12490000,0.125
2014-04-07,0.12490000,0.125,0.12480000,0.125
2014-04-08,0.125,0.125,0.12490000,0.125
2014-04-09,0.125,0.125,0.12490000,0.125
2014-04-10,0.125,0.125,0.12480000,0.125
2014-04-11,0.125,0.125,0.12480000,0.125
2014-04-14,0.125,0.125,0.12480000,0.125
2014-04-15,0.125,0.125,0.12480000,0.125
2014-04-16,0.125,0.125,0.12490000,0.125
2014-04-17,0.125,0.125,0.12490000,0.125
2014-04-18,0.125,0.125,0.125,0.125
2014-04-21,0.12490000,0.125,0.12490000,0.125
2014-04-22,0.12490000,0.125,0.12490000,0.125
2014-04-23,0.125,0.125,0.12490000,0.125
2014-04-24,0.12490000,0.125,0.12490000,0.125
2014-04-25,0.125,0.125,0.12490000,0.125
2014-04-28,0.125,0.125,0.12490000,0.125
2014-04-29,0.12490000,0.125,0.12490000,0.125
2014-04-30,0.125,0.125,0.12490000,0.125
2014-05-01,0.125,0.125,0.12490000,0.125
2014-05-02,0.125,0.125,0.125,0.125
2014-05-05,0.125,0.125,0.12480000,0.125
2014-05-06,0.125,0.125,0.12490000,0.125
2014-05-07,0.125,0.125,0.12490000,0.125
2014-05-08,0.125,0.125,0.12490000,0.125
2014-05-09,0.12490000,0.125,0.12480000,0.125
2014-05-12,0.12490000,0.125,0.12480000,0.12480000
2014-05-13,0.12480000,0.12480000,0.12460000,0.12470000
2014-05-14,0.12470000,0.12480000,0.12440000,0.12470000
2014-05-15,0.12470000,0.12470000,0.12350000,0.12410000
2014-05-16,0.12400000,0.12420000,0.12370000,0.12400000
2014-05-19,0.12400000,0.12410000,0.12380000,0.12400000
2014-05-20,0.12400000,0.12410000,0.12390000,0.12410000
2014-05-21,0.12410000,0.12410000,0.12390000,0.12410000
2014-05-22,0.12400000,0.12400000,0.12400000,0.12400000
2014-05-23,0.12400000,0.12400000,0.12380000,0.12400000
2014-05-26,0.12400000,0.12400000,0.12400000,0.12400000
2014-05-27,0.12400000,0.12400000,0.12370000,0.12400000
2014-05-28,0.12400000,0.12400000,0.12370000,0.12380000
2014-05-29,0.12370000,0.12400000,0.12370000,0.12380000
2014-05-30,0.12360000,0.12380000,0.12360000,0.12370000
2014-06-02,0.12380000,0.12380000,0.12360000,0.12370000
2014-06-03,0.12370000,0.12370000,0.12350000,0.12350000
2014-06-04,0.12360000,0.12360000,0.12320000,0.12340000
2014-06-05,0.12330000,0.12350000,0.12300000,0.12320000
2014-06-06,0.12310000,0.12310000,0.12280000,0.12280000
2014-06-09,0.12280000,0.12300000,0.12280000,0.12300000
2014-06-10,0.12300000,0.12300000,0.12290000,0.12300000
2014-06-11,0.12290000,0.12300000,0.12270000,0.12300000
2014-06-12,0.12300000,0.12300000,0.12280000,0.12300000
2014-06-13,0.12300000,0.12300000,0.12280000,0.12300000
2014-06-16,0.12300000,0.12310000,0.12250000,0.12300000
2014-06-17,0.12300000,0.12300000,0.12280000,0.12300000
2014-06-18,0.12300000,0.12300000,0.12270000,0.12300000
2014-06-19,0.12300000,0.12300000,0.12270000,0.12300000
2014-06-20,0.12300000,0.12300000,0.12300000,0.12300000
2014-06-23,0.12300000,0.12300000,0.12280000,0.12300000
2014-06-24,0.12290000,0.12300000,0.12280000,0.12300000
2014-06-25,0.12290000,0.12300000,0.12270000,0.12300000
2014-06-26,0.12290000,0.12300000,0.12290000,0.12300000
2014-06-27,0.12300000,0.12300000,0.12290000,0.12300000
2014-06-30,0.12300000,0.12300000,0.12290000,0.12300000
2014-07-01,0.12300000,0.12300000,0.12280000,0.12300000
2014-07-02,0.12300000,0.12300000,0.12280000,0.12290000
2014-07-03,0.12290000,0.12290000,0.12260000,0.12290000
2014-07-04,0.12280000,0.12290000,0.12280000,0.12290000
2014-07-07,0.12290000,0.12290000,0.12260000,0.12290000
2014-07-08,0.12280000,0.12290000,0.12250000,0.12290000
2014-07-09,0.12280000,0.12290000,0.12280000,0.12290000
2014-07-10,0.12280000,0.12290000,0.12030000,0.12290000
2014-07-11,0.12280000,0.12290000,0.12250000,0.12270000
2014-07-14,0.12260000,0.12270000,0.12250000,0.12270000
2014-07-15,0.12270000,0.12270000,0.12250000,0.12270000
2014-07-16,0.12270000,0.12270000,0.12250000,0.12270000
2014-07-17,0.12270000,0.12270000,0.12240000,0.12270000
2014-07-18,0.12270000,0.12270000,0.12250000,0.12270000
2014-07-21,0.12270000,0.12270000,0.12240000,0.12250000
2014-07-22,0.12250000,0.12260000,0.12220000,0.12240000
2014-07-23,0.12240000,0.12250000,0.12230000,0.12240000
2014-07-24,0.12240000,0.12240000,0.12230000,0.12240000
2014-07-25,0.12240000,0.12240000,0.12220000,0.12240000
2014-07-28,0.12240000,0.12250000,0.12210000,0.12220000
2014-07-29,0.12240000,0.12240000,0.12200000,0.12220000
2014-07-30,0.12220000,0.12220000,0.12190000,0.12220000
2014-07-31,0.12220000,0.12220000,0.12170000,0.12170000
2014-08-01,0.12170000,0.12170000,0.12140000,0.12150000
2014-08-04,0.12140000,0.12150000,0.12100000,0.12100000
2014-08-05,0.12100000,0.12120000,0.12070000,0.12100000
2014-08-06,0.12100000,0.12100000,0.12080000,0.12100000
2014-08-07,0.12100000,0.12100000,0.12070000,0.12100000
2014-08-08,0.12100000,0.12100000,0.12080000,0.12100000
2014-08-11,0.12090000,0.12100000,0.12080000,0.12100000
2014-08-12,0.12100000,0.12100000,0.12080000,0.12100000
2014-08-13,0.12100000,0.12100000,0.12080000,0.12090000
2014-08-14,0.12090000,0.12090000,0.12070000,0.12080000
2014-08-15,0.12080000,0.12080000,0.12070000,0.12080000
2014-08-18,0.12080000,0.12080000,0.12080000,0.12080000
2014-08-19,0.12080000,0.12080000,0.12060000,0.12070000
2014-08-20,0.12070000,0.12070000,0.11980000,0.12020000
2014-08-21,0.12020000,0.12020000,0.11910000,0.11920000
2014-08-22,0.11910000,0.11920000,0.11850000,0.11920000
2014-08-25,0.11910000,0.11920000,0.11820000,0.11920000
2014-08-26,0.11910000,0.11920000,0.11870000,0.11920000
2014-08-27,0.11910000,0.11910000,0.11880000,0.11900000
2014-08-28,0.11900000,0.11900000,0.11880000,0.11900000
2014-08-29,0.11890000,0.11900000,0.11880000,0.11900000
2014-09-01,0.11910000,0.11910000,0.11890000,0.11900000
2014-09-02,0.11890000,0.11900000,0.11880000,0.11900000
2014-09-03,0.11900000,0.11900000,0.11880000,0.11880000
2014-09-04,0.11880000,0.11900000,0.11880000,0.11900000
2014-09-05,0.11900000,0.11900000,0.11860000,0.11880000
2014-09-08,0.11880000,0.11900000,0.11860000,0.11900000
2014-09-09,0.11890000,0.11900000,0.11850000,0.11900000
2014-09-10,0.11900000,0.11900000,0.11880000,0.11900000
2014-09-11,0.11900000,0.11900000,0.11830000,0.11900000
2014-09-12,0.11900000,0.11900000,0.11880000,0.11900000
2014-09-15,0.11900000,0.11900000,0.11880000,0.11900000
2014-09-16,0.11900000,0.11900000,0.11880000,0.11900000
2014-09-17,0.11900000,0.11900000,0.11880000,0.11900000
2014-09-18,0.11880000,0.11900000,0.11810000,0.11900000
2014-09-19,0.11900000,0.11900000,0.11840000,0.11870000
2014-09-22,0.11870000,0.11890000,0.11850000,0.11870000
2014-09-23,0.11870000,0.11870000,0.11830000,0.11870000
2014-09-24,0.11870000,0.11890000,0.11830000,0.11870000
2014-09-25,0.11890000,0.11900000,0.11860000,0.11870000
2014-09-26,0.11880000,0.11890000,0.11830000,0.11840000
2014-09-29,0.11830000,0.11830000,0.11750000,0.11790000
2014-09-30,0.11790000,0.11870000,0.11760000,0.11850000
2014-10-01,0.11860000,0.11870000,0.11790000,0.11840000
2014-10-02,0.11830000,0.11850000,0.11820000,0.11850000
2014-10-03,0.11850000,0.11850000,0.11790000,0.11840000
2014-10-06,0.11840000,0.11840000,0.11760000,0.11800000
2014-10-07,0.11800000,0.11830000,0.11780000,0.11830000
2014-10-08,0.11760000,0.11830000,0.11760000,0.11820000
2014-10-09,0.11820000,0.11820000,0.11760000,0.11800000
2014-10-10,0.11800000,0.11810000,0.11760000,0.11800000
2014-10-13,0.11800000,0.11800000,0.11800000,0.11800000
2014-10-14,0.11800000,0.11800000,0.11770000,0.11800000
2014-10-15,0.11800000,0.11800000,0.11770000,0.11800000
2014-10-16,0.11800000,0.11800000,0.11780000,0.11800000
2014-10-17,0.11800000,0.11800000,0.11780000,0.11800000
2014-10-20,0.11800000,0.11800000,0.11780000,0.11800000
2014-10-21,0.11800000,0.11800000,0.11760000,0.11780000
2014-10-22,0.11780000,0.11780000,0.11760000,0.11780000
2014-10-23,0.11780000,0.11790000,0.11760000,0.11790000
2014-10-24,0.11780000,0.11790000,0.11760000,0.11790000
2014-10-27,0.11780000,0.11790000,0.11760000,0.11770000
2014-10-28,0.11770000,0.11770000,0.11760000,0.11760000
2014-10-29,0.11760000,0.11770000,0.11750000,0.11770000
2014-10-30,0.11750000,0.11770000,0.11750000,0.11770000
2014-10-31,0.11750000,0.11760000,0.11750000,0.11760000
2014-11-03,0.11760000,0.11770000,0.11740000,0.11750000
2014-11-04,0.11750000,0.11760000,0.11740000,0.11760000
2014-11-05,0.11750000,0.11760000,0.11740000,0.11760000
2014-11-06,0.11760000,0.11760000,0.11750000,0.11760000
2014-11-07,0.11760000,0.11760000,0.11750000,0.11750000
2014-11-10,0.11750000,0.11750000,0.11740000,0.11750000
2014-11-11,0.11750000,0.11750000,0.11740000,0.11750000
2014-11-12,0.11750000,0.11750000,0.11730000,0.11750000
2014-11-13,0.11750000,0.11750000,0.11740000,0.11750000
2014-11-14,0.11740000,0.11750000,0.11740000,0.11750000
2014-11-17,0.11750000,0.11750000,0.11740000,0.11750000
2014-11-18,0.11740000,0.11750000,0.11740000,0.11750000
2014-11-19,0.11740000,0.11740000,0.11740000,0.11740000
2014-11-20,0.11740000,0.11740000,0.11740000,0.11740000
2014-11-21,0.11740000,0.11740000,0.11740000,0.11740000
2014-11-24,0.11740000,0.11740000,0.11740000,0.11740000
2014-11-25,0.11740000,0.11740000,0.11730000,0.11740000
2014-11-26,0.11740000,0.11740000,0.11720000,0.11740000
2014-11-27,0.11730000,0.11740000,0.11730000,0.11740000
2014-11-28,0.11730000,0.11740000,0.11720000,0.11720000
2014-12-01,0.11720000,0.11730000,0.11720000,0.11720000
2014-12-02,0.11720000,0.11720000,0.11710000,0.11720000
2014-12-03,0.11720000,0.11720000,0.11700000,0.11710000
2014-12-04,0.11700000,0.11710000,0.11700000,0.11700000
2014-12-05,0.11700000,0.11710000,0.11680000,0.11710000
2014-12-08,0.11700000,0.11710000,0.11700000,0.11710000
2014-12-09,0.11700000,0.11700000,0.11680000,0.11690000
2014-12-10,0.11690000,0.11690000,0.11690000,0.11690000
2014-12-11,0.11690000,0.11700000,0.11690000,0.11690000
2014-12-12,0.11690000,0.11690000,0.11690000,0.11690000
2014-12-15,0.11690000,0.11690000,0.11690000,0.11690000
2014-12-16,0.11690000,0.11690000,0.11690000,0.11690000
2014-12-17,0.11690000,0.11690000,0.11690000,0.11690000
2014-12-18,0.11680000,0.11690000,0.11680000,0.11690000
2014-12-19,0.11690000,0.11690000,0.11690000,0.11690000
2014-12-22,0.11690000,0.11690000,0.11690000,0.11690000
2014-12-23,0.11690000,0.11690000,0.11690000,0.11690000
2014-12-24,0.11680000,0.11690000,0.11680000,0.11690000
2014-12-25,0.11690000,0.11690000,0.11690000,0.11690000
2014-12-26,0.11690000,0.11690000,0.11690000,0.11690000
2014-12-29,0.11690000,0.11690000,0.11690000,0.11690000
2014-12-30,0.11690000,0.11930000,0.11580000,0.11820000
2014-12-31,0.11690000,0.11820000,0.11690000,0.11820000
2015-01-01,0.11680000,0.11690000,0.11680000,0.11690000
2015-01-02,0.11690000,0.11690000,0.11690000,0.11690000
2015-01-05,0.11680000,0.11690000,0.11680000,0.11690000
2015-01-06,0.11700000,0.11700000,0.11680000,0.11700000
2015-01-07,0.11660000,0.11670000,0.11640000,0.11670000
2015-01-08,0.11640000,0.11640000,0.11630000,0.11640000
2015-01-09,0.11640000,0.11640000,0.11630000,0.11640000
2015-01-12,0.11640000,0.11640000,0.11620000,0.11640000
2015-01-13,0.11640000,0.11640000,0.11630000,0.11640000
2015-01-14,0.11630000,0.11640000,0.11630000,0.11640000
2015-01-15,0.11630000,0.11630000,0.11620000,0.11630000
2015-01-16,0.11630000,0.11630000,0.11620000,0.11630000
2015-01-19,0.11630000,0.11630000,0.11620000,0.11620000
2015-01-20,0.11610000,0.11610000,0.11610000,0.11610000
2015-01-21,0.11610000,0.11610000,0.11600000,0.11610000
2015-01-22,0.11610000,0.11610000,0.11460000,0.11600000
2015-01-23,0.11600000,0.11620000,0.11590000,0.11600000
2015-01-26,0.11590000,0.11600000,0.11580000,0.11590000
2015-01-27,0.11590000,0.11590000,0.11580000,0.11590000
2015-01-28,0.11590000,0.11590000,0.11580000,0.11590000
2015-01-29,0.11590000,0.11590000,0.11580000,0.11590000
2015-01-30,0.11580000,0.11580000,0.11570000,0.11580000
2015-02-02,0.11580000,0.11580000,0.11550000,0.11560000
2015-02-03,0.11560000,0.11560000,0.11540000,0.11560000
2015-02-04,0.11560000,0.11560000,0.11540000,0.11560000
2015-02-05,0.11540000,0.11560000,0.11540000,0.11550000
2015-02-06,0.11560000,0.11560000,0.11540000,0.11550000
2015-02-09,0.11540000,0.11550000,0.11530000,0.11540000
2015-02-10,0.11540000,0.11540000,0.11530000,0.11540000
2015-02-11,0.11540000,0.11540000,0.11520000,0.11540000
2015-02-12,0.11530000,0.11530000,0.11520000,0.11530000
2015-02-13,0.11510000,0.11520000,0.11510000,0.11520000
2015-02-16,0.11520000,0.11520000,0.11520000,0.11520000
2015-02-17,0.11520000,0.11520000,0.11520000,0.11520000
2015-02-18,0.11520000,0.11520000,0.11500000,0.11500000
2015-02-19,0.11510000,0.11510000,0.11500000,0.11500000
2015-02-20,0.11490000,0.11500000,0.11490000,0.11490000
2015-02-23,0.11490000,0.11490000,0.11480000,0.11490000
2015-02-24,0.11470000,0.11490000,0.11470000,0.11470000
2015-02-25,0.11470000,0.11470000,0.11460000,0.11470000
2015-02-26,0.11460000,0.11470000,0.11460000,0.11460000
2015-02-27,0.11460000,0.11470000,0.11460000,0.11470000
2015-03-02,0.11470000,0.11470000,0.11450000,0.11450000
2015-03-03,0.11450000,0.11460000,0.11440000,0.11440000
2015-03-04,0.11440000,0.11450000,0.11440000,0.11440000
2015-03-05,0.11430000,0.11440000,0.11420000,0.11430000
2015-03-06,0.11420000,0.11430000,0.11420000,0.11430000
2015-03-09,0.11410000,0.11440000,0.11400000,0.11420000
2015-03-10,0.11410000,0.11420000,0.11390000,0.11400000
2015-03-11,0.11400000,0.11410000,0.11380000,0.11390000
2015-03-12,0.11390000,0.11410000,0.11380000,0.11390000
2015-03-13,0.11390000,0.11410000,0.11370000,0.11390000
2015-03-16,0.11380000,0.11390000,0.11330000,0.11390000
2015-03-17,0.11380000,0.11390000,0.11370000,0.11380000
2015-03-18,0.11380000,0.11390000,0.11360000,0.11370000
2015-03-19,0.11370000,0.11390000,0.11360000,0.11370000
2015-03-20,0.11370000,0.11380000,0.11360000,0.11370000
2015-03-23,0.11360000,0.11390000,0.11360000,0.11390000
2015-03-24,0.11390000,0.11400000,0.11370000,0.11390000
2015-03-25,0.11390000,0.11390000,0.11350000,0.11370000
2015-03-26,0.11360000,0.11370000,0.11340000,0.11360000
2015-03-27,0.11350000,0.11370000,0.11340000,0.11340000
2015-03-30,0.11340000,0.11360000,0.11330000,0.11340000
2015-03-31,0.11340000,0.11360000,0.11330000,0.11340000
2015-04-01,0.11340000,0.11350000,0.11320000,0.11330000
2015-04-02,0.11330000,0.11340000,0.11310000,0.11320000
2015-04-03,0.11320000,0.11320000,0.11310000,0.11320000
2015-04-06,0.11310000,0.11330000,0.11310000,0.11320000
2015-04-07,0.11310000,0.11320000,0.11300000,0.11310000
2015-04-08,0.11300000,0.11320000,0.11300000,0.11310000
2015-04-09,0.11300000,0.11320000,0.11300000,0.11310000
2015-04-10,0.11300000,0.11320000,0.11290000,0.11310000
2015-04-13,0.11300000,0.11320000,0.11280000,0.11290000
2015-04-14,0.11280000,0.11290000,0.11280000,0.11290000
2015-04-15,0.11280000,0.11290000,0.11270000,0.11270000
2015-04-16,0.11270000,0.11290000,0.11250000,0.11260000
2015-04-17,0.11250000,0.11280000,0.11250000,0.11270000
2015-04-20,0.11280000,0.11280000,0.11270000,0.11280000
2015-04-21,0.11280000,0.11280000,0.11270000,0.11270000
2015-04-22,0.11270000,0.11270000,0.11260000,0.11270000
2015-04-23,0.11250000,0.11270000,0.11230000,0.11240000
2015-04-24,0.11230000,0.11260000,0.11220000,0.11240000
2015-04-27,0.11220000,0.11260000,0.11220000,0.11220000
2015-04-28,0.11220000,0.11260000,0.11210000,0.11220000
2015-04-29,0.11230000,0.11240000,0.11220000,0.11240000
2015-04-30,0.11230000,0.11240000,0.11200000,0.11210000
2015-05-01,0.11210000,0.11210000,0.11210000,0.11210000
2015-05-04,0.11210000,0.11230000,0.11210000,0.11230000
2015-05-05,0.11210000,0.11230000,0.11210000,0.11230000
2015-05-06,0.11230000,0.11240000,0.11180000,0.11190000
2015-05-07,0.11180000,0.11210000,0.11180000,0.11210000
2015-05-08,0.11200000,0.11220000,0.11180000,0.11190000
2015-05-11,0.11190000,0.11210000,0.11180000,0.11190000
2015-05-12,0.11180000,0.11210000,0.11180000,0.11190000
2015-05-13,0.11190000,0.11210000,0.11170000,0.11170000
2015-05-14,0.11170000,0.11190000,0.11150000,0.11170000
2015-05-15,0.11170000,0.11190000,0.11160000,0.11170000
2015-05-18,0.11160000,0.11190000,0.11150000,0.11170000
2015-05-19,0.11170000,0.11190000,0.11160000,0.11190000
2015-05-20,0.11180000,0.11210000,0.11150000,0.11160000
2015-05-21,0.11150000,0.11160000,0.11140000,0.11140000
2015-05-22,0.11140000,0.11160000,0.11120000,0.11120000
2015-05-25,0.11120000,0.11160000,0.11100000,0.11110000
2015-05-26,0.11100000,0.11160000,0.11090000,0.11140000
2015-05-27,0.11140000,0.11160000,0.11120000,0.11140000
2015-05-28,0.11130000,0.11140000,0.11110000,0.11110000
2015-05-29,0.11110000,0.11140000,0.11100000,0.11110000
2015-06-01,0.11100000,0.11120000,0.11090000,0.11090000
2015-06-02,0.11090000,0.11120000,0.11090000,0.11110000
2015-06-03,0.11100000,0.11110000,0.11090000,0.11110000
2015-06-04,0.11100000,0.11110000,0.11080000,0.11090000
2015-06-05,0.11080000,0.11100000,0.11070000,0.11070000
2015-06-08,0.11070000,0.11090000,0.11040000,0.11080000
2015-06-09,0.11070000,0.11090000,0.11070000,0.11080000
2015-06-10,0.11070000,0.11090000,0.11060000,0.11070000
2015-06-11,0.11070000,0.11080000,0.11060000,0.11080000
2015-06-12,0.11070000,0.11080000,0.11050000,0.11060000
2015-06-15,0.11060000,0.11080000,0.11040000,0.11060000
2015-06-16,0.11060000,0.11080000,0.11030000,0.11040000
2015-06-17,0.11030000,0.11060000,0.11020000,0.11020000
2015-06-18,0.11020000,0.11060000,0.11010000,0.11040000
2015-06-19,0.11040000,0.11050000,0.10970000,0.10980000
2015-06-22,0.10990000,0.11040000,0.10990000,0.11040000
2015-06-23,0.11040000,0.11040000,0.11030000,0.11040000
2015-06-24,0.11040000,0.11040000,0.11020000,0.11030000
2015-06-25,0.11020000,0.11040000,0.11000000,0.11010000
2015-06-26,0.11000000,0.11030000,0.10990000,0.11000000
2015-06-29,0.10990000,0.11040000,0.10980000,0.11010000
2015-06-30,0.11000000,0.11010000,0.10980000,0.10990000
2015-07-01,0.10990000,0.11010000,0.10980000,0.10990000
2015-07-02,0.10990000,0.11010000,0.10980000,0.10990000
2015-07-03,0.10980000,0.11010000,0.10970000,0.10990000
2015-07-06,0.10980000,0.10990000,0.10960000,0.10960000
2015-07-07,0.10970000,0.11010000,0.10960000,0.10990000
2015-07-08,0.10980000,0.10990000,0.10960000,0.10970000
2015-07-09,0.10970000,0.11000000,0.10960000,0.10960000
2015-07-10,0.10960000,0.10980000,0.10940000,0.10940000
2015-07-13,0.10950000,0.10960000,0.10920000,0.10960000
2015-07-14,0.10950000,0.10960000,0.10950000,0.10950000
2015-07-15,0.10950000,0.10950000,0.10940000,0.10950000
2015-07-16,0.10950000,0.10950000,0.10940000,0.10950000
2015-07-17,0.10950000,0.10980000,0.10920000,0.10960000
2015-07-20,0.10960000,0.10960000,0.10910000,0.10910000
2015-07-21,0.10900000,0.10940000,0.10890000,0.10890000
2015-07-22,0.10890000,0.10920000,0.10890000,0.10910000
2015-07-23,0.10910000,0.10930000,0.10890000,0.10890000
2015-07-24,0.10900000,0.10910000,0.10890000,0.10890000
2015-07-27,0.10880000,0.10910000,0.10870000,0.10880000
2015-07-28,0.10880000,0.10910000,0.10870000,0.10910000
2015-07-29,0.10900000,0.10910000,0.10880000,0.10890000
2015-07-30,0.10890000,0.10900000,0.10870000,0.10870000
2015-07-31,0.10870000,0.10890000,0.10860000,0.10870000
2015-08-03,0.10870000,0.10890000,0.10850000,0.10860000
2015-08-04,0.10860000,0.10880000,0.10850000,0.10860000
2015-08-05,0.10860000,0.10880000,0.10850000,0.10860000
2015-08-06,0.10850000,0.10860000,0.10850000,0.10860000
2015-08-07,0.10850000,0.10860000,0.10820000,0.10830000
2015-08-10,0.10830000,0.10860000,0.10820000,0.10840000
2015-08-11,0.10840000,0.10850000,0.10830000,0.10840000
2015-08-12,0.10840000,0.10840000,0.10820000,0.10830000
2015-08-13,0.10830000,0.10830000,0.10820000,0.10820000
2015-08-14,0.10820000,0.10830000,0.10790000,0.10820000
2015-08-17,0.10820000,0.10840000,0.10790000,0.10790000
2015-08-18,0.10790000,0.10840000,0.10780000,0.10810000
2015-08-19,0.10820000,0.10830000,0.10780000,0.10790000
2015-08-20,0.10790000,0.10810000,0.10780000,0.10800000
2015-08-21,0.10800000,0.10800000,0.10790000,0.10800000
2015-08-24,0.10790000,0.10810000,0.10780000,0.10790000
2015-08-25,0.10780000,0.10790000,0.10770000,0.10780000
2015-08-26,0.10780000,0.10790000,0.10760000,0.10780000
2015-08-27,0.10770000,0.10780000,0.10760000,0.10760000
2015-08-28,0.10760000,0.10780000,0.10750000,0.10760000
2015-08-31,0.10750000,0.10780000,0.10740000,0.10760000
2015-09-01,0.10750000,0.10760000,0.10730000,0.10740000
2015-09-02,0.10740000,0.10750000,0.10730000,0.10740000
2015-09-03,0.10740000,0.10740000,0.10730000,0.10730000
2015-09-04,0.10730000,0.10740000,0.10710000,0.10710000
2015-09-07,0.10720000,0.10760000,0.10710000,0.10740000
2015-09-08,0.10740000,0.10740000,0.10710000,0.10710000
2015-09-09,0.10710000,0.10730000,0.10690000,0.10710000
2015-09-10,0.10700000,0.10700000,0.10680000,0.10690000
2015-09-11,0.10680000,0.10710000,0.10670000,0.10690000
2015-09-14,0.10690000,0.10700000,0.10680000,0.10690000
2015-09-15,0.10680000,0.10690000,0.10670000,0.10680000
2015-09-16,0.10670000,0.10690000,0.10660000,0.10660000
2015-09-17,0.10660000,0.10690000,0.10660000,0.10660000
2015-09-18,0.10660000,0.10680000,0.10640000,0.10660000
2015-09-21,0.10630000,0.10660000,0.10620000,0.10640000
2015-09-22,0.10630000,0.10660000,0.10630000,0.10640000
2015-09-23,0.10640000,0.10660000,0.10630000,0.10640000
2015-09-24,0.10640000,0.10660000,0.10630000,0.10640000
2015-09-25,0.10640000,0.10660000,0.10620000,0.10630000
2015-09-28,0.10620000,0.10640000,0.10610000,0.10620000
2015-09-29,0.10620000,0.10640000,0.10610000,0.10610000
2015-09-30,0.10610000,0.10630000,0.10600000,0.10610000
2015-10-01,0.10610000,0.10620000,0.10600000,0.10610000
2015-10-02,0.10600000,0.10610000,0.10590000,0.10590000
2015-10-05,0.10600000,0.10620000,0.10580000,0.10590000
2015-10-06,0.10590000,0.10610000,0.10520000,0.10580000
2015-10-07,0.10570000,0.10610000,0.10570000,0.10580000
2015-10-08,0.10580000,0.10710000,0.10570000,0.10630000
2015-10-09,0.10620000,0.10720000,0.10570000,0.10580000
2015-10-12,0.10580000,0.10640000,0.10580000,0.10640000
2015-10-13,0.10640000,0.10660000,0.10550000,0.10560000
2015-10-14,0.10550000,0.10560000,0.10540000,0.10560000
2015-10-15,0.10570000,0.10580000,0.10540000,0.10540000
2015-10-16,0.10540000,0.10560000,0.10520000,0.10520000
2015-10-19,0.10520000,0.10550000,0.10520000,0.10530000
2015-10-20,0.10530000,0.10580000,0.10520000,0.10560000
2015-10-21,0.10560000,0.10580000,0.10510000,0.10510000
2015-10-22,0.10510000,0.10540000,0.10500000,0.10510000
2015-10-23,0.10510000,0.10520000,0.10500000,0.10510000
2015-10-26,0.10510000,0.10530000,0.10480000,0.10490000
2015-10-27,0.10490000,0.10520000,0.10480000,0.10510000
2015-10-28,0.10510000,0.10560000,0.10480000,0.10490000
2015-10-29,0.10490000,0.10510000,0.10470000,0.10510000
2015-10-30,0.10500000,0.10530000,0.10490000,0.10510000
2015-11-02,0.10500000,0.10530000,0.10460000,0.10480000
2015-11-03,0.10480000,0.10490000,0.10450000,0.10480000
2015-11-04,0.10470000,0.10490000,0.10440000,0.10480000
2015-11-05,0.10480000,0.10510000,0.10430000,0.10460000
2015-11-06,0.10460000,0.10640000,0.10440000,0.10630000
2015-11-09,0.10630000,0.10640000,0.10290000,0.10430000
2015-11-10,0.10440000,0.10460000,0.10400000,0.10430000
2015-11-11,0.10430000,0.10450000,0.10410000,0.10440000
2015-11-12,0.10430000,0.10460000,0.10390000,0.10410000
2015-11-13,0.10410000,0.10420000,0.10360000,0.10410000
2015-11-16,0.10400000,0.10410000,0.10340000,0.10390000
2015-11-17,0.10390000,0.10390000,0.10260000,0.10370000
2015-11-18,0.10370000,0.10400000,0.10360000,0.10380000
2015-11-19,0.10380000,0.10400000,0.10350000,0.10360000
2015-11-20,0.10360000,0.10380000,0.10340000,0.10380000
2015-11-23,0.10370000,0.10380000,0.10330000,0.10360000
2015-11-24,0.10370000,0.10380000,0.10330000,0.10350000
2015-11-25,0.10350000,0.10380000,0.10330000,0.10380000
2015-11-26,0.10340000,0.10360000,0.10300000,0.10330000
2015-11-27,0.10320000,0.10360000,0.10300000,0.10310000
2015-11-30,0.10310000,0.10350000,0.10290000,0.10350000
2015-12-01,0.10300000,0.10330000,0.10290000,0.10330000
2015-12-02,0.10320000,0.10340000,0.10290000,0.10330000
2015-12-03,0.10330000,0.10330000,0.10280000,0.10320000
2015-12-04,0.10290000,0.10330000,0.10250000,0.10290000
2015-12-07,0.10290000,0.10310000,0.10280000,0.10310000
2015-12-08,0.10300000,0.10320000,0.10290000,0.10310000
2015-12-09,0.10310000,0.10310000,0.10260000,0.10280000
2015-12-10,0.10280000,0.10300000,0.10250000,0.10260000
2015-12-11,0.10260000,0.10270000,0.10220000,0.10240000
2015-12-14,0.10240000,0.10260000,0.10210000,0.10230000
2015-12-15,0.10230000,0.10250000,0.10190000,0.10230000
2015-12-16,0.10220000,0.10230000,0.10170000,0.10180000
2015-12-17,0.10180000,0.10200000,0.071400002,0.075099997
2015-12-18,0.075099997,0.076099999,0.071900003,0.076099999
2015-12-21,0.076099999,0.078599997,0.075599998,0.078100003
2015-12-22,0.078100003,0.078199998,0.076300003,0.077299997
2015-12-23,0.077299997,0.077299997,0.075499997,0.077100001
2015-12-24,0.077100001,0.077100001,0.075599998,0.075599998
2015-12-25,0.075599998,0.075599998,0.075499997,0.075599998
2015-12-28,0.075599998,0.077200003,0.075499997,0.077200003
2015-12-29,0.077200003,0.077500001,0.076499999,0.077299997
2015-12-30,0.077299997,0.077399999,0.076399997,0.077100001
2015-12-31,0.077100001,0.077500001,0.076800004,0.077299997
2016-01-01,0.077299997,0.077399999,0.077299997,0.077399999
2016-01-04,0.076499999,0.077200003,0.074900001,0.075800002
2016-01-05,0.075800002,0.075900003,0.071699999,0.073299997
2016-01-06,0.073299997,0.073500000,0.071699999,0.072200000
2016-01-07,0.072200000,0.072300002,0.071199998,0.071999997
2016-01-08,0.071999997,0.072300002,0.071400002,0.072099999
2016-01-11,0.071999997,0.073100001,0.070900001,0.072999999
2016-01-12,0.072999999,0.074299999,0.072499998,0.074100003
2016-01-13,0.074100003,0.074199997,0.072999999,0.073899999
2016-01-14,0.073899999,0.075599998,0.073500000,0.075499997
2016-01-15,0.075499997,0.075499997,0.073500000,0.074500002
2016-01-18,0.074500002,0.074800000,0.071500003,0.073899999
2016-01-19,0.073899999,0.074600004,0.072999999,0.074199997
2016-01-20,0.074199997,0.074600004,0.073799998,0.074500002
2016-01-21,0.074500002,0.074800000,0.073299997,0.074000001
2016-01-22,0.074000001,0.074100003,0.072700001,0.072999999
2016-01-25,0.072999999,0.073200002,0.071900003,0.072700001
2016-01-26,0.072700001,0.073100001,0.071400002,0.072300002
2016-01-27,0.072300002,0.072600000,0.071400002,0.072300002
2016-01-28,0.072200000,0.072700001,0.071400002,0.072300002
2016-01-29,0.072300002,0.072499998,0.071400002,0.071999997
2016-02-01,0.071900003,0.071999997,0.070400000,0.070900001
2016-02-02,0.070900001,0.071099997,0.070400000,0.070799999
2016-02-03,0.070799999,0.071099997,0.070200004,0.070699997
2016-02-04,0.070699997,0.070900001,0.069899999,0.070600003
2016-02-05,0.070600003,0.070699997,0.069499999,0.069600001
2016-02-08,0.069600001,0.070100002,0.069499999,0.070100002
2016-02-09,0.069600001,0.069600001,0.069600001,0.069600001
2016-02-10,0.069600001,0.070100002,0.069600001,0.070100002
2016-02-11,0.068999998,0.069200002,0.068400003,0.068599999
2016-02-12,0.068599999,0.068599999,0.067599997,0.067599997
2016-02-15,0.067599997,0.067699999,0.067299999,0.067500003
2016-02-16,0.067500003,0.067699999,0.067199998,0.067500003
2016-02-17,0.067100003,0.067299999,0.066600002,0.067000002
2016-02-18,0.066799998,0.067000002,0.065800004,0.066500001
2016-02-19,0.066500001,0.066699997,0.066299997,0.066299997
2016-02-22,0.066299997,0.066399999,0.065399997,0.065499999
2016-02-23,0.065499999,0.066000000,0.064199999,0.065300003
2016-02-24,0.065200001,0.065700002,0.064300001,0.065099999
2016-02-25,0.064900003,0.065800004,0.064499997,0.064800002
2016-02-26,0.064900003,0.064999998,0.064599998,0.064599998
2016-02-29,0.064599998,0.064700000,0.063100003,0.063199997
2016-03-01,0.063199997,0.063299999,0.0625,0.063299999
2016-03-02,0.063299999,0.064000003,0.063299999,0.063900001
2016-03-03,0.063699998,0.066299997,0.063699998,0.065800004
2016-03-04,0.065700002,0.066000000,0.065099999,0.065800004
2016-03-07,0.065700002,0.065800004,0.064700000,0.064999998
2016-03-08,0.064900003,0.064900003,0.064499997,0.064700000
2016-03-09,0.064700000,0.065499999,0.064700000,0.064999998
2016-03-10,0.064999998,0.065200001,0.064700000,0.065200001
2016-03-11,0.065200001,0.067400001,0.064900003,0.067299999
2016-03-14,0.067199998,0.068499997,0.066699997,0.067599997
2016-03-15,0.067299999,0.068999998,0.067299999,0.068800002
2016-03-16,0.068899997,0.069300003,0.068000004,0.068499997
2016-03-17,0.068300001,0.068800002,0.066699997,0.067000002
2016-03-18,0.067599997,0.067800000,0.067100003,0.067599997
2016-03-21,0.067599997,0.069300003,0.067599997,0.069100000
2016-03-22,0.068999998,0.070799999,0.068999998,0.069499999
2016-03-23,0.069200002,0.069799997,0.068700001,0.068999998
2016-03-24,0.068899997,0.069100000,0.068899997,0.068999998
2016-03-25,0.068999998,0.068999998,0.068999998,0.068999998
2016-03-28,0.068999998,0.069100000,0.067299999,0.067500003
2016-03-29,0.066900000,0.068800002,0.066200003,0.068300001
2016-03-30,0.068300001,0.068800002,0.067599997,0.068499997
2016-03-31,0.068300001,0.068700001,0.067599997,0.068000004
2016-04-01,0.067800000,0.068599999,0.067299999,0.067599997
2016-04-04,0.067599997,0.068000004,0.067100003,0.067900002
2016-04-05,0.067800000,0.068300001,0.067699999,0.068099998
2016-04-06,0.068099998,0.068499997,0.067299999,0.068499997
2016-04-07,0.068400003,0.069300003,0.068099998,0.069100000
2016-04-08,0.069100000,0.069600001,0.068899997,0.069100000
2016-04-11,0.069100000,0.069100000,0.068700001,0.068800002
2016-04-12,0.068800002,0.069499999,0.068499997,0.068999998
2016-04-13,0.068499997,0.070100002,0.068499997,0.069499999
2016-04-14,0.069399998,0.070000000,0.069200002,0.069799997
2016-04-15,0.069700003,0.071500003,0.069600001,0.071300000
2016-04-18,0.071199998,0.071300000,0.069799997,0.070799999
2016-04-19,0.070699997,0.071099997,0.070200004,0.070600003
2016-04-20,0.070500001,0.070600003,0.069399998,0.069600001
2016-04-21,0.069700003,0.070100002,0.069300003,0.070100002
2016-04-22,0.068999998,0.070100002,0.068000004,0.069799997
2016-04-25,0.069700003,0.070000000,0.069300003,0.069799997
2016-04-26,0.069600001,0.070200004,0.069600001,0.069799997
2016-04-27,0.069700003,0.070500001,0.069700003,0.070400000
2016-04-28,0.069899999,0.070699997,0.069700003,0.069799997
2016-04-29,0.068999998,0.070299998,0.068999998,0.070000000
2016-05-02,0.070000000,0.070600003,0.068999998,0.070600003
2016-05-03,0.070500001,0.070500001,0.070299998,0.070400000
2016-05-04,0.070100002,0.070500001,0.070100002,0.070200004
2016-05-05,0.070100002,0.070299998,0.070100002,0.070299998
2016-05-06,0.069899999,0.070500001,0.069899999,0.070299998
2016-05-09,0.070200004,0.070500001,0.070000000,0.070299998
2016-05-10,0.070100002,0.070299998,0.070100002,0.070299998
2016-05-11,0.070200004,0.070400000,0.070200004,0.070400000
2016-05-12,0.069899999,0.070600003,0.069899999,0.070600003
2016-05-13,0.070400000,0.070799999,0.070400000,0.070600003
2016-05-16,0.070600003,0.070900001,0.070400000,0.070600003
2016-05-17,0.070400000,0.071000002,0.070400000,0.070799999
2016-05-18,0.070400000,0.071000002,0.070400000,0.070799999
2016-05-19,0.070699997,0.070900001,0.070699997,0.070900001
2016-05-20,0.070900001,0.071300000,0.070699997,0.071099997
2016-05-23,0.071000002,0.071500003,0.070900001,0.071400002
2016-05-24,0.071400002,0.071500003,0.071000002,0.071199998
2016-05-25,0.071199998,0.071300000,0.071099997,0.071199998
2016-05-26,0.071199998,0.071500003,0.071000002,0.071400002
2016-05-27,0.071400002,0.071900003,0.071199998,0.071900003
2016-05-30,0.071699999,0.071800001,0.071500003,0.071599998
2016-05-31,0.071500003,0.071599998,0.071199998,0.071599998
2016-06-01,0.071500003,0.072099999,0.071300000,0.071599998
2016-06-02,0.071400002,0.071999997,0.071400002,0.071900003
2016-06-03,0.071699999,0.072300002,0.071699999,0.071900003
2016-06-06,0.071800001,0.072800003,0.071800001,0.072600000
2016-06-07,0.072499998,0.072600000,0.072200000,0.072300002
2016-06-08,0.072300002,0.072700001,0.071699999,0.071999997
2016-06-09,0.071800001,0.072499998,0.071699999,0.072300002
2016-06-10,0.072099999,0.072499998,0.072099999,0.072499998
2016-06-13,0.072400004,0.072499998,0.071400002,0.072499998
2016-06-14,0.072400004,0.072800003,0.072400004,0.072800003
2016-06-15,0.072700001,0.072899997,0.072200000,0.072800003
2016-06-16,0.072700001,0.072800003,0.071699999,0.071900003
2016-06-17,0.071900003,0.071999997,0.071900003,0.071999997
2016-06-20,0.071900003,0.071999997,0.071900003,0.071999997
2016-06-21,0.071800001,0.072300002,0.071500003,0.071699999
2016-06-22,0.071599998,0.071599998,0.071000002,0.071099997
2016-06-23,0.070699997,0.070699997,0.068999998,0.069499999
2016-06-24,0.069200002,0.069499999,0.066900000,0.067000002
2016-06-27,0.067000002,0.067199998,0.065300003,0.065399997
2016-06-28,0.065300003,0.067199998,0.064599998,0.067100003
2016-06-29,0.066699997,0.067500003,0.066699997,0.066799998
2016-06-30,0.066799998,0.067199998,0.064499997,0.066500001
2016-07-01,0.066100001,0.066500001,0.065899998,0.066399999
2016-07-04,0.066299997,0.066699997,0.066200003,0.066600002
2016-07-05,0.066200003,0.067199998,0.066200003,0.067199998
2016-07-06,0.067100003,0.068099998,0.066900000,0.068000004
2016-07-07,0.067800000,0.068300001,0.067299999,0.068000004
2016-07-08,0.068000004,0.068000004,0.068000004,0.068000004
2016-07-11,0.068000004,0.068300001,0.067900002,0.068000004
2016-07-12,0.067900002,0.068800002,0.067900002,0.068700001
2016-07-13,0.068300001,0.068800002,0.068300001,0.068599999
2016-07-14,0.068499997,0.068800002,0.067599997,0.068000004
2016-07-15,0.067900002,0.068000004,0.066600002,0.067000002
2016-07-18,0.067000002,0.067100003,0.065800004,0.066000000
2016-07-19,0.065600000,0.066699997,0.065300003,0.066699997
2016-07-20,0.066200003,0.067100003,0.066200003,0.066399999
2016-07-21,0.066299997,0.066699997,0.066299997,0.066699997
2016-07-22,0.066600002,0.067299999,0.066399999,0.067100003
2016-07-25,0.067000002,0.067199998,0.066699997,0.066799998
2016-07-26,0.066699997,0.067199998,0.066500001,0.066900000
2016-07-27,0.066799998,0.066900000,0.066299997,0.066699997
2016-07-28,0.066299997,0.066799998,0.066299997,0.066500001
2016-07-29,0.066399999,0.066699997,0.066399999,0.066699997
2016-08-01,0.066600002,0.067100003,0.066399999,0.066799998
2016-08-02,0.066900000,0.067500003,0.066799998,0.067299999
2016-08-03,0.066799998,0.067699999,0.066699997,0.066900000
2016-08-04,0.067199998,0.067299999,0.066900000,0.067299999
2016-08-05,0.067199998,0.067599997,0.067199998,0.067500003
2016-08-08,0.067500003,0.068300001,0.067299999,0.068300001
2016-08-09,0.067599997,0.068300001,0.066699997,0.067599997
2016-08-10,0.067199998,0.068200000,0.067199998,0.068200000
2016-08-11,0.068099998,0.068499997,0.068000004,0.068099998
2016-08-12,0.068099998,0.068499997,0.067900002,0.068099998
2016-08-15,0.068200000,0.068300001,0.068099998,0.068200000
2016-08-16,0.068099998,0.068300001,0.068099998,0.068099998
2016-08-17,0.067900002,0.068200000,0.067599997,0.067699999
2016-08-18,0.067299999,0.067599997,0.066799998,0.067000002
2016-08-19,0.066699997,0.067199998,0.066699997,0.067000002
2016-08-22,0.066799998,0.067500003,0.066699997,0.067500003
2016-08-23,0.067299999,0.067500003,0.067000002,0.067500003
2016-08-24,0.067199998,0.067500003,0.067100003,0.067299999
2016-08-25,0.067299999,0.067299999,0.067000002,0.067299999
2016-08-26,0.067100003,0.067199998,0.066600002,0.066699997
2016-08-29,0.066600002,0.066699997,0.066200003,0.066299997
2016-08-30,0.066200003,0.066799998,0.065899998,0.066600002
2016-08-31,0.066600002,0.067199998,0.066600002,0.067000002
2016-09-01,0.066900000,0.067500003,0.066900000,0.067000002
2016-09-02,0.066900000,0.067299999,0.066699997,0.066799998
2016-09-05,0.066399999,0.066799998,0.066399999,0.066699997
2016-09-06,0.066600002,0.066900000,0.066299997,0.066600002
2016-09-07,0.066299997,0.066699997,0.066299997,0.066500001
2016-09-08,0.066399999,0.066500001,0.066299997,0.066299997
2016-09-09,0.066399999,0.066799998,0.066299997,0.066799998
2016-09-12,0.066799998,0.067000002,0.066500001,0.067000002
2016-09-13,0.066600002,0.067299999,0.066399999,0.066799998
2016-09-14,0.066399999,0.066699997,0.066399999,0.066500001
2016-09-15,0.066399999,0.066600002,0.066299997,0.066399999
2016-09-16,0.066000000,0.066500001,0.066000000,0.066100001
2016-09-19,0.066000000,0.066200003,0.065899998,0.066000000
2016-09-20,0.065899998,0.066200003,0.065700002,0.066000000
2016-09-21,0.066000000,0.066200003,0.066000000,0.066000000
2016-09-22,0.066000000,0.066200003,0.065899998,0.066000000
2016-09-23,0.066000000,0.066000000,0.065800004,0.066000000
2016-09-26,0.066000000,0.066000000,0.065499999,0.065700002
2016-09-27,0.065399997,0.065499999,0.065399997,0.065499999
2016-09-28,0.065399997,0.065399997,0.064499997,0.065099999
2016-09-29,0.065099999,0.065200001,0.064800002,0.064999998
2016-09-30,0.065099999,0.065700002,0.064900003,0.065099999
2016-10-03,0.065200001,0.066000000,0.065099999,0.065800004
2016-10-04,0.065399997,0.066000000,0.065399997,0.066000000
2016-10-05,0.065600000,0.066000000,0.065499999,0.065800004
2016-10-06,0.065800004,0.065800004,0.065399997,0.065800004
2016-10-07,0.065600000,0.065800004,0.065600000,0.065800004
2016-10-10,0.065800004,0.065800004,0.065800004,0.065800004
2016-10-11,0.065600000,0.066000000,0.065600000,0.065899998
2016-10-12,0.065700002,0.066500001,0.065399997,0.066299997
2016-10-13,0.066200003,0.066299997,0.065899998,0.066200003
2016-10-14,0.066100001,0.066299997,0.065399997,0.066000000
2016-10-17,0.065600000,0.065800004,0.065399997,0.065800004
2016-10-18,0.065700002,0.065899998,0.065700002,0.065800004
2016-10-19,0.065700002,0.065899998,0.065600000,0.065899998
2016-10-20,0.065700002,0.066000000,0.065600000,0.065800004
2016-10-21,0.065899998,0.066299997,0.065800004,0.066000000
2016-10-24,0.065800004,0.066500001,0.065800004,0.066000000
2016-10-25,0.066000000,0.066000000,0.065600000,0.065700002
2016-10-26,0.065399997,0.065899998,0.065399997,0.065800004
2016-10-27,0.065700002,0.065899998,0.065700002,0.065899998
2016-10-28,0.065800004,0.065899998,0.065700002,0.065899998
2016-10-31,0.065800004,0.066200003,0.065700002,0.065899998
2016-11-01,0.065899998,0.066399999,0.065899998,0.066399999
2016-11-02,0.066100001,0.066799998,0.066000000,0.066200003
2016-11-03,0.066000000,0.066399999,0.065800004,0.066399999
2016-11-04,0.066000000,0.066500001,0.065800004,0.066299997
2016-11-07,0.066200003,0.066699997,0.066000000,0.066299997
2016-11-08,0.066200003,0.067199998,0.066200003,0.066900000
2016-11-09,0.066200003,0.067199998,0.066100001,0.066900000
2016-11-10,0.066399999,0.067100003,0.065800004,0.066500001
2016-11-11,0.066000000,0.066500001,0.065099999,0.065399997
2016-11-14,0.064599998,0.064800002,0.063699998,0.064099997
2016-11-15,0.063699998,0.064599998,0.063699998,0.064599998
2016-11-16,0.064099997,0.064599998,0.064000003,0.064499997
2016-11-17,0.064300001,0.064800002,0.064300001,0.064499997
2016-11-18,0.064499997,0.064800002,0.064400002,0.064499997
2016-11-21,0.064400002,0.065099999,0.064400002,0.064999998
2016-11-22,0.064700000,0.065099999,0.064599998,0.064800002
2016-11-23,0.064400002,0.064499997,0.064099997,0.064300001
2016-11-24,0.064300001,0.064400002,0.064300001,0.064400002
2016-11-25,0.064099997,0.064499997,0.064099997,0.064400002
2016-11-28,0.064300001,0.064499997,0.064300001,0.064499997
2016-11-29,0.064499997,0.064499997,0.063400000,0.063800000
2016-11-30,0.063500002,0.063500002,0.062100001,0.063000001
2016-12-01,0.062899999,0.063299999,0.0625,0.063299999
2016-12-02,0.062899999,0.063100003,0.062700003,0.062799998
2016-12-05,0.062700003,0.063000001,0.0625,0.063000001
2016-12-06,0.063100003,0.063100003,0.062799998,0.062899999
2016-12-07,0.062799998,0.062799998,0.062300000,0.0625
2016-12-08,0.0625,0.0625,0.0625,0.0625
2016-12-09,0.0625,0.0625,0.0625,0.0625
2016-12-12,0.0625,0.062600002,0.061900001,0.062399998
2016-12-13,0.062100001,0.062700003,0.062100001,0.062600002
2016-12-14,0.0625,0.063299999,0.062300000,0.062600002
2016-12-15,0.062300000,0.062799998,0.061900001,0.062600002
2016-12-16,0.062100001,0.063000001,0.062100001,0.063000001
2016-12-19,0.063000001,0.063400000,0.062700003,0.063000001
2016-12-20,0.063000001,0.063400000,0.062899999,0.063000001
2016-12-21,0.062700003,0.063400000,0.062700003,0.063400000
2016-12-22,0.063199997,0.063600004,0.063100003,0.063600004
2016-12-23,0.063500002,0.064599998,0.063400000,0.064599998
2016-12-26,0.064300001,0.064300001,0.064099997,0.064300001
2016-12-27,0.064199999,0.064499997,0.064099997,0.064400002
2016-12-28,0.064099997,0.064400002,0.063299999,0.063600004
2016-12-29,0.063100003,0.063800000,0.0625,0.062899999
2016-12-30,0.0625,0.063500002,0.0625,0.063000001
2017-01-02,0.063000001,0.063000001,0.062700003,0.062799998
2017-01-03,0.062700003,0.063000001,0.062600002,0.062799998
2017-01-04,0.062300000,0.062600002,0.061900001,0.062199999
2017-01-05,0.062300000,0.062899999,0.062100001,0.062600002
2017-01-06,0.0625,0.063400000,0.0625,0.063299999
2017-01-09,0.063199997,0.063500002,0.062899999,0.063000001
2017-01-10,0.062899999,0.063199997,0.062899999,0.063100003
2017-01-11,0.063000001,0.063100003,0.0625,0.063100003
2017-01-12,0.063000001,0.063400000,0.062899999,0.063299999
2017-01-13,0.063299999,0.063299999,0.063000001,0.063100003
2017-01-16,0.063000001,0.063199997,0.062899999,0.063000001
2017-01-17,0.062899999,0.063100003,0.062700003,0.062899999
2017-01-18,0.062799998,0.063100003,0.0625,0.062600002
2017-01-19,0.062600002,0.062899999,0.0625,0.062899999
2017-01-20,0.063000001,0.063199997,0.062700003,0.062899999
2017-01-23,0.062899999,0.063000001,0.062700003,0.062799998
2017-01-24,0.062899999,0.063000001,0.062600002,0.062799998
2017-01-25,0.062799998,0.062899999,0.0625,0.062700003
2017-01-26,0.0625,0.062899999,0.0625,0.062799998
2017-01-27,0.062799998,0.063000001,0.062700003,0.063000001
2017-01-30,0.062899999,0.063000001,0.062600002,0.063000001
2017-01-31,0.062799998,0.062899999,0.062700003,0.062899999
2017-02-01,0.062799998,0.063299999,0.062799998,0.063299999
2017-02-02,0.063299999,0.063800000,0.063100003,0.063800000
2017-02-03,0.063800000,0.064099997,0.063500002,0.064000003
2017-02-06,0.064000003,0.064300001,0.063299999,0.063500002
2017-02-07,0.063400000,0.064000003,0.063199997,0.063800000
2017-02-08,0.063500002,0.063900001,0.063500002,0.063900001
2017-02-09,0.063800000,0.064099997,0.063600004,0.063900001
2017-02-10,0.064000003,0.064499997,0.064000003,0.064400002
2017-02-13,0.064400002,0.064700000,0.064099997,0.064599998
2017-02-14,0.064400002,0.064900003,0.064300001,0.064599998
2017-02-15,0.064599998,0.064999998,0.064499997,0.064999998
2017-02-16,0.064900003,0.065300003,0.064700000,0.064900003
2017-02-17,0.064599998,0.064700000,0.063699998,0.063900001
2017-02-20,0.063699998,0.063900001,0.063500002,0.063800000
2017-02-21,0.063600004,0.064099997,0.063199997,0.064099997
2017-02-22,0.064099997,0.064700000,0.063900001,0.064199999
2017-02-23,0.064199999,0.064499997,0.064000003,0.064499997
2017-02-24,0.064499997,0.064800002,0.064099997,0.064599998
2017-02-27,0.064599998,0.064599998,0.064599998,0.064599998
2017-02-28,0.064599998,0.064599998,0.064599998,0.064599998
2017-03-01,0.064599998,0.065099999,0.063299999,0.064700000
2017-03-02,0.064499997,0.065200001,0.064499997,0.064900003
2017-03-03,0.064900003,0.064900003,0.064300001,0.064800002
2017-03-06,0.064800002,0.064900003,0.064599998,0.064599998
2017-03-07,0.064400002,0.064599998,0.064099997,0.064300001
2017-03-08,0.063900001,0.064400002,0.063699998,0.064000003
2017-03-09,0.063900001,0.064400002,0.063699998,0.064400002
2017-03-10,0.064099997,0.064800002,0.064099997,0.064599998
2017-03-13,0.064599998,0.064700000,0.064300001,0.064400002
2017-03-14,0.064400002,0.064400002,0.064099997,0.064400002
2017-03-15,0.064300001,0.064400002,0.064099997,0.064300001
2017-03-16,0.064199999,0.064700000,0.063800000,0.064300001
2017-03-17,0.064300001,0.064499997,0.064099997,0.064300001
2017-03-20,0.064199999,0.064300001,0.063500002,0.064000003
2017-03-21,0.063800000,0.064099997,0.063800000,0.064099997
2017-03-22,0.063900001,0.064199999,0.063699998,0.064000003
2017-03-23,0.063800000,0.064300001,0.063800000,0.064099997
2017-03-24,0.064099997,0.064099997,0.064099997,0.064099997
2017-03-27,0.064099997,0.064300001,0.063900001,0.064099997
2017-03-28,0.064099997,0.064599998,0.063900001,0.064099997
2017-03-29,0.064099997,0.064900003,0.064099997,0.064800002
2017-03-30,0.064800002,0.065300003,0.064499997,0.064900003
2017-03-31,0.064700000,0.065099999,0.064700000,0.064999998
2017-04-03,0.064999998,0.064999998,0.064599998,0.064900003
2017-04-04,0.064800002,0.065300003,0.064800002,0.064999998
2017-04-05,0.064900003,0.065300003,0.064900003,0.064900003
2017-04-06,0.064900003,0.065200001,0.064499997,0.064900003
2017-04-07,0.064900003,0.065300003,0.064700000,0.065200001
2017-04-10,0.065099999,0.065800004,0.064900003,0.065800004
2017-04-11,0.065399997,0.065899998,0.064900003,0.065499999
2017-04-12,0.065700002,0.066299997,0.065499999,0.065899998
2017-04-13,0.065899998,0.065899998,0.065899998,0.065899998
2017-04-14,0.066000000,0.066000000,0.065899998,0.066000000
2017-04-17,0.066000000,0.066100001,0.065399997,0.065800004
2017-04-18,0.065800004,0.065899998,0.065099999,0.065399997
2017-04-19,0.064400002,0.065099999,0.064400002,0.064900003
2017-04-20,0.064999998,0.064999998,0.064800002,0.064900003
2017-04-21,0.064900003,0.065099999,0.064499997,0.064599998
2017-04-24,0.064599998,0.064900003,0.064599998,0.064900003
2017-04-25,0.064900003,0.064999998,0.064599998,0.064900003
2017-04-26,0.064599998,0.064900003,0.064499997,0.064599998
2017-04-27,0.064599998,0.064900003,0.064599998,0.064900003
2017-04-28,0.064900003,0.064999998,0.064700000,0.064900003
2017-05-01,0.064900003,0.064999998,0.064900003,0.064999998
2017-05-02,0.064800002,0.065399997,0.064800002,0.065399997
2017-05-03,0.065300003,0.065800004,0.064900003,0.065399997
2017-05-04,0.065399997,0.065499999,0.064700000,0.065099999
2017-05-05,0.065099999,0.065399997,0.064900003,0.065099999
2017-05-08,0.065099999,0.065099999,0.064499997,0.064599998
2017-05-09,0.064400002,0.064599998,0.064000003,0.064400002
2017-05-10,0.064300001,0.064400002,0.064199999,0.064400002
2017-05-11,0.064400002,0.064900003,0.064400002,0.064800002
2017-05-12,0.064599998,0.064900003,0.064599998,0.064800002
2017-05-15,0.064800002,0.064800002,0.064400002,0.064400002
2017-05-16,0.064099997,0.064400002,0.063900001,0.064199999
2017-05-17,0.064099997,0.064099997,0.063900001,0.064000003
2017-05-18,0.064000003,0.064000003,0.062100001,0.062399998
2017-05-19,0.063000001,0.063199997,0.062100001,0.062399998
2017-05-22,0.062300000,0.0625,0.061799999,0.061900001
2017-05-23,0.061799999,0.062399998,0.061700001,0.062100001
2017-05-24,0.062100001,0.062199999,0.061700001,0.062100001
2017-05-25,0.062100001,0.062199999,0.062100001,0.062100001
2017-05-26,0.062199999,0.0625,0.062100001,0.062399998
2017-05-29,0.062300000,0.062600002,0.062300000,0.062600002
2017-05-30,0.062300000,0.0625,0.061700001,0.061900001
2017-05-31,0.061900001,0.062100001,0.061700001,0.062100001
2017-06-01,0.062100001,0.062600002,0.061900001,0.062300000
2017-06-02,0.062199999,0.062600002,0.062199999,0.062399998
2017-06-05,0.062199999,0.062700003,0.062199999,0.062399998
2017-06-06,0.062399998,0.062600002,0.062399998,0.062399998
2017-06-07,0.062300000,0.0625,0.062300000,0.0625
2017-06-08,0.0625,0.062899999,0.0625,0.062799998
2017-06-09,0.062700003,0.063000001,0.062700003,0.062899999
2017-06-12,0.062799998,0.062899999,0.062700003,0.062899999
2017-06-13,0.062700003,0.063000001,0.062700003,0.063000001
2017-06-14,0.062899999,0.063299999,0.062799998,0.062899999
2017-06-15,0.062799998,0.063000001,0.062600002,0.062600002
2017-06-16,0.062300000,0.062600002,0.062199999,0.062399998
2017-06-19,0.062399998,0.062399998,0.061700001,0.061900001
2017-06-20,0.061999999,0.062100001,0.061900001,0.061900001
2017-06-21,0.061000001,0.061700001,0.060600001,0.061700001
2017-06-22,0.061099999,0.061900001,0.061099999,0.061900001
2017-06-23,0.061900001,0.062100001,0.061799999,0.061900001
2017-06-26,0.061700001,0.061900001,0.061299998,0.061400000
2017-06-27,0.061299998,0.061400000,0.060800001,0.061099999
2017-06-28,0.060800001,0.061299998,0.060699999,0.060899999
2017-06-29,0.060800001,0.061099999,0.060600001,0.060699999
2017-06-30,0.060300000,0.060699999,0.059999999,0.060199998
2017-07-03,0.059599999,0.059900001,0.059200000,0.059300002
2017-07-04,0.059200000,0.059400000,0.058899999,0.059200000
2017-07-05,0.058899999,0.059200000,0.058200002,0.058300000
2017-07-06,0.058100000,0.058499999,0.057500001,0.058499999
2017-07-07,0.058699999,0.059200000,0.058600001,0.059000000
2017-07-10,0.058800001,0.059000000,0.058300000,0.058800001
2017-07-11,0.058699999,0.059000000,0.058300000,0.058800001
2017-07-12,0.058800001,0.059200000,0.058800001,0.059000000
2017-07-13,0.059000000,0.059099998,0.058800001,0.059000000
2017-07-14,0.059000000,0.059500001,0.058800001,0.059300002
2017-07-17,0.059349999,0.059349999,0.058850002,0.059149999
2017-07-18,0.059200000,0.059200000,0.058499999,0.058499999
2017-07-19,0.057750002,0.058350001,0.057549998,0.058350001
2017-07-20,0.058150001,0.058550000,0.057950001,0.058150001
2017-07-21,0.058049999,0.058150001,0.057349999,0.057450000
2017-07-24,0.057250001,0.057349999,0.056550000,0.057349999
2017-07-25,0.057450000,0.057650000,0.057149999,0.057250001
2017-07-26,0.057149999,0.057349999,0.057050001,0.057149999
2017-07-27,0.057000000,0.057100002,0.056699999,0.056699999
2017-07-28,0.057000000,0.057100002,0.055900000,0.056200001
2017-07-31,0.056800000,0.056800000,0.056200001,0.056699999
2017-08-01,0.056550000,0.056949999,0.056249999,0.056949999
2017-08-02,0.056949999,0.057050001,0.056750000,0.056850001
2017-08-03,0.056850001,0.056949999,0.055950001,0.056650002
2017-08-04,0.056550000,0.056850001,0.056550000,0.056650002
2017-08-07,0.056650002,0.056750000,0.056449998,0.056550000
2017-08-08,0.056550000,0.056550000,0.056350000,0.056449998
2017-08-09,0.056200001,0.056600001,0.056000002,0.056499999
2017-08-10,0.056400001,0.056499999,0.056299999,0.056499999
2017-08-11,0.056400001,0.056499999,0.056400001,0.056499999
2017-08-14,0.057850000,0.058449998,0.057650000,0.058350001
2017-08-15,0.058350001,0.058850002,0.058350001,0.058550000
2017-08-16,0.058350001,0.058649998,0.057850000,0.058150001
2017-08-17,0.057850000,0.058049999,0.057549998,0.057650000
2017-08-18,0.057650000,0.058150001,0.057650000,0.057650000
2017-08-21,0.057700001,0.057700001,0.057700001,0.057700001
2017-08-22,0.058049999,0.058249999,0.057950001,0.058150001
2017-08-23,0.058150001,0.058249999,0.057149999,0.058049999
2017-08-24,0.058200002,0.058499999,0.058100000,0.058100000
2017-08-25,0.058200002,0.058400001,0.057999998,0.058100000
2017-08-28,0.058049999,0.058150001,0.057950001,0.058049999
2017-08-29,0.057950001,0.058049999,0.057549998,0.057549998
2017-08-30,0.057500001,0.057599999,0.056800000,0.057500001
2017-08-31,0.057549998,0.057950001,0.057349999,0.057650000
2017-09-01,0.057799999,0.058100000,0.057500001,0.058100000
2017-09-04,0.058100000,0.058100000,0.057799999,0.057999998
2017-09-05,0.057950001,0.058049999,0.057549998,0.058049999
2017-09-06,0.057999998,0.058200002,0.057700001,0.057999998
2017-09-07,0.057950001,0.058150001,0.057750002,0.058150001
2017-09-08,0.058300000,0.058300000,0.057900000,0.057999998
2017-09-11,0.058100000,0.058400001,0.057900000,0.058400001
2017-09-12,0.058200002,0.058600001,0.058200002,0.058600001
2017-09-13,0.058600001,0.058699999,0.058499999,0.058600001
2017-09-14,0.058750000,0.058950000,0.058649998,0.058850002
2017-09-15,0.058699999,0.059000000,0.058699999,0.058899999
2017-09-18,0.058950000,0.058950000,0.058449998,0.058449998
2017-09-19,0.058449998,0.058449998,0.057850000,0.058449998
2017-09-20,0.058400001,0.058400001,0.058100000,0.058200002
2017-09-21,0.058100000,0.058200002,0.057700001,0.057900000
2017-09-22,0.057900000,0.057900000,0.057700001,0.057799999
2017-09-25,0.057549998,0.057650000,0.057149999,0.057149999
2017-09-26,0.057050001,0.057050001,0.056650002,0.056949999
2017-09-27,0.056650002,0.057149999,0.056449998,0.056949999
2017-09-28,0.056949999,0.057050001,0.056949999,0.057050001
2017-09-29,0.056949999,0.057850000,0.056949999,0.057750002
2017-10-02,0.057750002,0.057950001,0.057349999,0.057549998
2017-10-03,0.057450000,0.057549998,0.057050001,0.057450000
2017-10-04,0.057450000,0.057650000,0.057450000,0.057650000
2017-10-05,0.057799999,0.057799999,0.057399999,0.057500001
2017-10-06,0.057549998,0.057549998,0.056949999,0.057349999
2017-10-09,0.057200000,0.057300001,0.057100002,0.057300001
2017-10-10,0.057399999,0.057500001,0.057300001,0.057399999
2017-10-11,0.057250001,0.057450000,0.057250001,0.057450000
2017-10-12,0.057349999,0.057450000,0.057349999,0.057450000
2017-10-13,0.057450000,0.057750002,0.057450000,0.057650000
2017-10-16,0.057599999,0.057700001,0.057599999,0.057700001
2017-10-17,0.057599999,0.057700001,0.057399999,0.057700001
2017-10-18,0.057700001,0.057700001,0.057399999,0.057700001
2017-10-19,0.057700001,0.057700001,0.057100002,0.057300001
2017-10-20,0.057100002,0.057399999,0.057000000,0.057399999
2017-10-23,0.057399999,0.057900000,0.057300001,0.057399999
2017-10-24,0.057450000,0.057450000,0.056850001,0.057149999
2017-10-25,0.057349999,0.057650000,0.057149999,0.057149999
2017-10-26,0.057250001,0.057250001,0.056449998,0.056650002
2017-10-27,0.056299999,0.056899998,0.056299999,0.056800000
2017-10-30,0.056600001,0.056800000,0.056200001,0.056499999
2017-10-31,0.056499999,0.056699999,0.056499999,0.056699999
2017-11-01,0.056699999,0.056800000,0.056499999,0.056800000
2017-11-02,0.056750000,0.057050001,0.056750000,0.057050001
2017-11-03,0.057000000,0.057200000,0.056400001,0.056699999
2017-11-06,0.056750000,0.056750000,0.056650002,0.056650002
2017-11-07,0.056550000,0.056750000,0.056449998,0.056650002
2017-11-08,0.056600001,0.057100002,0.056600001,0.057100002
2017-11-09,0.057149999,0.057149999,0.056850001,0.057149999
2017-11-10,0.056949999,0.057250001,0.056949999,0.057149999
2017-11-13,0.056949999,0.057149999,0.056949999,0.057149999
2017-11-14,0.057200000,0.057500001,0.057100002,0.057200000
2017-11-15,0.057050001,0.057149999,0.056949999,0.057050001
2017-11-16,0.056949999,0.057250001,0.056949999,0.057250001
2017-11-17,0.057250001,0.057250001,0.057050001,0.057250001
2017-11-20,0.057250001,0.057250001,0.057250001,0.057250001
2017-11-21,0.057200000,0.057200000,0.057000000,0.057200000
2017-11-22,0.057250001,0.057349999,0.057050001,0.057349999
2017-11-23,0.057250001,0.057450000,0.057250001,0.057450000
2017-11-24,0.057349999,0.057650000,0.057349999,0.057650000
2017-11-27,0.057549998,0.057950001,0.057549998,0.057750002
2017-11-28,0.057799999,0.057900000,0.057599999,0.057599999
2017-11-29,0.057500001,0.057599999,0.057100002,0.057399999
2017-11-30,0.057500001,0.057799999,0.057100002,0.057799999
2017-12-01,0.057650000,0.058150001,0.057650000,0.058049999
2017-12-04,0.058150001,0.058150001,0.057650000,0.057650000
2017-12-05,0.057650000,0.057850000,0.057450000,0.057850000
2017-12-06,0.057750002,0.058049999,0.057750002,0.057950001
2017-12-07,0.057950001,0.058049999,0.057549998,0.057850000
2017-12-08,0.057799999,0.057900000,0.057799999,0.057900000
2017-12-11,0.057799999,0.057999998,0.057700001,0.057999998
2017-12-12,0.057950001,0.058150001,0.057349999,0.057650000
2017-12-13,0.057700001,0.057900000,0.057599999,0.057799999
2017-12-14,0.057650000,0.057850000,0.057349999,0.057349999
2017-12-15,0.057050001,0.057250001,0.056650002,0.057149999
2017-12-18,0.057050001,0.057250001,0.056850001,0.056949999
2017-12-19,0.057050001,0.057250001,0.056650002,0.056750000
2017-12-20,0.056000002,0.056499999,0.055900000,0.056400001
2017-12-21,0.056350000,0.056350000,0.055650000,0.055750001
2017-12-22,0.055599999,0.055599999,0.055300001,0.055399999
2017-12-25,0.055399999,0.055399999,0.055399999,0.055399999
2017-12-26,0.055250000,0.055349998,0.054550000,0.054550000
2017-12-27,0.054350000,0.054450002,0.053950001,0.054249998
2017-12-28,0.054249998,0.054249998,0.052150000,0.052150000
2017-12-29,0.052549999,0.053950001,0.052549999,0.053750001
2018-01-01,0.053750001,0.053750001,0.053750001,0.053750001
2018-01-02,0.053550001,0.054450002,0.053550001,0.054350000
2018-01-03,0.054299999,0.054499999,0.054099999,0.054200001
2018-01-04,0.054200001,0.054200001,0.053599998,0.053700000
2018-01-05,0.053550001,0.053750001,0.052450001,0.052949999
2018-01-08,0.052650001,0.052650001,0.052150000,0.052549999
2018-01-09,0.052400000,0.052900001,0.052299999,0.052800000
2018-01-10,0.053350002,0.053750001,0.053050000,0.053649999
2018-01-11,0.053649999,0.053849999,0.053350002,0.053450000
2018-01-12,0.053350002,0.053649999,0.053250000,0.053550001
2018-01-15,0.053500000,0.053500000,0.053199999,0.053399999
2018-01-16,0.053350002,0.053450000,0.052949999,0.052949999
2018-01-17,0.052999999,0.053100001,0.052600000,0.052999999
2018-01-18,0.052949999,0.053149998,0.052850001,0.052949999
2018-01-19,0.052949999,0.052949999,0.052549999,0.052650001
2018-01-22,0.052650001,0.052749999,0.052150000,0.052250002
2018-01-23,0.052250002,0.052250002,0.051449999,0.051750001
2018-01-24,0.051700000,0.051700000,0.050799999,0.050900001
2018-01-25,0.050850000,0.051649999,0.050850000,0.051050000
2018-01-26,0.051050000,0.051449999,0.050949998,0.051150002
2018-01-29,0.051100001,0.051100001,0.050900001,0.051100001
2018-01-30,0.050949998,0.051150002,0.050850000,0.050949998
2018-01-31,0.050900001,0.050999999,0.050700001,0.050900001
2018-02-01,0.051100001,0.051700000,0.050999999,0.051700000
2018-02-02,0.051600002,0.051600002,0.050999999,0.051399998
2018-02-05,0.051350001,0.051449999,0.051150002,0.051350001
2018-02-06,0.051399998,0.051399998,0.050600000,0.051100001
2018-02-07,0.051199999,0.051199999,0.050799999,0.050799999
2018-02-08,0.050700001,0.050700001,0.050000001,0.050099999
2018-02-09,0.050099999,0.050200000,0.049400002,0.050000001
2018-02-12,0.049950000,0.050150000,0.049950000,0.050050002
2018-02-13,0.050150000,0.050150000,0.050050002,0.050050002
2018-02-14,0.050050002,0.050349999,0.049750000,0.050250001
2018-02-15,0.050299998,0.050900001,0.050299998,0.050900001
2018-02-16,0.050600000,0.050900001,0.050500002,0.050600000
2018-02-19,0.050450001,0.050549999,0.050250001,0.050250001
2018-02-20,0.050150000,0.050450001,0.049950000,0.050349999
2018-02-21,0.050250001,0.050450001,0.050050002,0.050250001
2018-02-22,0.050050002,0.050349999,0.050050002,0.050150000
2018-02-23,0.050050002,0.050250001,0.049950000,0.050050002
2018-02-26,0.050050002,0.050050002,0.049550001,0.049550001
2018-02-27,0.049550001,0.049750000,0.049350001,0.049449999
2018-02-28,0.049400002,0.049800001,0.049400002,0.049699999
2018-03-01,0.049449999,0.049750000,0.049449999,0.049649999
2018-03-02,0.049649999,0.049649999,0.049350001,0.049350001
2018-03-05,0.049300000,0.049600001,0.048999999,0.049500000
2018-03-06,0.049449999,0.049849998,0.049050000,0.049249999
2018-03-07,0.049300000,0.049300000,0.048900001,0.049100000
2018-03-08,0.048900001,0.049199998,0.048900001,0.049199998
2018-03-09,0.049050000,0.049550001,0.049050000,0.049449999
2018-03-12,0.049400002,0.049600001,0.049100000,0.049500000
2018-03-13,0.049500000,0.049600001,0.049400002,0.049500000
2018-03-14,0.049550001,0.049750000,0.049449999,0.049449999
2018-03-15,0.049400002,0.049500000,0.049100000,0.049199998
2018-03-16,0.049249999,0.049550001,0.049050000,0.049550001
2018-03-19,0.049500000,0.049500000,0.049300000,0.049500000
2018-03-20,0.049550001,0.049550001,0.049350001,0.049350001
2018-03-21,0.049350001,0.049449999,0.049150001,0.049350001
2018-03-22,0.049350001,0.049449999,0.049350001,0.049449999
2018-03-23,0.049449999,0.049550001,0.049449999,0.049550001
2018-03-26,0.049600001,0.049600001,0.049500000,0.049600001
2018-03-27,0.049550001,0.049649999,0.049449999,0.049649999
2018-03-28,0.049649999,0.049750000,0.049550001,0.049649999
2018-03-29,0.049649999,0.049750000,0.049649999,0.049649999
2018-03-30,0.049699999,0.049699999,0.049600001,0.049699999
2018-04-02,0.049750000,0.049750000,0.049649999,0.049649999
2018-04-03,0.049649999,0.049750000,0.049550001,0.049550001
2018-04-04,0.049550001,0.049649999,0.049350001,0.049550001
2018-04-05,0.049550001,0.049649999,0.049449999,0.049550001
2018-04-06,0.049550001,0.049649999,0.049449999,0.049550001
2018-04-09,0.049500000,0.049500000,0.049500000,0.049500000
2018-04-10,0.049550001,0.049750000,0.049350001,0.049649999
2018-04-11,0.049600001,0.049600001,0.049500000,0.049600001
2018-04-12,0.049600001,0.049600001,0.049500000,0.049500000
2018-04-13,0.049449999,0.049550001,0.049449999,0.049449999
2018-04-16,0.049400002,0.049500000,0.049400002,0.049500000
2018-04-17,0.049449999,0.049649999,0.049449999,0.049550001
2018-04-18,0.049550001,0.049750000,0.049449999,0.049649999
2018-04-19,0.049649999,0.049750000,0.049350001,0.049649999
2018-04-20,0.049649999,0.049750000,0.049449999,0.049550001
2018-04-23,0.049550001,0.049649999,0.049350001,0.049350001
2018-04-24,0.049449999,0.049449999,0.049350001,0.049350001
2018-04-25,0.049300000,0.049400002,0.049100000,0.049400002
2018-04-26,0.049449999,0.049449999,0.048450001,0.048650000
2018-04-27,0.048599999,0.048700001,0.047699999,0.048700001
2018-04-30,0.048700001,0.048700001,0.048700001,0.048700001
2018-05-01,0.048700001,0.048700001,0.048599999,0.048700001
2018-05-02,0.048749998,0.048749998,0.046650000,0.047249999
2018-05-03,0.047100000,0.047100000,0.044399999,0.044900000
2018-05-04,0.044950001,0.046750002,0.044950001,0.045750000
2018-05-07,0.045750000,0.046250001,0.045550000,0.045550000
2018-05-08,0.045750000,0.045750000,0.042750001,0.044450000
2018-05-09,0.044750001,0.044750001,0.043850001,0.044050001
2018-05-10,0.044050001,0.044450000,0.044050001,0.044050001
2018-05-11,0.044050001,0.044050001,0.040350001,0.043450002
2018-05-14,0.043499999,0.043499999,0.039999999,0.039999999
2018-05-15,0.039949998,0.042050000,0.039949998,0.041549999
2018-05-16,0.041499998,0.042199999,0.040800001,0.041200001
2018-05-18,0.041150000,0.041150000,0.040050000,0.040950000
2018-05-21,0.040950000,0.041450001,0.040750001,0.041049998
2018-05-22,0.040899999,0.041200001,0.040800001,0.041200001
2018-05-23,0.041150000,0.041150000,0.040750001,0.040849999
2018-05-24,0.040849999,0.040849999,0.040050000,0.040649999
2018-05-25,0.040649999,0.040750001,0.040649999,0.040649999
2018-05-28,0.040649999,0.040649999,0.040449999,0.040449999
2018-05-29,0.040449999,0.040750001,0.040050000,0.040250000
2018-05-30,0.040100001,0.040500000,0.040100001,0.040100001
2018-05-31,0.040150002,0.040150002,0.040050000,0.040050000
2018-06-01,0.040050000,0.040150002,0.040050000,0.040050000
2018-06-04,0.040050000,0.040150002,0.039850000,0.040050000
2018-06-05,0.039999999,0.040100001,0.039999999,0.040100001
2018-06-06,0.040100001,0.040199999,0.039999999,0.040199999
2018-06-07,0.040100001,0.040100001,0.039999999,0.039999999
2018-06-08,0.039999999,0.040100001,0.039000001,0.039500002
2018-06-11,0.039450001,0.039549999,0.037749998,0.038350001
2018-06-12,0.038350001,0.038950000,0.037749998,0.038849998
2018-06-13,0.039099999,0.039500002,0.037999999,0.038199998
2018-06-14,0.037599999,0.037599999,0.035500001,0.036100000
2018-06-15,0.037050001,0.037650000,0.035149999,0.035650000
2018-06-18,0.035850000,0.036449999,0.035549998,0.036249999
2018-06-19,0.036150001,0.036249999,0.035850000,0.036049999
2018-06-20,0.035999998,0.036100000,0.035999998,0.036100000
2018-06-21,0.036049999,0.036550000,0.036049999,0.036350001
2018-06-22,0.036300000,0.037000000,0.036200002,0.037000000
2018-06-25,0.036899999,0.037099998,0.036699999,0.036899999
2018-06-26,0.036550000,0.037050001,0.036550000,0.036950000
2018-06-27,0.036950000,0.036950000,0.036249999,0.036449999
2018-06-28,0.036550000,0.036649998,0.035650000,0.035650000
2018-06-29,0.035149999,0.035549998,0.033349998,0.034550000
2018-07-02,0.034550000,0.035450000,0.034350000,0.035349999
2018-07-03,0.035349999,0.036049999,0.035149999,0.035750002
2018-07-04,0.035750002,0.035750002,0.035650000,0.035650000
2018-07-05,0.035650000,0.035750002,0.035250001,0.035650000
2018-07-06,0.035650000,0.035950001,0.035450000,0.035850000
2018-07-09,0.035750002,0.035850000,0.035750002,0.035850000
2018-07-10,0.035950001,0.036850002,0.035450000,0.036449999
2018-07-11,0.036400001,0.036600001,0.036200002,0.036499999
2018-07-12,0.036550000,0.036950000,0.036350001,0.036750000
2018-07-13,0.036800001,0.037000000,0.036400001,0.036699999
2018-07-16,0.036649998,0.036950000,0.035650000,0.036550000
2018-07-17,0.036499999,0.036600001,0.036200002,0.036300000
2018-07-18,0.036300000,0.036400001,0.035700001,0.036200002
2018-07-19,0.036249999,0.036249999,0.035750002,0.036049999
2018-07-20,0.036049999,0.036350001,0.035950001,0.036249999
2018-07-23,0.036249999,0.036249999,0.035750002,0.036249999
2018-07-24,0.036200002,0.036400001,0.036100000,0.036400001
2018-07-25,0.036449999,0.036649998,0.036249999,0.036550000
2018-07-26,0.036499999,0.036499999,0.036300000,0.036499999
2018-07-27,0.036499999,0.036600001,0.036300000,0.036600001
2018-07-30,0.036499999,0.036699999,0.036200002,0.036699999
2018-07-31,0.036750000,0.036750000,0.036249999,0.036449999
2018-08-01,0.035750002,0.036550000,0.035750002,0.036350001
2018-08-02,0.036350001,0.036449999,0.036049999,0.036449999
2018-08-03,0.036449999,0.036750000,0.036249999,0.036649998
2018-08-06,0.036600001,0.036699999,0.035900000,0.036600001
2018-08-07,0.036600001,0.036800001,0.036200002,0.036499999
2018-08-08,0.036300000,0.036499999,0.035900000,0.036200002
2018-08-09,0.036200002,0.036200002,0.035399999,0.035599999
2018-08-10,0.035599999,0.035599999,0.033300001,0.034200002
2018-08-13,0.034200002,0.034200002,0.032299999,0.033399999
2018-08-14,0.033500001,0.034299999,0.033399999,0.033599999
2018-08-15,0.033650000,0.033650000,0.032350000,0.033450000
2018-08-16,0.033349998,0.033650000,0.033349998,0.033650000
2018-08-17,0.033599999,0.033700000,0.033199999,0.033500001
2018-08-20,0.033500001,0.033500001,0.033399999,0.033500001
2018-08-21,0.033550002,0.033550002,0.033349998,0.033349998
2018-08-22,0.033349998,0.033450000,0.032850001,0.033050001
2018-08-23,0.033000000,0.033199999,0.032200001,0.032800000
2018-08-24,0.032800000,0.033000000,0.032200001,0.032400001
2018-08-27,0.031700000,0.032400001,0.031700000,0.032299999
2018-08-28,0.032350000,0.032450002,0.031649999,0.031750001
2018-08-29,0.031800002,0.031900000,0.029400000,0.029400000
2018-08-30,0.029800000,0.029899999,0.024300000,0.025800001
2018-08-31,0.025400000,0.027300000,0.025400000,0.027100001
2018-09-03,0.026550001,0.026650000,0.026050000,0.026249999
2018-09-04,0.025650000,0.025950000,0.025149999,0.025650000
2018-09-05,0.025699999,0.026100000,0.025500000,0.025900001
2018-09-06,0.025650000,0.026750000,0.025650000,0.026750000
2018-09-07,0.026850000,0.027349999,0.026450001,0.026950000
2018-09-10,0.026900001,0.027100001,0.026500000,0.026699999
2018-09-11,0.026650000,0.026750000,0.026149999,0.026350001
2018-09-12,0.026300000,0.026600000,0.025699999,0.026100000
2018-09-13,0.026249999,0.026450001,0.025250001,0.025350001
2018-09-14,0.025250001,0.026149999,0.025049999,0.025049999
2018-09-17,0.024900001,0.025300000,0.024900001,0.025300000
2018-09-18,0.025350001,0.026050000,0.025149999,0.025149999
2018-09-19,0.025149999,0.025450001,0.025149999,0.025450001
2018-09-20,0.025450001,0.026650000,0.025149999,0.026149999
2018-09-21,0.026149999,0.026950000,0.025650000,0.026850000
2018-09-24,0.026799999,0.027600000,0.026500000,0.026799999
2018-09-25,0.026799999,0.026900001,0.024400000,0.026100000
2018-09-26,0.026350001,0.026550001,0.025149999,0.025950000
2018-09-27,0.025049999,0.025850000,0.024750000,0.025149999
2018-09-28,0.024900001,0.025200000,0.023800001,0.024200000
2018-10-01,0.024150001,0.025350001,0.024150001,0.025350001
2018-10-02,0.025300000,0.026600000,0.025300000,0.026300000
2018-10-03,0.026200000,0.026799999,0.026000001,0.026500000
2018-10-04,0.026400000,0.026400000,0.025400000,0.025900001
2018-10-05,0.026149999,0.026550001,0.025550000,0.026450001
2018-10-08,0.026550001,0.026750000,0.026249999,0.026650000
2018-10-09,0.026950000,0.027349999,0.026750000,0.026750000
2018-10-10,0.026699999,0.026900001,0.026300000,0.026900001
2018-10-11,0.026900001,0.027300000,0.026400000,0.027300000
2018-10-12,0.026650000,0.027850000,0.026650000,0.027249999
2018-10-15,0.027249999,0.027249999,0.027249999,0.027249999
2018-10-16,0.027249999,0.027850000,0.026650000,0.027850000
2018-10-17,0.027850000,0.027850000,0.027050000,0.027650001
2018-10-18,0.027600000,0.027799999,0.026799999,0.027200000
2018-10-19,0.027400000,0.027400000,0.026799999,0.027400000
2018-10-22,0.027349999,0.027550001,0.026750000,0.027450001
2018-10-23,0.027450001,0.027550001,0.026750000,0.027349999
2018-10-24,0.027300000,0.027400000,0.026699999,0.027000001
2018-10-25,0.027000001,0.027200000,0.026699999,0.027200000
2018-10-26,0.027050000,0.027349999,0.026750000,0.027150000
2018-10-29,0.027100001,0.027300000,0.026799999,0.027100001
2018-10-30,0.027100001,0.027200000,0.026600000,0.027200000
2018-10-31,0.027150000,0.027950000,0.027050000,0.027850000
2018-11-01,0.027799999,0.028200001,0.027500000,0.028000001
2018-11-02,0.028050000,0.028250000,0.027650001,0.028150000
2018-11-05,0.028150000,0.028250000,0.027750000,0.028050000
2018-11-06,0.028000001,0.028100001,0.028000001,0.028100001
2018-11-07,0.028150000,0.028150000,0.027850000,0.028050000
2018-11-08,0.028000001,0.028200001,0.028000001,0.028200001
2018-11-09,0.028200001,0.028300000,0.027600000,0.028300000
2018-11-12,0.028150000,0.028150000,0.027850000,0.028150000
2018-11-13,0.028100001,0.028100001,0.027400000,0.027799999
2018-11-14,0.027700000,0.027899999,0.027400000,0.027899999
2018-11-15,0.027950000,0.027950000,0.027650001,0.027750000
2018-11-16,0.027450001,0.027950000,0.027450001,0.027850000
2018-11-19,0.027850000,0.027850000,0.027850000,0.027850000
2018-11-20,0.027850000,0.027850000,0.027450001,0.027650001
2018-11-21,0.027600000,0.027600000,0.027400000,0.027600000
2018-11-22,0.027650001,0.027650001,0.027249999,0.027450001
2018-11-23,0.027200000,0.027300000,0.026300000,0.026600000
2018-11-26,0.026600000,0.026799999,0.025300000,0.025599999
2018-11-27,0.025650000,0.025950000,0.025350001,0.025950000
2018-11-28,0.025599999,0.026100000,0.025599999,0.026000001
2018-11-29,0.026000001,0.026500000,0.025800001,0.026500000
2018-11-30,0.026500000,0.026500000,0.026400000,0.026500000
2018-12-03,0.026850000,0.027450001,0.026450001,0.027349999
2018-12-04,0.027249999,0.027450001,0.026550001,0.026750000
2018-12-05,0.026750000,0.026750000,0.025950000,0.026650000
2018-12-06,0.026600000,0.026600000,0.026000001,0.026500000
2018-12-07,0.026550001,0.026950000,0.026350001,0.026750000
2018-12-10,0.026550001,0.026750000,0.026249999,0.026550001
2018-12-11,0.026550001,0.026750000,0.026249999,0.026450001
2018-12-12,0.026300000,0.026699999,0.026300000,0.026600000
2018-12-13,0.026650000,0.026750000,0.026350001,0.026450001
2018-12-14,0.026300000,0.026699999,0.025800001,0.026200000
2018-12-17,0.026200000,0.026200000,0.025900001,0.026100000
2018-12-18,0.026149999,0.026249999,0.026050000,0.026149999
2018-12-19,0.026100000,0.026100000,0.026000001,0.026100000
2018-12-20,0.026100000,0.026400000,0.026000001,0.026300000
2018-12-21,0.025900001,0.026400000,0.025900001,0.026300000
2018-12-24,0.026350001,0.026350001,0.026350001,0.026350001
2018-12-25,0.026350001,0.026350001,0.026350001,0.026350001
2018-12-26,0.026249999,0.026249999,0.025850000,0.025950000
2018-12-27,0.025699999,0.026100000,0.025699999,0.026100000
2018-12-28,0.026100000,0.026600000,0.026100000,0.026500000
2018-12-31,0.026550001,0.026550001,0.026550001,0.026550001
2019-01-01,0.026550001,0.026550001,0.026550001,0.026550001
2019-01-02,0.026550001,0.026650000,0.026050000,0.026450001
2019-01-03,0.026400000,0.026699999,0.026100000,0.026699999
2019-01-04,0.026100000,0.026799999,0.026100000,0.026799999
2019-01-07,0.026799999,0.026799999,0.026300000,0.026799999
2019-01-08,0.026850000,0.026850000,0.026350001,0.026650000
2019-01-09,0.026650000,0.027050000,0.026249999,0.026750000
2019-01-10,0.027050000,0.027349999,0.026750000,0.026750000
2019-01-11,0.026400000,0.027100001,0.026400000,0.027100001
2019-01-14,0.027150000,0.027150000,0.026650000,0.027050000
2019-01-15,0.027050000,0.027150000,0.026750000,0.026950000
2019-01-16,0.026900001,0.027100001,0.026699999,0.026699999
2019-01-17,0.026750000,0.026750000,0.026050000,0.026550001
2019-01-18,0.026500000,0.026600000,0.026500000,0.026600000
2019-01-21,0.026450001,0.026550001,0.026149999,0.026450001
2019-01-22,0.026650000,0.026750000,0.026149999,0.026650000
2019-01-23,0.026600000,0.026699999,0.026300000,0.026600000
2019-01-24,0.026249999,0.026850000,0.026149999,0.026750000
2019-01-25,0.026600000,0.027100001,0.026600000,0.027000001
2019-01-28,0.027050000,0.027150000,0.026750000,0.026950000
2019-01-29,0.026900001,0.027000001,0.026300000,0.026600000
2019-01-30,0.026650000,0.026750000,0.026550001,0.026650000
2019-01-31,0.026600000,0.027100001,0.026500000,0.026799999
2019-02-01,0.026799999,0.027100001,0.026400000,0.026900001
2019-02-04,0.026900001,0.027100001,0.026500000,0.026900001
2019-02-05,0.026900001,0.026900001,0.026699999,0.026900001
2019-02-06,0.026950000,0.027150000,0.026350001,0.026650000
2019-02-07,0.026350001,0.026550001,0.026050000,0.026450001
2019-02-08,0.026400000,0.026500000,0.026000001,0.026400000
2019-02-11,0.026650000,0.026650000,0.025650000,0.026350001
2019-02-12,0.026350001,0.026550001,0.026050000,0.026350001
2019-02-13,0.026300000,0.026300000,0.025699999,0.026200000
2019-02-14,0.026200000,0.026200000,0.025800001,0.026200000
2019-02-15,0.026200000,0.026200000,0.025900001,0.025900001
2019-02-18,0.025550000,0.025850000,0.025450001,0.025850000
2019-02-19,0.025699999,0.025900001,0.025200000,0.025500000
2019-02-20,0.025500000,0.025500000,0.024400000,0.025200000
2019-02-21,0.025200000,0.025400000,0.024800001,0.025300000
2019-02-22,0.025300000,0.025599999,0.025100000,0.025500000
2019-02-25,0.025699999,0.025699999,0.025200000,0.025599999
2019-02-26,0.025500000,0.025699999,0.025200000,0.025699999
2019-02-27,0.025699999,0.025800001,0.025400000,0.025800001
2019-02-28,0.025850000,0.025850000,0.025250001,0.025550000
2019-03-01,0.025500000,0.025599999,0.024900001,0.025100000
2019-03-04,0.025100000,0.025100000,0.025100000,0.025100000
2019-03-05,0.025100000,0.025100000,0.025100000,0.025100000
2019-03-06,0.024700001,0.024900001,0.024400000,0.024599999
2019-03-07,0.024550000,0.024650000,0.023350000,0.023550000
2019-03-08,0.023499999,0.024400000,0.023499999,0.024300000
2019-03-11,0.024350001,0.024750000,0.024250001,0.024250001
2019-03-12,0.024200000,0.024300000,0.024000000,0.024100000
2019-03-13,0.024150001,0.024350001,0.023949999,0.024250001
2019-03-14,0.024350001,0.024750000,0.024049999,0.024550000
2019-03-15,0.024499999,0.025100000,0.024499999,0.025000000
2019-03-18,0.025049999,0.025350001,0.024950000,0.024950000
2019-03-19,0.024900001,0.025100000,0.024400000,0.024700001
2019-03-20,0.024750000,0.024750000,0.024250001,0.024450000
2019-03-21,0.024400000,0.024700001,0.024300000,0.024400000
2019-03-22,0.024450000,0.024450000,0.023650000,0.023949999
2019-03-25,0.023900000,0.024000000,0.023800001,0.023800001
2019-03-26,0.023850000,0.023949999,0.023350000,0.023450000
2019-03-27,0.023399999,0.023499999,0.022700001,0.022800000
2019-03-28,0.022800000,0.023100000,0.022800000,0.022900000
2019-03-29,0.023153501,0.023210000,0.022962499,0.023019001
2019-04-01,0.023259500,0.023460001,0.023042500,0.023394000
2019-04-02,0.023427000,0.023429500,0.023399999,0.023391999
2019-04-03,0.023391999,0.023641501,0.023360999,0.023324000
2019-04-04,0.023214500,0.023386000,0.023181500,0.023011001
2019-04-05,0.022965500,0.023084000,0.022784000,0.022752000
2019-04-08,0.022844000,0.022931000,0.022762001,0.022883000
2019-04-09,0.022981999,0.023116499,0.022817001,0.023011999
2019-04-10,0.023166500,0.023361500,0.023041500,0.023231000
2019-04-11,0.023352500,0.023475001,0.023188500,0.023390001
2019-04-12,0.023581499,0.023772500,0.023409501,0.023693001
2019-04-15,0.023891499,0.024195500,0.023713000,0.024006000
2019-04-16,0.023858000,0.024154499,0.023780501,0.023584999
2019-04-17,0.023833999,0.024227999,0.023613000,0.024015000
2019-04-18,0.023978001,0.024021000,0.023966501,0.023869000
2019-04-19,0.023917500,0.023929000,0.023896500,0.023871001
2019-04-22,0.023752499,0.023899000,0.023624999,0.023497000
2019-04-23,0.023592001,0.023739001,0.023465499,0.023579000
2019-04-24,0.023205500,0.023630001,0.023158001,0.022731001
2019-04-25,0.022532500,0.022766000,0.022126500,0.022136001
2019-04-26,0.022016000,0.022657501,0.021989500,0.021748999
2019-04-29,0.022570999,0.022585999,0.022384500,0.022538001
2019-04-30,0.022586500,0.023028500,0.022515001,0.022544000
2019-05-01,0.022583500,0.022670999,0.022583500,0.022538001
2019-05-02,0.022515999,0.022622000,0.022391500,0.022320000
2019-05-03,0.022430500,0.022635000,0.022333000,0.022472000
2019-05-06,0.022459000,0.022487000,0.022293000,0.022371000
2019-05-07,0.022245500,0.022497499,0.022237999,0.022085000
2019-05-08,0.022177000,0.022264499,0.022081001,0.022134000
2019-05-09,0.022179000,0.022187499,0.022006501,0.022104001
2019-05-10,0.022241000,0.022425501,0.022104001,0.022264000
2019-05-13,0.022272000,0.022337500,0.022103000,0.022128999
2019-05-14,0.022205001,0.022316501,0.022148000,0.022247000
2019-05-15,0.022272499,0.022287000,0.022101499,0.022202000
2019-05-16,0.022315999,0.022391001,0.022198999,0.022315999
2019-05-17,0.022321500,0.022368999,0.022245999,0.022197001
2019-05-20,0.022200501,0.022221999,0.022105500,0.022110000
2019-05-21,0.022242000,0.022409000,0.022130501,0.022321001
2019-05-22,0.022321001,0.022492001,0.022283999,0.022264000
2019-05-23,0.022298500,0.022346500,0.022203499,0.022156000
2019-05-24,0.022244001,0.022344001,0.022170501,0.022263000
2019-05-27,0.022272000,0.022330999,0.022229500,0.022221999
2019-05-28,0.022381000,0.022409000,0.022304500,0.022364000
2019-05-29,0.022455500,0.022573501,0.022357499,0.022497000
2019-05-30,0.022479501,0.022582000,0.022419000,0.022442000
2019-05-31,0.022413000,0.022457000,0.022337001,0.022295000
2019-06-03,0.022350000,0.022439500,0.022262000,0.022268999
2019-06-04,0.022343000,0.022438999,0.022269500,0.022359001
2019-06-05,0.022341499,0.022446500,0.022313001,0.022244001
2019-06-06,0.022289500,0.022324000,0.022212500,0.022272000
2019-06-07,0.022299500,0.022371501,0.022260500,0.022297001
2019-06-10,0.022300500,0.022324000,0.022247000,0.022267001
2019-06-11,0.022338999,0.022414999,0.022278501,0.022363000
2019-06-12,0.022648500,0.023060000,0.022379501,0.022888999
2019-06-13,0.022955500,0.023124000,0.022886001,0.022945000
2019-06-14,0.022886001,0.023026999,0.022837499,0.022709001
2019-06-17,0.022751501,0.022766501,0.022717500,0.022709001
2019-06-18,0.022896500,0.023108000,0.022724999,0.023015000
2019-06-19,0.023061000,0.023137501,0.022931000,0.023068000
2019-06-20,0.023100000,0.023114000,0.023055000,0.023042001
2019-06-21,0.023247501,0.023472499,0.023075501,0.023342000
2019-06-24,0.023489000,0.023628499,0.023327500,0.023550000
2019-06-25,0.023612499,0.023740500,0.023558000,0.023580000
2019-06-26,0.023544500,0.023719501,0.023425501,0.023383999
2019-06-27,0.023430500,0.023491001,0.023323501,0.023414001
2019-06-28,0.023496499,0.023637500,0.023408500,0.023535000
2019-07-01,0.023602000,0.023886500,0.023533501,0.023580000
2019-07-02,0.023657501,0.023760499,0.023530001,0.023692001
2019-07-03,0.023759000,0.023838000,0.023585500,0.023784000
2019-07-04,0.023924500,0.024095999,0.023773000,0.023809999
2019-07-05,0.023866501,0.023940500,0.023724999,0.023917999
2019-07-08,0.023933001,0.023948001,0.023910001,0.023894999
2019-07-09,0.023933001,0.023935501,0.023908000,0.023917999
2019-07-10,0.023928000,0.024070499,0.023786999,0.023864999
2019-07-11,0.024047500,0.024079001,0.023861000,0.023975000
2019-07-12,0.024104999,0.024109500,0.023945499,0.024038000
2019-07-15,0.023856999,0.024057500,0.023807500,0.023522001
2019-07-16,0.023551000,0.023747500,0.023464000,0.023425000
2019-07-17,0.023497000,0.023599001,0.023428500,0.023505000
2019-07-18,0.023605000,0.023674000,0.023519000,0.023554999
2019-07-19,0.023700001,0.023721000,0.023611501,0.023539999
2019-07-22,0.023652500,0.023721000,0.023606000,0.023552001
2019-07-23,0.023515500,0.023662001,0.023478501,0.023463000
2019-07-24,0.023410499,0.023581000,0.023363000,0.023347000
2019-07-25,0.023237500,0.023487501,0.023155499,0.023073999
2019-07-26,0.023088999,0.023333000,0.023031000,0.023105999
2019-07-29,0.022985499,0.023108499,0.022954000,0.022856999
2019-07-30,0.022843501,0.022868499,0.022777500,0.022792000
2019-07-31,0.022811500,0.022871001,0.022759501,0.022817999
2019-08-01,0.022720501,0.022821501,0.022657501,0.022573000
2019-08-02,0.022530500,0.022602500,0.022426501,0.022425000
2019-08-05,0.022228001,0.022540500,0.022194000,0.022023000
2019-08-06,0.022090500,0.022166001,0.021992000,0.022087000
2019-08-07,0.022064000,0.022121999,0.021943999,0.021968000
2019-08-08,0.022055499,0.022164499,0.021973001,0.022136001
2019-08-09,0.022131501,0.022162501,0.022042500,0.022097001
2019-08-12,0.020639500,0.022141000,0.019114999,0.018872499
2019-08-13,0.018614000,0.019274499,0.017794000,0.017992999
2019-08-14,0.017353000,0.018060500,0.017243000,0.016597999
2019-08-15,0.017082000,0.018874001,0.016565500,0.017422000
2019-08-16,0.017879499,0.018541500,0.017348500,0.018234000
2019-08-19,0.018237000,0.018302999,0.018235501,0.018234000
2019-08-20,0.018285001,0.018480500,0.018054500,0.018268000
2019-08-21,0.018242000,0.018939000,0.018161001,0.018172000
2019-08-22,0.018130001,0.018438000,0.017995000,0.018137001
2019-08-23,0.018148500,0.018415499,0.018099500,0.018119000
2019-08-26,0.018106000,0.018190499,0.018086500,0.018082000
2019-08-27,0.017928500,0.018352499,0.017900500,0.017767999
2019-08-28,0.017538000,0.017857499,0.017335501,0.017253000
2019-08-29,0.016974000,0.017502001,0.016633000,0.017274000
2019-08-30,0.017025501,0.017356999,0.017022500,0.016805001
2019-09-02,0.017099500,0.017777501,0.016667500,0.017170001
2019-09-03,0.017949000,0.018607499,0.017923500,0.017873000
2019-09-04,0.017879499,0.018181499,0.017854000,0.017878000
2019-09-05,0.017883999,0.018181499,0.017839501,0.017844001
2019-09-06,0.017969500,0.017981000,0.017862000,0.017912000
2019-09-09,0.017981000,0.018393500,0.017863000,0.017848000
2019-09-10,0.017868500,0.017914500,0.017836500,0.017827000
2019-09-11,0.017855501,0.018018000,0.017813500,0.017800000
2019-09-12,0.017837999,0.017855501,0.017784500,0.017819000
2019-09-13,0.017865000,0.017890999,0.017797001,0.017778000
2019-09-16,0.017828500,0.017895499,0.017783999,0.017767999
2019-09-17,0.017756499,0.017844500,0.017722500,0.017698999
2019-09-18,0.017712001,0.017748499,0.017693000,0.017681999
2019-09-19,0.017717499,0.017739501,0.017666500,0.017671000
2019-09-20,0.017689999,0.017699501,0.017658001,0.017646000
2019-09-23,0.017610500,0.017627500,0.017571500,0.017565001
2019-09-24,0.017574999,0.017609000,0.017558999,0.017581001
2019-09-25,0.017574500,0.017619500,0.017530000,0.017511001
2019-09-26,0.017530501,0.017844500,0.017488500,0.017453000
2019-09-27,0.017470500,0.017492000,0.017460501,0.017442999
2019-09-30,0.017383499,0.017397000,0.017377499,0.017363001
2019-10-01,0.017365500,0.017367000,0.017333999,0.017346000
2019-10-02,0.017305501,0.017323500,0.017274000,0.017292000
2019-10-03,0.017330499,0.017369000,0.017298000,0.017337000
2019-10-04,0.017343000,0.017387001,0.017309500,0.017305000
2019-10-07,0.017364999,0.017372500,0.017285500,0.017283000
2019-10-08,0.017318500,0.017356500,0.017288500,0.017286001
2019-10-09,0.017271001,0.017346000,0.017242501,0.017244000
2019-10-10,0.017309999,0.017315499,0.017272500,0.017222000
2019-10-11,0.017250000,0.017280500,0.017233999,0.017227000
2019-10-14,0.017200001,0.017200001,0.017200001,0.017200001
2019-10-15,0.017223001,0.017316001,0.017191000,0.017159000
2019-10-16,0.017151000,0.017316001,0.017107500,0.017135000
2019-10-17,0.017161001,0.017192500,0.017048500,0.017167000
2019-10-18,0.017184000,0.017196501,0.017139001,0.017127000
2019-10-21,0.017170999,0.017175499,0.017100999,0.017088000
2019-10-22,0.017088000,0.017120499,0.017078500,0.017036000
2019-10-23,0.017055999,0.017072000,0.016992001,0.016938999
2019-10-24,0.016912000,0.016989499,0.016884999,0.016733000
2019-10-25,0.016781000,0.016833000,0.016699500,0.016686000
2019-10-28,0.016799500,0.017129499,0.016676500,0.016782001
2019-10-29,0.016869500,0.016911000,0.016792500,0.016799999
2019-10-30,0.016859001,0.016889000,0.016788499,0.016737999
2019-10-31,0.016778501,0.016816000,0.016742000,0.016783999
2019-11-01,0.016787499,0.016834000,0.016746501,0.016729999
2019-11-04,0.016783999,0.016799999,0.016731501,0.016762000
2019-11-05,0.016771000,0.016814500,0.016733499,0.016759999
2019-11-06,0.016761500,0.016763501,0.016761500,0.016759001
2019-11-07,0.016772000,0.016805500,0.016755000,0.016775999
2019-11-08,0.016806999,0.016829999,0.016742000,0.016804000
2019-11-11,0.016805500,0.016818499,0.016781500,0.016750000
2019-11-12,0.016815500,0.016827499,0.016723501,0.016742000
2019-11-13,0.016798500,0.016824501,0.016731501,0.016721999
2019-11-14,0.016786501,0.016797500,0.016731501,0.016775999
2019-11-15,0.016797500,0.016815500,0.016748000,0.016749000
2019-11-18,0.016813001,0.016865000,0.016760500,0.016793000
2019-11-19,0.016827000,0.016834499,0.016767001,0.016729999
2019-11-20,0.016796000,0.016806001,0.016742000,0.016727000
2019-11-21,0.016770501,0.016796000,0.016727500,0.016720001
2019-11-22,0.016772000,0.016796000,0.016733000,0.016721999
2019-11-25,0.016775001,0.016798999,0.016726000,0.016735001
2019-11-26,0.016757000,0.016796000,0.016713001,0.016711000
2019-11-27,0.016708000,0.016796000,0.016681500,0.016689001
2019-11-28,0.016729500,0.016731000,0.016729500,0.016728001
2019-11-29,0.016735500,0.016746501,0.016693000,0.016682999
2019-12-02,0.016725000,0.016735001,0.016675999,0.016665000
2019-12-03,0.016728001,0.016779000,0.016694499,0.016686000
2019-12-04,0.016725000,0.016751001,0.016686000,0.016681001
2019-12-05,0.016698999,0.016732501,0.016690001,0.016674999
2019-12-06,0.016705001,0.016732000,0.016671499,0.016666001
2019-12-09,0.016754000,0.016779000,0.016709000,0.016686000
2019-12-10,0.016713500,0.016779000,0.016600000,0.016736001
2019-12-11,0.016737500,0.016770000,0.016725000,0.016708000
2019-12-12,0.016753500,0.016778501,0.016713999,0.016710000
2019-12-13,0.016752999,0.016769500,0.016697500,0.016693000
2019-12-16,0.016752500,0.016760500,0.016702000,0.016736001
2019-12-17,0.016754501,0.016770000,0.016701000,0.016705999
2019-12-18,0.016744001,0.016770000,0.016696000,0.016701000
2019-12-19,0.016754501,0.016755501,0.016693000,0.016736001
2019-12-20,0.016750500,0.016769500,0.016688000,0.016713001
2019-12-23,0.016743500,0.016744999,0.016692000,0.016651001
2019-12-24,0.016735500,0.016777501,0.016664499,0.016750000
2019-12-25,0.016799999,0.016799999,0.016799999,0.016799999
2019-12-26,0.016740000,0.016778000,0.016670000,0.016686000
2019-12-27,0.016715501,0.016720001,0.016677501,0.016713999
2019-12-30,0.016710499,0.016717000,0.016673500,0.016697001
2019-12-31,0.016703000,0.016705999,0.016702000,0.016700000
2020-01-01,0.016700000,0.016700000,0.016700000,0.016700000
2020-01-02,0.016742000,0.016763000,0.016686000,0.016717000
2020-01-03,0.016751001,0.016766001,0.016688500,0.016736001
2020-01-06,0.016744001,0.016768999,0.016714999,0.016713999
2020-01-07,0.016752500,0.016771000,0.016692000,0.016701000
2020-01-08,0.016744500,0.016749499,0.016708000,0.016713999
2020-01-09,0.016752999,0.016756000,0.016714500,0.016736001
2020-01-10,0.016752500,0.016781500,0.016701000,0.016711000
2020-01-13,0.016702000,0.016739000,0.016670501,0.016681001
2020-01-14,0.016720001,0.016740501,0.016681001,0.016666999
2020-01-15,0.016740501,0.016749499,0.016684501,0.016672000
2020-01-16,0.016711500,0.016713999,0.016667999,0.016692000
2020-01-17,0.016683500,0.016697001,0.016675999,0.016664000
2020-01-20,0.016674001,0.016681001,0.016650001,0.016652999
2020-01-21,0.016658500,0.016683500,0.016648000,0.016635999
2020-01-22,0.016656000,0.016709501,0.016634500,0.016666999
2020-01-23,0.016674001,0.016681001,0.016637500,0.016658001
2020-01-24,0.016678501,0.016682500,0.016635500,0.016661000
2020-01-27,0.016670000,0.016689500,0.016631501,0.016615000
2020-01-28,0.016656499,0.016683500,0.016613500,0.016635999
2020-01-29,0.016647000,0.016686499,0.016618000,0.016589001
2020-01-30,0.016638000,0.016654000,0.016592000,0.016592000
2020-01-31,0.016608501,0.016622500,0.016594000,0.016589001
2020-02-03,0.016644999,0.016670000,0.016589999,0.016510000
2020-02-04,0.016560500,0.016622500,0.016505999,0.016523000
2020-02-05,0.016532000,0.016559999,0.016503001,0.016481999
2020-02-06,0.016523000,0.016542500,0.016479000,0.016471000
2020-02-07,0.016502000,0.016503500,0.016460000,0.016472001
2020-02-10,0.016476000,0.016477000,0.016423499,0.016388999
2020-02-11,0.016418001,0.016546000,0.016387001,0.016344000
2020-02-12,0.016377499,0.016396999,0.016354000,0.016326999
2020-02-13,0.016347000,0.016353000,0.016307000,0.016308000
2020-02-14,0.016317001,0.016319500,0.016279001,0.016292000
2020-02-17,0.016263001,0.016271001,0.016248500,0.016244000
2020-02-18,0.016259501,0.016323000,0.016223500,0.016212000
2020-02-19,0.016244000,0.016258501,0.016205000,0.016189000
2020-02-20,0.016217999,0.016241999,0.016185500,0.016147001
2020-02-21,0.016213000,0.016227501,0.016157500,0.016156999
2020-02-24,0.016207499,0.016210500,0.016171001,0.016194001
2020-02-25,0.016199499,0.016221000,0.016185001,0.016159000
2020-02-26,0.016174000,0.016203500,0.016137000,0.016093999
2020-02-27,0.016133500,0.016135501,0.016092001,0.016111000
2020-02-28,0.016107000,0.016127000,0.016093001,0.016093001
2020-03-02,0.016102999,0.016118500,0.016066501,0.016059000
2020-03-03,0.016084000,0.016100500,0.016065501,0.016043000
2020-03-04,0.016068000,0.016079500,0.016038500,0.016032999
2020-03-05,0.016053500,0.016097000,0.016027000,0.016016001
2020-03-06,0.016070001,0.016085999,0.016010500,0.015978999
2020-03-09,0.016066000,0.016079500,0.015991000,0.015985999
2020-03-10,0.016018501,0.016034501,0.015980000,0.015953001
2020-03-11,0.016049501,0.016066000,0.015985999,0.015980000
2020-03-12,0.015954999,0.015997499,0.015918501,0.015912000
2020-03-13,0.015926501,0.015969500,0.015907500,0.015896000
2020-03-16,0.015921000,0.015924500,0.015880000,0.015883001
2020-03-17,0.015867500,0.015884500,0.015856501,0.015845001
2020-03-18,0.015857499,0.015864501,0.015807999,0.015787000
2020-03-19,0.015799500,0.015812499,0.015772499,0.015729999
2020-03-20,0.015734000,0.015755501,0.015705500,0.015679000
2020-03-23,0.015714999,0.015729001,0.015681000,0.015678000
2020-03-24,0.015714999,0.015717000,0.015682001,0.015701000
2020-03-25,0.015695000,0.015713001,0.015645500,0.015604000
2020-03-26,0.015626000,0.015707999,0.015589500,0.015565000
2020-03-27,0.015589500,0.015595000,0.015544000,0.015512000
2020-03-30,0.015531500,0.015568000,0.015515000,0.015528000
2020-03-31,0.015543500,0.015576000,0.015518500,0.015523000
2020-04-01,0.015548000,0.015561000,0.015512500,0.015489000
2020-04-02,0.015499000,0.015557000,0.015470500,0.015449000
2020-04-03,0.015475500,0.015518500,0.015448000,0.015404000
2020-04-06,0.015427500,0.015444500,0.015394000,0.015375000
2020-04-07,0.015403000,0.015424500,0.015370000,0.015361000
2020-04-08,0.015386500,0.015404000,0.015352500,0.015339000
2020-04-09,0.015368000,0.015395000,0.015356000,0.015340000
2020-04-10,0.015490500,0.015497000,0.015488000,0.015492000
2020-04-13,0.015443500,0.015537000,0.015392500,0.015281000
2020-04-14,0.015315500,0.015516500,0.015273000,0.015284000
2020-04-15,0.015279500,0.015286000,0.015262000,0.015235000
2020-04-16,0.015257000,0.015261000,0.015222000,0.015203000
2020-04-17,0.015212000,0.015232000,0.015196500,0.015194000
2020-04-20,0.015193000,0.015198000,0.015168000,0.015165000
2020-04-21,0.015175500,0.015182500,0.015141500,0.015122000
2020-04-22,0.015134500,0.015152500,0.015109500,0.015101000
2020-04-23,0.015121000,0.015147500,0.015088500,0.015075000
2020-04-24,0.015098500,0.015144500,0.015064000,0.015050000
2020-04-27,0.015080000,0.015144500,0.015054000,0.015044
2020-04-28,0.015037500,0.015055500,0.015026000,0.015020000
2020-04-29,0.015019000,0.015029500,0.014992500,0.014995000
2020-04-30,0.014980500,0.014995500,0.014961500,0.014972000
2020-05-01,0.015004000,0.015144500,0.014976500,0.015008000
2020-05-04,0.014976500,0.014984000,0.014949500,0.014929000
2020-05-05,0.014955500,0.014964000,0.014933000,0.014917000
2020-05-06,0.014937500,0.014945000,0.014919500,0.014894000
2020-05-07,0.014912500,0.014927000,0.014888500,0.014888000
2020-05-08,0.014900000,0.014917500,0.014882500,0.014863000
2020-05-11,0.014893500,0.014917500,0.014872500,0.014837000
2020-05-12,0.014842000,0.014865500,0.014833500,0.014819000
2020-05-13,0.014837000,0.014846000,0.014812500,0.014798000
2020-05-14,0.014807000,0.014825500,0.014800500,0.014793000
2020-05-15,0.014798500,0.014806000,0.014774000,0.014758000
2020-05-18,0.014756000,0.014757000,0.014746000,0.014743000
2020-05-19,0.014738500,0.014777000,0.014735500,0.014723000
2020-05-20,0.014724500,0.014777000,0.014707000,0.014719000
2020-05-21,0.014720500,0.014728500,0.014704000,0.014683000
2020-05-22,0.014693500,0.014719500,0.014674500,0.014667000
2020-05-25,0.014668130,0.014668130,0.014668130,0.014668130
2020-05-26,0.014692500,0.014717500,0.014655500,0.014636000
2020-05-27,0.014660500,0.014707000,0.014639500,0.014622000
2020-05-28,0.014641000,0.014707000,0.014619000,0.014606000
2020-05-29,0.014624000,0.014707000,0.014600500,0.014587000
2020-06-01,0.014604000,0.014612500,0.014578500,0.014582000
2020-06-02,0.014585000,0.014593000,0.014559500,0.014549000
2020-06-03,0.014553000,0.014574500,0.014543500,0.014533000
2020-06-04,0.014549000,0.014555000,0.014523000,0.014511000
2020-06-05,0.014528500,0.014537000,0.014510500,0.014484000
2020-06-08,0.014509500,0.014519000,0.014485000,0.014458000
2020-06-09,0.014486500,0.014498000,0.014467500,0.014454000
2020-06-10,0.014458500,0.014474500,0.014448500,0.014440000
2020-06-11,0.014458000,0.014488000,0.014441000,0.014426000
2020-06-12,0.014423500,0.014457000,0.014411000,0.014411000
2020-06-15,0.014440500,0.014450500,0.014423500,0.014401000
2020-06-16,0.014395000,0.014432000,0.014392000,0.014364000
2020-06-17,0.014367000,0.014388500,0.014357500,0.014340000
2020-06-18,0.014365000,0.014375500,0.014351500,0.014336000
2020-06-19,0.014353000,0.014354000,0.014331000,0.014337000
2020-06-22,0.014330000,0.014341000,0.014304000,0.014300000
2020-06-23,0.014291000,0.014310000,0.014289000,0.014278000
2020-06-24,0.014268000,0.014291500,0.014266000,0.014267000
2020-06-25,0.014275500,0.014287000,0.014257500,0.014253000
2020-06-26,0.014267000,0.014277500,0.014246500,0.014238000
2020-06-29,0.014252000,0.014260000,0.014221500,0.014198000
2020-06-30,0.014215000,0.014229000,0.014194500,0.014190000
2020-07-01,0.014188000,0.014192000,0.014186000,0.014180000
2020-07-02,0.014172000,0.014176000,0.014166000,0.014166000
2020-07-03,0.014160000,0.014164000,0.014154000,0.014156000
2020-07-06,0.014173500,0.014206500,0.014156000,0.014120000
2020-07-07,0.014130500,0.014141500,0.014114000,0.014108000
2020-07-08,0.014112000,0.014132500,0.014103000,0.014091000
2020-07-09,0.014116500,0.014127000,0.014096000,0.014094000
2020-07-10,0.014117500,0.014119500,0.014099500,0.014108000
2020-07-13,0.014088500,0.014109000,0.014073500,0.014034000
2020-07-14,0.014046000,0.014058000,0.014032000,0.014037000
2020-07-15,0.014052000,0.014054500,0.014026000,0.014011000
2020-07-16,0.014027000,0.014038000,0.014008500,0.013999000
2020-07-17,0.014012000,0.014014000,0.013994000,0.013990000
2020-07-20,0.014001000,0.014002500,0.013969500,0.013944000
2020-07-21,0.013955500,0.013974000,0.013950000,0.013943000
2020-07-22,0.013938000,0.013939000,0.013932000,0.013930000
2020-07-23,0.013957000,0.013961500,0.013931000,0.013917000
2020-07-24,0.013934500,0.013936500,0.013913500,0.013918000
2020-07-27,0.013891500,0.013906500,0.013874000,0.013871000
2020-07-28,0.013877500,0.013895000,0.013868500,0.013862000
2020-07-29,0.013871500,0.013883500,0.013855500,0.013850000
2020-07-30,0.013860500,0.013864000,0.013844500,0.013837000
2020-07-31,0.013848500,0.013852000,0.013832500,0.013827000
2020-08-03,0.013838000,0.013852000,0.013808000,0.013785000
2020-08-04,0.013792500,0.013810000,0.013784500,0.013780000
2020-08-05,0.013802500,0.013809500,0.013779000,0.013764000
2020-08-06,0.013778500,0.013782000,0.013759500,0.013755000
2020-08-07,0.013764500,0.013768500,0.013746500,0.013740000
2020-08-10,0.013753000,0.013771000,0.013729500,0.013717000
2020-08-11,0.013719000,0.013733500,0.013701000,0.013694000
2020-08-12,0.013709500,0.013714500,0.013691000,0.013687000
2020-08-13,0.013702500,0.013713000,0.013682500,0.013675000
2020-08-14,0.013674500,0.013675500,0.013670000,0.013669000
2020-08-17,0.013693500,0.013693500,0.013677500,0.013678000
2020-08-18,0.013654000,0.013688000,0.013652000,0.013624000
2020-08-19,0.013632000,0.013637000,0.013614500,0.013609000
2020-08-20,0.013635000,0.013641000,0.013610000,0.013594000
2020-08-21,0.013611000,0.013611000,0.013592000,0.013591000
2020-08-24,0.013605000,0.013611000,0.013572500,0.013557000
2020-08-25,0.013574500,0.013584500,0.013553500,0.013543000
2020-08-26,0.013560000,0.013572500,0.013542000,0.013534000
2020-08-27,0.013549500,0.013560500,0.013528500,0.013519000
2020-08-28,0.013536000,0.013547500,0.013517000,0.013511000
2020-08-31,0.013526000,0.013527000,0.013495500,0.013473000
2020-09-01,0.013489500,0.013489500,0.013470000,0.013468000
2020-09-02,0.013456000,0.013470500,0.013456000,0.013455000
2020-09-03,0.013477000,0.013481000,0.013455500,0.013446000
2020-09-04,0.013455000,0.013458500,0.013438500,0.013434000
2020-09-07,0.013397000,0.013398000,0.013397000,0.013396000
2020-09-08,0.013430500,0.013446500,0.013409000,0.013396000
2020-09-09,0.013398000,0.013408500,0.013379000,0.013372000
2020-09-10,0.013387500,0.013396500,0.013369000,0.013355000
2020-09-11,0.013371000,0.013379500,0.013360000,0.013360000
2020-09-14,0.013337500,0.013337500,0.013313000,0.013323000
2020-09-15,0.013324500,0.013325000,0.013304000,0.013307000
2020-09-16,0.013312500,0.013322500,0.013294000,0.013285000
2020-09-17,0.013290500,0.013301500,0.013282500,0.013277000
2020-09-18,0.013301000,0.013306000,0.013276500,0.013263000
2020-09-21,0.013237000,0.013279000,0.013230000,0.013240000
2020-09-22,0.013242500,0.013252500,0.013222500,0.013216000
2020-09-23,0.013231500,0.013242500,0.013212000,0.013204000
2020-09-24,0.013209500,0.013219000,0.013202500,0.013196000
2020-09-25,0.013196000,0.013228500,0.013190000,0.013179000
2020-09-28,0.013180500,0.013196500,0.013164000,0.013148000
2020-09-29,0.013157500,0.013160500,0.013142000,0.013137000
2020-09-30,0.013134000,0.013138000,0.013132000,0.013127000
2020-10-01,0.013128000,0.013146000,0.013120500,0.013125000
2020-10-02,0.013083000,0.013127500,0.013054500,0.012992000
2020-10-05,0.013009000,0.013010000,0.012983500,0.012995000
2020-10-06,0.012981000,0.012996000,0.012970000,0.012974000
2020-10-07,0.012972000,0.012995500,0.012970000,0.012968000
2020-10-08,0.012971000,0.012987500,0.012968000,0.012965000
2020-10-09,0.012978000,0.012994000,0.012962000,0.012962000
2020-10-12,0.012962600,0.012962600,0.012962600,0.012962600
2020-10-13,0.012975000,0.012987500,0.012943000,0.012910000
2020-10-14,0.012931500,0.012933000,0.012907500,0.012918000
2020-10-15,0.012914000,0.012931500,0.012912000,0.012907000
2020-10-16,0.012921000,0.012929500,0.012899500,0.012894000
2020-10-19,0.012908500,0.012909500,0.012890500,0.012890000
2020-10-20,0.012903000,0.012910500,0.012879000,0.012861000
2020-10-21,0.012879000,0.012893500,0.012868500,0.012873000
2020-10-22,0.012849500,0.012882500,0.012841000,0.012821000
2020-10-23,0.012812500,0.012823000,0.012810000,0.012798000
2020-10-26,0.012810500,0.012817500,0.012788000,0.012775000
2020-10-27,0.012782000,0.012798000,0.012776500,0.012770000
2020-10-28,0.012771000,0.012786000,0.012768500,0.012770000
2020-10-29,0.012785000,0.012786000,0.012768500,0.012770000
2020-10-30,0.012770500,0.012789500,0.012769000,0.012765000
2020-11-02,0.012759000,0.012789000,0.012736500,0.012708000
2020-11-03,0.012690500,0.012708000,0.012688500,0.012668000
2020-11-04,0.012709000,0.012721000,0.012678500,0.012645000
2020-11-05,0.012655500,0.012680000,0.012647000,0.012642000
2020-11-06,0.012649500,0.012661000,0.012643500,0.012650000
2020-11-09,0.012649500,0.012654000,0.012619000,0.012600000
2020-11-10,0.012608500,0.012619500,0.012602000,0.012596000
2020-11-11,0.012600000,0.012615500,0.012583500,0.012574000
2020-11-12,0.012593000,0.012593000,0.012568500,0.012575000
2020-11-13,0.012560500,0.012577500,0.012557000,0.012539000
2020-11-16,0.012544000,0.012562500,0.012526500,0.012505000
2020-11-17,0.012501500,0.012519000,0.012500000,0.012492000
2020-11-18,0.012494500,0.012511500,0.012484500,0.012469000
2020-11-19,0.012472000,0.012492500,0.012471000,0.012455000
2020-11-20,0.012452000,0.012469500,0.012451000,0.012444000
2020-11-23,0.012461500,0.012462500,0.012447500,0.012452000
2020-11-24,0.012432500,0.012455500,0.012417000,0.012392000
2020-11-25,0.012387000,0.012405500,0.012385000,0.012376000
2020-11-26,0.012372000,0.012377000,0.012371000,0.012361000
2020-11-27,0.012362500,0.012373000,0.012347500,0.012333000
2020-11-30,0.012331000,0.012345500,0.012314500,0.012297000
2020-12-01,0.012291000,0.012312000,0.012288500,0.012279000
2020-12-02,0.012293500,0.012296000,0.012274500,0.012270000
2020-12-03,0.012282000,0.012296000,0.012264500,0.012256000
2020-12-04,0.012265500,0.012270500,0.012251000,0.012244000
2020-12-07,0.012272500,0.012273500,0.012257500,0.012270000
2020-12-08,0.012264000,0.012265000,0.012250500,0.012255000
2020-12-09,0.012223500,0.012257000,0.012222500,0.012186000
2020-12-10,0.012195000,0.012207000,0.012180000,0.012173000
2020-12-11,0.012187000,0.012191500,0.012167000,0.012173000
2020-12-14,0.012164000,0.012180500,0.012144000,0.012139000
2020-12-15,0.012133000,0.012144500,0.012127000,0.012124000
2020-12-16,0.012127000,0.012134000,0.012108500,0.012099000
2020-12-17,0.012102000,0.012119500,0.012095500,0.012088000
2020-12-18,0.012085000,0.012113000,0.012071000,0.012068000
2020-12-21,0.012074500,0.012081500,0.012047000,0.012020000
2020-12-22,0.012025500,0.012044000,0.012018500,0.012011000
2020-12-23,0.012005500,0.012032500,0.012004000,0.011996000
2020-12-24,0.012014000,0.012022000,0.012001500,0.011994000
2020-12-25,0.012008410,0.012008410,0.012008410,0.012008410
2020-12-28,0.011919000,0.011943000,0.011918500,0.011912000
2020-12-29,0.011914500,0.011935000,0.011910000,0.011899000
2020-12-30,0.011893500,0.011927500,0.011893000,0.011884000
2020-12-31,0.011909500,0.011911000,0.011894500,0.011892000
2021-01-01,0.011892730,0.011892730,0.011747300,0.011747300
2021-01-04,0.011870000,0.011895000,0.011841000,0.011803000
2021-01-05,0.011806500,0.011823500,0.011800000,0.011792000
2021-01-06,0.011786500,0.011792500,0.011785000,0.011776000
2021-01-07,0.011783500,0.011804000,0.011771000,0.011761000
2021-01-08,0.011762000,0.011780500,0.011760500,0.011747000
2021-01-11,0.011762500,0.011780500,0.011736500,0.011706000
2021-01-12,0.011719000,0.011724000,0.011702500,0.011700000
2021-01-13,0.011695000,0.011718000,0.011626000,0.011688000
2021-01-14,0.011683000,0.011713000,0.011676000,0.011675000
2021-01-15,0.011671000,0.011712500,0.011669500,0.011663000
2021-01-18,0.011618500,0.011620000,0.011618500,0.011617000
2021-01-19,0.011650500,0.011712500,0.011636000,0.011600000
2021-01-20,0.011591500,0.011612000,0.011590000,0.011581000
2021-01-21,0.011572500,0.011572500,0.011569000,0.011569000
2021-01-22,0.0115735,0.011608500,0.011561500,0.011547000
2021-01-25,0.011521000,0.011561500,0.011505500,0.011500000
2021-01-26,0.011510500,0.011523000,0.011497500,0.011502000
2021-01-27,0.011492000,0.011508500,0.011489500,0.011478000
2021-01-28,0.011489500,0.011489500,0.011472000,0.011474000
2021-01-29,0.011465500,0.011478000,0.011464000,0.011452000
2021-02-01,0.011438000,0.011459500,0.011413000,0.011414000
2021-02-02,0.011411500,0.011420000,0.011400000,0.011400000
2021-02-03,0.011408000,0.011413000,0.011393500,0.011388000
2021-02-04,0.011393500,0.011407500,0.011380500,0.011374000
2021-02-05,0.011380500,0.011400000,0.011368500,0.011360000
2021-02-08,0.011364500,0.011379000,0.011351500,0.011340000
2021-02-09,0.011336500,0.011354000,0.011335500,0.011329000
2021-02-10,0.011323500,0.011329000,0.011322500,0.011316000
2021-02-11,0.011312000,0.011340000,0.011310500,0.011306000
2021-02-12,0.011301500,0.011312500,0.011294000,0.011305000
2021-02-15,0.011305500,0.011319000,0.011305500,0.011292000
2021-02-16,0.011312000,0.011312500,0.011298000,0.011305000
2021-02-17,0.011281500,0.011305500,0.011268000,0.011242000
2021-02-18,0.011237000,0.011260000,0.011235500,0.011228000
2021-02-19,0.011223000,0.011234500,0.011217000,0.011226000
2021-02-22,0.011211500,0.011233500,0.011198000,0.011181000
2021-02-23,0.011198000,0.011198500,0.011172500,0.011178000
2021-02-24,0.011166000,0.011206500,0.011165000,0.011151000
2021-02-25,0.011141500,0.011142500,0.011141500,0.011141000
2021-02-26,0.011134000,0.011154000,0.011132500,0.011132000
2021-03-01,0.011128500,0.011144000,0.011114500,0.011100000
2021-03-02,0.011108000,0.011132500,0.011094500,0.011091000
2021-03-03,0.011088500,0.011109000,0.011086000,0.011083000
2021-03-04,0.011077000,0.011083500,0.011075000,0.011074000
2021-03-05,0.011078000,0.011109000,0.011065000,0.011063000
2021-03-08,0.011070000,0.011092500,0.011051000,0.011050000
2021-03-09,0.011056500,0.011059000,0.011034500,0.011027000
2021-03-10,0.011028000,0.011035000,0.011021000,0.011023000
2021-03-11,0.011019000,0.011026500,0.011014000,0.011014000
2021-03-12,0.011015000,0.011026500,0.011010000,0.011014000
2021-03-15,0.011005500,0.011015500,0.010991500,0.010981000
2021-03-16,0.010977500,0.010981500,0.010976000,0.010972000
2021-03-17,0.010969000,0.010972500,0.010968000,0.010964000
2021-03-18,0.010970500,0.010980500,0.010958000,0.010954000
2021-03-19,0.010963500,0.010973500,0.010948500,0.010941000
2021-03-22,0.010945500,0.010957500,0.010930000,0.010921000
2021-03-23,0.010921500,0.010939000,0.010915500,0.010908000
2021-03-24,0.010935000,0.010936500,0.010920500,0.010935000
2021-03-25,0.010927500,0.010935500,0.010915000,0.010891000
2021-03-26,0.010904000,0.010907500,0.010889000,0.010887000
2021-03-29,0.010899500,0.010903000,0.010875500,0.010879000
2021-03-30,0.010877500,0.010890000,0.010876000,0.010874000
2021-03-31,0.010874500,0.010885500,0.010872500,0.010871000
2021-04-01,0.010903000,0.010920000,0.010880500,0.010909000
2021-04-02,0.010930000,0.010938000,0.010903500,0.010903000
2021-04-05,0.010897000,0.010916500,0.010865000,0.010836000
2021-04-06,0.010838500,0.010847500,0.010834500,0.010835000
2021-04-07,0.010830500,0.010852000,0.010828000,0.010827000
2021-04-08,0.010839000,0.010850000,0.010824000,0.010822000
2021-04-09,0.010833000,0.010843500,0.010819000,0.010815000
2021-04-12,0.010821500,0.010833500,0.010808000,0.010801000
2021-04-13,0.010810500,0.010812500,0.010797500,0.010796000
2021-04-14,0.010790500,0.010792000,0.010789000,0.010790000
2021-04-15,0.010799000,0.010800000,0.010786000,0.010784000
2021-04-16,0.010795000,0.010800000,0.010782000,0.010776000
2021-04-19,0.010780500,0.010786000,0.010767500,0.010761000
2021-04-20,0.010770000,0.010772500,0.010757000,0.010755000
2021-04-21,0.010770000,0.010777500,0.010752500,0.010746000
2021-04-22,0.010758000,0.010760000,0.010744500,0.010743000
2021-04-23,0.010752500,0.010757500,0.010740000,0.010738000
2021-04-26,0.010750000,0.010750000,0.010700000,0.010700000
2021-04-27,0.010700000,0.010700000,0.010700000,0.010700000
2021-04-28,0.010700000,0.010700000,0.010700000,0.010700000
2021-04-29,0.010700000,0.010700000,0.010700000,0.010700000
2021-04-30,0.010700000,0.010700000,0.010700000,0.010700000
2021-05-03,0.010700000,0.010700000,0.010700000,0.010700000
2021-05-04,0.010700000,0.010700000,0.010700000,0.010700000
2021-05-05,0.010680500,0.010721000,0.010665000,0.010663000
2021-05-06,0.010670500,0.010721500,0.010660500,0.010661000
2021-05-07,0.010721000,0.010721000,0.010655000,0.010655000
2021-05-10,0.010670000,0.010721000,0.010640500,0.010644000
2021-05-11,0.010652000,0.010721000,0.010642000,0.010653000
2021-05-12,0.010653500,0.010653500,0.010638500,0.010639000
2021-05-13,0.010649500,0.010650000,0.010634000,0.010636000
2021-05-14,0.010645000,0.010647000,0.010630500,0.010630000
2021-05-17,0.010641500,0.010641500,0.010621000,0.010619000
2021-05-18,0.010631000,0.010632000,0.010617500,0.010617000
2021-05-19,0.010624500,0.010634500,0.010612500,0.010615000
2021-05-20,0.010615150,0.010629000,0.010610500,0.010610500
2021-05-21,0.010620000,0.010625500,0.010605000,0.010602000
2021-05-24,0.010615500,0.010620500,0.010606500,0.010602000
2021-05-25,0.010615620,0.010615620,0.010607000,0.010614000
2021-05-26,0.010614500,0.010621000,0.010583000,0.010583000
2021-05-27,0.010580500,0.010593000,0.010577000,0.010586000
2021-05-28,0.010587500,0.010593000,0.010574000,0.010574000
2021-05-31,0.010586500,0.010586500,0.010559500,0.010557000
2021-06-01,0.010568500,0.010573500,0.010554000,0.010564000
2021-06-02,0.010566000,0.010566000,0.010551000,0.010550000
2021-06-03,0.010566000,0.010566000,0.010544500,0.010544000
2021-06-04,0.010556000,0.010558500,0.010539500,0.010549000
2021-06-07,0.010551000,0.010551000,0.010525500,0.010524000
2021-06-08,0.010537500,0.010537500,0.010523500,0.010522000
2021-06-09,0.010534000,0.010534000,0.010517000,0.010520000
2021-06-10,0.010518000,0.010518500,0.010513500,0.010515000
2021-06-11,0.010524000,0.010526000,0.010508500,0.010510000
2021-06-14,0.010519000,0.010521000,0.010496500,0.010498000
2021-06-15,0.010496000,0.010507500,0.010493000,0.010492000
2021-06-16,0.010491000,0.010502000,0.010490000,0.010491000
2021-06-17,0.010500500,0.010500500,0.010486500,0.010485000
2021-06-18,0.010496000,0.010496500,0.010483500,0.010483000
2021-06-21,0.010485000,0.010499000,0.010484000,0.010482000
2021-06-22,0.010493500,0.010494000,0.010469500,0.010467000
2021-06-23,0.010476000,0.010486500,0.010465500,0.010463000
2021-06-24,0.010475000,0.010478500,0.010463000,0.010462000
2021-06-25,0.010473000,0.010477000,0.010458500,0.010457000
2021-06-28,0.010469000,0.010474500,0.010450000,0.010448000
2021-06-29,0.010468500,0.010470500,0.010448500,0.010448000
2021-06-30,0.010458500,0.010459500,0.010444000,0.010447000
2021-07-01,0.010456000,0.010458000,0.010440000,0.010442000
2021-07-02,0.010452000,0.010452000,0.010437000,0.010438000
2021-07-05,0.010448000,0.010448000,0.010427000,0.010428000
2021-07-06,0.010438000,0.010438000,0.010423000,0.010425000
2021-07-07,0.010434000,0.010435500,0.010419000,0.010422000
2021-07-08,0.010423000,0.010433000,0.010415500,0.010418000
2021-07-09,0.010428000,0.010435000,0.010418500,0.010414000
2021-07-12,0.010427000,0.010435000,0.010404000,0.010406000
2021-07-13,0.010404000,0.010406500,0.010401000,0.010403000
2021-07-14,0.010401500,0.010403500,0.010397500,0.010399000
2021-07-15,0.010396500,0.010396500,0.010396500,0.010396000
2021-07-16,0.010393500,0.010393500,0.010393500,0.010393000
2021-07-19,0.010383000,0.010388500,0.010381500,0.010383000
2021-07-20,0.010382000,0.010382000,0.010379000,0.010380000
2021-07-21,0.010377000,0.010379000,0.010375000,0.010377000
2021-07-22,0.010374000,0.010384000,0.010371000,0.010372000
2021-07-23,0.010382000,0.010382500,0.010367000,0.010378500
2021-07-26,0.010365500,0.010365500,0.010358500,0.010358000
2021-07-27,0.010355500,0.010355500,0.010352500,0.010354000
2021-07-28,0.010353000,0.010378500,0.010346500,0.010350000
2021-07-29,0.010360000,0.010360000,0.010342000,0.010343000
2021-07-30,0.010347000,0.010356500,0.010339000,0.010341000
2021-08-02,0.010354500,0.010355000,0.010328000,0.010331000
2021-08-03,0.010330500,0.010332000,0.010323500,0.010330000
2021-08-04,0.010322500,0.010328500,0.010319000,0.010326000
2021-08-05,0.010326500,0.010337000,0.010320000,0.010319000
2021-08-06,0.010329500,0.010330500,0.010314500,0.010319000
2021-08-09,0.010330500,0.010330500,0.010289500,0.010309000
2021-08-10,0.010319000,0.010320500,0.010304000,0.010306000
2021-08-11,0.010315500,0.010316000,0.010302000,0.010300000
2021-08-12,0.010309000,0.010318500,0.010298500,0.010296000
2021-08-13,0.010305500,0.010315500,0.010298000,0.010298000
2021-08-16,0.010310000,0.010314000,0.010300000,0.010306000
2021-08-17,0.010307000,0.010307000,0.010279500,0.010281000
2021-08-18,0.010289000,0.010292000,0.010277000,0.010281000
2021-08-19,0.010292500,0.010292500,0.010278000,0.010279000
2021-08-20,0.010280000,0.010292000,0.010274000,0.010284000
2021-08-23,0.010264000,0.010266500,0.010264000,0.010266000
2021-08-24,0.010276000,0.010281000,0.010261000,0.010270000
2021-08-25,0.010272000,0.010284500,0.010253000,0.010255000
2021-08-26,0.010262500,0.010271000,0.010249500,0.010251000
2021-08-27,0.010262000,0.010262000,0.010247000,0.010245000
2021-08-30,0.010257000,0.010257000,0.010228500,0.010232000
2021-08-31,0.010243000,0.010243000,0.010228500,0.010230000
2021-09-01,0.010240000,0.010240000,0.010222000,0.010222000
2021-09-02,0.010233000,0.010234000,0.010219500,0.010221000
2021-09-03,0.010217000,0.010219500,0.010216500,0.010217000
2021-09-06,0.010210500,0.010213500,0.010205500,0.010208000
2021-09-07,0.010218500,0.010218500,0.010201500,0.010203000
2021-09-08,0.010214000,0.010215000,0.010198000,0.010202000
2021-09-09,0.010200500,0.010209500,0.010195500,0.010196000
2021-09-10,0.010207000,0.010209000,0.010191000,0.010190000
2021-09-13,0.010202010,0.010202010,0.010178500,0.010184500
2021-09-14,0.010194000,0.010194000,0.010176000,0.010179000
2021-09-15,0.010186500,0.010196500,0.010176000,0.010175000
2021-09-16,0.010182500,0.010192000,0.010169500,0.010171000
2021-09-17,0.010180500,0.010181000,0.010164500,0.010163000
2021-09-20,0.010174500,0.010174500,0.010150500,0.010151000
2021-09-21,0.010159500,0.010170000,0.010150500,0.010152000
2021-09-22,0.010163000,0.010164500,0.010146500,0.010153000
2021-09-23,0.010153000,0.010164000,0.010146500,0.010146000
2021-09-24,0.010153000,0.010163000,0.010143500,0.010144000
2021-09-27,0.010154500,0.010154500,0.010132000,0.010134000
2021-09-28,0.010145500,0.010151000,0.010131500,0.010143000
2021-09-29,0.010144500,0.010144500,0.010128500,0.010127000
2021-09-30,0.010135000,0.010145000,0.010125500,0.010127000
2021-10-01,0.010137000,0.010137000,0.010120000,0.010131000
2021-10-04,0.010130000,0.010130000,0.010108500,0.010110000
2021-10-05,0.010120500,0.010122000,0.010108500,0.010110000
2021-10-06,0.010120000,0.010121000,0.010106500,0.010109000
2021-10-07,0.010110000,0.010123000,0.010105500,0.010114000
2021-10-08,0.010115000,0.010115500,0.010115000,0.010114000
2021-10-11,0.010115310,0.010115310,0.010115310,0.010115310
2021-10-12,0.010115500,0.010115500,0.010088500,0.010089000
2021-10-13,0.010096000,0.010104000,0.010087500,0.010086000
2021-10-14,0.010093000,0.010103000,0.010084500,0.010083000
2021-10-15,0.010090000,0.010099500,0.010080500,0.010080000
2021-10-18,0.010085500,0.010087000,0.010070000,0.010073000
2021-10-19,0.010078000,0.010085500,0.010068000,0.010069000
2021-10-20,0.010069000,0.010074500,0.010064500,0.010064000
2021-10-21,0.010069000,0.010072000,0.010062000,0.010061000
2021-10-22,0.010065000,0.010070000,0.010058500,0.010057000
2021-10-25,0.010063500,0.010063500,0.010048500,0.010050000
2021-10-26,0.010055500,0.010055500,0.010044500,0.010044000
2021-10-27,0.010049500,0.010049500,0.010035000,0.010034000
2021-10-28,0.010039500,0.010039500,0.010027500,0.010031000
2021-10-29,0.010039500,0.010040500,0.010026500,0.010026000
2021-11-01,0.010036000,0.010036000,0.010014500,0.010017000
2021-11-02,0.010020500,0.010025500,0.010012500,0.010011000
2021-11-03,0.010017500,0.010018000,0.010008000,0.010007000
2021-11-04,0.010013000,0.010013500,0.010002500,0.010002000
2021-11-05,0.010008500,0.010011000,0.010003500,0.010003000
2021-11-08,0.010009500,0.010009500,0.0099914996,0.0099970000
2021-11-09,0.0099989995,0.010002000,0.0099879997,0.0099870004
2021-11-10,0.0099865003,0.0099914996,0.0099849999,0.0099849999
2021-11-11,0.0099830003,0.0099839997,0.0099804997,0.0099790003
2021-11-12,0.0099910004,0.0099910004,0.0099719996,0.0099759996
2021-11-15,0.0099719996,0.0099740000,0.0099684997,0.0099710003
2021-11-16,0.0099724997,0.0099775000,0.0099660000,0.0099689998
2021-11-17,0.0099764997,0.0099764997,0.0099614998,0.0099620000
2021-11-18,0.0099660000,0.0099705001,0.0099585000,0.0099579999
2021-11-19,0.0099644996,0.0099644996,0.0099510001,0.0099539999
2021-11-22,0.0099585000,0.0099620000,0.0099560004,0.0099529997
2021-11-23,0.0099590002,0.0099590002,0.0099350000,0.0099419998
2021-11-24,0.0099379998,0.0099430000,0.0099355001,0.0099360002
2021-11-25,0.0099320002,0.0099320002,0.0099320002,0.0099299997
2021-11-26,0.0099579999,0.0099579999,0.0099205002,0.0099250004
2021-11-29,0.0099360002,0.0099360002,0.0099045001,0.0099060005
2021-11-30,0.0099055003,0.0099135004,0.0099045001,0.0099069998
2021-12-01,0.0099069998,0.0099120000,0.0098975003,0.0098980004
2021-12-02,0.0099029997,0.0099055003,0.0098909996,0.0098900003
2021-12-03,0.0098865004,0.0098994998,0.0098815002,0.0098895002
2021-12-06,0.0098890001,0.0098890001,0.0098644998,0.0098700002
2021-12-07,0.0098639997,0.0098764999,0.0098599996,0.0098590003
2021-12-08,0.0098644998,0.0098660002,0.0098615000,0.0098569999
2021-12-09,0.0098494999,0.0098580001,0.0098454999,0.0098479996
2021-12-10,0.0098545002,0.0098564997,0.0098395003,0.0098510003
2021-12-13,0.0098519996,0.0098519996,0.0098275002,0.0098310001
2021-12-14,0.0098364996,0.0098364996,0.0098205004,0.0098230001
2021-12-15,0.0098294998,0.0098294998,0.0098174997,0.0098200003
2021-12-16,0.0098249996,0.0098294998,0.0098110000,0.0098110000
2021-12-17,0.0098179998,0.0098179998,0.0098064998,0.0098059997
2021-12-20,0.0098116202,0.0098116202,0.0097859995,0.0097909998
2021-12-21,0.0097955000,0.0097955000,0.0097805001,0.0097800000
2021-12-22,0.0097859995,0.0097859995,0.0097749997,0.0097770002
2021-12-23,0.0097820004,0.0097824996,0.0097685000,0.0097709997
2021-12-24,0.0097749997,0.0097815003,0.0097749997,0.0097780004
2021-12-27,0.0097789997,0.0097789997,0.0097455000,0.0097510004
2021-12-28,0.0097510004,0.0097535001,0.0097415000,0.0097449999
2021-12-29,0.0097465003,0.0097505003,0.0097375000,0.0097420001
2021-12-30,0.0097425003,0.0097430004,0.0097305002,0.0097369999
2021-12-31,0.0097380001,0.0097404998,0.0097355004,0.0097369999
2022-01-03,0.0097040003,0.0097380001,0.0097019998,0.0097070001
2022-01-04,0.0097105000,0.0097150002,0.0096979998,0.0096979998
2022-01-05,0.0097040003,0.0097045004,0.0096934997,0.0096939998
2022-01-06,0.0096955001,0.0097014997,0.0096840002,0.0096859997
2022-01-07,0.0096995002,0.0096995002,0.0096800001,0.0096810004
2022-01-10,0.0096859997,0.0096859997,0.0096565001,0.0096659996
2022-01-11,0.0096540004,0.0096605001,0.0096530002,0.0096540004
2022-01-12,0.0096580004,0.0096629998,0.0096465005,0.0096460003
2022-01-13,0.0096465005,0.0096540004,0.0096265003,0.0096370000
2022-01-14,0.0096300002,0.0096324999,0.0096260002,0.0096279997
2022-01-17,0.0096105002,0.0096105002,0.0096105002,0.0096070003
2022-01-18,0.0096124997,0.0096124997,0.0095955003,0.0095969997
2022-01-19,0.0095920004,0.0095974999,0.0095875002,0.0095899999
2022-01-20,0.0095985001,0.0095985001,0.0095845005,0.0095849996
2022-01-21,0.0095894998,0.0095920004,0.0095805004,0.0095830001
2022-01-24,0.0095875002,0.0095875002,0.0095629999,0.0095659997
2022-01-25,0.0095690005,0.0095875002,0.0095574995,0.0095579997
2022-01-26,0.0095579997,0.0095720002,0.0095490003,0.0095499996
2022-01-27,0.0095504997,0.0095549999,0.0095405001,0.0095450003
2022-01-28,0.0095375003,0.0095434999,0.0095344996,0.0095380005
2022-01-31,0.0095295003,0.0095424997,0.0095199998,0.0095220003
2022-02-01,0.0095170001,0.0095170001,0.0095034996,0.0095130000
2022-02-02,0.0095255002,0.0095255002,0.0095020002,0.0095079998
2022-02-03,0.0095170001,0.0095170001,0.0094910003,0.0094980001
2022-02-04,0.0094844997,0.0094915004,0.0094835004,0.0094830003
2022-02-07,0.0094560003,0.0094675003,0.0094550001,0.0094609996
2022-02-08,0.0094529996,0.0094585000,0.0094494997,0.0094499998
2022-02-09,0.0094550001,0.0094550001,0.0094405003,0.0094440002
2022-02-10,0.0094325002,0.0094344998,0.0094315000,0.0094320001
2022-02-11,0.0094325002,0.0094550001,0.0094205001,0.0094189998
2022-02-14,0.0094280001,0.0094280001,0.0093930000,0.0093999999
2022-02-15,0.0094055003,0.0094055003,0.0093909996,0.0093909996
2022-02-16,0.0093825003,0.0093874997,0.0093825003,0.0093874997
2022-02-17,0.0093874997,0.0093879998,0.0093729999,0.0093729999
2022-02-18,0.0093780002,0.0093780002,0.0093639996,0.0093639996
2022-02-21,0.0093510002,0.0093510002,0.0093390001,0.0093369996
2022-02-22,0.0093304999,0.0093379999,0.0093280002,0.0093280002
2022-02-23,0.0093329996,0.0093329996,0.0093174996,0.0093210004
2022-02-24,0.0093245003,0.0093245003,0.0093064997,0.0093130004
2022-02-25,0.0093165003,0.0093165003,0.0093059996,0.0093059996
2022-02-28,0.0093165003,0.0093170004,0.0093085002,0.0093109999
2022-03-01,0.0093109999,0.0093139997,0.0093090003,0.0093109999
2022-03-02,0.0092794998,0.0093115000,0.0092569999,0.0092639998
2022-03-03,0.0092669996,0.0092690000,0.0092535000,0.0092550004
2022-03-04,0.0092695002,0.0092695002,0.0092444997,0.0092460001
2022-03-07,0.0092195002,0.0092214998,0.0092185000,0.0092209997
2022-03-08,0.0092150001,0.0092214998,0.0091695003,0.0092110001
2022-03-09,0.0092014996,0.0092214998,0.0092000002,0.0092000002
2022-03-10,0.0092000002,0.0092000002,0.0091894995,0.0091930004
2022-03-11,0.0091819996,0.0091934996,0.0091819996,0.0091880001
2022-03-14,0.0091875000,0.0091875000,0.0091514997,0.0091580004
2022-03-15,0.0091519998,0.0091530001,0.0091469996,0.0091460003
2022-03-16,0.0091514997,0.0091514997,0.0091375001,0.0091390004
2022-03-17,0.0091434997,0.0091434997,0.0091295000,0.0091310004
2022-03-18,0.0091244997,0.0091270003,0.0091169998,0.0091169998
2022-03-21,0.0091009997,0.0091060000,0.0090870000,0.0090929996
2022-03-22,0.0090934997,0.0090934997,0.0090840003,0.0090849996
2022-03-23,0.0090849996,0.0090849996,0.0090750000,0.0090760002
2022-03-24,0.0090805003,0.0090830000,0.0090394998,0.0089980001
2022-03-25,0.0090805003,0.0090810005,0.0090284999,0.0090589998
2022-03-28,0.0090805003,0.0090805003,0.0090319999,0.0090340003
2022-03-29,0.0090255002,0.0090260003,0.0090234997,0.0090239998
2022-03-30,0.0090185003,0.0090215001,0.0090135001,0.0090180002
2022-03-31,0.0090089999,0.0090110004,0.0090079997,0.0090079997
2022-04-01,0.0090124998,0.0090124998,0.0089974999,0.0089980001
2022-04-04,0.0090030003,0.0090030003,0.0089600002,0.0089609995
2022-04-05,0.0089680003,0.0089680003,0.0089499997,0.0089520002
2022-04-06,0.0089530004,0.0089565003,0.0089379996,0.0089410003
2022-04-07,0.0089415004,0.0089544998,0.0089295004,0.0089290002
2022-04-08,0.0089299995,0.0089344997,0.0089154998,0.0089159999
2022-04-11,0.0089199999,0.0089199999,0.0088799996,0.0088799996
2022-04-12,0.0088855000,0.0088860001,0.0088675003,0.0088670002
2022-04-13,0.0088715004,0.0088715004,0.0088524995,0.0088520003
2022-04-14,0.0088564996,0.0088604996,0.0088539999,0.0088529997
2022-04-15,0.0088560004,0.0088560004,0.0088560004,0.0088539999
2022-04-18,0.0088235000,0.0088264998,0.0087935003,0.0087900003
2022-04-19,0.0087959999,0.0087959999,0.0087874997,0.0087879999
2022-04-20,0.0087919999,0.0087919999,0.0087735001,0.0087745003
2022-04-21,0.0087775001,0.0087794997,0.0087615000,0.0087649999
2022-04-22,0.0087689999,0.0087689999,0.0087529998,0.0087529998
2022-04-25,0.0087575000,0.0087575000,0.0087169996,0.0087195002
2022-04-26,0.0087190000,0.0087230001,0.0087069999,0.0087069999
2022-04-27,0.0087230001,0.0087230001,0.0086920001,0.0086930003
2022-04-28,0.0086970003,0.0086989999,0.0086815003,0.0086810002
2022-04-29,0.0086855004,0.0086855004,0.0086704995,0.0086709997
2022-05-02,0.0086754998,0.0086754998,0.0086350003,0.0086404998
2022-05-03,0.0086404998,0.0086449999,0.0086284997,0.0086289998
2022-05-04,0.0086300001,0.0086329998,0.0086169997,0.0086190002
2022-05-05,0.0086235004,0.0086235004,0.0086070001,0.0086089997
2022-05-06,0.0086235004,0.0086235004,0.0085965004,0.0085969996
2022-05-09,0.0085979998,0.0085979998,0.0085629998,0.0085650003
2022-05-10,0.0085530002,0.0085589997,0.0085504996,0.0085509997
2022-05-11,0.0085399998,0.0085460003,0.0085380003,0.0085399998
2022-05-12,0.0085405000,0.0085455002,0.0085265003,0.0085279997
2022-05-13,0.0085324999,0.0085324999,0.0085150003,0.0085159997
2022-05-16,0.0085199997,0.0085199997,0.0084805004,0.0084840003
2022-05-17,0.0084845005,0.0084884996,0.0084694996,0.0084690005
2022-05-18,0.0084729996,0.0084765004,0.0084704999,0.0084729996
2022-05-19,0.0084739998,0.0084739998,0.0084474999,0.0084499996
2022-05-20,0.0084539996,0.0084539996,0.0084384996,0.0084400000
2022-05-23,0.0084535005,0.0084535005,0.0084060002,0.0084050000
2022-05-24,0.0084020002,0.0084020002,0.0083950004,0.0083940001
2022-05-25,0.0083990004,0.0084015001,0.0083964998,0.0083980002
2022-05-26,0.0083844997,0.0083990004,0.0083729997,0.0083740000
2022-05-27,0.0083774999,0.0083774999,0.0083635002,0.0083640004
2022-05-30,0.0083480002,0.0083489995,0.0083320001,0.0083330004
2022-05-31,0.0083370004,0.0083370004,0.0083194999,0.0083194999
2022-06-01,0.0083234999,0.0083234999,0.0083090002,0.0083100004
2022-06-02,0.0083109997,0.0083234999,0.0082994997,0.0083010001
2022-06-03,0.0083010001,0.0083050001,0.0082865003,0.0082860002
2022-06-06,0.0082900003,0.0082900003,0.0082555003,0.0082559995
2022-06-07,0.0082510002,0.0082515003,0.0082444996,0.0082449997
2022-06-08,0.0082329996,0.0082334997,0.0082329996,0.0082329996
2022-06-09,0.0082270000,0.0082280003,0.0082210004,0.0082200002
2022-06-10,0.0082109999,0.0082115000,0.0082104998,0.0082099997
2022-06-13,0.0081780003,0.0082250005,0.0081765000,0.0081759999
2022-06-14,0.0081805000,0.0081805000,0.0081625003,0.0081620002
2022-06-15,0.0081660002,0.0081660002,0.0081475005,0.0081500001
2022-06-16,0.0081439996,0.0081439996,0.0081334999,0.0081350002
2022-06-17,0.0081395004,0.0081414999,0.0081374999,0.0081390003
2022-06-21,0.0081399996,0.0081399996,0.0080805002,0.0080850003
2022-06-22,0.0080890004,0.0080890004,0.0080720000,0.0080730002
2022-06-23,0.0080770003,0.0080770003,0.0080580004,0.0080580004
2022-06-24,0.0080519998,0.0080540003,0.0080465004,0.0080479998
2022-06-27,0.0080730002,0.0080730002,0.0080169998,0.0080209998
2022-06-28,0.0080215000,0.0080220001,0.0080070002,0.0080080004
2022-06-29,0.0079964995,0.0080014998,0.0079964995,0.0079969997
2022-06-30,0.0079905000,0.0079915002,0.0079854997,0.0079849996
2022-07-01,0.0079739997,0.0079744998,0.0079699997,0.0079690004
2022-07-04,0.0079335002,0.0079394998,0.0079335002,0.0079380004
2022-07-05,0.0079424996,0.0079424996,0.0079234997,0.0079239998
2022-07-06,0.0079279998,0.0079279998,0.0079114996,0.0079119997
2022-07-07,0.0078999996,0.0079055000,0.0078999996,0.0078999996
2022-07-08,0.0079279998,0.0079279998,0.0078844996,0.0078849997
2022-07-11,0.0078900000,0.0078900000,0.0078499997,0.0078520002
2022-07-12,0.0078384997,0.0078389999,0.0078379996,0.0078379996
2022-07-13,0.0078415005,0.0078415005,0.0078234999,0.0078229997
2022-07-14,0.0078175003,0.0078184996,0.0078115002,0.0078119999
2022-07-15,0.0078050001,0.0078055002,0.0077975001,0.0077979998
2022-07-18,0.0077780001,0.0077789999,0.0077565000,0.0077570002
2022-07-19,0.0077510001,0.0077514998,0.0077435002,0.0077430001
2022-07-20,0.0077295001,0.0077295001,0.0077275001,0.0077280002
2022-07-21,0.0077145002,0.0077165002,0.0077140001,0.0077160001
2022-07-22,0.0077195000,0.0077195000,0.0077040000,0.0077069998
2022-07-25,0.0077195000,0.0077195000,0.0076684998,0.0076690000
2022-07-26,0.0076724999,0.0076724999,0.0076520001,0.0076509998
2022-07-27,0.0076555000,0.0076555000,0.0076390002,0.0076390002
2022-07-28,0.0076425001,0.0076430002,0.0076259999,0.0076259999
2022-07-29,0.0076210001,0.0076265000,0.0076164999,0.0076170000
2022-08-01,0.0076219998,0.0076219998,0.0075780000,0.0075820000
2022-08-02,0.0075730002,0.0075745001,0.0075645000,0.0075639999
2022-08-03,0.0075675002,0.0075675002,0.0075520002,0.0075520002
2022-08-04,0.0075675002,0.0075675002,0.0075375000,0.0075389999
2022-08-05,0.0075384998,0.0075530000,0.0075214999,0.007522
2022-08-08,0.0075059999,0.0075269998,0.0074870000,0.0074870000
2022-08-09,0.0074870000,0.0074910000,0.0074715000,0.0074709998
2022-08-10,0.0074745002,0.0074760001,0.0074580000,0.0074620000
2022-08-11,0.0074614999,0.0074660000,0.0074470001,0.0074479999
2022-08-12,0.0074339998,0.0074485000,0.0074300002,0.0074290000
2022-08-15,0.0074335001,0.0074355002,0.0074295001,0.0074330000
2022-08-16,0.0074359998,0.0074359998,0.0073805000,0.0073890002
2022-08-17,0.0073919999,0.0073940000,0.0073750000,0.0073779998
2022-08-18,0.0073815002,0.0073819999,0.0073630000,0.0073630000
2022-08-19,0.0073664999,0.0073675001,0.0073445002,0.0073440000
2022-08-22,0.0073475000,0.0073480001,0.0073079998,0.0073179998
2022-08-23,0.0073175002,0.0073219999,0.0073020002,0.0073020002
2022-08-24,0.0073015001,0.0073050000,0.0072869998,0.0072909999
2022-08-25,0.0073050000,0.0073050000,0.0072765001,0.0072780000
2022-08-26,0.0072789998,0.0072825002,0.0072615002,0.0072610001
2022-08-29,0.0072820000,0.0072820000,0.0072269998,0.0072300001
2022-08-30,0.0072165001,0.0072305002,0.0072145001,0.0072140000
2022-08-31,0.0072145001,0.0072180000,0.0072065000,0.0072079999
2022-09-01,0.0072120000,0.0072120000,0.0071859998,0.0071789999
2022-09-02,0.0072120000,0.0072120000,0.0071820002,0.0071850000
2022-09-05,0.0071855001,0.0071855001,0.0071324999,0.0071299998
2022-09-06,0.0071345000,0.0071370001,0.0071109999,0.0071120001
2022-09-07,0.0071164998,0.0071345000,0.0070994999,0.0071009998
2022-09-08,0.0071045002,0.0071049999,0.0070799999,0.0070850002
2022-09-09,0.0071049999,0.0071049999,0.0070659998,0.0070730001
2022-09-12,0.0070480001,0.0070515000,0.0070250002,0.0070280000
2022-09-13,0.0070300000,0.0070320000,0.0070125000,0.0070130001
2022-09-14,0.0070320000,0.0070320000,0.0069975001,0.0069990000
2022-09-15,0.0069990000,0.0069990000,0.0069835000,0.0069829999
2022-09-16,0.0069869999,0.0069869999,0.0069674999,0.0069670002
2022-09-19,0.0069245002,0.0069309999,0.0069245002,0.0069269999
2022-09-20,0.0069300001,0.0069304998,0.0069114999,0.0069140000
2022-09-21,0.0069169998,0.0069275000,0.0068999999,0.0069010002
2022-09-22,0.0069040000,0.0069060000,0.0068879998,0.0068879998
2022-09-23,0.0068915002,0.0068919999,0.0068744998,0.0068750000
2022-09-26,0.0068554999,0.0069054998,0.0068359999,0.0068359999
2022-09-27,0.0068290001,0.0068370001,0.0068219998,0.0068230000
2022-09-28,0.0068399999,0.0068410002,0.0068089999,0.0068089999
2022-09-29,0.0068120002,0.0068135001,0.0067949998,0.0067989999
2022-09-30,0.0068015000,0.0068015000,0.0067874999,0.0067880000
2022-10-03,0.0067909998,0.0067909998,0.0067424998,0.0067460001
2022-10-04,0.0067480002,0.0067484998,0.0067294999,0.0067300000
2022-10-05,0.0067294999,0.0067294999,0.0067145000,0.0067159999
2022-10-06,0.0067015002,0.0067150001,0.0067010000,0.0067019998
2022-10-07,0.0067024999,0.0067030001,0.0067024999,0.0067019998
2022-10-10,0.0067024999,0.0067030001,0.0067024999,0.0067019998
2022-10-11,0.0067065000,0.0067065000,0.0066284998,0.0066359998
2022-10-12,0.0066390000,0.0066395001,0.0066185002,0.0066220001
2022-10-13,0.0066249999,0.0066249999,0.0066080000,0.0066089998
2022-10-14,0.0066125002,0.0066125002,0.0065925000,0.0065930001
2022-10-17,0.0065959999,0.0065959999,0.0065529998,0.0065569999
2022-10-18,0.0065600001,0.0065604998,0.0065414999,0.0065430002
2022-10-19,0.0065434999,0.0065434999,0.0065275002,0.0065279999
2022-10-20,0.0065319999,0.0065319999,0.0065139998,0.0065150000
2022-10-21,0.0065000001,0.0065144999,0.0064995000,0.0065009999
2022-10-24,0.0064619998,0.0064665000,0.0064610001,0.0064619998
2022-10-25,0.0064550000,0.0064625000,0.0064480002,0.0064480002
2022-10-26,0.0064484999,0.0064515001,0.0064335000,0.0064349999
2022-10-27,0.0064220000,0.0064349999,0.0064220000,0.0064229998
2022-10-28,0.0064515001,0.0064515001,0.0064085000,0.0064090001
2022-10-31,0.0064130002,0.0064130002,0.0063729999,0.0063729999
2022-11-01,0.0063764998,0.0063764998,0.0063574999,0.0063580000
2022-11-02,0.0063574999,0.0063574999,0.0063439999,0.0063450001
2022-11-03,0.0063494998,0.0063494998,0.0063304999,0.0063310000
2022-11-04,0.0063244998,0.0063479999,0.0063164998,0.0063169999
2022-11-07,0.0063200002,0.0063200002,0.0062755002,0.0062750001
2022-11-08,0.0062755002,0.0062755002,0.0062609999,0.0062609999
2022-11-09,0.0062640002,0.0062640002,0.0062460001,0.0062489999
2022-11-10,0.0062475000,0.0062480001,0.0062334999,0.0062330002
2022-11-11,0.0062219999,0.0062340000,0.0062205000,0.0062219999
2022-11-14,0.0061820000,0.0061860001,0.0061809998,0.0061809998
2022-11-15,0.0061814999,0.0061814999,0.0061665000,0.0061679999
2022-11-16,0.0061714998,0.0061714998,0.0061539998,0.0061550001
2022-11-17,0.0061424999,0.0061555002,0.0061415001,0.0061430000
2022-11-18,0.0061464999,0.0061464999,0.0061285002,0.0061280001
2022-11-21,0.0061315000,0.0061315000,0.0061315000,0.0061315000
2022-11-22,0.0061285002,0.0061285002,0.0060755000,0.0060790000
2022-11-23,0.0060660001,0.0060790000,0.0060660001,0.0060790000
2022-11-24,0.0060525001,0.0060525001,0.0060525001,0.0060525001
2022-11-25,0.0060549998,0.0060549998,0.0060379999,0.0060390001
2022-11-28,0.0060195001,0.0060195001,0.0060009998,0.0060020001
2022-11-29,0.0060049999,0.0060049999,0.0059874998,0.0059890002
2022-11-30,0.0059925001,0.0059925001,0.0059755002,0.0059775002
2022-12-01,0.0059799999,0.0059799999,0.0059620002,0.0059620002
2022-12-02,0.0059644999,0.0059644999,0.0059469999,0.0059495000
2022-12-05,0.0059520002,0.0059529999,0.0059119998,0.0059119998
2022-12-06,0.0058980002,0.0059010000,0.0058980002,0.0059000002
2022-12-07,0.0059010000,0.0059010000,0.0058855000,0.0058864998
2022-12-08,0.0058884998,0.0058884998,0.0058875000,0.0058875000
2022-12-09,0.0058884998,0.0058884998,0.0058875000,0.0058875000
2022-12-12,0.0058884998,0.0058884998,0.0058320002,0.0058350000
2022-12-13,0.0058380002,0.0058384999,0.0058209999,0.0058209999
2022-12-14,0.0058240001,0.0058240001,0.0058085001,0.0058120000
2022-12-15,0.0058120000,0.0058240001,0.0057985000,0.0057999999
2022-12-16,0.0058025001,0.0058025001,0.0057879998,0.0057905000
2022-12-19,0.0058025001,0.0058025001,0.0057569998,0.0057595000
2022-12-20,0.0057595000,0.0057625002,0.0057485001,0.0057494999
2022-12-21,0.0057494999,0.0057625002,0.0057385000,0.0057385000
2022-12-22,0.0057410002,0.0057410002,0.0057264999,0.0057295002
2022-12-23,0.0057290001,0.0057410002,0.0057184999,0.0057199998
2022-12-26,0.0057040001,0.0057040001,0.0056889998,0.0056900000
2022-12-27,0.0056925002,0.0056925002,0.0056785000,0.0056799999
2022-12-28,0.0056825001,0.0056825001,0.0056695002,0.0056695002
2022-12-29,0.0056584999,0.0056695002,0.0056564999,0.0056564999
2022-12-30,0.0056595001,0.0056595001,0.0056455000,0.0056455000
2023-01-02,0.0056294999,0.0056294999,0.0056134998,0.0056134998
2023-01-03,0.0056035002,0.0056065000,0.0056035002,0.0056065000
2023-01-04,0.0056059998,0.0056085000,0.0055950000,0.0055979998
2023-01-05,0.0055999998,0.0055999998,0.0055869999,0.0055884998
2023-01-06,0.0055789999,0.0055910000,0.0055785002,0.0055785002
2023-01-09,0.0055815000,0.0055815000,0.0055499999,0.0055525000
2023-01-10,0.0055519999,0.0055519999,0.0055424999,0.0055435002
2023-01-11,0.0055439998,0.0055465000,0.0055340002,0.0055350000
2023-01-12,0.0055255000,0.0055350000,0.0055255000,0.0055255000
2023-01-13,0.0055284998,0.0055284998,0.0055155000,0.0055165002
2023-01-16,0.0055025001,0.0055025001,0.0054890001,0.0054890001
2023-01-17,0.0054914998,0.0054914998,0.0054790000,0.0054795002
2023-01-18,0.0054795002,0.0054819998,0.0054700002,0.0054700002
2023-01-19,0.0054704999,0.0054730000,0.0054604998,0.0054609999
2023-01-20,0.0054609999,0.0054609999,0.0054509998,0.0054509998
2023-01-23,0.0054535000,0.0054535000,0.0054235002,0.0054239999
2023-01-24,0.0054265000,0.0054265000,0.0054139998,0.0054144999
2023-01-25,0.0054170000,0.0054170000,0.0054035001,0.0054044998
2023-01-26,0.0054060002,0.0054060002,0.0053955000,0.0053960001
2023-01-27,0.0053960001,0.0053984998,0.0053854999,0.0053874999
2023-01-30,0.0053900001,0.0053900001,0.0053590001,0.0053599998
2023-01-31,0.0053625000,0.0053625000,0.0053480002,0.0053480002
2023-02-01,0.0053504999,0.0053504999,0.0053380001,0.0053400001
2023-02-02,0.0053395000,0.0053395000,0.0053289998,0.0053309998
2023-02-03,0.0053305002,0.0053335000,0.0053185001,0.0053190002
2023-02-06,0.0053229998,0.0053229998,0.0052875001,0.0052880002
2023-02-07,0.0052880002,0.0052904999,0.0052764998,0.0052764998
2023-02-08,0.0052789999,0.0052789999,0.0052660001,0.0052674999
2023-02-09,0.0052574999,0.0052674999,0.0052570002,0.0052574999
2023-02-10,0.0052600000,0.0052600000,0.0052479999,0.0052490002
2023-02-13,0.0052505000,0.0052505000,0.0052169999,0.0052180002
2023-02-14,0.0052200002,0.0052200002,0.0052069998,0.0052085002
2023-02-15,0.0052109999,0.0052109999,0.0051960000,0.0051980000
2023-02-16,0.0051974999,0.0051974999,0.0051859999,0.0051859999
2023-02-17,0.0051859999,0.0051859999,0.0051759998,0.0051759998
2023-02-21,0.0051785000,0.0051785000,0.0051765000,0.0051765000
2023-02-22,0.0051785000,0.0051785000,0.0051279999,0.0051294998
2023-02-23,0.0051294998,0.0051320000,0.0051185000,0.0051199999
2023-02-24,0.0051199999,0.0051219999,0.0051084999,0.0051090000
2023-02-27,0.0051119998,0.0051119998,0.0050805002,0.0050814999
2023-02-28,0.0050814999,0.0050814999,0.0050710002,0.0050720000
2023-03-01,0.0050619999,0.0050720000,0.0050605,0.0050614998
2023-03-02,0.0050614998,0.0050614998,0.0050524999,0.0050539998
2023-03-03,0.0050535002,0.0050559998,0.0050430000,0.0050435001
2023-03-06,0.0050459998,0.0050459998,0.0050149998,0.0050165001
2023-03-07,0.0050165001,0.0050189998,0.0050070002,0.0050085001
2023-03-08,0.0050085001,0.0050110002,0.0049990001,0.0050005000
2023-03-09,0.0049999999,0.0050030001,0.0049904999,0.0049904999
2023-03-10,0.0049939998,0.0049939998,0.0049815001,0.0049815001
2023-03-13,0.0049840002,0.0049840002,0.0049840002,0.0049840002
2023-03-14,0.0049470002,0.0049485001,0.0049459999,0.0049480000
2023-03-15,0.0049500000,0.0049500000,0.0049370001,0.0049370001
2023-03-16,0.0049275002,0.0049379999,0.0049270000,0.0049275002
2023-03-17,0.0049275002,0.0049275002,0.0049175001,0.0049175001
2023-03-20,0.0049200002,0.0049200002,0.0048890002,0.0048894999
2023-03-21,0.0048920000,0.0048920000,0.0048779999,0.0048779999
2023-03-22,0.0048799999,0.0048799999,0.0048679998,0.0048690001
2023-03-23,0.0048710001,0.0048710001,0.0048590000,0.0048600002
2023-03-24,0.0048619998,0.0048619998,0.0048619998,0.0048619998
2023-03-27,0.0048619998,0.0048619998,0.0048210002,0.0048210002
2023-03-28,0.0048230002,0.0048230002,0.0048110001,0.0048115002
2023-03-29,0.0048139999,0.0048139999,0.0047995001,0.0048010000
2023-03-30,0.0047944998,0.0047944998,0.0047935001,0.0047944998
2023-03-31,0.0047970000,0.0047970000,0.0047845002,0.0047845002
2023-04-03,0.0047869999,0.0047869999,0.0047535002,0.0047539999
2023-04-04,0.0047559999,0.0047559999,0.0047430000,0.0047444999
2023-04-05,0.0047459998,0.0047459998,0.0047340002,0.0047340002
2023-04-06,0.0047364999,0.0047364999,0.0047340002,0.0047340002
2023-04-07,0.0047340002,0.0047344998,0.0047340002,0.0047344998
2023-04-10,0.0047364999,0.0047364999,0.0046855002,0.0046864999
2023-04-11,0.0046890001,0.0046905000,0.0046770000,0.0046780002
2023-04-12,0.0046799998,0.0046799998,0.0046664998,0.0046680002
2023-04-13,0.0046700002,0.0046700002,0.0046580001,0.0046580001
2023-04-14,0.0046605002,0.0046605002,0.0046485001,0.0046489998
2023-04-17,0.0046509998,0.0046509998,0.0046215001,0.0046215001
2023-04-18,0.0046235002,0.0046235002,0.0046100002,0.0046100002
2023-04-19,0.0046115001,0.0046115001,0.0045980001,0.0045985002
2023-04-20,0.0045860000,0.0045880000,0.0045860000,0.0045869998
2023-04-21,0.0045894999,0.0045894999,0.0045754998,0.0045765000
2023-04-24,0.0045785001,0.0045785001,0.0045400001,0.0045409999
2023-04-25,0.0045424998,0.0045424998,0.0045269998,0.0045274999
2023-04-26,0.0045294999,0.0045294999,0.0045130001,0.0045139999
2023-04-27,0.0045159999,0.0045159999,0.0045035002,0.0045045000
2023-04-28,0.0045065000,0.0045065000,0.0044915001,0.0044915001
2023-05-01,0.0044935001,0.0044935001,0.0044904999,0.0044904999
2023-05-02,0.0044930000,0.0044930000,0.0044490001,0.0044514998
2023-05-03,0.0044539999,0.0044539999,0.0044404999,0.0044404999
2023-05-04,0.0044410001,0.0044430001,0.0044304999,0.0044315001
2023-05-05,0.0044310000,0.0044330000,0.0044120001,0.0044204998
2023-05-08,0.0044220001,0.0044220001,0.0043899999,0.0043934998
2023-05-09,0.0043950002,0.0043950002,0.0043825000,0.0043839999
2023-05-10,0.0043839999,0.0043859999,0.0043739998,0.0043759998
2023-05-11,0.0043680002,0.0043759998,0.0043664998,0.0043675001
2023-05-12,0.0043690000,0.0043690000,0.0043575000,0.0043620002
2023-05-15,0.0043354998,0.0043365001,0.0043350002,0.0043354998
2023-05-16,0.0043374998,0.0043374998,0.0043239999,0.0043265000
2023-05-17,0.0043290001,0.0043290001,0.0043124999,0.0043175002
2023-05-18,0.0043190001,0.0043190001,0.0043044998,0.0043080002
2023-05-19,0.0043100002,0.0043100002,0.0042945002,0.0042949999
2023-05-22,0.0042964998,0.0042964998,0.0042630001,0.0042674998
2023-05-23,0.0042679999,0.0042679999,0.0042559998,0.0042564999
2023-05-24,0.0042584999,0.0042584999,0.0042420002,0.0042420002
2023-05-25,0.0042440002,0.0042440002,0.0042420002,0.0042424998
2023-05-26,0.0042440002,0.0042440002,0.0042420002,0.0042420002
2023-05-29,0.0041975002,0.0041975002,0.0041975002,0.0041975002
2023-05-30,0.0041990001,0.0041990001,0.0041860002,0.0041870000
2023-05-31,0.0041870000,0.0041884999,0.0041755000,0.0041760001
2023-06-01,0.0041775000,0.0041775000,0.0041629998,0.0041629998
2023-06-02,0.0041550002,0.0041654999,0.0041519999,0.0041519999
2023-06-05,0.0041240002,0.0041244999,0.0041220002,0.0041244999
2023-06-06,0.0041255001,0.0041255001,0.0041115000,0.0041120001
2023-06-07,0.0041135000,0.0041135000,0.0041009998,0.0041060001
2023-06-08,0.0041009998,0.0041034999,0.0040914998,0.0040914998
2023-06-09,0.0040914998,0.0040930002,0.0040810001,0.0040815002
2023-06-12,0.0040834998,0.0040834998,0.0040515,0.0040520001
2023-06-13,0.0040544998,0.0040549999,0.0040414999,0.0040465002
2023-06-14,0.0040465002,0.0040480001,0.0040330002,0.0040330002
2023-06-15,0.0040345001,0.0040345001,0.0040155002,0.0040155002
2023-06-16,0.0040259999,0.0040259999,0.0040095001,0.0040115002
2023-06-19,0.0040110000,0.0040110000,0.0040110000,0.0040110000
2023-06-20,0.0040110000,0.0040119998,0.0040110000,0.0040110000
2023-06-21,0.0040119998,0.0040119998,0.0039665001,0.0039700000
2023-06-22,0.0039605000,0.0039700000,0.0039590001,0.0039590001
2023-06-23,0.0039539998,0.0039590001,0.0039499998,0.0039515002
2023-06-26,0.0039269999,0.0039315000,0.0039265002,0.0039289999
2023-06-27,0.0039324998,0.0039324998,0.0039169998,0.0039180000
2023-06-28,0.0039194999,0.0039194999,0.0039080000,0.0039080000
2023-06-29,0.0039100000,0.0039100000,0.0038985000,0.0039025000
2023-06-30,0.0038950001,0.0039029999,0.0038950001,0.0038955000
2023-07-03,0.0038680001,0.0038780000,0.0038680001,0.0038770000
2023-07-04,0.0038604999,0.0038610001,0.0038580000,0.0038580000
2023-07-05,0.0038584999,0.0038584999,0.0038470000,0.0038500000
2023-07-06,0.0038540000,0.0038544999,0.0038395000,0.0038405000
2023-07-07,0.0038425000,0.0038425000,0.0038310001,0.0038315000
2023-07-10,0.0038335000,0.0038335000,0.0038055000,0.0038089999
2023-07-11,0.0038079999,0.0038109999,0.0037970000,0.0037984999
2023-07-12,0.0038005000,0.0038005000,0.0037875001,0.0037880000
2023-07-13,0.0037895001,0.0037895001,0.0037795000,0.0037815000
2023-07-14,0.0037839999,0.0037839999,0.0037705000,0.0037735000
2023-07-17,0.0037479999,0.0037499999,0.0037469999,0.0037469999
2023-07-18,0.0037505000,0.0037505000,0.0037360000,0.0037384999
2023-07-19,0.0037384999,0.0037384999,0.0037229999,0.0037295001
2023-07-20,0.0037219999,0.0037229999,0.0037199999,0.0037229999
2023-07-21,0.0037185000,0.0037185000,0.0037110001,0.0037115000
2023-07-24,0.0036875000,0.0036895000,0.0036859999,0.0036889999
2023-07-25,0.0036909999,0.0036909999,0.0036790001,0.0036815000
2023-07-26,0.0036810001,0.0036835000,0.0036700000,0.0036700000
2023-07-27,0.0036619999,0.0036655001,0.0036615001,0.0036630000
2023-07-28,0.0036535000,0.0036549999,0.0036535000,0.0036545000
2023-07-31,0.0036325001,0.0036330000,0.0036325001,0.0036325001
2023-08-01,0.0036239999,0.0036330000,0.0036205000,0.0036210001
2023-08-02,0.0036225000,0.0036225000,0.0036055001,0.0036055001
2023-08-03,0.0035939999,0.0035959999,0.0035925000,0.0035959999
2023-08-04,0.0035814999,0.0035814999,0.0035794999,0.0035804999
2023-08-07,0.0035349999,0.0035349999,0.0035305000,0.0035315000
2023-08-08,0.0035160000,0.0035200000,0.0035160000,0.0035200000
2023-08-09,0.0035059999,0.0035069999,0.0035055000,0.0035065000
2023-08-10,0.0035079999,0.0035079999,0.0034934999,0.0034944999
2023-08-11,0.0034815001,0.0034815001,0.0034805001,0.0034805001
2023-08-14,0.0028575000,0.0028575000,0.0028570001,0.0028575000
2023-08-15,0.0028575000,0.0028589999,0.0028570001,0.0028575000
2023-08-16,0.0028570001,0.0028575000,0.0028570001,0.0028575000
2023-08-17,0.0028575000,0.0028585000,0.0028570001,0.0028575000
2023-08-18,0.0028575000,0.0028575000,0.0028570001,0.0028575000
2023-08-21,0.0028570001,0.0028585000,0.0028570001,0.0028585000
2023-08-22,0.0028585000,0.0028585000,0.0028570001,0.0028575000
2023-08-23,0.0028575000,0.0028585000,0.0028570001,0.0028570001
2023-08-24,0.0028575000,0.0028575000,0.0028570001,0.0028575000
2023-08-25,0.0028575000,0.0028585000,0.0028570001,0.0028570001
2023-08-28,0.0028570001,0.0028575000,0.0028570001,0.0028575000
2023-08-29,0.0028575000,0.0028585000,0.0028575000,0.0028575000
2023-08-30,0.0028575000,0.0028585000,0.0028570001,0.0028585000
2023-08-31,0.0028575000,0.0028575000,0.0028570001,0.0028575000
2023-09-01,0.0028570001,0.0028580001,0.0028565000,0.0028580001
2023-09-04,0.0028570001,0.0028570001,0.0028570001,0.0028570001
2023-09-05,0.0028580001,0.0028580001,0.0028565000,0.0028575000
2023-09-06,0.0028570001,0.0028575000,0.0028570001,0.0028575000
2023-09-07,0.0028575000,0.0028585000,0.0028570001,0.0028575000
2023-09-08,0.0028570001,0.0028589999,0.0028570001,0.0028575000
2023-09-11,0.0028570001,0.0028575000,0.0028570001,0.0028575000
2023-09-12,0.0028575000,0.0028585000,0.0028570001,0.0028570001
2023-09-13,0.0028575000,0.0028575000,0.0028570001,0.0028570001
2023-09-14,0.0028570001,0.0028575000,0.0028570001,0.0028570001
2023-09-15,0.0028585000,0.0028585000,0.0028570001,0.0028585000
2023-09-18,0.0028575000,0.0028585000,0.0028570001,0.0028575000
2023-09-19,0.0028570001,0.0028575000,0.0028570001,0.0028575000
2023-09-20,0.0028575000,0.0028585000,0.0028565000,0.0028575000
2023-09-21,0.0028570001,0.0028575000,0.0028570001,0.0028570001
2023-09-22,0.0028575000,0.0028575000,0.0028570001,0.0028570001
2023-09-25,0.0028575000,0.0028575000,0.0028570001,0.0028570001
2023-09-26,0.0028565000,0.0028570001,0.0028565000,0.0028570001
2023-09-27,0.0028570001,0.0028575000,0.0028565000,0.0028575000
2023-09-28,0.0028575000,0.0028575000,0.0028570001,0.0028570001
2023-09-29,0.0028570001,0.0028575000,0.0028570001,0.0028570001
2023-10-02,0.0028570001,0.0028575000,0.0028565000,0.0028575000
2023-10-03,0.0028570001,0.0028570001,0.0028565000,0.0028570001
2023-10-04,0.0028570001,0.0028570001,0.0028565000,0.0028570001
2023-10-05,0.0028565000,0.0028575000,0.0028565000,0.0028570001
2023-10-06,0.0028570001,0.0028585000,0.0028565000,0.0028585000
2023-10-09,0.0028570001,0.0028575000,0.0028570001,0.0028570001
2023-10-10,0.0028580001,0.0028580001,0.0028565000,0.0028565000
2023-10-11,0.0028565000,0.0028580001,0.0028565000,0.0028565000
2023-10-12,0.0028565000,0.0028570001,0.0028565000,0.0028565000
2023-10-16,0.0028565000,0.0028565000,0.0028565000,0.0028565000
2023-10-17,0.0028565000,0.0028580001,0.0028565000,0.0028580001
2023-10-18,0.0028580001,0.0028580001,0.0028565000,0.0028565000
2023-10-19,0.0028565000,0.0028580001,0.0028565000,0.0028575000
2023-10-20,0.0028570001,0.0028575000,0.0028565000,0.0028575000
2023-10-23,0.0028585000,0.0028585000,0.0028570001,0.0028575000
2023-10-24,0.0028570001,0.0028585000,0.0028565000,0.0028575000
2023-10-25,0.0028585000,0.0028585000,0.0028565000,0.0028565000
2023-10-26,0.0028565000,0.0028575000,0.0028565000,0.0028575000
2023-10-27,0.0028585000,0.0028585000,0.0028565000,0.0028570001
2023-10-30,0.0028565000,0.0028575000,0.0028565000,0.0028575000
2023-10-31,0.0028575000,0.0028585000,0.0028570001,0.0028575000
2023-11-01,0.0028570001,0.0028575000,0.0028565000,0.0028575000
2023-11-02,0.0028575000,0.0028575000,0.0028565000,0.0028565000
2023-11-03,0.0028575000,0.0028580001,0.0028565000,0.0028570001
2023-11-06,0.0028570001,0.0028570001,0.0028570001,0.0028570001
2023-11-07,0.0028575000,0.0028580001,0.0028570001,0.0028580001
2023-11-08,0.0028565000,0.0028580001,0.0028565000,0.0028575000
2023-11-09,0.0028565000,0.0028575000,0.0028565000,0.0028575000
2023-11-10,0.0028575000,0.0028575000,0.0028570001,0.0028575000
2023-11-13,0.0028565000,0.0028575000,0.0028565000,0.0028570001
2023-11-14,0.0028570001,0.0028575000,0.0028550001,0.0028565000
2023-11-15,0.0028325000,0.0028329999,0.0028319999,0.0028329999
2023-11-16,0.0028345000,0.0028345000,0.0028230001,0.0028289999
2023-11-17,0.0028289999,0.0028339999,0.0028230001,0.0028250001
2023-11-20,0.0028305000,0.0028305000,0.0028260001,0.0028260001
2023-11-21,0.0028085001,0.0028100000,0.0028080000,0.0028085001
2023-11-22,0.0028045001,0.0028049999,0.0028045001,0.0028049999
2023-11-23,0.0028009999,0.0028009999,0.0028009999,0.0028009999
2023-11-24,0.0027970001,0.0027979999,0.0027965000,0.0027965000
2023-11-27,0.0027910001,0.0027910001,0.0027854999,0.0027860000
2023-11-28,0.0027854999,0.0027860000,0.0027810000,0.0027815001
2023-11-29,0.0027810000,0.0027810000,0.0027770000,0.0027780000
2023-11-30,0.0027735000,0.0027810000,0.0027729999,0.0027739999
2023-12-01,0.0027729999,0.0027729999,0.0027695000,0.0027695000
2023-12-04,0.0027584999,0.0027699999,0.0027580000,0.0027584999
2023-12-05,0.0027544999,0.0027550000,0.0027540000,0.0027544999
2023-12-06,0.0027544999,0.0027544999,0.0027505001,0.0027505001
2023-12-07,0.0027465001,0.0027505001,0.0027465001,0.0027465001
2023-12-08,0.0027480000,0.0027480000,0.0027475001,0.0027480000
2023-12-11,0.0027325000,0.0027335000,0.0027320001,0.0027335000
2023-12-12,0.0027284999,0.0027284999,0.0027284999,0.0027284999
2023-12-13,0.0012490000,0.0012500000,0.0012490000,0.0012500000
2023-12-14,0.0012485000,0.0012500000,0.0012485000,0.0012490000
2023-12-15,0.0012480000,0.0012490000,0.0012480000,0.0012480000
2023-12-18,0.0012460001,0.0012460001,0.0012460001,0.0012460001
2023-12-19,0.0012460001,0.0012460001,0.0012450001,0.0012450001
2023-12-20,0.0012440000,0.0012440000,0.0012440000,0.0012440000
2023-12-21,0.0012440000,0.0012440000,0.0012430000,0.0012430000
2023-12-22,0.0012425000,0.0012430000,0.0012425000,0.0012425000
2023-12-26,0.0012410000,0.0012410000,0.0012390000,0.0012390000
2023-12-27,0.0012385000,0.0012385000,0.0012385000,0.0012385000
2023-12-28,0.0012380000,0.0012385000,0.0012380000,0.0012380000
2023-12-29,0.0012380000,0.0012380000,0.0012370000,0.0012370000
2024-01-02,0.0012340000,0.0012340000,0.0012335000,0.0012340000
2024-01-03,0.0012330000,0.0012340000,0.0012330000,0.0012340000
2024-01-04,0.0012320000,0.0012340000,0.0012320000,0.0012320000
2024-01-05,0.0012309999,0.0012320000,0.0012309999,0.0012309999
2024-01-08,0.0012300001,0.0012300001,0.0012290000,0.0012290000
2024-01-09,0.0012290000,0.0012290000,0.0012280000,0.0012280000
2024-01-10,0.0012270000,0.0012290000,0.0012270000,0.0012270000
2024-01-11,0.0012260000,0.0012260000,0.0012260000,0.0012260000
2024-01-12,0.0012250000,0.0012260000,0.0012250000,0.0012250000
2024-01-15,0.0012240000,0.0012240000,0.0012230000,0.0012230000
2024-01-16,0.0012220000,0.0012220000,0.0012220000,0.0012220000
2024-01-17,0.0012215000,0.0012220000,0.0012215000,0.0012215000
2024-01-18,0.0012215000,0.0012215000,0.0012210000,0.0012210000
2024-01-19,0.0012205000,0.0012205000,0.0012200000,0.0012200000
2024-01-22,0.0012170000,0.0012170000,0.0012170000,0.0012170000
2024-01-23,0.0012170000,0.0012170000,0.0012170000,0.0012170000
2024-01-24,0.0012159999,0.0012159999,0.0012159999,0.0012159999
2024-01-25,0.0012154999,0.0012154999,0.0012150001,0.0012150001
2024-01-26,0.0012140000,0.0012140000,0.0012140000,0.0012140000
2024-01-29,0.0012120000,0.0012120000,0.0012120000,0.0012120000
2024-01-30,0.0012120000,0.0012120000,0.0012110000,0.0012110000
2024-01-31,0.0012100000,0.0012100000,0.0012100000,0.0012100000
2024-02-01,0.0012095000,0.0012095000,0.0012090000,0.0012090000
2024-02-02,0.0012090000,0.0012090000,0.0012090000,0.0012090000
2024-02-05,0.0012060000,0.0012060000,0.0012055000,0.0012060000
2024-02-06,0.0012055000,0.0012055000,0.0012050000,0.0012055000
2024-02-07,0.0012050000,0.0012050000,0.0012050000,0.0012050000
2024-02-08,0.0012040000,0.0012040000,0.0012040000,0.0012040000
2024-02-09,0.0012035000,0.0012035000,0.0012030000,0.0012030000
2024-02-12,0.0012030000,0.0012030000,0.0012030000,0.0012030000
2024-02-13,0.0012030000,0.0012030000,0.0012030000,0.0012030000
2024-02-14,0.0011990000,0.0011990000,0.0011990000,0.0011990000
2024-02-15,0.0011980000,0.0011980000,0.0011980000,0.0011980000
2024-02-16,0.0011975000,0.0011980000,0.0011975000,0.0011975000
2024-02-19,0.0011950000,0.0011950000,0.0011950000,0.0011950000
2024-02-20,0.0011945000,0.0011945000,0.0011940000,0.0011940000
2024-02-21,0.0011935000,0.0011940000,0.0011935000,0.0011935000
2024-02-22,0.0011930000,0.0011940000,0.0011930000,0.0011930000
2024-02-23,0.0011920000,0.0011930000,0.0011920000,0.0011920000
2024-02-26,0.0011905000,0.0011905000,0.0011895000,0.0011895000
2024-02-27,0.0011890000,0.0011900000,0.0011890000,0.0011890000
2024-02-28,0.0011885000,0.0011900000,0.0011880000,0.0011880000
2024-02-29,0.0011875000,0.0011875000,0.0011870000,0.0011870000
2024-03-01,0.0011865000,0.0011865000,0.0011859999,0.0011859999
2024-03-04,0.0011845001,0.0011845001,0.0011840001,0.0011845001
2024-03-05,0.0011840001,0.0011840001,0.0011830000,0.0011830000
2024-03-06,0.0011825000,0.0011825000,0.0011820000,0.0011825000
2024-03-07,0.0011820000,0.0011820000,0.0011815000,0.0011815000
2024-03-08,0.0011810000,0.0011820000,0.0011810000,0.0011810000
2024-03-11,0.0011790000,0.0011830000,0.0011790000,0.0011830000
2024-03-12,0.0011785000,0.0012040000,0.0011780000,0.0012040000
2024-03-13,0.0012040000,0.0012340000,0.0011765000,0.0011765000
2024-03-14,0.0011760000,0.0011770000,0.0011760000,0.0011760000
2024-03-15,0.0011755000,0.0011770000,0.0011755000,0.0011755000
2024-03-18,0.0011745000,0.0011745000,0.0011730000,0.0011735000
2024-03-19,0.0011730000,0.0011730000,0.0011720000,0.0011720000
2024-03-20,0.0011720000,0.0011730000,0.0011715000,0.0011720000
2024-03-21,0.0011715000,0.0011715000,0.0011704999,0.0011704999
2024-03-22,0.0011699999,0.0011699999,0.0011699999,0.0011699999
2024-03-25,0.0011680000,0.0011680000,0.0011680000,0.0011680000
2024-03-26,0.0011680000,0.0011680000,0.0011670000,0.0011675000
2024-03-27,0.0011670000,0.0011670000,0.0011660000,0.0011660000
2024-03-28,0.0011660000,0.0011660000,0.0011660000,0.0011660000
2024-04-01,0.0011660000,0.0011660000,0.0011660000,0.0011660000
2024-04-03,0.0011660000,0.0011660000,0.0011660000,0.0011660000
2024-04-04,0.0011660000,0.0011660000,0.0011605000,0.0011605000
2024-04-05,0.0011600000,0.0011600000,0.0011590000,0.0011590000
2024-04-08,0.0011580000,0.0011580000,0.0011570000,0.0011570000
2024-04-09,0.0011565000,0.0011570000,0.0011560000,0.0011565000
2024-04-10,0.0011555000,0.0011560000,0.0011555000,0.0011555000
2024-04-11,0.0011555000,0.0011555000,0.0011549999,0.0011549999
2024-04-12,0.0011540001,0.0011540001,0.0011535001,0.0011535001
2024-04-15,0.0011515000,0.0011520000,0.0011515000,0.0011515000
2024-04-16,0.0011515000,0.0011515000,0.0011510000,0.0011510000
2024-04-17,0.0011505000,0.0011505000,0.0011500000,0.0011505000
2024-04-18,0.0011495000,0.0011500000,0.0011495000,0.0011495000
2024-04-19,0.0011485000,0.0011485000,0.0011475000,0.0011475000
2024-04-22,0.0011465000,0.0011465000,0.0011460000,0.0011465000
2024-04-23,0.0011460000,0.0011460000,0.0011455000,0.0011455000
2024-04-24,0.0011450000,0.0011450000,0.0011450000,0.0011450000
2024-04-25,0.0011445000,0.0011445000,0.0011445000,0.0011445000
2024-04-26,0.0011440000,0.0011440000,0.0011435000,0.0011435000
2024-04-29,0.0011415000,0.0011415000,0.0011405000,0.0011405000
2024-04-30,0.0011405000,0.0011410000,0.0011405000,0.0011405000
2024-05-01,0.0011410000,0.0011410000,0.0011410000,0.0011410000
2024-05-02,0.0011385001,0.0011385001,0.0011385001,0.0011385001
2024-05-03,0.0011385001,0.0011385001,0.0011380001,0.0011380001
2024-05-06,0.0011370000,0.0011370000,0.0011360000,0.0011360000
2024-05-07,0.0011355000,0.0011360000,0.0011355000,0.0011355000
2024-05-08,0.0011340000,0.0011340000,0.0011340000,0.0011340000
2024-05-09,0.0011335000,0.0011335000,0.0011330000,0.0011335000
2024-05-10,0.0011330000,0.0011330000,0.0011325000,0.0011325000
2024-05-13,0.0011310000,0.0011310000,0.0011310000,0.0011310000
2024-05-14,0.0011295000,0.0011295000,0.0011295000,0.0011295000
2024-05-15,0.0011290000,0.0011290000,0.0011290000,0.0011290000
2024-05-16,0.0011285000,0.0011285000,0.0011285000,0.0011285000
2024-05-17,0.0011280000,0.0011280000,0.0011275000,0.0011275000
2024-05-20,0.0011250000,0.0011250000,0.0011250000,0.0011250000
2024-05-21,0.0011244999,0.0011250000,0.0011244999,0.0011244999
2024-05-22,0.0011239999,0.0011239999,0.0011235001,0.0011235001
2024-05-23,0.0011235001,0.0011235001,0.0011230001,0.0011235001
2024-05-24,0.0011225000,0.0011225000,0.0011225000,0.0011225000
2024-05-27,0.0011200000,0.0011200000,0.0011195000,0.0011195000
2024-05-28,0.0011195000,0.0011195000,0.0011195000,0.0011195000
2024-05-29,0.0011195000,0.0011195000,0.0011190000,0.0011190000
2024-05-30,0.0011185000,0.0011185000,0.0011175000,0.0011180000
2024-05-31,0.0011170000,0.0011170000,0.0011165000,0.0011165000
2024-06-03,0.0011145000,0.0011170000,0.0011145000,0.0011155000
2024-06-04,0.0011145000,0.0011170000,0.0011145000,0.0011145000
2024-06-05,0.0011135000,0.0011140000,0.0011130000,0.0011130000
2024-06-06,0.0011140000,0.0011140000,0.0011125000,0.0011130000
2024-06-07,0.0011115000,0.0011130000,0.0011115000,0.0011120000
2024-06-10,0.0011095000,0.0011095000,0.0011089999,0.0011089999
2024-06-11,0.0011084999,0.0011089999,0.0011080001,0.0011084999
2024-06-12,0.0011084999,0.0011089999,0.0011080001,0.0011089999
2024-06-13,0.0011080001,0.0011084999,0.0011075001,0.0011084999
2024-06-14,0.0011084999,0.0011084999,0.0011070000,0.0011070000
2024-06-17,0.0011080001,0.0011080001,0.0011080001,0.0011080001
2024-06-18,0.0011045000,0.0011045000,0.0011035000,0.0011040000
2024-06-19,0.0011040000,0.0011040000,0.0011040000,0.0011040000
2024-06-20,0.0011040000,0.0011040000,0.0011040000,0.0011040000
2024-06-21,0.0011040000,0.0011040000,0.0011040000,0.0011040000
2024-06-24,0.0011005000,0.0011005000,0.0011000000,0.0011005000
2024-06-25,0.0010995000,0.0011000000,0.0010995000,0.0011000000
2024-06-26,0.0010980000,0.0011000000,0.0010975000,0.0010975000
2024-06-27,0.0010965000,0.0010975000,0.0010965000,0.0010975000
2024-06-28,0.0010970000,0.0010975000,0.0010965000,0.0010970000
2024-07-01,0.0010939999,0.0010965000,0.0010939999,0.0010945000
2024-07-02,0.0010939999,0.0010939999,0.0010930001,0.0010934999
2024-07-03,0.0010930001,0.0010945000,0.0010925001,0.0010945000
2024-07-05,0.0010910000,0.0010930001,0.0010910000,0.0010925001
2024-07-08,0.0010900000,0.0010910000,0.0010895000,0.0010905000
2024-07-10,0.0010880000,0.0010885000,0.0010875000,0.0010885000
2024-07-11,0.0010870000,0.0010880000,0.0010870000,0.0010880000
2024-07-12,0.0010875000,0.0010880000,0.0010875000,0.0010880000
2024-07-15,0.0010845000,0.0010850000,0.0010845000,0.0010845000
2024-07-16,0.0010840000,0.0010845000,0.0010830000,0.0010835000
2024-07-17,0.0010835000,0.0010850000,0.0010830000,0.0010835000
2024-07-18,0.0010830000,0.0010840000,0.0010815000,0.0010815000
2024-07-19,0.0010800000,0.0010825000,0.0010800000,0.0010815000
2024-07-22,0.0010795000,0.0010800000,0.0010795000,0.0010800000
2024-07-23,0.0010790000,0.0010800000,0.0010790000,0.0010795000
2024-07-24,0.0010779999,0.0010784999,0.0010775001,0.0010775001
2024-07-25,0.0010775001,0.0010775001,0.0010755000,0.0010755000
2024-07-26,0.0010760000,0.0010765000,0.0010760000,0.0010765000
2024-07-29,0.0010745000,0.0010745000,0.0010735000,0.0010735000
2024-07-30,0.0010740000,0.0010740000,0.0010725000,0.0010725000
2024-07-31,0.0010730000,0.0010745000,0.0010725000,0.0010745000
2024-08-01,0.0010720000,0.0010735000,0.0010720000,0.0010735000
2024-08-02,0.0010715000,0.0010725000,0.0010715000,0.0010715000
2024-08-05,0.0010700000,0.0010700000,0.0010690000,0.0010700000
2024-08-06,0.0010690000,0.0010695000,0.0010685000,0.0010690000
2024-08-07,0.0010680000,0.0010685000,0.0010675000,0.0010685000
2024-08-08,0.0010675000,0.0010680000,0.0010675000,0.0010680000
2024-08-09,0.0010675000,0.0010675000,0.0010670000,0.0010675000
2024-08-12,0.0010650000,0.0010655000,0.0010650000,0.0010655000
2024-08-13,0.0010645000,0.0010645000,0.0010634999,0.0010640000
2024-08-14,0.0010634999,0.0010634999,0.0010625001,0.0010634999
2024-08-15,0.0010629999,0.0010629999,0.0010625001,0.0010629999
2024-08-16,0.0010625001,0.0010625001,0.0010625001,0.0010625001
2024-08-19,0.0010595000,0.0010600000,0.0010595000,0.0010595000
2024-08-20,0.0010585000,0.0010600000,0.0010585000,0.0010595000
2024-08-21,0.0010585000,0.0010595000,0.0010585000,0.0010595000
2024-08-22,0.0010575000,0.0010585000,0.0010575000,0.0010580000
2024-08-23,0.0010575000,0.0010585000,0.0010575000,0.0010575000
2024-08-26,0.0010545000,0.0010550000,0.0010535000,0.0010535000
2024-08-27,0.0010535000,0.0010540000,0.0010535000,0.0010540000
2024-08-28,0.0010535000,0.0010545000,0.0010530000,0.0010545000
2024-08-29,0.0010530000,0.0010535000,0.0010530000,0.0010530000
2024-08-30,0.0010525000,0.0010535000,0.0010510000,0.0010510000
2024-09-02,0.0010495000,0.0010495000,0.0010495000,0.0010495000
2024-09-03,0.0010490000,0.0010490000,0.0010485000,0.0010485000
2024-09-04,0.0010485000,0.0010490000,0.0010479999,0.0010490000
2024-09-05,0.0010479999,0.0010485000,0.0010479999,0.0010485000
2024-09-06,0.0010485000,0.0010485000,0.0010455000,0.0010455000
2024-09-09,0.0010450000,0.0010450000,0.0010440000,0.0010440000
2024-09-10,0.0010435000,0.0010445000,0.0010435000,0.0010445000
2024-09-11,0.0010435000,0.0010440000,0.0010430000,0.0010440000
2024-09-12,0.0010435000,0.0010435000,0.0010415000,0.0010415000
2024-09-13,0.0010425000,0.0010425000,0.0010420000,0.0010425000
2024-09-16,0.0010405000,0.0010415000,0.0010400000,0.0010415000
2024-09-17,0.0010400000,0.0010405000,0.0010400000,0.0010405000
2024-09-18,0.0010390000,0.0010395000,0.0010390000,0.0010395000
2024-09-19,0.0010385000,0.0010395000,0.0010385000,0.0010385000
2024-09-20,0.0010375000,0.0010390000,0.0010375000,0.0010390000
2024-09-23,0.0010350000,0.0010360000,0.0010350000,0.0010360000
2024-09-24,0.0010350000,0.0010360000,0.0010345000,0.0010360000
2024-09-25,0.0010340000,0.0010350000,0.0010324999,0.0010324999
2024-09-26,0.0010324999,0.0010340000,0.0010324999,0.0010340000
2024-09-27,0.0010330000,0.0010345000,0.0010330000,0.0010345000
2024-09-30,0.0010310001,0.0010324999,0.0010305000,0.0010324999
2024-10-01,0.0010305000,0.0010310001,0.0010305000,0.0010310001
2024-10-02,0.0010305000,0.0010305000,0.0010300000,0.0010305000
2024-10-03,0.0010290000,0.0010295000,0.0010285000,0.0010290000
2024-10-04,0.0010290000,0.0010295000,0.0010290000,0.0010295000
2024-10-07,0.0010265000,0.0010265000,0.0010260000,0.0010260000
2024-10-08,0.0010255000,0.0010265000,0.0010250000,0.0010265000
2024-10-09,0.0010255000,0.0010260000,0.0010250000,0.0010260000
2024-10-10,0.0010255000,0.0010260000,0.0010250000,0.0010260000
2024-10-11,0.0010260000,0.0010260000,0.0010260000,0.0010260000
2024-10-14,0.0010205000,0.0010205000,0.0010205000,0.0010205000
2024-10-15,0.0010205000,0.0010210000,0.0010205000,0.0010205000
2024-10-16,0.0010200000,0.0010200000,0.0010195000,0.0010200000
2024-10-17,0.0010195000,0.0010200000,0.0010195000,0.0010195000
2024-10-18,0.0010195000,0.0010200000,0.0010195000,0.0010195000
2024-10-21,0.0010169999,0.0010169999,0.0010165001,0.0010169999
2024-10-22,0.0010165001,0.0010169999,0.0010160001,0.0010165001
2024-10-23,0.0010160001,0.0010160001,0.0010150000,0.0010155000
2024-10-24,0.0010150000,0.0010155000,0.0010145000,0.0010150000
2024-10-25,0.0010145000,0.0010155000,0.0010145000,0.0010155000
2024-10-28,0.0010125000,0.0010130000,0.0010120000,0.0010125000
2024-10-29,0.0010125000,0.0010125000,0.0010120000,0.0010125000
2024-10-30,0.0010110000,0.0010115000,0.0010105000,0.0010115000
2024-10-31,0.0010105000,0.0010105000,0.0010100000,0.0010100000
2024-11-01,0.0010105000,0.0010105000,0.0010100000,0.0010100000
2024-11-04,0.0010075000,0.0010080000,0.0010075000,0.0010075000
2024-11-05,0.0010075000,0.0010075000,0.0010075000,0.0010075000
2024-11-06,0.0010070000,0.0010070000,0.0010070000,0.0010070000
2024-11-07,0.0010065000,0.0010065000,0.0010060000,0.0010065000
2024-11-08,0.0010065000,0.0010065000,0.0010060000,0.0010065000
2024-11-11,0.0010024999,0.0010024999,0.0010014999,0.0010014999
2024-11-12,0.0010024999,0.0010024999,0.0010019999,0.0010024999
2024-11-13,0.0010019999,0.0010024999,0.0010019999,0.0010019999
2024-11-14,0.0010014999,0.0010014999,0.0010010001,0.0010014999
2024-11-15,0.0010010001,0.0010019999,0.0010010001,0.0010014999
2024-11-18,0.0010019999,0.0010019999,0.0010019999,0.0010019999
2024-11-19,0.00099800003,0.00099850004,0.00099800003,0.00099850004
2024-11-20,0.00099800003,0.00099800003,0.00099700002,0.00099750003
2024-11-21,0.00099650002,0.00099650002,0.00099600002,0.00099650002
2024-11-22,0.00099650002,0.00099650002,0.00099600002,0.00099600002
2024-11-25,0.00099350000,0.00099400000,0.00099350000,0.00099350000
2024-11-26,0.00099350000,0.00099350000,0.00099299999,0.00099299999
2024-11-27,0.00099249999,0.00099249999,0.00099199999,0.00099249999
2024-11-28,0.00099049997,0.00099099998,0.00099049997,0.00099049997
2024-11-29,0.00099099998,0.00099149998,0.00098949997,0.00098949997
2024-12-02,0.00098949997,0.00098949997,0.00098849996,0.00098849996
2024-12-03,0.00098849996,0.00098849996,0.00098799996,0.00098849996
2024-12-04,0.00098749995,0.00098849996,0.00098749995,0.00098799996
2024-12-05,0.00098699995,0.00098799996,0.00098649994,0.00098799996
2024-12-06,0.00098749995,0.00098749995,0.00098699995,0.00098749995
2024-12-09,0.00098450005,0.00098450005,0.00098450005,0.00098450005
2024-12-10,0.00098350004,0.00098400004,0.00098350004,0.00098400004
2024-12-11,0.00098350004,0.00098400004,0.00098350004,0.00098350004
2024-12-12,0.00098250003,0.00098250003,0.00098200003,0.00098200003
2024-12-13,0.00098200003,0.00098250003,0.00098200003,0.00098250003
2024-12-16,0.00098218245,0.00098531903,0.00097911293,0.00097920618
2024-12-17,0.00097924343,0.00098016835,0.00097892655,0.00097993505
2024-12-18,0.00097992586,0.00098026660,0.00097795646,0.00097842282
2024-12-19,0.00097826729,0.00098190480,0.00097792468,0.00097849721
2024-12-20,0.00097843108,0.00097875204,0.00097442378,0.00097825774
2024-12-21,0.00097821548,0.00097847357,0.00097815460,0.00097829045
2024-12-23,0.00098255777,0.00098359818,0.00097472791,0.00097486842
2024-12-24,0.00097491045,0.00097521953,0.00097267277,0.00097488228
2024-12-25,0.00097502937,0.00097855297,0.00097502937,0.00097855297
2024-12-26,0.00097855297,0.00097920920,0.00097430550,0.00097706681
2024-12-27,0.00097696832,0.00097752153,0.00097149739,0.00097207673
2024-12-28,0.00097205344,0.00097231439,0.00097199279,0.00097231439
2024-12-30,0.00097054470,0.00097226328,0.00096977822,0.00096991344
2024-12-31,0.00096995546,0.00097033271,0.00096965209,0.00096993207
2025-01-01,0.00096995069,0.00096995069,0.00096995069,0.00096995069
2025-01-02,0.00096995069,0.00097233040,0.00096888421,0.00096921291
2025-01-03,0.00096923177,0.00096976547,0.00096819451,0.00096852769
2025-01-04,0.00096853229,0.00096866873,0.00096845248,0.00096854172
2025-01-06,0.00096993294,0.00097116595,0.00096603564,0.00096647750
2025-01-07,0.00096630538,0.00096684025,0.00096568937,0.00096595025
2025-01-08,0.00096600159,0.00096630229,0.00096079311,0.00096548867
2025-01-09,0.00096548867,0.00096751202,0.00096442626,0.00096452463
2025-01-10,0.00096454803,0.00096550974,0.00096264266,0.00096451968
2025-01-11,0.00096455263,0.00096467516,0.00096448680,0.00096450554
2025-01-13,0.00096357352,0.00096489157,0.00095586141,0.00096195861
2025-01-14,0.00096197741,0.00096302846,0.00096078636,0.00096134003
2025-01-15,0.00096132141,0.00096161046,0.00096030405,0.00096085027
2025-01-16,0.00096083153,0.00096117693,0.00095992215,0.00096035149
2025-01-17,0.00096034218,0.00096064975,0.00095968146,0.00095999328
2025-01-18,0.00095982041,0.00096012407,0.00095982041,0.00096012407
2025-01-20,0.00095850677,0.00096052443,0.00095601246,0.00095628813
2025-01-21,0.00095637084,0.00095736975,0.00095556083,0.00095578527
2025-01-22,0.00095576246,0.00095627556,0.00095480395,0.00095490023
2025-01-23,0.00095487724,0.00095547986,0.00095440028,0.00095515564
2025-01-24,0.00095512823,0.00095597649,0.00095465413,0.00095580367
2025-01-25,0.00095563970,0.00095600396,0.00095563970,0.00095587189
2025-01-27,0.00095456332,0.00095608097,0.00095184159,0.00095262140
2025-01-28,0.00095258054,0.00095292548,0.0009517906,0.00095215882
2025-01-29,0.00095218618,0.00095248752,0.00095108408,0.00095128047
2025-01-30,0.00095136720,0.00095175073,0.00095034257,0.00095125311
2025-01-31,0.00095124851,0.00095246499,0.00095083640,0.00095149316
2025-02-01,0.00095146103,0.00095168571,0.00095109403,0.00095150218
2025-02-03,0.00093833322,0.00095259113,0.00093627506,0.00094934337
2025-02-04,0.00094930647,0.00095021108,0.00094897108,0.00094908138
2025-02-05,0.00094912719,0.00094939233,0.00094842649,0.00094891113
2025-02-06,0.00094888371,0.00094946747,0.00094806089,0.00094887451
2025-02-07,0.00094881520,0.00095048727,0.00094821444,0.00094937545
2025-02-08,0.00094937545,0.00094956846,0.00094919163,0.00094932492
2025-02-10,0.00093996839,0.00094955048,0.00093996839,0.00094697432
2025-02-11,0.00094699732,0.00094753510,0.00094669400,0.00094731071
2025-02-12,0.00094728317,0.00095123577,0.00094645639,0.00094661082
2025-02-13,0.00094661082,0.00094785017,0.00094573101,0.00094621774
2025-02-14,0.00094623584,0.00094698899,0.00094600377,0.00094678160
2025-02-15,0.00094675005,0.00094681320,0.00094668689,0.00094680866
2025-02-17,0.00094795955,0.00094964524,0.00094400003,0.00094400003
2025-02-18,0.00094499998,0.00094499998,0.00094400003,0.00094499998
2025-02-19,0.00094400003,0.00094499998,0.00094400003,0.00094499998
2025-02-20,0.00094400003,0.00094499998,0.00094400003,0.00094400003
2025-02-21,0.00094499998,0.00094499998,0.00094400003,0.00094499998
2025-02-24,0.00094449997,0.00094499998,0.00094000000,0.00094300002
2025-02-25,0.00094000000,0.00094000000,0.00094000000,0.00094000000
2025-02-26,0.00094000000,0.00094000000,0.00094000000,0.00094000000
2025-02-27,0.00094000000,0.00094000000,0.00094000000,0.00094000000
2025-02-28,0.00094000000,0.00094000000,0.00094000000,0.00094000000
2025-03-03,0.00094000000,0.00094000000,0.00094000000,0.00094000000
2025-03-04,0.00094000000,0.00094000000,0.00094000000,0.00094000000
2025-03-05,0.00094000000,0.00094000000,0.00094000000,0.00094000000
2025-03-06,0.00094000000,0.00094000000,0.00094000000,0.00094000000
2025-03-07,0.00094000000,0.00094000000,0.00094000000,0.00094000000
2025-03-10,0.00094000000,0.00094000000,0.00094000000,0.00094000000
2025-03-11,0.00094000000,0.00094000000,0.00094000000,0.00094000000
2025-03-12,0.00094000000,0.00094000000,0.00094000000,0.00094000000
2025-03-13,0.00094000000,0.00094000000,0.00094000000,0.00094000000
2025-03-14,0.00094000000,0.00094000000,0.00094000000,0.00094000000
2025-03-17,0.00094000000,0.00094000000,0.00094000000,0.00094000000
2025-03-18,0.00094000000,0.00094000000,0.00094000000,0.00094000000
2025-03-19,0.00094000000,0.00094000000,0.00094000000,0.00094000000
2025-03-20,0.00094000000,0.00094000000,0.00094000000,0.00094000000
2025-03-21,0.00094000000,0.00094000000,0.00094000000,0.00094000000
2025-03-24,0.00094000000,0.00094000000,0.00094000000,0.00094000000
2025-03-25,0.00094000000,0.00094000000,0.00092999998,0.00092999998
2025-03-26,0.00092999998,0.00092999998,0.00092999998,0.00092999998
2025-03-27,0.00092999998,0.00092999998,0.00092999998,0.00092999998
2025-03-28,0.00092999998,0.00092999998,0.00092999998,0.00092999998
2025-03-31,0.00092999998,0.00092999998,0.00092999998,0.00092999998
2025-04-01,0.00092999998,0.00092999998,0.00092999998,0.00092999998
2025-04-02,0.00092999998,0.00092999998,0.00092999998,0.00092999998
2025-04-03,0.00092999998,0.00092999998,0.00092999998,0.00092999998
2025-04-04,0.00092999998,0.00092999998,0.00092999998,0.00092999998
2025-04-07,0.00092999998,0.00092999998,0.00092999998,0.00092999998
2025-04-08,0.00092999998,0.00092999998,0.00092999998,0.00092999998
2025-04-09,0.00092999998,0.00092999998,0.00092999998,0.00092999998
2025-04-10,0.00092999998,0.00092999998,0.00092999998,0.00092999998
2025-04-11,0.00092999998,0.00093109871,0.00092999998,0.00093109871
2025-04-14,0.00093109871,0.00093109871,0.00083056476,0.00083717034
2025-04-15,0.00083717034,0.00084033614,0.00083333335,0.00083542190
2025-04-16,0.00083542190,0.00088105729,0.00083542190,0.00088028167
2025-04-17,0.00088028167,0.00088028167,0.00087874237,0.00088028167
2025-04-18,0.00088028167,0.00088030496,0.00088028167,0.00088028167
2025-04-19,0.00088028167,0.00088028167,0.00088028167,0.00088028167
2025-04-21,0.00088028167,0.00093414291,0.00088028167,0.00091659027
2025-04-22,0.00091659027,0.00093896716,0.00090744102,0.00090826524
2025-04-23,0.00090826524,0.0009174312,0.00086206896,0.00086206896
2025-04-24,0.00086206896,0.00086956524,0.00084530853,0.00085178873
2025-04-25,0.00085178873,0.00086132647,0.00084745762,0.00085616438
2025-04-26,0.00085616438,0.00085616438,0.00085616438,0.00085616438
2025-04-28,0.00085616438,0.00086730270,0.00084459461,0.00084961765
2025-04-29,0.00084890367,0.00085984525,0.00084530853,0.00085910654
2025-04-30,0.00085910654,0.00086580089,0.00085178873,0.00085433573
2025-05-01,0.00085433573,0.00085433573,0.00085270393,0.00085433573
2025-05-02,0.00085433573,0.00085433573,0.00085271121,0.00085271121
2025-05-03,0.00085433573,0.00085433573,0.00085433573,0.00085433573
2025-05-05,0.00085433573,0.00086206896,0.00083333335,0.00083333335
2025-05-06,0.00083333335,0.00084388186,0.00082987553,0.00083752093
2025-05-07,0.00083752093,0.00087489066,0.00083022,0.00087489066
2025-05-08,0.00087489066,0.00091324200,0.00087489066,0.00090090092
2025-05-09,0.00090090092,0.00090909092,0.00088888890,0.00088888890
2025-05-10,0.00088888890,0.00088888890,0.00088888890,0.00088888890
2025-05-12,0.00088888890,0.00089605735,0.00088339223,0.00088573957
2025-05-13,0.00088573957,0.00089126558,0.00088573957,0.00088928413
2025-05-14,0.00088928413,0.00089686096,0.00088183419,0.00088417332
2025-05-15,0.00088417332,0.00089285715,0.00087873463,0.00087912090
2025-05-16,0.00087912090,0.00088495575,0.00087108015,0.00087565673
2025-05-17,0.00087565673,0.00087565673,0.00087565673,0.00087565673
2025-05-19,0.00087565673,0.00088888890,0.00087337010,0.00087873463
2025-05-20,0.00087873463,0.00088888890,0.00087298121,0.00087527354
2025-05-21,0.00087527354,0.00087719300,0.00087260036,0.00087260036
2025-05-22,0.00087260036,0.00088105729,0.00087108015,0.00088066934
2025-05-23,0.00088066934,0.00088888890,0.00087719300,0.00088417332
2025-05-24,0.00088417332,0.00088417332,0.00088417332,0.00088417332
2025-05-26,0.00088888890,0.00088888890,0.00087412586,0.00087489066
2025-05-27,0.00087489066,0.00088495575,0.00087489066,0.00087873463
2025-05-28,0.00086505193,0.00087260036,0.00085947569,0.00086206896
2025-05-29,0.00086206896,0.00086956524,0.00084530853,0.00084530853
2025-05-30,0.00084530853,0.00084889645,0.00083333335,0.00084175082
2025-05-31,0.00084175082,0.00084175082,0.00084175082,0.00084175082
2025-06-02,0.00084175082,0.00085106381,0.00084175082,0.00084745762
2025-06-03,0.00084745762,0.00085106381,0.0008410429,0.00084459461
2025-06-04,0.00084459461,0.00085106381,0.00084388186,0.00084388186
2025-06-05,0.00084388186,0.00084745762,0.00083822297,0.00084217614
2025-06-06,0.00084217614,0.00084745762,0.00084033614,0.00084423809
2025-06-07,0.00084423809,0.00084423809,0.00084423809,0.00084423809
2025-06-09,0.00084423809,0.00085106381,0.00084140379,0.00084423809
2025-06-10,0.00084423809,0.00084961765,0.0008410429,0.00084210525
2025-06-11,0.00084210525,0.00085106381,0.00084210525,0.00084674003
2025-06-12,0.00084638171,0.00084889645,0.00084175082,0.00084459461
2025-06-13,0.00084459461,0.00084638171,0.00084175082,0.00084602367
2025-06-14,0.00084602367,0.00084602367,0.00084602367,0.00084602367
2025-06-16,0.00084602367,0.00084602367,0.00084585196,0.00084602367
2025-06-17,0.00084602367,0.00086206896,0.00084530853,0.00086206896
2025-06-18,0.00086206896,0.00087719300,0.00085984525,0.00087565673
2025-06-19,0.00087565673,0.00087719300,0.00085874501,0.00085874501
2025-06-20,0.00085910654,0.00085910654,0.00085874501,0.00085875241
2025-06-21,0.00085875241,0.00085875241,0.00085875241,0.00085875241
2025-06-23,0.00085875241,0.00086355786,0.00085306761,0.00085397094
2025-06-24,0.00085397094,0.00085836911,0.00084530853,0.00085251493
2025-06-25,0.00085251493,0.00085616438,0.00084139674,0.00084139674
2025-06-26,0.00084139674,0.00084889645,0.00083472452,0.00084175082
2025-06-27,0.00084175082,0.00084745762,0.00083647709,0.00084210525
2025-06-28,0.00084210525,0.00084210525,0.00084210525,0.00084210525
2025-06-30,0.00084210525,0.00084388186,0.00083125522,0.00083125522
2025-07-01,0.00083125522,0.00084388186,0.00081967213,0.00081967213
2025-07-02,0.00081967213,0.00082644628,0.00080580177,0.00081400084
2025-07-03,0.00081400084,0.00081967213,0.00081234769,0.00081234769
2025-07-04,0.00081234769,0.00081234769,0.00080450525,0.00080645160
2025-07-05,0.00080645160,0.00080645160,0.00080645160,0.00080645160
2025-07-07,0.00080645160,0.00081469718,0.00078988943,0.00079365080
2025-07-08,0.00079365080,0.00079999998,0.00079051382,0.00079744816
2025-07-09,0.00079744816,0.00079840957,0.00079744816,0.00079837767
2025-07-10,0.00079837767,0.00079999998,0.00079113926,0.00079681276
2025-07-11,0.00079681276,0.00080321287,0.00079176563,0.00079365080
2025-07-12,0.00079365080,0.00079365080,0.00079365080,0.00079365080
2025-07-14,0.00079365080,0.00079999998,0.00078247260,0.00078247260
2025-07-15,0.00078247260,0.00079428119,0.00077549438,0.00079428119
2025-07-16,0.00079428119,0.00080256822,0.00079176563,0.00079365080
2025-07-17,0.00079365080,0.00079999998,0.00078369904,0.00078585465
2025-07-18,0.00078585465,0.00079051382,0.00077821012,0.00077821012
2025-07-19,0.00077821012,0.00077821012,0.00077821012,0.00077821012
2025-07-21,0.00078431371,0.00078554597,0.00077339518,0.00078554597
2025-07-22,0.00078554597,0.00079872203,0.00078431371,0.00079681276
2025-07-23,0.00079681276,0.00079999998,0.00079302140,0.00079491257
2025-07-24,0.00079491257,0.00079491257,0.00078554597,0.00078616349
2025-07-25,0.00078616349,0.00079365080,0.00077821012,0.00078155531
2025-07-26,0.00078155531,0.00078155531,0.00078155531,0.00078155531
2025-07-28,0.00078155531,0.00079051382,0.00077339518,0.00077339518
2025-07-29,0.00077339518,0.00078125001,0.00076923077,0.00077459332
2025-07-30,0.00077459332,0.00078125001,0.00076045626,0.00076045626
2025-07-31,0.00076045626,0.00076628354,0.00072833215,0.00073046022
2025-08-01,0.00073046022,0.00074794318,0.00073019887,0.00073421438
2025-08-02,0.00073421438,0.00073421438,0.00073421438,0.00073421438
2025-08-04,0.00073421438,0.00073909829,0.00073313783,0.00073691970
2025-08-05,0.00073691970,0.00074962521,0.00073691970,0.00074710499
2025-08-06,0.00074710499,0.00075187971,0.00074710499,0.00075131480
2025-08-07,0.00075131480,0.00075471698,0.00075046904,0.00075414783
2025-08-08,0.00075414783,0.00075757573,0.00075414783,0.00075528701
2025-08-09,0.00075471698,0.00075471698,0.00075471698,0.00075471698
2025-08-11,0.00075471698,0.00075757573,0.00074878323,0.00075728889
2025-08-12,0.00075728889,0.00076045626,0.00075585791,0.00075987843
2025-08-13,0.00075987843,0.00076335878,0.00075557234,0.00076132471
2025-08-14,0.00076132471,0.00077700079,0.00075930142,0.00077041605
2025-08-15,0.00077041605,0.00077041605,0.00077012530,0.00077041605
2025-08-16,0.00077041605,0.00077041605,0.00077041605,0.00077041605
2025-08-18,0.00077041605,0.00077459332,0.00076511095,0.00077369437
2025-08-19,0.00077369437,0.00077821012,0.00077012530,0.00077519380
2025-08-20,0.00077519380,0.00077519380,0.00076804915,0.00076923077
2025-08-21,0.00076923077,0.00077220076,0.00076103502,0.00076103502
2025-08-22,0.00076103502,0.00076335878,0.00075471698,0.00075757573
2025-08-23,0.00075757573,0.00075757573,0.00075757573,0.00075757573
2025-08-25,0.00075757573,0.00076045626,0.00073746312,0.00073746312
2025-08-26,0.00073746312,0.00074211502,0.00073529413,0.00073773513
2025-08-27,0.00073773513,0.00074294204,0.00073260075,0.00074183976
2025-08-28,0.00074183976,0.00075187971,0.00074019242,0.00075131480
2025-08-29,0.00075131480,0.00076511095,0.00074294204,0.00074349443
2025-08-30,0.00074349443,0.00074349443,0.00074349443,0.00074349443
2025-09-01,0.00074349443,0.00075075077,0.00072516315,0.00072700839
2025-09-02,0.00072700839,0.00073800737,0.00072568940,0.00073637703
2025-09-03,0.00073637703,0.00074515649,0.00073448400,0.00073475385
2025-09-04,0.00073475385,0.00074349443,0.00073381572,0.00073421438
2025-09-05,0.00073421438,0.00073800737,0.00073113310,0.00073313783
2025-09-06,0.00073313783,0.00073313783,0.00073313783,0.00073313783
2025-09-08,0.00073313783,0.00073313783,0.00069614127,0.00070671376
2025-09-09,0.00070671376,0.00071684585,0.00070323487,0.00070646417
2025-09-10,0.00070646417,0.00071428571,0.00070225215,0.00070249388
2025-09-11,0.00070249388,0.00070422533,0.00069808029,0.00069808029
2025-09-12,0.00069808029,0.00069930073,0.00068700669,0.00068823126
2025-09-13,0.00068823126,0.00068823126,0.00068823126,0.00068823126
2025-09-15,0.00068823126,0.00069204153,0.00068096700,0.00068259385
2025-09-16,0.00068259385,0.00068728521,0.00068073522,0.00068073522
2025-09-17,0.00068073522,0.00068493153,0.00067831558,0.00067888660
2025-09-18,0.00067888660,0.00068027212,0.00067831558,0.00067842606
2025-09-19,0.00067842606,0.00067842606,0.00067819603,0.00067819603
2025-09-20,0.00067819603,0.00067819603,0.00067819603,0.00067819603
2025-09-22,0.00067819603,0.00071123755,0.00067819603,0.00070997514
2025-09-23,0.00070997514,0.00074239052,0.00070997514,0.00073206442
2025-09-24,0.00073206442,0.00075471698,0.00073206442,0.00074794318
2025-09-25,0.00074794318,0.00076628354,0.00074738415,0.00074794318
2025-09-26,0.00074794318,0.00076045626,0.00074626866,0.00075244543
2025-09-27,0.00075244543,0.00075244543,0.00075244543,0.00075244543
2025-09-29,0.00075244543,0.00075471698,0.00073746312,0.00073746312
2025-09-30,0.00073746312,0.00075187971,0.00072490034,0.00072490034
2025-10-01,0.00072490034,0.00072490034,0.00070188247,0.00070323487
2025-10-02,0.00070323487,0.00070671376,0.00070188247,0.00070224720
2025-10-03,0.00070224720,0.00070671376,0.00070188247,0.00070200069
2025-10-04,0.00070200069,0.00070200069,0.00070200069,0.00070200069
2025-10-06,0.00070200069,0.00070200069,0.00069942785,0.00069954532
2025-10-07,0.00069954532,0.00069954532,0.00069954532,0.00069954532
2025-10-08,0.00069954532,0.00069954532,0.00069954532,0.00069954532
2025-10-09,0.00069954532,0.00070721359,0.00068119890,0.00070521864
2025-10-10,0.00070521864,0.00070521864,0.00070348446,0.00070348446
2025-10-11,0.00070348446,0.00070348446,0.00070348446,0.00070348446
2025-10-13,0.00070348446,0.00075187971,0.00070175441,0.00074239052
2025-10-14,0.00074239052,0.00074349443,0.00068213290,0.00073800737
2025-10-15,0.00073800737,0.00073800737,0.00071942445,0.00073475385
2025-10-16,0.00073475385,0.00073529413,0.00070871721,0.00071377587
2025-10-17,0.00071377587,0.00071942445,0.00068027212,0.00068965519
2025-10-20,0.00068965519,0.00068965519,0.00067716726,0.00067796611
2025-10-21,0.00067796611,0.00067796611,0.00067114097,0.00067114097
2025-10-22,0.00067114097,0.00067716726,0.00067114097,0.00067204301
2025-10-23,0.00067204301,0.00067750679,0.00067204301,0.00067249493
2025-10-24,0.00067613251,0.00068027212,0.00067024131,0.00067046599
2025-10-25,0.00067046599,0.00067046599,0.00067046599,0.00067046599
2025-10-27,0.00067046599,0.00074349443,0.00067046599,0.00069930073
2025-10-28,0.00069930073,0.00070422533,0.00067430886,0.00067980966
2025-10-29,0.00067980966,0.00069735007,0.00067980966,0.00069637882
2025-10-30,0.00069637882,0.00070422533,0.00069204153,0.00069541030
2025-10-31,0.00069541030,0.00070175441,0.00068965519,0.00069228106
2025-11-03,0.00069228106,0.00070175441,0.00067636120,0.00067636120
2025-11-04,0.00067636120,0.00068894250,0.00067544746,0.00068704912
2025-11-05,0.00068704912,0.00069444446,0.00068704912,0.00068989309
2025-11-06,0.00068989309,0.00069013110,0.00068965991,0.00068989309
2025-11-07,0.00068989309,0.00070671376,0.00068965519,0.00070671376
2025-11-08,0.00070671376,0.00070671376,0.00070671376,0.00070671376
2025-11-10,0.00070671376,0.00071428571,0.00070249388,0.00070447341
2025-11-11,0.00070423033,0.00071428571,0.00070323487,0.00071174378
2025-11-12,0.00071174378,0.00072202168,0.00070972322,0.00071073207
2025-11-13,0.00070998020,0.00071942445,0.00070871721,0.00071073207
2025-11-14,0.00071022956,0.00071942445,0.00071022956,0.00071250956
2025-11-15,0.00071250956,0.00071250956,0.00071250956,0.00071250956
2025-11-17,0.00071250956,0.00072621641,0.00071225071,0.00072202168
2025-11-18,0.00072202168,0.00072463771,0.00071530987,0.00071581960
2025-11-19,0.00071581960,0.00071942445,0.00071123755,0.00071123755
2025-11-20,0.00071123755,0.00071428571,0.00070224720,0.00070224720
2025-11-21,0.00070224720,0.00070224720,0.00070200290,0.00070200290
2025-11-24,0.00070200290,0.00070269,0.00070162,0.00070201
2025-11-25,0.00070201,0.00070283,0.00068733,0.00069082
2025-11-26,0.00069082,0.00069374,0.00068599,0.00068845
2025-11-27,0.00068847,0.00069409,0.00068641,0.0006894
2025-11-28,0.0006894,0.00069127,0.00068809,0.00068957
2025-11-29,0.00068958,0.00068979,0.00068932,0.00068966
2025-12-01,0.00069083,0.00069288,0.00068867,0.00068908
2025-12-02,0.00068908,0.0006894,0.00068596,0.00068673
2025-12-03,0.00068672,0.00068889,0.00068609,0.00068829
2025-12-04,0.00068829,0.00069258,0.00068698,0.00069164
2025-12-05,0.00069155,0.00069781,0.00068935,0.00069729
2025-12-06,0.00069732,0.00069764,0.00069703,0.00069736
2025-12-08,0.00069157,0.00070011,0.00068944,0.00069714
2025-12-09,0.00069713,0.00069795,0.00069343,0.0006945
2025-12-10,0.00069459,0.00069768,0.00069245,0.00069551
2025-12-11,0.00069552,0.00069885,0.0006933,0.00069615
2025-12-12,0.00069618,0.00069774,0.00069208,0.00069441
2025-12-13,0.00069442,0.00069527,0.00069372,0.00069404
2025-12-15,0.00069689,0.00069752,0.00069195,0.00069529
2025-12-16,0.00069526,0.00069626,0.00068647,0.00069015
2025-12-17,0.00069006,0.0006911,0.00068869,0.00068933
2025-12-18,0.00068933,0.00068992,0.00068727,0.00068955
2025-12-19,0.00068954,0.00069045,0.00068783,0.00069016
2025-12-20,0.00069012,0.00069035,0.00068953,0.00068999
2025-12-22,0.00068979,0.00069153,0.00068796,0.00068883
2025-12-23,0.00068883,0.0006901,0.00068863,0.00068943
2025-12-24,0.00068942,0.00069013,0.00068911,0.00068936
2025-12-25,0.00068938,0.00068973,0.00068924,0.00068933
2025-12-26,0.00068932,0.00069061,0.00068813,0.00068918
2025-12-27,0.00068916,0.00068982,0.00068862,0.00068895
2025-12-29,0.00068903,0.00069201,0.00068594,0.00068634
2025-12-30,0.00068633,0.00068955,0.00068378,0.00068904
2025-12-31,0.00068904,0.00068969,0.00068439,0.00068894
2026-01-01,0.00068892,0.00068919,0.00068855,0.00068887
2026-01-02,0.00068885,0.00069047,0.00067733,0.00067813
2026-01-03,0.00067812,0.00067966,0.00067752,0.00067808
2026-01-05,0.00067715,0.00068185,0.00067293,0.00068044
2026-01-06,0.00068044,0.00068234,0.00067896,0.00068162
2026-01-07,0.00068159,0.00068565,0.00067879,0.00068476
2026-01-08,0.00068475,0.00068633,0.0006824,0.00068357
2026-01-09,0.00068359,0.0006847,0.00068062,0.00068295
2026-01-10,0.00068294,0.00068332,0.0006807,0.00068307
2026-01-11,0.00068305,0.00068353,0.00068102,0.00068289
2026-01-12,0.00068287,0.0006849,0.00068057,0.00068149
2026-01-13,0.00068149,0.00068668,0.00068073,0.00068565
2026-01-14,0.00068563,0.00068926,0.00068477,0.00068802
2026-01-15,0.00068806,0.00069373,0.000687,0.00069342
2026-01-16,0.00069354,0.00070131,0.00069198,0.00069949
2026-01-17,0.00069955,0.00070084,0.00069769,0.00069996
2026-01-18,0.00069995,0.0007017,0.00069945,0.00069992
2026-01-19,0.00069989,0.00070355,0.00069285,0.00069642
2026-01-20,0.00069638,0.00069858,0.0006955,0.00069721
2026-01-21,0.00069721,0.00070075,0.00069695,0.00069928
2026-01-22,0.00069927,0.00070224,0.00069901,0.00069966
2026-01-23,0.00069962,0.00070034,0.00069677,0.00069711
2026-01-24,0.0006971,0.00069907,0.00069665,0.00069716
2026-01-25,0.00069715,0.0007035,0.00069703,0.00070159
2026-01-26,0.00070147,0.00071063,0.0006932,0.00069558
2026-01-27,0.00069556,0.00069678,0.00069225,0.00069312
2026-01-28,0.00069311,0.00069557,0.0006916,0.00069223
2026-01-29,0.00069222,0.00069346,0.00069058,0.00069261
2026-01-30,0.0006926,0.00069318,0.00069015,0.00069104
2026-01-31,0.00069103,0.00069233,0.00068741,0.00069021
2026-02-01,0.00069021,0.00069096,0.00068664,0.00068716
2026-02-02,0.00068717,0.00069152,0.0006856,0.00068881
2026-02-03,0.00068881,0.00069303,0.00068814,0.00069203
2026-02-04,0.00069203,0.00069273,0.00069008,0.00069101
2026-02-05,0.00069101,0.00069365,0.00069018,0.00069331
2026-02-06,0.00069331,0.00070244,0.00069224,0.00069843
2026-02-07,0.00069843,0.00070026,0.00069512,0.0006985
2026-02-08,0.00069851,0.00069855,0.0006985,0.00069853
2026-02-09,0.00069857284,0.00070671376,0.00069857284,0.00070582
2026-02-10,0.00070582,0.00071449,0.00070409,0.00071219
2026-02-11,0.00071216,0.00071457,0.00070848,0.0007126
2026-02-12,0.00071258,0.0007194,0.00071099,0.00071582
2026-02-13,0.00071583,0.00071864,0.00071036,0.00071498
2026-02-14,0.00071499,0.00071853,0.00071439,0.0007164
2026-02-15,0.0007164,0.00071777,0.00071404,0.00071636
2026-02-16,0.00071635,0.00071784,0.00071333,0.00071468
2026-02-17,0.00071468,0.00071877,0.00071271,0.00071762
2026-02-18,0.00071763,0.00071825,0.00071085,0.00071579
2026-02-19,0.0007158,0.00072007,0.00071406,0.00071913
2026-02-20,0.00071914,0.00072811,0.00071707,0.00072676
2026-02-21,0.0007267,0.00072748,0.00072124,0.00072147
2026-02-22,0.00072147,0.00072835,0.00072126,0.00072692
2026-02-23,0.00072694,0.00073454,0.00072454,0.0007306
2026-02-24,0.00073056,0.00073133,0.00072423,0.00072477
2026-02-25,0.00072483,0.00072672,0.00071464,0.00071565
2026-02-26,0.00071585,0.00071972,0.00070287,0.00071018
2026-02-27,0.00071017,0.00071625,0.00070467,0.00071567
2026-02-28,0.00071567,0.00072287,0.00071289,0.00071588
2026-03-01,0.00071589,0.00072261,0.00070797,0.00071138
2026-03-02,0.00071113,0.00072331,0.00070472,0.0007174
2026-03-03,0.00071742,0.00071823,0.00070634,0.00070668
2026-03-04,0.00070677,0.00071536,0.00070601,0.0007135
2026-03-05,0.00071347,0.00071766,0.00070921,0.00071112
2026-03-06,0.00071104,0.00071185,0.00070591,0.00070671
2026-03-07,0.0007067,0.00070796,0.00070391,0.00070593
2026-03-08,0.00070593,0.00070688,0.00069987,0.00070022
2026-03-09,0.0007002,0.00071116,0.00069619,0.00070639
2026-03-10,0.00070639,0.00071524,0.00070586,0.00071459
2026-03-11,0.00071459,0.00071784,0.00071179,0.00071667
2026-03-12,0.00071666,0.00071722,0.00071276,0.00071679
2026-03-13,0.00071677,0.00072065,0.00071177,0.00071519
2026-03-14,0.00071521,0.0007171,0.00071359,0.00071669
2026-03-15,0.00071668,0.00071671,0.00071263,0.00071427
2026-03-16,0.00071426,0.00071811,0.00071309,0.00071613
2026-03-17,0.00071612,0.0007181,0.00071276,0.00071619
2026-03-18,0.00071618,0.00071889,0.00071236,0.00071708
2026-03-19,0.00071707,0.00071827,0.00071328,0.00071723
2026-03-20,0.00071722,0.00071901,0.00071478,0.00071871
2026-03-21,0.00071869,0.00072565,0.00071819,0.00071869
2026-03-22,0.00071868,0.00072409,0.00071828,0.00072237
2026-03-23,0.00072237,0.00072402,0.00071188,0.00071582
2026-03-24,0.00071575,0.00071852,0.00071474,0.00071605
2026-03-25,0.00071608,0.00072764,0.00071496,0.00072608
2026-03-26,0.00072605,0.00073178,0.00072309,0.00073103
2026-03-27,0.00073101,0.00073141,0.00072111,0.00072235
2026-03-28,0.0007224,0.00072436,0.00072065,0.00072263
2026-03-29,0.00072261,0.00072318,0.00071902,0.00071968
2026-03-30,0.00071963,0.00072427,0.00071439,0.00071534
2026-03-31,0.00071536,0.00072485,0.00071443,0.00072334
2026-04-01,0.00072336,0.0007263,0.00071756,0.00071859
2026-04-02,0.00071849,0.00072206,0.00071763,0.00072127
2026-04-03,0.00072124,0.00072162,0.00071687,0.00071852
2026-04-04,0.00071856,0.00072137,0.00071758,0.00072132
2026-04-05,0.00072131,0.00072149,0.00071753,0.00072061
2026-04-06,0.00072068,0.00072317,0.00071775,0.00072064
2026-04-07,0.00072063,0.0007224,0.00071589,0.00071791
2026-04-08,0.0007179,0.00072451,0.00071742,0.00072101
2026-04-09,0.000721,0.00072419,0.0007198,0.00072362
2026-04-10,0.00072362,0.0007301,0.00072215,0.00072966
2026-04-11,0.00072981,0.00072992,0.00072715,0.00072949
2026-04-12,0.00072948,0.00072985,0.00071973,0.00072407
2026-04-13,0.00072419,0.0007389,0.00071913,0.00073821
2026-04-14,0.00073821,0.0007451,0.00073025,0.00073212
2026-04-15,0.0007321,0.00073858,0.00073033,0.00073616
2026-04-16,0.00073617,0.00074376,0.00073456,0.00073728
2026-04-17,0.00073726,0.00074195,0.00073025,0.00073284
2026-04-18,0.00073278,0.00073413,0.00073035,0.00073238
2026-04-19,0.00073238,0.0007348,0.0007288,0.00073352
2026-04-20,0.00073352,0.00073624,0.00072564,0.00072656
2026-04-21,0.00072656,0.00072832,0.00072147,0.00072738
2026-04-22,0.00072737,0.0007281,0.00072461,0.00072543
2026-04-23,0.00072543,0.00072664,0.00071759,0.00071807
2026-04-24,0.00071807,0.0007196,0.00071402,0.0007149
2026-04-25,0.00071495,0.00071589,0.00071491,0.00071507
2026-04-26,0.00071507,0.00071956,0.00071492,0.00071721
2026-04-27,0.00071724,0.00072054,0.00070492,0.00070596
2026-04-28,0.000706,0.00071316,0.0007026,0.00071194
2026-04-29,0.00071187,0.00071963,0.00071021,0.00071891
2026-04-30,0.00071892,0.00072648,0.00071692,0.00071836
2026-05-01,0.00071812,0.00072152,0.00071646,0.00071777
2026-05-02,0.00071782,0.00071945,0.0007176,0.0007189
2026-05-03,0.00071891,0.00072184,0.00071698,0.00071826
2026-05-04,0.00071836,0.00072002,0.00071199,0.00071327
2026-05-05,0.00071351,0.00071832,0.000712,0.00071797
2026-05-06,0.00071802,0.00072281,0.00071371,0.00072059
2026-05-07,0.00072059,0.00072425,0.00071422,0.00071659
