datetime,open,high,low,close
2003-12-01,0.021877529,0.021922613,0.021868439,0.021877052
2003-12-02,0.021877529,0.021949077,0.021872744,0.021915887
2003-12-03,0.021914447,0.021990106,0.021902926,0.021953898
2003-12-04,0.021954861,0.021968847,0.021923576,0.021954861
2003-12-05,0.021953898,0.022002684,0.021946186,0.022002684
2003-12-08,0.021990106,0.022028858,0.021978987,0.021992521
2003-12-09,0.021992039,0.022024976,0.021987688,0.022011401
2003-12-10,0.022016734,0.022048771,0.021974159,0.022040511
2003-12-11,0.022039538,0.022049744,0.021985753,0.022002684
2003-12-12,0.022003168,0.022016248,0.021987688,0.022015763
2003-12-15,0.022002200,0.022016248,0.021978023,0.021993490
2003-12-16,0.021993006,0.022038568,0.021980921,0.021993490
2003-12-17,0.021990106,0.022044398,0.021982852,0.022031769
2003-12-18,0.022033226,0.022038568,0.022004137,0.022013340
2003-12-19,0.022010434,0.022026917,0.021995908,0.022015763
2003-12-22,0.022018187,0.022030799,0.021975607,0.022001233
2003-12-23,0.022003653,0.022062393,0.021954378,0.022031769
2003-12-24,0.022030799,0.022045854,0.021962093,0.022006072
2003-12-25,0.022008011,0.022077003,0.021999296,0.022004621
2003-12-26,0.022015279,0.022028372,0.021998812,0.022006556
2003-12-29,0.022007043,0.022008011,0.021939447,0.021954378
2003-12-30,0.021954378,0.022014311,0.021946670,0.021978505
2003-12-31,0.021983821,0.022016248,0.021950042,0.021963540
2004-01-01,0.021964023,0.021968847,0.021962576,0.021964988
2004-01-02,0.021964988,0.021979470,0.021908205,0.021928381
2004-01-05,0.021964505,0.021997845,0.021946670,0.021994459
2004-01-06,0.021993490,0.021998812,0.021927901,0.021954378
2004-01-07,0.021954861,0.022038568,0.021949077,0.022032740
2004-01-08,0.022030314,0.022053147,0.021982852,0.021993490
2004-01-09,0.021995425,0.022109220,0.021980438,0.022050230
2004-01-12,0.022060933,0.022075055,0.022027887,0.022053633
2004-01-13,0.022051204,0.022108242,0.022043426,0.022068722
2004-01-14,0.022069208,0.022101890,0.022023521,0.022061419
2004-01-15,0.022058500,0.022075055,0.022031769,0.022051204
2004-01-16,0.022055093,0.022075055,0.022035168,0.022062879
2004-01-19,0.022047315,0.022077003,0.022046827,0.022059958
2004-01-20,0.022055579,0.022075055,0.022045854,0.022061419
2004-01-21,0.022056552,0.022087244,0.022029828,0.022071645
2004-01-22,0.022062879,0.022089684,0.022054121,0.022064827
2004-01-23,0.022069696,0.022109220,0.022055093,0.022102378
2004-01-26,0.022099448,0.022131238,0.022084806,0.022110686
2004-01-27,0.022110686,0.022129769,0.022078468,0.022089196
2004-01-28,0.022089684,0.022120468,0.022059472,0.022097982
2004-01-29,0.022093588,0.022136137,0.022075055,0.022089196
2004-01-30,0.022094076,0.022220246,0.022078468,0.022220246
2004-02-02,0.022147903,0.022159193,0.022115577,0.022136137
2004-02-03,0.022120468,0.022136137,0.022108732,0.022119978
2004-02-04,0.022119001,0.022136137,0.022108732,0.022119490
2004-02-05,0.022120468,0.022148393,0.022101890,0.022120956
2004-02-06,0.022127809,0.022170492,0.022111665,0.022139568
2004-02-09,0.022140548,0.022172950,0.022121446,0.022127809
2004-02-10,0.022127321,0.022182785,0.022121936,0.022131730
2004-02-11,0.022128299,0.022163121,0.022122916,0.022129769
2004-02-12,0.022128791,0.022173442,0.022121936,0.022123894
2004-02-13,0.022129769,0.022175407,0.022044884,0.022044884
2004-02-16,0.022134177,0.022153301,0.022111665,0.022132708
2004-02-17,0.022132708,0.022149866,0.022111174,0.022123894
2004-02-18,0.022117533,0.022155756,0.022114107,0.022138588
2004-02-19,0.022135647,0.022150846,0.022114597,0.022126831
2004-02-20,0.022127809,0.022160664,0.022119490,0.022138096
2004-02-23,0.022137117,0.022151828,0.022081392,0.022137607
2004-02-24,0.022137607,0.022145942,0.022108732,0.022118021
2004-02-25,0.022119001,0.022165576,0.022100912,0.022130748
2004-02-26,0.022129280,0.022160664,0.022122916,0.022139568
2004-02-27,0.022140548,0.022165576,0.022125851,0.022125851
2004-03-01,0.022141038,0.022170492,0.022126341,0.022137117
2004-03-02,0.022137607,0.022190170,0.022117043,0.022134177
2004-03-03,0.022136137,0.022186724,0.022115577,0.022148393
2004-03-04,0.022147903,0.022156246,0.022097493,0.022109708
2004-03-05,0.022108732,0.022175407,0.022104332,0.022128791
2004-03-08,0.022123894,0.022196574,0.022123894,0.022133688
2004-03-09,0.022137607,0.022176392,0.022124872,0.022158699
2004-03-10,0.022137607,0.022195095,0.022124872,0.022168525
2004-03-11,0.022169016,0.022174915,0.022114597,0.022131730
2004-03-12,0.022128791,0.022160664,0.022119001,0.022138096
2004-03-15,0.022137607,0.022160664,0.022129769,0.022138588
2004-03-16,0.022137607,0.022170492,0.022132708,0.022148885
2004-03-17,0.022148885,0.022166559,0.022130748,0.022138096
2004-03-18,0.022139078,0.022170492,0.022129769,0.022148393
2004-03-19,0.022148885,0.022189677,0.022138096,0.022177866
2004-03-22,0.022176884,0.022229632,0.022168033,0.022186724
2004-03-23,0.022187216,0.022351362,0.022172457,0.022316447
2004-03-24,0.022313459,0.022413986,0.022311468,0.022393409
2004-03-25,0.022385888,0.022419011,0.022374367,0.022391902
2004-03-26,0.022395413,0.022555543,0.022372866,0.022472920
2004-03-29,0.022469385,0.022758307,0.022452738,0.022737607
2004-03-30,0.022733990,0.022829486,0.022716431,0.022824276
2004-03-31,0.022817506,0.023097357,0.022798778,0.023076568
2004-04-01,0.023078166,0.023108030,0.023038821,0.023055818
2004-04-02,0.023056882,0.023064859,0.022875443,0.022883294
2004-04-05,0.022888009,0.022964749,0.022874396,0.022952626
2004-04-06,0.022952626,0.022967912,0.022882247,0.022921061
2004-04-07,0.022916332,0.023053693,0.022910032,0.023051566
2004-04-08,0.023049442,0.023059539,0.022956841,0.022975301
2004-04-09,0.022976357,0.022994321,0.022963166,0.022976357
2004-04-13,0.022977414,0.022977414,0.022873875,0.022917384
2004-04-14,0.022918433,0.022938410,0.022883294,0.022900065
2004-04-15,0.022897966,0.022920009,0.022766080,0.022826882
2004-04-16,0.022823755,0.022889581,0.022803457,0.022868119
2004-04-19,0.022866551,0.022879630,0.022810739,0.022836264
2004-04-20,0.022823755,0.022889581,0.022756753,0.022795660
2004-04-21,0.022793580,0.022809179,0.022732439,0.022736575
2004-04-22,0.022766080,0.022782156,0.022680881,0.022758825
2004-04-23,0.022757787,0.022820629,0.022668026,0.022671109
2004-04-26,0.022661863,0.022755718,0.022661863,0.022722626
2004-04-27,0.022723142,0.022732439,0.022648517,0.022690143
2004-04-28,0.022690143,0.022712819,0.022660321,0.022672653
2004-04-29,0.022672653,0.022680881,0.022530135,0.022563687
2004-04-30,0.022567250,0.022588661,0.022502251,0.022581520
2004-05-03,0.022580501,0.022592742,0.022276677,0.022577440
2004-05-04,0.022577951,0.022584580,0.022327410,0.022336883
2004-05-05,0.022335887,0.022489598,0.022330901,0.022440644
2004-05-06,0.022437623,0.022464339,0.022413483,0.022426553
2004-05-07,0.022425547,0.022532672,0.022389898,0.022456268
2004-05-10,0.022456771,0.022456771,0.022220742,0.022236058
2004-05-11,0.022236552,0.022245457,0.022050718,0.022138588
2004-05-12,0.022138096,0.022152811,0.022036139,0.022069208
2004-05-13,0.022070671,0.022246940,0.022061419,0.022143491
2004-05-14,0.022143491,0.022154283,0.021939447,0.022036139
2004-05-17,0.022036139,0.022041967,0.021786967,0.022011401
2004-05-18,0.022030799,0.022065314,0.021992521,0.022051690
2004-05-19,0.022050718,0.022190170,0.022036139,0.022183770
2004-05-20,0.022180818,0.022188691,0.022133688,0.022166070
2004-05-21,0.022167051,0.022199528,0.022070182,0.022128299
2004-05-24,0.022127809,0.022140058,0.022070182,0.022132218
2004-05-25,0.022128299,0.022137607,0.022067748,0.022088708
2004-05-26,0.022106776,0.022106776,0.022058014,0.022091636
2004-05-27,0.022033712,0.022096029,0.022026917,0.022078954
2004-05-28,0.022080906,0.022091636,0.021975607,0.022079442
2004-05-31,0.022079930,0.022092612,0.022068236,0.022079930
2004-06-01,0.022079930,0.022087244,0.022030314,0.022040511
2004-06-02,0.022040997,0.022089684,0.022037111,0.022051204
2004-06-03,0.022051204,0.022173932,0.022028372,0.022170492
2004-06-04,0.022168033,0.022246940,0.022161646,0.022197066
2004-06-07,0.022200024,0.022265764,0.022191647,0.022255359
2004-06-08,0.022256844,0.022268740,0.022202486,0.022258826
2004-06-09,0.022257835,0.022318440,0.022232598,0.022307985
2004-06-10,0.022306990,0.022320433,0.022215310,0.022227656
2004-06-11,0.022227161,0.022233091,0.022182785,0.022189185
2004-06-14,0.022224693,0.022224693,0.022087244,0.022098958
2004-06-15,0.022098958,0.022132708,0.022066774,0.022092124
2004-06-16,0.022092612,0.022101890,0.022048771,0.022062393
2004-06-17,0.022061419,0.022069208,0.021991072,0.022012854
2004-06-18,0.022011401,0.022021580,0.021932229,0.021974159
2004-06-21,0.021946670,0.021976573,0.021810727,0.021849327
2004-06-22,0.021848371,0.021866048,0.021654395,0.021707512
2004-06-23,0.021707512,0.021964023,0.021699505,0.021957271
2004-06-24,0.021958236,0.021965470,0.021817388,0.021857923
2004-06-25,0.021857446,0.021890940,0.021795990,0.021889502
2004-06-28,0.021890940,0.021938004,0.021805495,0.021861747
2004-06-29,0.021861268,0.021867484,0.021727322,0.021782696
2004-06-30,0.021782696,0.021804068,0.021746222,0.021792190
2004-07-01,0.021786492,0.021847894,0.021786492,0.021840738
2004-07-02,0.021839306,0.021945225,0.021793615,0.021934154
2004-07-05,0.021934634,0.021942334,0.021862701,0.021885190
2004-07-06,0.021883754,0.021890940,0.021739131,0.021791240
2004-07-07,0.021801692,0.021875136,0.021780798,0.021868439
2004-07-08,0.021865569,0.021912044,0.021842169,0.021904845
2004-07-09,0.021907246,0.021953898,0.021893336,0.021925976
2004-07-12,0.021923576,0.021947633,0.021906286,0.021936078
2004-07-13,0.021933673,0.021940410,0.021834062,0.021856491
2004-07-14,0.021857923,0.021866048,0.021772262,0.021801217
2004-07-15,0.021795040,0.021803593,0.021694327,0.021724962
2004-07-16,0.021724017,0.021807874,0.021677867,0.021697622
2004-07-19,0.021697151,0.021805970,0.021691974,0.021743383
2004-07-20,0.021744331,0.021789340,0.021717886,0.021781746
2004-07-21,0.021782696,0.021786017,0.021716470,0.021735823
2004-07-22,0.021735352,0.021741021,0.021645021,0.021688681
2004-07-23,0.021687269,0.021694327,0.021619285,0.021683978
2004-07-26,0.021673169,0.021682099,0.021626297,0.021649238
2004-07-27,0.021648770,0.021693386,0.021641742,0.021686800
2004-07-28,0.021686800,0.021695739,0.021589879,0.021613678
2004-07-29,0.021615079,0.021617416,0.021544758,0.021593142
2004-07-30,0.021592209,0.021648301,0.021552190,0.021621155
2004-08-02,0.021621622,0.021654395,0.021586616,0.021631444
2004-08-03,0.021633783,0.021645958,0.021586616,0.021639870
2004-08-04,0.021641275,0.021645021,0.021586150,0.021595940
2004-08-05,0.021593608,0.021640338,0.021588480,0.021612275
2004-08-06,0.021611808,0.021656273,0.021554047,0.021650176
2004-08-09,0.021648770,0.021657210,0.021567527,0.021598272
2004-08-10,0.021602005,0.021642679,0.021547081,0.021630041
2004-08-11,0.021632379,0.021652050,0.021592675,0.021639870
2004-08-12,0.021640338,0.021689622,0.021632379,0.021649709
2004-08-13,0.021650646,0.021670820,0.021625362,0.021631444
2004-08-16,0.021630976,0.021642210,0.021581957,0.021630041
2004-08-17,0.021631911,0.021639870,0.021577766,0.021626297
2004-08-18,0.021633316,0.021642210,0.021576369,0.021618349
2004-08-19,0.021618349,0.021656740,0.021606205,0.021612275
2004-08-20,0.021612743,0.021684917,0.021608073,0.021640806
2004-08-23,0.021641275,0.021680217,0.021639870,0.021668471
2004-08-24,0.021668943,0.021674108,0.021618349,0.021642679
2004-08-25,0.021641742,0.021645958,0.021605272,0.021623960
2004-08-26,0.021623960,0.021625362,0.021601539,0.021610875
2004-08-27,0.021612743,0.021661431,0.021605738,0.021631444
2004-08-30,0.021631911,0.021645021,0.021602938,0.021631444
2004-08-31,0.021630509,0.021642679,0.021586150,0.021610409
2004-09-01,0.021613678,0.021639401,0.021590345,0.021623492
2004-09-02,0.021620687,0.021656740,0.021603404,0.021622090
2004-09-03,0.021620687,0.021691974,0.021617416,0.021630976
2004-09-06,0.021631911,0.021636592,0.021613678,0.021623023
2004-09-07,0.021621622,0.021637997,0.021597341,0.021604804
2004-09-08,0.021602938,0.021652050,0.021598272,0.021624427
2004-09-09,0.021622090,0.021642679,0.021611808,0.021632846
2004-09-10,0.021630041,0.021689622,0.021617882,0.021679277
2004-09-13,0.021673638,0.021708457,0.021665186,0.021678336
2004-09-14,0.021677867,0.021869875,0.021669881,0.021850759
2004-09-15,0.021850759,0.021877052,0.021829294,0.021857446
2004-09-16,0.021858878,0.021872265,0.021793138,0.021801217
2004-09-17,0.021800267,0.021874659,0.021795990,0.021839784
2004-09-20,0.021841692,0.021865092,0.021801692,0.021810252
2004-09-21,0.021810252,0.021869875,0.021803116,0.021847894
2004-09-22,0.021848850,0.021885190,0.021838352,0.021877052
2004-09-23,0.021878486,0.021879444,0.021797890,0.021858878
2004-09-24,0.021857923,0.021862224,0.021798365,0.021810727
2004-09-27,0.021800742,0.021834537,0.021795040,0.021833109
2004-09-28,0.021832153,0.021835014,0.021703744,0.021767048
2004-09-29,0.021765627,0.021829294,0.021694327,0.021811677
2004-09-30,0.021810252,0.021836447,0.021774633,0.021829773
2004-10-01,0.021830725,0.021855535,0.021758998,0.021758998
2004-10-04,0.021810252,0.021867484,0.021806922,0.021857923
2004-10-05,0.021858402,0.021861268,0.021838829,0.021850282
2004-10-06,0.021849805,0.021863658,0.021812629,0.021858878
2004-10-07,0.021857923,0.021884233,0.021834062,0.021858878
2004-10-08,0.021857446,0.021917809,0.021852192,0.021907724
2004-10-11,0.021908205,0.021918288,0.021848371,0.021908205
2004-10-12,0.021910125,0.021911565,0.021833109,0.021846941
2004-10-13,0.021848371,0.021869875,0.021838352,0.021849805
2004-10-14,0.021848371,0.021877052,0.021832153,0.021835014
2004-10-15,0.021838352,0.021891898,0.021835014,0.021856969
2004-10-18,0.021858402,0.021872744,0.021842645,0.021857923
2004-10-19,0.021859836,0.021910125,0.021845508,0.021892376
2004-10-20,0.021894295,0.021917809,0.021857923,0.021888064
2004-10-21,0.021887107,0.021917809,0.021877052,0.021905325
2004-10-22,0.021907246,0.021943780,0.021877052,0.021925015
2004-10-25,0.021926459,0.021988653,0.021921171,0.021983821
2004-10-26,0.021982370,0.021987204,0.021905804,0.021943780
2004-10-27,0.021945225,0.021990106,0.021901008,0.021948596
2004-10-29,0.021955824,0.022101890,0.021944743,0.022070182
2004-11-01,0.022066774,0.022092124,0.022040997,0.022063851
2004-11-02,0.022060445,0.022068236,0.021987688,0.022030799
2004-11-03,0.022031285,0.022115577,0.022002684,0.022107752
2004-11-04,0.022104332,0.022210870,0.022103844,0.022186231
2004-11-05,0.022186724,0.022250406,0.022155756,0.022247436
2004-11-08,0.022248426,0.022251893,0.022159193,0.022172457
2004-11-09,0.022174424,0.022209883,0.022165576,0.022184262
2004-11-10,0.022184754,0.022219753,0.022174915,0.022193618
2004-11-11,0.022188200,0.022197066,0.022157228,0.022185739
2004-11-12,0.022179835,0.022226667,0.022171473,0.022207418
2004-11-15,0.022206429,0.022244466,0.022198543,0.022236058
2004-11-16,0.022238037,0.022261800,0.022212351,0.022227161
2004-11-17,0.022226667,0.022303008,0.022217778,0.022293562
2004-11-18,0.022297539,0.022302013,0.022182785,0.022246940
2004-11-19,0.022246940,0.022262791,0.022182785,0.022251893
2004-11-22,0.022256348,0.022263287,0.022213832,0.022261303
2004-11-23,0.022260312,0.022287102,0.022212351,0.022243971
2004-11-24,0.022232104,0.022259321,0.022222223,0.022240508
2004-11-25,0.022241002,0.022280646,0.022219259,0.022269731
2004-11-26,0.022261800,0.022281639,0.022256844,0.022275684
2004-11-29,0.022277668,0.022406453,0.022261800,0.022363860
2004-11-30,0.022364860,0.022518465,0.022357859,0.022505289
2004-12-01,0.022508327,0.022618292,0.022496682,0.022609089
2004-12-02,0.022609601,0.022757269,0.022586621,0.022753645
2004-12-03,0.022747952,0.022761934,0.022645952,0.022731923
2004-12-06,0.022731923,0.022956841,0.022723658,0.022930520
2004-12-07,0.022930520,0.022946833,0.022904260,0.022940515
2004-12-08,0.022939989,0.022946306,0.022719529,0.022849308
2004-12-09,0.022846177,0.022853486,0.022662889,0.022700446
2004-12-10,0.022702506,0.022709724,0.022391401,0.022437120
2004-12-13,0.022436114,0.022713851,0.022427559,0.022710755
2004-12-14,0.022712303,0.022746917,0.022676766,0.022731923
2004-12-15,0.022733990,0.022799818,0.022694778,0.022762969
2004-12-16,0.022762451,0.022906885,0.022758307,0.022890104
2004-12-17,0.022886962,0.022901112,0.022742262,0.022779042
2004-12-20,0.022784753,0.022858188,0.022756753,0.022846177
2004-12-21,0.022848265,0.022915281,0.022839915,0.022909507
2004-12-22,0.022909507,0.022914758,0.022824276,0.022846699
2004-12-23,0.022845656,0.022951046,0.022839393,0.022940515
2004-12-24,0.022942094,0.022963693,0.022849832,0.022963693
2004-12-27,0.022929469,0.022946833,0.022841481,0.022928944
2004-12-28,0.022931572,0.022937357,0.022896394,0.022920009
2004-12-29,0.022919483,0.022977941,0.022886962,0.022972664
2004-12-30,0.022971606,0.022980055,0.022893773,0.022905834
2004-12-31,0.022907933,0.023112837,0.022900589,0.023090422
2005-01-03,0.023089355,0.023099490,0.022971606,0.023032984
2005-01-04,0.023035105,0.023121387,0.022978468,0.022993263
2005-01-05,0.022993790,0.023014959,0.022854531,0.022941567
2005-01-06,0.022940515,0.022946306,0.022778524,0.022816464
2005-01-07,0.022814902,0.022943674,0.022805018,0.022814382
2005-01-10,0.022816986,0.022860801,0.022748470,0.022834700
2005-01-11,0.022835743,0.022976886,0.022830009,0.022973191
2005-01-12,0.022973718,0.022982165,0.022851920,0.022972135
2005-01-13,0.022973191,0.022999080,0.022913180,0.022949992
2005-01-14,0.022949992,0.022999609,0.022842003,0.022982692
2005-01-17,0.022982165,0.023004370,0.022909507,0.022988506
2005-01-18,0.022996964,0.023002783,0.022875443,0.022893773
2005-01-19,0.022904785,0.022995379,0.022888009,0.022977941
2005-01-20,0.022983750,0.022988506,0.022859756,0.022893773
2005-01-21,0.022899017,0.022996435,0.022883294,0.022987977
2005-01-24,0.022942619,0.022962114,0.022884866,0.022946306
2005-01-25,0.022953153,0.022957370,0.022850875,0.022904260
2005-01-26,0.022910558,0.022941042,0.022893773,0.022904260
2005-01-27,0.022907933,0.022938410,0.022872826,0.022893773
2005-01-28,0.022899540,0.022959476,0.022881724,0.022934202
2005-01-31,0.022946306,0.022948937,0.022900589,0.022904260
2005-02-01,0.022908458,0.022948937,0.022904260,0.022935780
2005-02-02,0.022942619,0.023137970,0.022932624,0.023126734
2005-02-03,0.023131549,0.023137435,0.023065390,0.023094689
2005-02-04,0.023098422,0.023124062,0.023025557,0.023100557
2005-02-07,0.023049442,0.023101091,0.023021847,0.023062730
2005-02-08,0.023066986,0.023071777,0.022918958,0.022925263
2005-02-09,0.022931045,0.022956841,0.022902161,0.022914758
2005-02-10,0.022918958,0.022953678,0.022857143,0.022914758
2005-02-11,0.022918958,0.022924738,0.022854531,0.022893773
2005-02-14,0.022889057,0.022948937,0.022882247,0.022883294
2005-02-15,0.022888534,0.022912132,0.022851920,0.022862367
2005-02-16,0.022863938,0.022935780,0.022857143,0.022914758
2005-02-17,0.022919483,0.022934202,0.022857143,0.022925263
2005-02-18,0.022930520,0.022933675,0.022846699,0.022909507
2005-02-21,0.022908982,0.022914758,0.022857143,0.022872826
2005-02-22,0.022878060,0.022969497,0.022870213,0.022946306
2005-02-23,0.022950519,0.022962114,0.022887485,0.022904260
2005-02-24,0.022906359,0.022977941,0.022901112,0.022935780
2005-02-25,0.022939989,0.022959476,0.022909507,0.022941567
2005-02-28,0.022941567,0.022975301,0.022927891,0.022956841
2005-03-01,0.022961587,0.022967385,0.022904260,0.022914758
2005-03-02,0.022920009,0.022951573,0.022904260,0.022914758
2005-03-03,0.022918958,0.022955786,0.022912132,0.022946306
2005-03-04,0.022954734,0.022959476,0.022894820,0.022953153
2005-03-07,0.022930520,0.022948937,0.022905309,0.022943674
2005-03-08,0.022927891,0.022972664,0.022916332,0.022956841
2005-03-09,0.022962114,0.022971079,0.022931572,0.022946306
2005-03-10,0.022952626,0.023014959,0.022938410,0.022988506
2005-03-11,0.022992734,0.023043068,0.022976886,0.023036698
2005-03-14,0.023035636,0.023039883,0.022999080,0.023009665
2005-03-15,0.023013372,0.023025557,0.022981638,0.022999080
2005-03-16,0.023004899,0.023009665,0.022947885,0.022962114
2005-03-17,0.022967912,0.022974245,0.022943674,0.022962114
2005-03-18,0.022966331,0.023014959,0.022890104,0.022962114
2005-03-21,0.022968443,0.022977941,0.022875443,0.022962114
2005-03-22,0.022966331,0.022973191,0.022856098,0.022909507
2005-03-23,0.022912657,0.022921061,0.022841481,0.022904260
2005-03-24,0.022913180,0.022933150,0.022819590,0.022914758
2005-03-25,0.022914758,0.022934727,0.022872826,0.022925263
2005-03-28,0.022904260,0.022946306,0.022827402,0.022909507
2005-03-29,0.022914233,0.022922112,0.022820629,0.022909507
2005-03-30,0.022918433,0.022923686,0.022815423,0.022857143
2005-03-31,0.022864982,0.022938410,0.022848265,0.022930520
2005-04-01,0.022863414,0.023003312,0.022856098,0.022993790
2005-04-04,0.022992205,0.022998024,0.022843046,0.022909507
2005-04-05,0.022913707,0.022926316,0.022820629,0.022909507
2005-04-06,0.022913707,0.022925263,0.022857143,0.022893773
2005-04-07,0.022900065,0.022935253,0.022854531,0.022925263
2005-04-08,0.022928419,0.022935780,0.022851920,0.022908982
2005-04-11,0.022910558,0.022946306,0.022864982,0.022913707
2005-04-12,0.022911083,0.022962114,0.022871781,0.022925263
2005-04-13,0.022925263,0.022941042,0.022862367,0.022893773
2005-04-14,0.022902161,0.022949465,0.022878060,0.022935780
2005-04-15,0.022943148,0.022946306,0.022815423,0.022884341
2005-04-18,0.022887485,0.022934727,0.022836264,0.022925263
2005-04-19,0.022925263,0.022946306,0.022846699,0.022893773
2005-04-20,0.022904260,0.022961060,0.022854531,0.022946306
2005-04-21,0.022955786,0.022958949,0.022856098,0.022893773
2005-04-22,0.022898490,0.022935780,0.022862367,0.022930520
2005-04-25,0.022907933,0.022943674,0.022874396,0.022920009
2005-04-26,0.022918433,0.022970024,0.022887485,0.022925263
2005-04-27,0.022929994,0.022977941,0.022878060,0.022946306
2005-04-28,0.022947885,0.022962114,0.022871781,0.022935780
2005-04-29,0.022914758,0.023062199,0.022910558,0.023052096
2005-05-02,0.023023969,0.023030862,0.022967385,0.022988506
2005-05-03,0.022993790,0.023014959,0.022935780,0.022977941
2005-05-04,0.022984279,0.023068052,0.022956841,0.023009665
2005-05-05,0.023044661,0.023105895,0.023009665,0.023068052
2005-05-06,0.023094689,0.023116043,0.022974245,0.023025557
2005-05-09,0.023025557,0.023094689,0.022977941,0.023020258
2005-05-10,0.023023440,0.023094689,0.023004370,0.023062730
2005-05-11,0.023066454,0.023185717,0.023052096,0.023137435
2005-05-12,0.023143861,0.023158869,0.023060070,0.023126734
2005-05-13,0.023132084,0.023139577,0.023020258,0.023041474
2005-05-16,0.023068052,0.023084026,0.022991149,0.023041474
2005-05-17,0.023045192,0.023073373,0.022996435,0.023030862
2005-05-18,0.023037227,0.023065390,0.022935780,0.023052096
2005-05-19,0.023059007,0.023068052,0.023001727,0.023052096
2005-05-20,0.023058476,0.023080830,0.022984806,0.023080830
2005-05-23,0.023057945,0.023062730,0.022964749,0.023030862
2005-05-24,0.023033513,0.023062730,0.022983223,0.022999080
2005-05-25,0.023002783,0.023041474,0.022970024,0.023009665
2005-05-26,0.023014959,0.023041474,0.022970024,0.022988506
2005-05-27,0.023016019,0.023049442,0.022975301,0.022988506
2005-05-30,0.023024499,0.023041474,0.022956841,0.022988506
2005-05-31,0.022992734,0.023001196,0.022867598,0.022925263
2005-06-01,0.022931045,0.022934727,0.022848265,0.022872826
2005-06-02,0.022877537,0.022946306,0.022868643,0.022883294
2005-06-03,0.022888009,0.023001727,0.022882247,0.022956841
2005-06-06,0.022943674,0.023004370,0.022936307,0.022977941
2005-06-07,0.022985335,0.023025557,0.022951573,0.022999080
2005-06-08,0.023004899,0.023049442,0.022974245,0.023030862
2005-06-09,0.023035105,0.023073373,0.022964749,0.023009665
2005-06-10,0.023047317,0.023052096,0.022963693,0.023004370
2005-06-13,0.023003312,0.023011252,0.022917384,0.022967385
2005-06-14,0.022972135,0.022988506,0.022904260,0.022946306
2005-06-15,0.022951046,0.023014959,0.022908458,0.022988506
2005-06-16,0.022994850,0.023011252,0.022930520,0.022999080
2005-06-17,0.023005430,0.023025557,0.022947885,0.022993790
2005-06-20,0.023013901,0.023021847,0.022964749,0.022999080
2005-06-21,0.023003841,0.023023969,0.022929469,0.022999080
2005-06-22,0.023005430,0.023045724,0.022972664,0.023030862
2005-06-23,0.023036167,0.023052096,0.022962114,0.022999080
2005-06-24,0.023002783,0.023041474,0.022948937,0.022993790
2005-06-27,0.023025557,0.023041474,0.022982165,0.023030862
2005-06-28,0.023037758,0.023049442,0.022972664,0.022999080
2005-06-29,0.022964749,0.023021318,0.022954207,0.022999080
2005-06-30,0.023004899,0.023028210,0.022975301,0.023009665
2005-07-01,0.022988506,0.023054754,0.022983223,0.022988506
2005-07-04,0.022961060,0.023024499,0.022959476,0.023009665
2005-07-05,0.023014959,0.023052096,0.022948937,0.022988506
2005-07-06,0.022994321,0.023030862,0.022945251,0.022988506
2005-07-07,0.022993790,0.023030862,0.022918958,0.022956841
2005-07-08,0.022962114,0.022999080,0.022920009,0.022967385
2005-07-11,0.022967385,0.023023969,0.022955786,0.023009665
2005-07-12,0.023016019,0.023030862,0.022968970,0.023009665
2005-07-13,0.023014959,0.023040943,0.022962114,0.023035105
2005-07-14,0.023030862,0.023052096,0.022970024,0.023030862
2005-07-15,0.023036698,0.023052096,0.022977941,0.023004370
2005-07-18,0.023004370,0.023052096,0.022967385,0.023012841
2005-07-19,0.022993263,0.023010723,0.022977941,0.022977941
2005-07-20,0.022977941,0.023052096,0.022968970,0.023014959
2005-07-21,0.023014959,0.023255814,0.022985863,0.023255814
2005-07-22,0.023255814,0.023255814,0.023009665,0.023014959
2005-07-25,0.023057414,0.023057414,0.022962114,0.023009665
2005-07-26,0.023025028,0.023054754,0.022954207,0.023036167
2005-07-27,0.023026088,0.023086691,0.023014959,0.023073373
2005-07-28,0.023068052,0.023104291,0.023020258,0.023084026
2005-07-29,0.023098422,0.023116577,0.022987450,0.023068052
2005-08-01,0.023066454,0.023102691,0.023014959,0.023052096
2005-08-02,0.023055287,0.023078697,0.022971606,0.023041474
2005-08-03,0.023046786,0.023078697,0.022985863,0.023057414
2005-08-04,0.023048379,0.023078697,0.022984806,0.023046255
2005-08-05,0.023014959,0.023060070,0.022982165,0.023030862
2005-08-08,0.023036167,0.023043068,0.022964749,0.023014959
2005-08-09,0.023014959,0.023043599,0.022953153,0.023014959
2005-08-10,0.023030862,0.023039883,0.022967385,0.023014959
2005-08-11,0.023009665,0.023025028,0.022941042,0.022988506
2005-08-12,0.023016019,0.023033513,0.022948937,0.022954734
2005-08-15,0.022985335,0.023063794,0.022977414,0.023020258
2005-08-16,0.023054224,0.023061667,0.022967385,0.023014959
2005-08-17,0.023016550,0.023036167,0.022967385,0.023009665
2005-08-18,0.023013372,0.023025557,0.022955786,0.022988506
2005-08-19,0.022992734,0.023004370,0.022977941,0.022977941
2005-08-22,0.022993790,0.023000667,0.022925263,0.022962114
2005-08-23,0.022982165,0.022986392,0.022867598,0.022946306
2005-08-24,0.022952098,0.022967385,0.022857143,0.022883294
2005-08-25,0.022921061,0.022935780,0.022854531,0.022883294
2005-08-26,0.022889057,0.022943674,0.022862367,0.022935780
2005-08-29,0.022910558,0.022935780,0.022786830,0.022904260
2005-08-30,0.022908458,0.022917910,0.022735024,0.022908458
2005-08-31,0.022904260,0.022913180,0.022660321,0.022737607
2005-09-01,0.022744849,0.022790466,0.022669569,0.022779042
2005-09-02,0.022785271,0.022844089,0.022760896,0.022831051
2005-09-05,0.022794101,0.022918958,0.022790466,0.022904260
2005-09-06,0.022913707,0.022916857,0.022760896,0.022825839
2005-09-07,0.022851920,0.022862367,0.022792023,0.022820629
2005-09-08,0.022824796,0.022878060,0.022797218,0.022841481
2005-09-09,0.022846177,0.022883294,0.022810219,0.022851920
2005-09-12,0.022865504,0.022875443,0.022816986,0.022836264
2005-09-13,0.022868643,0.022883294,0.022781638,0.022815423
2005-09-14,0.022867598,0.022872303,0.022762969,0.022820629
2005-09-15,0.022835221,0.022846699,0.022746917,0.022831051
2005-09-16,0.022835743,0.022851920,0.022781638,0.022820629
2005-09-19,0.022837307,0.022846699,0.022780601,0.022815423
2005-09-20,0.022815423,0.022851920,0.022770226,0.022810219
2005-09-22,0.022781638,0.022851920,0.022768671,0.022805018
2005-09-23,0.022814382,0.022843568,0.022758307,0.022805018
2005-09-26,0.022846699,0.022846699,0.022747952,0.022805018
2005-09-27,0.022789424,0.022820629,0.022732439,0.022779042
2005-09-28,0.022792023,0.022799818,0.022693748,0.022727273
2005-09-29,0.022735540,0.022784233,0.022714365,0.022758307
2005-09-30,0.022764005,0.022807617,0.022757269,0.022763487
2005-10-03,0.022793580,0.022801898,0.022664430,0.022696322
2005-10-04,0.022700446,0.022747952,0.022616759,0.022706630
2005-10-05,0.022712819,0.022716431,0.022578459,0.022624435
2005-10-06,0.022631602,0.022675738,0.022590192,0.022655189
2005-10-07,0.022661863,0.022665458,0.022547916,0.022552999
2005-10-10,0.022603467,0.022605000,0.022346368,0.022346368
2005-10-11,0.022386892,0.022421526,0.022246940,0.022291573
2005-10-12,0.022296047,0.022392403,0.022292567,0.022346368
2005-10-13,0.022386391,0.022390900,0.022251893,0.022286607
2005-10-14,0.022299029,0.022367362,0.022258332,0.022361359
2005-10-17,0.022357859,0.022364359,0.022286607,0.022316447
2005-10-18,0.022356361,0.022365360,0.022143491,0.022212351
2005-10-19,0.022177866,0.022217287,0.022038568,0.022177866
2005-10-20,0.022176884,0.022217287,0.022113131,0.022163121
2005-10-21,0.022170000,0.022264276,0.022163613,0.022217287
2005-10-24,0.022225186,0.022251893,0.022137607,0.022197559
2005-10-25,0.022197559,0.022271713,0.022158209,0.022271713
2005-10-26,0.022212351,0.022286607,0.022204952,0.022251893
2005-10-27,0.022255853,0.022263780,0.022185246,0.022227161
2005-10-28,0.022260807,0.022271713,0.022153301,0.022217287
2005-10-31,0.022229632,0.022232598,0.022163121,0.022202486
2005-11-01,0.022201994,0.022235069,0.022192631,0.022222223
2005-11-02,0.022235563,0.022235563,0.022082368,0.022138588
2005-11-03,0.022141038,0.022168033,0.022079930,0.022123894
2005-11-04,0.022126831,0.022143491,0.021968365,0.022007043
2005-11-07,0.022020612,0.022050718,0.021788865,0.021843601
2005-11-08,0.021847894,0.021893816,0.021743856,0.021872265
2005-11-09,0.021878486,0.021922613,0.021831678,0.021891419
2005-11-10,0.021896692,0.021925015,0.021826914,0.021886628
2005-11-11,0.021887586,0.021987688,0.021814058,0.021987688
2005-11-14,0.021922613,0.021961611,0.021872265,0.021905804
2005-11-15,0.021905804,0.021977540,0.021886628,0.021949077
2005-11-16,0.021950524,0.021957271,0.021834062,0.021881837
2005-11-17,0.021887107,0.021931268,0.021848371,0.021910606
2005-11-18,0.021924535,0.021939447,0.021841215,0.021881837
2005-11-21,0.021905804,0.021929825,0.021845032,0.021901008
2005-11-22,0.021905325,0.021929825,0.021812629,0.021862701
2005-11-23,0.021867005,0.021917809,0.021859355,0.021891419
2005-11-24,0.021897651,0.021932229,0.021864137,0.021910606
2005-11-25,0.021914925,0.021949077,0.021829294,0.021862701
2005-11-28,0.021866048,0.021905804,0.021743856,0.021810252
2005-11-29,0.021838352,0.021881837,0.021781746,0.021834062
2005-11-30,0.021820722,0.021881837,0.021764208,0.021805495
2005-12-01,0.021811677,0.021857923,0.021736767,0.021781746
2005-12-02,0.021781273,0.021834062,0.021647364,0.021687269
2005-12-05,0.021716470,0.021720244,0.021584285,0.021626297
2005-12-06,0.021626297,0.021713169,0.021621622,0.021682568
2005-12-07,0.021682568,0.021739131,0.021635655,0.021663778
2005-12-08,0.021687269,0.021691503,0.021590345,0.021659087
2005-12-09,0.021677867,0.021710811,0.021633316,0.021687269
2005-12-12,0.021676928,0.021768944,0.021644086,0.021758052
2005-12-13,0.021762311,0.021781746,0.021699036,0.021729682
2005-12-14,0.021741021,0.021953898,0.021729682,0.021939447
2005-12-15,0.021946186,0.022123894,0.021915406,0.022114107
2005-12-16,0.022121446,0.022160664,0.021999778,0.022042939
2005-12-19,0.022088708,0.022279158,0.022084318,0.022084806
2005-12-20,0.022088220,0.022301516,0.022083830,0.022153301
2005-12-21,0.022186231,0.022217287,0.022038568,0.022172950
2005-12-22,0.022178357,0.022202486,0.022043426,0.022114107
2005-12-23,0.022121446,0.022209883,0.022116065,0.022172950
2005-12-26,0.022197559,0.022211857,0.022164594,0.022192631
2005-12-27,0.022195587,0.022241993,0.022104332,0.022182785
2005-12-28,0.022187216,0.022223210,0.022077493,0.022212351
2005-12-29,0.022217778,0.022222223,0.022135159,0.022168033
2005-12-30,0.022175407,0.022259321,0.022170983,0.022237046
2006-01-02,0.022237541,0.022242982,0.022177866,0.022232104
2006-01-03,0.022241499,0.022303008,0.022197559,0.022291573
2006-01-04,0.022298036,0.022401433,0.022281639,0.022381378
2006-01-05,0.022365861,0.022454249,0.022361359,0.022386391
2006-01-06,0.022389898,0.022596316,0.022372866,0.022578459
2006-01-09,0.022479488,0.022652622,0.022471910,0.022593765
2006-01-10,0.022614202,0.022675738,0.022509849,0.022634676
2006-01-11,0.022640314,0.022784233,0.022634163,0.022768671
2006-01-12,0.022774892,0.022779563,0.022632115,0.022758307
2006-01-13,0.022761416,0.022767633,0.022588661,0.022691173
2006-01-16,0.022630068,0.022727273,0.022619318,0.022665458
2006-01-17,0.022672139,0.022696322,0.022562159,0.022624435
2006-01-18,0.022624435,0.022639802,0.022479488,0.022578459
2006-01-19,0.022537244,0.022657240,0.022532672,0.022644928
2006-01-20,0.022648517,0.022675738,0.022546897,0.022650056
2006-01-23,0.022588661,0.022727273,0.022583051,0.022691173
2006-01-24,0.022681909,0.022701476,0.022603977,0.022639802
2006-01-25,0.022663403,0.022728305,0.022550456,0.022716947
2006-01-26,0.022719013,0.022767633,0.022706630,0.022732439
2006-01-27,0.022732439,0.022768671,0.022611646,0.022760896
2006-01-30,0.022765042,0.022772301,0.022629555,0.022716947
2006-01-31,0.022723142,0.022800857,0.022665458,0.022779042
2006-02-01,0.022784753,0.022787349,0.022624435,0.022686025
2006-02-02,0.022690143,0.022706630,0.022565722,0.022644928
2006-02-03,0.022665458,0.022696322,0.022610622,0.022686025
2006-02-06,0.022654675,0.022706630,0.022611646,0.022655189
2006-02-07,0.022660835,0.022691173,0.022581009,0.022624435
2006-02-08,0.022630068,0.022696322,0.022593765,0.022665458
2006-02-09,0.022670083,0.022704054,0.022634676,0.022680881
2006-02-10,0.022681395,0.022717463,0.022615736,0.022711787
2006-02-13,0.022711273,0.022715915,0.022583559,0.022650056
2006-02-14,0.022628529,0.022691173,0.022609089,0.022650056
2006-02-15,0.022650056,0.022696322,0.022591213,0.022644928
2006-02-16,0.022689627,0.022695294,0.022552999,0.022603977
2006-02-17,0.022605512,0.022639802,0.022497188,0.022567250
2006-02-20,0.022570815,0.022619318,0.022498706,0.022542831
2006-02-21,0.022548931,0.022624435,0.022516437,0.022563176
2006-02-22,0.022567250,0.022614202,0.022437623,0.022482015
2006-02-23,0.022484036,0.022560632,0.022421526,0.022492127
2006-02-24,0.022497693,0.022614202,0.022492127,0.022578459
2006-02-27,0.022578459,0.022614202,0.022492127,0.022517452
2006-02-28,0.022545882,0.022625457,0.022459291,0.022598870
2006-03-01,0.022614202,0.022634676,0.022551984,0.022583559
2006-03-02,0.022573363,0.022665458,0.022550456,0.022634676
2006-03-03,0.022598360,0.022709209,0.022552999,0.022634676
2006-03-06,0.022634676,0.022665458,0.022551475,0.022598870
2006-03-07,0.022608068,0.022660321,0.022551475,0.022624435
2006-03-08,0.022629555,0.022633651,0.022514915,0.022532672
2006-03-09,0.022539781,0.022606533,0.022444170,0.022492127
2006-03-10,0.022497188,0.022601424,0.022466863,0.022495670
2006-03-13,0.022499213,0.022565722,0.022461815,0.022527596
2006-03-14,0.022510862,0.022570815,0.022482015,0.022552999
2006-03-15,0.022526583,0.022676252,0.022514915,0.022675738
2006-03-16,0.022675738,0.022675738,0.022511369,0.022547916
2006-03-17,0.022550965,0.022624435,0.022509849,0.022621874
2006-03-20,0.022598870,0.022626994,0.022504782,0.022542831
2006-03-21,0.022548424,0.022624435,0.022532672,0.022573363
2006-03-22,0.022578970,0.022581520,0.022507316,0.022522522
2006-03-23,0.022525059,0.022563176,0.022441652,0.022486059
2006-03-24,0.022486564,0.022493646,0.022406453,0.022488587
2006-03-27,0.022489598,0.022491114,0.022420518,0.022427056
2006-03-28,0.022427559,0.022504782,0.022411475,0.022425547
2006-03-29,0.022427056,0.022459291,0.022403944,0.022431582
2006-03-30,0.022439638,0.022514915,0.022411475,0.022492127
2006-03-31,0.022497188,0.022501742,0.022439135,0.022457780
2006-04-03,0.022457276,0.022535210,0.022440141,0.022456268
2006-04-04,0.022555543,0.022555543,0.022403944,0.022421526
2006-04-05,0.022426553,0.022540290,0.022398924,0.022441652
2006-04-06,0.022451224,0.022525059,0.022417000,0.022502251
2006-04-07,0.022508327,0.022514915,0.022398924,0.022447193
2006-04-10,0.022519987,0.022519987,0.022312464,0.022391401
2006-04-11,0.022399928,0.022424039,0.022348866,0.022351362
2006-04-12,0.022353861,0.022359859,0.022126341,0.022192631
2006-04-13,0.022196574,0.022211857,0.022106776,0.022202486
2006-04-14,0.022206925,0.022231115,0.022204952,0.022224693
2006-04-17,0.022226173,0.022233585,0.022203473,0.022208404
2006-04-18,0.022206429,0.022212351,0.022123894,0.022199037
2006-04-19,0.022214817,0.022249416,0.022159683,0.022172950
2006-04-20,0.022177374,0.022224693,0.022169508,0.022172950
2006-04-21,0.022178849,0.022235069,0.022173442,0.022221729
2006-04-24,0.022224693,0.022313958,0.022203967,0.022307985
2006-04-25,0.022305993,0.022368362,0.022206429,0.022311468
2006-04-26,0.022313958,0.022320433,0.022187708,0.022212351
2006-04-27,0.022214325,0.022331398,0.022214325,0.022321429
2006-04-28,0.022328407,0.022329902,0.022244962,0.022271218
2006-05-01,0.022318937,0.022353861,0.022318937,0.022341376
2006-05-02,0.022347366,0.022349365,0.022294555,0.022321429
2006-05-03,0.022327907,0.022338880,0.022307487,0.022321429
2006-05-04,0.022326909,0.022348866,0.022261800,0.022276677
2006-05-05,0.022278165,0.022340378,0.022273699,0.022336386
2006-05-08,0.022328906,0.022350863,0.022312464,0.022341376
2006-05-09,0.022343373,0.022348367,0.022278661,0.022335887
2006-05-10,0.022336883,0.022340378,0.022284122,0.022315949
2006-05-11,0.022232104,0.022320433,0.022204952,0.022311468
2006-05-12,0.022315452,0.022320433,0.022221236,0.022308979
2006-05-15,0.022172950,0.022172950,0.021992521,0.022100424
2006-05-16,0.022094566,0.022224693,0.021951487,0.022224693
2006-05-17,0.021968365,0.022408964,0.021968365,0.022408964
2006-05-18,0.022019155,0.022097005,0.022014311,0.022026431
2006-05-19,0.022031769,0.022077493,0.021965953,0.022077493
2006-05-22,0.022048771,0.022084806,0.021893816,0.022079930
2006-05-23,0.022079442,0.022082854,0.021990106,0.022036139
2006-05-24,0.022045854,0.022049258,0.021889022,0.021891419
2006-05-25,0.021895733,0.021899089,0.021841215,0.021848850
2006-05-26,0.021850759,0.021855535,0.021825960,0.021855535
2006-05-29,0.021787917,0.021797415,0.021726377,0.021743856
2006-05-30,0.021739131,0.021749059,0.021661431,0.021701388
2006-05-31,0.021708926,0.021709869,0.021545222,0.021663778
2006-06-01,0.021668943,0.021692446,0.021605272,0.021682568
2006-06-02,0.021688681,0.021939447,0.021683037,0.021932710
2006-06-05,0.021938004,0.021938004,0.021854103,0.021891419
2006-06-06,0.021898609,0.021900529,0.021798365,0.021810252
2006-06-07,0.021815959,0.021872744,0.021781746,0.021867484
2006-06-08,0.021752371,0.021863658,0.021732043,0.021853147
2006-06-09,0.021857923,0.021861747,0.021784594,0.021805495
2006-06-12,0.021831678,0.021860313,0.021815484,0.021824531
2006-06-13,0.021830248,0.021832630,0.021746222,0.021767523
2006-06-14,0.021771314,0.021855535,0.021767523,0.021824531
2006-06-15,0.021832153,0.021850759,0.021789815,0.021829294
2006-06-16,0.021805495,0.021841215,0.021803593,0.021810727
2006-06-19,0.021811202,0.021855535,0.021809774,0.021824531
2006-06-20,0.021829773,0.021833109,0.021795990,0.021805495
2006-06-21,0.021811677,0.021825006,0.021791240,0.021815009
2006-06-22,0.021818817,0.021822626,0.021722602,0.021777004
2006-06-23,0.021781746,0.021784594,0.021675518,0.021765154
2006-06-26,0.021770367,0.021774633,0.021591278,0.021619750
2006-06-27,0.021616949,0.021654395,0.021596871,0.021616949
2006-06-28,0.021622555,0.021633316,0.021571716,0.021598272
2006-06-29,0.021603404,0.021656740,0.021600606,0.021616949
2006-06-30,0.021618817,0.021831678,0.021618349,0.021831678
2006-07-03,0.021799790,0.021807874,0.021736767,0.021767523
2006-07-04,0.021770367,0.021807874,0.021758052,0.021786492
2006-07-05,0.021790765,0.021811677,0.021739131,0.021762785
2006-07-06,0.021766575,0.021775106,0.021696681,0.021767523
2006-07-07,0.021771314,0.021841215,0.021713169,0.021841215
2006-07-10,0.021809774,0.021814058,0.021703744,0.021739131
2006-07-11,0.021744331,0.021746222,0.021673169,0.021673169
2006-07-12,0.021678336,0.021737713,0.021661431,0.021729682
2006-07-13,0.021734407,0.021738186,0.021616949,0.021635655
2006-07-14,0.021640338,0.021643616,0.021555906,0.021585684
2006-07-17,0.021584753,0.021587081,0.021420157,0.021468440
2006-07-18,0.021474434,0.021486431,0.021418780,0.021477662
2006-07-19,0.021481816,0.021485507,0.021310603,0.021367522
2006-07-20,0.021373458,0.021424746,0.021368435,0.021385800
2006-07-21,0.021420157,0.021476280,0.021383056,0.021466138
2006-07-24,0.021473512,0.021476740,0.021319689,0.021345628
2006-07-25,0.021344261,0.021416027,0.021337429,0.021404110
2006-07-26,0.021408692,0.021431174,0.021374373,0.021422451
2006-07-27,0.021427501,0.021526208,0.021422910,0.021486893
2006-07-28,0.021491051,0.021521576,0.021450482,0.021521576
2006-07-31,0.021463834,0.021552190,0.021461070,0.021542439
2006-08-01,0.021548472,0.021552190,0.021463374,0.021533161
2006-08-02,0.021538725,0.021540118,0.021452321,0.021505376
2006-08-03,0.021499828,0.021544758,0.021422910,0.021538725
2006-08-04,0.021537799,0.021543367,0.021475358,0.021536872
2006-08-07,0.021537336,0.021558695,0.021497054,0.021505376
2006-08-08,0.021509539,0.021572646,0.021495206,0.021551723
2006-08-09,0.021554047,0.021581957,0.021519259,0.021551723
2006-08-10,0.021554975,0.021619285,0.021552654,0.021592675
2006-08-11,0.021588946,0.021596871,0.021516945,0.021540118
2006-08-14,0.021540118,0.021540118,0.021484585,0.021510929
2006-08-15,0.021505376,0.021591278,0.021505376,0.021533161
2006-08-16,0.021541510,0.021547081,0.021496130,0.021520186
2006-08-17,0.021514630,0.021607606,0.021514630,0.021601539
2006-08-18,0.021598272,0.021605272,0.021542439,0.021555440
2006-08-21,0.021556834,0.021579629,0.021552190,0.021556834
2006-08-22,0.021551723,0.021566598,0.021521576,0.021556834
2006-08-23,0.021551723,0.021562878,0.021502601,0.021555440
2006-08-24,0.021551723,0.021572646,0.021516945,0.021529451
2006-08-25,0.021523891,0.021544758,0.021491511,0.021529451
2006-08-28,0.021523891,0.021549402,0.021506300,0.021510001
2006-08-29,0.021505376,0.021561949,0.021505376,0.021554511
2006-08-30,0.021551723,0.021606205,0.021531770,0.021603873
2006-08-31,0.021598272,0.021605738,0.021509539,0.021516481
2006-09-01,0.021514630,0.021544758,0.021501677,0.021501677
2006-09-04,0.021591278,0.021627702,0.021558695,0.021620687
2006-09-05,0.021616949,0.021699036,0.021616949,0.021667063
2006-09-06,0.021663778,0.021736767,0.021662841,0.021715999
2006-09-07,0.021710811,0.021746222,0.021675518,0.021714585
2006-09-08,0.021710811,0.021719771,0.021661431,0.021667533
2006-09-11,0.021663778,0.021741495,0.021630976,0.021667063
2006-09-12,0.021663778,0.021680217,0.021608073,0.021652522
2006-09-13,0.021645021,0.021737240,0.021645021,0.021737240
2006-09-14,0.021732043,0.021784594,0.021694327,0.021779848
2006-09-15,0.021777004,0.021784594,0.021699976,0.021715999
2006-09-18,0.021716941,0.021729682,0.021708457,0.021716470
2006-09-19,0.021710811,0.021765154,0.021710811,0.021724962
2006-09-20,0.021724490,0.021791240,0.021718357,0.021724490
2006-09-21,0.021720244,0.021855535,0.021720244,0.021839306
2006-09-22,0.021834062,0.021877052,0.021779375,0.021824054
2006-09-25,0.021862701,0.021870352,0.021798365,0.021837398
2006-09-26,0.021834062,0.021850759,0.021785542,0.021790765
2006-09-27,0.021786492,0.021879444,0.021786492,0.021819292
2006-09-28,0.021815009,0.021836447,0.021803116,0.021820722
2006-09-29,0.021815009,0.021884711,0.021786492,0.021874659
2006-10-02,0.021843601,0.021881359,0.021842645,0.021875136
2006-10-03,0.021872265,0.021880401,0.021871310,0.021874180
2006-10-04,0.021872265,0.021941854,0.021872265,0.021914447
2006-10-05,0.021910606,0.021970779,0.021908205,0.021932710
2006-10-06,0.021929825,0.022009464,0.021929825,0.021983821
2006-10-09,0.021973677,0.021974642,0.021898609,0.021915887
2006-10-10,0.021910606,0.021927420,0.021866048,0.021896213
2006-10-11,0.021891419,0.021985270,0.021880880,0.021952935
2006-10-12,0.021949077,0.021994941,0.021949077,0.021971261
2006-10-13,0.021968365,0.022101890,0.021967882,0.022101890
2006-10-16,0.022076517,0.022081880,0.022027887,0.022048771
2006-10-17,0.022045854,0.022161156,0.022045854,0.022156738
2006-10-18,0.022153301,0.022160174,0.022079930,0.022118513
2006-10-19,0.022114107,0.022141038,0.022077493,0.022120956
2006-10-20,0.022114107,0.022131238,0.022079930,0.022107264
2006-10-23,0.022109708,0.022111174,0.022048285,0.022060933
2006-10-24,0.022055579,0.022160664,0.022055579,0.022146923
2006-10-25,0.022143491,0.022150846,0.022072619,0.022079930
2006-10-26,0.022075055,0.022160664,0.022074081,0.022138588
2006-10-27,0.022133688,0.022229139,0.022133688,0.022219753
2006-10-30,0.022222223,0.022308979,0.022212842,0.022306990
2006-10-31,0.022301516,0.022309477,0.022234576,0.022304004
2006-11-01,0.022301516,0.022370864,0.022281639,0.022365360
2006-11-02,0.022361359,0.022367861,0.022281639,0.022311965
2006-11-03,0.022311468,0.022350363,0.022307487,0.022320932
2006-11-06,0.022314455,0.022348866,0.022305496,0.022315949
2006-11-07,0.022311468,0.022391401,0.022310970,0.022343373
2006-11-08,0.022341376,0.022449210,0.022341376,0.022414489
2006-11-09,0.022411475,0.022525059,0.022411475,0.022495164
2006-11-10,0.022525059,0.022525059,0.022402437,0.022415996
2006-11-13,0.022415495,0.022419011,0.022284122,0.022320433
2006-11-14,0.022311468,0.022318937,0.022155756,0.022177866
2006-11-15,0.022172950,0.022178849,0.022084806,0.022127321
2006-11-16,0.022123894,0.022343872,0.022123894,0.022336386
2006-11-17,0.022331398,0.022343872,0.022271713,0.022334890
2006-11-20,0.022331398,0.022337383,0.022219753,0.022254366
2006-11-21,0.022251893,0.022368861,0.022204952,0.022272708
2006-11-22,0.022271713,0.022444170,0.022271713,0.022434602
2006-11-23,0.022271713,0.022413986,0.022271713,0.022405449
2006-11-24,0.022401433,0.022456771,0.022313958,0.022456771
2006-11-27,0.022456771,0.022471910,0.022414489,0.022426050
2006-11-28,0.022421526,0.022464339,0.022366362,0.022422029
2006-11-29,0.022421526,0.022484543,0.022366362,0.022414489
2006-11-30,0.022484543,0.022484543,0.022341376,0.022446185
2006-12-01,0.022441652,0.022504782,0.022371365,0.022504782
2006-12-04,0.022441652,0.022509849,0.022403944,0.022453241
2006-12-05,0.022451729,0.022545373,0.022437874,0.022474941
2006-12-06,0.022471910,0.022545373,0.022355111,0.022413986
2006-12-07,0.022411475,0.022494657,0.022351362,0.022434602
2006-12-08,0.022431582,0.022489598,0.022358861,0.022489598
2006-12-11,0.022441652,0.022449210,0.022308979,0.022374868
2006-12-12,0.022371365,0.022403944,0.022261800,0.022334391
2006-12-13,0.022403944,0.022413986,0.022284122,0.022354361
2006-12-14,0.022351362,0.022474436,0.022313958,0.022385387
2006-12-15,0.022381378,0.022488587,0.022361359,0.022484543
2006-12-18,0.022474941,0.022477971,0.022328906,0.022363361
2006-12-19,0.022361359,0.022426050,0.022286607,0.022375869
2006-12-20,0.022371365,0.022454249,0.022351362,0.022384886
2006-12-21,0.022381378,0.022499720,0.022351362,0.022456268
2006-12-22,0.022451729,0.022570815,0.022411475,0.022570815
2006-12-25,0.022570815,0.022570815,0.022570815,0.022570815
2006-12-26,0.022426553,0.022570815,0.022426553,0.022570815
2006-12-27,0.022456268,0.022657756,0.022453746,0.022593765
2006-12-28,0.022598870,0.022688599,0.022542831,0.022585088
2006-12-29,0.022583559,0.022706630,0.022560632,0.022706630
2007-01-01,0.022614202,0.022706630,0.022612156,0.022616759
2007-01-02,0.022618292,0.022688599,0.022614202,0.022664430
2007-01-03,0.022665458,0.022682939,0.022517452,0.022670083
2007-01-04,0.022665458,0.022678308,0.022482015,0.022678308
2007-01-05,0.022678308,0.022678308,0.022558086,0.022655189
2007-01-08,0.022540290,0.022596316,0.022471910,0.022596316
2007-01-09,0.022596316,0.022619318,0.022479488,0.022619318
2007-01-10,0.022563176,0.022563176,0.022446690,0.022535210
2007-01-11,0.022512382,0.022512382,0.022425296,0.022509849
2007-01-12,0.022512382,0.022609089,0.022411475,0.022596316
2007-01-15,0.022547916,0.022657756,0.022530135,0.022657756
2007-01-16,0.022657756,0.022662889,0.022552999,0.022662889
2007-01-17,0.022662889,0.022714365,0.022581009,0.022714365
2007-01-18,0.022624435,0.022683453,0.022554271,0.022683453
2007-01-19,0.022683453,0.022683453,0.022549186,0.022683453
2007-01-22,0.022683453,0.022704054,0.022575913,0.022704054
2007-01-23,0.022704054,0.022704054,0.022597594,0.022688599
2007-01-24,0.022688599,0.022688599,0.022583559,0.022683453
2007-01-25,0.022683453,0.022683453,0.022596316,0.022683453
2007-01-26,0.022634676,0.022719529,0.022624435,0.022719529
2007-01-29,0.022719529,0.022719529,0.022559360,0.022691173
2007-01-30,0.022691173,0.022745365,0.022655189,0.022740195
2007-01-31,0.022737607,0.022740195,0.022632115,0.022724690
2007-02-01,0.022727273,0.022755718,0.022659039,0.022755718
2007-02-02,0.022755718,0.022768671,0.022652622,0.022760896
2007-02-05,0.022760896,0.022760896,0.022655189,0.022745365
2007-02-06,0.022745365,0.022745365,0.022660321,0.022699414
2007-02-07,0.022745365,0.022753129,0.022665458,0.022720044
2007-02-08,0.022753129,0.022760896,0.022657756,0.022700446
2007-02-09,0.022696322,0.023192707,0.022665458,0.022797218
2007-02-12,0.022742262,0.022758307,0.022630835,0.022689113
2007-02-13,0.022689113,0.022755200,0.022621874,0.022747437
2007-02-14,0.022752093,0.022797739,0.022625715,0.022792542
2007-02-15,0.022790985,0.022807617,0.022674451,0.022719529
2007-02-16,0.022807617,0.022828445,0.022716431,0.022828445
2007-02-19,0.022730889,0.022771262,0.022661606,0.022731405
2007-02-20,0.022771262,0.022771262,0.022629555,0.022666998
2007-02-21,0.022665458,0.022735024,0.022620596,0.022687055
2007-02-22,0.022760896,0.022760896,0.022583559,0.022639288
2007-02-23,0.022735024,0.022735024,0.022582283,0.022719529
2007-02-26,0.022629555,0.022740195,0.022624435,0.022676766
2007-02-27,0.022675738,0.022729857,0.022610366,0.022668542
2007-02-28,0.022665458,0.022748470,0.022550456,0.022719013
2007-03-01,0.022716947,0.022723658,0.022578459,0.022626482
2007-03-02,0.022722110,0.022722110,0.022565722,0.022709209
2007-03-05,0.022472920,0.022615226,0.022396415,0.022464843
2007-03-06,0.022461815,0.022680366,0.022436617,0.022669569
2007-03-07,0.022668026,0.022668026,0.022441652,0.022504782
2007-03-08,0.022502251,0.022677794,0.022447949,0.022669055
2007-03-09,0.022662889,0.022724690,0.022547916,0.022722110
2007-03-12,0.022802418,0.022802418,0.022601424,0.022699930
2007-03-13,0.022696322,0.022725724,0.022603977,0.022719529
2007-03-14,0.022720044,0.022724174,0.022546643,0.022608068
2007-03-15,0.022603977,0.022663403,0.022603977,0.022649031
2007-03-16,0.022644928,0.022784233,0.022634676,0.022784233
2007-03-19,0.022710240,0.022773856,0.022706630,0.022716947
2007-03-20,0.022716947,0.023016550,0.022716947,0.023012841
2007-03-21,0.023009665,0.023140114,0.022948937,0.023019196
2007-03-22,0.023014959,0.023028741,0.022891153,0.023023440
2007-03-23,0.023012310,0.023103224,0.022880677,0.023092022
2007-03-26,0.023098957,0.023178730,0.022999080,0.023172287
2007-03-27,0.023173897,0.023266636,0.023137435,0.023227185
2007-03-28,0.023226645,0.023391813,0.023156188,0.023207240
2007-03-29,0.023207778,0.023413721,0.022864982,0.022948937
2007-03-30,0.022946306,0.023231503,0.022944989,0.023231503
2007-04-02,0.023148147,0.023266636,0.023140114,0.023162089
2007-04-03,0.023158869,0.023391813,0.023129409,0.023249324
2007-04-04,0.023245001,0.023380874,0.023223408,0.023360120
2007-04-05,0.023353573,0.023426885,0.023158869,0.023421397
2007-04-06,0.023421947,0.023429628,0.023419203,0.023421947
2007-04-09,0.023338584,0.023446659,0.023247704,0.023325246
2007-04-10,0.023320895,0.023481343,0.023282887,0.023477484
2007-04-11,0.023474179,0.023481896,0.023310022,0.023467017
2007-04-12,0.023463164,0.023503419,0.023305949,0.023500659
2007-04-13,0.023496240,0.023604389,0.023361757,0.023604389
2007-04-16,0.023604389,0.023992322,0.023518344,0.023937762
2007-04-17,0.023934897,0.024045974,0.023857808,0.023893150
2007-04-18,0.023889154,0.023934897,0.023789698,0.023903431
2007-04-19,0.023900574,0.023908574,0.023705108,0.023767082
2007-04-20,0.023764258,0.024093483,0.023764258,0.024084779
2007-04-23,0.024000959,0.024142927,0.023962140,0.024050023
2007-04-24,0.024054073,0.024579082,0.024021138,0.024382513
2007-04-25,0.024381919,0.024630543,0.024372412,0.024477407
2007-04-26,0.024682216,0.024700506,0.024449877,0.024552530
2007-04-27,0.024550118,0.024554942,0.024342153,0.024554942
2007-04-30,0.024183799,0.024412274,0.024137098,0.024408698
2007-05-01,0.024402147,0.024409892,0.024316700,0.024322616
2007-05-02,0.024322616,0.024411678,0.024304289,0.024404528
2007-05-03,0.024402147,0.024436137,0.024248302,0.024430167
2007-05-04,0.024425991,0.024682216,0.024423007,0.024682216
2007-05-07,0.024587544,0.024691358,0.024470817,0.024570024
2007-05-08,0.024573043,0.024649363,0.024499295,0.024575457
2007-05-09,0.024570024,0.024628721,0.024411082,0.024622053
2007-05-10,0.024618415,0.024625689,0.024254184,0.024262423
2007-05-11,0.024260066,0.024585126,0.024145840,0.024585126
2007-05-14,0.024367956,0.024602061,0.024367956,0.024597222
2007-05-15,0.024594195,0.024645718,0.024437929,0.024461839
2007-05-16,0.024464233,0.024676125,0.024455858,0.024535062
2007-05-17,0.024533859,0.024676125,0.024488797,0.024673082
2007-05-18,0.024666995,0.024821904,0.024443902,0.024810817
2007-05-21,0.024816977,0.024820054,0.024591172,0.024670038
2007-05-22,0.024666995,0.024953213,0.024616899,0.024665779
2007-05-23,0.024660913,0.024883050,0.024630543,0.024697455
2007-05-24,0.024691358,0.024881812,0.024630543,0.024694407
2007-05-25,0.024691358,0.024866343,0.024616899,0.024866343
2007-05-28,0.024684044,0.024727993,0.024654832,0.024682825
2007-05-29,0.024679171,0.024922118,0.024679171,0.024771484
2007-05-30,0.024764735,0.024771484,0.024503797,0.024673691
2007-05-31,0.024666995,0.024818823,0.024524830,0.024663344
2007-06-01,0.024660913,0.024891103,0.024651794,0.024866343
2007-06-04,0.024691358,0.024922740,0.024668518,0.024915909
2007-06-05,0.024912806,0.024919013,0.024648756,0.024900399
2007-06-06,0.024904739,0.024906600,0.024567006,0.024695626
2007-06-07,0.024691358,0.024783147,0.024560973,0.024720658
2007-06-08,0.024449877,0.024541683,0.024313154,0.024533859
2007-06-11,0.024396192,0.024697455,0.024391731,0.024685873
2007-06-12,0.024679171,0.024740228,0.024530848,0.024648756
2007-06-13,0.024642680,0.024662737,0.024351638,0.024659697
2007-06-14,0.024654832,0.024663344,0.024423007,0.024656657
2007-06-15,0.024659088,0.024715770,0.024397682,0.024715770
2007-06-18,0.024679171,0.024736557,0.024527838,0.024729826
2007-06-19,0.024727993,0.024734719,0.024527838,0.024597825
2007-06-20,0.024594195,0.024710884,0.024482800,0.024703557
2007-06-21,0.024707830,0.024710884,0.024521826,0.024670647
2007-06-22,0.024666995,0.024694407,0.024544394,0.024694407
2007-06-25,0.024582105,0.024601458,0.024467826,0.024598431
2007-06-26,0.024596617,0.024600245,0.024393220,0.024538072
2007-06-27,0.024533859,0.024541082,0.024362018,0.024498995
2007-06-28,0.024497796,0.024615385,0.024434943,0.024561575
2007-06-29,0.024557956,0.024676125,0.024524830,0.024673082
2007-07-02,0.024618415,0.024773937,0.024588149,0.024671864
2007-07-03,0.024666995,0.024786219,0.024645718,0.024780078
2007-07-04,0.024777006,0.024783762,0.024645718,0.024744514
2007-07-05,0.024740228,0.024832381,0.024703557,0.024755539
2007-07-06,0.024752473,0.024857691,0.024703557,0.024807740
2007-07-09,0.024752473,0.024875622,0.024732580,0.024857691
2007-07-10,0.024850894,0.024920257,0.024746349,0.024891103
2007-07-11,0.024888003,0.024894200,0.024743287,0.024807740
2007-07-12,0.024801588,0.024866343,0.024611143,0.024719436
2007-07-13,0.024866343,0.024882430,0.024697455,0.024875622
2007-07-16,0.024749413,0.024895439,0.024747880,0.024891721
2007-07-17,0.024888003,0.024894200,0.024770871,0.024818206
2007-07-18,0.024813896,0.024891103,0.024724936,0.024793593
2007-07-19,0.024789291,0.024886146,0.024731049,0.024879334
2007-07-20,0.024875622,0.024922118,0.024795437,0.024922118
2007-07-23,0.024789291,0.024970036,0.024777006,0.024968166
2007-07-24,0.024962556,0.024971282,0.024832381,0.024865108
2007-07-25,0.024863251,0.024897298,0.024789291,0.024855837
2007-07-26,0.024850894,0.024897298,0.024783147,0.024890482
2007-07-27,0.024888003,0.024895439,0.024670038,0.024801588
2007-07-30,0.024647238,0.024866343,0.024645718,0.024719436
2007-07-31,0.024715770,0.024897298,0.024712715,0.024753701
2007-08-01,0.024752473,0.024928330,0.024663955,0.024769029
2007-08-02,0.024764735,0.024908463,0.024711188,0.024907222
2007-08-03,0.024900399,0.024907842,0.024770871,0.024878716
2007-08-06,0.024838550,0.024883669,0.024703557,0.024882430
2007-08-07,0.024875622,0.024883050,0.024764735,0.024791133
2007-08-08,0.024789291,0.024875622,0.024573043,0.024855837
2007-08-09,0.024850894,0.024857072,0.024688309,0.024731049
2007-08-10,0.024727993,0.024789291,0.024601759,0.024752473
2007-08-13,0.024683435,0.024786219,0.024613870,0.024783147
2007-08-14,0.024777006,0.024787448,0.024553433,0.024597222
2007-08-15,0.024599036,0.024697455,0.024447488,0.024463635
2007-08-16,0.024455858,0.024462437,0.024292480,0.024335045
2007-08-17,0.024330901,0.024402147,0.024029795,0.024399171
2007-08-20,0.024395004,0.024476809,0.024348672,0.024378352
2007-08-21,0.024378352,0.024423007,0.024283633,0.024414062
2007-08-22,0.024418833,0.024560973,0.024393220,0.024414062
2007-08-23,0.024416447,0.024560973,0.024348672,0.024524830
2007-08-24,0.024523027,0.024529645,0.024289532,0.024485799
2007-08-27,0.024402147,0.024479805,0.024393220,0.024449877
2007-08-28,0.024454663,0.024458248,0.024307244,0.024454063
2007-08-29,0.024449877,0.024457650,0.024211608,0.024452269
2007-08-30,0.024449877,0.024457650,0.024313154,0.024395598
2007-08-31,0.024390243,0.024645718,0.024363505,0.024645718
2007-09-03,0.024594195,0.024621444,0.024452867,0.024515212
2007-09-04,0.024509804,0.024570024,0.024423007,0.024560973
2007-09-05,0.024557956,0.024568817,0.024428971,0.024489397
2007-09-06,0.024485799,0.024663955,0.024421517,0.024645718
2007-09-07,0.024663955,0.024789291,0.024560973,0.024789291
2007-09-11,0.024740228,0.024816977,0.024624476,0.024780691
2007-09-12,0.024777006,0.024832381,0.024694407,0.024831148
2007-09-13,0.024826217,0.024832997,0.024715770,0.024778850
2007-09-14,0.024777006,0.024823135,0.024698982,0.024823135
2007-09-17,0.024734108,0.024774553,0.024654832,0.024766576
2007-09-18,0.024764735,0.024897298,0.024630543,0.024865108
2007-09-19,0.024863251,0.025034422,0.024816977,0.024979392
2007-09-20,0.024975024,0.025250612,0.024973778,0.025242962
2007-09-21,0.025239779,0.025260817,0.025068941,0.025144581
2007-09-24,0.025113009,0.025362685,0.025106702,0.025360757
2007-09-25,0.025354970,0.025363974,0.025106702,0.025214322
2007-09-26,0.025216866,0.025351755,0.025185743,0.025231499
2007-09-27,0.025227044,0.025287649,0.025125628,0.025218774
2007-09-28,0.025214322,0.025274865,0.025119316,0.025268476
2007-10-01,0.025265284,0.025274865,0.025147744,0.025209237
2007-10-02,0.025201613,0.025287006,0.025201613,0.025269754
2007-10-03,0.025265284,0.025440762,0.025090955,0.025432350
2007-10-04,0.025432996,0.025542783,0.025270075,0.025499796
2007-10-05,0.025497194,0.025504349,0.025306845,0.025377491
2007-10-08,0.025387155,0.025422651,0.025338909,0.025411669
2007-10-09,0.025406504,0.025548005,0.025292445,0.025539523
2007-10-10,0.025536261,0.025621973,0.025417807,0.025526484
2007-10-11,0.025523227,0.025598362,0.025438819,0.025486797
2007-10-12,0.025487447,0.025578719,0.025400052,0.025578719
2007-10-15,0.025445294,0.025493946,0.025435586,0.025486797
2007-10-16,0.025484199,0.025546046,0.025412962,0.025539523
2007-10-17,0.025536261,0.025544090,0.025109855,0.025335055
2007-10-18,0.025329281,0.025403276,0.025204789,0.025281254
2007-10-19,0.025278058,0.025350472,0.025131943,0.025348542
2007-10-22,0.025067367,0.025221953,0.025062656,0.025219409
2007-10-23,0.025214322,0.025376847,0.025176233,0.025371050
2007-10-24,0.025367836,0.025439467,0.025230227,0.025396826
2007-10-25,0.025393600,0.025455009,0.025271671,0.025333773
2007-10-26,0.025329281,0.025487447,0.025274865,0.025487447
2007-10-29,0.025487447,0.025510203,0.025345329,0.025500447
2007-10-30,0.025501097,0.025506299,0.025350150,0.025438819
2007-10-31,0.025432350,0.025545394,0.025425883,0.025527136
2007-11-01,0.025523227,0.025539523,0.025429117,0.025473813
2007-11-02,0.025471218,0.025513459,0.025390377,0.025513459
2007-11-05,0.025488745,0.025565639,0.025403276,0.025473813
2007-11-06,0.025475761,0.025559105,0.025448531,0.025500447
2007-11-07,0.025533000,0.025566295,0.025471218,0.025556492
2007-11-08,0.025578719,0.025598362,0.025416190,0.025478356
2007-11-09,0.025471218,0.025654839,0.025470568,0.025611475
2007-11-12,0.025643656,0.025648918,0.025396826,0.025463436
2007-11-13,0.025458250,0.025542783,0.025390377,0.025411023
2007-11-14,0.025542783,0.025562372,0.025419420,0.025471218
2007-11-15,0.025473164,0.025565639,0.025445294,0.025501097
2007-11-16,0.025497194,0.025544742,0.025393600,0.025526484
2007-11-19,0.025448531,0.025544742,0.025417807,0.025539523
2007-11-20,0.025536261,0.025549963,0.025400052,0.025538871
2007-11-21,0.025536261,0.025544742,0.025383933,0.025474461
2007-11-22,0.025471218,0.025479004,0.025336338,0.025345329
2007-11-23,0.025347257,0.025380710,0.025233408,0.025252527
2007-11-27,0.025306845,0.025306845,0.025072083,0.025178770
2007-11-28,0.025236594,0.025319662,0.025141420,0.025232771
2007-11-29,0.025319662,0.025319662,0.025143001,0.025269754
2007-11-30,0.025262095,0.025391666,0.025173066,0.025345329
2007-12-03,0.025384575,0.025429117,0.025239779,0.025320303
2007-12-04,0.025429117,0.025467975,0.025354970,0.025411669
2007-12-05,0.025467975,0.025480954,0.025329281,0.025381999
2007-12-06,0.025480954,0.025480954,0.025319662,0.025385866
2007-12-07,0.025422651,0.025529744,0.025351755,0.025406504
2007-12-10,0.025412314,0.025487447,0.025371050,0.025416834
2007-12-11,0.025487447,0.025487447,0.025387155,0.025449825
2007-12-12,0.025484199,0.025500447,0.025374271,0.025449179
2007-12-13,0.025477707,0.025493946,0.025393600,0.025439467
2007-12-14,0.025493946,0.025493946,0.025396826,0.025484199
2007-12-17,0.025403276,0.025443349,0.025322866,0.025398115
2007-12-19,0.025371050,0.025371050,0.025231818,0.025322866
2007-12-20,0.025326073,0.025416190,0.025258904,0.025323508
2007-12-21,0.025416190,0.025495246,0.025416190,0.025487447
2007-12-24,0.025335697,0.025480304,0.025310049,0.025476409
2007-12-25,0.025487447,0.025487447,0.025487447,0.025487447
2007-12-26,0.025361400,0.025396826,0.025361400,0.025387155
2007-12-27,0.025364617,0.025519317,0.025353361,0.025512157
2007-12-28,0.025513459,0.025513459,0.025342120,0.025480954
2007-12-31,0.025383933,0.025480954,0.025367836,0.025480954
2008-01-01,0.025367836,0.025480954,0.025361400,0.025480954
2008-01-02,0.025380710,0.025429117,0.025356578,0.025396826
2008-01-03,0.025429117,0.025513459,0.025338909,0.025411023
2008-01-04,0.025513459,0.025585918,0.025412962,0.025578719
2008-01-07,0.025419420,0.025585264,0.025419420,0.025501747
2008-01-08,0.025585264,0.025598362,0.025458250,0.025512807
2008-01-09,0.025598362,0.025598362,0.025442056,0.025501747
2008-01-10,0.025598362,0.025598362,0.025448531,0.025499796
2008-01-11,0.025477707,0.025578719,0.025451768,0.025578719
2008-01-14,0.025458250,0.025585264,0.025451768,0.025499146
2008-01-15,0.025585264,0.025585264,0.025461489,0.025515411
2008-01-16,0.025516715,0.025552576,0.025455009,0.025529090
2008-01-17,0.025552576,0.025578719,0.025422651,0.025516061
2008-01-18,0.025578719,0.025585918,0.025425883,0.025455656
2008-01-21,0.025419420,0.025445294,0.025271671,0.025331846
2008-01-22,0.025442056,0.025585264,0.025150906,0.025438819
2008-01-23,0.025438819,0.025448531,0.025265284,0.025333773
2008-01-24,0.025316456,0.025448531,0.025313251,0.025400696
2008-01-25,0.025442056,0.025500447,0.025374271,0.025461489
2008-01-28,0.025450474,0.025526484,0.025338909,0.025448531
2008-01-29,0.025455009,0.025509553,0.025377491,0.025503699
2008-01-30,0.025493946,0.025519969,0.025358183,0.025414899
2008-01-31,0.025455009,0.025533000,0.025358183,0.025436232
2008-02-01,0.025480954,0.025598362,0.025406504,0.025462788
2008-02-04,0.025425883,0.025598362,0.025345329,0.025463436
2008-02-05,0.025598362,0.025598362,0.025278058,0.025347900
2008-02-06,0.025422651,0.025422651,0.025204789,0.025293404
2008-02-07,0.025364617,0.025403276,0.025294043,0.025342761
2008-02-08,0.025403276,0.025403276,0.025173066,0.025294043
2008-02-11,0.025227044,0.025301084,0.025169898,0.025299802
2008-02-12,0.025294043,0.025319662,0.025204789,0.025268476
2008-02-13,0.025319662,0.025319662,0.025075225,0.025230862
2008-02-14,0.025198437,0.025310049,0.025187330,0.025267839
2008-02-15,0.025310049,0.025310049,0.025214322,0.025262095
2008-02-18,0.025207967,0.025264647,0.025144581,0.025229588
2008-02-19,0.025242962,0.025242962,0.025046963,0.025198437
2008-02-20,0.025097251,0.025097251,0.024869436,0.024916530
2008-02-21,0.024971908,0.025147744,0.024928330,0.025053237
2008-02-22,0.025147744,0.025147744,0.024987506,0.025015635
2008-02-25,0.025000000,0.025103552,0.024953213,0.025054494
2008-02-26,0.025103552,0.025126891,0.025037557,0.025116162
2008-02-27,0.025122471,0.025242962,0.025116162,0.025195263
2008-02-28,0.025242962,0.025242962,0.025073655,0.025115531
2008-02-29,0.025179403,0.025179403,0.025012506,0.025056377
2008-03-03,0.024894200,0.024900399,0.024795437,0.024842251
2008-03-04,0.024826217,0.024909701,0.024777006,0.024870055
2008-03-05,0.024872527,0.024922118,0.024783147,0.024891721
2008-03-06,0.024915909,0.025006251,0.024899779,0.024972532
2008-03-07,0.024959441,0.024959441,0.024612354,0.024851514
2008-03-10,0.024654832,0.024810817,0.024570024,0.024805279
2008-03-11,0.024798512,0.024899779,0.024645718,0.024891103
2008-03-12,0.024891103,0.025028156,0.024749413,0.025013132
2008-03-13,0.025028156,0.025028156,0.024642680,0.024922740
2008-03-14,0.024773937,0.025081515,0.024660913,0.024953213
2008-03-17,0.024533859,0.024801588,0.024503797,0.024768416
2008-03-18,0.024755539,0.024935169,0.024586637,0.024904119
2008-03-19,0.024915909,0.024928330,0.024685264,0.024917150
2008-03-20,0.024903500,0.024903500,0.024718823,0.024829298
2008-03-21,0.024884906,0.024884906,0.024884906,0.024884906
2008-03-24,0.024770871,0.024884906,0.024749413,0.024884906
2008-03-25,0.024888003,0.025084659,0.024888003,0.024967544
2008-03-26,0.025084659,0.025084659,0.024900399,0.024964426
2008-03-27,0.024965672,0.025112379,0.024894200,0.025034422
2008-03-28,0.025009379,0.025242962,0.024925224,0.025242962
2008-03-31,0.025103552,0.025125628,0.024956327,0.025069568
2008-04-02,0.025113009,0.025116162,0.024990629,0.025050102
2008-04-03,0.025116162,0.025116162,0.024995314,0.025072712
2008-04-04,0.025078369,0.025150271,0.024981264,0.025122471
2008-04-07,0.025053237,0.025099771,0.025018763,0.025079627
2008-04-08,0.025065798,0.025110485,0.024982825,0.025107335
2008-04-09,0.025103552,0.025123103,0.024976585,0.025114900
2008-04-10,0.025094103,0.025135102,0.025018763,0.025068941
2008-04-11,0.025109855,0.025141420,0.025031289,0.025141420
2008-04-14,0.025078369,0.025128786,0.025065798,0.025082145
2008-04-15,0.025128786,0.025141420,0.025012506,0.025085291
2008-04-16,0.025141420,0.025147744,0.025017200,0.025107335
2008-04-17,0.025109855,0.025176233,0.025037557,0.025080256
2008-04-18,0.025176233,0.025222590,0.025097251,0.025218137
2008-04-21,0.025087807,0.025166729,0.025057632,0.025114900
2008-04-22,0.025081515,0.025121842,0.025028156,0.025107965
2008-04-23,0.025078369,0.025103552,0.024990629,0.025087807
2008-04-24,0.025072083,0.025072083,0.024897298,0.024978144
2008-04-25,0.024950098,0.025012506,0.024850894,0.024959441
2008-04-28,0.024915909,0.025000000,0.024881812,0.024980642
2008-04-29,0.025000000,0.025000000,0.024724936,0.024813896
2008-04-30,0.024807740,0.024807740,0.024651794,0.024761055
2008-05-02,0.024685264,0.024700506,0.024560973,0.024700506
2008-05-05,0.024612354,0.024731049,0.024603272,0.024679171
2008-05-06,0.024679171,0.024679171,0.024425991,0.024586335
2008-05-07,0.024366472,0.024366472,0.024177950,0.024203697
2008-05-08,0.024248302,0.024248302,0.023957834,0.023980815
2008-05-09,0.024035573,0.024234200,0.023986569,0.024147591
2008-05-12,0.024038462,0.024048289,0.023798192,0.023905715
2008-05-13,0.023820868,0.023829948,0.023702299,0.023824273
2008-05-14,0.023801023,0.023801023,0.023479691,0.023604389
2008-05-15,0.023654642,0.023677045,0.023419203,0.023602162
2008-05-16,0.023487963,0.023603832,0.023331778,0.023603832
2008-05-19,0.023705108,0.023716914,0.023584904,0.023612192
2008-05-20,0.023584904,0.023584904,0.023413721,0.023468118
2008-05-21,0.023565453,0.023565453,0.023337224,0.023463164
2008-05-22,0.023408240,0.023408240,0.023164235,0.023213705
2008-05-23,0.023320895,0.023532180,0.023320895,0.023468670
2008-05-26,0.023391813,0.023551578,0.023386342,0.023504525
2008-05-27,0.023504525,0.023504525,0.023282887,0.023358483
2008-05-28,0.023367217,0.023499001,0.023331778,0.023379782
2008-05-29,0.023419203,0.023548804,0.023329055,0.023432374
2008-05-30,0.023548804,0.023596035,0.023474179,0.023512263
2008-06-02,0.023761436,0.023761436,0.023593253,0.023702299
2008-06-03,0.023629490,0.023680970,0.023454908,0.023673121
2008-06-04,0.023565453,0.023565453,0.023380874,0.023522770
2008-06-05,0.023510050,0.023510050,0.023301875,0.023368308
2008-06-06,0.023386342,0.023504525,0.023364486,0.023410432
2008-06-09,0.023339946,0.023427432,0.023304591,0.023359574
2008-06-10,0.023367217,0.023367217,0.023282887,0.023348119
2008-06-11,0.023334499,0.023483550,0.023291020,0.023478037
2008-06-12,0.023479691,0.023479691,0.023329055,0.023392361
2008-06-13,0.023454908,0.023454908,0.023291020,0.023347575
2008-06-16,0.023320895,0.023361757,0.023285598,0.023356846
2008-06-17,0.023320895,0.023417559,0.023301875,0.023412623
2008-06-18,0.023359027,0.023405502,0.023310022,0.023341581
2008-06-19,0.023397285,0.023397285,0.023273405,0.023335045
2008-06-20,0.023337224,0.023364486,0.023272049,0.023364486
2008-06-23,0.023277467,0.023372678,0.023272049,0.023312740
2008-06-24,0.023367217,0.023427432,0.023277467,0.023338312
2008-06-25,0.023427432,0.023496240,0.023299161,0.023425238
2008-06-26,0.023496240,0.023515578,0.023402762,0.023445560
2008-06-27,0.023507286,0.023507286,0.023331778,0.023410980
2008-06-30,0.023301875,0.023343215,0.023245001,0.023336133
2008-07-02,0.023166917,0.023212627,0.023061402,0.023194322
2008-07-03,0.023258518,0.023280175,0.023078697,0.023149757
2008-07-04,0.023280175,0.023280175,0.023116043,0.023209935
2008-07-07,0.023191094,0.023231503,0.023094689,0.023174433
2008-07-08,0.023193784,0.023193784,0.023046786,0.023098957
2008-07-09,0.023158869,0.023236901,0.023158869,0.023216398
2008-07-10,0.023280175,0.023289936,0.023153508,0.023206163
2008-07-11,0.023318177,0.023448309,0.023318177,0.023347029
2008-07-14,0.023329055,0.023437867,0.023315458,0.023431826
2008-07-15,0.023397285,0.023397285,0.023145469,0.023195935
2008-07-16,0.023226107,0.023312740,0.023191094,0.023206163
2008-07-17,0.023255814,0.023454908,0.023255814,0.023402214
2008-07-18,0.023454908,0.023482447,0.023342671,0.023410432
2008-07-21,0.023375411,0.023526642,0.023375411,0.023445010
2008-07-22,0.023526642,0.023526642,0.023350846,0.023445010
2008-07-23,0.023435671,0.023852117,0.023435671,0.023811223
2008-07-24,0.023815192,0.023926308,0.023724791,0.023811793
2008-07-25,0.023789698,0.023789698,0.023640662,0.023652963
2008-07-28,0.023640662,0.023705108,0.023518344,0.023701174
2008-07-29,0.023548804,0.023548804,0.023400024,0.023520557
2008-07-30,0.023532180,0.023688262,0.023496240,0.023578789
2008-07-31,0.023688262,0.023688262,0.023496240,0.023566009
2008-08-26,0.022750540,0.022909507,0.022695035,0.022896394
2008-08-27,0.022896394,0.023025557,0.022779042,0.022907408
2008-08-28,0.022956841,0.022956841,0.022846699,0.022909507
2008-08-29,0.022912132,0.022922637,0.022773856,0.022922637
2008-09-01,0.022763487,0.022763487,0.022621874,0.022740711
2008-09-02,0.022675222,0.022675222,0.022476960,0.022595296
2008-09-03,0.022591213,0.022794621,0.022591213,0.022782676
2008-09-04,0.022781638,0.022781638,0.022466863,0.022528611
2008-09-05,0.022621874,0.022621874,0.022401433,0.022435106
2008-09-08,0.022435106,0.022660321,0.022426553,0.022636726
2008-09-09,0.022509849,0.022509849,0.022266755,0.022328407
2008-09-10,0.022388894,0.022388894,0.022155756,0.022193126
2008-09-11,0.022227161,0.022227161,0.021953898,0.022031285
2008-09-12,0.022028858,0.022028858,0.021860313,0.021924535
2008-09-15,0.021949077,0.021949077,0.021720244,0.021819768
2008-09-16,0.021770841,0.021770841,0.021300161,0.021417864
2008-09-17,0.021354746,0.021710811,0.021354746,0.021698091
2008-09-18,0.021662371,0.021662371,0.021390375,0.021491973
2008-09-19,0.021572646,0.022102866,0.021565668,0.021879444
2008-09-22,0.021949077,0.022113131,0.021949077,0.022102378
2008-09-23,0.022075055,0.022075055,0.021774633,0.021847418
2008-09-24,0.021901008,0.021901008,0.021706099,0.021788865
2008-09-25,0.021774633,0.021774633,0.021609940,0.021659087
2008-09-26,0.021692915,0.021692915,0.021472590,0.021506300
2008-09-29,0.021506300,0.021508614,0.021261668,0.021508614
2008-09-30,0.021508614,0.021527136,0.021299254,0.021458765
2008-10-01,0.021520186,0.021520186,0.021202162,0.021474434
2008-10-02,0.021517871,0.021669412,0.021385800,0.021552190
2008-10-03,0.021638932,0.021638932,0.021235932,0.021288825
2008-10-06,0.021288825,0.021288825,0.020911753,0.021023862
2008-10-07,0.020927945,0.020981956,0.020773608,0.020956453
2008-10-08,0.020923566,0.020923566,0.020496843,0.020855056
2008-10-09,0.020900825,0.021071706,0.020855056,0.021013699
2008-10-10,0.021024747,0.021024747,0.020358307,0.020651342
2008-10-13,0.020635577,0.020832032,0.020635577,0.020774473
2008-10-14,0.020788724,0.021018118,0.020788724,0.020834200
2008-10-15,0.020862455,0.020862455,0.020584602,0.020659024
2008-10-16,0.020672688,0.020672688,0.020412328,0.020553717
2008-10-17,0.020544428,0.020585874,0.020449897,0.020482149
2008-10-20,0.020482149,0.020550761,0.020399837,0.020536412
2008-10-21,0.020423586,0.020471668,0.020352921,0.020451153
2008-10-22,0.020406915,0.020406915,0.020206101,0.020321898
2008-10-23,0.020306630,0.020306630,0.020072261,0.020167390
2008-10-24,0.020134903,0.020134903,0.020002000,0.020098481
2008-10-27,0.020008003,0.020129634,0.019898517,0.020112630
2008-10-28,0.020102523,0.020354992,0.020034058,0.020339258
2008-10-29,0.020175528,0.020246604,0.020058168,0.020209778
2008-10-30,0.020257266,0.020625785,0.020205693,0.020254806
2008-10-31,0.020323964,0.020354163,0.020211002,0.020241685
2008-11-03,0.020241685,0.020685518,0.020241685,0.020672688
2008-11-04,0.020562170,0.021128248,0.020443626,0.020984598
2008-11-05,0.021159545,0.021344718,0.021052632,0.021173431
2008-11-06,0.021152828,0.021152828,0.020881187,0.021063274
2008-11-07,0.020978434,0.021052632,0.020830730,0.021028282
2008-11-10,0.021028282,0.021179710,0.021028282,0.021145225
2008-11-11,0.021140307,0.021140307,0.020780085,0.020881623
2008-11-12,0.020858102,0.020858102,0.020249885,0.020290149
2008-11-13,0.020317771,0.020532617,0.020317771,0.020410247
2008-11-14,0.020406915,0.020592233,0.020221425,0.020498944
2008-11-17,0.020414412,0.020507772,0.020262193,0.020497683
2008-11-18,0.020328095,0.020328095,0.020096464,0.020168610
2008-11-19,0.020190598,0.020190598,0.019996801,0.020140175
2008-11-20,0.020058973,0.020058973,0.019757381,0.019840876
2008-11-21,0.019944951,0.020182449,0.019853087,0.020182449
2008-11-24,0.019982018,0.020182449,0.019907232,0.020082742
2008-11-25,0.020016814,0.020182041,0.019956892,0.020168202
2008-11-26,0.020044900,0.020361207,0.020008003,0.020288503
2008-11-27,0.020326030,0.020492643,0.020276573,0.020410663
2008-11-28,0.020492643,0.020492643,0.019919129,0.020052137
2008-12-01,0.019952115,0.020019619,0.019865707,0.019925082
2008-12-02,0.020008804,0.020008804,0.019779263,0.019963667
2008-12-03,0.019972837,0.020080322,0.019966856,0.020060986
2008-12-04,0.020024830,0.020185709,0.020024830,0.020171050
2008-12-05,0.020054951,0.020233495,0.020054951,0.020176342
2008-12-08,0.020312818,0.020337606,0.020172270,0.020234313
2008-12-09,0.020225309,0.020467477,0.020225309,0.020453244
2008-12-10,0.020282742,0.020581214,0.020282742,0.020419415
2008-12-11,0.020526296,0.020860277,0.020512821,0.020665428
2008-12-12,0.020743445,0.020751193,0.020433184,0.020732693
2008-12-15,0.020732693,0.021074815,0.020732693,0.021058396
2008-12-16,0.020991646,0.021035803,0.020872470,0.020934517
2008-12-17,0.020903884,0.021196770,0.020903884,0.021021212
2008-12-18,0.021033591,0.021465214,0.021033591,0.021437606
2008-12-19,0.021382140,0.021382140,0.021131372,0.021259408
2008-12-22,0.021155067,0.021155067,0.020816853,0.020862455
2008-12-23,0.020958647,0.020958647,0.020431930,0.020563439
2008-12-24,0.020541051,0.020946795,0.020366600,0.020802131
2008-12-25,0.020541051,0.020541051,0.020541051,0.020541051
2008-12-26,0.020802995,0.020955574,0.020541051,0.020541051
2008-12-29,0.020746887,0.020846361,0.020487605,0.020825958
2008-12-30,0.020711223,0.020807324,0.020571899,0.020639835
2008-12-31,0.020805160,0.020805160,0.020575708,0.020805160
2009-01-01,0.020805160,0.020805160,0.020481311,0.020805160
2009-01-02,0.020805160,0.020805160,0.020376973,0.020727538
2009-01-05,0.020491803,0.020748610,0.020491803,0.020734413
2009-01-06,0.020618556,0.020639835,0.020508613,0.020616431
2009-01-07,0.020617282,0.020673972,0.020475859,0.020596899
2009-01-08,0.020591808,0.020691082,0.020547383,0.020676108
2009-01-09,0.020638557,0.020823356,0.020358307,0.020632170
2009-01-12,0.020703934,0.020703934,0.020467477,0.020621957
2009-01-13,0.020488445,0.020508613,0.020354992,0.020462452
2009-01-14,0.020442374,0.020666281,0.020434018,0.020554984
2009-01-15,0.020494744,0.020557942,0.020352921,0.020546539
2009-01-16,0.020450735,0.020619407,0.020450735,0.020557942
2009-01-19,0.020500205,0.020616006,0.020500205,0.020601990
2009-01-20,0.020610906,0.020610906,0.020323964,0.020446135
2009-01-21,0.020390270,0.020442374,0.020296326,0.020352921
2009-01-22,0.020390270,0.020467477,0.020336363,0.020374482
2009-01-23,0.020367429,0.020571899,0.020290973,0.020400668
2009-01-26,0.020564284,0.020648358,0.020564284,0.020631744
2009-01-27,0.020610906,0.020610906,0.020436106,0.020495582
2009-01-28,0.020459102,0.020510716,0.020442374,0.020495163
2009-01-29,0.020482149,0.020617282,0.02040275,0.020461194
2009-01-30,0.020617282,0.020617282,0.020366600,0.020519976
2009-02-02,0.020519976,0.020570630,0.020374898,0.020439448
2009-02-03,0.020463290,0.020672688,0.020463290,0.020518713
2009-02-04,0.020668417,0.020668417,0.020480053,0.020596899
2009-02-05,0.020530509,0.020610906,0.020459102,0.020527558
2009-02-06,0.020517871,0.020794343,0.020512821,0.020794343
2009-02-09,0.020566398,0.020616855,0.020560056,0.020603264
2009-02-10,0.020602416,0.020634297,0.020519976,0.020579519
2009-02-11,0.020578671,0.020589689,0.020464545,0.020572744
2009-02-12,0.020490544,0.020581214,0.020475859,0.020514082
2009-02-13,0.020522082,0.020608785,0.020434018,0.020508613
2009-02-16,0.020576978,0.020576978,0.020481311,0.020526296
2009-02-17,0.020486346,0.020486346,0.020111417,0.020222446
2009-02-18,0.020158038,0.020158038,0.019984812,0.020042088
2009-02-19,0.020050928,0.020172678,0.019990806,0.020161292
2009-02-20,0.020169422,0.020379880,0.020018818,0.020379880
2009-02-23,0.020180412,0.020301683,0.020131661,0.020283153
2009-02-24,0.020213045,0.020213045,0.020022826,0.020090811
2009-02-25,0.020093232,0.020113440,0.020024830,0.020099696
2009-02-26,0.020014811,0.020014811,0.019818462,0.019923493
2009-02-27,0.019865707,0.019865707,0.019560667,0.019743336
2009-03-02,0.019649068,0.019649068,0.019262999,0.019400148
2009-03-03,0.019298313,0.019378718,0.019171780,0.019271906
2009-03-04,0.019272650,0.019450713,0.019230770,0.019443149
2009-03-05,0.019405041,0.019406172,0.019230770,0.019344978
2009-03-06,0.019380596,0.019443149,0.019319938,0.019393375
2009-03-09,0.019348722,0.019391119,0.019234467,0.019309865
2009-03-10,0.019302038,0.019473059,0.019302038,0.019408431
2009-03-11,0.019473059,0.019614380,0.019473059,0.019574836
2009-03-12,0.019574836,0.019574836,0.019266710,0.019369710
2009-03-13,0.019346850,0.019454118,0.019319938,0.019421624
2009-03-16,0.019435214,0.019556843,0.019353591,0.019497357
2009-03-17,0.019556843,0.019556843,0.019423133,0.019495077
2009-03-18,0.019473059,0.019533921,0.019428793,0.019519813
2009-03-19,0.019499639,0.019902082,0.019499639,0.019875184
2009-03-20,0.019844025,0.019972039,0.019714922,0.019767534
2009-03-23,0.019777307,0.019884273,0.019762846,0.019879134
2009-03-24,0.019847965,0.019912384,0.019714922,0.019869655
2009-03-25,0.019834187,0.019860184,0.019611688,0.019842451
2009-03-26,0.019794924,0.019873604,0.019726589,0.019862551
2009-03-27,0.019861368,0.019960478,0.019636720,0.019636720
2009-03-30,0.019804725,0.019804725,0.019511053,0.019619768
2009-03-31,0.019560667,0.019766752,0.019560667,0.019691242
2009-04-01,0.019656792,0.019801196,0.019656792,0.019785134
2009-04-02,0.019808648,0.019921510,0.019808648,0.019904062
2009-04-03,0.019998800,0.020109395,0.019913180,0.020060986
2009-04-06,0.020028841,0.020039277,0.019948134,0.020035263
2009-04-07,0.019990806,0.020072663,0.019990806,0.020060986
2009-04-08,0.019994801,0.019994801,0.019760894,0.019964065
2009-04-09,0.019883484,0.020088390,0.019883484,0.020068232
2009-04-10,0.020071050,0.020158852,0.020071050,0.020149916
2009-04-13,0.020149916,0.020149916,0.020024030,0.020104542
2009-04-14,0.020071050,0.020174306,0.020071050,0.020107374
2009-04-15,0.020151945,0.020173900,0.019992003,0.020162510
2009-04-16,0.020174306,0.020255215,0.020071050,0.020098481
2009-04-17,0.020141799,0.020155195,0.020048920,0.020148292
2009-04-20,0.020079112,0.020079112,0.019873604,0.019978821
2009-04-21,0.020087179,0.020087179,0.019792182,0.019893767
2009-04-22,0.019873604,0.019966457,0.019840090,0.019884668
2009-04-23,0.019913180,0.020072261,0.019868866,0.020060182
2009-04-24,0.020040885,0.020162104,0.019996002,0.020157631
2009-04-27,0.020123558,0.020123558,0.019892581,0.019965660
2009-04-28,0.019965660,0.019965660,0.019785134,0.019827107
2009-04-29,0.019812573,0.020067425,0.019812573,0.020051735
2009-04-30,0.019968050,0.020338845,0.019968050,0.020330163
2009-05-01,0.020113440,0.020383203,0.020113440,0.020328509
2009-05-04,0.019988008,0.020161292,0.019988008,0.020157225
2009-05-05,0.020093232,0.020332228,0.020093232,0.020279450
2009-05-06,0.020279862,0.020290973,0.020139771,0.020280685
2009-05-07,0.020235542,0.020377804,0.020136932,0.020329336
2009-05-08,0.020363281,0.020363281,0.020229401,0.020345880
2009-05-11,0.020346709,0.020387361,0.020196715,0.020286856
2009-05-12,0.020210186,0.020330163,0.020140987,0.020295091
2009-05-13,0.020295091,0.020316944,0.020119511,0.020189377
2009-05-14,0.020189377,0.020189377,0.019992003,0.020098481
2009-05-15,0.020098481,0.020288091,0.020098481,0.020237999
2009-05-18,0.020249885,0.021034917,0.020249885,0.021013699
2009-05-19,0.021011936,0.021114865,0.020858102,0.021083701
2009-05-20,0.021083701,0.021181054,0.020863760,0.021173880
2009-05-21,0.021072594,0.021190032,0.021052632,0.021172535
2009-05-22,0.021123786,0.021308331,0.021123786,0.021211157
2009-05-25,0.021231424,0.021231424,0.021072594,0.021151487
2009-05-26,0.021137180,0.021137180,0.020864630,0.021041557
2009-05-27,0.020876827,0.021055292,0.020868985,0.021048645
2009-05-28,0.020946795,0.021063719,0.020798668,0.021045987
2009-05-29,0.021046428,0.021299707,0.021043770,0.021290638
2009-06-01,0.021225564,0.021363413,0.021225564,0.021321507
2009-06-02,0.021321507,0.021344718,0.021171637,0.021307878
2009-06-03,0.021307878,0.021406859,0.021259408,0.021326054
2009-06-04,0.021322871,0.021322871,0.021137180,0.021217907
2009-06-05,0.021189583,0.021311056,0.021189583,0.021291545
2009-06-08,0.021231424,0.021253986,0.020949867,0.021134052
2009-06-09,0.021026071,0.021175226,0.020938024,0.021162678
2009-06-10,0.021052632,0.021216108,0.021052632,0.021208907
2009-06-11,0.021172984,0.021172984,0.021002667,0.021112636
2009-06-12,0.021003991,0.021166261,0.020972274,0.021137629
2009-06-15,0.021008404,0.021008404,0.020840714,0.020915251
2009-06-16,0.020916564,0.021020327,0.020870291,0.020966558
2009-06-17,0.020966558,0.020966558,0.020771451,0.020835504
2009-06-18,0.020849405,0.020863760,0.020706078,0.020851579
2009-06-19,0.020733982,0.020848101,0.020717660,0.020786563
2009-06-22,0.020825524,0.020825524,0.020566398,0.020717660
2009-06-23,0.020617282,0.020632170,0.020438194,0.020579519
2009-06-24,0.020632170,0.020695364,0.020585451,0.020682095
2009-06-25,0.020653477,0.020653477,0.020532617,0.020613881
2009-06-26,0.020610906,0.020825524,0.020576132,0.020817721
2009-06-29,0.020825524,0.020833334,0.020724101,0.020820754
2009-06-30,0.020820754,0.020945478,0.020812521,0.020920064
2009-07-01,0.020919189,0.020919189,0.020780085,0.020897768
2009-07-02,0.020934517,0.020963483,0.020825524,0.020894712
2009-07-03,0.020896459,0.020923128,0.020764120,0.020889910
2009-07-06,0.020917002,0.020917002,0.020589689,0.020644523
2009-07-07,0.020644948,0.020790022,0.020522082,0.020785267
2009-07-08,0.020785699,0.020785699,0.020434018,0.020476278
2009-07-09,0.020490544,0.020585874,0.020399837,0.020536833
2009-07-10,0.020536833,0.020597322,0.020404832,0.020462034
2009-07-13,0.020507352,0.020507352,0.020231448,0.020273695
2009-07-14,0.020270407,0.020541474,0.020270407,0.020513661
2009-07-15,0.020431096,0.020712512,0.020431096,0.020708648
2009-07-16,0.020589689,0.020642390,0.020473763,0.020630892
2009-07-17,0.020521240,0.020627063,0.020513661,0.020560902
2009-07-20,0.020517029,0.020790022,0.020517029,0.020760240
2009-07-21,0.020790022,0.020790022,0.020640686,0.020680813
2009-07-22,0.020639835,0.020715514,0.020568514,0.020641966
2009-07-23,0.020639408,0.020746887,0.020623660,0.020672688
2009-07-24,0.020717660,0.020794775,0.020657742,0.020777062
2009-07-27,0.020762827,0.020800399,0.020732693,0.020793479
2009-07-28,0.020794775,0.020794775,0.020707149,0.020775767
2009-07-29,0.020803861,0.020803861,0.020615157,0.020664573
2009-07-30,0.020661157,0.020725388,0.020588841,0.020714656
2009-07-31,0.020681240,0.020996934,0.020681240,0.020996934
2009-08-03,0.020996934,0.021109071,0.020865936,0.021001343
2009-08-04,0.020995170,0.021095712,0.020949867,0.021065935
2009-08-05,0.020953380,0.021153724,0.020953380,0.021021653
2009-08-06,0.021030495,0.021054406,0.020943286,0.021002227
2009-08-07,0.020973153,0.021017233,0.020849405,0.020890348
2009-08-10,0.020947672,0.020984158,0.020884238,0.020961285
2009-08-11,0.020913940,0.020913940,0.020821188,0.020870727
2009-08-12,0.020877698,0.020877698,0.020625785,0.020709509
2009-08-13,0.020678246,0.020816419,0.020678246,0.020809922
2009-08-14,0.020785699,0.020785699,0.020683380,0.020742584
2009-08-17,0.020749900,0.020749900,0.020415245,0.020588417
2009-08-18,0.020588417,0.020588417,0.020439448,0.020538520
2009-08-19,0.020542316,0.020551182,0.020542316,0.020546116
2009-08-20,0.020573169,0.020573169,0.020568514,0.020569360
2009-08-21,0.020573169,0.020654755,0.020464545,0.020647081
2009-08-24,0.020647081,0.020665428,0.020557942,0.020657316
2009-08-25,0.020542316,0.020548649,0.020542316,0.020545272
2009-08-26,0.020500205,0.020506931,0.020499786,0.020502727
2009-08-27,0.020449897,0.020459939,0.020449897,0.020454500
2009-08-28,0.020606659,0.020606659,0.020606659,0.020606659
2009-08-31,0.020554984,0.020614307,0.020439448,0.020512821
2009-09-01,0.020487186,0.020490544,0.020484248,0.020488445
2009-09-02,0.020449897,0.020455753,0.020449897,0.020453244
2009-09-03,0.020475021,0.020480473,0.020475021,0.020477956
2009-09-04,0.020475021,0.020525452,0.020441538,0.020484248
2009-09-07,0.020584602,0.020589689,0.020584179,0.020589689
2009-09-08,0.020635577,0.020641966,0.020635577,0.020639835
2009-09-09,0.020644097,0.020649211,0.020644097,0.020644097
2009-09-10,0.020589264,0.020590961,0.020585874,0.020587144
2009-09-11,0.020589264,0.020674400,0.020570630,0.020663718
2009-09-14,0.020559210,0.020569783,0.020559210,0.020560902
2009-09-15,0.020627063,0.020631744,0.020626638,0.020630892
2009-09-16,0.020768864,0.020771019,0.020765845,0.020770157
2009-09-17,0.020824656,0.020833768,0.020824656,0.020824656
2009-09-18,0.020824656,0.020834634,0.020717660,0.020816853
2009-09-21,0.020833334,0.020839846,0.020833334,0.020837674
2009-09-22,0.020807324,0.020815987,0.020807324,0.020810355
2009-09-23,0.020850709,0.020858102,0.020850709,0.020854622
2009-09-24,0.020850709,0.020884238,0.020751193,0.020873340
2009-09-25,0.020873340,0.020882057,0.020712512,0.020860277
2009-09-28,0.020892967,0.020944163,0.020876827,0.020944163
2009-09-29,0.020844189,0.020885548,0.020775767,0.020803861
2009-09-30,0.020910440,0.020956453,0.020790886,0.020916125
2009-10-01,0.020916125,0.020998256,0.020872470,0.020947672
2009-10-02,0.020996053,0.020996053,0.020996053,0.020996053
2009-10-05,0.020996053,0.021093486,0.020959968,0.021093486
2009-10-06,0.021093486,0.021386715,0.021093486,0.021372087
2009-10-07,0.021372087,0.021496130,0.021331057,0.021460149
2009-10-08,0.021460149,0.021641275,0.021460149,0.021636592
2009-10-09,0.021636592,0.021636592,0.021443123,0.021524819
2009-10-12,0.021547081,0.021580560,0.021423368,0.021580560
2009-10-13,0.021676457,0.021676457,0.021541046,0.021606205
2009-10-14,0.021598272,0.021743856,0.021514630,0.021730626
2009-10-15,0.021730626,0.021834062,0.021622555,0.021762785
2009-10-16,0.021762785,0.021762785,0.021561949,0.021645021
2009-10-19,0.021699976,0.021762785,0.021645021,0.021762785
2009-10-20,0.021762785,0.021771077,0.021617882,0.021617882
2009-10-21,0.021691974,0.021691974,0.021462452,0.021551723
2009-10-22,0.021551723,0.021551723,0.021360675,0.021482278
2009-10-23,0.021482278,0.021551723,0.021462452,0.021538725
2009-10-26,0.021538725,0.021547081,0.021414192,0.021482278
2009-10-27,0.021482278,0.021482278,0.021281123,0.021304701
2009-10-28,0.021304701,0.021304701,0.021113528,0.021196319
2009-10-29,0.021196319,0.021208907,0.020999581,0.021196319
2009-10-30,0.021196319,0.021349274,0.021196319,0.021313781
2009-11-02,0.021320598,0.021367522,0.021286560,0.021367522
2009-11-03,0.021354746,0.021354746,0.021080147,0.021164021
2009-11-04,0.021088149,0.021367522,0.021088149,0.021367522
2009-11-05,0.021253986,0.021367522,0.021168500,0.021304701
2009-11-06,0.021304701,0.021398155,0.021304701,0.021394949
2009-11-09,0.021367522,0.021592209,0.021367522,0.021566598
2009-11-10,0.021528525,0.021598272,0.021394949,0.021589879
2009-11-11,0.021510001,0.021608539,0.021459227,0.021548009
2009-11-12,0.021598272,0.021598272,0.021411901,0.021431632
2009-11-13,0.021440824,0.021626297,0.021417864,0.021617882
2009-11-16,0.021584285,0.021743856,0.021584285,0.021743856
2009-11-17,0.021743856,0.021743856,0.021571249,0.021630976
2009-11-18,0.021630976,0.021691974,0.021603873,0.021691974
2009-11-19,0.021691974,0.021691974,0.021386715,0.021482278
2009-11-20,0.021482278,0.021503063,0.021404110,0.021486893
2009-11-23,0.021496130,0.021574974,0.021471668,0.021570319
2009-11-24,0.021570319,0.021602938,0.021443123,0.021598272
2009-11-25,0.021556370,0.021743856,0.021556370,0.021734407
2009-11-26,0.021815009,0.021815009,0.021427959,0.021427959
2009-11-27,0.021427959,0.021528525,0.021247212,0.021528525
2009-11-30,0.021480892,0.021577301,0.021480892,0.021524819
2009-12-01,0.021524819,0.021691974,0.021514630,0.021631911
2009-12-02,0.021631911,0.021673169,0.021572646,0.021645021
2009-12-03,0.021645021,0.021739131,0.021614611,0.021739131
2009-12-04,0.021739131,0.021739131,0.021603873,0.021683507
2009-12-07,0.021668471,0.021668471,0.021456925,0.021520186
2009-12-08,0.021520186,0.021520186,0.021391289,0.021450942
2009-12-09,0.021450942,0.021507228,0.021344718,0.021492435
2009-12-10,0.021492435,0.021497054,0.021399530,0.021497054
2009-12-11,0.021497054,0.021517871,0.021457845,0.021517871
2009-12-14,0.021517871,0.021517871,0.021390375,0.021427959
2009-12-15,0.021427959,0.021470746,0.021405026,0.021405026
2009-12-16,0.021406401,0.021471668,0.021390375,0.021464754
2009-12-17,0.021431632,0.021431632,0.021295626,0.021336520
2009-12-18,0.021336520,0.021421075,0.021317417,0.021411901
2009-12-21,0.021411901,0.021411901,0.021346996,0.021359306
2009-12-22,0.021359306,0.021408692,0.021331970,0.021368435
2009-12-23,0.021368435,0.021408692,0.021322871,0.021390375
2009-12-24,0.021390375,0.021436226,0.021381227,0.021436226
2009-12-28,0.021490125,0.021528525,0.021490125,0.021528525
2009-12-29,0.021528525,0.021528525,0.021411901,0.021477662
2009-12-30,0.021469364,0.021505376,0.021383513,0.021505376
2009-12-31,0.021505376,0.021551723,0.021417864,0.021551723
2010-01-01,0.021551723,0.021551723,0.021438524,0.021454623
2010-01-04,0.021454623,0.021634251,0.021454623,0.021603873
2010-01-05,0.021603873,0.021697622,0.021603873,0.021682568
2010-01-06,0.021669412,0.021881837,0.021654395,0.021872265
2010-01-07,0.021863658,0.021950042,0.021796940,0.021887586
2010-01-08,0.021887586,0.021986235,0.021800742,0.021969330
2010-01-11,0.021850759,0.022112641,0.021850759,0.022046827
2010-01-12,0.022046827,0.022046827,0.021877052,0.021921171
2010-01-13,0.021921171,0.022000749,0.021862701,0.021983821
2010-01-14,0.021983821,0.022014311,0.021897171,0.021947633
2010-01-15,0.021947633,0.021976573,0.021827865,0.021832630
2010-01-18,0.021832630,0.021976573,0.021822149,0.021911565
2010-01-19,0.021911565,0.021953898,0.021787442,0.021811202
2010-01-20,0.021811202,0.021819768,0.021683507,0.021683507
2010-01-21,0.021683507,0.021804068,0.021678807,0.021688210
2010-01-22,0.021688210,0.021725906,0.021592209,0.021634251
2010-01-25,0.021668471,0.021707041,0.021627234,0.021702331
2010-01-26,0.021761365,0.021811202,0.021761365,0.021811202
2010-01-27,0.021811202,0.021811202,0.021483200,0.021589879
2010-01-28,0.021589879,0.021649709,0.021552654,0.021575904
2010-01-29,0.021575904,0.021692915,0.021542439,0.021692915
2010-02-01,0.021692915,0.021692915,0.021540118,0.021603873
2010-02-02,0.021603873,0.021691974,0.021599205,0.021691974
2010-02-03,0.021678807,0.021786492,0.021678807,0.021786492
2010-02-04,0.021753317,0.021753317,0.021617882,0.021640338
2010-02-05,0.021640338,0.021640338,0.021390375,0.021450022
2010-02-08,0.021395868,0.021431632,0.021336520,0.021408692
2010-02-09,0.021365238,0.021556370,0.021365238,0.021556370
2010-02-10,0.021556370,0.021574974,0.021439444,0.021561949
2010-02-11,0.021512315,0.021585219,0.021501677,0.021551723
2010-02-12,0.021550331,0.021589879,0.021501677,0.021551723
2010-02-15,0.021551723,0.021603873,0.021544758,0.021580560
2010-02-16,0.021580560,0.021748587,0.021551723,0.021748587
2010-02-17,0.021748587,0.021762785,0.021660024,0.021735352
2010-02-18,0.021735352,0.021735352,0.021575904,0.021673169
2010-02-19,0.021673169,0.021673169,0.021518102,0.021654395
2010-02-22,0.021620220,0.021710811,0.021620220,0.021691974
2010-02-23,0.021640338,0.021709397,0.021613209,0.021613209
2010-02-24,0.021613209,0.021641275,0.021580560,0.021603873
2010-02-25,0.021603873,0.021603873,0.021510929,0.021598272
2010-02-26,0.021598272,0.021786492,0.021591278,0.021786492
2010-03-01,0.021754265,0.021763733,0.021675987,0.021739131
2010-03-02,0.021739131,0.021838829,0.021697622,0.021725906
2010-03-03,0.021725906,0.021958718,0.021725906,0.021953898
2010-03-04,0.021953898,0.021953898,0.021792190,0.021896213
2010-03-05,0.021896213,0.022026431,0.021831678,0.022002200
2010-03-08,0.021925015,0.022037111,0.021925015,0.022026431
2010-03-09,0.021974159,0.021993490,0.021901967,0.021953898
2010-03-10,0.021920212,0.022099448,0.021920212,0.022070182
2010-03-11,0.022070182,0.022070182,0.021921171,0.022002200
2010-03-12,0.022002200,0.022041967,0.021968365,0.021978987
2010-03-15,0.021978987,0.021978987,0.021896213,0.021950042
2010-03-16,0.021947633,0.022031285,0.021933192,0.022031285
2010-03-17,0.022031285,0.022089684,0.022002200,0.022084806
2010-03-18,0.022078468,0.022078468,0.021964505,0.022031285
2010-03-19,0.022031285,0.022099448,0.021974159,0.022099448
2010-03-22,0.022090659,0.022090659,0.021937041,0.021992521
2010-03-23,0.021959683,0.022026431,0.021929825,0.022026431
2010-03-24,0.022058986,0.022058986,0.021916367,0.022026431
2010-03-25,0.022015279,0.022026431,0.021881837,0.021983821
2010-03-26,0.021983821,0.022177866,0.021963540,0.022168033
2010-03-29,0.022106776,0.022326412,0.022106776,0.022321429
2010-03-30,0.022267748,0.022276677,0.022150846,0.022251893
2010-03-31,0.022182785,0.022321429,0.022138588,0.022321429
2010-04-01,0.022354860,0.022426553,0.022317445,0.022421526
2010-04-02,0.022317445,0.022317445,0.022317445,0.022317445
2010-04-05,0.022276677,0.022552999,0.022276677,0.022542831
2010-04-06,0.022542831,0.022552999,0.022317445,0.022552999
2010-04-07,0.022552999,0.022560632,0.022434099,0.022522522
2010-04-08,0.022493139,0.022552999,0.022376372,0.022552999
2010-04-09,0.022552999,0.022665458,0.022502251,0.022665458
2010-04-12,0.022665458,0.022665458,0.022470396,0.022552999
2010-04-13,0.022508327,0.022527596,0.022383884,0.022432590
2010-04-14,0.022584580,0.022640826,0.022584580,0.022619318
2010-04-15,0.022619318,0.022619318,0.022479488,0.022578459
2010-04-16,0.022578459,0.022603977,0.022431582,0.022564195
2010-04-19,0.022564195,0.022564195,0.022352364,0.022357360
2010-04-20,0.022357360,0.022527596,0.022357360,0.022527596
2010-04-21,0.022532672,0.022533689,0.022442659,0.022522522
2010-04-22,0.022522522,0.022522522,0.022412479,0.022502251
2010-04-23,0.022446690,0.022578459,0.022425296,0.022578459
2010-04-26,0.022578459,0.022598870,0.022510862,0.022598870
2010-04-27,0.022598870,0.022598870,0.022487069,0.022497188
2010-04-28,0.022508327,0.022508327,0.022342375,0.022471910
2010-04-29,0.022401433,0.022504276,0.022401433,0.022497188
2010-04-30,0.022461815,0.022615226,0.022461815,0.022598870
2010-05-03,0.022615226,0.022615226,0.022425044,0.022522522
2010-05-04,0.022522522,0.022522522,0.022403944,0.022446690
2010-05-05,0.022446690,0.022446690,0.022234576,0.022296544
2010-05-06,0.022251893,0.022251893,0.021997361,0.021997361
2010-05-07,0.021997361,0.022026431,0.021873223,0.022017702
2010-05-10,0.022017702,0.022346368,0.022017702,0.022339879
2010-05-11,0.022339879,0.022339879,0.022070182,0.022227161
2010-05-12,0.022227161,0.022251893,0.022045854,0.022246940
2010-05-13,0.022168033,0.022254366,0.022153301,0.022251893
2010-05-14,0.022251893,0.022251893,0.022094566,0.022099448
2010-05-17,0.022119001,0.022119001,0.021849327,0.021964505
2010-05-18,0.021964505,0.022002200,0.021891419,0.021949077
2010-05-19,0.021944262,0.021944262,0.021552654,0.021610875
2010-05-20,0.021610875,0.021645021,0.021359306,0.021394949
2010-05-21,0.021394949,0.021394949,0.021128248,0.021313781
2010-05-24,0.021313781,0.021463834,0.021267546,0.021362957
2010-05-25,0.021362957,0.021362957,0.020951184,0.021061501
2010-05-26,0.021061501,0.021231424,0.021015909,0.021231424
2010-05-27,0.021223312,0.021413276,0.021223312,0.021404110
2010-05-28,0.021404110,0.021598272,0.021385800,0.021598272
2010-05-31,0.021585219,0.021585219,0.021464754,0.021571249
2010-06-01,0.021571249,0.021571249,0.021190930,0.021239089
2010-06-02,0.021239089,0.021367522,0.021155067,0.021367522
2010-06-03,0.021285653,0.021528525,0.021285653,0.021505376
2010-06-04,0.021505376,0.021505376,0.021336520,0.021340162
2010-06-07,0.021336520,0.021372087,0.021097045,0.021372087
2010-06-08,0.021240441,0.021362957,0.021217907,0.021353832
2010-06-09,0.021353832,0.021367522,0.021213407,0.021362957
2010-06-10,0.021362957,0.021390375,0.021244954,0.021390375
2010-06-11,0.021390375,0.021408692,0.021321962,0.021390375
2010-06-14,0.021353832,0.021551723,0.021353832,0.021551723
2010-06-15,0.021551723,0.021551723,0.021392662,0.021551723
2010-06-16,0.021551723,0.021608539,0.021437148,0.021547081
2010-06-17,0.021547081,0.021696681,0.021445422,0.021696681
2010-06-18,0.021696681,0.021749532,0.021621622,0.021734407
2010-06-21,0.021749532,0.021958718,0.021749532,0.021901008
2010-06-22,0.021857923,0.021857923,0.021603873,0.021729682
2010-06-23,0.021729682,0.021729682,0.021575904,0.021668471
2010-06-24,0.021654395,0.021659087,0.021460149,0.021616949
2010-06-25,0.021460149,0.021668471,0.021460149,0.021668471
2010-06-28,0.021571249,0.021706099,0.021571249,0.021691974
2010-06-29,0.021691974,0.021691974,0.021460149,0.021547081
2010-06-30,0.021516945,0.021552654,0.021433931,0.021551723
2010-07-01,0.021423368,0.021574974,0.021404110,0.021547081
2010-07-02,0.021473052,0.021489201,0.021377571,0.021477662
2010-07-05,0.021376656,0.021424746,0.021358393,0.021400444
2010-07-06,0.021400444,0.021459227,0.021318324,0.021459227
2010-07-07,0.021459227,0.021459227,0.021211157,0.021299254
2010-07-08,0.021299254,0.021436226,0.021299254,0.021436226
2010-07-09,0.021340162,0.021496130,0.021340162,0.021496130
2010-07-12,0.021432551,0.021454623,0.021341072,0.021431632
2010-07-13,0.021436226,0.021551723,0.021306969,0.021547081
2010-07-14,0.021395868,0.021473974,0.021395868,0.021459227
2010-07-15,0.021459227,0.021533161,0.021378942,0.021528525
2010-07-16,0.021497054,0.021497054,0.021318324,0.021413276
2010-07-19,0.021381227,0.021701388,0.021221058,0.021696681
2010-07-20,0.021696681,0.021696681,0.021084590,0.021164021
2010-07-21,0.021119324,0.021244954,0.021119324,0.021244954
2010-07-22,0.021235932,0.021258503,0.021119324,0.021258503
2010-07-23,0.021217907,0.021327419,0.021217907,0.021326508
2010-07-26,0.021303793,0.021362957,0.021252630,0.021257147
2010-07-27,0.021256246,0.021439444,0.021256246,0.021437148
2010-07-28,0.021437148,0.021482278,0.021372087,0.021417864
2010-07-29,0.021417864,0.021528525,0.021401821,0.021523891
2010-07-30,0.021523891,0.021574974,0.021459227,0.021570319
2010-08-02,0.021551723,0.021697622,0.021551723,0.021697622
2010-08-03,0.021697622,0.021697622,0.021628637,0.021678807
2010-08-04,0.021691974,0.021725906,0.021598272,0.021678807
2010-08-05,0.021739131,0.021739131,0.021621622,0.021739131
2010-08-06,0.021715527,0.021762785,0.021656740,0.021712698
2010-08-09,0.021758998,0.021767523,0.021670820,0.021758998
2010-08-10,0.021702331,0.021702331,0.021542439,0.021702331
2010-08-11,0.021593608,0.021593608,0.021411901,0.021593608
2010-08-12,0.021463834,0.021463834,0.021263024,0.021463834
2010-08-13,0.021383513,0.021483200,0.021367522,0.021408692
2010-08-16,0.021446342,0.021446342,0.021331057,0.021446342
2010-08-17,0.021421075,0.021485507,0.021406401,0.021421075
2010-08-18,0.021455543,0.021541046,0.021417864,0.021455543
2010-08-19,0.021617882,0.021617882,0.021487817,0.021487817
2010-08-20,0.021571249,0.021571249,0.021400444,0.021571249
2010-08-23,0.021455543,0.021477662,0.021405026,0.021455543
2010-08-24,0.021476280,0.021476280,0.021277500,0.021476280
2010-08-25,0.021341072,0.021353832,0.021268450,0.021341072
2010-08-26,0.021334244,0.021400444,0.021322871,0.021334244
2010-08-27,0.021373002,0.021373002,0.021300161,0.021373002
2010-08-30,0.021366151,0.021381227,0.021308331,0.021366151
2010-08-31,0.021334244,0.021334244,0.021230070,0.021334244
2010-09-01,0.021263927,0.021398155,0.021263927,0.021263927
2010-09-02,0.021436226,0.021459227,0.021350184,0.021436226
2010-09-03,0.021459227,0.021520186,0.021408692,0.021459227
2010-09-06,0.021469364,0.021529451,0.021437148,0.021469364
2010-09-07,0.021499366,0.021499366,0.021336520,0.021499366
2010-09-08,0.021431632,0.021505376,0.021356113,0.021431632
2010-09-09,0.021497054,0.021596871,0.021453243,0.021497054
2010-09-10,0.021643616,0.021643616,0.021580560,0.021596871
2010-09-13,0.021514630,0.021626297,0.021514630,0.021606205
2010-09-14,0.021630976,0.021668471,0.021528525,0.021630976
2010-09-15,0.021673169,0.021673169,0.021533161,0.021673169
2010-09-16,0.021645021,0.021697622,0.021547081,0.021645021
2010-09-17,0.021691974,0.021849327,0.021691974,0.021691974
2010-09-20,0.021796940,0.021940410,0.021796940,0.021796940
2010-09-21,0.021920212,0.021982852,0.021820722,0.021920212
2010-09-22,0.021939447,0.022012854,0.021928381,0.021939447
2010-09-23,0.021950042,0.021974159,0.021879444,0.021950042
2010-09-24,0.022002200,0.022177866,0.021932229,0.022002200
2010-09-27,0.022104332,0.022251893,0.022104332,0.022104332
2010-09-28,0.022256844,0.022256844,0.022085782,0.022256844
2010-09-29,0.022197559,0.022321429,0.022186231,0.022197559
2010-09-30,0.022440141,0.022440141,0.022376372,0.022376372
2010-10-01,0.022251893,0.022521000,0.022251893,0.022440141
2010-10-04,0.022515930,0.022598870,0.022404946,0.022515930
2010-10-05,0.022497188,0.022522522,0.022331398,0.022497188
2010-10-06,0.022522522,0.022625457,0.022454249,0.022522522
2010-10-07,0.022624435,0.023691069,0.022514915,0.022629555
2010-10-08,0.022624435,0.022680881,0.022467872,0.022624435
2010-10-11,0.022518465,0.022624435,0.022498200,0.022518465
2010-10-12,0.022542831,0.022542831,0.022342375,0.022542831
2010-10-13,0.022391401,0.022561649,0.022391401,0.022471910
2010-10-14,0.022466863,0.022701476,0.022466863,0.022552999
2010-10-15,0.022670597,0.022733474,0.022635700,0.022692202
2010-10-18,0.022645952,0.022645952,0.022518465,0.022645952
2010-10-19,0.022639802,0.022639802,0.022471910,0.022639802
2010-10-20,0.022563176,0.022606533,0.022482015,0.022558086
2010-10-21,0.022624435,0.022624435,0.022509849,0.022624435
2010-10-22,0.022624435,0.022624435,0.022425044,0.022624435
2010-10-25,0.022426553,0.022603977,0.022426553,0.022457780
2010-10-26,0.022598870,0.022598870,0.022440141,0.022598870
2010-10-27,0.022522522,0.022528611,0.022416499,0.022522522
2010-10-28,0.022512382,0.022573363,0.022442659,0.022512382
2010-10-29,0.022512382,0.022578459,0.022437623,0.022512382
2010-11-01,0.022563176,0.022563176,0.022483025,0.022498200
2010-11-02,0.022552999,0.022589680,0.022487069,0.022552999
2010-11-03,0.022624435,0.022624435,0.022503262,0.022624435
2010-11-04,0.022526072,0.022710240,0.022526072,0.022598870
2010-11-05,0.022785271,0.022810219,0.022720560,0.022720560
2010-11-08,0.022621874,0.022779042,0.022495670,0.022779042
2010-11-09,0.022573363,0.022624435,0.022490609,0.022573363
2010-11-10,0.022629555,0.022629555,0.022500731,0.022629555
2010-11-11,0.022568269,0.022607554,0.022472920,0.022593765
2010-11-12,0.022603977,0.022603977,0.022287600,0.022603977
2010-11-15,0.022332396,0.022332396,0.022106776,0.022332396
2010-11-16,0.022109220,0.022180326,0.022010434,0.022168033
2010-11-17,0.022183770,0.022215804,0.022128791,0.022128791
2010-11-18,0.022169016,0.022169016,0.021946670,0.022169016
2010-11-19,0.022148393,0.022148393,0.022029828,0.022148393
2010-11-22,0.022079930,0.022132218,0.021976573,0.022093100
2010-11-23,0.022021580,0.022075055,0.021868439,0.022075055
2010-11-24,0.021953898,0.021958718,0.021799315,0.021958718
2010-11-25,0.021881837,0.021978023,0.021857923,0.021973193
2010-11-26,0.021971744,0.021971744,0.021800742,0.021950042
2010-11-29,0.021877052,0.021904366,0.021737713,0.021877052
2010-11-30,0.021834062,0.021834062,0.021687269,0.021834062
2010-12-01,0.021848371,0.022075055,0.021829294,0.021848371
2010-12-02,0.022109220,0.022126341,0.022040997,0.022109220
2010-12-03,0.022082368,0.022271713,0.022082368,0.022158209
2010-12-06,0.022265268,0.022322426,0.022207418,0.022265268
2010-12-07,0.022251893,0.022434099,0.022251893,0.022316447
2010-12-08,0.022471910,0.022471910,0.022143491,0.022471910
2010-12-09,0.022222223,0.022227161,0.022068722,0.022222223
2010-12-10,0.022197559,0.022246940,0.022060445,0.022197559
2010-12-13,0.022246940,0.022271713,0.022097005,0.022246940
2010-12-14,0.022266755,0.022296544,0.022198791,0.022266755
2010-12-15,0.022266755,0.022266755,0.021978023,0.022266755
2010-12-16,0.022099448,0.022099448,0.021927420,0.022099448
2010-12-17,0.022093100,0.022148393,0.022033712,0.022099448
2010-12-20,0.022139568,0.022139568,0.021903407,0.022139568
2010-12-21,0.022094566,0.022148393,0.022040997,0.022094566
2010-12-22,0.022106776,0.022246940,0.022097005,0.022133688
2010-12-23,0.022246940,0.022246940,0.022138588,0.022246940
2010-12-24,0.022143491,0.022192631,0.022104332,0.022192631
2010-12-27,0.022168033,0.022217287,0.022085782,0.022217287
2010-12-28,0.022168033,0.022213336,0.022123894,0.022172950
2010-12-29,0.022246940,0.022246940,0.022149621,0.022246940
2010-12-30,0.022261800,0.022321429,0.022245457,0.022261800
2010-12-31,0.022246940,0.022393910,0.022246940,0.022316447
2011-01-03,0.022312464,0.022421526,0.022312464,0.022312464
2011-01-04,0.022416499,0.022416499,0.022173932,0.022416499
2011-01-05,0.022232104,0.022271713,0.022008011,0.022271713
2011-01-06,0.022119001,0.022132218,0.022014311,0.022119001
2011-01-07,0.022104332,0.022133688,0.021966919,0.022133688
2011-01-10,0.022046827,0.022084806,0.021954861,0.022046827
2011-01-11,0.022070182,0.022197559,0.022033712,0.022070182
2011-01-12,0.022173932,0.022215804,0.022124872,0.022173932
2011-01-13,0.022266755,0.022266755,0.022094566,0.022266755
2011-01-14,0.022241993,0.022241993,0.021998327,0.022241993
2011-01-17,0.022045854,0.022045854,0.021906765,0.022017702
2011-01-18,0.022007043,0.022075055,0.021949077,0.022007043
2011-01-19,0.022014311,0.022076029,0.021959683,0.022065314
2011-01-20,0.022002200,0.022075055,0.021813583,0.022075055
2011-01-21,0.021844555,0.022002200,0.021844555,0.021844555
2011-01-24,0.021935597,0.021978023,0.021889981,0.021935597
2011-01-25,0.022002200,0.022002200,0.021825483,0.022002200
2011-01-26,0.021964505,0.022002200,0.021925015,0.021925015
2011-01-27,0.022002200,0.022002200,0.021899570,0.022002200
2011-01-28,0.021944262,0.021944262,0.021808824,0.021887586
2011-01-31,0.021815959,0.021815959,0.021734407,0.021815959
2011-02-01,0.021834062,0.021906765,0.021803116,0.021834062
2011-02-02,0.022021580,0.022021580,0.021889981,0.022021580
2011-02-03,0.022002200,0.022002200,0.021889981,0.022002200
2011-02-04,0.021949077,0.021950042,0.021891419,0.021949077
2011-02-07,0.021925976,0.022050718,0.021925015,0.021925976
2011-02-08,0.022070182,0.022109220,0.022024008,0.022070182
2011-02-09,0.022148393,0.022148393,0.021981403,0.022148393
2011-02-10,0.022050718,0.022050718,0.021856491,0.022050718
2011-02-11,0.021915406,0.021925976,0.021845985,0.021915406
2011-02-14,0.021889022,0.022017702,0.021889022,0.021925976
2011-02-15,0.022050718,0.022050718,0.021958718,0.022050718
2011-02-16,0.022058986,0.022058986,0.021974159,0.022021580
2011-02-17,0.022070182,0.022097982,0.022002200,0.022070182
2011-02-18,0.022058014,0.022172950,0.022058014,0.022119001
2011-02-21,0.022126341,0.022257835,0.022126341,0.022169016
2011-02-22,0.022262791,0.022262791,0.022058014,0.022262791
2011-02-23,0.022094566,0.022198543,0.022082368,0.022148393
2011-02-24,0.022197559,0.022197559,0.021982852,0.022197559
2011-02-25,0.021994941,0.022090659,0.021994941,0.022026431
2011-02-28,0.022099448,0.022138588,0.022073837,0.022099448
2011-03-01,0.022094566,0.022296544,0.022094566,0.022172950
2011-03-02,0.022314953,0.022346368,0.022306491,0.022306491
2011-03-03,0.022249416,0.022316447,0.022182785,0.022316447
2011-03-04,0.022291573,0.022296544,0.022202486,0.022296544
2011-03-07,0.022232104,0.022270227,0.022132218,0.022270227
2011-03-08,0.022207418,0.022237046,0.022165576,0.022237046
2011-03-09,0.022271713,0.022296544,0.022207418,0.022271713
2011-03-10,0.022286607,0.022286607,0.022134667,0.022286607
2011-03-11,0.022168033,0.022197559,0.022082368,0.022168033
2011-03-14,0.022105310,0.022227161,0.022105310,0.022105310
2011-03-15,0.022187708,0.022246940,0.022045854,0.022246940
2011-03-16,0.022104332,0.022225680,0.022104332,0.022143491
2011-03-17,0.022212351,0.022212351,0.022093344,0.022212351
2011-03-18,0.022133688,0.022246940,0.022133688,0.022197559
2011-03-21,0.022223210,0.022271713,0.022181310,0.022223210
2011-03-22,0.022217287,0.022271713,0.022217287,0.022266755
2011-03-23,0.022246940,0.022346368,0.022217287,0.022296544
2011-03-24,0.022346368,0.022372365,0.022286607,0.022346368
2011-03-25,0.022421526,0.022446690,0.022371365,0.022421526
2011-03-28,0.022374868,0.022374868,0.022275187,0.022374868
2011-03-29,0.022371365,0.022396415,0.022311468,0.022371365
2011-03-30,0.022331398,0.022421526,0.022326412,0.022391401
2011-03-31,0.022348866,0.022527596,0.022348866,0.022416499
2011-04-01,0.022447696,0.022522522,0.022447696,0.022497188
2011-04-04,0.022591213,0.022591213,0.022498200,0.022498200
2011-04-05,0.022564195,0.022573363,0.022489598,0.022564195
2011-04-06,0.022573363,0.022701476,0.022573363,0.022573363
2011-04-07,0.022701476,0.022701476,0.022588661,0.022701476
2011-04-08,0.022626994,0.022763487,0.022626994,0.022675738
2011-04-11,0.022694778,0.022698900,0.022527596,0.022694778
2011-04-12,0.022645440,0.022645440,0.022593765,0.022593765
2011-04-13,0.022527596,0.022630578,0.022425044,0.022630578
2011-04-14,0.022488082,0.022588661,0.022488082,0.022512382
2011-04-18,0.022563176,0.022597339,0.022460302,0.022587130
2011-04-19,0.022497188,0.022542831,0.022376372,0.022542831
2011-04-20,0.022482015,0.022576932,0.022482015,0.022517452
2011-04-21,0.022593765,0.022598870,0.022500731,0.022593765
2011-04-22,0.022593765,0.022598870,0.022500731,0.022593765
2011-04-25,0.022540290,0.022589680,0.022456771,0.022589680
2011-04-26,0.022479488,0.022522522,0.022413986,0.022517452
2011-04-27,0.022517452,0.022547916,0.022482015,0.022517452
2011-04-28,0.022558086,0.022593765,0.022490609,0.022558086
2011-04-29,0.022573363,0.022620341,0.022492127,0.022573363
2011-05-02,0.022616759,0.022616759,0.022540290,0.022599891
2011-05-03,0.022558086,0.022614202,0.022462822,0.022614202
2011-05-04,0.022517452,0.022573363,0.022416499,0.022517452
2011-05-05,0.022563176,0.022563176,0.022341376,0.022563176
2011-05-06,0.022371365,0.022421526,0.022276677,0.022371365
2011-05-09,0.022326412,0.022409968,0.022326412,0.022359859
2011-05-10,0.022361359,0.022416499,0.022322426,0.022416499
2011-05-11,0.022416499,0.022426553,0.022363860,0.022416499
2011-05-12,0.022376372,0.022431582,0.022227161,0.022431582
2011-05-13,0.022366362,0.022366362,0.022202486,0.022366362
2011-05-16,0.022296544,0.022296544,0.022138588,0.022292567
2011-05-17,0.022186231,0.022241993,0.022156738,0.022241993
2011-05-18,0.022217287,0.022217287,0.022156738,0.022217287
2011-05-19,0.022241993,0.022276677,0.022203473,0.022241993
2011-05-20,0.022234576,0.022296544,0.022215804,0.022296544
2011-05-23,0.022222223,0.022225680,0.022070182,0.022225680
2011-05-24,0.022109220,0.022160664,0.022097005,0.022148393
2011-05-25,0.022114107,0.022143491,0.022016734,0.022143491
2011-05-26,0.022060445,0.022133688,0.022058986,0.022109220
2011-05-27,0.022075055,0.022172950,0.022075055,0.022128791
2011-05-30,0.022137117,0.022204952,0.022137117,0.022137117
2011-05-31,0.022187708,0.022246940,0.022181310,0.022181310
2011-06-01,0.022241993,0.022346368,0.022227161,0.022241993
2011-06-02,0.022301516,0.022346368,0.022235811,0.022341376
2011-06-03,0.022310225,0.022341376,0.022266755,0.022341376
2011-06-06,0.022309974,0.022396415,0.022309974,0.022309974
2011-06-07,0.022341376,0.022421526,0.022311468,0.022386391
2011-06-08,0.022416499,0.022435106,0.022348866,0.022416499
2011-06-09,0.022371365,0.022431582,0.022340128,0.022391401
2011-06-10,0.022356361,0.022421526,0.022343872,0.022421526
2011-06-13,0.022359859,0.022359859,0.022269236,0.022359859
2011-06-14,0.022331398,0.022446690,0.022295300,0.022321429
2011-06-15,0.022356361,0.022391401,0.022324918,0.022351865
2011-06-16,0.022341376,0.022376372,0.022256844,0.022366362
2011-06-17,0.022271713,0.022346368,0.022241993,0.022321429
2011-06-20,0.022291573,0.022339879,0.022196079,0.022339879
2011-06-21,0.022222223,0.022346368,0.022222223,0.022286607
2011-06-22,0.022301516,0.022366362,0.022271713,0.022341376
2011-06-23,0.022346368,0.022346368,0.022237046,0.022346368
2011-06-24,0.022296544,0.022296544,0.022217287,0.022296544
2011-06-27,0.022227161,0.022256844,0.022158209,0.022228150
2011-06-28,0.022207418,0.022261800,0.022192631,0.022246940
2011-06-29,0.022207418,0.022346368,0.022207418,0.022251893
2011-06-30,0.022289088,0.022425044,0.022289088,0.022341376
2011-07-01,0.022425044,0.022497188,0.022396415,0.022425044
2011-07-04,0.022409968,0.022559104,0.022409968,0.022409968
2011-07-05,0.022512382,0.022547916,0.022454249,0.022512382
2011-07-06,0.022507316,0.022555543,0.022476960,0.022552999
2011-07-07,0.022558086,0.022573363,0.022499720,0.022558086
2011-07-08,0.022512382,0.022576932,0.022512382,0.022558086
2011-07-11,0.022515930,0.022547916,0.022480497,0.022515930
2011-07-12,0.022547916,0.022547916,0.022346368,0.022547916
2011-07-13,0.022441652,0.022527596,0.022412730,0.022441652
2011-07-14,0.022461815,0.022522522,0.022444170,0.022497188
2011-07-15,0.022522522,0.022522522,0.022431582,0.022522522
2011-07-18,0.022461815,0.022502251,0.022389898,0.022467872
2011-07-19,0.022436617,0.022522522,0.022426553,0.022471910
2011-07-20,0.022517452,0.022568269,0.022473171,0.022537751
2011-07-21,0.022502251,0.022573363,0.022459291,0.022537751
2011-07-22,0.022471910,0.022573363,0.022471910,0.022573363
2011-07-25,0.022518465,0.022573363,0.022506809,0.022551475
2011-07-26,0.022519987,0.022675738,0.022519987,0.022568269
2011-07-27,0.022632115,0.022803716,0.022632115,0.022701476
2011-07-28,0.022686025,0.022727273,0.022642363,0.022711787
2011-07-29,0.022691173,0.022722110,0.022605000,0.022722110
2011-08-01,0.022634676,0.022714365,0.022622900,0.022622900
2011-08-02,0.022691173,0.022694778,0.022571834,0.022694778
2011-08-03,0.022592232,0.022592232,0.022523537,0.022592232
2011-08-04,0.022566741,0.022566741,0.022435106,0.022566741
2011-08-05,0.022451729,0.022451729,0.022300025,0.022440141
2011-08-08,0.022356361,0.022356361,0.022192631,0.022354860
2011-08-09,0.022234576,0.022234576,0.022036139,0.022220742
2011-08-10,0.022121446,0.022246940,0.022083342,0.022122426
2011-08-11,0.022104332,0.022127321,0.022007043,0.022100424
2011-08-12,0.022021580,0.022092124,0.022002200,0.022078468
2011-08-15,0.022133688,0.022133688,0.022029828,0.022029828
2011-08-16,0.022058014,0.022138588,0.022037111,0.022107752
2011-08-17,0.022036139,0.022097982,0.022004621,0.022097982
2011-08-18,0.022021580,0.022073593,0.021860313,0.022073593
2011-08-19,0.021938004,0.021938004,0.021861268,0.021877052
2011-08-22,0.021774633,0.021947633,0.021701388,0.021899570
2011-08-23,0.021896213,0.021953898,0.021857923,0.021925015
2011-08-24,0.021877052,0.021958718,0.021724962,0.021958718
2011-08-25,0.021746222,0.021767523,0.021645021,0.021767523
2011-08-26,0.021720244,0.021734407,0.021657679,0.021734407
2011-08-29,0.021667063,0.021843601,0.021667063,0.021667063
2011-08-30,0.021715527,0.021810252,0.021676457,0.021810252
2011-08-31,0.021772262,0.021838829,0.021732988,0.021767523
2011-09-01,0.021899570,0.021899570,0.021862701,0.021862701
2011-09-02,0.021881837,0.024570024,0.021751897,0.021881837
2011-09-05,0.021863658,0.021863658,0.021732043,0.021863658
2011-09-06,0.021746222,0.021761365,0.021673169,0.021746693
2011-09-07,0.021720244,0.021748587,0.021656740,0.021720244
2011-09-08,0.021662606,0.021720244,0.021615546,0.021720244
2011-09-09,0.021647364,0.021677867,0.021432551,0.021677867
2011-09-12,0.021473052,0.021473052,0.021175226,0.021439444
2011-09-13,0.021177467,0.021294719,0.020985037,0.021204410
2011-09-14,0.021012818,0.021070376,0.020833334,0.021070376
2011-09-15,0.021026071,0.021073483,0.020876827,0.021026071
2011-09-16,0.021030495,0.021208907,0.021030495,0.021052632
2011-09-19,0.021199916,0.021199916,0.020908255,0.021199916
2011-09-20,0.020916125,0.020954257,0.020733982,0.020954257
2011-09-21,0.020811655,0.020906068,0.020664144,0.020872470
2011-09-22,0.020691082,0.020742584,0.020170238,0.020742584
2011-09-23,0.020169422,0.020394428,0.020044098,0.020213045
2011-09-26,0.020234723,0.020274516,0.020095252,0.020266300
2011-09-27,0.020214271,0.020491803,0.020214271,0.020242915
2011-09-28,0.020487605,0.020553717,0.020323137,0.020487605
2011-09-29,0.020517029,0.020517029,0.020358307,0.020512821
2011-09-30,0.020384036,0.020466639,0.020350849,0.020466639
2011-10-03,0.020222446,0.020387361,0.020189784,0.020387361
2011-10-04,0.020341741,0.020366600,0.020226538,0.020366600
2011-10-05,0.020242915,0.020360379,0.020200796,0.020282742
2011-10-06,0.020309517,0.020366600,0.020303333,0.020345880
2011-10-07,0.020267531,0.020449897,0.020267531,0.020391516
2011-10-10,0.020345880,0.020486346,0.020345880,0.020452825
2011-10-11,0.020418581,0.020486346,0.020245783,0.020486346
2011-10-12,0.020341741,0.020454081,0.020218359,0.020309517
2011-10-13,0.020445717,0.020445717,0.020313643,0.020445717
2011-10-14,0.020325202,0.020466639,0.020319009,0.020325202
2011-10-17,0.020452825,0.020538099,0.020396508,0.020452825
2011-10-18,0.020429010,0.020449897,0.020247834,0.020449897
2011-10-19,0.020283977,0.020408163,0.020283977,0.020308692
2011-10-20,0.020350020,0.020404000,0.020042891,0.020404000
2011-10-21,0.020080322,0.020128824,0.019875579,0.020056156
2011-10-24,0.020071050,0.020100502,0.019998800,0.020071050
2011-10-25,0.020072261,0.020242915,0.020072261,0.020181635
2011-10-26,0.020202836,0.020267531,0.020202836,0.020238819
2011-10-27,0.020276573,0.020408995,0.020202836,0.020259319
2011-10-28,0.020445717,0.020564284,0.020084353,0.020084353
2011-10-31,0.020508613,0.020574862,0.020449897,0.020564284
2011-11-01,0.020538099,0.020545272,0.020280685,0.020545272
2011-11-02,0.020300448,0.020357063,0.020247014,0.020301271
2011-11-03,0.020365354,0.020388192,0.020186525,0.020357063
2011-11-04,0.020392349,0.020433184,0.020293031,0.020388192
2011-11-07,0.020398589,0.020449897,0.020367429,0.020411080
2011-11-08,0.020354163,0.020445717,0.020202020,0.020445717
2011-11-09,0.020210186,0.020279862,0.019929051,0.020279862
2011-11-10,0.020008804,0.020020019,0.019980021,0.019980021
2011-11-11,0.019870840,0.020016013,0.019864919,0.020016013
2011-11-14,0.019956097,0.020032052,0.019836351,0.019986808
2011-11-15,0.019884668,0.019884668,0.019712202,0.019853875
2011-11-16,0.019753866,0.019762846,0.019627085,0.019753866
2011-11-17,0.019708317,0.019749185,0.019638650,0.019722700
2011-11-18,0.019627854,0.019627854,0.019456010,0.019627854
2011-11-21,0.019520575,0.019520575,0.019152317,0.019520575
2011-11-22,0.019171780,0.019209344,0.018968133,0.019209344
2011-11-23,0.019053789,0.019278968,0.019033117,0.019053789
2011-11-24,0.019135827,0.019223375,0.019094901,0.019135827
2011-11-25,0.019207498,0.019207498,0.019065777,0.019207498
2011-11-28,0.019135095,0.019282684,0.019135095,0.019146817
2011-11-29,0.019249277,0.019275250,0.019186493,0.019251872
2011-11-30,0.019223375,0.019266710,0.019075597,0.019266710
2011-12-01,0.019331142,0.01953125,0.019286403,0.019331142
2011-12-02,0.019432569,0.019588638,0.019391119,0.019493178
2011-12-05,0.019568322,0.019568322,0.019434456,0.019568322
2011-12-06,0.019451469,0.01953125,0.019451469,0.01953125
2011-12-07,0.019470405,0.01953125,0.019337498,0.01953125
2011-12-08,0.019334879,0.019379845,0.019265966,0.019379845
2011-12-09,0.019323671,0.019342359,0.019109497,0.019342359
2011-12-12,0.019215988,0.019279711,0.018920401,0.019279711
2011-12-13,0.018993352,0.018993352,0.018689841,0.018993352
2011-12-14,0.018832393,0.018832393,0.018560452,0.018832393
2011-12-15,0.018618507,0.018674834,0.018415188,0.018618507
2011-12-16,0.018793460,0.019153420,0.018793460,0.018793460
2011-12-19,0.018975332,0.019050159,0.018793460,0.019050159
2011-12-20,0.018975332,0.018975332,0.018839488,0.018975332
2011-12-21,0.018910741,0.019086519,0.018910741,0.018971732
2011-12-22,0.019051246,0.019086519,0.018907165,0.019086519
2011-12-23,0.019043991,0.019043991,0.018882887,0.019043991
2011-12-26,0.018945493,0.018982535,0.018896447,0.018945493
2011-12-27,0.018975332,0.018975332,0.018826010,0.018975332
2011-12-28,0.018859029,0.018921476,0.018716076,0.018921476
2011-12-29,0.018875048,0.018917896,0.018695783,0.018917896
2011-12-30,0.018846588,0.018867925,0.018743088,0.018867925
2012-01-02,0.018832393,0.018865077,0.018751170,0.018865077
2012-01-03,0.018762430,0.018850142,0.018762430,0.018762430
2012-01-04,0.018793460,0.018921476,0.018793460,0.018850142
2012-01-05,0.018853694,0.019008515,0.018853694,0.018921476
2012-01-06,0.018953754,0.019011408,0.018914318,0.018953754
2012-01-09,0.018935807,0.019094901,0.018923266,0.018985059
2012-01-10,0.019047620,0.019379845,0.019047620,0.019091256
2012-01-11,0.019342359,0.019394880,0.019265966,0.019379845
2012-01-12,0.019323671,0.019412575,0.019275250,0.019323671
2012-01-13,0.019409938,0.019493937,0.019389238,0.019436346
2012-01-16,0.019442771,0.019462826,0.019310610,0.019442771
2012-01-17,0.019462826,0.019762846,0.019462826,0.019462826
2012-01-18,0.019766752,0.019860974,0.019660657,0.019743336
2012-01-19,0.019964065,0.019968050,0.019825537,0.019857028
2012-01-20,0.019924289,0.019924289,0.019812573,0.019879529
2012-01-23,0.019878739,0.020040080,0.019843237,0.019911196
2012-01-24,0.019964065,0.020064205,0.019929051,0.020064205
2012-01-25,0.020000000,0.020008003,0.019903271,0.020000000
2012-01-26,0.020016013,0.020283977,0.020000000,0.020000000
2012-01-27,0.020259319,0.020286033,0.019050159,0.019050159
2012-01-30,0.020247834,0.020283977,0.020078305,0.020247834
2012-01-31,0.020202020,0.020276573,0.019050159,0.019050159
2012-02-01,0.020202020,0.020276573,0.020106565,0.020202020
2012-02-02,0.020298386,0.020429010,0.020298386,0.020404000
2012-02-03,0.020341741,0.020597322,0.020329336,0.020408163
2012-02-06,0.020553717,0.020571899,0.020350849,0.020553717
2012-02-07,0.020400668,0.020484248,0.020305393,0.020386113
2012-02-08,0.020354992,0.020417331,0.020308692,0.020390270
2012-02-09,0.020386113,0.020386113,0.020196715,0.020346709
2012-02-10,0.020202020,0.020253984,0.020100502,0.020206919
2012-02-13,0.020262193,0.020387361,0.020191822,0.020262193
2012-02-14,0.020367429,0.020367429,0.020223264,0.020330163
2012-02-15,0.020282742,0.020332228,0.020256037,0.020260140
2012-02-16,0.020256037,0.020304568,0.020239636,0.020290973
2012-02-17,0.020262193,0.020366600,0.020262193,0.020290973
2012-02-20,0.020365354,0.020365354,0.020276573,0.020276573
2012-02-21,0.020326030,0.020387361,0.020274516,0.020346709
2012-02-22,0.020357063,0.020366600,0.020282742,0.020282742
2012-02-23,0.020309517,0.020362452,0.020297149,0.020317771
2012-02-24,0.020344637,0.020439448,0.020340500,0.020369504
2012-02-27,0.020404832,0.020437360,0.020284798,0.020404832
2012-02-28,0.020314055,0.020408995,0.020314055,0.020336363
2012-02-29,0.020419415,0.020472923,0.020379880,0.020379880
2012-03-01,0.020376973,0.020449897,0.020303333,0.020406915
2012-03-02,0.020328095,0.020366600,0.020162104,0.020326030
2012-03-05,0.020116678,0.020242915,0.020020820,0.020194676
2012-03-06,0.020062998,0.020133687,0.019847965,0.020067023
2012-03-07,0.019876763,0.019908421,0.019704433,0.019857818
2012-03-08,0.019891394,0.020040080,0.019883484,0.019889414
2012-03-09,0.019990806,0.020140987,0.019966856,0.019970842
2012-03-12,0.020068232,0.020140987,0.019984812,0.020099292
2012-03-13,0.019994801,0.020084353,0.019994801,0.020012809
2012-03-14,0.020050928,0.020081127,0.019996801,0.020068232
2012-03-15,0.020032855,0.020036867,0.019816499,0.020036867
2012-03-16,0.019883484,0.020000000,0.019832220,0.019849936
2012-03-19,0.019936204,0.020000000,0.019903271,0.019946942
2012-03-20,0.019905251,0.019980021,0.019800805,0.019909214
2012-03-21,0.019863736,0.019881506,0.019732427,0.019845994
2012-03-22,0.019734375,0.019798843,0.019493937,0.019751916
2012-03-23,0.019568322,0.019607844,0.019512957,0.019561816
2012-03-26,0.019543465,0.019646365,0.019425020,0.019543465
2012-03-27,0.019608611,0.019841269,0.019551108,0.019599006
2012-03-28,0.019749966,0.019837335,0.019602846,0.019732427
2012-03-29,0.019704433,0.019712979,0.019450335,0.019695507
2012-03-30,0.019476851,0.019723866,0.019474955,0.019478748
2012-04-02,0.019680003,0.019743336,0.019635564,0.019658724
2012-04-03,0.019699387,0.019798061,0.019658724,0.019658724
2012-04-04,0.019716088,0.019900497,0.019518670,0.019900497
2012-04-05,0.019589406,0.019627085,0.019543465,0.019566407
2012-04-06,0.019607844,0.019607844,0.019595163,0.019595163
2012-04-09,0.019567557,0.019607844,0.019455252,0.019595163
2012-04-10,0.019554166,0.019588638,0.019425774,0.019588638
2012-04-11,0.019454118,0.01953125,0.019367458,0.019427661
2012-04-12,0.019411445,0.01953125,0.019384352,0.019433323
2012-04-13,0.019545374,0.019545374,0.019413706,0.019520575
2012-04-16,0.019496977,0.019512195,0.019337498,0.019401276
2012-04-17,0.019374212,0.019493178,0.019354340,0.019354340
2012-04-18,0.019405041,0.019493178,0.019305764,0.019429550
2012-04-19,0.019333759,0.019373087,0.019170677,0.019309493
2012-04-20,0.019222267,0.019251872,0.019159658,0.019179869
2012-04-23,0.019201228,0.019230770,0.019015744,0.019205654
2012-04-24,0.019082878,0.019112052,0.018917896,0.019048344
2012-04-25,0.019024789,0.019065777,0.018963097,0.018985059
2012-04-26,0.019068321,0.019101102,0.018995877,0.019033844
2012-04-27,0.019108402,0.019133994,0.018967055,0.019082878
2012-04-30,0.019072141,0.019076688,0.018961661,0.019033844
2012-05-01,0.019018637,0.019047620,0.018990466,0.018990466
2012-05-02,0.019036742,0.019036742,0.018864365,0.019036742
2012-05-03,0.018891092,0.018923983,0.018702775,0.018882887
2012-05-04,0.018714678,0.018779343,0.018551156,0.018723786
2012-05-07,0.018611576,0.018939395,0.018611576,0.018702775
2012-05-08,0.018890735,0.018986141,0.018764190,0.018902520
2012-05-09,0.018801233,0.018831328,0.018557006,0.018826010
2012-05-10,0.018548403,0.018893590,0.018548403,0.018581145
2012-05-11,0.018813614,0.018813614,0.018626137,0.018778285
2012-05-14,0.018633077,0.018676577,0.018529499,0.018646976
2012-05-15,0.018569067,0.018638287,0.018491808,0.018532934
2012-05-16,0.018612269,0.018612269,0.018345932,0.018591508
2012-05-17,0.018384043,0.018449163,0.018322401,0.018352665
2012-05-18,0.018374585,0.018408408,0.018217258,0.018359404
2012-05-21,0.018376272,0.018376272,0.018165965,0.018376272
2012-05-22,0.018197369,0.018268844,0.018030038,0.018172566
2012-05-23,0.018069133,0.018098565,0.017761990,0.018054452
2012-05-24,0.017883329,0.018001800,0.017737417,0.017859375
2012-05-25,0.017997589,0.018106757,0.017833894,0.017998559
2012-05-28,0.018060973,0.018171906,0.018060973,0.018060973
2012-05-29,0.018057059,0.018066848,0.017897733,0.018060973
2012-05-30,0.017937863,0.017969452,0.017783152,0.017963642
2012-05-31,0.017808488,0.017942691,0.017702876,0.017784733
2012-06-01,0.017781572,0.018066848,0.017773038,0.017832305
2012-06-04,0.018005041,0.018399265,0.017965255,0.018005690
2012-06-05,0.018077299,0.018083183,0.017890688,0.017970098
2012-06-06,0.018007310,0.018132366,0.017973328,0.017973328
2012-06-07,0.018112661,0.018264839,0.018064236,0.018064236
2012-06-08,0.018119881,0.018241517,0.017972682,0.018202337
2012-06-11,0.018044678,0.018155409,0.017917935,0.018044678
2012-06-12,0.017913762,0.017982377,0.017834850,0.017966868
2012-06-13,0.017949132,0.018011527,0.017887488,0.017921789
2012-06-14,0.017953966,0.018018018,0.017896131,0.017960414
2012-06-15,0.017952355,0.018069133,0.017921789,0.017921789
2012-06-18,0.018073378,0.018075012,0.017847583,0.018054452
2012-06-19,0.017888127,0.017928215,0.017822135,0.017888127
2012-06-20,0.017904142,0.017937221,0.017778410,0.017873740
2012-06-21,0.017824359,0.017825313,0.017687220,0.017810075
2012-06-22,0.017762620,0.017792644,0.017442875,0.017762620
2012-06-25,0.017499344,0.017727353,0.017499344,0.017507616
2012-06-26,0.017541397,0.017590769,0.017487716,0.017541397
2012-06-27,0.017541397,0.017600056,0.017470911,0.017541397
2012-06-28,0.017579945,0.017636685,0.017497811,0.017590150
2012-06-29,0.017606253,0.018034264,0.017605634,0.017606253
2012-07-02,0.017995322,0.018066848,0.017889088,0.018017044
2012-07-03,0.018041423,0.018433180,0.018041423,0.018041423
2012-07-04,0.018415188,0.018460402,0.018231541,0.018396556
2012-07-05,0.018327437,0.018374585,0.018109379,0.018356033
2012-07-06,0.018202337,0.018202337,0.017973328,0.018202337
2012-07-09,0.018049564,0.018224895,0.017837076,0.018049564
2012-07-10,0.017907348,0.018073378,0.017880131,0.017907348
2012-07-11,0.018054452,0.018096272,0.017950099,0.018054452
2012-07-12,0.017979791,0.018034915,0.017873740,0.017979791
2012-07-13,0.017880131,0.018201675,0.017880131,0.017880131
2012-07-16,0.018132366,0.018256504,0.018059343,0.018136313
2012-07-17,0.018165965,0.018238856,0.018112661,0.018165965
2012-07-18,0.018163985,0.018197369,0.018005690,0.018149478
2012-07-19,0.018098565,0.018181818,0.018037518,0.018078933
2012-07-20,0.018142894,0.018167615,0.018075664,0.018142894
2012-07-23,0.018076645,0.018077299,0.017863523,0.018077299
2012-07-24,0.017868949,0.017889729,0.017784733,0.017868949
2012-07-25,0.017831668,0.017873101,0.017721698,0.017822770
2012-07-26,0.017856186,0.018051194,0.017806903,0.017806903
2012-07-27,0.018012175,0.018105118,0.017979791,0.018012175
2012-07-30,0.018100202,0.018115941,0.017982377,0.018100202
2012-07-31,0.018043051,0.018051194,0.017904142,0.018043051
2012-08-01,0.017970098,0.018044678,0.017937863,0.017970098
2012-08-02,0.018028414,0.018031014,0.017892288,0.018028414
2012-08-03,0.017908951,0.018050540,0.017795810,0.017908951
2012-08-06,0.017940437,0.018102823,0.017937863,0.017937863
2012-08-07,0.018027762,0.018214935,0.018012175,0.018012175
2012-08-08,0.018161016,0.018214935,0.018044678,0.018161016
2012-08-09,0.018119881,0.018168604,0.018044678,0.018044678
2012-08-10,0.018105118,0.018145528,0.018027762,0.018093653
2012-08-13,0.018092997,0.018129079,0.018028414,0.018090380
2012-08-14,0.018070765,0.018070765,0.017930787,0.018070765
2012-08-15,0.017970098,0.018010555,0.017966224,0.017970098
2012-08-16,0.017970098,0.017985612,0.017851405,0.017970098
2012-08-17,0.017979791,0.017995322,0.017930787,0.017979791
2012-08-20,0.018010555,0.018018667,0.017944301,0.017944301
2012-08-21,0.017963642,0.018043051,0.017943658,0.018018667
2012-08-22,0.018029388,0.018077299,0.018000828,0.018062605
2012-08-23,0.018020291,0.018142236,0.018020291,0.018020291
2012-08-24,0.018123822,0.018123822,0.018005690,0.018096928
2012-08-27,0.018018018,0.018021265,0.017947521,0.018018667
2012-08-28,0.017980438,0.017980438,0.017895490,0.017957190
2012-08-29,0.017957835,0.017995322,0.017939473,0.017965255
2012-08-30,0.017978175,0.017995968,0.017941082,0.017978175
2012-08-31,0.017976560,0.018012175,0.017932395,0.017976560
2012-09-03,0.018011527,0.018050540,0.017989494,0.018012175
2012-09-04,0.018008932,0.018054452,0.017956546,0.018008932
2012-09-05,0.017970098,0.017970098,0.017857781,0.017970098
2012-09-06,0.017904142,0.017979791,0.017850768,0.017888127
2012-09-07,0.017966868,0.018093653,0.017966868,0.017966868
2012-09-10,0.018064236,0.018096272,0.018024513,0.018064236
2012-09-11,0.018038169,0.018100202,0.018005041,0.018038169
2012-09-12,0.018057713,0.018151127,0.018057713,0.018070765
2012-09-13,0.018124480,0.018124480,0.018025164,0.018113317
2012-09-14,0.018044678,0.018552875,0.018044028,0.018044678
2012-09-17,0.018416207,0.018627176,0.018416207,0.018416885
2012-09-18,0.018515775,0.018583905,0.018394187,0.018515775
2012-09-19,0.018512348,0.018552875,0.018512348,0.018512348
2012-09-20,0.018512348,0.018512348,0.018381339,0.018512348
2012-09-21,0.018416885,0.018747656,0.018416885,0.018430462
2012-09-24,0.018709073,0.018839488,0.018682858,0.018741332
2012-09-25,0.018702775,0.018814676,0.018650454,0.018702775
2012-09-26,0.018713275,0.018796992,0.018650454,0.018741332
2012-09-27,0.018678322,0.018877542,0.018676577,0.018688794
2012-09-28,0.018865077,0.019048344,0.018865077,0.018865077
2012-10-01,0.018922193,0.019120459,0.018867925,0.018922193
2012-10-02,0.019084698,0.019138755,0.019068321,0.019084698
2012-10-03,0.019084698,0.019183548,0.019035654,0.019084698
2012-10-04,0.019174352,0.019417476,0.019152317,0.019174352
2012-10-05,0.019340489,0.019454118,0.019220419,0.019328155
2012-10-08,0.019286403,0.019286403,0.018994074,0.019264853
2012-10-09,0.018997682,0.019142419,0.018932939,0.018997682
2012-10-10,0.018992269,0.019021170,0.018806538,0.018968854
2012-10-11,0.018866858,0.019019362,0.018814676,0.018852629
2012-10-12,0.018986862,0.019046532,0.018907165,0.018986862
2012-10-15,0.018938318,0.018993352,0.018818216,0.018938318
2012-10-16,0.018863298,0.018957347,0.018860808,0.018863298
2012-10-17,0.018945493,0.018985059,0.018873978,0.018915033
2012-10-18,0.018915033,0.018961661,0.018692287,0.018915033
2012-10-19,0.018723786,0.018760670,0.018521948,0.018723786
2012-10-22,0.018556319,0.018709073,0.018556319,0.018574242
2012-10-23,0.018702775,0.018744845,0.018574242,0.018702775
2012-10-24,0.018615734,0.018653931,0.018610537,0.018615734
2012-10-25,0.018610537,0.018702775,0.018579418,0.018610537
2012-10-26,0.018674834,0.018708024,0.018563207,0.018674834
2012-10-29,0.018578727,0.018674834,0.018491808,0.018674834
2012-10-30,0.018481554,0.018570792,0.018453591,0.018491808
2012-10-31,0.018508580,0.018597731,0.018450184,0.018532934
2012-11-01,0.018579418,0.018633077,0.018539805,0.018560452
2012-11-02,0.018626137,0.018656718,0.018573551,0.018638287
2012-11-05,0.018585633,0.018585633,0.018293910,0.018584598
2012-11-06,0.018347615,0.018396556,0.018251173,0.018319044
2012-11-07,0.018398248,0.018529499,0.018376272,0.018376272
2012-11-08,0.018450866,0.018481554,0.018295582,0.018450866
2012-11-09,0.018396556,0.018446442,0.018258171,0.018396556
2012-11-12,0.018319044,0.018319044,0.018147832,0.018319044
2012-11-13,0.018192403,0.018315019,0.018174218,0.018222239
2012-11-14,0.018222239,0.018247176,0.018200681,0.018222239
2012-11-15,0.018247176,0.018298931,0.018160356,0.018247176
2012-11-16,0.018282203,0.018308982,0.018121524,0.018282203
2012-11-19,0.018129079,0.018231541,0.018129079,0.018129736
2012-11-20,0.018165965,0.018248176,0.018139603,0.018162666
2012-11-21,0.018149478,0.018181818,0.018064236,0.018149478
2012-11-22,0.018198362,0.018198362,0.018085472,0.018146185
2012-11-23,0.018113317,0.018118240,0.017985612,0.018113317
2012-11-26,0.018014772,0.018066848,0.017898694,0.018036542
2012-11-27,0.017973972,0.018067500,0.017930787,0.017973972
2012-11-28,0.018034915,0.018063584,0.017950743,0.018034915
2012-11-29,0.017973328,0.018282203,0.017952355,0.017952355
2012-11-30,0.018235529,0.018442698,0.018234866,0.018235529
2012-12-03,0.018429782,0.018433180,0.018258836,0.018430462
2012-12-04,0.018297257,0.018331805,0.018198362,0.018258836
2012-12-05,0.018290564,0.018369522,0.018288223,0.018290564
2012-12-06,0.018335840,0.018510634,0.018325087,0.018335840
2012-12-07,0.018473020,0.018483263,0.018335167,0.018473020
2012-12-10,0.018403327,0.018426387,0.018326767,0.018403327
2012-12-11,0.018352665,0.018433860,0.018351991,0.018352665
2012-12-12,0.018449163,0.018467903,0.018406715,0.018430462
2012-12-13,0.018410103,0.018484289,0.018345932,0.018410103
2012-12-14,0.018359404,0.018428763,0.018292237,0.018362775
2012-12-17,0.018382352,0.018382352,0.018221574,0.018369522
2012-12-18,0.018232206,0.018307306,0.018168604,0.018232206
2012-12-19,0.018232206,0.018345932,0.018213941,0.018232206
2012-12-20,0.018332478,0.018357718,0.018216595,0.018332478
2012-12-21,0.018253837,0.018287219,0.018093653,0.018232206
2012-12-24,0.018157057,0.018199025,0.018114300,0.018162666
2012-12-25,0.018179175,0.018199025,0.018179175,0.018199025
2012-12-26,0.018179175,0.018281536,0.018158708,0.018179175
2012-12-27,0.018250506,0.018287219,0.018179175,0.018235529
2012-12-28,0.018230543,0.018264839,0.018194057,0.018201012
2012-12-31,0.018295582,0.018307306,0.018182479,0.018263839
2013-01-01,0.018184133,0.018292237,0.018184133,0.018184133
2013-01-02,0.018287888,0.018484289,0.018287888,0.018288892
2013-01-03,0.018399941,0.018467220,0.018318374,0.018399941
2013-01-04,0.018364461,0.018398248,0.018123165,0.018349297
2013-01-07,0.018160356,0.018221574,0.018072398,0.018221574
2013-01-08,0.018131381,0.018207308,0.018060973,0.018110037
2013-01-09,0.018200681,0.018281536,0.018159367,0.018185787
2013-01-10,0.018235529,0.018352665,0.018235529,0.018265506
2013-01-11,0.018347615,0.018398587,0.018238191,0.018329117
2013-01-14,0.018271515,0.018377962,0.018225560,0.018225560
2013-01-15,0.018347615,0.018403327,0.018288892,0.018350981
2013-01-16,0.018320052,0.018365473,0.018220579,0.018310659
2013-01-17,0.018285546,0.018447462,0.018257171,0.018285546
2013-01-18,0.018425368,0.018619200,0.018399941,0.018399941
2013-01-21,0.018608807,0.018642804,0.018535681,0.018608807
2013-01-22,0.018598422,0.018734310,0.018566655,0.018598422
2013-01-23,0.018620934,0.018674137,0.018562347,0.018584598
2013-01-24,0.018608807,0.018659154,0.018562173,0.018633077
2013-01-25,0.018619200,0.018674137,0.018563896,0.018629605
2013-01-28,0.018580453,0.018635856,0.018503785,0.018589780
2013-01-29,0.018569067,0.018678322,0.018535681,0.018550122
2013-01-30,0.018601883,0.018795934,0.018601883,0.018601883
2013-01-31,0.018760670,0.018843748,0.018737821,0.018760670
2013-02-01,0.018792400,0.018857252,0.018731855,0.018792400
2013-02-04,0.018810075,0.018900733,0.018758912,0.018810075
2013-02-05,0.018796992,0.018843748,0.018730801,0.018767711
2013-02-06,0.018820696,0.018909669,0.018783577,0.018820696
2013-02-07,0.018813614,0.018852629,0.018750116,0.018813614
2013-02-08,0.018790634,0.018813614,0.018636549,0.018790634
2013-02-11,0.018673090,0.018705575,0.018526066,0.018660894
2013-02-12,0.018586325,0.018593235,0.018491808,0.018532934
2013-02-13,0.018603614,0.018624401,0.018552875,0.018570792
2013-02-14,0.018574933,0.018638287,0.018532246,0.018581145
2013-02-15,0.018553564,0.018589780,0.018405020,0.018546682
2013-02-18,0.018410103,0.018471314,0.018376442,0.018410103
2013-02-19,0.018469607,0.018469607,0.018413493,0.018457675
2013-02-20,0.018462788,0.018512348,0.018452568,0.018462788
2013-02-21,0.018495228,0.018495228,0.018310659,0.018495228
2013-02-22,0.018359404,0.018464493,0.018335840,0.018359404
2013-02-25,0.018458700,0.018575966,0.018365473,0.018425368
2013-02-26,0.018565621,0.018586325,0.018446781,0.018565621
2013-02-27,0.018488389,0.018646976,0.018477459,0.018488389
2013-02-28,0.018567342,0.018654628,0.018347615,0.018567342
2013-03-01,0.018394865,0.018415188,0.018203994,0.018394865
2013-03-04,0.018218255,0.018248841,0.018138943,0.018215600
2013-03-05,0.018228881,0.018311664,0.018207308,0.018228881
2013-03-06,0.018233867,0.018309988,0.018208966,0.018208966
2013-03-07,0.018277191,0.018367834,0.018214935,0.018277191
2013-03-08,0.018326430,0.018427065,0.018326430,0.018329117
2013-03-11,0.018422993,0.018458700,0.018345259,0.018401634
2013-03-12,0.018376948,0.018493518,0.018376948,0.018379649
2013-03-13,0.018469950,0.018508920,0.018388100,0.018469950
2013-03-14,0.018398587,0.018461084,0.018345259,0.018394865
2013-03-15,0.018398248,0.018532246,0.018398248,0.018398248
2013-03-18,0.018518519,0.018518519,0.018402649,0.018510634
2013-03-19,0.018493518,0.018553564,0.018358730,0.018493518
2013-03-20,0.018367834,0.018430462,0.018335840,0.018393172
2013-03-21,0.018408408,0.018455973,0.018393172,0.018399265
2013-03-22,0.018374585,0.018430462,0.018373234,0.018423671
2013-03-25,0.018409425,0.018494545,0.018401634,0.018401634
2013-03-26,0.018420616,0.018466197,0.018361088,0.018461084
2013-03-27,0.018387424,0.018433180,0.018362775,0.018394865
2013-03-28,0.018386409,0.018427065,0.018366147,0.018386409
2013-03-29,0.018386409,0.018427065,0.018366147,0.018386409
2013-04-01,0.018422993,0.018450184,0.018422993,0.018423671
2013-04-02,0.018416207,0.018437259,0.018367834,0.018433180
2013-04-03,0.018394865,0.018426387,0.018347615,0.018374585
2013-04-04,0.018367834,0.018401634,0.018207308,0.018372895
2013-04-05,0.018220579,0.018264839,0.018220579,0.018220579
2013-04-08,0.018251505,0.018352665,0.018241517,0.018247176
2013-04-09,0.018311664,0.018382352,0.018298931,0.018329117
2013-04-10,0.018322401,0.018383030,0.018322401,0.018322401
2013-04-11,0.018385056,0.018416885,0.018344248,0.018344248
2013-04-12,0.018416885,0.018433180,0.018293910,0.018416885
2013-04-15,0.018341893,0.018383030,0.018251505,0.018344248
2013-04-16,0.018334158,0.018502072,0.018316695,0.018334158
2013-04-17,0.018520920,0.018593235,0.018447462,0.018467903
2013-04-18,0.018447462,0.018548403,0.018435558,0.018447462
2013-04-19,0.018572517,0.018572517,0.018510634,0.018510634
2013-04-22,0.018528812,0.018541524,0.018440658,0.018541524
2013-04-23,0.018471314,0.018490098,0.018378975,0.018471314
2013-04-24,0.018389791,0.018477459,0.018389791,0.018389791
2013-04-25,0.018425368,0.018491123,0.018425368,0.018425368
2013-04-26,0.018444059,0.018501388,0.018369522,0.018444059
2013-04-29,0.018402649,0.018467220,0.018389113,0.018391481
2013-04-30,0.018449504,0.018629605,0.018433180,0.018440658
2013-05-01,0.018605344,0.018656718,0.018588051,0.018588051
2013-05-02,0.018636549,0.018646279,0.018535681,0.018636549
2013-05-03,0.018581145,0.018600153,0.018505497,0.018584598
2013-05-06,0.018542554,0.018601190,0.018438278,0.018594274
2013-05-07,0.018475069,0.018505497,0.018397572,0.018459380
2013-05-08,0.018507551,0.018535681,0.018449163,0.018474728
2013-05-09,0.018492151,0.018510977,0.018399941,0.018464493
2013-05-10,0.018433860,0.018433860,0.018248176,0.018433860
2013-05-13,0.018247176,0.018281536,0.018176861,0.018247176
2013-05-14,0.018238856,0.018335840,0.018238856,0.018238856
2013-05-15,0.018248841,0.018298931,0.018218255,0.018248841
2013-05-16,0.018255504,0.018298261,0.018221574,0.018255504
2013-05-17,0.018255504,0.018298261,0.018181818,0.018255504
2013-05-20,0.018221574,0.018231541,0.018137958,0.018218918
2013-05-21,0.018148821,0.018199025,0.018025164,0.018146185
2013-05-22,0.018048260,0.018083183,0.017974943,0.018047934
2013-05-23,0.017968483,0.018005690,0.017860333,0.017968483
2013-05-24,0.017950743,0.018036542,0.017923396,0.017950743
2013-05-27,0.017975911,0.018012175,0.017916974,0.017916974
2013-05-28,0.017996941,0.017996941,0.017832305,0.017996941
2013-05-29,0.017822770,0.017869907,0.017748434,0.017822770
2013-05-30,0.017792644,0.017843442,0.017737417,0.017762620
2013-05-31,0.017767355,0.017767355,0.017621767,0.017737417
2013-06-03,0.017699115,0.017726412,0.017600056,0.017676275
2013-06-04,0.017651316,0.017727982,0.017629689,0.017646644
2013-06-05,0.017702876,0.017759467,0.017590769,0.017718559
2013-06-06,0.017629534,0.017641975,0.017545708,0.017629534
2013-06-07,0.017621767,0.017640417,0.017510680,0.017593862
2013-06-10,0.017621767,0.017640417,0.017196905,0.017593862
2013-06-11,0.017621767,0.017640417,0.016955474,0.017593862
2013-06-12,0.017621767,0.017640417,0.016955474,0.017593862
2013-06-13,0.017292662,0.017307026,0.017080879,0.017292662
2013-06-14,0.017241973,0.017421603,0.017241973,0.017241973
2013-06-17,0.017391909,0.017391909,0.017237516,0.017391909
2013-06-18,0.017210815,0.017240489,0.016984273,0.017210815
2013-06-19,0.016995819,0.017059606,0.016980812,0.016995819
2013-06-20,0.017032003,0.017032003,0.016678341,0.017032003
2013-06-21,0.016787536,0.016906742,0.016735561,0.016787536
2013-06-24,0.016872510,0.016872510,0.016719611,0.016872510
2013-06-25,0.016720172,0.016825670,0.016720172,0.016720172
2013-06-26,0.016762212,0.016777679,0.016461447,0.016762212
2013-06-27,0.016470937,0.016633954,0.016470937,0.016470937
2013-06-28,0.016614608,0.016889039,0.016614608,0.016614608
2013-07-01,0.016799381,0.016960939,0.016779650,0.016799381
2013-07-02,0.016841255,0.016895317,0.016749015,0.016841255
2013-07-03,0.016793175,0.016793175,0.016545609,0.016793175
2013-07-04,0.016606053,0.016693655,0.016559856,0.016606053
2013-07-05,0.016618198,0.016663890,0.016290626,0.016618198
2013-07-08,0.016604953,0.016604953,0.016339868,0.016604953
2013-07-09,0.016477723,0.016721569,0.016477723,0.016477723
2013-07-10,0.016640319,0.016761649,0.016611019,0.016640319
2013-07-11,0.016697835,0.016838418,0.016679732,0.016697835
2013-07-12,0.016714862,0.016792612,0.016611570,0.016714862
2013-07-15,0.016775709,0.016775709,0.016589113,0.016698951
2013-07-16,0.016931932,0.017076502,0.016643919,0.016720172
2013-07-17,0.016865397,0.016966406,0.016709611,0.016865397
2013-07-18,0.016866250,0.016879631,0.016719611,0.016856868
2013-07-19,0.016739203,0.016860563,0.016691703,0.016739763
2013-07-22,0.016854027,0.016863406,0.016744809,0.016854027
2013-07-23,0.016745370,0.016863406,0.016708437,0.016745370
2013-07-24,0.016764458,0.016975047,0.016734160,0.016734160
2013-07-25,0.016912747,0.017029973,0.016845509,0.016912747
2013-07-26,0.016961226,0.017050298,0.016889039,0.016961226
2013-07-29,0.016931932,0.016937669,0.016728003,0.016931932
2013-07-30,0.016831616,0.016920473,0.016385384,0.016831616
2013-07-31,0.016445205,0.016565068,0.016334530,0.016445205
2013-08-01,0.016493484,0.016611295,0.016421709,0.016493484
2013-08-02,0.016547251,0.016547251,0.016359115,0.016547251
2013-08-05,0.016406890,0.016469581,0.016367149,0.016367149
2013-08-06,0.016426565,0.016460905,0.016178874,0.016426565
2013-08-07,0.016451968,0.016451968,0.016277896,0.016451968
2013-08-08,0.016339069,0.016473651,0.016291156,0.016339069
2013-08-09,0.016467953,0.016583748,0.016467953,0.016467953
2013-08-12,0.016570009,0.016570009,0.016313214,0.016482066
2013-08-13,0.016294606,0.016423058,0.016221916,0.016294606
2013-08-14,0.016341738,0.016355101,0.016239038,0.016273392
2013-08-15,0.016315876,0.016339868,0.016239038,0.016315876
2013-08-16,0.016323866,0.016323866,0.016069420,0.016323866
2013-08-19,0.016002560,0.016069420,0.015664160,0.016002560
2013-08-20,0.015661707,0.015865462,0.015602327,0.015661707
2013-08-21,0.015782828,0.015845852,0.015408320,0.015782828
2013-08-22,0.015458339,0.015598677,0.015254832,0.015458339
2013-08-23,0.015525538,0.015823284,0.015451174,0.015525538
2013-08-26,0.015607929,0.015703518,0.015451174,0.015607929
2013-08-27,0.015553793,0.015581178,0.014832394,0.015553793
2013-08-28,0.015082274,0.015082274,0.014448780,0.014956626
2013-08-29,0.014847810,0.015035332,0.014684288,0.014847810
2013-08-30,0.014838997,0.015214217,0.014825798,0.014838997
2013-09-02,0.015017271,0.015224640,0.015017271,0.015017271
2013-09-03,0.015035332,0.015151974,0.014613474,0.015035332
2013-09-04,0.014575135,0.015117157,0.014575135,0.014575135
2013-09-05,0.015089785,0.015278840,0.015035332,0.015089785
2013-09-06,0.015149678,0.015566626,0.015084549,0.015149678
2013-09-09,0.015328490,0.015506281,0.015328490,0.015328490
2013-09-10,0.015610366,0.015750511,0.015511571,0.015610366
2013-09-11,0.015718328,0.015862944,0.015554518,0.015718328
2013-09-12,0.015832806,0.015893199,0.015632328,0.015832806
2013-09-13,0.015718328,0.015822785,0.015586521,0.015718328
2013-09-16,0.015800284,0.016038492,0.015800284,0.015800284
2013-09-17,0.015800284,0.015885623,0.015717587,0.015800284
2013-09-18,0.015827794,0.015878057,0.015743073,0.015827794
2013-09-19,0.015728217,0.016233766,0.015728217,0.015728217
2013-09-20,0.016079756,0.016165534,0.015895724,0.016079756
2013-09-23,0.015943877,0.016069420,0.015888147,0.015943877
2013-09-24,0.015954053,0.016116036,0.015875535,0.015954053
2013-09-25,0.015943877,0.016165534,0.015907101,0.015943877
2013-09-26,0.016017940,0.016223231,0.016017940,0.016017940
2013-09-27,0.016199579,0.016204828,0.015825288,0.016199579
2013-09-30,0.015895724,0.016000001,0.015876796,0.015895724
2013-10-01,0.015979545,0.016105654,0.015954053,0.015979545
2013-10-02,0.015971890,0.016105654,0.015760440,0.015971890
2013-10-03,0.016110843,0.016697278,0.016021019,0.016110843
2013-10-04,0.016139446,0.016414970,0.016139446,0.016139446
2013-10-07,0.016291952,0.016291952,0.016144656,0.016291952
2013-10-09,0.016121233,0.016220599,0.016060388,0.016121233
2013-10-10,0.016178612,0.016363934,0.016051365,0.016178612
2013-10-11,0.016231131,0.016666668,0.016231131,0.016231131
2013-10-14,0.016396130,0.016396130,0.016249593,0.016396130
2013-10-15,0.016291952,0.016326530,0.016149871,0.016291952
2013-10-16,0.016173378,0.016299918,0.016173378,0.016173378
2013-10-17,0.016273392,0.016388070,0.016210083,0.016273392
2013-10-18,0.016366612,0.016666668,0.016204828,0.016366612
2013-10-21,0.016329195,0.016401509,0.016239829,0.016329195
2013-10-22,0.016496206,0.016496206,0.016178612,0.016496206
2013-10-23,0.016342539,0.016469037,0.016208770,0.016342539
2013-10-24,0.016254876,0.016313214,0.016213236,0.016254876
2013-10-25,0.016264658,0.016305234,0.016189089,0.016273392
2013-10-28,0.016276043,0.016283993,0.016234556,0.016276043
2013-10-29,0.016257519,0.016342539,0.016204828,0.016257519
2013-10-30,0.016273392,0.016374651,0.016242996,0.016273392
2013-10-31,0.016307892,0.016385384,0.016227707,0.016307892
2013-11-01,0.016072003,0.016207980,0.016030779,0.016072003
2013-11-04,0.016077170,0.016196167,0.016077170,0.016077170
2013-11-05,0.016134238,0.016278692,0.016072003,0.016134238
2013-11-06,0.016087515,0.016181231,0.015990278,0.016087515
2013-11-07,0.016007684,0.016030008,0.015867978,0.016007684
2013-11-08,0.015910899,0.016028211,0.015701052,0.015910899
2013-11-11,0.015787812,0.015883101,0.015735641,0.015787812
2013-11-12,0.015752994,0.015890673,0.015644556,0.015752994
2013-11-13,0.015634771,0.015862944,0.015634771,0.015634771
2013-11-14,0.015780337,0.015931178,0.015780337,0.015780337
2013-11-15,0.015862944,0.015938794,0.015809027,0.015862944
2013-11-18,0.015946420,0.016100466,0.015845349,0.015946420
2013-11-19,0.016077170,0.016268099,0.016033350,0.016077170
2013-11-20,0.016100466,0.016210083,0.015962202,0.016100466
2013-11-21,0.015933717,0.016005121,0.015861938,0.015933717
2013-11-22,0.015875535,0.015941337,0.015842840,0.015875535
2013-11-25,0.016066838,0.016147263,0.015905838,0.016066838
2013-11-26,0.016084928,0.016084928,0.015961437,0.015999233
2013-11-27,0.016010247,0.016093211,0.015999233,0.016010247
2013-11-28,0.016091917,0.016091917,0.015989766,0.015989766
2013-11-29,0.016053941,0.016165534,0.015968701,0.016022304
2013-12-02,0.016010247,0.016173378,0.016010247,0.016010247
2013-12-03,0.016046727,0.016082341,0.016015375,0.016046727
2013-12-04,0.016030779,0.016196955,0.015987210,0.016035149
2013-12-05,0.016207455,0.016254876,0.016115256,0.016207455
2013-12-06,0.016239038,0.016380016,0.016181231,0.016239038
2013-12-09,0.016353229,0.016466327,0.016279221,0.016353229
2013-12-10,0.016428454,0.016428454,0.016286645,0.016428454
2013-12-11,0.016398819,0.016404200,0.016265452,0.016398819
2013-12-12,0.016236402,0.016327063,0.016082341,0.016236402
2013-12-13,0.016087515,0.016177827,0.016048787,0.016087515
2013-12-16,0.016080273,0.016233766,0.016075231,0.016080273
2013-12-17,0.016210608,0.016210608,0.016113438,0.016186468
2013-12-18,0.016204828,0.016204828,0.016080530,0.016204828
2013-12-19,0.016121233,0.016128253,0.015961692,0.016121233
2013-12-20,0.016010247,0.016147263,0.016000001,0.016010247
2013-12-23,0.016130853,0.016194332,0.016110843,0.016123831
2013-12-24,0.016170762,0.016204303,0.016139966,0.016170762
2013-12-25,0.016183848,0.016194856,0.016181231,0.016194856
2013-12-26,0.016183848,0.016236402,0.016100466,0.016183848
2013-12-27,0.016157700,0.016241677,0.016091399,0.016157700
2013-12-30,0.016215339,0.016215339,0.016089069,0.016215339
2013-12-31,0.016186468,0.016236402,0.016144134,0.016186468
2014-01-01,0.016170762,0.016180445,0.016136840,0.016180445
2014-01-02,0.016170762,0.016196955,0.016024102,0.016170762
2014-01-03,0.016113438,0.016113438,0.015982101,0.016113438
2014-01-06,0.016069420,0.016144656,0.016012810,0.016069420
2014-01-07,0.016048787,0.016144656,0.016012810,0.016048787
2014-01-08,0.016108247,0.016181231,0.016051879,0.016108247
2014-01-09,0.016097875,0.016144656,0.016068645,0.016097875
2014-01-10,0.016186468,0.016307892,0.016106172,0.016186468
2014-01-13,0.016276043,0.016353229,0.016155088,0.016276043
2014-01-14,0.016268099,0.016302576,0.016233766,0.016268099
2014-01-15,0.016268099,0.016281342,0.016206142,0.016268099
2014-01-16,0.016249593,0.016355904,0.016212711,0.016249593
2014-01-17,0.016281342,0.016321201,0.016236402,0.016281342
2014-01-20,0.016246954,0.016257519,0.016215339,0.016246954
2014-01-21,0.016249593,0.016299918,0.016108247,0.016229024
2014-01-22,0.016136840,0.016192235,0.016129032,0.016136840
2014-01-23,0.016162923,0.016189089,0.016116036,0.016162923
2014-01-24,0.016095284,0.016148567,0.015933717,0.016095284
2014-01-27,0.015941337,0.015961692,0.015787812,0.015941337
2014-01-28,0.015777847,0.016000001,0.015777847,0.015777847
2014-01-29,0.016030779,0.016110843,0.015870497,0.016030779
2014-01-30,0.015915964,0.016046213,0.015870497,0.016008196
2014-01-31,0.016048787,0.016048787,0.015928639,0.016048787
2014-02-03,0.016000001,0.016066838,0.015910899,0.016000001
2014-02-04,0.015905838,0.016053941,0.015905838,0.015905838
2014-02-05,0.016095284,0.016095284,0.015973676,0.016095284
2014-02-06,0.016069420,0.016092693,0.015976228,0.016069420
2014-02-07,0.016069420,0.016183848,0.016023073,0.016069420
2014-02-10,0.016105654,0.016170762,0.016001919,0.016105654
2014-02-11,0.016048787,0.016123831,0.016012810,0.016013322
2014-02-12,0.016121233,0.016220599,0.016072519,0.016121233
2014-02-13,0.016212711,0.016212711,0.016013322,0.016212711
2014-02-14,0.016090104,0.016212711,0.016020507,0.016090104
2014-02-17,0.016173378,0.016207455,0.016112790,0.016173378
2014-02-18,0.016183848,0.016183848,0.016051365,0.016183848
2014-02-19,0.016074587,0.016126432,0.016059097,0.016074587
2014-02-20,0.016061677,0.016147263,0.016015375,0.016061677
2014-02-21,0.016095284,0.016144656,0.016068645,0.016095284
2014-02-24,0.016126432,0.016173378,0.016087515,0.016126432
2014-02-25,0.016111361,0.016196955,0.016111361,0.016111361
2014-02-26,0.016134758,0.016212711,0.016077170,0.016134758
2014-02-27,0.016090104,0.016134758,0.016074587,0.016090104
2014-02-28,0.016123831,0.016225863,0.016087515,0.016123831
2014-03-03,0.016175995,0.016215339,0.016100466,0.016175995
2014-03-04,0.016084928,0.016212711,0.016084928,0.016084928
2014-03-05,0.016233766,0.016315876,0.016154306,0.016233766
2014-03-06,0.016207455,0.016425755,0.016194856,0.016194856
2014-03-07,0.016447369,0.016455488,0.016337199,0.016447369
2014-03-10,0.016331863,0.016451428,0.016281342,0.016331863
2014-03-11,0.016444663,0.016520733,0.016385384,0.016444663
2014-03-12,0.016382700,0.016433854,0.016305234,0.016382700
2014-03-13,0.016455488,0.016455488,0.016334530,0.016455488
2014-03-14,0.016270746,0.016393442,0.016239038,0.016270746
2014-03-17,0.016398819,0.016431153,0.016340403,0.016398819
2014-03-18,0.016382700,0.016433854,0.016326530,0.016382700
2014-03-19,0.016463615,0.016463615,0.016350556,0.016364468
2014-03-20,0.016353229,0.016406890,0.016297262,0.016406890
2014-03-21,0.016363934,0.016460905,0.016304437,0.016304437
2014-03-24,0.016388070,0.016537126,0.016388070,0.016388070
2014-03-25,0.016504373,0.016647246,0.016454676,0.016504373
2014-03-26,0.016605778,0.016702857,0.016534938,0.016605778
2014-03-27,0.016622340,0.016658338,0.016567264,0.016622340
2014-03-28,0.016619578,0.016767271,0.016580997,0.016600817
2014-03-31,0.016699230,0.016767271,0.016641704,0.016711229
2014-04-01,0.016664445,0.016761649,0.016652789,0.016669445
2014-04-02,0.016664445,0.016780496,0.016664445,0.016728003
2014-04-03,0.016695049,0.016761649,0.016550811,0.016695049
2014-04-04,0.016559033,0.016758841,0.016559033,0.016559033
2014-04-07,0.016758841,0.016758841,0.016600264,0.016758841
2014-04-08,0.016636720,0.016683351,0.016625103,0.016633401
2014-04-09,0.016643643,0.016715979,0.016611295,0.016641704
2014-04-10,0.016628422,0.016677786,0.016572755,0.016677786
2014-04-11,0.016647799,0.016650015,0.016561775,0.016583748
2014-04-14,0.016618749,0.016627869,0.016507098,0.016572755
2014-04-15,0.016572755,0.016641704,0.016559033,0.016572755
2014-04-16,0.016603572,0.016627869,0.016550811,0.016583748
2014-04-17,0.016565068,0.016611295,0.016530566,0.016597511
2014-04-18,0.016587049,0.016625103,0.016586497,0.016586497
2014-04-21,0.016587049,0.016625103,0.016501650,0.016625103
2014-04-22,0.016534392,0.016587049,0.016425755,0.016534392
2014-04-23,0.016425755,0.016458739,0.016345210,0.016458739
2014-04-24,0.016369827,0.016392637,0.016339868,0.016390756
2014-04-25,0.016365808,0.016526194,0.016347883,0.016361257
2014-04-28,0.016491309,0.016559033,0.016466327,0.016491309
2014-04-29,0.016489949,0.016625103,0.016489949,0.016489949
2014-04-30,0.016551359,0.016625103,0.016551359,0.016551359
2014-05-01,0.016633401,0.016655562,0.016573302,0.016633401
2014-05-02,0.016593929,0.016694490,0.016586497,0.016627869
2014-05-05,0.016617369,0.016677786,0.016601918,0.016661113
2014-05-06,0.016636167,0.016725205,0.016602194,0.016636167
2014-05-07,0.016672781,0.016711229,0.016628422,0.016672781
2014-05-08,0.016661668,0.016716817,0.016646413,0.016697278
2014-05-09,0.016696442,0.016728003,0.016638935,0.016686134
2014-05-12,0.016678341,0.016926201,0.016638104,0.016708437
2014-05-13,0.016829351,0.016846361,0.016688082,0.016829351
2014-05-14,0.016860563,0.016860563,0.016803900,0.016860563
2014-05-15,0.016812939,0.016918182,0.016781339,0.016835017
2014-05-16,0.016854879,0.017088175,0.016848348,0.016854879
2014-05-19,0.017071256,0.017143836,0.017068341,0.017076502
2014-05-20,0.017132675,0.017132675,0.017006803,0.017132675
2014-05-21,0.017069798,0.017091095,0.016991487,0.017069798
2014-05-22,0.017039258,0.017190993,0.017039258,0.017039258
2014-05-23,0.017159134,0.017170329,0.017079420,0.017159134
2014-05-26,0.017088758,0.017135024,0.016978506,0.017117426
2014-05-27,0.017049426,0.017117426,0.016923910,0.017050298
2014-05-28,0.016938243,0.017024174,0.016890751,0.016938243
2014-05-29,0.016966982,0.017053206,0.016932508,0.016998129
2014-05-30,0.016974183,0.016983695,0.016891891,0.016977929
2014-06-02,0.016895317,0.016937669,0.016857721,0.016895317
2014-06-03,0.016928207,0.016943408,0.016826518,0.016903313
2014-06-04,0.016863406,0.016911888,0.016822981,0.016863406
2014-06-05,0.016871089,0.016937669,0.016849199,0.016874790
2014-06-06,0.016913891,0.017015483,0.016886186,0.016902456
2014-06-09,0.016901027,0.016998129,0.016890464,0.016901027
2014-06-10,0.016913891,0.016920473,0.016854879,0.016892463
2014-06-11,0.016889609,0.016914750,0.016849767,0.016914750
2014-06-12,0.016854027,0.016923336,0.016846361,0.016854027
2014-06-13,0.016866820,0.016880486,0.016714023,0.016866820
2014-06-16,0.016749578,0.016767271,0.016597511,0.016749578
2014-06-17,0.016641704,0.016661668,0.016534392,0.016641704
2014-06-18,0.016577424,0.016655562,0.016520733,0.016577424
2014-06-19,0.016585674,0.016823689,0.016559033,0.016719611
2014-06-20,0.016622340,0.016647246,0.016576052,0.016622340
2014-06-23,0.016644474,0.016666668,0.016588425,0.016620131
2014-06-24,0.016624276,0.016658338,0.016608536,0.016624276
2014-06-25,0.016614055,0.016680567,0.016553551,0.016614055
2014-06-26,0.016645029,0.016680567,0.016586497,0.016680567
2014-06-27,0.016610468,0.016750418,0.016610468,0.016644474
2014-06-30,0.016656118,0.016705647,0.016596684,0.016656118
2014-07-01,0.016651956,0.016691703,0.016616816,0.016675005
2014-07-02,0.016658893,0.016829351,0.016645029,0.016658893
2014-07-03,0.016754627,0.016880486,0.016711788,0.016823689
2014-07-04,0.016741164,0.016786974,0.016718773,0.016775709
2014-07-07,0.016745370,0.016770082,0.016656118,0.016745370
2014-07-08,0.016699230,0.016756594,0.016672781,0.016681124
2014-07-09,0.016736962,0.016760524,0.016686691,0.016736962
2014-07-10,0.016755190,0.016784720,0.016609088,0.016734160
2014-07-11,0.016614608,0.016689476,0.016584298,0.016614608
2014-07-14,0.016642258,0.016691703,0.016615435,0.016642258
2014-07-15,0.016650015,0.016666668,0.016604953,0.016650015
2014-07-16,0.016633954,0.016655562,0.016597511,0.016619578
2014-07-17,0.016633954,0.016675005,0.016572755,0.016644474
2014-07-18,0.016501650,0.016617369,0.016496206,0.016501650
2014-07-21,0.016589800,0.016661113,0.016571932,0.016589800
2014-07-22,0.016597511,0.016652789,0.016583748,0.016597511
2014-07-23,0.016639490,0.016702857,0.016614055,0.016639490
2014-07-24,0.016663056,0.016739203,0.016622894,0.016705647
2014-07-25,0.016633954,0.016672224,0.016614055,0.016650015
2014-07-28,0.016652789,0.016691703,0.016622894,0.016651956
2014-07-29,0.016643643,0.016655562,0.016592003,0.016652789
2014-07-30,0.016655562,0.016661113,0.016561775,0.016655562
2014-07-31,0.016650571,0.016650571,0.016425755,0.016597511
2014-08-01,0.016515821,0.016526194,0.016278692,0.016455488
2014-08-04,0.016337734,0.016441960,0.016337199,0.016337734
2014-08-05,0.016420361,0.016482612,0.016371971,0.016420361
2014-08-06,0.016435744,0.016435744,0.016241677,0.016435744
2014-08-07,0.016262013,0.016342539,0.016249593,0.016342539
2014-08-08,0.016329730,0.016371971,0.016202204,0.016329730
2014-08-11,0.016356440,0.016398819,0.016321201,0.016356440
2014-08-12,0.016348418,0.016375188,0.016305234,0.016361257
2014-08-13,0.016372507,0.016401509,0.016315876,0.016334530
2014-08-14,0.016388070,0.016463615,0.016363131,0.016388070
2014-08-15,0.016490765,0.016490765,0.016404200,0.016490765
2014-08-18,0.016404200,0.016466327,0.016404200,0.016454676
2014-08-19,0.016441960,0.016515277,0.016441960,0.016441960
2014-08-20,0.016483154,0.016553551,0.016420361,0.016463615
2014-08-21,0.016499471,0.016528925,0.016444663,0.016499471
2014-08-22,0.016483154,0.016589250,0.016483154,0.016545335
2014-08-25,0.016539041,0.016567264,0.016510367,0.016539041
2014-08-26,0.016511731,0.016570009,0.016511731,0.016526194
2014-08-27,0.016548619,0.016586497,0.016528107,0.016548619
2014-08-28,0.016543144,0.016589250,0.016477179,0.016543144
2014-08-29,0.016530838,0.016580997,0.016498927,0.016498927
2014-09-01,0.016525375,0.016551359,0.016518004,0.016525375
2014-09-02,0.016522644,0.016556291,0.016474465,0.016522644
2014-09-03,0.016480437,0.016576052,0.016480437,0.016480437
2014-09-04,0.016559033,0.016636167,0.016533570,0.016559033
2014-09-05,0.016569184,0.016622340,0.016529473,0.016564518
2014-09-08,0.016611295,0.016647246,0.016559580,0.016559580
2014-09-09,0.016592553,0.016592553,0.016431153,0.016561775
2014-09-10,0.016502194,0.016502194,0.016380016,0.016450074
2014-09-11,0.016414162,0.016469581,0.016409583,0.016447369
2014-09-12,0.016414162,0.016488589,0.016391292,0.016444663
2014-09-15,0.016488589,0.016488589,0.016350556,0.016488589
2014-09-16,0.016401509,0.016436554,0.016351091,0.016401509
2014-09-17,0.016379211,0.016482612,0.016379211,0.016379211
2014-09-18,0.016418204,0.016474465,0.016339868,0.016418204
2014-09-19,0.016477179,0.016501650,0.016423598,0.016477179
2014-09-22,0.016441960,0.016471751,0.016398819,0.016433043
2014-09-23,0.016410122,0.016504373,0.016380552,0.016393442
2014-09-24,0.016380552,0.016436554,0.016380552,0.016398819
2014-09-25,0.016444663,0.016444663,0.016270746,0.016444663
2014-09-26,0.016262807,0.016389949,0.016233766,0.016262807
2014-09-29,0.016291952,0.016356440,0.016228497,0.016356440
2014-09-30,0.016246162,0.016262807,0.016126432,0.016246162
2014-10-01,0.016175995,0.016241677,0.016129032,0.016175995
2014-10-02,0.016204040,0.016307892,0.016199579,0.016204040
2014-10-03,0.016250122,0.016297262,0.016181231,0.016276043
2014-10-06,0.016250122,0.016305234,0.016204828,0.016250122
2014-10-07,0.016337199,0.016345210,0.016250122,0.016337199
2014-10-08,0.016313747,0.016321201,0.016249593,0.016321201
2014-10-09,0.016425755,0.016452780,0.016299121,0.016425755
2014-10-10,0.016380552,0.016398819,0.016300449,0.016388070
2014-10-13,0.016319070,0.016463615,0.016318537,0.016319070
2014-10-14,0.016392637,0.016423058,0.016268099,0.016392637
2014-10-15,0.016288502,0.016355904,0.016268099,0.016288502
2014-10-16,0.016293809,0.016293809,0.016142050,0.016293809
2014-10-17,0.016201416,0.016388070,0.016197480,0.016201416
2014-10-20,0.016297793,0.016390756,0.016297793,0.016297793
2014-10-21,0.016332397,0.016393442,0.016297793,0.016332397
2014-10-22,0.016355101,0.016393442,0.016316408,0.016355101
2014-10-23,0.016341738,0.016369291,0.016315876,0.016366612
2014-10-24,0.016349755,0.016363934,0.016331863,0.016358580
2014-10-27,0.016349755,0.016380016,0.016298590,0.016349755
2014-10-28,0.016328396,0.016355904,0.016285319,0.016313747
2014-10-29,0.016353229,0.016358580,0.016299918,0.016344944
2014-10-30,0.016317738,0.016317738,0.016249593,0.016317738
2014-10-31,0.016277896,0.016321201,0.016231658,0.016277896
2014-11-03,0.016287176,0.016323866,0.016260162,0.016287176
2014-11-04,0.016299121,0.016323866,0.016283197,0.016283197
2014-11-05,0.016316408,0.016321201,0.016246954,0.016316408
2014-11-06,0.016279221,0.016347883,0.016259370,0.016294606
2014-11-07,0.016257519,0.016315876,0.016196955,0.016262013
2014-11-10,0.016286645,0.016307892,0.016241677,0.016256725
2014-11-11,0.016252235,0.016265981,0.016223231,0.016252235
2014-11-12,0.016262807,0.016297262,0.016246162,0.016262807
2014-11-13,0.016289297,0.016310552,0.016237721,0.016295137
2014-11-14,0.016249593,0.016262807,0.016167365,0.016235612
2014-11-17,0.016205354,0.016283993,0.016173378,0.016205354
2014-11-18,0.016200103,0.016223231,0.016165534,0.016175209
2014-11-19,0.016202729,0.016202729,0.016116036,0.016202729
2014-11-20,0.016145177,0.016165534,0.016066838,0.016145177
2014-11-21,0.016162923,0.016273392,0.016149089,0.016149089
2014-11-24,0.016212711,0.016254876,0.016139966,0.016191710
2014-11-25,0.016167365,0.016189089,0.016121751,0.016167365
2014-11-26,0.016170762,0.016199579,0.016155088,0.016170762
2014-11-27,0.016200103,0.016217969,0.016153000,0.016184373
2014-11-28,0.016193546,0.016212711,0.016069420,0.016167365
2014-12-01,0.016076395,0.018281536,0.016069420,0.016076395
2014-12-02,0.016154306,0.016183848,0.016121233,0.016142571
2014-12-03,0.016184373,0.016315876,0.016142571,0.016184373
2014-12-04,0.016166581,0.016196955,0.016142050,0.016166581
2014-12-05,0.016228497,0.016294606,0.016134238,0.016185682
2014-12-08,0.016152218,0.016186468,0.016131634,0.016152218
2014-12-09,0.016176518,0.016186468,0.016142050,0.016176518
2014-12-10,0.016181754,0.016190924,0.016097875,0.016162138
2014-12-11,0.016128253,0.016128253,0.015992325,0.016128253
2014-12-12,0.016076395,0.016076395,0.015976993,0.016006915
2014-12-15,0.015995393,0.016059097,0.015797788,0.015995393
2014-12-16,0.015897494,0.015922805,0.015637217,0.015830800
2014-12-17,0.015741091,0.015785320,0.015654843,0.015710179
2014-12-18,0.015815279,0.015923567,0.015743569,0.015743569
2014-12-19,0.015875535,0.015883101,0.015790803,0.015877299
2014-12-22,0.015813276,0.015888147,0.015797788,0.015812777
2014-12-23,0.015817029,0.015835313,0.015752994,0.015817029
2014-12-24,0.015790304,0.015820282,0.015733661,0.015764665
2014-12-25,0.015772870,0.015772870,0.015772870,0.015772870
2014-12-26,0.015765410,0.015810277,0.015710918,0.015744807
2014-12-29,0.015744807,0.015744807,0.015696615,0.015725743
2014-12-30,0.015707711,0.015812777,0.015679387,0.015707711
2014-12-31,0.015778346,0.015903307,0.015777847,0.015778346
2015-01-01,0.015865965,0.015865965,0.015850373,0.015865965
2015-01-02,0.015850373,0.015898250,0.015757957,0.015865965
2015-01-05,0.015803281,0.015830299,0.015752994,0.015803281
2015-01-06,0.015788309,0.015810277,0.015718821,0.015788309
2015-01-07,0.015755475,0.015835313,0.015728217,0.015731186
2015-01-08,0.015804529,0.016233766,0.015804529,0.015804529
2015-01-09,0.015957108,0.016129032,0.015957108,0.015957108
2015-01-12,0.016039006,0.016147263,0.016039006,0.016039006
2015-01-13,0.016111361,0.016149871,0.016085446,0.016111361
2015-01-14,0.016136060,0.016162923,0.016069936,0.016136060
2015-01-15,0.016087515,0.016283993,0.016084928,0.016106172
2015-01-16,0.016113957,0.016236402,0.016082341,0.016113957
2015-01-19,0.016164752,0.016257519,0.016164752,0.016164752
2015-01-20,0.016217969,0.016231131,0.016158221,0.016223758
2015-01-21,0.016228497,0.016283993,0.016204828,0.016221127
2015-01-22,0.016254876,0.016305234,0.016189089,0.016246162
2015-01-23,0.016252235,0.016331863,0.016234294,0.016234294
2015-01-26,0.016310552,0.016310552,0.016244315,0.016277896
2015-01-27,0.016267305,0.016321201,0.016264658,0.016267305
2015-01-28,0.016305234,0.016345210,0.016252235,0.016285850
2015-01-29,0.016374651,0.016374651,0.016154306,0.016299652
2015-01-30,0.016182540,0.016210083,0.016108247,0.016182277
2015-02-02,0.016125651,0.016236402,0.016118633,0.016125651
2015-02-03,0.016190398,0.016236402,0.016162923,0.016200103
2015-02-04,0.016229814,0.016249593,0.016155088,0.016230078
2015-02-05,0.016161878,0.016210083,0.016136840,0.016165534
2015-02-06,0.016183063,0.016239038,0.016139446,0.016198792
2015-02-09,0.016138664,0.016142050,0.016066838,0.016138664
2015-02-10,0.016105654,0.016147785,0.016033350,0.016095284
2015-02-11,0.016041065,0.016103059,0.015997441,0.016040551
2015-02-12,0.016035149,0.016100466,0.015992325,0.016030265
2015-02-13,0.016084410,0.016144656,0.016066838,0.016084928
2015-02-16,0.016111102,0.016134238,0.016059097,0.016111102
2015-02-17,0.016085446,0.016116036,0.016043639,0.016080789
2015-02-18,0.016091917,0.016108247,0.016033350,0.016099948
2015-02-19,0.016109286,0.016116036,0.016079756,0.016109804
2015-02-20,0.016086480,0.016092693,0.016051365,0.016086223
2015-02-23,0.016102800,0.016113438,0.016046727,0.016102800
2015-02-24,0.016085964,0.016121233,0.016037721,0.016084669
2015-02-25,0.016068645,0.016165534,0.016068645,0.016068645
2015-02-26,0.016144656,0.016231131,0.016126432,0.016161093
2015-02-27,0.016193807,0.016321201,0.016156916,0.016193282
2015-03-02,0.016220337,0.016225863,0.016130853,0.016220337
2015-03-03,0.016159527,0.016181754,0.016136840,0.016154828
2015-03-04,0.016177041,0.016219812,0.016023073,0.016177827
2015-03-05,0.016050333,0.016090622,0.016036434,0.016050076
2015-03-06,0.016023586,0.016077170,0.015926102,0.016014606
2015-03-09,0.016012041,0.016012041,0.015923567,0.016012041
2015-03-10,0.015951509,0.015974442,0.015893199,0.015955834
2015-03-11,0.015905838,0.015949218,0.015888147,0.015945656
2015-03-12,0.015946420,0.016051365,0.015923567,0.015934985
2015-03-13,0.015989000,0.016019735,0.015852885,0.015991045
2015-03-16,0.015853891,0.015954053,0.015853891,0.015853891
2015-03-17,0.015938794,0.015962457,0.015912673,0.015926355
2015-03-18,0.015963985,0.016165534,0.015926102,0.015970359
2015-03-19,0.016090104,0.016162923,0.015950743,0.015950743
2015-03-20,0.016020507,0.016149871,0.015979545,0.016004352
2015-03-23,0.016024871,0.016113438,0.016024871,0.016024871
2015-03-24,0.016071228,0.016105654,0.016022559,0.016071228
2015-03-25,0.016048016,0.016105654,0.016018452,0.016057035
2015-03-26,0.016017171,0.016028211,0.015908368,0.016009733
2015-03-27,0.015915204,0.016046213,0.015912673,0.015916217
2015-03-30,0.015984654,0.016046213,0.015954053,0.015996162
2015-03-31,0.015995650,0.016066838,0.015955834,0.015997697
2015-04-01,0.016048016,0.016142050,0.016026925,0.016049819
2015-04-02,0.016085187,0.016118633,0.016066838,0.016085187
2015-04-03,0.016113438,0.016244315,0.016095284,0.016113438
2015-04-06,0.016113438,0.016183848,0.016072003,0.016113438
2015-04-07,0.016113438,0.016113438,0.016021019,0.016113438
2015-04-08,0.016049046,0.016103059,0.016037464,0.016049046
2015-04-09,0.016079756,0.016105654,0.016055746,0.016081825
2015-04-10,0.016047759,0.016082341,0.016024871,0.016047759
2015-04-13,0.016059356,0.016084928,0.015983889,0.016059356
2015-04-14,0.016027953,0.016075103,0.016020507,0.016027953
2015-04-15,0.016045956,0.016257519,0.016012041,0.016047759
2015-04-16,0.016037464,0.016074587,0.016027439,0.016028211
2015-04-17,0.016045183,0.016061677,0.015998719,0.016044669
2015-04-20,0.015987210,0.016030779,0.015847862,0.015989000
2015-04-21,0.015837068,0.015936762,0.015835313,0.015836567
2015-04-22,0.015902549,0.015941843,0.015867978,0.015903814
2015-04-23,0.015887391,0.015908368,0.015770383,0.015889410
2015-04-24,0.015802031,0.015830299,0.015710918,0.015801033
2015-04-27,0.015703518,0.015805278,0.015678896,0.015709685
2015-04-28,0.015788062,0.015984654,0.015755475,0.015837820
2015-04-29,0.015864706,0.015865462,0.015759697,0.015864706
2015-04-30,0.015764168,0.015777847,0.015688736,0.015762428
2015-05-01,0.015742330,0.015755475,0.015693659,0.015742330
2015-05-04,0.015693659,0.015772870,0.015693659,0.015742330
2015-05-05,0.015725002,0.015795292,0.015721787,0.015725002
2015-05-06,0.015786814,0.015915964,0.015710918,0.015786814
2015-05-07,0.015708698,0.015723271,0.015549682,0.015708452
2015-05-08,0.015601111,0.015805278,0.015572200,0.015605006
2015-05-11,0.015701052,0.015772870,0.015625,0.015697602
2015-05-12,0.015620607,0.015626954,0.015523130,0.015620120
2015-05-13,0.015573656,0.015663670,0.015560811,0.015573656
2015-05-14,0.015614022,0.015780337,0.015614022,0.015614266
2015-05-15,0.015770631,0.015792798,0.015709933,0.015770881
2015-05-18,0.015764665,0.015785320,0.015690459,0.015764665
2015-05-19,0.015689474,0.015748031,0.015659254,0.015691444
2015-05-20,0.015678652,0.015772870,0.015656067,0.015677666
2015-05-21,0.015717339,0.015747288,0.015687997,0.015717093
2015-05-22,0.015715856,0.015775358,0.015705245,0.015716845
2015-05-25,0.015752248,0.015755475,0.015708452,0.015752248
2015-05-26,0.015721541,0.015755475,0.015621827,0.015730442
2015-05-27,0.015627198,0.015661707,0.015587736,0.015630862
2015-05-28,0.015655577,0.015698588,0.015625,0.015655823
2015-05-29,0.015667841,0.015708452,0.015639907,0.015667841
2015-06-01,0.015689719,0.015748031,0.015673982,0.015689719
2015-06-02,0.015720058,0.015721045,0.015635261,0.015720798
2015-06-03,0.015707711,0.015713388,0.015609633,0.015707958
2015-06-04,0.015609633,0.015640151,0.015566626,0.015610609
2015-06-05,0.015625488,0.015688736,0.015588464,0.015624756
2015-06-08,0.015683321,0.015683321,0.015585306,0.015683321
2015-06-09,0.015619630,0.015663425,0.015617436,0.015630862
2015-06-10,0.015614266,0.015686275,0.015609633,0.015615728
2015-06-11,0.015673982,0.015687997,0.015621827,0.015674228
2015-06-12,0.015625244,0.015654352,0.015581178,0.015625244
2015-06-15,0.015602571,0.015632328,0.015578750,0.015602571
2015-06-16,0.015612314,0.015632328,0.015548471,0.015612314
2015-06-17,0.015580692,0.015651902,0.015558632,0.015580692
2015-06-18,0.015624268,0.015728217,0.015624268,0.015624268
2015-06-19,0.015705245,0.015768642,0.015659744,0.015712153
2015-06-22,0.015750015,0.015782828,0.015728217,0.015750015
2015-06-23,0.015746295,0.015775358,0.015701791,0.015746295
2015-06-24,0.015725002,0.015750511,0.015697848,0.015723271
2015-06-25,0.015742330,0.015757957,0.015715117,0.015732670
2015-06-26,0.015745303,0.015750511,0.015713882,0.015745303
2015-06-29,0.015761932,0.015761932,0.015637217,0.015761932
2015-06-30,0.015702778,0.015733166,0.015675701,0.015692675
2015-07-01,0.015725743,0.015802782,0.015701052,0.015725743
2015-07-02,0.015728464,0.015800284,0.015710179,0.015729701
2015-07-03,0.015780089,0.015800284,0.015752248,0.015780337
2015-07-06,0.015765410,0.015820282,0.015713388,0.015771875
2015-07-07,0.015787065,0.015810277,0.015728217,0.015781583
2015-07-08,0.015743569,0.015772870,0.015712647,0.015743569
2015-07-09,0.015732918,0.015802031,0.015729947,0.015732670
2015-07-10,0.015781084,0.015802782,0.015752248,0.015781833
2015-07-13,0.015784821,0.015800284,0.015727473,0.015784821
2015-07-14,0.015747784,0.015808027,0.015727473,0.015744559
2015-07-15,0.015791552,0.015800284,0.015725002,0.015791800
2015-07-16,0.015742330,0.015775358,0.015733166,0.015742082
2015-07-17,0.015745303,0.015795292,0.015744312,0.015752498
2015-07-20,0.015755475,0.015767897,0.015691197,0.015752001
2015-07-21,0.015717093,0.015748031,0.015683815,0.015717093
2015-07-22,0.015728217,0.015750511,0.015710425,0.015727473
2015-07-23,0.015717587,0.015719563,0.015652636,0.015707463
2015-07-24,0.015662443,0.015662443,0.015585306,0.015662197
2015-07-27,0.015600624,0.015639663,0.015561054,0.015600624
2015-07-28,0.015572687,0.015688736,0.015566626,0.015572200
2015-07-29,0.015664650,0.015681354,0.015641375,0.015664406
2015-07-30,0.015654352,0.015683815,0.015593327,0.015653618
2015-07-31,0.015595757,0.015671525,0.015575595,0.015596245
2015-08-03,0.015629884,0.015651902,0.015609633,0.015629884
2015-08-04,0.015594785,0.015705984,0.015583606,0.015594785
2015-08-05,0.015669314,0.015755475,0.015642108,0.015669314
2015-08-06,0.015699573,0.015712647,0.015670788,0.015699573
2015-08-07,0.015690705,0.015693659,0.015636483,0.015690459
2015-08-10,0.015688736,0.015720798,0.015647493,0.015690459
2015-08-11,0.015676931,0.015693659,0.015533498,0.015664650
2015-08-12,0.015545814,0.015552340,0.015394089,0.015545814
2015-08-13,0.015432336,0.015471972,0.015306903,0.015432336
2015-08-14,0.015321210,0.015405945,0.015295198,0.015321210
2015-08-17,0.015355794,0.015556939,0.015279540,0.015355794
2015-08-18,0.015280473,0.015316281,0.015260186,0.015280473
2015-08-19,0.015279773,0.015360983,0.015276505,0.015279773
2015-08-20,0.015369718,0.015371845,0.015222785,0.015371845
2015-08-21,0.015276038,0.015297537,0.015096619,0.015276272
2015-08-24,0.015145549,0.015145549,0.014912019,0.015145549
2015-08-25,0.014968491,0.015204501,0.014932059,0.014968491
2015-08-26,0.015086825,0.015158405,0.015064779,0.015086825
2015-08-27,0.015138670,0.015204501,0.015119901,0.015138670
2015-08-28,0.015138899,0.015190642,0.015107337,0.015138899
2015-08-31,0.015118758,0.015160704,0.015039178,0.015118758
2015-09-01,0.015071590,0.015112589,0.015048229,0.015071590
2015-09-02,0.015055253,0.015133171,0.015048910,0.015055027
2015-09-03,0.015102775,0.015163003,0.015080682,0.015099810
2015-09-04,0.015114872,0.015158405,0.014987784,0.015114872
2015-09-07,0.014997450,0.015026296,0.014948801,0.014997450
2015-09-08,0.014969387,0.015076134,0.014946343,0.014969387
2015-09-09,0.015058881,0.015101178,0.015026296,0.015058881
2015-09-10,0.015015692,0.015069319,0.014978356,0.015015692
2015-09-11,0.015078635,0.015087508,0.015021105,0.015078635
2015-09-14,0.015097986,0.015097986,0.015042117,0.015097986
2015-09-15,0.015079544,0.015101178,0.015047098,0.015079544
2015-09-16,0.015053893,0.015108022,0.015034655,0.015053440
2015-09-17,0.015106653,0.015135462,0.015082955,0.015106653
2015-09-18,0.015124933,0.015288182,0.015093656,0.015123559
2015-09-21,0.015176810,0.015311591,0.015153811,0.015183493
2015-09-22,0.015211208,0.015269508,0.015162311,0.015211671
2015-09-23,0.015180266,0.015236935,0.015125618,0.015180266
2015-09-24,0.015114415,0.015145090,0.015067047,0.015114415
2015-09-25,0.015100266,0.015156107,0.015098213,0.015100949
2015-09-28,0.015114187,0.015199878,0.015105513,0.015114187
2015-09-29,0.015092061,0.015209125,0.015053440,0.015092061
2015-09-30,0.015171974,0.015276505,0.015169904,0.015169904
2015-10-01,0.015255996,0.015274171,0.015229276,0.015260885
2015-10-02,0.015239722,0.015353908,0.015216067,0.015239722
2015-10-05,0.015300579,0.015365703,0.015300579,0.015300579
2015-10-06,0.015350608,0.015356265,0.015283976,0.015355558
2015-10-07,0.015340953,0.015439248,0.015299176,0.015341189
2015-10-08,0.015399066,0.015402623,0.015342129,0.015399066
2015-10-09,0.015385562,0.015484670,0.015385562,0.015385798
2015-10-12,0.015489467,0.015489467,0.015414733,0.015438769
2015-10-13,0.015436388,0.015436864,0.015339775,0.015436388
2015-10-14,0.015363816,0.015444015,0.015344484,0.015364524
2015-10-15,0.015415446,0.015487068,0.015407371,0.015420439
2015-10-16,0.015436388,0.015491866,0.015382721,0.015435911
2015-10-19,0.015479877,0.015479877,0.015405234,0.015457145
2015-10-20,0.015394325,0.015420201,0.015372081,0.015396222
2015-10-21,0.015386035,0.015386273,0.015328020,0.015386035
2015-10-22,0.015346367,0.015405471,0.015346367,0.015347075
2015-10-23,0.015372789,0.015479877,0.015372789,0.015372789
2015-10-26,0.015396460,0.015455951,0.015384615,0.015411882
2015-10-27,0.015408558,0.015413071,0.015370192,0.015408083
2015-10-28,0.015367357,0.015427337,0.015358624,0.015368774
2015-10-29,0.015397407,0.015397407,0.015288182,0.015397407
2015-10-30,0.015280006,0.015359095,0.015280006,0.015280239
2015-11-02,0.015287014,0.015323321,0.015233917,0.015287014
2015-11-03,0.015262049,0.015288182,0.015202652,0.015257625
2015-11-04,0.015257858,0.015318627,0.015234613,0.015259954
2015-11-05,0.015247853,0.015262982,0.015167602,0.015247389
2015-11-06,0.015185338,0.015241579,0.015119444,0.015183723
2015-11-09,0.015035332,0.015121044,0.015026296,0.015121044
2015-11-10,0.015044834,0.015153811,0.015044834,0.015044834
2015-11-11,0.015107337,0.015174506,0.015107337,0.015107337
2015-11-12,0.015137065,0.015195260,0.015112589,0.015137065
2015-11-13,0.015140505,0.015165301,0.015101178,0.015140505
2015-11-16,0.015139815,0.015211440,0.015096619,0.015139815
2015-11-17,0.015175197,0.015186029,0.015132485,0.015175197
2015-11-18,0.015146695,0.015146695,0.015080682,0.015143026
2015-11-19,0.015135004,0.015213752,0.015100494,0.015134318
2015-11-20,0.015133858,0.015163003,0.015091378,0.015132027
2015-11-23,0.015128593,0.015140045,0.015044381,0.015140045
2015-11-24,0.015067047,0.015092061,0.015035332,0.015066821
2015-11-25,0.015082501,0.015108022,0.015065687,0.015082955
2015-11-26,0.015065913,0.015078408,0.015001951,0.015064324
2015-11-27,0.015024491,0.015046645,0.014949918,0.015024491
2015-11-30,0.015001499,0.015049815,0.014945448,0.014947683
2015-12-01,0.015035785,0.015085232,0.015018398,0.015035785
2015-12-02,0.015046419,0.015047098,0.015000375,0.015046419
2015-12-03,0.015024716,0.015051173,0.014951258,0.015024716
2015-12-04,0.014972974,0.015030813,0.014929829,0.014969387
2015-12-07,0.015003751,0.015021105,0.014974544,0.015006903
2015-12-08,0.014975440,0.015012761,0.014956402,0.014977235
2015-12-09,0.014962669,0.015017271,0.014944332,0.014962669
2015-12-10,0.014947906,0.015160704,0.014947683,0.014949918
2015-12-11,0.014972301,0.014988009,0.014901796,0.014973197
2015-12-14,0.014894029,0.014940983,0.014886934,0.014894029
2015-12-15,0.014908685,0.014974319,0.014900909,0.014909574
2015-12-16,0.014948130,0.015026296,0.014938974,0.014947013
2015-12-17,0.015039857,0.015101178,0.015000375,0.015053893
2015-12-18,0.015045513,0.015105741,0.015034655,0.015046871
2015-12-21,0.015094795,0.015144631,0.015069319,0.015094795
2015-12-22,0.015121731,0.015121731,0.015072045,0.015090013
2015-12-23,0.015095935,0.015144631,0.015087963,0.015095935
2015-12-24,0.015129966,0.015229972,0.015116244,0.015116244
2015-12-25,0.015165301,0.015165301,0.015135462,0.015165301
2015-12-28,0.015160704,0.015165301,0.015103915,0.015165301
2015-12-29,0.015118986,0.015128593,0.015058201,0.015120815
2015-12-30,0.015090696,0.015119444,0.015045513,0.015092061
2015-12-31,0.015048910,0.015149219,0.015046419,0.015047777
2016-01-01,0.015107337,0.015117157,0.015107337,0.015107337
2016-01-04,0.015107337,0.015144631,0.015008480,0.015107337
2016-01-05,0.015015466,0.015060240,0.015004201,0.015014790
2016-01-06,0.015035332,0.015044381,0.014950365,0.015032168
2016-01-07,0.014983519,0.015033074,0.014934289,0.014987111
2016-01-08,0.014947906,0.015044381,0.014942993,0.014942993
2016-01-11,0.014961102,0.015030813,0.014943216,0.014961102
2016-01-12,0.014968716,0.015015015,0.014927601,0.014971629
2016-01-13,0.014943216,0.015053440,0.014943216,0.014943216
2016-01-14,0.014934512,0.014952154,0.014812619,0.014939644
2016-01-15,0.014857958,0.014876525,0.014757968,0.014857958
2016-01-18,0.014756445,0.014827995,0.014756445,0.014756445
2016-01-19,0.014768868,0.014834593,0.014751438,0.014768650
2016-01-20,0.014757751,0.014788523,0.014675022,0.014756445
2016-01-21,0.014717137,0.014792900,0.014682132,0.014716920
2016-01-22,0.014747523,0.014845606,0.014736004,0.014747523
2016-01-25,0.014805822,0.014836795,0.014742088,0.014805822
2016-01-26,0.014759494,0.014806041,0.014697237,0.014762109
2016-01-27,0.014755792,0.014760148,0.014680408,0.014755792
2016-01-28,0.014664692,0.014716704,0.014655235,0.014663617
2016-01-29,0.014685797,0.014777598,0.014668564,0.014685797
2016-02-01,0.014734050,0.014795089,0.014721686,0.014734050
2016-02-02,0.014735136,0.014771050,0.014700693,0.014731445
2016-02-03,0.014708911,0.014729710,0.014645577,0.014708911
2016-02-04,0.014753180,0.014856634,0.014721686,0.014721686
2016-02-05,0.014798592,0.014856634,0.014749262,0.014800780
2016-02-08,0.014748827,0.014795089,0.014698749,0.014748827
2016-02-09,0.014689681,0.014755792,0.014658458,0.014689465
2016-02-10,0.014721686,0.014760148,0.014710642,0.014721469
2016-02-11,0.014728407,0.014781966,0.014587891,0.014729059
2016-02-12,0.014606430,0.014684288,0.014601737,0.014604083
2016-02-15,0.014681917,0.014716704,0.014654162,0.014681917
2016-02-16,0.014678684,0.014718869,0.014604297,0.014676314
2016-02-17,0.014594280,0.014639146,0.014558160,0.014597262
2016-02-18,0.014629293,0.014654162,0.014580873,0.014629293
2016-02-19,0.014584701,0.014613474,0.014528548,0.014584487
2016-02-22,0.014602803,0.014624160,0.014558160,0.014590446
2016-02-23,0.014583000,0.014611338,0.014560279,0.014582787
2016-02-24,0.014576622,0.014647723,0.014569613,0.014576622
2016-02-25,0.014621594,0.014625015,0.014513577,0.014625015
2016-02-26,0.014535518,0.014594280,0.014532772,0.014535518
2016-02-29,0.014549687,0.014679976,0.014536996,0.014549687
2016-03-01,0.014658887,0.014788523,0.014635074,0.014658887
2016-03-02,0.014789619,0.014831955,0.014759494,0.014761019
2016-03-03,0.014839437,0.014889815,0.014826896,0.014839437
2016-03-04,0.014894251,0.014943216,0.014850016,0.014893586
2016-03-07,0.014940983,0.014947683,0.014869888,0.014940983
2016-03-08,0.014913131,0.014943216,0.014819205,0.014915134
2016-03-09,0.014846266,0.014912464,0.014808234,0.014846266
2016-03-10,0.014893143,0.014974544,0.014874755,0.014893143
2016-03-11,0.014854647,0.014941652,0.014854647,0.014856854
2016-03-14,0.014944779,0.014965579,0.014884939,0.014944779
2016-03-15,0.014886490,0.014914243,0.014832394,0.014886712
2016-03-16,0.014844504,0.014880953,0.014829095,0.014845826
2016-03-17,0.014988009,0.015046645,0.014888707,0.014963339
2016-03-18,0.015012310,0.015128593,0.014994752,0.015012310
2016-03-21,0.015065687,0.015098897,0.015023135,0.015065687
2016-03-22,0.015033074,0.015048910,0.014958863,0.015033074
2016-03-23,0.014977908,0.015012761,0.014940983,0.014978132
2016-03-24,0.014949918,0.015012761,0.014941430,0.014947237
2016-03-25,0.014946120,0.015017271,0.014946120,0.014946120
2016-03-28,0.014946120,0.015055707,0.014946120,0.014946120
2016-03-29,0.014946120,0.015057973,0.014946120,0.014946120
2016-03-30,0.015067503,0.015128593,0.015039857,0.015067503
2016-03-31,0.015067503,0.015165301,0.015067503,0.015067503
2016-04-01,0.015094795,0.015124016,0.015039857,0.015094795
2016-04-04,0.015069772,0.015147614,0.015067047,0.015069772
2016-04-05,0.015120815,0.015241579,0.015037594,0.015121044
2016-04-06,0.015044834,0.015080682,0.014985763,0.015044834
2016-04-07,0.015030136,0.015089785,0.014981274,0.015030136
2016-04-08,0.014974544,0.015067047,0.014974544,0.014974767
2016-04-11,0.015027652,0.015089785,0.015010507,0.015027652
2016-04-12,0.015085232,0.015092061,0.015027877,0.015085232
2016-04-13,0.015079544,0.015089785,0.015004201,0.015079544
2016-04-14,0.015031265,0.015048910,0.014983519,0.015031942
2016-04-15,0.015007578,0.015060240,0.015006453,0.015006678
2016-04-18,0.015003076,0.015073863,0.014994752,0.015003076
2016-04-19,0.015058201,0.015149219,0.015026296,0.015058201
2016-04-20,0.015100722,0.015172204,0.015074317,0.015100722
2016-04-21,0.015105969,0.015153811,0.015037594,0.015104827
2016-04-22,0.015034880,0.015080682,0.015008255,0.015034880
2016-04-25,0.015003076,0.015021781,0.014981722,0.015003076
2016-04-26,0.014991379,0.015067047,0.014958863,0.014991379
2016-04-27,0.015047777,0.015073863,0.015018849,0.015047324
2016-04-28,0.015070227,0.015179114,0.015026296,0.015070453
2016-04-29,0.015051627,0.015089785,0.015024039,0.015051627
2016-05-02,0.015056159,0.015149219,0.015049363,0.015056159
2016-05-03,0.015066821,0.015121731,0.015029231,0.015066821
2016-05-04,0.015016593,0.015051173,0.014997001,0.015016818
2016-05-05,0.015010507,0.015060240,0.015002626,0.015010507
2016-05-06,0.015015466,0.015092061,0.014990706,0.015014565
2016-05-09,0.015016368,0.015067047,0.014988009,0.015016368
2016-05-10,0.014987560,0.015053440,0.014976112,0.014987784
2016-05-11,0.015000150,0.015030813,0.014961102,0.015000150
2016-05-12,0.015017044,0.015051173,0.014985089,0.015017044
2016-05-13,0.014981049,0.015001499,0.014927601,0.014981049
2016-05-16,0.014959535,0.014992504,0.014947683,0.014947683
2016-05-17,0.014951930,0.015042117,0.014947683,0.014953271
2016-05-18,0.014961102,0.014981274,0.014916913,0.014954837
2016-05-19,0.014889593,0.014909795,0.014790711,0.014889815
2016-05-20,0.014819865,0.014869888,0.014803848,0.014819865
2016-05-23,0.014831735,0.014874311,0.014796620,0.014831735
2016-05-24,0.014824918,0.014826237,0.014753615,0.014826237
2016-05-25,0.014781747,0.014872100,0.014771050,0.014781747
2016-05-26,0.014857958,0.014963339,0.014836795,0.014857958
2016-05-27,0.014935627,0.014961102,0.014898023,0.014935627
2016-05-30,0.014920028,0.014940983,0.014843401,0.014920028
2016-05-31,0.014895803,0.014947683,0.014858179,0.014895803
2016-06-01,0.014882502,0.014901353,0.014813718,0.014874090
2016-06-02,0.014831074,0.014879181,0.014827555,0.014831074
2016-06-03,0.014860608,0.014972301,0.014846046,0.014860608
2016-06-06,0.014927156,0.014976786,0.014916467,0.014927156
2016-06-07,0.014969835,0.015024039,0.014943216,0.014969835
2016-06-08,0.014978356,0.015067047,0.014969387,0.014978356
2016-06-09,0.015035332,0.015035332,0.014974992,0.015035332
2016-06-10,0.014983295,0.015001499,0.014953718,0.014983295
2016-06-13,0.014937636,0.014937636,0.014886047,0.014937636
2016-06-14,0.014891367,0.014934289,0.014839437,0.014891146
2016-06-15,0.014859283,0.014932059,0.014847810,0.014859283
2016-06-16,0.014909130,0.014925373,0.014827335,0.014909130
2016-06-17,0.014859946,0.014949918,0.014857296,0.014857296
2016-06-20,0.014792900,0.014910685,0.014788523,0.014910685
2016-06-21,0.014805383,0.014896470,0.014760583,0.014896470
2016-06-22,0.014791368,0.014851118,0.014773230,0.014791586
2016-06-23,0.014835035,0.014914243,0.014819205,0.014831955
2016-06-24,0.014872100,0.014872100,0.014662111,0.014871659
2016-06-27,0.014764505,0.014775414,0.014675668,0.014732531
2016-06-28,0.014723204,0.014767122,0.014708046,0.014722987
2016-06-29,0.014770175,0.014843401,0.014740567,0.014769957
2016-06-30,0.014833274,0.014852220,0.014769304,0.014833274
2016-07-01,0.014814596,0.014912019,0.014814596,0.014814596
2016-07-04,0.014887599,0.014905352,0.014861049,0.014884939
2016-07-05,0.014872763,0.014892032,0.014808234,0.014872763
2016-07-06,0.014831074,0.014874311,0.014795089,0.014831074
2016-07-07,0.014836575,0.014863258,0.014815253,0.014836575
2016-07-08,0.014812619,0.014970060,0.014812619,0.014815473
2016-07-11,0.014896025,0.014952154,0.014879181,0.014896025
2016-07-12,0.014893143,0.014943216,0.014881396,0.014893143
2016-07-13,0.014932505,0.014963339,0.014878739,0.014954388
2016-07-14,0.014923813,0.015006003,0.014917804,0.014924037
2016-07-15,0.014961549,0.014963339,0.014895803,0.014961549
2016-07-18,0.014895803,0.014934289,0.014878739,0.014895803
2016-07-19,0.014895360,0.014920920,0.014876525,0.014894472
2016-07-20,0.014883388,0.014929829,0.014869888,0.014879623
2016-07-21,0.014888928,0.014898689,0.014867677,0.014888928
2016-07-22,0.014891146,0.014925373,0.014880953,0.014891146
2016-07-25,0.014892919,0.014923145,0.014821402,0.014892919
2016-07-26,0.014835255,0.014887599,0.014833274,0.014835695
2016-07-27,0.014862375,0.014903130,0.014846266,0.014862375
2016-07-28,0.014911129,0.014963339,0.014903130,0.014911351
2016-07-29,0.014923813,0.015015015,0.014900909,0.014923813
2016-08-01,0.015004201,0.015010507,0.014976112,0.015004201
2016-08-02,0.014981049,0.015030813,0.014970060,0.014981049
2016-08-03,0.014997900,0.014998125,0.014924705,0.014997900
2016-08-04,0.014979029,0.014988009,0.014929829,0.014979029
2016-08-05,0.014962892,0.015019525,0.014951258,0.014960877
2016-08-08,0.014962221,0.014994752,0.014958863,0.014962221
2016-08-09,0.014970283,0.014988009,0.014932505,0.014971405
2016-08-10,0.014973871,0.015013888,0.014970283,0.014973871
2016-08-11,0.014980825,0.014992504,0.014943216,0.014979477
2016-08-12,0.014975664,0.014983519,0.014947013,0.014983519
2016-08-15,0.014947795,0.014965579,0.014936521,0.014947773
2016-08-16,0.014948912,0.014997001,0.014943662,0.014955530
2016-08-17,0.014957901,0.014958863,0.014927601,0.014957141
2016-08-18,0.014949113,0.014981722,0.014946432,0.014946454
2016-08-19,0.014966140,0.014966140,0.014882524,0.014965579
2016-08-22,0.014896780,0.014912019,0.014872100,0.014897023
2016-08-23,0.014881396,0.014923145,0.014881396,0.014883743
2016-08-24,0.014894029,0.014915444,0.014889527,0.014896470
2016-08-25,0.014903130,0.014925373,0.014889815,0.014889815
2016-08-26,0.014924816,0.014970060,0.014910907,0.014924126
2016-08-29,0.014897246,0.014907572,0.014882502,0.014896692
2016-08-30,0.014906862,0.014927490,0.014892032,0.014905352
2016-08-31,0.014895559,0.014952154,0.014892032,0.014897224
2016-09-01,0.014933398,0.014963339,0.014906018,0.014931011
2016-09-02,0.014970733,0.015033074,0.014958193,0.014971629
2016-09-05,0.01502115,0.015064779,0.014965579,0.01502115
2016-09-06,0.015054572,0.015095638,0.015024491,0.015046645
2016-09-07,0.015097347,0.015097347,0.015052193,0.015093154
2016-09-08,0.015044539,0.015069545,0.015030813,0.015044018
2016-09-09,0.015135462,0.015135462,0.014951034,0.015048910
2016-09-12,0.014948353,0.014977033,0.014925373,0.014974992
2016-09-13,0.014983519,0.014987336,0.014909795,0.014987336
2016-09-14,0.014909684,0.014976786,0.014898422,0.014926487
2016-09-15,0.014976337,0.014979455,0.014905352,0.014979455
2016-09-16,0.014958863,0.014997001,0.014900909,0.014958795
2016-09-19,0.014910797,0.014958863,0.014910774,0.014910840
2016-09-20,0.014933843,0.014945448,0.014909795,0.014935359
2016-09-21,0.014929829,0.014943216,0.014892032,0.014930945
2016-09-22,0.014978176,0.015033074,0.014949471,0.014978760
2016-09-23,0.015008255,0.015026296,0.014988009,0.015009922
2016-09-26,0.014993065,0.015026296,0.014971181,0.014993289
2016-09-27,0.015013347,0.015057973,0.014995427,0.015013550
2016-09-28,0.015049748,0.015057973,0.015029209,0.015050880
2016-09-29,0.015075567,0.015075567,0.014938082,0.015075497
2016-09-30,0.014967079,0.015051173,0.014955284,0.014966408
2016-10-03,0.015027312,0.015055707,0.015018398,0.015027086
2016-10-04,0.015041326,0.015071590,0.015015015,0.015064710
2016-10-05,0.015019931,0.015038046,0.015003751,0.015019976
2016-10-06,0.015021781,0.015035332,0.014972749,0.015023315
2016-10-07,0.014994752,0.015030023,0.014954388,0.014995404
2016-10-10,0.015016932,0.015044426,0.015013211,0.015016999
2016-10-11,0.015036350,0.015040964,0.014966654,0.015040964
2016-10-12,0.014970463,0.014985763,0.014955508,0.014970396
2016-10-13,0.014965691,0.014988009,0.014929829,0.014966005
2016-10-14,0.014973422,0.015004944,0.014947683,0.014973647
2016-10-17,0.014990256,0.015001499,0.014950478,0.014991312
2016-10-18,0.014972301,0.015015015,0.014963116,0.014973736
2016-10-19,0.014984932,0.015012761,0.014979029,0.014983967
2016-10-20,0.015005552,0.015007128,0.014956626,0.015006813
2016-10-21,0.014958863,0.014965579,0.014927044,0.014960810
2016-10-24,0.014943662,0.014972749,0.014943662,0.014945181
2016-10-25,0.014961549,0.014981274,0.014941430,0.014962444
2016-10-26,0.014973131,0.014981722,0.014956626,0.014974251
2016-10-27,0.014957969,0.014973197,0.014937636,0.014955731
2016-10-28,0.014948576,0.014981274,0.014942256,0.014947013
2016-10-31,0.014974229,0.015008255,0.014947683,0.014974229
2016-11-01,0.015000375,0.015000375,0.014976786,0.015000263
2016-11-02,0.014995877,0.015008637,0.014957073,0.014997339
2016-11-03,0.014973422,0.015006003,0.014973197,0.014975104
2016-11-04,0.014995877,0.015003751,0.014972301,0.014995988
2016-11-07,0.014973355,0.014994752,0.014972301,0.014973355
2016-11-08,0.014984640,0.015064779,0.014983967,0.014984640
2016-11-09,0.015104599,0.015104599,0.014934289,0.015099011
2016-11-10,0.015027425,0.015076134,0.014887599,0.015035898
2016-11-11,0.014878739,0.014957073,0.014783059,0.014877742
2016-11-14,0.014804462,0.014838997,0.014727540,0.014804550
2016-11-15,0.014738394,0.014804288,0.014731880,0.014754595
2016-11-16,0.014764943,0.014791149,0.014682132,0.014760583
2016-11-17,0.014711292,0.014757968,0.014708046,0.014709884
2016-11-18,0.014711292,0.014719195,0.014652015,0.014711334
2016-11-21,0.014669532,0.014703072,0.014649868,0.014669210
2016-11-22,0.014659425,0.014716704,0.014602803,0.014659425
2016-11-23,0.014623090,0.014634860,0.014514842,0.014622984
2016-11-24,0.014535201,0.014583637,0.014527493,0.014535201
2016-11-25,0.014546512,0.014632720,0.014545877,0.014546407
2016-11-28,0.014596729,0.014691838,0.014534883,0.014596729
2016-11-29,0.014586722,0.014592149,0.014543233,0.014586722
2016-11-30,0.014576197,0.014628866,0.014561234,0.014575560
2016-12-01,0.014580448,0.014648795,0.014579810,0.014579810
2016-12-02,0.014658887,0.014703720,0.014626297,0.014659210
2016-12-05,0.014703397,0.014703397,0.014650296,0.014703397
2016-12-06,0.014705882,0.014778581,0.014682563,0.014703181
2016-12-07,0.014763852,0.014807028,0.014712373,0.014766250
2016-12-08,0.014841200,0.014857075,0.014801659,0.014829864
2016-12-09,0.014835915,0.014841200,0.014787868,0.014835475
2016-12-12,0.014823204,0.014841200,0.014784152,0.014823489
2016-12-13,0.014833494,0.014841221,0.014793491,0.014832834
2016-12-14,0.014839768,0.014839768,0.014798373,0.014839768
2016-12-15,0.014755792,0.014821841,0.014727540,0.014744913
2016-12-16,0.014738394,0.014764505,0.014734050,0.014739480
2016-12-19,0.014741653,0.014771050,0.014731880,0.014741653
2016-12-20,0.014740501,0.014749698,0.014684568,0.014740522
2016-12-21,0.014755792,0.014755792,0.014700370,0.014728190
2016-12-22,0.014742088,0.014744913,0.014699851,0.014743717
2016-12-23,0.014741544,0.014764505,0.014718869,0.014741001
2016-12-26,0.014742564,0.014771050,0.014741653,0.014742564
2016-12-27,0.014747088,0.014762327,0.014692269,0.014755355
2016-12-28,0.014713456,0.014717787,0.014652207,0.014712806
2016-12-29,0.014662758,0.014716704,0.014652981,0.014661681
2016-12-30,0.014720929,0.014740567,0.014708046,0.014720387
2017-01-02,0.014717829,0.014727540,0.014654162,0.014717829
2017-01-03,0.014676744,0.014697668,0.014613474,0.014676981
2017-01-04,0.014647723,0.014720061,0.014645577,0.014647766
2017-01-05,0.014730794,0.014767777,0.014707937,0.014730686
2017-01-06,0.014762763,0.014763852,0.014683858,0.014763852
2017-01-09,0.014677262,0.014686445,0.014647078,0.014675108
2017-01-10,0.014685496,0.014710642,0.014649009,0.014684935
2017-01-11,0.014638073,0.014669640,0.014600033,0.014637431
2017-01-12,0.014675668,0.014716704,0.014665336,0.014675668
2017-01-13,0.014677823,0.014690760,0.014647723,0.014677930
2017-01-16,0.014671835,0.014692918,0.014647723,0.014671835
2017-01-17,0.014685365,0.014726890,0.014673945,0.014685453
2017-01-18,0.014729600,0.014731880,0.014682132,0.014727649
2017-01-19,0.014657276,0.014688601,0.014643433,0.014663187
2017-01-20,0.014686445,0.014703720,0.014647723,0.014686380
2017-01-23,0.014690286,0.014708046,0.014659963,0.014689205
2017-01-24,0.014693891,0.014698252,0.014669210,0.014694775
2017-01-25,0.014670349,0.014699398,0.014666413,0.014670393
2017-01-26,0.014713347,0.014714538,0.014658028,0.014711724
2017-01-27,0.014674483,0.014704152,0.014657384,0.014673729
2017-01-30,0.014682153,0.014764505,0.014682132,0.014682132
2017-01-31,0.014743717,0.014854426,0.014729059,0.014744696
2017-02-01,0.014821534,0.014835630,0.014775850,0.014814463
2017-02-02,0.014837896,0.014887976,0.014815253,0.014837808
2017-02-03,0.014866440,0.014918693,0.014832394,0.014866440
2017-02-06,0.014887998,0.014900909,0.014872100,0.014890414
2017-02-07,0.014882060,0.014882147,0.014825798,0.014881994
2017-02-08,0.014847810,0.014939868,0.014838997,0.014849905
2017-02-09,0.014935404,0.015003751,0.014910907,0.014933330
2017-02-10,0.014984640,0.014984640,0.014930945,0.014982328
2017-02-13,0.014960945,0.014965579,0.014918027,0.014960274
2017-02-14,0.014938371,0.014979029,0.014930945,0.014944243
2017-02-15,0.014975664,0.014975664,0.014930208,0.014975462
2017-02-16,0.014953271,0.014958863,0.014908685,0.014955395
2017-02-17,0.014888707,0.014929829,0.014888707,0.014888750
2017-02-20,0.014910797,0.014952154,0.014904240,0.014910863
2017-02-21,0.014932059,0.014943216,0.014924260,0.014933174
2017-02-22,0.014933174,0.014954388,0.014924260,0.014933151
2017-02-23,0.014948801,0.015006003,0.014932059,0.014944489
2017-02-24,0.014996371,0.015033074,0.014990256,0.014996371
2017-02-27,0.015007128,0.015007128,0.014978356,0.015007128
2017-02-28,0.014984640,0.015017271,0.014968268,0.014994033
2017-03-01,0.014991379,0.014991471,0.014949918,0.014991357
2017-03-02,0.014994752,0.014999251,0.014957073,0.014957073
2017-03-03,0.014959982,0.014983519,0.014951034,0.014959959
2017-03-06,0.014990256,0.015015015,0.014974544,0.014976112
2017-03-07,0.015004877,0.015019525,0.014993628,0.015000442
2017-03-08,0.015009381,0.015012085,0.014963339,0.015011363
2017-03-09,0.014966698,0.015015015,0.014958193,0.014977908
2017-03-10,0.014990256,0.015028599,0.014976786,0.014996889
2017-03-13,0.015040986,0.015126305,0.015019525,0.015040986
2017-03-14,0.015115444,0.015214331,0.015096619,0.015112567
2017-03-15,0.015205657,0.015290519,0.015201796,0.015203321
2017-03-16,0.015239141,0.015335072,0.015237282,0.015239141
2017-03-17,0.015298707,0.015302219,0.015233917,0.015289467
2017-03-20,0.015274614,0.015313935,0.015274171,0.015274614
2017-03-21,0.015312763,0.015342129,0.015281173,0.015305663
2017-03-22,0.015253204,0.015305264,0.015247389,0.015268341
2017-03-23,0.015297537,0.015298707,0.015255529,0.015298707
2017-03-24,0.015284676,0.015304562,0.015266011,0.015280147
2017-03-27,0.015286312,0.015401201,0.015286312,0.015292134
2017-03-28,0.015387456,0.015387456,0.015351551,0.015373972
2017-03-29,0.015351551,0.015429718,0.015351551,0.015358624
2017-03-30,0.015418298,0.015446401,0.015389349,0.015436864
2017-03-31,0.015420081,0.015440439,0.015392193,0.015434480
2017-04-03,0.015419488,0.015448786,0.015365703,0.015432885
2017-04-04,0.015389825,0.015422580,0.015339188,0.015413663
2017-04-05,0.015367995,0.015416635,0.015339775,0.015372789
2017-04-06,0.015382248,0.015502675,0.015362163,0.015375153
2017-04-07,0.015480763,0.015588464,0.015430908,0.015484670
2017-04-10,0.015561707,0.015561780,0.015482274,0.015561780
2017-04-11,0.015483400,0.015525538,0.015451174,0.015485870
2017-04-12,0.015472692,0.015497149,0.015446401,0.015472692
2017-04-13,0.015503876,0.015562992,0.015487068,0.015503876
2017-04-14,0.015519395,0.015547263,0.015487116,0.015515905
2017-04-17,0.015519395,0.015552099,0.015506689,0.015515014
2017-04-18,0.015525538,0.015566626,0.015470297,0.015525949
2017-04-19,0.015482680,0.015502675,0.015465511,0.015487068
2017-04-20,0.015470226,0.015489947,0.015451174,0.015468694
2017-04-21,0.015476762,0.015493548,0.015455951,0.015465511
2017-04-24,0.015470226,0.015532775,0.015469580,0.015470297
2017-04-25,0.015507963,0.015576324,0.015507963,0.015530362
2017-04-26,0.015547263,0.015642598,0.015536806,0.015540016
2017-04-27,0.015620120,0.015632818,0.015586034,0.015620120
2017-04-28,0.015603059,0.015612802,0.015538807,0.015610366
2017-05-01,0.015556817,0.015576324,0.015556213,0.015562192
2017-05-02,0.015565293,0.015603059,0.015564202,0.015581178
2017-05-03,0.015586521,0.015610366,0.015579965,0.015607929
2017-05-04,0.015586521,0.015588464,0.015564202,0.015573898
2017-05-05,0.015575184,0.015586034,0.015530362,0.015583606
2017-05-08,0.015550165,0.015581178,0.015540016,0.015550165
2017-05-09,0.015539292,0.015540016,0.015458339,0.015525106
2017-05-10,0.015464244,0.015499071,0.015461924,0.015470297
2017-05-11,0.015497269,0.015546056,0.015484670,0.015491866
2017-05-12,0.015530362,0.015595757,0.015529157,0.015537601
2017-05-15,0.015567594,0.015620120,0.015567594,0.015584700
2017-05-16,0.015615655,0.015627442,0.015590167,0.015615655
2017-05-17,0.015616338,0.015654352,0.015581178,0.015649453
2017-05-18,0.015569048,0.015571473,0.015351551,0.015569048
2017-05-19,0.015415328,0.015496668,0.015382248,0.015415184
2017-05-22,0.015516193,0.015518311,0.015479877,0.015516264
2017-05-23,0.015503804,0.015503828,0.015411170,0.015503828
2017-05-24,0.015411764,0.015458436,0.015396933,0.015411835
2017-05-25,0.015441512,0.015515905,0.015441512,0.015441607
2017-05-26,0.015492947,0.015525538,0.015472692,0.015492970
2017-05-29,0.015503755,0.015515905,0.015482274,0.015500704
2017-05-30,0.015496547,0.015501809,0.015458817,0.015501809
2017-05-31,0.015476210,0.015537601,0.015475420,0.015475420
2017-06-01,0.015503755,0.015531808,0.015496668,0.015503852
2017-06-02,0.015510850,0.015571473,0.015505077,0.015534632
2017-06-05,0.015526623,0.015564202,0.015526623,0.015526745
2017-06-06,0.015541223,0.015555753,0.015503876,0.015541464
2017-06-07,0.015522407,0.015552584,0.015503876,0.015523009
2017-06-08,0.015521805,0.015576324,0.015517108,0.015523540
2017-06-09,0.015566504,0.015584092,0.015537601,0.015565681
2017-06-12,0.015533498,0.015567110,0.015507482,0.015533498
2017-06-13,0.015511090,0.015545329,0.015506281,0.015511307
2017-06-14,0.015542358,0.015620120,0.015534560,0.015538205
2017-06-15,0.015569534,0.015588464,0.015448786,0.015584625
2017-06-16,0.015490595,0.015528432,0.015441630,0.015489467
2017-06-19,0.015514821,0.015542432,0.015511090,0.015529157
2017-06-20,0.015507363,0.015524816,0.015467904,0.015506856
2017-06-21,0.015495948,0.015508684,0.015460730,0.015496547
2017-06-22,0.015494196,0.015516385,0.015475084,0.015493882
2017-06-23,0.015481074,0.015523130,0.015479877,0.015482033
2017-06-26,0.015504958,0.015530362,0.015504356,0.015504356
2017-06-27,0.015521805,0.015527950,0.015497149,0.015522815
2017-06-28,0.015511571,0.015511571,0.015467904,0.015497916
2017-06-29,0.015500151,0.015526745,0.015448786,0.015501016
2017-06-30,0.015467186,0.015486708,0.015422580,0.015435647
2017-07-03,0.015477361,0.015478677,0.015410695,0.015478248
2017-07-04,0.015423648,0.015458339,0.015408320,0.015421937
2017-07-05,0.015436743,0.015463599,0.015408320,0.015439509
2017-07-06,0.015434362,0.015460730,0.015432098,0.015434148
2017-07-07,0.015452249,0.015503876,0.015441630,0.015452773
2017-07-10,0.015476163,0.015525538,0.015476163,0.015477072
2017-07-12,0.015490548,0.015540016,0.015487068,0.015497725
2017-07-13,0.015511571,0.015542432,0.015507675,0.015536395
2017-07-14,0.015515783,0.015569654,0.015509888,0.015521733
2017-07-17,0.015524093,0.015562992,0.015524093,0.015560011
2017-07-18,0.015544894,0.015562386,0.015536877,0.015544847
2017-07-19,0.015549923,0.015562724,0.015542432,0.015550576
2017-07-20,0.015561660,0.015561780,0.015516385,0.015560982
2017-07-21,0.015536273,0.015554518,0.015518311,0.015546056
2017-07-24,0.015533257,0.015551373,0.015508684,0.015513233
2017-07-25,0.015536320,0.015542914,0.015518311,0.015536371
2017-07-26,0.015533257,0.015549682,0.015515905,0.015516627
2017-07-27,0.015541321,0.015612802,0.015541295,0.015541295
2017-07-28,0.015596245,0.015605493,0.015564202,0.015579965
2017-07-31,0.015599286,0.015612802,0.015573171,0.015594907
2017-08-01,0.015578750,0.015616289,0.015578750,0.015578873
2017-08-02,0.015604153,0.015720798,0.015593327,0.015611389
2017-08-03,0.015713314,0.015732422,0.015691197,0.015713241
2017-08-04,0.015699696,0.015729947,0.015686275,0.015699327
2017-08-07,0.015707094,0.015708452,0.015656803,0.015707193
2017-08-09,0.015702901,0.015702901,0.015647003,0.015697872
2017-08-10,0.015661584,0.015664160,0.015583606,0.015652465
2017-08-11,0.015603546,0.015617680,0.015562992,0.015591235
2017-08-14,0.015593205,0.015639663,0.015588464,0.015605249
2017-08-15,0.015605006,0.015661707,0.015565413,0.015582561
2017-08-16,0.015562386,0.015590895,0.015540016,0.015561054
2017-08-17,0.015585306,0.015627442,0.015577780,0.015585913
2017-08-18,0.015585913,0.015605980,0.015571473,0.015579017
2017-08-21,0.015604153,0.015623780,0.015588950,0.015606493
2017-08-22,0.015599894,0.015610853,0.015586034,0.015586642
2017-08-23,0.015609756,0.015620120,0.015591381,0.015610974
2017-08-24,0.015616338,0.015625,0.015605493,0.015623780
2017-08-25,0.015616338,0.015656803,0.015605493,0.015616459
2017-08-28,0.015625488,0.015681354,0.015625488,0.015626099
2017-08-29,0.015649943,0.015676610,0.015618167,0.015676610
2017-08-30,0.015623657,0.015656067,0.015622558,0.015628222
2017-08-31,0.015629763,0.015652392,0.015598190,0.015630813
2017-09-01,0.015643209,0.015666613,0.015614266,0.015646538
2017-09-04,0.015620607,0.015654352,0.015586034,0.015621216
2017-09-05,0.015617557,0.015627442,0.015587736,0.015618582
2017-09-06,0.015600550,0.015610974,0.015559359,0.015600624
2017-09-07,0.015612680,0.015652834,0.015612680,0.015621240
2017-09-08,0.015623046,0.015681354,0.015623046,0.015637193
2017-09-11,0.015679387,0.015680125,0.015622558,0.015641864
2017-09-12,0.015643209,0.015644556,0.015610366,0.015629884
2017-09-13,0.015619753,0.015656803,0.015589681,0.015628029
2017-09-14,0.015624268,0.015624268,0.015554518,0.015596950
2017-09-15,0.015597582,0.015615241,0.015586034,0.015587250
2017-09-18,0.015600502,0.015625,0.015578750,0.015595709
2017-09-19,0.015572687,0.015595028,0.015540016,0.015572758
2017-09-20,0.015554398,0.015571473,0.015518311,0.015552415
2017-09-21,0.015556091,0.015556091,0.015370428,0.015556043
2017-09-22,0.015431980,0.015439724,0.015337424,0.015431551
2017-09-25,0.015434956,0.015448786,0.015318627,0.015410458
2017-09-26,0.015322148,0.015368065,0.015265615,0.015322125
2017-09-27,0.015278722,0.015305732,0.015202190,0.015302219
2017-09-28,0.015261350,0.015295198,0.015176810,0.015261350
2017-09-29,0.015275805,0.015328020,0.015273006,0.015299877
2017-10-02,0.015313819,0.015319801,0.015241579,0.015315508
2017-10-03,0.015313231,0.015313231,0.015225335,0.015250482
2017-10-04,0.015272887,0.015396460,0.015272887,0.015280450
2017-10-05,0.015379765,0.015391719,0.015332719,0.015380002
2017-10-06,0.015336247,0.015357445,0.015248668,0.015335072
2017-10-09,0.015292740,0.015320269,0.015278840,0.015287201
2017-10-10,0.015287014,0.015356265,0.015285846,0.015287108
2017-10-11,0.015325600,0.015355086,0.015309247,0.015328278
2017-10-12,0.015349077,0.015386983,0.015326845,0.015336153
2017-10-13,0.015372672,0.015467904,0.015372672,0.015373736
2017-10-16,0.015458339,0.015464316,0.015440439,0.015462404
2017-10-17,0.015458339,0.015458339,0.015375153,0.015457240
2017-10-18,0.015379173,0.015409509,0.015348488,0.015401509
2017-10-19,0.015373853,0.015398829,0.015357445,0.015375130
2017-10-20,0.015387456,0.015407324,0.015363344,0.015407228
2017-10-23,0.015376809,0.015388640,0.015360015,0.015360015
2017-10-24,0.015381658,0.015409983,0.015328020,0.015376360
2017-10-25,0.015365822,0.015442824,0.015336247,0.015365822
2017-10-26,0.015404048,0.015453562,0.015403574,0.015422580
2017-10-27,0.015424482,0.015479877,0.015345661,0.015479877
2017-10-30,0.015414638,0.015434480,0.015377519,0.015414638
2017-10-31,0.015422269,0.015453562,0.015417823,0.015422008
2017-11-01,0.015463097,0.015513497,0.015445686,0.015463097
2017-11-02,0.015490667,0.015513497,0.015463599,0.015490643
2017-11-03,0.015503828,0.015530362,0.015458173,0.015503755
2017-11-06,0.015457528,0.015489467,0.015446401,0.015457528
2017-11-07,0.015482058,0.015484071,0.015344484,0.015482058
2017-11-08,0.015345661,0.015413071,0.015342129,0.015345779
2017-11-09,0.015405828,0.015422580,0.015362163,0.015405828
2017-11-10,0.015392193,0.015394089,0.015297537,0.015392193
2017-11-13,0.015346767,0.015350373,0.015257858,0.015346767
2017-11-14,0.015281547,0.015315109,0.015248551,0.015281547
2017-11-15,0.015287411,0.015349193,0.015275339,0.015287388
2017-11-17,0.015335072,0.015460730,0.015316750,0.015335072
2017-11-20,0.015407134,0.015407134,0.015356265,0.015407134
2017-11-21,0.015378701,0.015430908,0.015349900,0.015378701
2017-11-22,0.015441512,0.015458339,0.015396460,0.015441321
2017-11-23,0.015439248,0.015494267,0.015413071,0.015439248
2017-11-24,0.015484743,0.015494867,0.015441630,0.015484815
2017-11-27,0.015493067,0.015541223,0.015429718,0.015493067
2017-11-28,0.015519781,0.015547263,0.015481314,0.015519781
2017-11-29,0.015520648,0.015559359,0.015508684,0.015511090
2017-11-30,0.015524382,0.015526745,0.015465511,0.015524382
2017-12-01,0.015503971,0.015513497,0.015477480,0.015504021
2017-12-04,0.015501712,0.015555727,0.015472692,0.015501712
2017-12-05,0.015539822,0.015571473,0.015513497,0.015539677
2017-12-06,0.015538229,0.015540016,0.015484670,0.015538349
2017-12-07,0.015500224,0.015508684,0.015482274,0.015500224
2017-12-08,0.015493980,0.015537601,0.015487068,0.015493692
2017-12-11,0.015510369,0.015552099,0.015502675,0.015510369
2017-12-12,0.015541223,0.015541223,0.015489467,0.015540016
2017-12-13,0.015491866,0.015540016,0.015491866,0.015491866
2017-12-14,0.015547263,0.015584820,0.015515181,0.015547263
2017-12-15,0.015557786,0.015622558,0.015557736,0.015558148
2017-12-18,0.015607367,0.015625,0.015458339,0.015607367
2017-12-19,0.015593327,0.015644556,0.015564178,0.015576298
2017-12-20,0.015613436,0.015633550,0.015599406,0.015613387
2017-12-21,0.015633550,0.015633550,0.015596245,0.015633550
2017-12-22,0.015629884,0.015644556,0.015607929,0.015622633
2017-12-25,0.015623096,0.015623096,0.015621827,0.015623096
2017-12-26,0.015622437,0.015654352,0.015598677,0.015622437
2017-12-27,0.015618362,0.015620120,0.015585306,0.015618118
2017-12-28,0.015597071,0.015629884,0.015564202,0.015596975
2017-12-29,0.015611583,0.015676439,0.015606712,0.015609879
2018-01-01,0.015663965,0.015708452,0.015656803,0.015663965
2018-01-02,0.015657391,0.015767897,0.015657391,0.015657391
2018-01-03,0.015777847,0.015777847,0.015728217,0.015757957
2018-01-04,0.015768120,0.015790304,0.015725743,0.015768120
2018-01-05,0.015780438,0.015820282,0.015767897,0.015780438
2018-01-08,0.015806528,0.015815279,0.015740596,0.015806528
2018-01-09,0.015759993,0.015767897,0.015691197,0.015759945
2018-01-10,0.015714474,0.015731186,0.015664160,0.015714351
2018-01-11,0.015683815,0.015714623,0.015664160,0.015683815
2018-01-12,0.015705466,0.015753489,0.015693659,0.015705466
2018-01-15,0.015726114,0.015790304,0.015724482,0.015726114
2018-01-16,0.015742527,0.015746668,0.015593327,0.015742777
2018-01-17,0.015626391,0.015681354,0.015604276,0.015626391
2018-01-18,0.015667841,0.015683815,0.015637217,0.015667841
2018-01-19,0.015657391,0.015717093,0.015654352,0.015657391
2018-01-22,0.015666099,0.015693659,0.015627442,0.015666099
2018-01-23,0.015654327,0.015688736,0.015651902,0.015654327
2018-01-24,0.015686225,0.015733635,0.015678896,0.015686151
2018-01-25,0.015728736,0.015772870,0.015713388,0.015728736
2018-01-26,0.015729751,0.015762925,0.015708452,0.015729923
2018-01-29,0.015730690,0.015750511,0.015696123,0.015730690
2018-01-30,0.015706133,0.015730690,0.015669070,0.015706133
2018-01-31,0.015681354,0.015736682,0.015681354,0.015681379
2018-02-01,0.015707217,0.015737375,0.015605493,0.015707217
2018-02-02,0.015631106,0.015691197,0.015567836,0.015631106
2018-02-05,0.015592718,0.015623780,0.015569048,0.015592718
2018-02-06,0.015548546,0.015610390,0.015512294,0.015548546
2018-02-07,0.015629884,0.015629884,0.015549682,0.015629884
2018-02-08,0.015576324,0.015588464,0.015508684,0.015576324
2018-02-09,0.015518335,0.015561780,0.015509888,0.015518191
2018-02-12,0.015573582,0.015573608,0.015536395,0.015573582
2018-02-13,0.015556091,0.015581178,0.015547263,0.015556091
2018-02-14,0.015564251,0.015617680,0.015556939,0.015564178
2018-02-15,0.015618850,0.015659254,0.015602327,0.015618850
2018-02-16,0.015651681,0.015670788,0.015520720,0.015651681
2018-02-19,0.015532775,0.015565899,0.015470297,0.015532775
2018-02-20,0.015502675,0.015526023,0.015398829,0.015502675
2018-02-21,0.015416635,0.015449265,0.015396460,0.015416635
2018-02-22,0.015409509,0.015415446,0.015358624,0.015409509
2018-02-23,0.015396127,0.015460013,0.015391719,0.015396127
2018-02-26,0.015410695,0.015472692,0.015377519,0.015455233
2018-02-27,0.015436579,0.015451174,0.015330369,0.015436768
2018-02-28,0.015405945,0.015405945,0.015243903,0.015405945
2018-03-01,0.015328020,0.015358624,0.015304562,0.015328020
2018-03-02,0.015349193,0.015365703,0.015318627,0.015349193
2018-03-05,0.015340553,0.015401201,0.015335072,0.015340553
2018-03-06,0.015383859,0.015433290,0.015359095,0.015383740
2018-03-07,0.015410695,0.015420201,0.015384615,0.015410695
2018-03-08,0.015410410,0.015415375,0.015290519,0.015410410
2018-03-09,0.015363272,0.015398829,0.015335072,0.015363248
2018-03-12,0.015392928,0.015401201,0.015316281,0.015392928
2018-03-13,0.015397524,0.015463121,0.015328020,0.015397524
2018-03-14,0.015425600,0.015444015,0.015372789,0.015425409
2018-03-15,0.015423959,0.015439248,0.015332719,0.015423340
2018-03-16,0.015380546,0.015420676,0.015375153,0.015381209
2018-03-19,0.015369246,0.015382248,0.015315109,0.015369246
2018-03-20,0.015335049,0.015348016,0.015323321,0.015335049
2018-03-21,0.015329759,0.015342907,0.015323321,0.015329806
2018-03-22,0.015369105,0.015381303,0.015332719,0.015369105
2018-03-23,0.015346814,0.015402459,0.015328020,0.015346837
2018-03-26,0.015389232,0.015460730,0.015377519,0.015381066
2018-03-27,0.015427813,0.015458339,0.015375153,0.015457145
2018-03-28,0.015399897,0.015429718,0.015311591,0.015409389
2018-03-29,0.015349077,0.015372789,0.015290519,0.015349383
2018-03-30,0.015359095,0.015379884,0.015359095,0.015377519
2018-04-02,0.015359095,0.015401201,0.015356265,0.015359686
2018-04-03,0.015359095,0.015391719,0.015351551,0.015351551
2018-04-04,0.015386273,0.015408320,0.015337424,0.015407134
2018-04-05,0.015376218,0.015424957,0.015337424,0.015385798
2018-04-06,0.015412951,0.015427337,0.015379173,0.015417466
2018-04-09,0.015403454,0.015430908,0.015335072,0.015407251
2018-04-10,0.015396933,0.015427337,0.015335072,0.015415446
2018-04-11,0.015398712,0.015402387,0.015285846,0.015402316
2018-04-12,0.015324966,0.015340953,0.015281173,0.015339775
2018-04-13,0.015318509,0.015342600,0.015278840,0.015319636
2018-04-16,0.015326728,0.015338458,0.015227654,0.015338458
2018-04-17,0.015276387,0.015295198,0.015167602,0.015283673
2018-04-18,0.015227537,0.015250877,0.015172204,0.015226494
2018-04-19,0.015218267,0.015218315,0.015121731,0.015149219
2018-04-20,0.015183032,0.015183032,0.015071590,0.015125207
2018-04-23,0.015105626,0.015119444,0.014974544,0.015106448
2018-04-24,0.015032960,0.015092061,0.015027425,0.015027425
2018-04-25,0.015060128,0.015064779,0.014898689,0.015057043
2018-04-26,0.014945382,0.015002332,0.014938750,0.014945963
2018-04-27,0.014970509,0.015016187,0.014916467,0.014947683
2018-04-30,0.015012649,0.015105741,0.015012649,0.015012761
2018-05-01,0.015048840,0.015048910,0.014959982,0.015048910
2018-05-02,0.015048229,0.015048229,0.014918693,0.014972594
2018-05-03,0.014970060,0.015076134,0.014907572,0.014907572
2018-05-04,0.015001387,0.015019525,0.014940983,0.015001499
2018-05-07,0.014967146,0.014981274,0.014821402,0.014967707
2018-05-08,0.014896358,0.014934289,0.014852220,0.014898956
2018-05-09,0.014889749,0.014889815,0.014810427,0.014889262
2018-05-10,0.014849905,0.014898689,0.014788523,0.014788523
2018-05-11,0.014873096,0.014909795,0.014806041,0.014838997
2018-05-14,0.014847700,0.014883166,0.014757968,0.014840714
2018-05-15,0.014803192,0.014821841,0.014637003,0.014775850
2018-05-16,0.014690112,0.014760148,0.014602803,0.014607070
2018-05-17,0.014756228,0.014799467,0.014692918,0.014692918
2018-05-18,0.014758404,0.014766686,0.014615610,0.014675668
2018-05-21,0.014709559,0.014711292,0.014590020,0.014711292
2018-05-22,0.014682563,0.014721036,0.014619883,0.014619883
2018-05-23,0.014703072,0.014703720,0.014596409,0.014613474
2018-05-24,0.014639081,0.014649868,0.014566642,0.014566642
2018-05-25,0.014649804,0.014779780,0.014640217,0.014649847
2018-05-28,0.014766032,0.014872100,0.014766032,0.014766315
2018-05-29,0.014838886,0.014843401,0.014708046,0.014836178
2018-05-30,0.014742631,0.014843401,0.014675668,0.014677823
2018-05-31,0.014830129,0.014858840,0.014755792,0.014830194
2018-06-01,0.014832283,0.014943216,0.014818108,0.014829095
2018-06-04,0.014928047,0.014954388,0.014854426,0.014942098
2018-06-05,0.014911951,0.014925373,0.014858840,0.014912019
2018-06-06,0.014904684,0.014972301,0.014894694,0.014905352
2018-06-07,0.014963228,0.014972301,0.014821402,0.014963318
2018-06-08,0.014834528,0.014858840,0.014731880,0.014834593
2018-06-11,0.014810317,0.014856634,0.014738394,0.014812619
2018-06-12,0.014822940,0.014847810,0.014775414,0.014817011
2018-06-13,0.014820743,0.014823600,0.014725371,0.014725371
2018-06-14,0.014784588,0.014825798,0.014749262,0.014753615
2018-06-15,0.014774759,0.014775414,0.014624160,0.014677823
2018-06-18,0.014694429,0.014716704,0.014596409,0.014695076
2018-06-19,0.014698749,0.014712373,0.014560279,0.014703720
2018-06-20,0.014640645,0.014723204,0.014640645,0.014695076
2018-06-21,0.014694429,0.014762327,0.014609205,0.014630578
2018-06-22,0.014719302,0.014773230,0.014719302,0.014742739
2018-06-25,0.014736114,0.014738394,0.014637003,0.014737330
2018-06-26,0.014682563,0.014695076,0.014609205,0.014632720
2018-06-27,0.014628331,0.014641288,0.014513788,0.014627368
2018-06-28,0.014509408,0.014556041,0.014442519,0.014442519
2018-06-29,0.014528443,0.014623090,0.014515895,0.014535581
2018-07-02,0.014609097,0.014626297,0.014478066,0.014612406
2018-07-03,0.014553816,0.014598540,0.014503264,0.014557143
2018-07-04,0.014589915,0.014619883,0.014501160,0.014528548
2018-07-05,0.014559644,0.014592149,0.014449823,0.014496955
2018-07-06,0.014519477,0.014553922,0.014478066,0.014478066
2018-07-09,0.014535834,0.014602803,0.014535814,0.014544398
2018-07-10,0.014564457,0.014575135,0.014511681,0.014564564
2018-07-11,0.014545877,0.014568765,0.014471781,0.014513788
2018-07-12,0.014551169,0.014652015,0.014478066,0.014551804
2018-07-13,0.014602164,0.014652015,0.014551804,0.014590020
2018-07-16,0.014600033,0.014622021,0.014553922,0.014601375
2018-07-17,0.014589382,0.014652015,0.014549687,0.014551804
2018-07-18,0.014629293,0.014639146,0.014570250,0.014629293
2018-07-19,0.014573436,0.014604936,0.014446692,0.014573966
2018-07-20,0.014506399,0.014558160,0.014465501,0.014506399
2018-07-23,0.014549051,0.014573011,0.014499057,0.014548989
2018-07-24,0.014526861,0.014532772,0.014442519,0.014450868
2018-07-25,0.014505367,0.014568765,0.014488555,0.014532772
2018-07-26,0.014551169,0.014579386,0.014509576,0.014526439
2018-07-27,0.014566006,0.014592149,0.014542282,0.014547571
2018-07-30,0.014578217,0.014587891,0.014505367,0.014574073
2018-07-31,0.014577685,0.014607070,0.014552864,0.014559221
2018-08-01,0.014609097,0.014641288,0.014573436,0.014599222
2018-08-02,0.014632612,0.014660607,0.014554981,0.014639767
2018-08-03,0.014573436,0.014615610,0.014486455,0.014573966
2018-08-06,0.014590979,0.014639146,0.014518424,0.014597476
2018-08-07,0.014532708,0.014575135,0.014508523,0.014532772
2018-08-08,0.014572904,0.014587891,0.014520110,0.014578110
2018-08-09,0.014566006,0.014608136,0.014541226,0.014608136
2018-08-10,0.014544820,0.014544820,0.014471781,0.014471781
2018-08-13,0.014517370,0.014518003,0.014271443,0.014474923
2018-08-14,0.014296111,0.014345556,0.014265335,0.014296111
2018-08-15,0.014295864,0.014303491,0.014106362,0.014295926
2018-08-16,0.014152278,0.014300014,0.014140272,0.014152278
2018-08-17,0.014284695,0.014314343,0.014216662,0.014284695
2018-08-20,0.014266759,0.014371946,0.014266759,0.014329726
2018-08-21,0.014323979,0.014382695,0.014279595,0.014338974
2018-08-22,0.014325622,0.014328700,0.014291839,0.014324596
2018-08-23,0.014314282,0.014328700,0.014252526,0.014328700
2018-08-24,0.014229811,0.014345144,0.014229811,0.014229811
2018-08-27,0.014293270,0.014345144,0.014214641,0.014333835
2018-08-28,0.014296948,0.014300014,0.014194464,0.014296948
2018-08-29,0.014266759,0.014267371,0.014154281,0.014176354
2018-08-30,0.014178766,0.014178766,0.014046916,0.014102383
2018-08-31,0.014137273,0.014148274,0.014004622,0.014004622
2018-09-03,0.014084904,0.014142271,0.014040999,0.014085499
2018-09-04,0.014043366,0.014070635,0.013904339,0.014070635
2018-09-05,0.013970773,0.014029181,0.013892747,0.013937282
2018-09-06,0.013937671,0.013999720,0.013860013,0.013910141
2018-09-07,0.013900376,0.013958682,0.013888311,0.013900684
2018-09-10,0.013930876,0.013930876,0.013758943,0.013870588
2018-09-11,0.013803004,0.013856173,0.013734378,0.013803575
2018-09-12,0.013767846,0.013923698,0.013700508,0.013700508
2018-09-13,0.013902405,0.013986014,0.013858092,0.013903333
2018-09-14,0.013883105,0.013984058,0.013860013,0.013883587
2018-09-17,0.013913430,0.013913430,0.013760837,0.013870588
2018-09-18,0.013787303,0.013821701,0.013711778,0.013786486
2018-09-19,0.013754590,0.013879250,0.013676148,0.013676148
2018-09-20,0.013821604,0.013935340,0.013821604,0.013822655
2018-09-21,0.013887345,0.013947002,0.013807769,0.013943112
2018-09-24,0.013844088,0.013844662,0.013738151,0.013844662
2018-09-25,0.013762162,0.013783597,0.013642564,0.013642564
2018-09-26,0.013759322,0.013791201,0.013681763,0.013681763
2018-09-27,0.013775432,0.013823612,0.013741927,0.013741927
2018-09-28,0.013781128,0.013807386,0.013708020,0.013708020
2018-10-01,0.013793007,0.013793007,0.013644426,0.013792153
2018-10-02,0.013714599,0.013714599,0.013558404,0.013558404
2018-10-03,0.013714035,0.013715539,0.013609145,0.013646289
2018-10-04,0.013635497,0.013635497,0.013533631,0.013540962
2018-10-05,0.013582712,0.013613221,0.013403029,0.013473457
2018-10-08,0.013556932,0.013557209,0.013484358,0.013556932
2018-10-09,0.013502930,0.013561161,0.013435443,0.013533631
2018-10-10,0.013453428,0.013506212,0.013401233,0.013413816
2018-10-11,0.013386881,0.013561161,0.013351135,0.013404826
2018-10-12,0.013505666,0.013603591,0.013484358,0.013484358
2018-10-15,0.013586403,0.013586403,0.013442667,0.013572941
2018-10-16,0.013557392,0.013657470,0.013498920,0.013498920
2018-10-17,0.013613221,0.013653741,0.013568521,0.013613685
2018-10-18,0.013588249,0.013616557,0.013528138,0.013528138
2018-10-19,0.013601186,0.013648151,0.013484358,0.013484358
2018-10-22,0.013629921,0.013663068,0.013542796,0.013611925
2018-10-23,0.013596101,0.013620268,0.013528138,0.013539220
2018-10-24,0.013657470,0.013693003,0.013612851,0.013657228
2018-10-25,0.013657378,0.013776002,0.013613777,0.013657378
2018-10-26,0.013657378,0.013661203,0.013612851,0.013657433
2018-10-29,0.013675214,0.013675214,0.013564840,0.013675214
2018-10-30,0.013588692,0.013625278,0.013522651,0.013588692
2018-10-31,0.013577732,0.013592497,0.013468013,0.013577732
2018-11-01,0.013500743,0.013689253,0.013499812,0.013500743
2018-11-02,0.013683728,0.013805863,0.013640705,0.013640705
2018-11-05,0.013716481,0.013805863,0.013636983,0.013716481
2018-11-06,0.013724952,0.013740038,0.013676148,0.013724952
2018-11-07,0.013655605,0.013850416,0.013655605,0.013655605
2018-11-08,0.013815972,0.013869626,0.013776002,0.013815972
2018-11-09,0.013817879,0.013817879,0.013717420,0.013717420
2018-11-12,0.013798813,0.013798813,0.013683634,0.013798813
2018-11-13,0.013726836,0.013831258,0.013664936,0.013664936
2018-11-14,0.013773155,0.013894678,0.013772586,0.013783597
2018-11-15,0.013831163,0.013921759,0.013812155,0.013812155
2018-11-16,0.013909715,0.013942529,0.013863858,0.013909811
2018-11-19,0.013932427,0.014023279,0.013867702,0.013932427
2018-11-20,0.013967436,0.014031149,0.013948946,0.013948946
2018-11-21,0.014002660,0.014076577,0.014001093,0.014002660
2018-11-22,0.014026229,0.014162300,0.014026111,0.014026229
2018-11-23,0.014117315,0.014216662,0.014114327,0.014117315
2018-11-26,0.014150276,0.014228799,0.014110343,0.014150276
2018-11-27,0.014122339,0.014140671,0.014086690,0.014122300
2018-11-28,0.014108352,0.014182385,0.014076577,0.014108352
2018-11-29,0.014158189,0.014343087,0.014158170,0.014164306
2018-11-30,0.014332705,0.014371946,0.014302060,0.014302060
2018-12-03,0.014334862,0.014335067,0.014186410,0.014334862
2018-12-04,0.014187416,0.014217673,0.014148274,0.014187416
2018-12-05,0.014158290,0.014216662,0.014142271,0.014158290
2018-12-06,0.014110343,0.014173741,0.014056790,0.014110343
2018-12-07,0.014131280,0.014198495,0.014021313,0.014134276
2018-12-10,0.014012472,0.014113729,0.013755159,0.014012472
2018-12-11,0.013795007,0.013948946,0.013749484,0.013749484
2018-12-12,0.013833077,0.013933787,0.013770311,0.013770311
2018-12-13,0.013921759,0.013999720,0.013860013,0.013860013
2018-12-14,0.013982103,0.013982103,0.013856173,0.013976827
2018-12-17,0.013906271,0.013986014,0.013906175,0.013906271
2018-12-18,0.013968432,0.014198495,0.013962580,0.013968432
2018-12-19,0.014170327,0.014308608,0.014170327,0.014170327
2018-12-20,0.014147192,0.014357502,0.014145672,0.014147173
2018-12-21,0.014224750,0.014334862,0.014222728,0.014224750
2018-12-24,0.014257200,0.014318443,0.014228799,0.014257200
2018-12-25,0.014263300,0.014285714,0.014234875,0.014236903
2018-12-26,0.014236903,0.014336918,0.014236903,0.014236903
2018-12-27,0.014255167,0.014273481,0.014204545,0.014255167
2018-12-28,0.014287756,0.014312293,0.014214035,0.014287756
2018-12-31,0.014301548,0.014394702,0.014301036,0.014301548
2019-01-01,0.014345144,0.014402996,0.014341029,0.014345144
2019-01-02,0.014400300,0.014400300,0.014238320,0.014345144
2019-01-03,0.014293882,0.014293882,0.014182385,0.014293882
2019-01-04,0.014265233,0.014367816,0.014224750,0.014224750
2019-01-07,0.014383315,0.014475970,0.014302060,0.014383315
2019-01-08,0.014324596,0.014343087,0.014238118,0.014324596
2019-01-09,0.014260249,0.014283673,0.014158290,0.014218683
2019-01-10,0.014174244,0.014220705,0.014156286,0.014174244
2019-01-11,0.014202528,0.014214641,0.014140272,0.014140272
2019-01-14,0.014210600,0.014230825,0.014096816,0.014210600
2019-01-15,0.014067666,0.014146272,0.014056790,0.014067666
2019-01-16,0.014066182,0.014098407,0.014035088,0.014066182
2019-01-17,0.014012472,0.014090362,0.013972335,0.014012472
2019-01-18,0.014078558,0.014088475,0.014033117,0.014078519
2019-01-21,0.014039028,0.014058766,0.013980148,0.014039028
2019-01-22,0.014047904,0.014070635,0.013986014,0.013986014
2019-01-23,0.014038988,0.014065132,0.014013452,0.014038988
2019-01-24,0.014053372,0.014096419,0.014025245,0.014053372
2019-01-25,0.014086491,0.014107555,0.014040409,0.014086491
2019-01-28,0.014089469,0.014112334,0.014046916,0.014089469
2019-01-29,0.014066655,0.014080541,0.013995213,0.014066655
2019-01-30,0.014001190,0.014063115,0.013962580,0.013962580
2019-01-31,0.014060742,0.014116319,0.014039028,0.014060742
2019-02-01,0.014094434,0.014100395,0.013989926,0.014044944
2019-02-04,0.013995469,0.014005602,0.013908206,0.013995469
2019-02-05,0.013949920,0.013984058,0.013925637,0.013949920
2019-02-06,0.013933399,0.013995802,0.013933399,0.013933399
2019-02-07,0.013978097,0.014031149,0.013912076,0.013978097
2019-02-08,0.013970383,0.014080541,0.013970383,0.013970383
2019-02-11,0.014054813,0.014077666,0.014025245,0.014054813
2019-02-12,0.014039028,0.014172336,0.014036861,0.014039028
2019-02-13,0.014149355,0.014206563,0.014108352,0.014122300
2019-02-14,0.014111320,0.014126687,0.014037059,0.014111320
2019-02-15,0.014082523,0.014084507,0.013993843,0.014082523
2019-02-18,0.014021313,0.014031149,0.013984058,0.014021313
2019-02-19,0.014010213,0.014037059,0.013947002,0.013947002
2019-02-20,0.014024262,0.014098009,0.013966481,0.013966481
2019-02-21,0.014074793,0.014098407,0.014025245,0.014025245
2019-02-22,0.014047904,0.014080541,0.014039028,0.014047904
2019-02-25,0.014079055,0.014121321,0.014054813,0.014078360
2019-02-26,0.014119407,0.014123995,0.013999720,0.014066677
2019-02-27,0.014096419,0.014100395,0.013989926,0.014096419
2019-02-28,0.014041926,0.014143571,0.013967943,0.014046916
2019-03-01,0.014121102,0.014146612,0.014072615,0.014121102
2019-03-04,0.014086491,0.014136373,0.014044944,0.014086491
2019-03-05,0.014104372,0.014205150,0.014089170,0.014104372
2019-03-06,0.014188422,0.014281592,0.014135774,0.014135774
2019-03-07,0.014271340,0.014330138,0.014211611,0.014211611
2019-03-08,0.014186912,0.014331719,0.014186912,0.014186912
2019-03-11,0.014288388,0.014328290,0.014280920,0.014288388
2019-03-12,0.014328680,0.014392320,0.014328639,0.014328680
2019-03-13,0.014364617,0.014406315,0.014317417,0.014317417
2019-03-14,0.014341790,0.014427307,0.014341790,0.014341790
2019-03-15,0.014422251,0.014510629,0.014362141,0.014422251
2019-03-18,0.014502631,0.014608136,0.014442519,0.014502631
2019-03-19,0.014574073,0.014630470,0.014456821,0.014573436
2019-03-20,0.014491158,0.014547253,0.014426372,0.014426372
2019-03-21,0.014539004,0.014613474,0.014529604,0.014529604
2019-03-22,0.014534778,0.014588319,0.014440120,0.014507472
2019-03-25,0.014459100,0.014536996,0.014453792,0.014459120
2019-03-26,0.014508860,0.014570038,0.014429702,0.014508860
2019-03-27,0.014495695,0.014541226,0.014403515,0.014403515
2019-03-28,0.014473875,0.014510839,0.014415453,0.014415453
2019-03-29,0.014454731,0.014484567,0.014388490,0.014388490
2019-04-01,0.014402996,0.014455045,0.014365752,0.014402996
2019-04-02,0.014451806,0.014547592,0.014382281,0.014451849
2019-04-03,0.014511577,0.014624587,0.014449823,0.014511639
2019-04-04,0.014610698,0.014611338,0.014402996,0.014524329
2019-04-05,0.014498953,0.014505576,0.014424291,0.014498974
2019-04-08,0.014459120,0.014459224,0.014332809,0.014459224
2019-04-09,0.014378560,0.014440850,0.014344116,0.014377628
2019-04-10,0.014438036,0.014475760,0.014416534,0.014437973
2019-04-11,0.014463303,0.014528548,0.014389524,0.014463366
2019-04-12,0.014490023,0.014490653,0.014402996,0.014402996
2019-04-15,0.014454418,0.014508734,0.014362761,0.014459015
2019-04-16,0.014411714,0.014413064,0.014324596,0.014324596
2019-04-17,0.014383729,0.014423146,0.014309222,0.014309222
2019-04-18,0.014409014,0.014418570,0.014364309,0.014409014
2019-04-19,0.014411714,0.014431056,0.014335890,0.014413169
2019-04-22,0.014411714,0.014417532,0.014303185,0.014417532
2019-04-23,0.014349260,0.014403204,0.014272970,0.014272970
2019-04-24,0.014334760,0.014355028,0.014287960,0.014335273
2019-04-25,0.014295312,0.014302878,0.014188926,0.014266189
2019-04-26,0.014253034,0.014333979,0.014176354,0.014253135
2019-04-29,0.014317826,0.014333731,0.014275517,0.014318031
2019-04-30,0.014315367,0.014382281,0.014301855,0.014324226
2019-05-01,0.014360080,0.014401335,0.014300321,0.014376905
2019-05-02,0.014360080,0.014432305,0.014357707,0.014361029
2019-05-03,0.014404178,0.014479638,0.014332809,0.014404157
2019-05-06,0.014474294,0.014474294,0.014395324,0.014457553
2019-05-07,0.014408599,0.014437931,0.014355440,0.014409160
2019-05-08,0.014367198,0.014401129,0.014304104,0.014304104
2019-05-09,0.014341647,0.014350497,0.014227786,0.014283673
2019-05-10,0.014246435,0.014336096,0.014202528,0.014202528
2019-05-13,0.014284081,0.014301753,0.014156987,0.014301548
2019-05-14,0.014160897,0.014236700,0.014092446,0.014160897
2019-05-15,0.014223335,0.014251917,0.014200612,0.014223335
2019-05-16,0.014242255,0.014303082,0.014219189,0.014243148
2019-05-17,0.014239518,0.014270425,0.014224144,0.014237915
2019-05-20,0.014230216,0.014438348,0.014228495,0.014228495
2019-05-21,0.014367403,0.014367961,0.014259741,0.014259741
2019-05-23,0.014358945,0.014420776,0.014247043,0.014291328
2019-05-24,0.014355853,0.014418052,0.014296948,0.014296948
2019-05-27,0.014414830,0.014427933,0.014365360,0.014417532
2019-05-28,0.014389940,0.014395740,0.014341236,0.014343087
2019-05-29,0.014311270,0.014373805,0.014286122,0.014311270
2019-05-30,0.014323528,0.014366681,0.014273481,0.014323569
2019-05-31,0.014325826,0.014370748,0.014289796,0.014289796
2019-06-03,0.014373908,0.014466755,0.014373908,0.014374094
2019-06-04,0.014458891,0.014489814,0.014413584,0.014458827
2019-06-05,0.014433348,0.014457553,0.014376079,0.014376079
2019-06-06,0.014411258,0.014512525,0.014362657,0.014362657
2019-06-07,0.014417532,0.014498217,0.014376698,0.014417532
2019-06-10,0.014420027,0.014467592,0.014357913,0.014420650
2019-06-11,0.014386626,0.014420027,0.014338974,0.014383626
2019-06-12,0.014411506,0.014439808,0.014357502,0.014412026
2019-06-13,0.014347203,0.014428557,0.014347203,0.014347203
2019-06-14,0.014376492,0.014387662,0.014318031,0.014326647
2019-06-17,0.014321314,0.014337123,0.014276537,0.014332705
2019-06-18,0.014323159,0.014399471,0.014262792,0.014262792
2019-06-19,0.014367713,0.014392839,0.014325417,0.014333835
2019-06-20,0.014359460,0.014423562,0.014312293,0.014312293
2019-06-21,0.014386419,0.014387868,0.014330754,0.014330754
2019-06-24,0.014366165,0.014431888,0.014353895,0.014374033
2019-06-25,0.014438557,0.014446900,0.014367300,0.014367300
2019-06-26,0.014360080,0.014471990,0.014332809,0.014360080
2019-06-27,0.014367300,0.014492963,0.014364617,0.014367300
2019-06-28,0.014424811,0.014520320,0.014424811,0.014424811
2019-07-01,0.014505262,0.014530449,0.014477018,0.014505262
2019-07-02,0.014518424,0.014521376,0.014457656,0.014457656
2019-07-03,0.014517370,0.014539216,0.014475447,0.014475447
2019-07-04,0.014537841,0.014602377,0.014491178,0.014491178
2019-07-05,0.014547571,0.014622235,0.014541226,0.014547571
2019-07-08,0.014610698,0.014611338,0.014526439,0.014611338
2019-07-09,0.014585977,0.014597048,0.014524329,0.014524329
2019-07-10,0.014586722,0.014642895,0.014542282,0.014542282
2019-07-11,0.014596813,0.014662262,0.014592149,0.014626811
2019-07-12,0.014610698,0.014629187,0.014559644,0.014562400
2019-07-15,0.014587786,0.014640967,0.014579171,0.014587828
2019-07-16,0.014591511,0.014597262,0.014545455,0.014545984
2019-07-17,0.014560005,0.014576410,0.014514842,0.014514842
2019-07-18,0.014537864,0.014555977,0.014490129,0.014537841
2019-07-19,0.014537990,0.014576941,0.014506523,0.014524329
2019-07-22,0.014523696,0.014528548,0.014449823,0.014528548
2019-07-23,0.014459224,0.014513788,0.014452434,0.014459224
2019-07-24,0.014488555,0.014509029,0.014419611,0.014488555
2019-07-25,0.014496724,0.014517413,0.014454001,0.014454001
2019-07-26,0.014460688,0.014531504,0.014418052,0.014461212
2019-07-29,0.014520005,0.014553922,0.014501791,0.014520110
2019-07-30,0.014545877,0.014564520,0.014503264,0.014503264
2019-07-31,0.014476494,0.014544186,0.014476494,0.014476494
2019-08-01,0.014492774,0.014520744,0.014408184,0.014408184
2019-08-02,0.014430639,0.014491178,0.014326647,0.014430596
2019-08-05,0.014348643,0.014356080,0.014047509,0.014356080
2019-08-06,0.013982103,0.014185403,0.013982103,0.013982103
2019-08-07,0.014077964,0.014165811,0.014004719,0.014039028
2019-08-08,0.014051812,0.014205351,0.014043957,0.014051831
2019-08-09,0.014187014,0.014194868,0.014072318,0.014190254
2019-08-12,0.014100991,0.014102383,0.014012962,0.014077567
2019-08-13,0.014029968,0.014136274,0.013970383,0.013970383
2019-08-14,0.014062661,0.014122300,0.013973800,0.014068655
2019-08-15,0.014031543,0.014031543,0.013908206,0.013959617
2019-08-16,0.013926994,0.014082920,0.013926994,0.013943112
2019-08-19,0.014055208,0.014077567,0.013970480,0.014058369
2019-08-20,0.013996976,0.013997564,0.013889853,0.013889853
2019-08-21,0.013977803,0.014018561,0.013925637,0.013925637
2019-08-22,0.013999819,0.014006976,0.013885032,0.013998192
2019-08-23,0.013837958,0.014004327,0.013837958,0.013904260
2019-08-26,0.013985037,0.013985525,0.013824566,0.013985525
2019-08-27,0.013886902,0.014011489,0.013858092,0.013858092
2019-08-28,0.013979112,0.013994821,0.013909174,0.013979170
2019-08-29,0.013923834,0.013962580,0.013870876,0.013872512
2019-08-30,0.013950835,0.014010116,0.013893230,0.013950855
2019-09-02,0.013996585,0.013996585,0.013887385,0.013941188
2019-09-03,0.013896706,0.013941168,0.013770311,0.013896205
2019-09-04,0.013857997,0.013910721,0.013800718,0.013800718
2019-09-05,0.013896995,0.013933203,0.013837000,0.013897439
2019-09-06,0.013903700,0.013990710,0.013846580,0.013846580
2019-09-09,0.013959072,0.013988401,0.013944085,0.013952840
2019-09-10,0.013871069,0.013940390,0.013867702,0.013871069
2019-09-11,0.013914882,0.013967846,0.013854253,0.013916141
2019-09-12,0.013974228,0.014111537,0.013921276,0.013974268
2019-09-13,0.014091653,0.014112732,0.014028196,0.014028196
2019-09-16,0.014088873,0.014088873,0.013957066,0.014080402
2019-09-17,0.013971750,0.014014434,0.013826993,0.013937457
2019-09-18,0.013989340,0.014068061,0.013945057,0.013945057
2019-09-19,0.014057185,0.014073704,0.013977705,0.013977705
2019-09-20,0.014008958,0.014141811,0.013943599,0.013943599
2019-09-23,0.014071031,0.014130640,0.014039521,0.014046602
2019-09-24,0.014080541,0.014140311,0.014078558,0.014126370
2019-09-25,0.014092784,0.014097453,0.014020330,0.014028196
2019-09-26,0.014088277,0.014118013,0.014023279,0.014023279
2019-09-27,0.014093836,0.014211410,0.014041986,0.014041986
2019-09-30,0.014184196,0.014209531,0.014109247,0.014184658
2019-10-01,0.014156686,0.014163002,0.014036763,0.014099898
2019-10-02,0.014064698,0.014083416,0.013977608,0.014064698
2019-10-03,0.014056690,0.014110742,0.014002660,0.014056473
2019-10-04,0.014079945,0.014131780,0.014035088,0.014080541
2019-10-07,0.014120704,0.014121301,0.014066380,0.014121301
2019-10-08,0.014090857,0.014118710,0.014013452,0.014013452
2019-10-09,0.014042380,0.014094632,0.013971359,0.014042972
2019-10-10,0.014062127,0.014107954,0.014003640,0.014003640
2019-10-11,0.014044944,0.014132477,0.014044944,0.014088475
2019-10-14,0.014100991,0.014137973,0.014035187,0.014101587
2019-10-15,0.014039226,0.014059952,0.013969798,0.013995312
2019-10-16,0.013935340,0.014012569,0.013935340,0.013935340
2019-10-17,0.014014552,0.014070635,0.013962580,0.013962580
2019-10-18,0.014060149,0.014091254,0.014001190,0.014001190
2019-10-21,0.014068061,0.014135175,0.014016203,0.014078558
2019-10-22,0.014063708,0.014132777,0.014063708,0.014063708
2019-10-23,0.014069646,0.014142672,0.014049876,0.014069646
2019-10-24,0.014097909,0.014144371,0.014070041,0.014141272
2019-10-25,0.014092844,0.014133975,0.014046916,0.014046916
2019-10-28,0.014118311,0.014149755,0.014108850,0.014118311
2019-10-29,0.014137253,0.014148274,0.014104770,0.014137273
2019-10-30,0.014107496,0.014138473,0.014074595,0.014107437
2019-10-31,0.014086491,0.014148975,0.014056987,0.014086491
2019-11-01,0.014030657,0.014176755,0.014030657,0.014090461
2019-11-04,0.014181963,0.014190135,0.014121301,0.014181963
2019-11-05,0.014084507,0.014161437,0.014084507,0.014084507
2019-11-06,0.014105367,0.014154482,0.014065291,0.014105367
2019-11-07,0.014033611,0.014109387,0.014033611,0.014084507
2019-11-08,0.014023672,0.014031445,0.013991885,0.014010213
2019-11-11,0.014015418,0.014038437,0.013963751,0.014010213
2019-11-12,0.013937769,0.013987129,0.013931652,0.013971554
2019-11-13,0.013931438,0.013959266,0.013852047,0.013931458
2019-11-14,0.013861627,0.013922340,0.013819790,0.013861647
2019-11-15,0.013897460,0.013969114,0.013855693,0.013897420
2019-11-18,0.013961606,0.013971750,0.013900666,0.013945873
2019-11-19,0.013901439,0.013963106,0.013856173,0.013901420
2019-11-20,0.013875399,0.013955955,0.013875399,0.013917691
2019-11-21,0.013892747,0.013948207,0.013892747,0.013933747
2019-11-22,0.013939206,0.013958877,0.013899990,0.013939127
2019-11-25,0.013930952,0.013964237,0.013914980,0.013930952
2019-11-26,0.013951010,0.014001288,0.013925637,0.013950991
2019-11-27,0.013999819,0.014041038,0.013970383,0.014000034
2019-11-28,0.014039462,0.014039482,0.013937282,0.014039402
2019-11-29,0.013976748,0.013986405,0.013912946,0.013976748
2019-12-02,0.013939420,0.013971554,0.013925832,0.013942529
2019-12-03,0.013961586,0.013986209,0.013925832,0.013961606
2019-12-04,0.013941033,0.013992080,0.013896610,0.013896610
2019-12-05,0.013989926,0.014049068,0.013958682,0.013989907
2019-12-06,0.014039049,0.014045930,0.013999328,0.014008544
2019-12-09,0.014030578,0.014082821,0.014027843,0.014027843
2019-12-10,0.014092427,0.014128085,0.014054813,0.014092407
2019-12-11,0.014119846,0.014153681,0.014082523,0.014082523
2019-12-12,0.014138432,0.014180978,0.014098407,0.014138412
2019-12-13,0.014142271,0.014190234,0.014113530,0.014172356
2019-12-16,0.014148375,0.014150977,0.014078955,0.014146472
2019-12-17,0.014100295,0.014114724,0.014066477,0.014100295
2019-12-18,0.014079431,0.014110143,0.014032232,0.014041986
2019-12-19,0.014086491,0.014109944,0.014012472,0.014086511
2019-12-20,0.014040467,0.014077766,0.014000700,0.014040467
2019-12-23,0.014074595,0.014079748,0.014027115,0.014079748
2019-12-24,0.014042972,0.014056334,0.014003640,0.014042833
2019-12-25,0.013993843,0.014047410,0.013993843,0.013993843
2019-12-26,0.014018168,0.014044845,0.013978194,0.013978194
2019-12-27,0.013993843,0.014046916,0.013973897,0.014025186
2019-12-30,0.014003640,0.014034498,0.013986014,0.014022688
2019-12-31,0.014023082,0.014057816,0.013978682,0.014023082
2020-01-01,0.014030007,0.014078558,0.013999720,0.014030007
2020-01-02,0.014079549,0.014079549,0.014004523,0.014079549
2020-01-03,0.014002660,0.014039068,0.013889853,0.014002660
2020-01-06,0.013943112,0.013946418,0.013852334,0.013940973
2020-01-07,0.013885032,0.013953035,0.013882603,0.013930098
2020-01-08,0.013858092,0.014016498,0.013793103,0.013858092
2020-01-09,0.013960632,0.014064303,0.013960632,0.014003268
2020-01-10,0.014007073,0.014118510,0.014007073,0.014046068
2020-01-13,0.014093836,0.014154682,0.014086491,0.014093836
2020-01-14,0.014140491,0.014163002,0.014093936,0.014140491
2020-01-15,0.014063708,0.014152278,0.014063708,0.014115302
2020-01-16,0.014097909,0.014151978,0.014064698,0.014140671
2020-01-17,0.014052345,0.014117116,0.014052345,0.014095306
2020-01-20,0.014077825,0.014140272,0.014035088,0.014077627
2020-01-21,0.014036565,0.014078558,0.014011489,0.014078360
2020-01-22,0.014044154,0.014071328,0.014002660,0.014050865
2020-01-23,0.014070635,0.014070635,0.013995312,0.014069031
2020-01-24,0.014020881,0.014043267,0.013984058,0.014021116
2020-01-27,0.014021313,0.014021313,0.013959656,0.014020330
2020-01-28,0.013955761,0.014049284,0.013955761,0.013997760
2020-01-29,0.014039008,0.014051160,0.014000700,0.014038949
2020-01-30,0.014025245,0.014025245,0.013944668,0.014025245
2020-01-31,0.013958682,0.014029673,0.013958682,0.013958682
2020-02-03,0.013977217,0.014032034,0.013947002,0.013986699
2020-02-04,0.014022472,0.014067666,0.013983080,0.014022472
2020-02-05,0.014064618,0.014064717,0.014029181,0.014064698
2020-02-06,0.014048693,0.014060544,0.014006093,0.014048890
2020-02-07,0.013991885,0.014049384,0.013972140,0.013991885
2020-02-10,0.013985037,0.014033315,0.013982982,0.013982982
2020-02-11,0.013991885,0.014050568,0.013991885,0.014029181
2020-02-12,0.014030067,0.014071822,0.013990906,0.014030106
2020-02-13,0.014025934,0.014037885,0.013987599,0.014025993
2020-02-14,0.014031445,0.014033827,0.013967261,0.014031445
2020-02-17,0.013982552,0.014031347,0.013982552,0.013983119
2020-02-18,0.014015555,0.014019347,0.013963847,0.014015575
2020-02-19,0.013929516,0.014001485,0.013924667,0.013971359
2020-02-20,0.013960066,0.013976748,0.013904435,0.013922244
2020-02-21,0.013867702,0.013952840,0.013867702,0.013867702
2020-02-24,0.013914010,0.013933981,0.013820744,0.013910759
2020-02-25,0.013879886,0.013967846,0.013832215,0.013879886
2020-02-26,0.013914010,0.013981009,0.013862416,0.013914010
2020-02-27,0.013954124,0.013979170,0.013898058,0.013954124
2020-02-28,0.013902405,0.013961118,0.013733434,0.013902405
2020-03-02,0.013787588,0.013898058,0.013626299,0.013860013
2020-03-03,0.013807673,0.013823133,0.013586957,0.013731549
2020-03-04,0.013634752,0.013718363,0.013506670,0.013634752
2020-03-05,0.013505756,0.013689253,0.013498920,0.013505756
2020-03-06,0.013540026,0.013606090,0.013433637,0.013540026
2020-03-09,0.013514372,0.013538669,0.013322231,0.013514372
2020-03-10,0.013307606,0.013561989,0.013307606,0.013439776
2020-03-11,0.013476181,0.013623143,0.013439957,0.013476181
2020-03-12,0.013376136,0.013514518,0.013266119,0.013376136
2020-03-13,0.013434342,0.013568613,0.013256446,0.013280212
2020-03-16,0.013544629,0.013557944,0.013311592,0.013531067
2020-03-17,0.013305834,0.013590650,0.013305834,0.013305834
2020-03-18,0.013511250,0.013567600,0.013335200,0.013511250
2020-03-19,0.013336534,0.013438873,0.013232415,0.013336534
2020-03-20,0.013137151,0.013485268,0.013118194,0.013305003
2020-03-23,0.013264623,0.013284623,0.012860910,0.013223647
2020-03-24,0.013070871,0.013331112,0.012861736,0.013070871
2020-03-25,0.012943308,0.013183916,0.012907390,0.012943308
2020-03-26,0.012971009,0.013374438,0.012971009,0.013184698
2020-03-27,0.013382294,0.013515340,0.013114754,0.013382294
2020-03-30,0.013251177,0.013335112,0.013092433,0.013251177
2020-03-31,0.013262582,0.013309466,0.013074887,0.013262599
2020-04-01,0.013138878,0.013275805,0.012923636,0.013275805
2020-04-02,0.013057302,0.013156164,0.012891582,0.012891582
2020-04-03,0.012963443,0.013201321,0.012902394,0.012963443
2020-04-06,0.013118194,0.013174449,0.012923236,0.013118194
2020-04-07,0.013163975,0.013288683,0.012967646,0.013163975
2020-04-08,0.013044612,0.013232326,0.012953368,0.013044612
2020-04-09,0.013164997,0.013201756,0.012953368,0.013164997
2020-04-10,0.013046314,0.013191306,0.013041210,0.013046314
2020-04-13,0.013129132,0.013159193,0.012995030,0.013129132
2020-04-14,0.013002209,0.013168378,0.012993340,0.013002209
2020-04-15,0.013169851,0.013171534,0.013036194,0.013169851
2020-04-16,0.013071879,0.013076682,0.012901560,0.012951271
2020-04-17,0.013010855,0.013115270,0.012891582,0.012891582
2020-04-20,0.013061651,0.013104219,0.012934100,0.013061651
2020-04-21,0.013056125,0.013072528,0.012884107,0.012951691
2020-04-22,0.012872498,0.013091662,0.012872498,0.012992176
2020-04-23,0.012987856,0.013214841,0.012987856,0.013089005
2020-04-24,0.013085151,0.013185655,0.013020833,0.013085151
2020-04-27,0.013111058,0.013177401,0.013023376,0.013111058
2020-04-28,0.013045464,0.013194283,0.013045464,0.013125720
2020-04-29,0.013077879,0.013260488,0.013077879,0.013077879
2020-04-30,0.013225764,0.013368091,0.013201321,0.013287536
2020-05-01,0.013206550,0.013320369,0.013132839,0.013206550
2020-05-04,0.013229088,0.013270959,0.013191742,0.013227426
2020-05-05,0.013222267,0.013266119,0.013137877,0.013183916
2020-05-06,0.013128528,0.013229210,0.013128528,0.013128528
2020-05-07,0.013063357,0.013208382,0.013063357,0.013131753
2020-05-08,0.013144058,0.013287270,0.013144058,0.013144058
2020-05-11,0.013240648,0.013326315,0.013113034,0.013240648
2020-05-12,0.013170442,0.013325996,0.013104443,0.013104443
2020-05-13,0.013268143,0.013325516,0.013213530,0.013213530
2020-05-14,0.013257816,0.013272985,0.013204806,0.013257992
2020-05-15,0.013247665,0.013276810,0.013125857,0.013247665
2020-05-18,0.013189132,0.013225345,0.013141986,0.013189132
2020-05-19,0.013227513,0.013240211,0.013150973,0.013227496
2020-05-20,0.013210041,0.013251528,0.013157895,0.013157895
2020-05-21,0.013196094,0.013259785,0.013171760,0.013196094
2020-05-22,0.013223140,0.013225764,0.013121723,0.013223140
2020-05-25,0.013160492,0.013200013,0.013135512,0.013160492
2020-05-26,0.013179815,0.013261721,0.013138878,0.013138878
2020-05-27,0.013246875,0.013265889,0.013157895,0.013189132
2020-05-28,0.013177714,0.013221480,0.013135427,0.013135427
2020-05-29,0.013164824,0.013257975,0.013164824,0.013164824
2020-06-01,0.013242718,0.013291598,0.013197836,0.013242718
2020-06-02,0.013204806,0.013336391,0.013204806,0.013204806
2020-06-03,0.013284623,0.013348569,0.013212658,0.013321646
2020-06-04,0.013275329,0.013283405,0.013221391,0.013237144
2020-06-05,0.013247981,0.013278554,0.013193917,0.013246630
2020-06-08,0.013241929,0.013264569,0.013203063,0.013241929
2020-06-09,0.013262634,0.013264025,0.013211610,0.013223140
2020-06-10,0.013243333,0.013266664,0.013196112,0.013243314
2020-06-11,0.013179571,0.013245033,0.013123876,0.013179571
2020-06-12,0.013090719,0.013198270,0.013090719,0.013090719
2020-06-15,0.013165360,0.013176099,0.013119916,0.013165378
2020-06-16,0.013141035,0.013202191,0.013108944,0.013161705
2020-06-17,0.013088371,0.013141555,0.013045464,0.013045464
2020-06-18,0.013107912,0.013157634,0.013063357,0.013063357
2020-06-19,0.013074784,0.013139655,0.013048868,0.013088937
2020-06-22,0.013113499,0.013203324,0.013079846,0.013114394
2020-06-23,0.013157895,0.013249947,0.013137187,0.013194387
2020-06-24,0.013185655,0.013251000,0.013185655,0.013226148
2020-06-25,0.013163091,0.013241561,0.013163091,0.013163091
2020-06-26,0.013237669,0.013257237,0.013202191,0.013238054
2020-06-29,0.013224050,0.013256990,0.013220204,0.013224050
2020-06-30,0.013241736,0.013264623,0.013210041,0.013210041
2020-07-01,0.013235041,0.013249421,0.013201321,0.013201321
2020-07-02,0.013213968,0.013403478,0.013213968,0.013252949
2020-07-03,0.013355592,0.013414806,0.013335112,0.013383118
2020-07-06,0.013390591,0.013435389,0.013367554,0.013390591
2020-07-07,0.013403478,0.013415562,0.013339914,0.013403460
2020-07-08,0.013311148,0.013366750,0.013311148,0.013311148
2020-07-09,0.013347393,0.013360446,0.013305534,0.013344026
2020-07-10,0.013273163,0.013323260,0.013270519,0.013273163
2020-07-13,0.013298880,0.013320811,0.013256446,0.013305215
2020-07-14,0.013253811,0.013295786,0.013243192,0.013253811
2020-07-15,0.013231889,0.013325641,0.013231889,0.013231889
2020-07-16,0.013311165,0.013318062,0.013271401,0.013311165
2020-07-17,0.013259083,0.013348283,0.013259083,0.013302383
2020-07-20,0.013351599,0.013378463,0.013306719,0.013351616
2020-07-21,0.013335112,0.013421485,0.013334399,0.013335112
2020-07-22,0.013374348,0.013429200,0.013363071,0.013374348
2020-07-23,0.013365410,0.013409805,0.013346573,0.013365410
2020-07-24,0.013325338,0.013389624,0.013315580,0.013367680
2020-07-27,0.013382294,0.013420387,0.013336267,0.013376172
2020-07-28,0.013333334,0.013396117,0.013333334,0.013333334
2020-07-29,0.013317353,0.013389749,0.013317353,0.013317353
2020-07-30,0.013363410,0.013377836,0.013329780,0.013363410
2020-07-31,0.013371880,0.013402400,0.013335112,0.013335112
2020-08-03,0.013347945,0.013362553,0.013280494,0.013347963
2020-08-04,0.013274923,0.013338136,0.013268759,0.013274923
2020-08-05,0.013289036,0.013374115,0.013289036,0.013289036
2020-08-06,0.013315580,0.013374527,0.013315580,0.013354308
2020-08-07,0.013351170,0.013355414,0.013313948,0.013351170
2020-08-10,0.013328552,0.013358982,0.013289742,0.013328926
2020-08-11,0.013315580,0.013419936,0.013315580,0.013315580
2020-08-12,0.013351135,0.013401269,0.013346857,0.013351135
2020-08-13,0.013333778,0.013379000,0.013333778,0.013373972
2020-08-14,0.013328003,0.013381775,0.013328003,0.013328003
2020-08-17,0.013350636,0.013393623,0.013319126,0.013350636
2020-08-18,0.013333334,0.013410165,0.013333334,0.013333334
2020-08-19,0.013369878,0.013409265,0.013323119,0.013369878
2020-08-20,0.013301410,0.013360553,0.013297873,0.013339239
2020-08-21,0.013299640,0.013364875,0.013299640,0.013333351
2020-08-24,0.013347250,0.013527169,0.013347250,0.013347250
2020-08-25,0.013440860,0.013504936,0.013397768,0.013440860
2020-08-26,0.013431382,0.013479633,0.013431382,0.013431382
2020-08-27,0.013430030,0.013556766,0.013430030,0.013469810
2020-08-28,0.013518994,0.013680676,0.013518994,0.013554820
2020-08-31,0.013674578,0.013692159,0.013534547,0.013674596
2020-09-01,0.013574047,0.013751660,0.013574047,0.013574047
2020-09-02,0.013648151,0.013719435,0.013629548,0.013648151
2020-09-03,0.013612851,0.013718644,0.013566440,0.013652157
2020-09-04,0.013574506,0.013696603,0.013574047,0.013615093
2020-09-07,0.013644370,0.013695066,0.013604184,0.013644370
2020-09-08,0.013577732,0.013625278,0.013521224,0.013577732
2020-09-09,0.013552560,0.013683167,0.013504389,0.013552560
2020-09-10,0.013596193,0.013696378,0.013596193,0.013596193
2020-09-11,0.013559322,0.013630664,0.013559322,0.013600391
2020-09-14,0.013609386,0.013652995,0.013568079,0.013609405
2020-09-15,0.013626948,0.013644706,0.013564288,0.013584188
2020-09-16,0.013585092,0.013612146,0.013550135,0.013550135
2020-09-17,0.013556565,0.013624349,0.013552320,0.013596064
2020-09-18,0.013553808,0.013666243,0.013553808,0.013589984
2020-09-21,0.013599004,0.013646660,0.013577807,0.013599004
2020-09-22,0.013590686,0.013626206,0.013577732,0.013590686
2020-09-23,0.013604905,0.013616928,0.013550135,0.013604887
2020-09-24,0.013511688,0.013593790,0.013473094,0.013554103
2020-09-25,0.013529968,0.013594068,0.013529968,0.013571762
2020-09-28,0.013568631,0.013601870,0.013537295,0.013568649
2020-09-29,0.013556601,0.013586218,0.013518081,0.013518081
2020-09-30,0.013576811,0.013600927,0.013539770,0.013541878
2020-10-01,0.013567600,0.013693566,0.013567600,0.013567600
2020-10-02,0.013620268,0.013672410,0.013599337,0.013658030
2020-10-05,0.013638378,0.013689798,0.013624349,0.013638397
2020-10-06,0.013676935,0.013690379,0.013607479,0.013678337
2020-10-07,0.013547381,0.013683634,0.013547381,0.013547381
2020-10-08,0.013597579,0.013662322,0.013596840,0.013597579
2020-10-09,0.013646195,0.013702948,0.013605942,0.013646195
2020-10-12,0.013695834,0.013711027,0.013621529,0.013695853
2020-10-13,0.013633116,0.013652697,0.013604517,0.013633116
2020-10-14,0.013620583,0.013660232,0.013583265,0.013583265
2020-10-15,0.013606831,0.013660829,0.013601982,0.013643271
2020-10-16,0.013592497,0.013647649,0.013592497,0.013629363
2020-10-19,0.013615853,0.013645544,0.013587879,0.013615853
2020-10-20,0.013625148,0.013643496,0.013591574,0.013591574
2020-10-21,0.013609202,0.013631593,0.013553036,0.013578193
2020-10-22,0.013563920,0.013610478,0.013534729,0.013571966
2020-10-23,0.013564840,0.013610442,0.013534492,0.013564840
2020-10-26,0.013543895,0.013570362,0.013492672,0.013545932
2020-10-27,0.013488451,0.013584373,0.013488451,0.013522925
2020-10-28,0.013547400,0.013579024,0.013467651,0.013549217
2020-10-29,0.013433637,0.013525760,0.013418371,0.013433637
2020-10-30,0.013465474,0.013507673,0.013386521,0.013465474
2020-11-02,0.013385573,0.013463661,0.013385518,0.013413726
2020-11-03,0.013430607,0.013468920,0.013389605,0.013430607
2020-11-04,0.013360053,0.013462791,0.013333156,0.013394842
2020-11-05,0.013478815,0.013541731,0.013439541,0.013444475
2020-11-06,0.013491634,0.013538395,0.013462845,0.013491634
2020-11-09,0.013517934,0.013579005,0.013482904,0.013517204
2020-11-10,0.013487996,0.013535829,0.013428984,0.013522065
2020-11-11,0.013427774,0.013493819,0.013415993,0.013462284
2020-11-12,0.013400370,0.013447006,0.013376315,0.013410219
2020-11-13,0.013391955,0.013428929,0.013353399,0.013357377
2020-11-16,0.013406659,0.013444601,0.013406659,0.013425035
2020-11-17,0.013413816,0.013454097,0.013403227,0.013437591
2020-11-18,0.013426404,0.013507088,0.013386020,0.013426478
2020-11-19,0.013437249,0.013491672,0.013433223,0.013437249
2020-11-20,0.013495349,0.013500196,0.013451853,0.013495349
2020-11-23,0.013491672,0.013512966,0.013439721,0.013483922
2020-11-24,0.013469012,0.013534657,0.013468195,0.013468938
2020-11-25,0.013520676,0.013559543,0.013482541,0.013520676
2020-11-26,0.013553827,0.013561363,0.013500650,0.013553827
2020-11-27,0.013504609,0.013560020,0.013464659,0.013504609
2020-11-30,0.013525339,0.013535628,0.013477361,0.013524314
2020-12-01,0.013508913,0.013611925,0.013482014,0.013508913
2020-12-02,0.013574083,0.013624349,0.013547603,0.013576811
2020-12-03,0.013575410,0.013581347,0.013522065,0.013575410
2020-12-04,0.013524662,0.013575945,0.013497589,0.013538230
2020-12-07,0.013551917,0.013581089,0.013523016,0.013551917
2020-12-08,0.013548318,0.013597672,0.013506705,0.013509863
2020-12-09,0.013544208,0.013599707,0.013524516,0.013563662
2020-12-10,0.013546960,0.013582528,0.013525395,0.013525395
2020-12-11,0.013563607,0.013598689,0.013527681,0.013563607
2020-12-14,0.013561529,0.013610997,0.013553625,0.013561529
2020-12-15,0.013539128,0.013605036,0.013531745,0.013539128
2020-12-16,0.013557520,0.013613109,0.013550870,0.013557520
2020-12-17,0.013545584,0.013626819,0.013545584,0.013583893
2020-12-18,0.013586071,0.013610812,0.013558440,0.013599928
2020-12-21,0.013586292,0.013603073,0.013496733,0.013586292
2020-12-22,0.013525339,0.013552578,0.013476671,0.013525339
2020-12-23,0.013512509,0.013578396,0.013464388,0.013464388
2020-12-24,0.013542832,0.013614556,0.013495277,0.013542832
2020-12-25,0.013594751,0.013596193,0.013550135,0.013594751
2020-12-28,0.013570546,0.013613555,0.013562117,0.013570546
2020-12-29,0.013597136,0.013644948,0.013556141,0.013597136
2020-12-30,0.013576811,0.013679591,0.013575004,0.013614037
2020-12-31,0.013673530,0.013708658,0.013633265,0.013673530
2021-01-01,0.013681912,0.013693940,0.013638880,0.013681912
2021-01-04,0.013681388,0.013736547,0.013661016,0.013681388
2021-01-05,0.013681482,0.013705483,0.013637020,0.013638844
2021-01-06,0.013667177,0.013691128,0.013628657,0.013628657
2021-01-07,0.013628657,0.013686817,0.013611553,0.013631406
2021-01-08,0.013563000,0.013661912,0.013561198,0.013615445
2021-01-11,0.013628918,0.013635068,0.013589874,0.013628918
2021-01-12,0.013553993,0.013660829,0.013553993,0.013602944
2021-01-13,0.013621380,0.013686856,0.013621380,0.013667737
2021-01-14,0.013666804,0.013710086,0.013632523,0.013666823
2021-01-15,0.013681763,0.013698161,0.013628045,0.013682212
2021-01-18,0.013668858,0.013675587,0.013620268,0.013668858
2021-01-19,0.013663217,0.013680078,0.013641076,0.013663311
2021-01-20,0.013662695,0.013717553,0.013662640,0.013662714
2021-01-21,0.013715935,0.013720620,0.013690135,0.013715371
2021-01-22,0.013707098,0.013711967,0.013654207,0.013707098
2021-01-25,0.013699399,0.013721562,0.013657470,0.013699399
2021-01-26,0.013704262,0.013741077,0.013657098,0.013704262
2021-01-27,0.013713677,0.013736642,0.013685151,0.013713659
2021-01-28,0.013691690,0.013718024,0.013666037,0.013691671
2021-01-29,0.013710124,0.013742398,0.013692947,0.013710124
2021-02-01,0.013716179,0.013733038,0.013660568,0.013716179
2021-02-02,0.013676187,0.013715991,0.013637951,0.013676187
2021-02-03,0.013708020,0.013732679,0.013698068,0.013714355
2021-02-04,0.013724989,0.013731360,0.013700431,0.013725328
2021-02-05,0.013701240,0.013740472,0.013694353,0.013708827
2021-02-08,0.013739132,0.013740416,0.013695816,0.013739132
2021-02-09,0.013711797,0.013736038,0.013697823,0.013711797
2021-02-10,0.013725781,0.013740416,0.013678206,0.013725913
2021-02-11,0.013734887,0.013760041,0.013721487,0.013734887
2021-02-12,0.013753360,0.013781167,0.013731529,0.013753360
2021-02-15,0.013775091,0.013805291,0.013757997,0.013775091
2021-02-16,0.013766766,0.013775528,0.013714655,0.013766766
2021-02-17,0.013710839,0.013750808,0.013669793,0.013710839
2021-02-18,0.013738717,0.013785745,0.013735509,0.013736772
2021-02-19,0.013773061,0.013812479,0.013752322,0.013773080
2021-02-22,0.013783027,0.013830015,0.013776135,0.013783027
2021-02-23,0.013801117,0.013827434,0.013782362,0.013803765
2021-02-24,0.013815570,0.013837383,0.013774294,0.013816544
2021-02-25,0.013812995,0.013835277,0.013742549,0.013812155
2021-02-26,0.013669624,0.013721562,0.013480959,0.013670372
2021-03-01,0.013587713,0.013664003,0.013490725,0.013587713
2021-03-02,0.013640815,0.013646008,0.013537112,0.013640815
2021-03-03,0.013646754,0.013749711,0.013638880,0.013646754
2021-03-04,0.013721053,0.013771791,0.013678393,0.013721053
2021-03-05,0.013673943,0.013748539,0.013640480,0.013673943
2021-03-08,0.013673643,0.013709898,0.013621139,0.013673643
2021-03-09,0.013636909,0.013720131,0.013626521,0.013636983
2021-03-10,0.013740831,0.013742889,0.013684008,0.013740812
2021-03-11,0.013754004,0.013780787,0.013736642,0.013754023
2021-03-12,0.013766710,0.013780748,0.013722448,0.013766710
2021-03-15,0.013758375,0.013813623,0.013739661,0.013758375
2021-03-16,0.013790194,0.013818739,0.013708771,0.013790194
2021-03-17,0.013790117,0.013793807,0.013697129,0.013790136
2021-03-18,0.013779837,0.013832101,0.013746837,0.013832101
2021-03-19,0.013761083,0.013803289,0.013748010,0.013761064
2021-03-22,0.013811201,0.013831067,0.013708020,0.013811201
2021-03-23,0.013815876,0.013837766,0.013785669,0.013815876
2021-03-24,0.013771772,0.013792932,0.013683541,0.013771791
2021-03-25,0.013765459,0.013783597,0.013672969,0.013765459
2021-03-26,0.013771676,0.013817823,0.013762730,0.013771676
2021-03-29,0.013803137,0.013803156,0.013731096,0.013803156
2021-03-30,0.013747236,0.013752700,0.013577309,0.013747236
2021-03-31,0.013615576,0.013689253,0.013584557,0.013615576
2021-04-01,0.013660549,0.013678954,0.013612387,0.013660549
2021-04-02,0.013644929,0.013654021,0.013622160,0.013644929
2021-04-05,0.013628416,0.013661705,0.013614408,0.013628434
2021-04-06,0.013646381,0.013658478,0.013600058,0.013646381
2021-04-07,0.013607294,0.013614741,0.013417001,0.013607294
2021-04-08,0.013440589,0.013478360,0.013350137,0.013440589
2021-04-09,0.013414806,0.013429939,0.013332213,0.013414806
2021-04-12,0.013381579,0.013480687,0.013301711,0.013381597
2021-04-13,0.013334934,0.013352846,0.013241877,0.013334934
2021-04-14,0.013301074,0.013332640,0.013287270,0.013301144
2021-04-15,0.013323740,0.013379000,0.013269111,0.013328695
2021-04-16,0.013381972,0.013459367,0.013362464,0.013381972
2021-04-19,0.013415382,0.013416876,0.013325267,0.013411441
2021-04-20,0.013355022,0.013422458,0.013205714,0.013355022
2021-04-21,0.013253951,0.013283175,0.013211785,0.013253951
2021-04-22,0.013257413,0.013361660,0.013224890,0.013257413
2021-04-23,0.013317051,0.013379985,0.013279331,0.013317051
2021-04-26,0.013356805,0.013393335,0.013288683,0.013356823
2021-04-27,0.013369360,0.013420927,0.013362732,0.013366321
2021-04-28,0.013409320,0.013462212,0.013342940,0.013409320
2021-04-29,0.013456813,0.013521133,0.013405365,0.013456813
2021-04-30,0.013494221,0.013545473,0.013459857,0.013494221
2021-05-03,0.013496205,0.013559837,0.013423899,0.013496223
2021-05-04,0.013543254,0.013561436,0.013426964,0.013543254
2021-05-05,0.013554011,0.013570676,0.013510865,0.013554011
2021-05-06,0.013550228,0.013592109,0.013478723,0.013550245
2021-05-07,0.013584152,0.013667514,0.013532716,0.013584152
2021-05-10,0.013644353,0.013658030,0.013610868,0.013644370
2021-05-11,0.013605424,0.013651039,0.013554471,0.013605442
2021-05-12,0.013628602,0.013629921,0.013560610,0.013628602
2021-05-13,0.013571909,0.013614352,0.013571670,0.013571909
2021-05-14,0.013615649,0.013664003,0.013541823,0.013615649
2021-05-17,0.013646474,0.013672185,0.013564234,0.013646493
2021-05-18,0.013648206,0.013707756,0.013583357,0.013648206
2021-05-19,0.013674989,0.013712474,0.013613592,0.013674616
2021-05-20,0.013656911,0.013692779,0.013656856,0.013656930
2021-05-21,0.013694523,0.013745138,0.013635310,0.013694523
2021-05-24,0.013715577,0.013732868,0.013703173,0.013715577
2021-05-25,0.013729361,0.013747028,0.013662135,0.013729361
2021-05-26,0.013735339,0.013769022,0.013734679,0.013735339
2021-05-27,0.013760363,0.013806948,0.013669419,0.013760363
2021-05-28,0.013758262,0.013824414,0.013710406,0.013758375
2021-05-31,0.013813375,0.013822751,0.013746082,0.013813395
2021-06-01,0.013795540,0.013801099,0.013708131,0.013795540
2021-06-02,0.013725894,0.013793522,0.013617486,0.013725894
2021-06-03,0.013705728,0.013728080,0.013669419,0.013705182
2021-06-04,0.013690341,0.013739944,0.013677364,0.013690341
2021-06-07,0.013715577,0.013747387,0.013714411,0.013715597
2021-06-08,0.013734490,0.013746837,0.013702628,0.013734490
2021-06-09,0.013703266,0.013723068,0.013696098,0.013703266
2021-06-10,0.013701390,0.013710086,0.013654021,0.013701390
2021-06-11,0.013696322,0.013718363,0.013639142,0.013696322
2021-06-14,0.013655289,0.013679797,0.013643682,0.013655308
2021-06-15,0.013663946,0.013668747,0.013628379,0.013664786
2021-06-16,0.013634399,0.013650013,0.013626391,0.013634250
2021-06-17,0.013545712,0.013648524,0.013470099,0.013545712
2021-06-18,0.013467306,0.013548850,0.013418802,0.013467306
2021-06-21,0.013487268,0.013505192,0.013433493,0.013487287
2021-06-22,0.013488869,0.013509771,0.013443100,0.013488869
2021-06-23,0.013453120,0.013603442,0.013414752,0.013453120
2021-06-24,0.013468576,0.013494475,0.013465691,0.013468576
2021-06-25,0.013478851,0.013492218,0.013442487,0.013478851
2021-06-28,0.013474729,0.013502110,0.013453825,0.013474729
2021-06-29,0.013461559,0.013479087,0.013452107,0.013461595
2021-06-30,0.013461197,0.013494366,0.013427685,0.013461197
2021-07-01,0.013446083,0.013456958,0.013399706,0.013446101
2021-07-02,0.013413169,0.013429129,0.013351313,0.013414716
2021-07-05,0.013426080,0.013476543,0.013407162,0.013426099
2021-07-06,0.013455726,0.013469374,0.013374115,0.013455726
2021-07-07,0.013375922,0.013413007,0.013359464,0.013375618
2021-07-08,0.013365071,0.013397642,0.013357162,0.013365071
2021-07-09,0.013383030,0.013427613,0.013349174,0.013383048
2021-07-12,0.013424513,0.013463408,0.013394413,0.013424531
2021-07-13,0.013415310,0.013440951,0.013391220,0.013415310
2021-07-14,0.013394143,0.013430751,0.013356662,0.013394214
2021-07-15,0.013431111,0.013433998,0.013411514,0.013428388
2021-07-16,0.013415993,0.013423449,0.013368984,0.013416155
2021-07-19,0.013399096,0.013399239,0.013329707,0.013399115
2021-07-20,0.013334524,0.013412017,0.013296988,0.013334507
2021-07-21,0.013417974,0.013445975,0.013395560,0.013417955
2021-07-22,0.013433602,0.013457501,0.013421196,0.013433602
2021-07-23,0.013431491,0.013446734,0.013409050,0.013431472
2021-07-26,0.013432015,0.013455581,0.013386521,0.013432032
2021-07-27,0.013462628,0.013463281,0.013414357,0.013460853
2021-07-28,0.013422405,0.013454460,0.013380075,0.013422405
2021-07-29,0.013442667,0.013485376,0.013419216,0.013442667
2021-07-30,0.013468920,0.013476980,0.013429578,0.013467651
2021-08-02,0.013444618,0.013456722,0.013404826,0.013444638
2021-08-03,0.013453174,0.013475636,0.013446644,0.013453156
2021-08-04,0.013474565,0.013499321,0.013469192,0.013474474
2021-08-05,0.013479577,0.013502674,0.013461396,0.013479996
2021-08-06,0.013499904,0.013505283,0.013469900,0.013498556
2021-08-09,0.013424350,0.013483449,0.013422819,0.013424369
2021-08-10,0.013428911,0.013454731,0.013395847,0.013428911
2021-08-11,0.013434450,0.013484812,0.013425197,0.013434450
2021-08-12,0.013495240,0.013513094,0.013439416,0.013494731
2021-08-13,0.013466181,0.013493366,0.013456179,0.013466181
2021-08-16,0.013474019,0.013498774,0.013461524,0.013474039
2021-08-17,0.013488487,0.013488923,0.013440806,0.013488905
2021-08-18,0.013447276,0.013477943,0.013412054,0.013447276
2021-08-19,0.013464423,0.013464423,0.013429416,0.013464423
2021-08-20,0.013435570,0.013454423,0.013427217,0.013435570
2021-08-23,0.013449663,0.013505812,0.013449646,0.013458678
2021-08-24,0.013494202,0.013503477,0.013473549,0.013494202
2021-08-25,0.013487104,0.013496315,0.013458624,0.013487123
2021-08-26,0.013494949,0.013501107,0.013464839,0.013495277
2021-08-27,0.013485050,0.013616928,0.013453518,0.013485086
2021-08-30,0.013606054,0.013661725,0.013568558,0.013606072
2021-08-31,0.013620082,0.013716518,0.013620082,0.013621899
2021-09-01,0.013699174,0.013714411,0.013671662,0.013699250
2021-09-02,0.013701427,0.013711215,0.013675812,0.013701427
2021-09-03,0.013688449,0.013710313,0.013660269,0.013688449
2021-09-06,0.013699644,0.013709710,0.013676279,0.013699663
2021-09-07,0.013678038,0.013692065,0.013607404,0.013678019
2021-09-08,0.013625667,0.013648802,0.013537589,0.013625760
2021-09-09,0.013550906,0.013607386,0.013538762,0.013552155
2021-09-10,0.013597061,0.013628842,0.013591241,0.013598411
2021-09-13,0.013600945,0.013602297,0.013554396,0.013600945
2021-09-14,0.013597894,0.013602667,0.013564508,0.013597894
2021-09-15,0.013577584,0.013620824,0.013537295,0.013577584
2021-09-16,0.013615668,0.013635682,0.013582989,0.013616928
2021-09-17,0.013598263,0.013621547,0.013558862,0.013593439
2021-09-20,0.013569221,0.013585664,0.013531874,0.013569240
2021-09-21,0.013576018,0.013596377,0.013551953,0.013576075
2021-09-22,0.013551036,0.013577732,0.013524205,0.013551475
2021-09-23,0.013536379,0.013588988,0.013527078,0.013536397
2021-09-24,0.013542814,0.013583081,0.013536342,0.013542796
2021-09-27,0.013547768,0.013584779,0.013527405,0.013547768
2021-09-28,0.013545492,0.013563368,0.013461070,0.013545492
2021-09-29,0.013483758,0.013512234,0.013411226,0.013483758
2021-09-30,0.013455817,0.013502784,0.013448958,0.013454966
2021-10-01,0.013467215,0.013499412,0.013426513,0.013467215
2021-10-04,0.013485777,0.013491545,0.013414177,0.013485795
2021-10-05,0.013409680,0.013439957,0.013370950,0.013409715
2021-10-06,0.013411441,0.013419306,0.013323935,0.013411441
2021-10-07,0.013374813,0.013390377,0.013331556,0.013376136
2021-10-08,0.013363339,0.013364071,0.013301233,0.013363624
2021-10-11,0.013279172,0.013375869,0.013239369,0.013279189
2021-10-12,0.013262141,0.013306719,0.013216221,0.013262141
2021-10-13,0.013244682,0.013300737,0.013210041,0.013247858
2021-10-14,0.013279102,0.013334507,0.013270819,0.013279102
2021-10-15,0.013334222,0.013355040,0.013295662,0.013334222
2021-10-18,0.013332267,0.01334392,0.013241350,0.013332285
2021-10-19,0.013291156,0.013354343,0.013286018,0.013291598
2021-10-20,0.013311998,0.013377962,0.013300880,0.013312016
2021-10-21,0.013367321,0.013398719,0.013348907,0.013367341
2021-10-22,0.013357108,0.013389641,0.013315614,0.013357305
2021-10-25,0.013334436,0.013358626,0.013284658,0.013334454
2021-10-26,0.013317371,0.013360482,0.013303215,0.013317371
2021-10-27,0.013353114,0.013353114,0.013316820,0.013353114
2021-10-28,0.013326635,0.013377121,0.013276245,0.013324450
2021-10-29,0.013369521,0.013380075,0.013328837,0.013369484
2021-11-01,0.013346075,0.013367107,0.013300295,0.013346093
2021-11-02,0.013363642,0.013402437,0.013349477,0.013363642
2021-11-03,0.013384677,0.013439416,0.013375153,0.013384731
2021-11-04,0.013434450,0.013470734,0.013413097,0.013434450
2021-11-05,0.013426765,0.013504280,0.013408331,0.013426765
2021-11-08,0.013478723,0.013530519,0.013463154,0.013478706
2021-11-09,0.013528669,0.013544574,0.013485722,0.013528412
2021-11-10,0.013481668,0.013504116,0.013439416,0.013481668
2021-11-11,0.013439957,0.013463880,0.013408691,0.013439975
2021-11-12,0.013454116,0.013460128,0.013417649,0.013454949
2021-11-15,0.013450442,0.013456686,0.013406928,0.013451709
2021-11-16,0.013434739,0.013462991,0.013401411,0.013434523
2021-11-17,0.013430119,0.013473130,0.013413402,0.013430282
2021-11-18,0.013466273,0.013510227,0.013452577,0.013466235
2021-11-19,0.013481504,0.013484722,0.013425918,0.013481740
2021-11-22,0.013457012,0.013465202,0.013380719,0.013458480
2021-11-23,0.013435478,0.013448271,0.013408151,0.013435478
2021-11-24,0.013432375,0.013478633,0.013381059,0.013432375
2021-11-25,0.013400370,0.013432320,0.013400335,0.013400335
2021-11-26,0.013421594,0.013427956,0.013312761,0.013421774
2021-11-29,0.013323952,0.013416426,0.013305569,0.013336605
2021-11-30,0.013323562,0.013361302,0.013296723,0.013323580
2021-12-01,0.013323350,0.013383476,0.013319250,0.013324290
2021-12-02,0.013330152,0.013356877,0.013287306,0.013330152
2021-12-03,0.013336729,0.013345967,0.013275206,0.013336267
2021-12-06,0.013249895,0.013319658,0.013249858,0.013291863
2021-12-07,0.013264131,0.013287623,0.013247420,0.013264131
2021-12-08,0.013261157,0.013275716,0.013234428,0.013261087
2021-12-09,0.013265555,0.013272017,0.013174710,0.013265537
2021-12-10,0.013227636,0.013246524,0.013162415,0.013227654
2021-12-13,0.013167893,0.013269552,0.013162900,0.013208295
2021-12-14,0.013187654,0.013198185,0.013113206,0.013187933
2021-12-15,0.013149987,0.013155558,0.013074921,0.013149727
2021-12-16,0.013121396,0.013148206,0.013103927,0.013121396
2021-12-17,0.013128959,0.013178878,0.013095433,0.013128959
2021-12-20,0.013148846,0.013195920,0.013128029,0.013156856
2021-12-21,0.013199804,0.013262248,0.013195572,0.013199804
2021-12-22,0.013212414,0.013258537,0.013170060,0.013212414
2021-12-23,0.013252317,0.013332178,0.013247578,0.013252317
2021-12-24,0.013321362,0.013338846,0.013299287,0.013321362
2021-12-27,0.013312886,0.013349602,0.013277567,0.013277567
2021-12-28,0.013336836,0.013408511,0.013293488,0.013336836
2021-12-29,0.013379967,0.013422279,0.013362481,0.013378820
2021-12-30,0.013410165,0.013460037,0.013396529,0.013410165
2021-12-31,0.013435028,0.013497098,0.013397193,0.013435227
2022-01-03,0.013419955,0.013485813,0.013419162,0.013420332
2022-01-04,0.013440264,0.013440264,0.013374294,0.013440264
2022-01-05,0.013416515,0.013476108,0.013402131,0.013416534
2022-01-06,0.013435389,0.013455329,0.013386254,0.013435424
2022-01-07,0.013437574,0.013472822,0.013398127,0.013437375
2022-01-10,0.013471534,0.013515340,0.013429164,0.013464388
2022-01-11,0.013503113,0.013560278,0.013464876,0.013503113
2022-01-12,0.013547309,0.013568981,0.013507253,0.013547327
2022-01-13,0.013553294,0.013553294,0.013501873,0.013550300
2022-01-14,0.013518611,0.013536287,0.013476508,0.013518575
2022-01-17,0.013485068,0.013490779,0.013444656,0.013444656
2022-01-18,0.013467033,0.013486995,0.013402293,0.013467089
2022-01-19,0.013401323,0.013450081,0.013362767,0.013401288
2022-01-20,0.013431959,0.013459584,0.013395400,0.013431977
2022-01-21,0.013433909,0.013459964,0.013399438,0.013431436
2022-01-24,0.013437193,0.013456034,0.013379233,0.013438476
2022-01-25,0.013396763,0.013415886,0.013362767,0.013396781
2022-01-26,0.013372560,0.013389391,0.013333066,0.013372560
2022-01-27,0.013350725,0.013352027,0.013276845,0.013352027
2022-01-28,0.013296229,0.013354862,0.013268407,0.013296229
2022-01-31,0.013325144,0.013406587,0.013299854,0.013326404
2022-02-01,0.013412790,0.013434937,0.013357822,0.013412773
2022-02-02,0.013378839,0.013396243,0.013332605,0.013378732
2022-02-03,0.013366340,0.013398683,0.013344987,0.013364981
2022-02-04,0.013396942,0.013407504,0.013346145,0.013396942
2022-02-07,0.013396529,0.013415796,0.013371684,0.013397248
2022-02-08,0.013394663,0.013408798,0.013369966,0.013394358
2022-02-09,0.013387687,0.013401503,0.013343136,0.013387742
2022-02-10,0.013367376,0.013375779,0.013282682,0.013367394
2022-02-11,0.013238301,0.013316642,0.013238142,0.013238301
2022-02-14,0.013220011,0.013272985,0.013209377,0.013272985
2022-02-15,0.013212588,0.013295221,0.013205294,0.013212588
2022-02-16,0.013302331,0.013339560,0.013281748,0.013302331
2022-02-17,0.013324539,0.013342887,0.013279683,0.013325871
2022-02-18,0.013320936,0.013426242,0.013285594,0.013322142
2022-02-21,0.013389230,0.013449357,0.013382133,0.013390035
2022-02-22,0.013418531,0.013419757,0.013334684,0.013419757
2022-02-23,0.013400694,0.013422819,0.013358447,0.013400694
2022-02-24,0.013397678,0.013399526,0.013175057,0.013398898
2022-02-25,0.013261139,0.013321877,0.013217111,0.013261139
2022-02-28,0.013323528,0.013351135,0.013195049,0.013321255
2022-03-01,0.013282894,0.013295716,0.013176081,0.013282894
2022-03-02,0.013192421,0.013257624,0.013141209,0.013192403
2022-03-03,0.013220816,0.013232415,0.013154606,0.013222092
2022-03-04,0.013177522,0.013177834,0.013067778,0.013176671
2022-03-07,0.013085459,0.013085922,0.012960620,0.013085922
2022-03-08,0.012973399,0.013032711,0.012924322,0.012973399
2022-03-09,0.013001450,0.013103446,0.012938870,0.013001450
2022-03-10,0.013134580,0.013175457,0.013075142,0.013134580
2022-03-11,0.013104390,0.013113980,0.013036706,0.013104390
2022-03-14,0.013027788,0.013098864,0.013027771,0.013028688
2022-03-15,0.013073588,0.013105388,0.012990134,0.013073588
2022-03-16,0.013107329,0.013150628,0.013048357,0.013112020
2022-03-17,0.013153707,0.013199751,0.013116732,0.013153707
2022-03-18,0.013161082,0.013173061,0.013122241,0.013161082
2022-03-21,0.013167180,0.013176620,0.013110060,0.013167180
2022-03-22,0.013107877,0.013160579,0.013039679,0.013104941
2022-03-23,0.013140277,0.013161878,0.013070460,0.013140277
2022-03-24,0.013062931,0.013127081,0.013013802,0.013062948
2022-03-25,0.013102124,0.013137498,0.013053723,0.013102124
2022-03-28,0.013109853,0.013150333,0.013050315,0.013109853
2022-03-29,0.013151993,0.013233693,0.013106246,0.013151993
2022-03-30,0.013215853,0.013234253,0.013162744,0.013215853
2022-03-31,0.013187776,0.013220605,0.013147810,0.013187776
2022-04-01,0.013173633,0.013185132,0.013130976,0.013173633
2022-04-04,0.013158795,0.013268636,0.013158518,0.013158795
2022-04-05,0.013248894,0.013287712,0.013237669,0.013248894
2022-04-06,0.013253688,0.013267878,0.013152012,0.013253688
2022-04-07,0.013167406,0.013197035,0.013131200,0.013167406
2022-04-08,0.013172939,0.013208644,0.013147083,0.013172939
2022-04-11,0.013172229,0.013198968,0.013133735,0.013172229
2022-04-12,0.013186176,0.013186296,0.013123274,0.013186176
2022-04-13,0.013132011,0.013162051,0.013112433,0.013132011
2022-04-14,0.013136859,0.013148034,0.013101095,0.013136859
2022-04-15,0.013104648,0.013117576,0.013055597,0.013104648
2022-04-18,0.013100768,0.013145009,0.013079333,0.013100768
2022-04-19,0.013109562,0.013120690,0.013061446,0.013109562
2022-04-20,0.013081232,0.013131459,0.013045208,0.013081232
2022-04-21,0.013110249,0.013143385,0.013094764,0.013110249
2022-04-22,0.013108702,0.013131976,0.013029994,0.013108702
2022-04-25,0.013078135,0.013101867,0.013027042,0.013078135
2022-04-26,0.013067147,0.013084843,0.013018884,0.013067147
2022-04-27,0.013021834,0.013073963,0.012980606,0.013021834
2022-04-28,0.013076648,0.013087035,0.013022750,0.013076648
2022-04-29,0.013056706,0.013111589,0.013015782,0.013056706
2022-05-02,0.013067950,0.013097920,0.013055205,0.013067950
2022-05-03,0.013067778,0.013079931,0.013017868,0.013067778
2022-05-04,0.013077485,0.013128873,0.013060372,0.013077485
2022-05-05,0.013157617,0.013158933,0.013059502,0.013157617
2022-05-06,0.013064757,0.013077622,0.012975335,0.013064757
2022-05-09,0.012994186,0.012999253,0.012900064,0.012994186
2022-05-10,0.012925657,0.012968065,0.012909723,0.012925657
2022-05-11,0.012941399,0.012961007,0.012900147,0.012941399
2022-05-12,0.012916826,0.012940126,0.012865708,0.012916826
2022-05-13,0.012912589,0.012943845,0.012893493,0.012912589
2022-05-16,0.012905507,0.012906556,0.012834746,0.012905507
2022-05-17,0.012852578,0.012925073,0.012816601,0.012852578
2022-05-18,0.012924505,0.012940546,0.012862563,0.012924505
2022-05-19,0.012850167,0.012951103,0.012818902,0.012850167
2022-05-20,0.012916376,0.012929168,0.012850084,0.012916376
2022-05-23,0.012850432,0.012916425,0.012825478,0.012850432
2022-05-24,0.012898765,0.012903476,0.012875813,0.012898765
2022-05-25,0.012906757,0.012914058,0.012862067,0.012906757
2022-05-26,0.012903675,0.012908473,0.012866039,0.012903675
2022-05-27,0.012881584,0.012898732,0.012837037,0.012881584
2022-05-30,0.012871338,0.012909423,0.012848599,0.012871338
2022-05-31,0.012899747,0.012899747,0.012864169,0.012899747
2022-06-01,0.012886764,0.012913806,0.012830102,0.012886764
2022-06-02,0.012889239,0.012922200,0.012850746,0.012889239
2022-06-03,0.012926494,0.012926494,0.012872266,0.012926494
2022-06-06,0.012870974,0.012895322,0.012845859,0.012870974
2022-06-07,0.012850002,0.012888425,0.012810691,0.012850002
2022-06-08,0.012874885,0.012887262,0.012835932,0.012874885
2022-06-09,0.012865989,0.012873907,0.012823472,0.012865989
2022-06-10,0.012850381,0.012864301,0.012788737,0.012850381
2022-06-13,0.012791389,0.012827748,0.012753996,0.012791389
2022-06-14,0.012794171,0.012832194,0.012760994,0.012794171
2022-06-15,0.012822897,0.012826269,0.012784700,0.012822897
2022-06-16,0.012836938,0.012839937,0.012777136,0.012836938
2022-06-17,0.012824180,0.012830811,0.012789441,0.012824180
2022-06-20,0.012826860,0.012843582,0.012792222,0.012826860
2022-06-21,0.012831370,0.012841504,0.012775831,0.012831370
2022-06-22,0.012798377,0.012809001,0.012754971,0.012798377
2022-06-23,0.012788853,0.012797543,0.012751930,0.012788853
2022-06-24,0.012797150,0.012801065,0.012761938,0.012797150
2022-06-27,0.012779178,0.012794513,0.012728719,0.012779178
2022-06-28,0.012748418,0.012753394,0.012651903,0.012748418
2022-06-29,0.012646510,0.012722258,0.012646446,0.012646510
2022-06-30,0.012674544,0.012684126,0.012640947,0.012674544
2022-07-01,0.012664160,0.012743236,0.012627698,0.012664160
2022-07-04,0.012666132,0.012682872,0.012650973,0.012666132
2022-07-05,0.012667930,0.012671943,0.012591128,0.012667930
2022-07-06,0.012599473,0.012669470,0.012570979,0.012599473
2022-07-07,0.012651198,0.012677806,0.012618297,0.012651198
2022-07-08,0.012622819,0.012640548,0.012590843,0.012622819
2022-07-11,0.012605350,0.012635516,0.012566429,0.012605350
2022-07-12,0.012582130,0.012596283,0.012521867,0.012582130
2022-07-13,0.012582351,0.012590494,0.012490709,0.012582351
2022-07-14,0.012530150,0.012563114,0.012465922,0.012530150
2022-07-15,0.012519044,0.012545792,0.012486031,0.012519044
2022-07-18,0.012543825,0.012544896,0.012460128,0.012543825
2022-07-19,0.012495268,0.012523074,0.012476840,0.012495268
2022-07-20,0.012522556,0.012522556,0.012481512,0.012522556
2022-07-21,0.012499468,0.012537455,0.012457798,0.012499468
2022-07-22,0.012535114,0.012535114,0.012488059,0.012535114
2022-07-25,0.012519279,0.012549241,0.012477417,0.012519279
2022-07-26,0.012543510,0.012546658,0.012524704,0.012543510
2022-07-27,0.012524862,0.012539579,0.012488947,0.012524862
2022-07-28,0.012523890,0.012563225,0.012491054,0.012523890
2022-07-29,0.012567313,0.012630457,0.012553903,0.012567313
2022-08-01,0.012627091,0.012674368,0.012589733,0.012627091
2022-08-02,0.012665330,0.012857717,0.012631048,0.012665330
2022-08-03,0.012721918,0.012727828,0.012625736,0.012721918
2022-08-04,0.012639301,0.012656867,0.012531328,0.012639301
2022-08-05,0.012633457,0.012671299,0.012579883,0.012633457
2022-08-08,0.012592778,0.012608273,0.012538084,0.012592778
2022-08-09,0.012562514,0.012587784,0.012529021,0.012562514
2022-08-10,0.012566224,0.012657106,0.012538477,0.012566224
2022-08-11,0.012642576,0.012650302,0.012532538,0.012642576
2022-08-12,0.012560605,0.012569762,0.012509852,0.012560605
2022-08-15,0.012558459,0.012583238,0.012542566,0.012558459
2022-08-16,0.012570252,0.012616545,0.012534470,0.012570252
2022-08-17,0.012634877,0.012634877,0.012549398,0.012634877
2022-08-18,0.012600854,0.012604538,0.012521521,0.012600854
2022-08-19,0.012536559,0.012553809,0.012482446,0.012536559
2022-08-22,0.012512841,0.012537299,0.012475859,0.012512841
2022-08-23,0.012518183,0.012578142,0.012484706,0.012518183
2022-08-24,0.012522776,0.012547225,0.012486733,0.012522776
2022-08-25,0.012531831,0.012541167,0.012495892,0.012531831
2022-08-26,0.012518324,0.012544532,0.012479176,0.012518324
2022-08-29,0.012506394,0.012519813,0.012479798,0.012506394
2022-08-30,0.012505017,0.012589305,0.012474926,0.012505017
2022-08-31,0.012549839,0.012601919,0.012540161,0.012549839
2022-09-01,0.012570900,0.012613601,0.012525835,0.012570900
2022-09-02,0.012544408,0.012564945,0.012485719,0.012544408
2022-09-05,0.012543195,0.012554093,0.012496017,0.012543195
2022-09-06,0.012533999,0.012545478,0.012505001,0.012533999
2022-09-07,0.012516412,0.012531877,0.012477852,0.012516412
2022-09-08,0.012554958,0.012557087,0.012508444,0.012554958
2022-09-09,0.012546060,0.012585898,0.012509727,0.012546060
2022-09-12,0.012554014,0.012606367,0.012540444,0.012554014
2022-09-13,0.012601553,0.012654543,0.012564314,0.012601553
2022-09-14,0.012562435,0.012597061,0.012530543,0.012562435
2022-09-15,0.012585946,0.012589447,0.012497454,0.012585946
2022-09-16,0.012523623,0.012642449,0.012497922,0.012523623
2022-09-19,0.012548705,0.012565135,0.012506597,0.012548705
2022-09-20,0.012545872,0.012566524,0.012501172,0.012545872
2022-09-21,0.012537188,0.012537220,0.012475673,0.012537188
2022-09-22,0.012492084,0.012511103,0.012328693,0.012492084
2022-09-23,0.012336206,0.012378567,0.012294362,0.012336206
2022-09-26,0.012306965,0.012386508,0.012237281,0.012306965
2022-09-27,0.012252530,0.012302196,0.012215829,0.012252530
2022-09-28,0.012236217,0.012270526,0.012178340,0.012236217
2022-09-29,0.012280682,0.012283880,0.012186874,0.012280682
2022-09-30,0.012272860,0.012330486,0.012240262,0.012272860
2022-10-03,0.012266733,0.012283307,0.012185909,0.012266733
2022-10-04,0.012270691,0.012304270,0.012216575,0.012270691
2022-10-05,0.012275135,0.012305269,0.012220935,0.012275135
2022-10-06,0.012247577,0.012279280,0.012123931,0.012247577
2022-10-07,0.012143439,0.012188434,0.012102684,0.012143439
2022-10-10,0.012072586,0.012156799,0.012038866,0.012072586
2022-10-11,0.012132875,0.012174560,0.012084592,0.012132875
2022-10-12,0.012154522,0.012172173,0.012104119,0.012154522
2022-10-13,0.012165450,0.012177301,0.012064618,0.012165450
2022-10-14,0.012166619,0.012176708,0.012105731,0.012166619
2022-10-17,0.012134037,0.012179377,0.012099653,0.012134037
2022-10-18,0.012166235,0.012193367,0.012094897,0.012166235
2022-10-19,0.012152676,0.012169521,0.011992421,0.012152676
2022-10-20,0.012048628,0.012114311,0.012001201,0.012048628
2022-10-21,0.012073548,0.012112065,0.012016342,0.012073548
2022-10-24,0.012115148,0.012115148,0.012038199,0.012115148
2022-10-25,0.012082913,0.012131506,0.012028267,0.012082913
2022-10-26,0.012129255,0.012206405,0.012113783,0.012129255
2022-10-27,0.012187750,0.012205794,0.012090948,0.012187750
2022-10-28,0.012129666,0.012153917,0.012080022,0.012129666
2022-10-31,0.012159652,0.012166486,0.012030365,0.012159652
2022-11-01,0.012087660,0.012120698,0.012037924,0.012087660
2022-11-02,0.012094165,0.012107813,0.012044274,0.012094165
2022-11-03,0.012064415,0.012096462,0.012048730,0.012064415
2022-11-04,0.012094560,0.012194810,0.012049383,0.012094560
2022-11-07,0.012198841,0.012226059,0.012140077,0.012198841
2022-11-08,0.012221055,0.012319383,0.012182969,0.012221055
2022-11-09,0.012284228,0.012316742,0.012244429,0.012284228
2022-11-10,0.012293499,0.012387414,0.012208521,0.012293499
2022-11-11,0.012424999,0.012434131,0.012348270,0.012424999
2022-11-14,0.012422823,0.012441974,0.012302030,0.012422823
2022-11-15,0.012346899,0.012389578,0.012279280,0.012346899
2022-11-16,0.012334806,0.012334806,0.012264220,0.012334806
2022-11-17,0.012270646,0.012293123,0.012217471,0.012270646
2022-11-18,0.012266191,0.012271068,0.012226688,0.012266191
2022-11-21,0.012266944,0.012266944,0.012205511,0.012266944
2022-11-22,0.012235754,0.012254391,0.012195895,0.012235754
2022-11-23,0.012237656,0.012242435,0.012207776,0.012237656
2022-11-24,0.012249963,0.012257982,0.012214486,0.012249963
2022-11-25,0.012246587,0.012282825,0.012217202,0.012246587
2022-11-28,0.012244443,0.012266326,0.012206733,0.012244443
2022-11-29,0.012247353,0.012271520,0.012230322,0.012247353
2022-11-30,0.012250263,0.012303134,0.012226389,0.012250263
2022-12-01,0.012299322,0.012346746,0.012289345,0.012299322
2022-12-02,0.012321007,0.012333194,0.012252650,0.012321007
2022-12-05,0.012281617,0.012316258,0.012210758,0.012281617
2022-12-06,0.012210161,0.012241176,0.012106509,0.012210161
2022-12-07,0.012140018,0.012164770,0.012086271,0.012140018
2022-12-08,0.012157537,0.012159977,0.012115514,0.012157537
2022-12-09,0.012153740,0.012184127,0.012119993,0.012153740
2022-12-12,0.012134008,0.012141227,0.012088463,0.012134008
2022-12-13,0.012099990,0.012141020,0.012060994,0.012099990
2022-12-14,0.012135555,0.012135657,0.012091021,0.012135555
2022-12-15,0.012120036,0.012133846,0.012042984,0.012120036
2022-12-16,0.012068855,0.012107784,0.012048192,0.012068855
2022-12-19,0.012088099,0.012112697,0.012060034,0.012088099
2022-12-20,0.012109191,0.012114824,0.012065200,0.012109191
2022-12-21,0.012101131,0.012113944,0.012054554,0.012101131
2022-12-22,0.012065841,0.012100238,0.012049892,0.012065841
2022-12-23,0.012066379,0.012089559,0.012050400,0.012066379
2022-12-26,0.012105936,0.012237386,0.012066015,0.012105936
2022-12-27,0.012062304,0.012102143,0.012060849,0.012062304
2022-12-28,0.012080782,0.012093228,0.012060108,0.012080782
2022-12-29,0.012069715,0.012085907,0.012062551,0.012069715
2022-12-30,0.012072178,0.012113180,0.012071988,0.012072178
2023-01-02,0.012084621,0.012132064,0.012078579,0.012084621
2023-01-03,0.012091021,0.012106392,0.012043695,0.012091021
2023-01-04,0.012079381,0.012092483,0.012047714,0.012079381
2023-01-05,0.012096799,0.012131682,0.012078024,0.012096799
2023-01-06,0.012099916,0.012153460,0.012080753,0.012099916
2023-01-09,0.012154597,0.012186947,0.012131284,0.012154597
2023-01-10,0.012168396,0.012257230,0.012116924,0.012168396
2023-01-11,0.012249288,0.012270150,0.012222503,0.012249288
2023-01-12,0.012250128,0.012316833,0.012234212,0.012250128
2023-01-13,0.012328085,0.012331597,0.012266311,0.012328085
2023-01-16,0.012303452,0.012325972,0.012234496,0.012303452
2023-01-17,0.012247007,0.012263618,0.012213890,0.012247007
2023-01-18,0.012266101,0.012322024,0.012222399,0.012266101
2023-01-19,0.012279582,0.012311359,0.012261017,0.012279582
2023-01-20,0.012309237,0.012349841,0.012290705,0.012309237
2023-01-23,0.012349338,0.012364225,0.012271520,0.012349338
2023-01-24,0.012271746,0.012288408,0.012234167,0.012271746
2023-01-25,0.012254617,0.012274426,0.012230023,0.012254617
2023-01-26,0.012269532,0.012291777,0.012259333,0.012269532
2023-01-27,0.012278209,0.012281466,0.012244637,0.012278209
2023-01-30,0.012268734,0.012275361,0.012237237,0.012268734
2023-01-31,0.012257921,0.012264370,0.012186339,0.012257921
2023-02-01,0.012229663,0.012244353,0.012193932,0.012229663
2023-02-02,0.012238360,0.012249948,0.012155277,0.012238360
2023-02-03,0.012188300,0.012227914,0.012148307,0.012188300
2023-02-06,0.012161604,0.012161604,0.012070851,0.012161604
2023-02-07,0.012083862,0.012104852,0.012062537,0.012083862
2023-02-08,0.012085776,0.012123123,0.012065375,0.012085776
2023-02-09,0.012097823,0.012134553,0.012094926,0.012097823
2023-02-10,0.012116335,0.012144618,0.012098145,0.012116335
2023-02-13,0.012119303,0.012121991,0.012081861,0.012119303
2023-02-14,0.012106919,0.012110643,0.012045798,0.012106919
2023-02-15,0.012067443,0.012083205,0.012050225,0.012067443
2023-02-16,0.012086389,0.012108297,0.012060937,0.012086389
2023-02-17,0.012092586,0.012092586,0.012068623,0.012092586
2023-02-20,0.012083423,0.012103769,0.012082359,0.012083423
2023-02-21,0.012092263,0.012095848,0.012064196,0.012092263
2023-02-22,0.012068375,0.012080285,0.012048875,0.012068375
2023-02-23,0.012072149,0.012111963,0.012062290,0.012072149
2023-02-24,0.012103915,0.012105145,0.012047438,0.012103915
2023-02-27,0.012060108,0.012102435,0.012036548,0.012060108
2023-02-28,0.012098921,0.012112403,0.012084519,0.012098921
2023-03-01,0.012101351,0.012139164,0.012065884,0.012101351
2023-03-02,0.012132992,0.012150358,0.012098072,0.012132992
2023-03-03,0.012142451,0.012239317,0.012109279,0.012142451
2023-03-06,0.012238029,0.012252049,0.012199541,0.012238029
2023-03-07,0.012216814,0.012234062,0.012191183,0.012216814
2023-03-08,0.012184038,0.012214919,0.012153429,0.012184038
2023-03-09,0.012200404,0.012227480,0.012182286,0.012200404
2023-03-10,0.012192386,0.012218606,0.012161338,0.012192386
2023-03-13,0.012201372,0.012250804,0.012149398,0.012201372
2023-03-14,0.012133361,0.012160642,0.012096359,0.012133361
2023-03-15,0.012149945,0.012167596,0.012046379,0.012149945
2023-03-16,0.012089604,0.012108487,0.012049355,0.012089604
2023-03-17,0.012103196,0.012132904,0.012067414,0.012103196
2023-03-20,0.012116366,0.012130180,0.012088347,0.012116366
2023-03-21,0.012116939,0.012122608,0.012082504,0.012116939
2023-03-22,0.012095262,0.012116366,0.012065302,0.012095262
2023-03-23,0.012117422,0.012188122,0.012116909,0.012117422
2023-03-24,0.012155794,0.012168263,0.012119303,0.012155794
2023-03-27,0.012144943,0.012159444,0.012131756,0.012144943
2023-03-28,0.012163246,0.012183310,0.012139856,0.012163246
2023-03-29,0.012170736,0.012173447,0.012141080,0.012170736
2023-03-30,0.012157257,0.012190365,0.012153755,0.012157257
2023-03-31,0.012180193,0.012190736,0.012148912,0.012180193
2023-04-03,0.012167701,0.012167701,0.012123344,0.012167701
2023-04-04,0.012174203,0.012183013,0.012153784,0.012174203
2023-04-05,0.012178073,0.012219561,0.012159045,0.012178073
2023-04-06,0.012202563,0.012223115,0.012177257,0.012202563
2023-04-07,0.012220263,0.012230172,0.012213203,0.012220263
2023-04-10,0.012212278,0.012230770,0.012189488,0.012212278
2023-04-11,0.012197517,0.012207627,0.012173463,0.012197517
2023-04-12,0.012184706,0.012204126,0.012176471,0.012184706
2023-04-13,0.012200984,0.012250263,0.012181009,0.012200984
2023-04-14,0.012242794,0.012274232,0.012203917,0.012242794
2023-04-17,0.012218247,0.012218247,0.012182523,0.012218247
2023-04-18,0.012194572,0.012203828,0.012180698,0.012194572
2023-04-19,0.012179095,0.012189102,0.012154140,0.012179095
2023-04-20,0.012144750,0.012187854,0.012139531,0.012144750
2023-04-21,0.012174203,0.012194898,0.012152174,0.012174203
2023-04-24,0.012186977,0.012215978,0.012172129,0.012186977
2023-04-25,0.012217128,0.012217277,0.012192327,0.012217128
2023-04-26,0.012196371,0.012242674,0.012181454,0.012196371
2023-04-27,0.012229888,0.012254301,0.012217322,0.012229888
2023-04-28,0.012230157,0.012241250,0.012215815,0.012230157
2023-05-01,0.012233195,0.012239032,0.012206434,0.012233195
2023-05-02,0.012228722,0.012237071,0.012202414,0.012228722
2023-05-03,0.012228123,0.012238179,0.012210862,0.012228123
2023-05-04,0.012227929,0.012252350,0.012212428,0.012227929
2023-05-05,0.012237490,0.012248073,0.012222369,0.012237490
2023-05-08,0.012235439,0.012243888,0.012221158,0.012235439
2023-05-09,0.012226867,0.012228676,0.012173077,0.012226867
2023-05-10,0.012179526,0.012215083,0.012163556,0.012179526
2023-05-11,0.012207046,0.012227704,0.012168619,0.012207046
2023-05-12,0.012180223,0.012185463,0.012161663,0.012180223
2023-05-15,0.012165406,0.012167819,0.012139812,0.012165406
2023-05-16,0.012155587,0.012171670,0.012148528,0.012155587
2023-05-17,0.012151259,0.012158055,0.012128812,0.012151259
2023-05-18,0.012128518,0.012144397,0.012078535,0.012128518
2023-05-19,0.012088230,0.012101117,0.012055542,0.012088230
2023-05-22,0.012062028,0.012087513,0.012061984,0.012062028
2023-05-23,0.012073650,0.012083570,0.012066031,0.012073650
2023-05-24,0.012064094,0.012110232,0.012056763,0.012064094
2023-05-25,0.012089896,0.012100604,0.012075880,0.012089896
2023-05-26,0.012085745,0.012116263,0.012075837,0.012085745
2023-05-29,0.012110232,0.012119920,0.012086389,0.012110232
2023-05-30,0.012109514,0.012116807,0.012079556,0.012109514
2023-05-31,0.012094253,0.012103592,0.012084212,0.012094253
2023-06-01,0.012096754,0.012148528,0.012090145,0.012096754
2023-06-02,0.012154109,0.012160347,0.012131240,0.012154109
2023-06-05,0.012134479,0.012138722,0.012094165,0.012134479
2023-06-06,0.012119567,0.012124666,0.012099506,0.012119567
2023-06-07,0.012118686,0.012126062,0.012103256,0.012118686
2023-06-08,0.012103884,0.012125768,0.012099682,0.012103884
2023-06-09,0.012122932,0.012134008,0.012118157,0.012122932
2023-06-12,0.012129327,0.012138073,0.012113093,0.012129327
2023-06-13,0.012145179,0.012172558,0.012122637,0.012145179
2023-06-14,0.012152086,0.012205392,0.012146979,0.012152086
2023-06-15,0.012188434,0.012204648,0.012156104,0.012188434
2023-06-16,0.012208120,0.012217277,0.012192758,0.012208120
2023-06-19,0.012207806,0.012211056,0.012194824,0.012207806
2023-06-20,0.012197888,0.012207732,0.012170661,0.012197888
2023-06-21,0.012196342,0.012203010,0.012176219,0.012196342
2023-06-22,0.012203828,0.012211891,0.012182672,0.012203828
2023-06-23,0.012207136,0.012207136,0.012183459,0.012207136
2023-06-26,0.012197383,0.012203590,0.012184275,0.012197383
2023-06-27,0.012194156,0.012203605,0.012188849,0.012194156
2023-06-28,0.012195360,0.012200911,0.012182419,0.012195360
2023-06-29,0.012191183,0.012195568,0.012163600,0.012191183
2023-06-30,0.012183919,0.012193917,0.012165998,0.012183919
2023-07-03,0.012180817,0.012229993,0.012178429,0.012180817
2023-07-04,0.012202547,0.012214979,0.012191316,0.012202547
2023-07-05,0.012194065,0.012198379,0.012143557,0.012194065
2023-07-06,0.012136792,0.012153105,0.012073824,0.012136792
2023-07-07,0.012081905,0.012116219,0.012081905,0.012081905
2023-07-10,0.012104295,0.012113797,0.012089661,0.012104295
2023-07-11,0.012117496,0.012305133,0.012101659,0.012117496
2023-07-12,0.012135937,0.012199258,0.012126504,0.012135937
2023-07-13,0.012194854,0.012202041,0.012174144,0.012194854
2023-07-14,0.012190543,0.012205839,0.012166546,0.012190543
2023-07-17,0.012183711,0.012195405,0.012165805,0.012183711
2023-07-18,0.012185968,0.012200478,0.012181574,0.012185968
2023-07-19,0.012183919,0.012191093,0.012173284,0.012183919
2023-07-20,0.012185953,0.012207910,0.012183415,0.012185953
2023-07-21,0.012182880,0.012204648,0.012180372,0.012182880
2023-07-24,0.012196564,0.012225836,0.012189042,0.012196564
2023-07-25,0.012222817,0.012245447,0.012208864,0.012222817
2023-07-26,0.012202547,0.012220457,0.012184662,0.012202547
2023-07-27,0.012198767,0.012212547,0.012160878,0.012198767
2023-07-28,0.012139620,0.012172262,0.012139590,0.012139620
2023-07-31,0.012157640,0.012177599,0.012140932,0.012157640
2023-08-01,0.012160524,0.012162195,0.012143970,0.012160524
2023-08-02,0.012149591,0.012152145,0.012075938,0.012149591
2023-08-03,0.012087031,0.012097310,0.012069176,0.012087031
2023-08-04,0.012079585,0.012096213,0.012064327,0.012079585
2023-08-07,0.012092586,0.012098175,0.012073679,0.012092586
2023-08-08,0.012084841,0.012089224,0.012050472,0.012084841
2023-08-09,0.012070734,0.012079322,0.012032782,0.012070734
2023-08-10,0.012067632,0.012108869,0.012067486,0.012067632
2023-08-11,0.012077310,0.012088536,0.012049426,0.012077310
2023-08-14,0.012063119,0.012066875,0.012006460,0.012063119
2023-08-15,0.012014408,0.012025880,0.011977152,0.012014408
2023-08-16,0.012020069,0.012034997,0.011774500,0.012020069
2023-08-17,0.012013888,0.012051605,0.012011983,0.012013888
2023-08-18,0.012033941,0.012054801,0.012017122,0.012033941
2023-08-21,0.012023957,0.012040939,0.012018682,0.012023957
2023-08-22,0.012031740,0.012060834,0.012027717,0.012031740
2023-08-23,0.012037561,0.012126357,0.012035824,0.012037561
2023-08-24,0.012114648,0.012142702,0.012100268,0.012114648
2023-08-25,0.012100472,0.012113489,0.012089661,0.012100472
2023-08-28,0.012097120,0.012127444,0.012097077,0.012097120
2023-08-29,0.012093142,0.012111230,0.012065638,0.012093142
2023-08-30,0.012121991,0.012122932,0.012077397,0.012121991
2023-08-31,0.012091840,0.012110789,0.012079395,0.012091840
2023-09-01,0.012094472,0.012114986,0.012081848,0.012094472
2023-09-04,0.012092337,0.012107915,0.012080038,0.012092337
2023-09-05,0.012086842,0.012090948,0.012037011,0.012086842
2023-09-06,0.012035708,0.012060515,0.012013484,0.012035708
2023-09-07,0.012010944,0.012038619,0.012003506,0.012010944
2023-09-08,0.012013239,0.012060327,0.012010569,0.012013239
2023-09-11,0.012043650,0.012073766,0.012040620,0.012043650
2023-09-12,0.012056429,0.012067385,0.012047002,0.012056429
2023-09-13,0.012071026,0.012073650,0.012043666,0.012071026
2023-09-14,0.012057374,0.012060034,0.012033159,0.012057374
2023-09-15,0.012044086,0.012047743,0.012022019,0.012044086
2023-09-18,0.012035751,0.012041012,0.011997946,0.012035751
2023-09-19,0.012011305,0.012027572,0.011999890,0.012011305
2023-09-20,0.012019953,0.012058653,0.012006387,0.012019953
2023-09-21,0.012035578,0.012048773,0.012019216,0.012035578
2023-09-22,0.012063993,0.012087075,0.012048136,0.012063993
2023-09-25,0.012051851,0.012063352,0.012023508,0.012051851
2023-09-26,0.012044086,0.012044086,0.011990092,0.012044086
2023-09-27,0.012004989,0.012025113,0.012002453,0.012004989
2023-09-28,0.012015952,0.012033911,0.011998349,0.012015952
2023-09-29,0.012020242,0.012047714,0.012015403,0.012020242
2023-10-02,0.012043144,0.012060515,0.012006545,0.012043144
2023-10-03,0.011996248,0.012028730,0.011996032,0.011996248
2023-10-04,0.012014927,0.012021788,0.012000451,0.012014927
2023-10-05,0.011983252,0.012021413,0.011806794,0.011983252
2023-10-06,0.012015635,0.012035955,0.011998853,0.012015635
2023-10-09,0.012030133,0.012036692,0.011999732,0.012030133
2023-10-10,0.012009083,0.012025591,0.012009083,0.012009083
2023-10-11,0.012011969,0.012032246,0.012001588,0.012011969
2023-10-12,0.012016631,0.012045406,0.012004817,0.012016631
2023-10-13,0.012010223,0.012036750,0.012005292,0.012010223
2023-10-16,0.012007353,0.012033998,0.012007324,0.012007353
2023-10-17,0.012019303,0.012267380,0.012007527,0.012019303
2023-10-18,0.012009949,0.012020358,0.012004414,0.012009949
2023-10-19,0.012009329,0.012089121,0.012005853,0.012009329
2023-10-20,0.012030466,0.012045436,0.012019780,0.012030466
2023-10-23,0.012025042,0.012042318,0.012020618,0.012025042
2023-10-24,0.012043926,0.012055760,0.012034520,0.012043926
2023-10-25,0.012049964,0.012314512,0.012021066,0.012049964
2023-10-26,0.012023422,0.012027645,0.012008882,0.012023422
2023-10-27,0.012007324,0.012027673,0.012006330,0.012007324
2023-10-30,0.011988482,0.012015765,0.011988482,0.011988482
2023-10-31,0.012005306,0.012015620,0.012000335,0.012005306
2023-11-01,0.012008089,0.012019535,0.011997702,0.012008089
2023-11-02,0.011737916,0.012023494,0.011737916,0.011737916
2023-11-03,0.012012402,0.012027123,0.012000768,0.012012402
2023-11-06,0.012025229,0.012051591,0.012010613,0.012025229
2023-11-07,0.012015938,0.012027253,0.012007555,0.012015938
2023-11-08,0.012014509,0.012021499,0.012002598,0.012014509
2023-11-09,0.012016675,0.012016675,0.012003491,0.012016675
2023-11-10,0.012002007,0.012014654,0.011972348,0.012002007
2023-11-13,0.012004961,0.012016602,0.011990537,0.012004961
2023-11-14,0.012019577,0.012061417,0.012000048,0.012019577
2023-11-15,0.012050864,0.012059527,0.012018378,0.012050864
2023-11-16,0.012021224,0.012049166,0.012009935,0.012021224
2023-11-17,0.012030755,0.012030755,0.012007152,0.012030755
2023-11-20,0.012006028,0.012018696,0.011988324,0.012006028
2023-11-21,0.012001604,0.012013888,0.011994608,0.012001604
2023-11-22,0.011998219,0.012010627,0.011998162,0.011998219
2023-11-23,0.011969124,0.012022367,0.011969124,0.011969124
2023-11-24,0.011998464,0.012005306,0.011989372,0.011998464
2023-11-27,0.012002713,0.012003576,0.011986298,0.012002713
2023-11-28,0.011995513,0.012003938,0.011987174,0.011995513
2023-11-29,0.011987806,0.012011233,0.011987806,0.011987806
2023-11-30,0.012000437,0.012021109,0.011988783,0.012000437
2023-12-01,0.011997212,0.012012171,0.011995975,0.011997212
2023-12-04,0.012016545,0.012019563,0.011982635,0.012016545
2023-12-05,0.011987950,0.012000653,0.011985866,0.011987950
2023-12-06,0.012002511,0.012006531,0.011994392,0.012002511
2023-12-07,0.012006301,0.012006301,0.011991601,0.012006301
2023-12-08,0.011996896,0.012341717,0.011982649,0.011996896
2023-12-11,0.011986081,0.011996550,0.011984516,0.011986081
2023-12-12,0.011998536,0.011999127,0.011986988,0.011998536
2023-12-13,0.011990982,0.011998061,0.011984287,0.011990982
2023-12-14,0.012006921,0.012012820,0.011995572,0.012006921
2023-12-15,0.012005292,0.012056589,0.012000451,0.012005292
2023-12-18,0.012042142,0.012059991,0.012025778,0.012042142
2023-12-19,0.012032073,0.012038765,0.012008521,0.012032073
2023-12-20,0.012034911,0.012043390,0.012015303,0.012034911
2023-12-21,0.012009531,0.012027616,0.012000524,0.012009531
2023-12-22,0.012029120,0.012042056,0.012008478,0.012029120
2023-12-25,0.012024289,0.012024289,0.012023234,0.012024289
2023-12-26,0.012023234,0.012033086,0.012017108,0.012023234
2023-12-27,0.012021716,0.012030625,0.011997716,0.012021716
2023-12-28,0.012009531,0.012025127,0.011999659,0.012009531
2023-12-29,0.012150372,0.012150372,0.012011579,0.012150372
2024-01-01,0.012012214,0.012026458,0.012012214,0.012012214
2024-01-02,0.012018856,0.012023595,0.011998608,0.012018856
2024-01-03,0.012011002,0.012012560,0.011999947,0.012011002
2024-01-04,0.012002194,0.012018927,0.011996118,0.012002194
2024-01-05,0.012013368,0.012043114,0.012008896,0.012013368
2024-01-08,0.012020516,0.012044086,0.012020516,0.012020516
2024-01-09,0.012040838,0.012045189,0.012028715,0.012040838
2024-01-10,0.012029191,0.012054757,0.012021803,0.012029191
2024-01-11,0.012044478,0.012057884,0.012032246,0.012044478
2024-01-12,0.012037156,0.012080344,0.012034563,0.012037156
2024-01-15,0.012066787,0.012075837,0.012063454,0.012066787
2024-01-16,0.012068637,0.012073314,0.012027847,0.012068637
2024-01-17,0.012035288,0.012045653,0.012017209,0.012035288
2024-01-18,0.012022468,0.012040171,0.012020864,0.012022468
2024-01-19,0.012024925,0.012042100,0.012014783,0.012024925
2024-01-22,0.012030118,0.012044594,0.012022049,0.012030118
2024-01-23,0.012034404,0.012267876,0.012021977,0.012034404
2024-01-24,0.012016141,0.012037896,0.012015981,0.012016141
2024-01-25,0.012034042,0.012036880,0.012026400,0.012034042
2024-01-26,0.012027021,0.012037447,0.012021269,0.012027021
2024-01-29,0.012030611,0.012030611,0.012024810,0.012030611
2024-01-30,0.012026010,0.012034997,0.012017411,0.012026010
2024-01-31,0.012032289,0.012048048,0.012029988,0.012032289
2024-02-01,0.012040418,0.012060994,0.012036721,0.012040418
2024-02-02,0.012058712,0.012075107,0.012043390,0.012058712
2024-02-05,0.012048295,0.012054772,0.012034997,0.012048295
2024-02-06,0.012033159,0.012050763,0.012033159,0.012033159
2024-02-07,0.012037953,0.012057491,0.012036925,0.012037953
2024-02-08,0.012046363,0.012063017,0.012046363,0.012046363
2024-02-09,0.012050327,0.012059672,0.012041287,0.012050327
2024-02-12,0.012046088,0.012065492,0.012030235,0.012046088
2024-02-13,0.012049616,0.012053755,0.012032044,0.012049616
2024-02-14,0.012037373,0.012046306,0.012031378,0.012037373
2024-02-15,0.012041940,0.012053595,0.012040838,0.012041940
2024-02-16,0.012046800,0.012052142,0.012040606,0.012046800
2024-02-19,0.012045871,0.012060965,0.012040707,0.012045871
2024-02-20,0.012045145,0.012063934,0.012043244,0.012045145
2024-02-21,0.012073051,0.012075398,0.012053333,0.012073051
2024-02-22,0.012057141,0.012074815,0.012050109,0.012057141
2024-02-23,0.012066758,0.012072192,0.012056080,0.012066758
2024-02-26,0.012065375,0.012070794,0.012055571,0.012065375
2024-02-27,0.012069715,0.012073504,0.012060268,0.012069715
2024-02-28,0.012055717,0.012067107,0.012047598,0.012055717
2024-02-29,0.012060994,0.012071463,0.012045000,0.012060994
2024-03-01,0.012061213,0.012070589,0.012058566,0.012061213
2024-03-04,0.012070574,0.012074932,0.012048498,0.012070574
2024-03-05,0.012061198,0.012092177,0.012049253,0.012061198
2024-03-06,0.012064938,0.012077440,0.012061169,0.012064938
2024-03-07,0.012074510,0.012097897,0.012068826,0.012074510
2024-03-08,0.012084257,0.012096872,0.012078520,0.012084257
2024-03-11,0.012084286,0.012097749,0.012081525,0.012084286
2024-03-12,0.012080461,0.012087499,0.012070254,0.012080461
2024-03-13,0.012072178,0.012083366,0.012060820,0.012072178
2024-03-14,0.012072760,0.012076274,0.012055411,0.012072760
2024-03-15,0.012053189,0.012072338,0.012051764,0.012053189
2024-03-18,0.012064341,0.012072483,0.012058639,0.012064341
2024-03-19,0.012068025,0.012068025,0.012041562,0.012068025
2024-03-20,0.012042042,0.012053857,0.012016241,0.012042042
2024-03-21,0.012040271,0.012063643,0.012016111,0.012040271
2024-03-22,0.012015389,0.012021846,0.011945191,0.012015389
2024-03-25,0.011962638,0.011997269,0.011961622,0.011962638
2024-03-26,0.011987907,0.012009487,0.011976578,0.011987907
2024-03-27,0.011998248,0.012006286,0.011985249,0.011998248
2024-03-28,0.011995442,0.012003390,0.011988209,0.011995442
2024-03-29,0.011991414,0.012014523,0.011990465,0.011991414
2024-04-01,0.011995470,0.012013599,0.011987993,0.011995470
2024-04-02,0.011989013,0.011999904,0.011979721,0.011989013
2024-04-03,0.011997556,0.012000192,0.011964542,0.011997556
2024-04-04,0.011994247,0.011996161,0.011974112,0.011994247
2024-04-05,0.011979233,0.012012157,0.011978731,0.011979233
2024-04-08,0.012005263,0.012014509,0.011999601,0.012005263
2024-04-09,0.012009185,0.012023089,0.011999414,0.012009185
2024-04-10,0.012015722,0.012025735,0.011990206,0.012015722
2024-04-11,0.011988582,0.012004456,0.011979908,0.011988582
2024-04-12,0.011997702,0.012011405,0.011959448,0.011997702
2024-04-15,0.011960135,0.011987907,0.011960077,0.011960135
2024-04-16,0.011975188,0.012017512,0.011947888,0.011975188
2024-04-17,0.011952071,0.011964957,0.011942437,0.011952071
2024-04-18,0.011962323,0.011978228,0.011959692,0.011962323
2024-04-19,0.011969597,0.011995442,0.011941781,0.011969597
2024-04-22,0.011992522,0.012001690,0.011983755,0.011992522
2024-04-23,0.011992392,0.012015172,0.011991845,0.011992392
2024-04-24,0.012007209,0.012010699,0.011997658,0.012007209
2024-04-25,0.011998954,0.012009300,0.011990982,0.011998954
2024-04-26,0.012004542,0.012009848,0.011988209,0.012004542
2024-04-29,0.011990077,0.012005047,0.011965515,0.011990077
2024-04-30,0.011983065,0.011990695,0.011973224,0.011983065
2024-05-01,0.011976277,0.012010555,0.011965816,0.011976277
2024-05-02,0.011989487,0.011989487,0.011977697,0.011989487
2024-05-03,0.011989501,0.012004283,0.011980439,0.011989501
2024-05-06,0.011993284,0.012004931,0.011961807,0.011993284
2024-05-07,0.011979951,0.011986240,0.011973897,0.011979951
2024-05-08,0.011980366,0.011982505,0.011970902,0.011980366
2024-05-09,0.011981170,0.011984946,0.011974456,0.011981170
2024-05-10,0.011981875,0.011983368,0.011965458,0.011981875
2024-05-13,0.011972492,0.011978630,0.011960463,0.011972492
2024-05-14,0.011975259,0.011978773,0.011971531,0.011975259
2024-05-15,0.011972578,0.011986814,0.011962738,0.011972578
2024-05-16,0.011989675,0.011995442,0.011975202,0.011989675
2024-05-17,0.011980338,0.012007093,0.011975116,0.011980338
2024-05-20,0.012004744,0.012014827,0.012002410,0.012004744
2024-05-21,0.012002640,0.012014046,0.011996320,0.012002640
2024-05-22,0.012002381,0.012017209,0.011993355,0.012002381
2024-05-23,0.012009545,0.012020387,0.012003447,0.012009545
2024-05-24,0.012006762,0.012043636,0.011994176,0.012006762
2024-05-27,0.012040620,0.012042795,0.012020185,0.012040620
2024-05-28,0.012027080,0.012035432,0.012015288,0.012027080
2024-05-29,0.012018292,0.012026994,0.011989560,0.012018292
2024-05-30,0.011995356,0.012016877,0.011985378,0.011995356
2024-05-31,0.012001791,0.012017642,0.011976908,0.012001791
2024-06-03,0.011983109,0.012051082,0.011983065,0.011983109
2024-06-04,0.012034650,0.012036519,0.011951672,0.012034650
2024-06-05,0.011957517,0.012016169,0.011739018,0.011957517
2024-06-06,0.011993169,0.011998968,0.011972951,0.011993169
2024-06-07,0.011979908,0.012006819,0.011974413,0.011979908
2024-06-10,0.011972090,0.011979635,0.011963382,0.011972090
2024-06-11,0.011971775,0.011979922,0.011949515,0.011971775
2024-06-12,0.011962180,0.011985593,0.011961107,0.011962180
2024-06-13,0.011971130,0.011979205,0.011967219,0.011971130
2024-06-14,0.011972879,0.011973324,0.011965860,0.011972879
2024-06-17,0.011968623,0.011985895,0.011957474,0.011968623
2024-06-18,0.011974599,0.012004801,0.011969941,0.011974599
2024-06-19,0.011994133,0.011999329,0.011979821,0.011994133
2024-06-20,0.011987604,0.011989301,0.011951487,0.011987604
2024-06-21,0.011961494,0.011977339,0.011957847,0.011961494
2024-06-24,0.011967091,0.011987275,0.011965487,0.011967091
2024-06-25,0.011981729,0.011990709,0.011976149,0.011981729
2024-06-26,0.011988309,0.011990120,0.011959776,0.011988309
2024-06-27,0.011964528,0.011987820,0.011963353,0.011964528
2024-06-28,0.011983095,0.012001243,0.011974843,0.011983095
2024-07-01,0.011995082,0.011996622,0.011980898,0.011995082
2024-07-02,0.011984473,0.011986872,0.011967663,0.011984473
2024-07-03,0.011979045,0.011984071,0.011968451,0.011979045
2024-07-04,0.011977309,0.011981041,0.011968523,0.011977309
2024-07-05,0.011976995,0.011981358,0.011973796,0.011976995
2024-07-08,0.011980051,0.011984760,0.011975058,0.011980051
2024-07-09,0.011982132,0.011983081,0.011974642,0.011982132
2024-07-10,0.011977052,0.011980065,0.011971803,0.011977052
2024-07-11,0.011976635,0.011980926,0.011963440,0.011976635
2024-07-12,0.011973395,0.011980898,0.011967950,0.011973395
2024-07-15,0.011973137,0.011996320,0.011959305,0.011973137
2024-07-16,0.011963497,0.011971517,0.011961222,0.011963497
2024-07-17,0.011971803,0.011976908,0.011962681,0.011971803
2024-07-18,0.011965716,0.011969023,0.011952158,0.011965716
2024-07-19,0.011951101,0.011961665,0.011943622,0.011951101
2024-07-22,0.011943107,0.011955573,0.011941524,0.011943107
2024-07-23,0.011951529,0.011961823,0.011944848,0.011951529
2024-07-24,0.011946460,0.011956302,0.011943479,0.011946460
2024-07-25,0.011941297,0.011952986,0.011924807,0.011941297
2024-07-26,0.011942066,0.011953187,0.011939614,0.011942066
2024-07-29,0.011943465,0.011948274,0.011938203,0.011943465
2024-07-30,0.011940227,0.011947574,0.011937790,0.011940227
2024-07-31,0.011941867,0.011953243,0.011931423,0.011941867
2024-08-01,0.011944892,0.011953616,0.011940227,0.011944892
2024-08-02,0.011941168,0.011949159,0.011932320,0.011941168
2024-08-05,0.011942395,0.011942395,0.011880674,0.011942395
2024-08-06,0.011904393,0.011928761,0.011891271,0.011904393
2024-08-07,0.011913995,0.011923214,0.011908263,0.011913995
2024-08-08,0.011912931,0.011934612,0.011903486,0.011912931
2024-08-09,0.011906321,0.011921793,0.011905739,0.011906321
2024-08-12,0.011911881,0.011930113,0.011909767,0.011911881
2024-08-13,0.011920372,0.011920798,0.011909015,0.011920372
2024-08-14,0.011921508,0.011921508,0.011908235,0.011921508
2024-08-15,0.011908803,0.011932576,0.011905739,0.011908803
2024-08-16,0.011912093,0.011925347,0.011908959,0.011912093
2024-08-19,0.011920400,0.011935097,0.011913782,0.011920400
2024-08-20,0.011921992,0.011989070,0.011919804,0.011921992
2024-08-21,0.011936108,0.011945861,0.011913796,0.011936108
2024-08-22,0.011920570,0.011922447,0.011909029,0.011920570
2024-08-23,0.011913187,0.011934043,0.011913187,0.011913187
2024-08-26,0.011931210,0.011952544,0.011918653,0.011931210
2024-08-27,0.011921268,0.011922390,0.011912037,0.011921268
2024-08-28,0.011915883,0.011918241,0.011907823,0.011915883
2024-08-29,0.011913058,0.011926442,0.011907455,0.011913058
2024-08-30,0.011919647,0.011932462,0.011919434,0.011919647
2024-09-02,0.011924096,0.011925632,0.011913840,0.011924096
2024-09-03,0.011915074,0.011918951,0.011906874,0.011915074
2024-09-04,0.011911809,0.011913697,0.011902268,0.011911809
2024-09-05,0.011907243,0.011910859,0.011906066,0.011907243
2024-09-06,0.011907087,0.011918085,0.011906506,0.011907087
2024-09-09,0.011907229,0.011914777,0.011907229,0.011907229
2024-09-10,0.011907469,0.011912562,0.011877246,0.011907469
2024-09-11,0.011907313,0.011914833,0.011887737,0.011907313
2024-09-12,0.011905811,0.011918525,0.011905669,0.011905811
2024-09-13,0.011914009,0.011925347,0.011901177,0.011914009
2024-09-16,0.011921111,0.011927538,0.011916835,0.011921111
2024-09-17,0.011921224,0.011946731,0.011917871,0.011921224
2024-09-18,0.011937362,0.011953243,0.011923541,0.011937362
2024-09-19,0.011948615,0.011966732,0.011938231,0.011948615
2024-09-20,0.011959620,0.011979865,0.011957803,0.011959620
2024-09-23,0.011977899,0.011981299,0.011951173,0.011977899
2024-09-24,0.011967505,0.011973839,0.011937262,0.011967505
2024-09-25,0.011966361,0.011984645,0.011956503,0.011966361
2024-09-26,0.011958275,0.011965559,0.011945633,0.011958275
2024-09-27,0.011959276,0.011966933,0.011946290,0.011959276
2024-09-30,0.011945091,0.011955302,0.011917601,0.011945091
2024-10-01,0.011929288,0.011938816,0.011911909,0.011929288
2024-10-02,0.011922915,0.011925419,0.011903755,0.011922915
2024-10-03,0.011916167,0.011919946,0.011900214,0.011916167
2024-10-04,0.011903430,0.011912520,0.011898699,0.011903430
2024-10-07,0.011900823,0.011911852,0.011900823,0.011900823
2024-10-08,0.011909852,0.011916678,0.011890579,0.011909852
2024-10-09,0.011916878,0.011935880,0.011907923,0.011916878
2024-10-10,0.011912960,0.011915783,0.011907512,0.011912960
2024-10-11,0.011912420,0.011913058,0.011887144,0.011912420
2024-10-14,0.011880958,0.011908065,0.011880943,0.011880958
2024-10-15,0.011897893,0.011902197,0.011894453,0.011897893
2024-10-16,0.011896803,0.011906180,0.011891413,0.011896803
2024-10-17,0.011899195,0.011904337,0.011892318,0.011899195
2024-10-18,0.011897142,0.011902168,0.011893746,0.011897142
2024-10-21,0.011895034,0.011899294,0.011892473,0.011895034
2024-10-22,0.011894354,0.011896293,0.011879729,0.011894354
2024-10-23,0.011892869,0.011896406,0.011888656,0.011892869
2024-10-24,0.011895190,0.011898005,0.011893152,0.011895190
2024-10-25,0.011893180,0.011896548,0.011891554,0.011893180
2024-10-28,0.011890324,0.011896548,0.011890324,0.011890324
2024-10-29,0.011890211,0.011900936,0.011889292,0.011890211
2024-10-30,0.011892119,0.011898388,0.011891399,0.011892119
2024-10-31,0.011892147,0.011897538,0.011878389,0.011892147
2024-11-01,0.011891808,0.011899945,0.011889278,0.011891808
2024-11-04,0.011885858,0.011898741,0.011878967,0.011885858
2024-11-05,0.011883189,0.011891780,0.011881226,0.011883189
2024-11-06,0.011888302,0.011903586,0.011856461,0.011888302
2024-11-07,0.011869268,0.011873101,0.011850686,0.011869268
2024-11-08,0.011861497,0.011861833,0.011843921,0.011861497
2024-11-11,0.011850743,0.011852976,0.011845198,0.011850743
2024-11-12,0.011848832,0.011853890,0.011846109,0.011848832
2024-11-13,0.011849001,0.011855294,0.011835300,0.011849001
2024-11-14,0.011845114,0.011849225,0.011837373,0.011845114
2024-11-15,0.011837990,0.011847359,0.011826202,0.011837990
2024-11-18,0.011837471,0.011851669,0.011837471,0.011837471
2024-11-19,0.011848552,0.011854760,0.011843009,0.011848552
2024-11-20,0.011848679,0.011856799,0.011846502,0.011848679
2024-11-21,0.011850714,0.011850714,0.011831099,0.011850714
2024-11-22,0.011835959,0.011848341,0.011832373,0.011835959
2024-11-25,0.011843290,0.011870705,0.011842981,0.011843290
2024-11-26,0.011851501,0.011872959,0.011845323,0.011851501
2024-11-27,0.011856896,0.011859751,0.011838593,0.011856896
2024-11-28,0.011845492,0.011851838,0.011832905,0.011845492
2024-11-29,0.011838298,0.011840877,0.011814772,0.011838298
2024-12-02,0.011826342,0.011826342,0.011799480,0.011826342
2024-12-03,0.011801207,0.011816741,0.011786796,0.011801207
2024-12-04,0.011808732,0.011814605,0.011796556,0.011808732
2024-12-05,0.011805399,0.011811256,0.011799326,0.011805399
2024-12-06,0.011808634,0.011842392,0.011804940,0.011808634
2024-12-09,0.011811117,0.011811117,0.011776580,0.011811117
2024-12-10,0.011785879,0.011797377,0.011776607,0.011785879
2024-12-11,0.011782171,0.011795862,0.011777272,0.011782171
2024-12-12,0.011784517,0.011789060,0.011757637,0.011784517
2024-12-13,0.011787004,0.011796487,0.011762616,0.011787004
2024-12-16,0.011792175,0.011797224,0.011774790,0.011792175
2024-12-17,0.011776164,0.011807351,0.011745402,0.011776164
2024-12-18,0.011776427,0.011791757,0.011743154,0.011776427
2024-12-19,0.011741844,0.011765245,0.011718274,0.011741844
2024-12-20,0.011726161,0.011773737,0.011717930,0.011726161
2024-12-23,0.011772323,0.011773447,0.011746547,0.011772323
2024-12-24,0.011751033,0.011764014,0.011735753,0.011751033
2024-12-25,0.011739638,0.012085322,0.011689452,0.011739638
2024-12-26,0.011707765,0.011763321,0.011706819,0.011707765
2024-12-27,0.011728705,0.012268825,0.011652594,0.011728705
2024-12-30,0.011711522,0.011728293,0.011684290,0.011711522
2024-12-31,0.011656833,0.012902942,0.011655039,0.011656833
2025-01-02,0.011656955,0.011685792,0.011623312,0.011656955
2025-01-03,0.011654468,0.011667754,0.011618139,0.011654468
2025-01-06,0.011660583,0.011684386,0.011649445,0.011660583
2025-01-07,0.011671240,0.011773072,0.011655854,0.011671240
2025-01-08,0.011654128,0.011667795,0.011629853,0.011654128
2025-01-09,0.011640427,0.011651576,0.011602947,0.011640427
2025-01-10,0.011638734,0.011649431,0.011606206,0.011638734
2025-01-13,0.011602542,0.011614510,0.011530555,0.011602542
2025-01-14,0.011540601,0.011568169,0.011513402,0.011540601
2025-01-15,0.011555964,0.011613147,0.011547504,0.011555964
2025-01-16,0.011569923,0.011593921,0.011541720,0.011569923
2025-01-17,0.011546531,0.011619153,0.011538125,0.011546531
2025-01-20,0.011551479,0.011608847,0.011550505,0.011551479
2025-01-21,0.011599435,0.011600618,0.011544998,0.011599435
2025-01-22,0.011567126,0.011588963,0.011548277,0.011567126
2025-01-23,0.011564343,0.011578227,0.011548945,0.011564343
2025-01-24,0.011568692,0.011607661,0.011562525,0.011568692
2025-01-27,0.011600524,0.011603001,0.011568183,0.011600524
2025-01-28,0.011564919,0.011573806,0.011549078,0.011564919
2025-01-29,0.011549397,0.011562298,0.011534651,0.011549397
2025-01-30,0.011541933,0.011554508,0.011540282,0.011541933
2025-01-31,0.011541080,0.011554657,0.011531604,0.011541080
2025-02-03,0.011553481,0.011553481,0.011451396,0.011553481
2025-02-04,0.011501736,0.011502781,0.011477867,0.011501736
2025-02-05,0.011477090,0.011482902,0.011431367,0.011477090
2025-02-06,0.011450281,0.011450281,0.011406164,0.011450281
2025-02-07,0.011417050,0.011452446,0.011383985,0.011417050
2025-02-10,0.011408428,0.011438245,0.011354391,0.011435780
2025-02-11,0.011435780,0.011541539,0.011418179,0.011519988
2025-02-12,0.011520864,0.011585909,0.011488555,0.011495918
2025-02-13,0.011496044,0.011536315,0.011492727,0.011535961
2025-02-14,0.011535143,0.011555873,0.011484478,0.011531845
2025-02-15,0.011531930,0.011538531,0.011529957,0.011538322
2025-02-17,0.011543279,0.011543279,0.011507000,0.011514500
2025-02-18,0.011514000,0.011515000,0.011497000,0.011506500
2025-02-19,0.011506000,0.011519500,0.011500000,0.011504500
2025-02-20,0.011504000,0.011561000,0.011504000,0.011559000
2025-02-21,0.011559000,0.011566500,0.011525500,0.011543000
2025-02-22,0.011543000,0.011545000,0.011540500,0.011541000
2025-02-24,0.011547000,0.011560500,0.011526500,0.011541500
2025-02-26,0.011478000,0.011489500,0.011467500,0.011470000
2025-02-27,0.011470000,0.011480000,0.011437000,0.011455000
2025-02-28,0.011455000,0.011458500,0.011418500,0.011434000
2025-03-01,0.011436000,0.011438000,0.011429500,0.011433500
2025-03-03,0.011432000,0.011462500,0.011432000,0.011454500
2025-03-04,0.011455000,0.011477000,0.011441000,0.011467000
2025-03-05,0.011466500,0.011520500,0.011449500,0.011516500
2025-03-06,0.011517000,0.011521500,0.011475000,0.011487000
2025-03-07,0.011485000,0.011512000,0.011466500,0.011476500
2025-03-08,0.011476000,0.011479000,0.011472500,0.011475000
2025-03-10,0.011510500,0.011510500,0.011446000,0.011450500
2025-03-11,0.011451000,0.011476000,0.011416000,0.011474500
2025-03-12,0.011475000,0.011477500,0.011435000,0.011473500
2025-03-13,0.011474500,0.011504500,0.011440000,0.011503500
2025-03-14,0.011504000,0.011511000,0.011457500,0.011501500
2025-03-15,0.011502000,0.011503000,0.011501500,0.011501500
2025-03-17,0.011498000,0.011546000,0.011498000,0.011545500
2025-03-18,0.011546500,0.011560500,0.011505000,0.011551000
2025-03-19,0.011552000,0.011591500,0.011515000,0.011587500
2025-03-20,0.011587000,0.011603500,0.011546000,0.011581000
2025-03-21,0.011581000,0.011636500,0.011545500,0.011628000
2025-03-22,0.011628000,0.011630000,0.011627000,0.011630000
2025-03-24,0.011629000,0.011696000,0.011621500,0.011687000
2025-03-25,0.011687000,0.011694000,0.011641000,0.011684000
2025-03-26,0.011684500,0.011688000,0.011638000,0.011665000
2025-03-27,0.011667000,0.011678500,0.011612000,0.011672500
2025-03-28,0.011673000,0.011706500,0.011639500,0.011686000
2025-03-29,0.011687000,0.011690500,0.011687000,0.011690000
2025-03-31,0.011691000,0.011709500,0.011690500,0.011704000
2025-04-01,0.011705000,0.011706000,0.011652500,0.011682000
2025-04-02,0.011683000,0.011711000,0.011666000,0.011704000
2025-04-03,0.011704000,0.011737000,0.011620000,0.011726000
2025-04-04,0.011727000,0.011770000,0.011677000,0.011691500
2025-04-05,0.011691000,0.011691000,0.011691000,0.011691000
2025-04-07,0.011692000,0.011692000,0.011618000,0.011627000
2025-04-08,0.011624000,0.011653500,0.011569000,0.011569000
2025-04-09,0.011570000,0.011657500,0.011527000,0.011604000
2025-04-10,0.011600000,0.011629000,0.011571000,0.011580000
2025-04-11,0.011591000,0.011636500,0.011591000,0.011632500
2025-04-14,0.011606313,0.011649038,0.011606313,0.011627502
2025-04-15,0.011627772,0.011687705,0.011622501,0.011673651
2025-04-16,0.011673651,0.011697275,0.011658749,0.011686748
2025-04-17,0.011686748,0.011728141,0.011680537,0.011715089
2025-04-18,0.011715089,0.011715089,0.011701381,0.011708369
2025-04-19,0.011708369,0.011708369,0.011708369,0.011708369
2025-04-21,0.011716050,0.011766921,0.011714060,0.011743981
2025-04-22,0.011743981,0.011761799,0.011735850,0.011745361
2025-04-23,0.011745361,0.011745361,0.011692488,0.011720032
2025-04-24,0.011720032,0.011736952,0.011673038,0.011725391
2025-04-25,0.011726354,0.011756408,0.011674742,0.011715089
2025-04-26,0.011715089,0.011715089,0.011715089,0.011715089
2025-04-28,0.011715089,0.011778424,0.011702751,0.011748672
2025-04-29,0.011743981,0.011775789,0.011710973,0.011750882
2025-04-30,0.011749225,0.011845254,0.011728486,0.011827460
2025-05-01,0.011827460,0.011830539,0.011806794,0.011825923
2025-05-02,0.011825923,0.011941724,0.011814605,0.011837262
2025-05-03,0.011837262,0.011837262,0.011837262,0.011837262
2025-05-05,0.011842308,0.011892162,0.011834320,0.011868732
2025-05-06,0.011868732,0.011874511,0.011815792,0.011859583
2025-05-07,0.011817258,0.011841607,0.011774402,0.011810977
2025-05-08,0.011810977,0.011833900,0.011659089,0.011697548
2025-05-09,0.011651345,0.011731857,0.011640766,0.011715226
2025-05-10,0.011715226,0.011715226,0.011715226,0.011715226
2025-05-12,0.011810559,0.011824943,0.011770245,0.011786615
2025-05-13,0.011786615,0.011819632,0.011700012,0.011730205
2025-05-14,0.011733234,0.011764844,0.011693513,0.011712345
2025-05-15,0.011715089,0.011720169,0.011664527,0.011696453
2025-05-16,0.011696180,0.011733371,0.011668612,0.011688797
2025-05-17,0.011688797,0.011688797,0.011688797,0.011688797
2025-05-19,0.011700012,0.011723742,0.011679513,0.011717148
2025-05-20,0.011717148,0.011722917,0.011675083,0.011694538
2025-05-21,0.011694538,0.011701792,0.011669292,0.011686339
2025-05-22,0.011686339,0.011695360,0.011613727,0.011634942
2025-05-23,0.011634942,0.011753505,0.011622163,0.011743844
2025-05-24,0.011743844,0.011743844,0.011743844,0.011743844
2025-05-26,0.011743706,0.011798018,0.011735368,0.011759172
2025-05-27,0.011759172,0.011759172,0.011702065,0.011719758
2025-05-28,0.011726491,0.011726491,0.011667250,0.011714129
2025-05-29,0.011714129,0.011716873,0.011679855,0.011714129
2025-05-30,0.011713579,0.011733784,0.011676786,0.011699053
2025-05-31,0.011699053,0.011699053,0.011699053,0.011699053
2025-06-02,0.011699053,0.011730067,0.011687431,0.011722230
2025-06-03,0.011722505,0.011722505,0.011673924,0.011673924
2025-06-04,0.011673924,0.011683608,0.011624866,0.011650802
2025-06-05,0.011650802,0.011678696,0.011632979,0.011655011
2025-06-06,0.011656370,0.011683608,0.011630611,0.011663576
2025-06-07,0.011663576,0.011663576,0.011663576,0.011663576
2025-06-09,0.011663440,0.011705901,0.011658001,0.011676786
2025-06-10,0.011678151,0.011700012,0.011671676,0.011689481
2025-06-11,0.011689481,0.011712894,0.011681901,0.011706724
2025-06-12,0.011702751,0.011712894,0.011675423,0.011691804
2025-06-13,0.011691804,0.011691804,0.011599583,0.011615751
2025-06-14,0.011619666,0.011619666,0.011619666,0.011619666
2025-06-16,0.011619666,0.011663984,0.011595883,0.011660447
2025-06-17,0.011660447,0.011660447,0.011579971,0.011592590
2025-06-18,0.011590172,0.011595816,0.011553014,0.011576485
2025-06-19,0.011576485,0.011576485,0.011508473,0.011521666
2025-06-20,0.011521666,0.011563100,0.011521666,0.011553081
2025-06-21,0.011553081,0.011553081,0.011553081,0.011553081
2025-06-23,0.011553081,0.011587485,0.011513442,0.011587485
2025-06-24,0.011556285,0.011647953,0.011556285,0.011642122
2025-06-25,0.011642122,0.011658952,0.011610020,0.011623852
2025-06-26,0.011626555,0.011684427,0.011622501,0.011678151
2025-06-27,0.011680879,0.011711933,0.011674605,0.011704120
2025-06-28,0.011705353,0.011705353,0.011705353,0.011705353
2025-06-30,0.011706861,0.011708094,0.011655419,0.011666297
2025-07-01,0.011672698,0.011707271,0.011661128,0.011679513
2025-07-02,0.011687705,0.011693171,0.011661467,0.011691667
2025-07-03,0.011691667,0.011744672,0.011667591,0.011710837
2025-07-04,0.011711659,0.011725804,0.011696248,0.011702888
2025-07-05,0.011702888,0.011702888,0.011702888,0.011702888
2025-07-07,0.011710630,0.011710630,0.011623852,0.011662215
2025-07-08,0.011662215,0.011682380,0.011648224,0.011664527
2025-07-09,0.011664527,0.011681834,0.011637379,0.011672698
2025-07-10,0.011675423,0.011694538,0.011663168,0.011668612
2025-07-11,0.011668612,0.011673379,0.011640766,0.011658409
2025-07-12,0.011658409,0.011658409,0.011658409,0.011658409
2025-07-14,0.011658409,0.011658409,0.011620813,0.011632100
2025-07-15,0.011632100,0.011668066,0.011626960,0.011635348
2025-07-16,0.011635348,0.011667523,0.011621488,0.011645510
2025-07-17,0.011648224,0.011658952,0.011615414,0.011629394
2025-07-18,0.011629394,0.011635077,0.011596556,0.011611030
2025-07-19,0.011611030,0.011611030,0.011611030,0.011611030
2025-07-21,0.011611030,0.011613457,0.011580440,0.011604024
2025-07-22,0.011604024,0.011609144,0.011572065,0.011591516
2025-07-23,0.011590977,0.011592993,0.011565039,0.011578094
2025-07-24,0.011587619,0.011597430,0.011570057,0.011577692
2025-07-25,0.011577692,0.011580776,0.011543346,0.011566443
2025-07-26,0.011566443,0.011566443,0.011566443,0.011566443
2025-07-28,0.011566443,0.011577156,0.011537085,0.011540813
2025-07-29,0.011540813,0.011540813,0.011483693,0.011483693
2025-07-30,0.011486200,0.011490819,0.011389782,0.011409013
2025-07-31,0.011409013,0.011433929,0.011393284,0.011431707
2025-08-01,0.011431707,0.011478157,0.011409273,0.011465918
2025-08-02,0.011465918,0.011465918,0.011465918,0.011465918
2025-08-04,0.011466575,0.011479080,0.011393415,0.011414222
2025-08-05,0.011402509,0.011402509,0.011366219,0.011391858
2025-08-06,0.011391858,0.011417219,0.011387058,0.011404200
2025-08-07,0.011405109,0.011454754,0.011393025,0.011441778
2025-08-08,0.011441778,0.011441909,0.011396986,0.011436283
2025-08-09,0.011436283,0.011436283,0.011436283,0.011436283
2025-08-11,0.011436283,0.011436283,0.011400559,0.011414222
2025-08-12,0.011414222,0.011423610,0.011398609,0.011419958
2025-08-13,0.011419958,0.011448066,0.011399909,0.011440207
2025-08-14,0.011440207,0.011446887,0.011405759,0.011408883
2025-08-15,0.011408883,0.011444004,0.011406541,0.011430139
2025-08-16,0.011430139,0.011430139,0.011430139,0.011430139
2025-08-18,0.011430139,0.011460531,0.011425698,0.011458560
2025-08-19,0.011458560,0.011508407,0.011447935,0.011491612
2025-08-20,0.011491612,0.011500598,0.011471837,0.011497160
2025-08-21,0.011497160,0.011507347,0.011452130,0.011461711
2025-08-22,0.011461711,0.011474206,0.011423022,0.011453967
2025-08-23,0.011453967,0.011453967,0.011453967,0.011453967
2025-08-25,0.011453967,0.011463027,0.011414222,0.011419958
2025-08-26,0.011419958,0.011421132,0.011389521,0.011416567
2025-08-27,0.011416567,0.011419827,0.011382391,0.011412919
2025-08-28,0.011412919,0.011429224,0.011405435,0.011423219
2025-08-29,0.011423219,0.011425177,0.011324066,0.011347775
2025-08-30,0.011347775,0.011347775,0.011347775,0.011347775
2025-09-01,0.011347647,0.011376564,0.011323105,0.011368804
2025-09-02,0.011368675,0.011390949,0.011337869,0.011368933
2025-09-03,0.011368933,0.011370097,0.011339475,0.011360538
2025-09-04,0.011360538,0.011367125,0.011340118,0.011344042
2025-09-05,0.011344042,0.011359118,0.011317017,0.011345200
2025-09-06,0.011345200,0.011345200,0.011345200,0.011345200
2025-09-08,0.011345200,0.011377341,0.011341598,0.011372425
2025-09-09,0.011372425,0.011373458,0.011335170,0.011337997
2025-09-10,0.011337997,0.011365186,0.011332473,0.011361958
2025-09-11,0.011361829,0.011361829,0.011303139,0.011335041
2025-09-12,0.011335041,0.011337225,0.011310937,0.011331188
2025-09-13,0.011331188,0.011331188,0.011331188,0.011331188
2025-09-15,0.011331188,0.011353960,0.011326311,0.011353701
2025-09-16,0.011353701,0.011384205,0.011343656,0.011383687
2025-09-17,0.011384854,0.011412659,0.011379542,0.011402769
2025-09-18,0.011402769,0.011402769,0.011329776,0.011342498
2025-09-19,0.011342112,0.011360538,0.011320220,0.011353960
2025-09-20,0.011353960,0.011353960,0.011353960,0.011353960
2025-09-22,0.011353960,0.011353960,0.011319901,0.011329776
2025-09-23,0.011329776,0.011335298,0.011261579,0.011265448
2025-09-24,0.011265448,0.011280570,0.011252138,0.011269383
2025-09-25,0.011269383,0.011289995,0.011264559,0.011271796
2025-09-26,0.011271796,0.011286937,0.011266336,0.011282861
2025-09-27,0.011282861,0.011282861,0.011282861,0.011282861
2025-09-29,0.011281970,0.011286809,0.011264559,0.011279426
2025-09-30,0.011279426,0.011281461,0.011256571,0.011262403
2025-10-01,0.011262403,0.011292672,0.011257331,0.011280316
2025-10-02,0.011280316,0.011295862,0.011254290,0.011277899
2025-10-03,0.011277899,0.011281716,0.011263798,0.011272687
2025-10-04,0.011272687,0.011272687,0.011272687,0.011272687
2025-10-06,0.011272687,0.011279680,0.011259740,0.011275992
2025-10-07,0.011275992,0.011278408,0.011263798,0.011272559
2025-10-08,0.011272559,0.011275228,0.011262212,0.011272178
2025-10-09,0.011271289,0.011282224,0.011253658,0.011257458
2025-10-10,0.011257584,0.011303649,0.011257584,0.011280824
2025-10-11,0.011280824,0.011282224,0.011269891,0.011269891
2025-10-13,0.011269891,0.011294840,0.011262530,0.011283116
2025-10-14,0.011283116,0.011288211,0.011257458,0.011267605
2025-10-15,0.011267605,0.011379671,0.011265194,0.011379671
2025-10-16,0.011379542,0.011418392,0.011361313,0.011371518
2025-10-17,0.011371131,0.011402509,0.011353960,0.011370614
2025-10-18,0.011371389,0.011371389,0.011368158,0.011369579
2025-10-20,0.011369579,0.011400819,0.011365315,0.011382132
2025-10-21,0.011382002,0.011384984,0.011354991,0.011366737
2025-10-22,0.011366737,0.011417611,0.011365574,0.011402248
2025-10-23,0.011402118,0.011406670,0.011369450,0.011392117
2025-10-24,0.011397311,0.011414613,0.011383040,0.011386668
2025-10-25,0.011386668,0.011390559,0.011386150,0.011390041
2025-10-27,0.011390041,0.011394972,0.011324708,0.011341211
2025-10-28,0.011341083,0.011346230,0.011311898,0.011339154
2025-10-29,0.011339154,0.011348677,0.011305438,0.011316442
2025-10-30,0.011317210,0.011327210,0.011269256,0.011286555
2025-10-31,0.011286682,0.011295606,0.011264432,0.011270653
2025-11-01,0.011270781,0.011272432,0.011269891,0.011271543
2025-11-03,0.011271543,0.011278662,0.011261579,0.011277262
2025-11-04,0.011277262,0.011324131,0.011268367,0.011275355
2025-11-05,0.011275355,0.011298797,0.011268113,0.011296754
2025-11-06,0.011296754,0.011307868,0.011279361,0.011284261
2025-11-07,0.011283753,0.011295096,0.011270781,0.011280824
2025-11-08,0.011280824,0.011287956,0.011280443,0.011282735
2025-11-10,0.011282735,0.011286937,0.011271924,0.011275864
2025-11-11,0.011275738,0.011313753,0.011271734,0.011310298
2025-11-12,0.011310298,0.011311194,0.011279043,0.011291014
2025-11-13,0.011291014,0.011294075,0.011264179,0.011264813
2025-11-14,0.011264813,0.011285663,0.011263164,0.011279934
2025-11-15,0.011279807,0.011281588,0.011277262,0.011281588
2025-11-17,0.011281588,0.011296243,0.011270463,0.011287064
2025-11-18,0.011287064,0.011304672,0.011275228,0.011303267
2025-11-19,0.011303267,0.011310937,0.011286682,0.011302756
2025-11-20,0.011302756,0.011307484,0.011267605,0.011279171
2025-11-21,0.011279426,0.011289612,0.011148272,0.011166198
2025-11-22,0.011166198,0.011166696,0.011162209,0.011162334
2025-11-24,0.011165699,0.011231160,0.011165699,0.011219
2025-11-25,0.011219,0.011239,0.011203,0.011225
2025-11-26,0.011225,0.011226,0.011201,0.011213
2025-11-27,0.011213,0.011219,0.011185,0.01119
2025-11-28,0.01119,0.011195,0.011169,0.011191
2025-11-29,0.011191,0.011196,0.011189,0.011192
2025-12-01,0.011191,0.011207,0.011128,0.011157
2025-12-02,0.011157,0.011162,0.01111,0.011123
2025-12-03,0.011123,0.011129,0.011074,0.011093
2025-12-04,0.011093,0.011145,0.011057,0.011134
2025-12-05,0.011133,0.011147,0.011102,0.011115
2025-12-06,0.011115,0.01112,0.011113,0.011117
2025-12-08,0.011118,0.011129,0.011075,0.011095
2025-12-09,0.011095,0.011134,0.01109,0.011126
2025-12-10,0.011126,0.01114,0.011101,0.01113
2025-12-11,0.01113,0.011141,0.011041,0.011085
2025-12-12,0.011085,0.011095,0.011027,0.011038
2025-12-13,0.011039,0.011051,0.011033,0.011048
2025-12-15,0.011044,0.011058,0.011015,0.011021
2025-12-16,0.011021,0.011023,0.010981,0.010998
2025-12-17,0.010998,0.011119,0.010976,0.011061
2025-12-18,0.011062,0.011108,0.011055,0.011084
2025-12-19,0.011084,0.011195,0.011075,0.011167
2025-12-20,0.011167,0.011172,0.011158,0.011164
2025-12-22,0.011159,0.011195,0.01114,0.011159
2025-12-23,0.011159,0.011185,0.01113,0.011182
2025-12-24,0.011182,0.011189,0.011135,0.011143
2025-12-25,0.011139,0.011152,0.011127,0.011143
2025-12-26,0.011143,0.011156,0.01105,0.011131
2025-12-27,0.011131,0.011144,0.011128,0.011136
2025-12-29,0.011131,0.011139,0.011079,0.011127
2025-12-30,0.011127,0.011148,0.011113,0.011134
2025-12-31,0.011133,0.011149,0.011118,0.011128
2026-01-01,0.011114,0.011121,0.011112,0.011117
2026-01-02,0.011116,0.01113,0.011055,0.011101
2026-01-03,0.011101,0.011111,0.011099,0.011107
2026-01-05,0.011101,0.011117,0.01107,0.011082
2026-01-06,0.011082,0.011105,0.011079,0.011097
2026-01-07,0.011096,0.011136,0.011082,0.011127
2026-01-08,0.011127,0.011144,0.011095,0.011122
2026-01-09,0.011121,0.01113,0.01107,0.011078
2026-01-10,0.011077,0.01109,0.011062,0.011078
2026-01-11,0.011078,0.011095,0.011069,0.011086
2026-01-12,0.011085,0.011106,0.01106,0.011095
2026-01-13,0.011095,0.011099,0.011065,0.011078
2026-01-14,0.011077,0.011109,0.011052,0.011077
2026-01-15,0.011077,0.011089,0.011057,0.01107
2026-01-16,0.01107,0.011073,0.010999,0.011021
2026-01-17,0.011021,0.011042,0.011015,0.011027
2026-01-18,0.011027,0.01104,0.011007,0.011022
2026-01-19,0.011022,0.011032,0.01099,0.011
2026-01-20,0.011,0.011004,0.010978,0.010978
2026-01-21,0.010978,0.01099,0.0109,0.010918
2026-01-22,0.010917,0.010951,0.010908,0.010921
2026-01-23,0.010921,0.010937,0.010873,0.010906
2026-01-24,0.010906,0.010918,0.010892,0.010906
2026-01-25,0.010906,0.01092,0.010883,0.010906
2026-01-26,0.010905,0.010969,0.010881,0.010903
2026-01-27,0.010903,0.01093,0.010882,0.010921
2026-01-28,0.010921,0.010944,0.010842,0.010859
2026-01-29,0.010859,0.01089,0.010854,0.010884
2026-01-30,0.010884,0.010907,0.010867,0.010897
2026-01-31,0.010897,0.010932,0.010889,0.010907
2026-02-01,0.010907,0.010923,0.010868,0.010906
2026-02-02,0.010906,0.011047,0.010835,0.01101
2026-02-03,0.01101,0.011124,0.010967,0.011056
2026-02-04,0.011056,0.01108,0.011046,0.011059
2026-02-05,0.011059,0.011103,0.011046,0.011077
2026-02-06,0.011077,0.011089,0.011008,0.011037
2026-02-07,0.011037,0.011053,0.01103,0.011043
2026-02-08,0.011043,0.011045,0.011042,0.011044
2026-02-09,0.011043012,0.011067702,0.011016734,0.01102
2026-02-10,0.01102,0.011055,0.011011,0.011043
2026-02-11,0.011043,0.011053,0.011006,0.011025
2026-02-12,0.011025,0.011075,0.011018,0.01104
2026-02-13,0.01104,0.011048,0.011019,0.011039
2026-02-14,0.011039,0.011051,0.011023,0.011043
2026-02-15,0.011043,0.011062,0.011031,0.011043
2026-02-16,0.011043,0.011056,0.011007,0.011018
2026-02-17,0.011018,0.011038,0.011012,0.011036
2026-02-18,0.011036,0.011041,0.011012,0.011015
2026-02-19,0.011015,0.011021,0.010958,0.010981
2026-02-20,0.010981,0.011021,0.010974,0.011009
2026-02-21,0.011009,0.011026,0.010997,0.011021
2026-02-22,0.011021,0.011025,0.010999,0.011022
2026-02-23,0.011022,0.011036,0.010987,0.01099
2026-02-24,0.01099,0.011008,0.010984,0.011
2026-02-25,0.011,0.011007,0.010993,0.011
2026-02-26,0.011,0.011012,0.010982,0.010991
2026-02-27,0.010991,0.011,0.010973,0.010978
2026-02-28,0.010978,0.011006,0.010975,0.010981
2026-03-01,0.010981,0.010996,0.010883,0.010952
2026-03-02,0.010954,0.011,0.010876,0.010926
2026-03-03,0.010926,0.010928,0.010826,0.01087
2026-03-04,0.010871,0.010899,0.010833,0.010852
2026-03-05,0.010852,0.010942,0.01085,0.01089
2026-03-06,0.01089,0.01092,0.010868,0.010883
2026-03-07,0.010883,0.010888,0.010869,0.010876
2026-03-08,0.010875,0.010894,0.01087,0.010877
2026-03-09,0.010877,0.010901,0.01082,0.010874
2026-03-10,0.010875,0.010909,0.010799,0.010876
2026-03-11,0.010876,0.010891,0.010812,0.010845
2026-03-12,0.010845,0.010906,0.010801,0.010823
2026-03-13,0.010823,0.010839,0.010766,0.010804
2026-03-14,0.010804,0.010819,0.010764,0.010808
2026-03-15,0.010808,0.010832,0.010778,0.010802
2026-03-16,0.010802,0.01086,0.01079,0.010837
2026-03-17,0.010837,0.010842,0.010778,0.010822
2026-03-18,0.010822,0.010846,0.01074,0.010746
2026-03-19,0.010746,0.010779,0.010662,0.010766
2026-03-20,0.010766,0.010783,0.010657,0.010672
2026-03-21,0.010672,0.010701,0.010612,0.01067
2026-03-22,0.01067,0.010673,0.010616,0.010639
2026-03-23,0.010639,0.010783,0.010624,0.010722
2026-03-24,0.010722,0.010738,0.010611,0.010624
2026-03-25,0.010624,0.010667,0.010538,0.010649
2026-03-26,0.010648,0.010678,0.010581,0.010612
2026-03-27,0.010612,0.010627,0.010531,0.01056
2026-03-28,0.01056,0.010572,0.010492,0.010544
2026-03-29,0.010544,0.010576,0.010502,0.010546
2026-03-30,0.010545,0.010772,0.010507,0.010593
2026-03-31,0.010593,0.010713,0.010552,0.010709
2026-04-01,0.010709,0.010812,0.010656,0.010784
2026-04-02,0.010788,0.01082,0.010646,0.01075
2026-04-03,0.01075,0.010807,0.010748,0.010787
2026-04-04,0.010787,0.010799,0.010735,0.010771
2026-04-05,0.010771,0.010788,0.01071,0.010754
2026-04-06,0.010754,0.01079,0.010731,0.01076
2026-04-07,0.01076,0.010776,0.010739,0.010765
2026-04-08,0.010765,0.010841,0.010759,0.010821
2026-04-09,0.010822,0.010881,0.010763,0.010815
2026-04-10,0.010815,0.01082,0.010733,0.010741
2026-04-11,0.01074,0.010759,0.010732,0.010741
2026-04-12,0.010741,0.010778,0.010642,0.01067
2026-04-13,0.010671,0.010779,0.010527,0.010651
2026-04-14,0.010657,0.010815,0.010464,0.010732
2026-04-15,0.010732,0.010747,0.010695,0.010709
2026-04-16,0.010709,0.010766,0.010706,0.010746
2026-04-17,0.010746,0.010828,0.010731,0.010798
2026-04-18,0.010799,0.010803,0.010767,0.010784
2026-04-19,0.010784,0.010808,0.010761,0.010785
2026-04-20,0.010785,0.010811,0.010724,0.010739
2026-04-21,0.010739,0.010747,0.010662,0.010684
2026-04-22,0.010685,0.010705,0.010653,0.010661
2026-04-23,0.010661,0.010668,0.010603,0.010627
2026-04-24,0.010627,0.01063,0.010603,0.01062
2026-04-25,0.01062,0.010633,0.01061,0.010625
