datetime,open,high,low,close
1994-09-07,1.5,1.5,1.5,1.5
1994-09-08,1.5,1.5,1.5,1.5
1994-09-09,1.49890,1.49890,1.49890,1.49890
1994-09-12,1.49890,1.49890,1.49890,1.49890
1994-09-13,1.49890,1.49890,1.49890,1.49890
1994-09-14,1.49890,1.49890,1.49890,1.49890
1994-09-15,1.49890,1.49890,1.49890,1.49890
1994-09-16,1.48440,1.48440,1.48440,1.48440
1994-09-19,1.48440,1.48440,1.48440,1.48440
1994-09-20,1.48440,1.48440,1.48440,1.48440
1994-09-21,1.48440,1.48440,1.48440,1.48440
1994-09-22,1.48440,1.48440,1.48440,1.48440
1994-09-23,1.47800,1.47800,1.47800,1.47800
1994-09-26,1.47800,1.47800,1.47800,1.47800
1994-09-27,1.47800,1.47800,1.47800,1.47800
1994-09-28,1.47800,1.47800,1.47800,1.47800
1994-09-29,1.47800,1.47800,1.47800,1.47800
1994-09-30,1.48350,1.48350,1.48350,1.48350
1994-10-03,1.48350,1.48350,1.48350,1.48350
1994-10-04,1.48350,1.48350,1.48350,1.48350
1994-10-05,1.48350,1.48350,1.48350,1.48350
1994-10-06,1.48350,1.48350,1.48350,1.48350
1994-10-07,1.48270,1.48270,1.48270,1.48270
1994-10-10,1.48270,1.48270,1.48270,1.48270
1994-10-11,1.48270,1.48270,1.48270,1.48270
1994-10-12,1.48270,1.48270,1.48270,1.48270
1994-10-13,1.48270,1.48270,1.48270,1.48270
1994-10-14,1.47650,1.47650,1.47650,1.47650
1994-10-17,1.47650,1.47650,1.47650,1.47650
1994-10-18,1.47650,1.47650,1.47650,1.47650
1994-10-19,1.47650,1.47650,1.47650,1.47650
1994-10-20,1.47650,1.47650,1.47650,1.47650
1994-10-21,1.47250,1.47250,1.47250,1.47250
1994-10-24,1.47250,1.47250,1.47250,1.47250
1994-10-25,1.47250,1.47250,1.47250,1.47250
1994-10-26,1.47250,1.47250,1.47250,1.47250
1994-10-27,1.47250,1.47250,1.47250,1.47250
1994-10-28,1.47070,1.47070,1.47070,1.47070
1994-10-31,1.47070,1.47070,1.47070,1.47070
1994-11-01,1.47070,1.47070,1.47070,1.47070
1994-11-02,1.47070,1.47070,1.47070,1.47070
1994-11-03,1.47070,1.47070,1.47070,1.47070
1994-11-04,1.47050,1.47050,1.47050,1.47050
1994-11-07,1.47050,1.47050,1.47050,1.47050
1994-11-08,1.47050,1.47050,1.47050,1.47050
1994-11-09,1.47050,1.47050,1.47050,1.47050
1994-11-10,1.47050,1.47050,1.47050,1.47050
1994-11-11,1.47100,1.47100,1.47100,1.47100
1994-11-14,1.47100,1.47100,1.47100,1.47100
1994-11-15,1.47100,1.47100,1.47100,1.47100
1994-11-16,1.47100,1.47100,1.47100,1.47100
1994-11-17,1.47100,1.47100,1.47100,1.47100
1994-11-18,1.47130,1.47130,1.47130,1.47130
1994-11-21,1.47130,1.47130,1.47130,1.47130
1994-11-22,1.47130,1.47130,1.47130,1.47130
1994-11-23,1.47130,1.47130,1.47130,1.47130
1994-11-24,1.47130,1.47130,1.47130,1.47130
1994-11-25,1.46450,1.46450,1.46450,1.46450
1994-11-28,1.46450,1.46450,1.46450,1.46450
1994-11-29,1.46450,1.46450,1.46450,1.46450
1994-11-30,1.46450,1.46450,1.46450,1.46450
1994-12-01,1.46450,1.46450,1.46450,1.46450
1994-12-02,1.46450,1.46450,1.46450,1.46450
1994-12-05,1.46830,1.46830,1.46830,1.46830
1994-12-06,1.46830,1.46830,1.46830,1.46830
1994-12-07,1.46830,1.46830,1.46830,1.46830
1994-12-08,1.46830,1.46830,1.46830,1.46830
1994-12-09,1.46700,1.46700,1.46700,1.46700
1994-12-12,1.46700,1.46700,1.46700,1.46700
1994-12-13,1.46700,1.46700,1.46700,1.46700
1994-12-14,1.46700,1.46700,1.46700,1.46700
1994-12-15,1.46700,1.46700,1.46700,1.46700
1994-12-16,1.46650,1.46650,1.46650,1.46650
1994-12-19,1.46650,1.46650,1.46650,1.46650
1994-12-20,1.46650,1.46650,1.46650,1.46650
1994-12-21,1.46650,1.46650,1.46650,1.46650
1994-12-22,1.46650,1.46650,1.46650,1.46650
1994-12-23,1.46500,1.46500,1.46500,1.46500
1994-12-26,1.46500,1.46500,1.46500,1.46500
1994-12-27,1.46500,1.46500,1.46500,1.46500
1994-12-28,1.46500,1.46500,1.46500,1.46500
1994-12-29,1.46500,1.46500,1.46500,1.46500
1994-12-30,1.46500,1.46500,1.46500,1.46500
1995-01-02,1.46500,1.46500,1.46500,1.46500
1995-01-03,1.46500,1.46500,1.46500,1.46500
1995-01-04,1.46500,1.46500,1.46500,1.46500
1995-01-05,1.46500,1.46500,1.46500,1.46500
1995-01-06,1.45280,1.45280,1.45280,1.45280
1995-01-09,1.45280,1.45280,1.45280,1.45280
1995-01-10,1.45280,1.45280,1.45280,1.45280
1995-01-11,1.45280,1.45280,1.45280,1.45280
1995-01-12,1.45280,1.45280,1.45280,1.45280
1995-01-13,1.45280,1.45280,1.45280,1.45280
1995-01-16,1.44950,1.44950,1.44950,1.44950
1995-01-17,1.44950,1.44950,1.44950,1.44950
1995-01-18,1.44950,1.44950,1.44950,1.44950
1995-01-19,1.44950,1.44950,1.44950,1.44950
1995-01-20,1.44950,1.44950,1.44950,1.44950
1995-01-23,1.44950,1.44950,1.44950,1.44950
1995-01-24,1.44950,1.44950,1.44950,1.44950
1995-01-25,1.44950,1.44950,1.44950,1.44950
1995-01-26,1.44950,1.44950,1.44950,1.44950
1995-01-27,1.45170,1.45170,1.45170,1.45170
1995-01-30,1.45170,1.45170,1.45170,1.45170
1995-01-31,1.45170,1.45170,1.45170,1.45170
1995-02-01,1.45170,1.45170,1.45170,1.45170
1995-02-02,1.45170,1.45170,1.45170,1.45170
1995-02-03,1.45150,1.45150,1.45150,1.45150
1995-02-06,1.45150,1.45150,1.45150,1.45150
1995-02-07,1.45150,1.45150,1.45150,1.45150
1995-02-08,1.45150,1.45150,1.45150,1.45150
1995-02-09,1.45150,1.45150,1.45150,1.45150
1995-02-10,1.45250,1.45250,1.45250,1.45250
1995-02-13,1.45250,1.45250,1.45250,1.45250
1995-02-14,1.45250,1.45250,1.45250,1.45250
1995-02-15,1.45250,1.45250,1.45250,1.45250
1995-02-16,1.45250,1.45250,1.45250,1.45250
1995-02-17,1.45120,1.45120,1.45120,1.45120
1995-02-20,1.45120,1.45120,1.45120,1.45120
1995-02-21,1.45120,1.45120,1.45120,1.45120
1995-02-22,1.45120,1.45120,1.45120,1.45120
1995-02-23,1.45120,1.45120,1.45120,1.45120
1995-02-24,1.45280,1.45280,1.45280,1.45280
1995-02-27,1.45280,1.45280,1.45280,1.45280
1995-02-28,1.45280,1.45280,1.45280,1.45280
1995-03-01,1.45280,1.45280,1.45280,1.45280
1995-03-02,1.45280,1.45280,1.45280,1.45280
1995-03-03,1.44900,1.44900,1.44900,1.44900
1995-03-06,1.44900,1.44900,1.44900,1.44900
1995-03-07,1.44900,1.44900,1.44900,1.44900
1995-03-08,1.44900,1.44900,1.44900,1.44900
1995-03-09,1.44900,1.44900,1.44900,1.44900
1995-03-10,1.42100,1.42100,1.42100,1.42100
1995-03-11,1.42100,1.42100,1.42100,1.42100
1995-03-12,1.42100,1.42100,1.42100,1.42100
1995-03-13,1.42100,1.42100,1.42100,1.42100
1995-03-14,1.42100,1.42100,1.42100,1.42100
1995-03-15,1.42100,1.42100,1.42100,1.42100
1995-03-16,1.42100,1.42100,1.42100,1.42100
1995-03-17,1.41280,1.41280,1.41280,1.41280
1995-03-20,1.41280,1.41280,1.41280,1.41280
1995-03-21,1.41280,1.41280,1.41280,1.41280
1995-03-22,1.41280,1.41280,1.41280,1.41280
1995-03-23,1.41280,1.41280,1.41280,1.41280
1995-03-24,1.41590,1.41590,1.41590,1.41590
1995-03-27,1.41590,1.41590,1.41590,1.41590
1995-03-28,1.41590,1.41590,1.41590,1.41590
1995-03-29,1.41590,1.41590,1.41590,1.41590
1995-03-30,1.41590,1.41590,1.41590,1.41590
1995-03-31,1.42110,1.42110,1.42110,1.42110
1995-04-03,1.42110,1.42110,1.42110,1.42110
1995-04-04,1.42110,1.42110,1.42110,1.42110
1995-04-05,1.42110,1.42110,1.42110,1.42110
1995-04-06,1.42110,1.42110,1.42110,1.42110
1995-04-07,1.40350,1.40350,1.40350,1.40350
1995-04-10,1.40350,1.40350,1.40350,1.40350
1995-04-11,1.40350,1.40350,1.40350,1.40350
1995-04-12,1.40350,1.40350,1.40350,1.40350
1995-04-13,1.40050,1.40050,1.40050,1.40050
1995-04-14,1.40050,1.40050,1.40050,1.40050
1995-04-17,1.40050,1.40050,1.40050,1.40050
1995-04-18,1.40050,1.40050,1.40050,1.40050
1995-04-19,1.40050,1.40050,1.40050,1.40050
1995-04-20,1.40050,1.40050,1.40050,1.40050
1995-04-21,1.40000,1.40000,1.40000,1.40000
1995-04-24,1.40000,1.40000,1.40000,1.40000
1995-04-25,1.40000,1.40000,1.40000,1.40000
1995-04-26,1.40000,1.40000,1.40000,1.40000
1995-04-27,1.40000,1.40000,1.40000,1.40000
1995-04-28,1.39400,1.39400,1.39400,1.39400
1995-05-01,1.39400,1.39400,1.39400,1.39400
1995-05-02,1.39400,1.39400,1.39400,1.39400
1995-05-03,1.39400,1.39400,1.39400,1.39400
1995-05-04,1.39400,1.39400,1.39400,1.39400
1995-05-05,1.39000,1.39000,1.39000,1.39000
1995-05-08,1.39000,1.39000,1.39000,1.39000
1995-05-09,1.39000,1.39000,1.39000,1.39000
1995-05-10,1.39000,1.39000,1.39000,1.39000
1995-05-11,1.39000,1.39000,1.39000,1.39000
1995-05-12,1.40450,1.40450,1.40450,1.40450
1995-05-15,1.40450,1.40450,1.40450,1.40450
1995-05-16,1.40450,1.40450,1.40450,1.40450
1995-05-17,1.40450,1.40450,1.40450,1.40450
1995-05-18,1.40450,1.40450,1.40450,1.40450
1995-05-19,1.39430,1.39430,1.39430,1.39430
1995-05-22,1.39430,1.39430,1.39430,1.39430
1995-05-23,1.39430,1.39430,1.39430,1.39430
1995-05-24,1.39430,1.39430,1.39430,1.39430
1995-05-25,1.39430,1.39430,1.39430,1.39430
1995-05-26,1.39000,1.39000,1.39000,1.39000
1995-05-29,1.39000,1.39000,1.39000,1.39000
1995-05-30,1.39000,1.39000,1.39000,1.39000
1995-05-31,1.39000,1.39000,1.39000,1.39000
1995-06-01,1.39000,1.39000,1.39000,1.39000
1995-06-02,1.39950,1.39950,1.39950,1.39950
1995-06-05,1.39950,1.39950,1.39950,1.39950
1995-06-06,1.39950,1.39950,1.39950,1.39950
1995-06-07,1.39950,1.39950,1.39950,1.39950
1995-06-08,1.39950,1.39950,1.39950,1.39950
1995-06-09,1.39160,1.39160,1.39160,1.39160
1995-06-12,1.39160,1.39160,1.39160,1.39160
1995-06-13,1.39160,1.39160,1.39160,1.39160
1995-06-14,1.39160,1.39160,1.39160,1.39160
1995-06-15,1.39160,1.39160,1.39160,1.39160
1995-06-16,1.39750,1.39750,1.39750,1.39750
1995-06-19,1.39750,1.39750,1.39750,1.39750
1995-06-20,1.39750,1.39750,1.39750,1.39750
1995-06-21,1.39750,1.39750,1.39750,1.39750
1995-06-22,1.39750,1.39750,1.39750,1.39750
1995-06-23,1.39900,1.39900,1.39900,1.39900
1995-06-26,1.39900,1.39900,1.39900,1.39900
1995-06-27,1.39900,1.39900,1.39900,1.39900
1995-06-28,1.39900,1.39900,1.39900,1.39900
1995-06-29,1.39900,1.39900,1.39900,1.39900
1995-06-30,1.39900,1.39900,1.39900,1.39900
1995-07-03,1.39700,1.39700,1.39700,1.39700
1995-07-04,1.39700,1.39700,1.39700,1.39700
1995-07-05,1.39700,1.39700,1.39700,1.39700
1995-07-06,1.39700,1.39700,1.39700,1.39700
1995-07-07,1.39800,1.39800,1.39800,1.39800
1995-07-10,1.39800,1.39800,1.39800,1.39800
1995-07-11,1.39800,1.39800,1.39800,1.39800
1995-07-12,1.39800,1.39800,1.39800,1.39800
1995-07-13,1.39800,1.39800,1.39800,1.39800
1995-07-14,1.39850,1.39850,1.39850,1.39850
1995-07-17,1.39850,1.39850,1.39850,1.39850
1995-07-18,1.39850,1.39850,1.39850,1.39850
1995-07-19,1.39850,1.39850,1.39850,1.39850
1995-07-20,1.39850,1.39850,1.39850,1.39850
1995-07-21,1.40100,1.40100,1.40100,1.40100
1995-07-24,1.40100,1.40100,1.40100,1.40100
1995-07-25,1.40100,1.40100,1.40100,1.40100
1995-07-26,1.40100,1.40100,1.40100,1.40100
1995-07-27,1.40100,1.40100,1.40100,1.40100
1995-07-28,1.39380,1.39380,1.39380,1.39380
1995-07-31,1.39380,1.39380,1.39380,1.39380
1995-08-01,1.39380,1.39380,1.39380,1.39380
1995-08-02,1.39380,1.39380,1.39380,1.39380
1995-08-03,1.39380,1.39380,1.39380,1.39380
1995-08-04,1.39830,1.39830,1.39830,1.39830
1995-08-07,1.39830,1.39830,1.39830,1.39830
1995-08-08,1.39830,1.39830,1.39830,1.39830
1995-08-09,1.39830,1.39830,1.39830,1.39830
1995-08-10,1.39830,1.39830,1.39830,1.39830
1995-08-11,1.39900,1.39900,1.39900,1.39900
1995-08-14,1.39900,1.39900,1.39900,1.39900
1995-08-15,1.39900,1.39900,1.39900,1.39900
1995-08-16,1.39900,1.39900,1.39900,1.39900
1995-08-17,1.39900,1.39900,1.39900,1.39900
1995-08-18,1.42300,1.42300,1.42300,1.42300
1995-08-21,1.42300,1.42300,1.42300,1.42300
1995-08-22,1.42300,1.42300,1.42300,1.42300
1995-08-23,1.42300,1.42300,1.42300,1.42300
1995-08-24,1.42300,1.42300,1.42300,1.42300
1995-08-25,1.42380,1.42380,1.42380,1.42380
1995-08-28,1.42380,1.42380,1.42380,1.42380
1995-08-29,1.42380,1.42380,1.42380,1.42380
1995-08-30,1.42380,1.42380,1.42380,1.42380
1995-08-31,1.42380,1.42380,1.42380,1.42380
1995-09-01,1.42100,1.42100,1.42100,1.42100
1995-09-04,1.42100,1.42100,1.42100,1.42100
1995-09-05,1.42100,1.42100,1.42100,1.42100
1995-09-06,1.42100,1.42100,1.42100,1.42100
1995-09-07,1.42100,1.42100,1.42100,1.42100
1995-09-08,1.42500,1.42500,1.42500,1.42500
1995-09-11,1.42500,1.42500,1.42500,1.42500
1995-09-12,1.42500,1.42500,1.42500,1.42500
1995-09-13,1.42500,1.42500,1.42500,1.42500
1995-09-14,1.42500,1.42500,1.42500,1.42500
1995-09-15,1.43530,1.43530,1.43530,1.43530
1995-09-18,1.43530,1.43530,1.43530,1.43530
1995-09-19,1.43530,1.43530,1.43530,1.43530
1995-09-20,1.43530,1.43530,1.43530,1.43530
1995-09-21,1.43530,1.43530,1.43530,1.43530
1995-09-22,1.43800,1.43800,1.43800,1.43800
1995-09-25,1.43800,1.43800,1.43800,1.43800
1995-09-26,1.43800,1.43800,1.43800,1.43800
1995-09-27,1.43800,1.43800,1.43800,1.43800
1995-09-28,1.43800,1.43800,1.43800,1.43800
1995-09-29,1.43800,1.43800,1.43800,1.43800
1995-10-02,1.41900,1.41900,1.41900,1.41900
1995-10-03,1.41900,1.41900,1.41900,1.41900
1995-10-04,1.41900,1.41900,1.41900,1.41900
1995-10-05,1.41900,1.41900,1.41900,1.41900
1995-10-06,1.43300,1.43300,1.43300,1.43300
1995-10-09,1.43300,1.43300,1.43300,1.43300
1995-10-10,1.43300,1.43300,1.43300,1.43300
1995-10-11,1.43300,1.43300,1.43300,1.43300
1995-10-12,1.43300,1.43300,1.43300,1.43300
1995-10-13,1.43300,1.43300,1.43300,1.43300
1995-10-16,1.42510,1.42510,1.42510,1.42510
1995-10-17,1.42510,1.42510,1.42510,1.42510
1995-10-18,1.42510,1.42510,1.42510,1.42510
1995-10-19,1.42510,1.42510,1.42510,1.42510
1995-10-20,1.42200,1.42200,1.42200,1.42200
1995-10-23,1.42200,1.42200,1.42200,1.42200
1995-10-24,1.42200,1.42200,1.42200,1.42200
1995-10-25,1.42200,1.42200,1.42200,1.42200
1995-10-26,1.42200,1.42200,1.42200,1.42200
1995-10-27,1.42200,1.42200,1.42200,1.42200
1995-10-30,1.42200,1.42200,1.42200,1.42200
1995-10-31,1.42200,1.42200,1.42200,1.42200
1995-11-01,1.42200,1.42200,1.42200,1.42200
1995-11-02,1.42200,1.42200,1.42200,1.42200
1995-11-03,1.42200,1.42200,1.42200,1.42200
1995-11-06,1.42200,1.42200,1.42200,1.42200
1995-11-07,1.42200,1.42200,1.42200,1.42200
1995-11-08,1.42200,1.42200,1.42200,1.42200
1995-11-09,1.42200,1.42200,1.42200,1.42200
1995-11-10,1.42200,1.42200,1.42200,1.42200
1995-11-13,1.42200,1.42200,1.42200,1.42200
1995-11-14,1.42200,1.42200,1.42200,1.42200
1995-11-15,1.42200,1.42200,1.42200,1.42200
1995-11-16,1.42200,1.42200,1.42200,1.42200
1995-11-17,1.42200,1.42200,1.42200,1.42200
1995-11-20,1.42200,1.42200,1.42200,1.42200
1995-11-21,1.42200,1.42200,1.42200,1.42200
1995-11-22,1.41250,1.41250,1.41250,1.41250
1995-11-23,1.41250,1.41250,1.41250,1.41250
1995-11-24,1.41150,1.41150,1.41150,1.41150
1995-11-27,1.41150,1.41150,1.41150,1.41150
1995-11-28,1.41150,1.41150,1.41150,1.41150
1995-11-29,1.41150,1.41150,1.41150,1.41150
1995-11-30,1.41150,1.41150,1.41150,1.41150
1995-12-01,1.41150,1.41150,1.41150,1.41150
1995-12-04,1.41150,1.41150,1.41150,1.41150
1995-12-05,1.41150,1.41150,1.41150,1.41150
1995-12-06,1.41150,1.41150,1.41150,1.41150
1995-12-07,1.41150,1.41150,1.41150,1.41150
1995-12-08,1.41150,1.41150,1.41150,1.41150
1995-12-11,1.41150,1.41150,1.41150,1.41150
1995-12-12,1.41150,1.41150,1.41150,1.41150
1995-12-13,1.41150,1.41150,1.41150,1.41150
1995-12-14,1.41150,1.41150,1.41150,1.41150
1995-12-15,1.41150,1.41150,1.41150,1.41150
1995-12-18,1.41150,1.41150,1.41150,1.41150
1995-12-19,1.41150,1.41150,1.41150,1.41150
1995-12-20,1.41150,1.41150,1.41150,1.41150
1995-12-21,1.41150,1.41150,1.41150,1.41150
1995-12-22,1.41150,1.41150,1.41150,1.41150
1995-12-25,1.41150,1.41150,1.41150,1.41150
1995-12-26,1.41150,1.41150,1.41150,1.41150
1995-12-27,1.41150,1.41150,1.41150,1.41150
1995-12-28,1.41150,1.41150,1.41150,1.41150
1995-12-29,1.41150,1.41150,1.41150,1.41150
1996-01-02,1.41150,1.41150,1.41150,1.41150
1996-01-03,1.41150,1.41150,1.41150,1.41150
1996-01-04,1.41150,1.41150,1.41150,1.41150
1996-01-05,1.41150,1.41150,1.41150,1.41150
1996-01-08,1.41150,1.41150,1.41150,1.41150
1996-01-09,1.41150,1.41150,1.41150,1.41150
1996-01-10,1.41150,1.41150,1.41150,1.41150
1996-01-11,1.41150,1.41150,1.41150,1.41150
1996-01-12,1.41150,1.41150,1.41150,1.41150
1996-01-15,1.41150,1.41150,1.41150,1.41150
1996-01-16,1.41150,1.41150,1.41150,1.41150
1996-01-17,1.41150,1.41150,1.41150,1.41150
1996-01-18,1.41150,1.41150,1.41150,1.41150
1996-01-19,1.41150,1.41150,1.41150,1.41150
1996-01-22,1.41150,1.41150,1.41150,1.41150
1996-01-23,1.41150,1.41150,1.41150,1.41150
1996-01-24,1.41150,1.41150,1.41150,1.41150
1996-01-25,1.41150,1.41150,1.41150,1.41150
1996-01-26,1.41150,1.41150,1.41150,1.41150
1996-01-29,1.41150,1.41150,1.41150,1.41150
1996-01-30,1.41150,1.41150,1.41150,1.41150
1996-01-31,1.41150,1.41150,1.41150,1.41150
1996-02-01,1.41150,1.41150,1.41150,1.41150
1996-02-02,1.41970,1.41970,1.41970,1.41970
1996-02-05,1.41970,1.41970,1.41970,1.41970
1996-02-06,1.41970,1.41970,1.41970,1.41970
1996-02-07,1.41970,1.41970,1.41970,1.41970
1996-02-08,1.41970,1.41970,1.41970,1.41970
1996-02-09,1.41970,1.41970,1.41970,1.41970
1996-02-12,1.41970,1.41970,1.41970,1.41970
1996-02-13,1.41970,1.41970,1.41970,1.41970
1996-02-14,1.41970,1.41970,1.41970,1.41970
1996-02-15,1.41970,1.41970,1.41970,1.41970
1996-02-16,1.41300,1.41300,1.41300,1.41300
1996-02-19,1.41300,1.41300,1.41300,1.41300
1996-02-20,1.41300,1.41300,1.41300,1.41300
1996-02-21,1.41300,1.41300,1.41300,1.41300
1996-02-22,1.41300,1.41300,1.41300,1.41300
1996-02-23,1.41270,1.41270,1.41270,1.41270
1996-02-26,1.41270,1.41270,1.41270,1.41270
1996-02-27,1.41270,1.41270,1.41270,1.41270
1996-02-28,1.41270,1.41270,1.41270,1.41270
1996-02-29,1.41270,1.41270,1.41270,1.41270
1996-03-01,1.40900,1.40900,1.40900,1.40900
1996-03-04,1.40900,1.40900,1.40900,1.40900
1996-03-05,1.40900,1.40900,1.40900,1.40900
1996-03-06,1.40900,1.40900,1.40900,1.40900
1996-03-07,1.40900,1.40900,1.40900,1.40900
1996-03-08,1.40850,1.40850,1.40850,1.40850
1996-03-11,1.40850,1.40850,1.40850,1.40850
1996-03-12,1.40850,1.40850,1.40850,1.40850
1996-03-13,1.40850,1.40850,1.40850,1.40850
1996-03-14,1.40850,1.40850,1.40850,1.40850
1996-03-15,1.40700,1.40700,1.40700,1.40700
1996-03-18,1.40700,1.40700,1.40700,1.40700
1996-03-19,1.40700,1.40700,1.40700,1.40700
1996-03-20,1.40700,1.40700,1.40700,1.40700
1996-03-21,1.40700,1.40700,1.40700,1.40700
1996-03-22,1.41550,1.41550,1.41550,1.41550
1996-03-25,1.41550,1.41550,1.41550,1.41550
1996-03-26,1.41550,1.41550,1.41550,1.41550
1996-03-27,1.41550,1.41550,1.41550,1.41550
1996-03-28,1.41550,1.41550,1.41550,1.41550
1996-03-29,1.40730,1.40730,1.40730,1.40730
1996-04-01,1.40730,1.40730,1.40730,1.40730
1996-04-02,1.40730,1.40730,1.40730,1.40730
1996-04-03,1.40730,1.40730,1.40730,1.40730
1996-04-04,1.40480,1.40480,1.40480,1.40480
1996-04-05,1.40480,1.40480,1.40480,1.40480
1996-04-08,1.40480,1.40480,1.40480,1.40480
1996-04-09,1.40480,1.40480,1.40480,1.40480
1996-04-10,1.40480,1.40480,1.40480,1.40480
1996-04-11,1.40480,1.40480,1.40480,1.40480
1996-04-12,1.41020,1.41020,1.41020,1.41020
1996-04-15,1.41020,1.41020,1.41020,1.41020
1996-04-16,1.41020,1.41020,1.41020,1.41020
1996-04-17,1.41020,1.41020,1.41020,1.41020
1996-04-18,1.41020,1.41020,1.41020,1.41020
1996-04-19,1.41020,1.41020,1.41020,1.41020
1996-04-22,1.40740,1.40740,1.40740,1.40740
1996-04-23,1.40740,1.40740,1.40740,1.40740
1996-04-24,1.40740,1.40740,1.40740,1.40740
1996-04-25,1.40740,1.40740,1.40740,1.40740
1996-04-26,1.40810,1.40810,1.40810,1.40810
1996-04-29,1.40810,1.40810,1.40810,1.40810
1996-04-30,1.40810,1.40810,1.40810,1.40810
1996-05-01,1.40810,1.40810,1.40810,1.40810
1996-05-02,1.40810,1.40810,1.40810,1.40810
1996-05-03,1.40450,1.40450,1.40450,1.40450
1996-05-06,1.40450,1.40450,1.40450,1.40450
1996-05-07,1.40450,1.40450,1.40450,1.40450
1996-05-08,1.40450,1.40450,1.40450,1.40450
1996-05-09,1.40450,1.40450,1.40450,1.40450
1996-05-10,1.40450,1.40450,1.40450,1.40450
1996-05-13,1.40450,1.40450,1.40450,1.40450
1996-05-14,1.40450,1.40450,1.40450,1.40450
1996-05-15,1.40450,1.40450,1.40450,1.40450
1996-05-16,1.40450,1.40450,1.40450,1.40450
1996-05-17,1.40800,1.40800,1.40800,1.40800
1996-05-20,1.40800,1.40800,1.40800,1.40800
1996-05-21,1.40800,1.40800,1.40800,1.40800
1996-05-22,1.40800,1.40800,1.40800,1.40800
1996-05-23,1.40800,1.40800,1.40800,1.40800
1996-05-24,1.40800,1.40800,1.40800,1.40800
1996-05-27,1.40930,1.40930,1.40930,1.40930
1996-05-28,1.40930,1.40930,1.40930,1.40930
1996-05-29,1.40930,1.40930,1.40930,1.40930
1996-05-30,1.40930,1.40930,1.40930,1.40930
1996-05-31,1.41080,1.41080,1.41080,1.41080
1996-06-03,1.41080,1.41080,1.41080,1.41080
1996-06-04,1.41080,1.41080,1.41080,1.41080
1996-06-05,1.41080,1.41080,1.41080,1.41080
1996-06-06,1.41080,1.41080,1.41080,1.41080
1996-06-07,1.41080,1.41080,1.41080,1.41080
1996-06-10,1.40830,1.40830,1.40830,1.40830
1996-06-11,1.40830,1.40830,1.40830,1.40830
1996-06-12,1.40830,1.40830,1.40830,1.40830
1996-06-13,1.40830,1.40830,1.40830,1.40830
1996-06-14,1.40850,1.40850,1.40850,1.40850
1996-06-17,1.40850,1.40850,1.40850,1.40850
1996-06-18,1.40850,1.40850,1.40850,1.40850
1996-06-19,1.40850,1.40850,1.40850,1.40850
1996-06-20,1.40850,1.40850,1.40850,1.40850
1996-06-21,1.40930,1.40930,1.40930,1.40930
1996-06-24,1.40930,1.40930,1.40930,1.40930
1996-06-25,1.40930,1.40930,1.40930,1.40930
1996-06-26,1.40930,1.40930,1.40930,1.40930
1996-06-27,1.40930,1.40930,1.40930,1.40930
1996-06-28,1.41020,1.41020,1.41020,1.41020
1996-07-01,1.41020,1.41020,1.41020,1.41020
1996-07-02,1.41020,1.41020,1.41020,1.41020
1996-07-03,1.41020,1.41020,1.41020,1.41020
1996-07-04,1.41020,1.41020,1.41020,1.41020
1996-07-05,1.41400,1.41400,1.41400,1.41400
1996-07-08,1.41400,1.41400,1.41400,1.41400
1996-07-09,1.41400,1.41400,1.41400,1.41400
1996-07-10,1.41400,1.41400,1.41400,1.41400
1996-07-11,1.41400,1.41400,1.41400,1.41400
1996-07-12,1.41630,1.41630,1.41630,1.41630
1996-07-15,1.41630,1.41630,1.41630,1.41630
1996-07-16,1.41630,1.41630,1.41630,1.41630
1996-07-17,1.41630,1.41630,1.41630,1.41630
1996-07-18,1.41630,1.41630,1.41630,1.41630
1996-07-19,1.41750,1.41750,1.41750,1.41750
1996-07-22,1.41750,1.41750,1.41750,1.41750
1996-07-23,1.41750,1.41750,1.41750,1.41750
1996-07-24,1.41750,1.41750,1.41750,1.41750
1996-07-25,1.41750,1.41750,1.41750,1.41750
1996-07-26,1.41650,1.41650,1.41650,1.41650
1996-07-29,1.41650,1.41650,1.41650,1.41650
1996-07-30,1.41650,1.41650,1.41650,1.41650
1996-07-31,1.41650,1.41650,1.41650,1.41650
1996-08-01,1.41650,1.41650,1.41650,1.41650
1996-08-02,1.41530,1.41530,1.41530,1.41530
1996-08-05,1.41530,1.41530,1.41530,1.41530
1996-08-06,1.41530,1.41530,1.41530,1.41530
1996-08-07,1.41530,1.41530,1.41530,1.41530
1996-08-08,1.41530,1.41530,1.41530,1.41530
1996-08-09,1.41620,1.41620,1.41620,1.41620
1996-08-12,1.41620,1.41620,1.41620,1.41620
1996-08-13,1.41620,1.41620,1.41620,1.41620
1996-08-14,1.41620,1.41620,1.41620,1.41620
1996-08-15,1.41620,1.41620,1.41620,1.41620
1996-08-16,1.41000,1.41000,1.41000,1.41000
1996-08-19,1.41000,1.41000,1.41000,1.41000
1996-08-20,1.41000,1.41000,1.41000,1.41000
1996-08-21,1.41000,1.41000,1.41000,1.41000
1996-08-22,1.41000,1.41000,1.41000,1.41000
1996-08-23,1.41120,1.41120,1.41120,1.41120
1996-08-26,1.41120,1.41120,1.41120,1.41120
1996-08-27,1.41120,1.41120,1.41120,1.41120
1996-08-28,1.41120,1.41120,1.41120,1.41120
1996-08-29,1.41120,1.41120,1.41120,1.41120
1996-08-30,1.40710,1.40710,1.40710,1.40710
1996-09-02,1.40710,1.40710,1.40710,1.40710
1996-09-03,1.40710,1.40710,1.40710,1.40710
1996-09-04,1.40710,1.40710,1.40710,1.40710
1996-09-05,1.40710,1.40710,1.40710,1.40710
1996-09-06,1.40610,1.40610,1.40610,1.40610
1996-09-09,1.40610,1.40610,1.40610,1.40610
1996-09-10,1.40610,1.40610,1.40610,1.40610
1996-09-11,1.40610,1.40610,1.40610,1.40610
1996-09-12,1.40610,1.40610,1.40610,1.40610
1996-09-13,1.40610,1.40610,1.40610,1.40610
1996-09-16,1.40970,1.40970,1.40970,1.40970
1996-09-17,1.40970,1.40970,1.40970,1.40970
1996-09-18,1.40970,1.40970,1.40970,1.40970
1996-09-19,1.40970,1.40970,1.40970,1.40970
1996-09-20,1.40880,1.40880,1.40880,1.40880
1996-09-23,1.40880,1.40880,1.40880,1.40880
1996-09-24,1.40880,1.40880,1.40880,1.40880
1996-09-25,1.40880,1.40880,1.40880,1.40880
1996-09-26,1.40880,1.40880,1.40880,1.40880
1996-09-27,1.40800,1.40800,1.40800,1.40800
1996-09-30,1.40800,1.40800,1.40800,1.40800
1996-10-01,1.40800,1.40800,1.40800,1.40800
1996-10-02,1.40800,1.40800,1.40800,1.40800
1996-10-03,1.40800,1.40800,1.40800,1.40800
1996-10-04,1.41080,1.41080,1.41080,1.41080
1996-10-07,1.41080,1.41080,1.41080,1.41080
1996-10-08,1.41080,1.41080,1.41080,1.41080
1996-10-09,1.41080,1.41080,1.41080,1.41080
1996-10-10,1.41080,1.41080,1.41080,1.41080
1996-10-11,1.40890,1.40890,1.40890,1.40890
1996-10-14,1.40890,1.40890,1.40890,1.40890
1996-10-15,1.40890,1.40890,1.40890,1.40890
1996-10-16,1.40890,1.40890,1.40890,1.40890
1996-10-17,1.40890,1.40890,1.40890,1.40890
1996-10-18,1.41470,1.41470,1.41470,1.41470
1996-10-21,1.41470,1.41470,1.41470,1.41470
1996-10-22,1.41470,1.41470,1.41470,1.41470
1996-10-23,1.41470,1.41470,1.41470,1.41470
1996-10-24,1.41470,1.41470,1.41470,1.41470
1996-10-25,1.41700,1.41700,1.41700,1.41700
1996-10-28,1.41700,1.41700,1.41700,1.41700
1996-10-29,1.41700,1.41700,1.41700,1.41700
1996-10-30,1.41700,1.41700,1.41700,1.41700
1996-10-31,1.41700,1.41700,1.41700,1.41700
1996-11-01,1.40920,1.40920,1.40920,1.40920
1996-11-04,1.40920,1.40920,1.40920,1.40920
1996-11-05,1.40920,1.40920,1.40920,1.40920
1996-11-06,1.40920,1.40920,1.40920,1.40920
1996-11-07,1.40920,1.40920,1.40920,1.40920
1996-11-08,1.39850,1.39850,1.39850,1.39850
1996-11-11,1.39850,1.39850,1.39850,1.39850
1996-11-12,1.39850,1.39850,1.39850,1.39850
1996-11-13,1.39850,1.39850,1.39850,1.39850
1996-11-14,1.39850,1.39850,1.39850,1.39850
1996-11-15,1.40020,1.40020,1.40020,1.40020
1996-11-18,1.40020,1.40020,1.40020,1.40020
1996-11-19,1.40020,1.40020,1.40020,1.40020
1996-11-20,1.40020,1.40020,1.40020,1.40020
1996-11-21,1.40020,1.40020,1.40020,1.40020
1996-11-22,1.40090,1.40090,1.40090,1.40090
1996-11-25,1.40090,1.40090,1.40090,1.40090
1996-11-26,1.40090,1.40090,1.40090,1.40090
1996-11-27,1.40090,1.40090,1.40090,1.40090
1996-11-28,1.40090,1.40090,1.40090,1.40090
1996-11-29,1.40220,1.40220,1.40220,1.40220
1996-12-02,1.40220,1.40220,1.40220,1.40220
1996-12-03,1.40220,1.40220,1.40220,1.40220
1996-12-04,1.40220,1.40220,1.40220,1.40220
1996-12-05,1.40220,1.40220,1.40220,1.40220
1996-12-06,1.40090,1.40090,1.40090,1.40090
1996-12-09,1.40090,1.40090,1.40090,1.40090
1996-12-10,1.40090,1.40090,1.40090,1.40090
1996-12-11,1.40090,1.40090,1.40090,1.40090
1996-12-12,1.40090,1.40090,1.40090,1.40090
1996-12-13,1.40150,1.40150,1.40150,1.40150
1996-12-16,1.39950,1.39950,1.39950,1.39950
1996-12-17,1.39950,1.39950,1.39950,1.39950
1996-12-18,1.39950,1.39950,1.39950,1.39950
1996-12-19,1.39950,1.39950,1.39950,1.39950
1996-12-20,1.39950,1.39950,1.39950,1.39950
1996-12-23,1.39950,1.39950,1.39950,1.39950
1996-12-24,1.39950,1.39950,1.39950,1.39950
1996-12-25,1.39950,1.39950,1.39950,1.39950
1996-12-26,1.39950,1.39950,1.39950,1.39950
1996-12-27,1.40000,1.40000,1.40000,1.40000
1996-12-30,1.40000,1.40000,1.40000,1.40000
1996-12-31,1.40000,1.40000,1.40000,1.40000
1997-01-02,1.40000,1.40000,1.40000,1.40000
1997-01-03,1.40000,1.40000,1.40000,1.40000
1997-01-06,1.40170,1.40170,1.40170,1.40170
1997-01-07,1.40170,1.40170,1.40170,1.40170
1997-01-08,1.40170,1.40170,1.40170,1.40170
1997-01-09,1.40170,1.40170,1.40170,1.40170
1997-01-10,1.40450,1.40450,1.40450,1.40450
1997-01-13,1.40450,1.40450,1.40450,1.40450
1997-01-14,1.40450,1.40450,1.40450,1.40450
1997-01-15,1.40450,1.40450,1.40450,1.40450
1997-01-16,1.40450,1.40450,1.40450,1.40450
1997-01-17,1.40820,1.40820,1.40820,1.40820
1997-01-20,1.40820,1.40820,1.40820,1.40820
1997-01-21,1.40820,1.40820,1.40820,1.40820
1997-01-22,1.40820,1.40820,1.40820,1.40820
1997-01-23,1.40820,1.40820,1.40820,1.40820
1997-01-24,1.40790,1.40790,1.40790,1.40790
1997-01-27,1.40790,1.40790,1.40790,1.40790
1997-01-28,1.40790,1.40790,1.40790,1.40790
1997-01-29,1.40790,1.40790,1.40790,1.40790
1997-01-30,1.40790,1.40790,1.40790,1.40790
1997-01-31,1.40850,1.40850,1.40850,1.40850
1997-02-03,1.40850,1.40850,1.40850,1.40850
1997-02-04,1.40850,1.40850,1.40850,1.40850
1997-02-05,1.40850,1.40850,1.40850,1.40850
1997-02-06,1.40850,1.40850,1.40850,1.40850
1997-02-07,1.40850,1.40850,1.40850,1.40850
1997-02-10,1.41300,1.41300,1.41300,1.41300
1997-02-11,1.41300,1.41300,1.41300,1.41300
1997-02-12,1.41300,1.41300,1.41300,1.41300
1997-02-13,1.41300,1.41300,1.41300,1.41300
1997-02-14,1.41300,1.41300,1.41300,1.41300
1997-02-17,1.41300,1.41300,1.41300,1.41300
1997-02-18,1.41300,1.41300,1.41300,1.41300
1997-02-19,1.41300,1.41300,1.41300,1.41300
1997-02-20,1.40000,1.40000,1.40000,1.40000
1997-02-21,1.40000,1.40000,1.40000,1.40000
1997-02-24,1.40000,1.40000,1.40000,1.40000
1997-02-25,1.40000,1.40000,1.40000,1.40000
1997-02-26,1.40000,1.40000,1.40000,1.40000
1997-02-27,1.40000,1.40000,1.40000,1.40000
1997-02-28,1.40000,1.40000,1.40000,1.40000
1997-03-03,1.40000,1.40000,1.40000,1.40000
1997-03-04,1.40000,1.40000,1.40000,1.40000
1997-03-05,1.40000,1.40000,1.40000,1.40000
1997-03-06,1.40000,1.40000,1.40000,1.40000
1997-03-07,1.40000,1.40000,1.40000,1.40000
1997-03-10,1.43370,1.43370,1.43370,1.43370
1997-03-11,1.43370,1.43370,1.43370,1.43370
1997-03-12,1.43370,1.43370,1.43370,1.43370
1997-03-13,1.43370,1.43370,1.43370,1.43370
1997-03-14,1.43450,1.43450,1.43450,1.43450
1997-03-17,1.43450,1.43450,1.43450,1.43450
1997-03-18,1.43450,1.43450,1.43450,1.43450
1997-03-19,1.43450,1.43450,1.43450,1.43450
1997-03-20,1.43450,1.43450,1.43450,1.43450
1997-03-21,1.44610,1.44610,1.44610,1.44610
1997-03-24,1.44610,1.44610,1.44610,1.44610
1997-03-25,1.44610,1.44610,1.44610,1.44610
1997-03-26,1.44610,1.44610,1.44610,1.44610
1997-03-27,1.44650,1.44650,1.44650,1.44650
1997-03-28,1.44650,1.44650,1.44650,1.44650
1997-03-31,1.44650,1.44650,1.44650,1.44650
1997-04-01,1.44650,1.44650,1.44650,1.44650
1997-04-02,1.44650,1.44650,1.44650,1.44650
1997-04-03,1.44650,1.44650,1.44650,1.44650
1997-04-04,1.43640,1.43640,1.43640,1.43640
1997-04-07,1.43640,1.43640,1.43640,1.43640
1997-04-08,1.43640,1.43640,1.43640,1.43640
1997-04-09,1.43640,1.43640,1.43640,1.43640
1997-04-10,1.43640,1.43640,1.43640,1.43640
1997-04-11,1.43770,1.43770,1.43770,1.43770
1997-04-14,1.43770,1.43770,1.43770,1.43770
1997-04-15,1.43770,1.43770,1.43770,1.43770
1997-04-16,1.43770,1.43770,1.43770,1.43770
1997-04-17,1.43770,1.43770,1.43770,1.43770
1997-04-18,1.43770,1.43770,1.43770,1.43770
1997-04-21,1.44080,1.44080,1.44080,1.44080
1997-04-22,1.44080,1.44080,1.44080,1.44080
1997-04-23,1.44080,1.44080,1.44080,1.44080
1997-04-24,1.44080,1.44080,1.44080,1.44080
1997-04-25,1.44410,1.44410,1.44410,1.44410
1997-04-28,1.44410,1.44410,1.44410,1.44410
1997-04-29,1.44410,1.44410,1.44410,1.44410
1997-04-30,1.44410,1.44410,1.44410,1.44410
1997-05-01,1.44410,1.44410,1.44410,1.44410
1997-05-02,1.44660,1.44660,1.44660,1.44660
1997-05-05,1.44660,1.44660,1.44660,1.44660
1997-05-06,1.44660,1.44660,1.44660,1.44660
1997-05-07,1.44660,1.44660,1.44660,1.44660
1997-05-08,1.44660,1.44660,1.44660,1.44660
1997-05-09,1.44660,1.44660,1.44660,1.44660
1997-05-12,1.44580,1.44580,1.44580,1.44580
1997-05-13,1.44580,1.44580,1.44580,1.44580
1997-05-14,1.44580,1.44580,1.44580,1.44580
1997-05-15,1.44580,1.44580,1.44580,1.44580
1997-05-16,1.43230,1.43230,1.43230,1.43230
1997-05-19,1.43230,1.43230,1.43230,1.43230
1997-05-20,1.43230,1.43230,1.43230,1.43230
1997-05-21,1.43230,1.43230,1.43230,1.43230
1997-05-22,1.43230,1.43230,1.43230,1.43230
1997-05-23,1.43230,1.43230,1.43230,1.43230
1997-05-26,1.43230,1.43230,1.43230,1.43230
1997-05-27,1.43230,1.43230,1.43230,1.43230
1997-05-28,1.43230,1.43230,1.43230,1.43230
1997-05-29,1.43230,1.43230,1.43230,1.43230
1997-05-30,1.42960,1.42960,1.42960,1.42960
1997-06-02,1.42960,1.42960,1.42960,1.42960
1997-06-03,1.42960,1.42960,1.42960,1.42960
1997-06-04,1.42960,1.42960,1.42960,1.42960
1997-06-05,1.42960,1.42960,1.42960,1.42960
1997-06-06,1.42970,1.42970,1.42970,1.42970
1997-06-09,1.42970,1.42970,1.42970,1.42970
1997-06-10,1.42970,1.42970,1.42970,1.42970
1997-06-11,1.42970,1.42970,1.42970,1.42970
1997-06-12,1.42970,1.42970,1.42970,1.42970
1997-06-13,1.42600,1.42600,1.42600,1.42600
1997-06-16,1.42600,1.42600,1.42600,1.42600
1997-06-17,1.42600,1.42600,1.42600,1.42600
1997-06-18,1.42600,1.42600,1.42600,1.42600
1997-06-19,1.42600,1.42600,1.42600,1.42600
1997-06-20,1.42650,1.42650,1.42650,1.42650
1997-06-23,1.42650,1.42650,1.42650,1.42650
1997-06-24,1.42650,1.42650,1.42650,1.42650
1997-06-25,1.42650,1.42650,1.42650,1.42650
1997-06-26,1.42650,1.42650,1.42650,1.42650
1997-06-27,1.42950,1.42950,1.42950,1.42950
1997-06-30,1.42950,1.42950,1.42950,1.42950
1997-07-01,1.42950,1.42950,1.42950,1.42950
1997-07-02,1.42950,1.42950,1.42950,1.42950
1997-07-03,1.42950,1.42950,1.42950,1.42950
1997-07-04,1.43450,1.43450,1.43450,1.43450
1997-07-07,1.43450,1.43450,1.43450,1.43450
1997-07-08,1.43450,1.43450,1.43450,1.43450
1997-07-09,1.43450,1.43450,1.43450,1.43450
1997-07-10,1.43450,1.43450,1.43450,1.43450
1997-07-11,1.43730,1.43730,1.43730,1.43730
1997-07-14,1.43730,1.43730,1.43730,1.43730
1997-07-15,1.43730,1.43730,1.43730,1.43730
1997-07-16,1.43730,1.43730,1.43730,1.43730
1997-07-17,1.43730,1.43730,1.43730,1.43730
1997-07-18,1.46750,1.46750,1.46750,1.46750
1997-07-21,1.46750,1.46750,1.46750,1.46750
1997-07-22,1.46750,1.46750,1.46750,1.46750
1997-07-23,1.46750,1.46750,1.46750,1.46750
1997-07-24,1.46750,1.46750,1.46750,1.46750
1997-07-25,1.47000,1.47000,1.47000,1.47000
1997-07-28,1.47000,1.47000,1.47000,1.47000
1997-07-29,1.47000,1.47000,1.47000,1.47000
1997-07-30,1.47000,1.47000,1.47000,1.47000
1997-07-31,1.47000,1.47000,1.47000,1.47000
1997-08-01,1.47250,1.47250,1.47250,1.47250
1997-08-04,1.47250,1.47250,1.47250,1.47250
1997-08-05,1.47250,1.47250,1.47250,1.47250
1997-08-06,1.47250,1.47250,1.47250,1.47250
1997-08-07,1.47250,1.47250,1.47250,1.47250
1997-08-08,1.47400,1.47400,1.47400,1.47400
1997-08-11,1.47400,1.47400,1.47400,1.47400
1997-08-12,1.47400,1.47400,1.47400,1.47400
1997-08-13,1.47400,1.47400,1.47400,1.47400
1997-08-14,1.47400,1.47400,1.47400,1.47400
1997-08-15,1.51620,1.51620,1.51620,1.51620
1997-08-18,1.51620,1.51620,1.51620,1.51620
1997-08-19,1.51620,1.51620,1.51620,1.51620
1997-08-20,1.51620,1.51620,1.51620,1.51620
1997-08-21,1.51620,1.51620,1.51620,1.51620
1997-08-22,1.50150,1.50150,1.50150,1.50150
1997-08-25,1.50150,1.50150,1.50150,1.50150
1997-08-26,1.50150,1.50150,1.50150,1.50150
1997-08-27,1.50150,1.50150,1.50150,1.50150
1997-08-28,1.50150,1.50150,1.50150,1.50150
1997-08-29,1.50990,1.50990,1.50990,1.50990
1997-09-01,1.50990,1.50990,1.50990,1.50990
1997-09-02,1.50990,1.50990,1.50990,1.50990
1997-09-03,1.50990,1.50990,1.50990,1.50990
1997-09-04,1.50990,1.50990,1.50990,1.50990
1997-09-05,1.51500,1.51500,1.51500,1.51500
1997-09-08,1.51500,1.51500,1.51500,1.51500
1997-09-09,1.51500,1.51500,1.51500,1.51500
1997-09-10,1.51500,1.51500,1.51500,1.51500
1997-09-11,1.51500,1.51500,1.51500,1.51500
1997-09-12,1.51450,1.51450,1.51450,1.51450
1997-09-15,1.51450,1.51450,1.51450,1.51450
1997-09-16,1.51450,1.51450,1.51450,1.51450
1997-09-17,1.51450,1.51450,1.51450,1.51450
1997-09-18,1.51450,1.51450,1.51450,1.51450
1997-09-19,1.51700,1.51700,1.51700,1.51700
1997-09-22,1.51700,1.51700,1.51700,1.51700
1997-09-23,1.51700,1.51700,1.51700,1.51700
1997-09-24,1.51700,1.51700,1.51700,1.51700
1997-09-25,1.51700,1.51700,1.51700,1.51700
1997-09-26,1.52590,1.52590,1.52590,1.52590
1997-09-29,1.52590,1.52590,1.52590,1.52590
1997-09-30,1.52590,1.52590,1.52590,1.52590
1997-10-01,1.52590,1.52590,1.52590,1.52590
1997-10-02,1.52590,1.52590,1.52590,1.52590
1997-10-03,1.54100,1.54100,1.54100,1.54100
1997-10-06,1.54100,1.54100,1.54100,1.54100
1997-10-07,1.54100,1.54100,1.54100,1.54100
1997-10-08,1.54100,1.54100,1.54100,1.54100
1997-10-09,1.54100,1.54100,1.54100,1.54100
1997-10-10,1.53850,1.53850,1.53850,1.53850
1997-10-13,1.53850,1.53850,1.53850,1.53850
1997-10-14,1.53850,1.53850,1.53850,1.53850
1997-10-15,1.53850,1.53850,1.53850,1.53850
1997-10-16,1.53850,1.53850,1.53850,1.53850
1997-10-17,1.55650,1.55650,1.55650,1.55650
1997-10-20,1.55650,1.55650,1.55650,1.55650
1997-10-21,1.55650,1.55650,1.55650,1.55650
1997-10-22,1.55650,1.55650,1.55650,1.55650
1997-10-23,1.55650,1.55650,1.55650,1.55650
1997-10-24,1.58450,1.58450,1.58450,1.58450
1997-10-27,1.58450,1.58450,1.58450,1.58450
1997-10-28,1.58450,1.58450,1.58450,1.58450
1997-10-29,1.58450,1.58450,1.58450,1.58450
1997-10-30,1.58450,1.58450,1.58450,1.58450
1997-10-31,1.57750,1.57750,1.57750,1.57750
1997-11-03,1.57750,1.57750,1.57750,1.57750
1997-11-04,1.57750,1.57750,1.57750,1.57750
1997-11-05,1.57750,1.57750,1.57750,1.57750
1997-11-06,1.57750,1.57750,1.57750,1.57750
1997-11-07,1.57080,1.57080,1.57080,1.57080
1997-11-10,1.57080,1.57080,1.57080,1.57080
1997-11-11,1.57080,1.57080,1.57080,1.57080
1997-11-12,1.57080,1.57080,1.57080,1.57080
1997-11-13,1.57080,1.57080,1.57080,1.57080
1997-11-14,1.58330,1.58330,1.58330,1.58330
1997-11-17,1.58330,1.58330,1.58330,1.58330
1997-11-18,1.58330,1.58330,1.58330,1.58330
1997-11-19,1.58330,1.58330,1.58330,1.58330
1997-11-20,1.58330,1.58330,1.58330,1.58330
1997-11-21,1.58160,1.58160,1.58160,1.58160
1997-11-24,1.58160,1.58160,1.58160,1.58160
1997-11-25,1.58160,1.58160,1.58160,1.58160
1997-11-26,1.58160,1.58160,1.58160,1.58160
1997-11-27,1.58160,1.58160,1.58160,1.58160
1997-11-28,1.59530,1.59530,1.59530,1.59530
1997-12-01,1.59530,1.59530,1.59530,1.59530
1997-12-02,1.59530,1.59530,1.59530,1.59530
1997-12-03,1.59530,1.59530,1.59530,1.59530
1997-12-04,1.59530,1.59530,1.59530,1.59530
1997-12-05,1.61330,1.61330,1.61330,1.61330
1997-12-08,1.61330,1.61330,1.61330,1.61330
1997-12-09,1.61330,1.61330,1.61330,1.61330
1997-12-10,1.61330,1.61330,1.61330,1.61330
1997-12-11,1.61330,1.61330,1.61330,1.61330
1997-12-12,1.65200,1.65200,1.65200,1.65200
1997-12-15,1.65200,1.65200,1.65200,1.65200
1997-12-16,1.65200,1.65200,1.65200,1.65200
1997-12-17,1.65200,1.65200,1.65200,1.65200
1997-12-18,1.65200,1.65200,1.65200,1.65200
1997-12-19,1.65200,1.65200,1.65200,1.65200
1997-12-22,1.66950,1.66950,1.66950,1.66950
1997-12-23,1.66950,1.66950,1.66950,1.66950
1997-12-24,1.66950,1.66950,1.66950,1.66950
1997-12-25,1.66950,1.66950,1.66950,1.66950
1997-12-26,1.66950,1.66950,1.66950,1.66950
1997-12-29,1.66950,1.66950,1.66950,1.66950
1997-12-30,1.66950,1.66950,1.66950,1.66950
1997-12-31,1.66950,1.66950,1.66950,1.66950
1998-01-02,1.69500,1.69500,1.69500,1.69500
1998-01-05,1.69700,1.69700,1.69700,1.69700
1998-01-06,1.69700,1.69700,1.69700,1.69700
1998-01-07,1.69700,1.69700,1.69700,1.69700
1998-01-08,1.69700,1.69700,1.69700,1.69700
1998-01-09,1.77200,1.77200,1.77200,1.77200
1998-01-12,1.77200,1.77200,1.77200,1.77200
1998-01-13,1.77200,1.77200,1.77200,1.77200
1998-01-14,1.77200,1.77200,1.77200,1.77200
1998-01-15,1.77200,1.77200,1.77200,1.77200
1998-01-16,1.73550,1.73550,1.73550,1.73550
1998-01-19,1.73550,1.73550,1.73550,1.73550
1998-01-20,1.73550,1.73550,1.73550,1.73550
1998-01-21,1.73550,1.73550,1.73550,1.73550
1998-01-22,1.73550,1.73550,1.73550,1.73550
1998-01-23,1.76050,1.76050,1.76050,1.76050
1998-01-26,1.76050,1.76050,1.76050,1.76050
1998-01-27,1.76050,1.76050,1.76050,1.76050
1998-01-28,1.76050,1.76050,1.76050,1.76050
1998-01-29,1.76050,1.76050,1.76050,1.76050
1998-01-30,1.71900,1.71900,1.71900,1.71900
1998-02-02,1.71900,1.71900,1.71900,1.71900
1998-02-03,1.71900,1.71900,1.71900,1.71900
1998-02-04,1.71900,1.71900,1.71900,1.71900
1998-02-05,1.71900,1.71900,1.71900,1.71900
1998-02-06,1.65250,1.65250,1.65250,1.65250
1998-02-09,1.65250,1.65250,1.65250,1.65250
1998-02-10,1.65250,1.65250,1.65250,1.65250
1998-02-11,1.65250,1.65250,1.65250,1.65250
1998-02-12,1.65250,1.65250,1.65250,1.65250
1998-02-13,1.84500,1.84500,1.84500,1.84500
1998-02-16,1.84500,1.84500,1.84500,1.84500
1998-02-17,1.84500,1.84500,1.84500,1.84500
1998-02-18,1.84500,1.84500,1.84500,1.84500
1998-02-19,1.64500,1.64500,1.64500,1.64500
1998-02-20,1.64350,1.64350,1.64350,1.64350
1998-02-23,1.64350,1.64350,1.64350,1.64350
1998-02-24,1.64350,1.64350,1.64350,1.64350
1998-02-25,1.64350,1.64350,1.64350,1.64350
1998-02-26,1.64350,1.64350,1.64350,1.64350
1998-02-27,1.62650,1.62650,1.62650,1.62650
1998-03-02,1.62650,1.62650,1.62650,1.62650
1998-03-03,1.62650,1.62650,1.62650,1.62650
1998-03-04,1.62650,1.62650,1.62650,1.62650
1998-03-05,1.62650,1.62650,1.62650,1.62650
1998-03-06,1.64150,1.64150,1.64150,1.64150
1998-03-09,1.64150,1.64150,1.64150,1.64150
1998-03-10,1.64150,1.64150,1.64150,1.64150
1998-03-11,1.64150,1.64150,1.64150,1.64150
1998-03-12,1.64150,1.64150,1.64150,1.64150
1998-03-13,1.61750,1.61750,1.61750,1.61750
1998-03-16,1.61750,1.61750,1.61750,1.61750
1998-03-17,1.61750,1.61750,1.61750,1.61750
1998-03-18,1.61750,1.61750,1.61750,1.61750
1998-03-19,1.61750,1.61750,1.61750,1.61750
1998-03-20,1.60600,1.60600,1.60600,1.60600
1998-03-23,1.60600,1.60600,1.60600,1.60600
1998-03-24,1.60600,1.60600,1.60600,1.60600
1998-03-25,1.60600,1.60600,1.60600,1.60600
1998-03-26,1.60600,1.60600,1.60600,1.60600
1998-03-27,1.58950,1.58950,1.58950,1.58950
1998-03-30,1.58950,1.58950,1.58950,1.58950
1998-03-31,1.58950,1.58950,1.58950,1.58950
1998-04-01,1.58950,1.58950,1.58950,1.58950
1998-04-02,1.58950,1.58950,1.58950,1.58950
1998-04-03,1.52900,1.52900,1.52900,1.52900
1998-04-06,1.52900,1.52900,1.52900,1.52900
1998-04-07,1.52900,1.52900,1.52900,1.52900
1998-04-08,1.52900,1.52900,1.52900,1.52900
1998-04-09,1.60450,1.60450,1.60450,1.60450
1998-04-10,1.60450,1.60450,1.60450,1.60450
1998-04-13,1.60450,1.60450,1.60450,1.60450
1998-04-14,1.60450,1.60450,1.60450,1.60450
1998-04-15,1.60450,1.60450,1.60450,1.60450
1998-04-16,1.60450,1.60450,1.60450,1.60450
1998-04-17,1.59900,1.59900,1.59900,1.59900
1998-04-20,1.59900,1.59900,1.59900,1.59900
1998-04-21,1.59900,1.59900,1.59900,1.59900
1998-04-22,1.59900,1.59900,1.59900,1.59900
1998-04-23,1.59900,1.59900,1.59900,1.59900
1998-04-24,1.59000,1.59000,1.59000,1.59000
1998-04-27,1.59000,1.59000,1.59000,1.59000
1998-04-28,1.59000,1.59000,1.59000,1.59000
1998-04-29,1.59000,1.59000,1.59000,1.59000
1998-04-30,1.59000,1.59000,1.59000,1.59000
1998-05-01,1.68500,1.68500,1.68500,1.68500
1998-05-04,1.68500,1.68500,1.68500,1.68500
1998-05-05,1.68500,1.68500,1.68500,1.68500
1998-05-06,1.68500,1.68500,1.68500,1.68500
1998-05-07,1.68500,1.68500,1.68500,1.68500
1998-05-08,1.61950,1.61950,1.61950,1.61950
1998-05-11,1.61950,1.61950,1.61950,1.61950
1998-05-12,1.61950,1.61950,1.61950,1.61950
1998-05-13,1.61950,1.61950,1.61950,1.61950
1998-05-14,1.61950,1.61950,1.61950,1.61950
1998-05-15,1.64250,1.64250,1.64250,1.64250
1998-05-18,1.64250,1.64250,1.64250,1.64250
1998-05-19,1.64250,1.64250,1.64250,1.64250
1998-05-20,1.64250,1.64250,1.64250,1.64250
1998-05-21,1.64250,1.64250,1.64250,1.64250
1998-05-22,1.63880,1.63880,1.63880,1.63880
1998-05-25,1.63880,1.63880,1.63880,1.63880
1998-05-26,1.63880,1.63880,1.63880,1.63880
1998-05-27,1.63880,1.63880,1.63880,1.63880
1998-05-28,1.63880,1.63880,1.63880,1.63880
1998-05-29,1.67750,1.67750,1.67750,1.67750
1998-06-01,1.67750,1.67750,1.67750,1.67750
1998-06-02,1.67750,1.67750,1.67750,1.67750
1998-06-03,1.67750,1.67750,1.67750,1.67750
1998-06-04,1.67750,1.67750,1.67750,1.67750
1998-06-05,1.69800,1.69800,1.69800,1.69800
1998-06-08,1.69800,1.69800,1.69800,1.69800
1998-06-09,1.69800,1.69800,1.69800,1.69800
1998-06-10,1.69800,1.69800,1.69800,1.69800
1998-06-11,1.69800,1.69800,1.69800,1.69800
1998-06-12,1.74950,1.74950,1.74950,1.74950
1998-06-15,1.74950,1.74950,1.74950,1.74950
1998-06-16,1.74950,1.74950,1.74950,1.74950
1998-06-17,1.74950,1.74950,1.74950,1.74950
1998-06-18,1.74950,1.74950,1.74950,1.74950
1998-06-19,1.62950,1.62950,1.62950,1.62950
1998-06-22,1.62950,1.62950,1.62950,1.62950
1998-06-23,1.62950,1.62950,1.62950,1.62950
1998-06-24,1.62950,1.62950,1.62950,1.62950
1998-06-25,1.62950,1.62950,1.62950,1.62950
1998-06-26,1.67400,1.67400,1.67400,1.67400
1998-06-29,1.67400,1.67400,1.67400,1.67400
1998-06-30,1.67400,1.67400,1.67400,1.67400
1998-07-01,1.67400,1.67400,1.67400,1.67400
1998-07-02,1.67400,1.67400,1.67400,1.67400
1998-07-03,1.69650,1.69650,1.69650,1.69650
1998-07-06,1.69650,1.69650,1.69650,1.69650
1998-07-07,1.69650,1.69650,1.69650,1.69650
1998-07-08,1.69650,1.69650,1.69650,1.69650
1998-07-09,1.69650,1.69650,1.69650,1.69650
1998-07-10,1.69650,1.69650,1.69650,1.69650
1998-07-13,1.69650,1.69650,1.69650,1.69650
1998-07-14,1.69650,1.69650,1.69650,1.69650
1998-07-15,1.69650,1.69650,1.69650,1.69650
1998-07-16,1.69650,1.69650,1.69650,1.69650
1998-07-17,1.70180,1.70180,1.70180,1.70180
1998-07-20,1.70180,1.70180,1.70180,1.70180
1998-07-21,1.70180,1.70180,1.70180,1.70180
1998-07-22,1.70180,1.70180,1.70180,1.70180
1998-07-23,1.70180,1.70180,1.70180,1.70180
1998-07-24,1.70790,1.70790,1.70790,1.70790
1998-07-27,1.70790,1.70790,1.70790,1.70790
1998-07-28,1.70790,1.70790,1.70790,1.70790
1998-07-29,1.70790,1.70790,1.70790,1.70790
1998-07-30,1.70790,1.70790,1.70790,1.70790
1998-07-31,1.72980,1.72980,1.72980,1.72980
1998-08-03,1.72980,1.72980,1.72980,1.72980
1998-08-04,1.72980,1.72980,1.72980,1.72980
1998-08-05,1.72980,1.72980,1.72980,1.72980
1998-08-06,2.015600,2.015600,2.015600,2.015600
1998-08-07,1.74550,1.74550,1.74550,1.74550
1998-08-10,1.74550,1.74550,1.74550,1.74550
1998-08-11,1.74550,1.74550,1.74550,1.74550
1998-08-12,1.74550,1.74550,1.74550,1.74550
1998-08-13,1.74550,1.74550,1.74550,1.74550
1998-08-14,1.74560,1.74560,1.74560,1.74560
1998-08-17,1.74560,1.74560,1.74560,1.74560
1998-08-18,1.74560,1.74560,1.74560,1.74560
1998-08-19,1.74560,1.74560,1.74560,1.74560
1998-08-20,1.74560,1.74560,1.74560,1.74560
1998-08-21,1.76550,1.76550,1.76550,1.76550
1998-08-22,1.76550,1.76550,1.76550,1.76550
1998-08-23,1.76550,1.76550,1.76550,1.76550
1998-08-24,1.76550,1.76550,1.76550,1.76550
1998-08-25,1.76550,1.76550,1.76550,1.76550
1998-08-26,1.76400,1.76400,1.76400,1.76400
1998-08-27,1.76400,1.76400,1.76400,1.76400
1998-08-28,1.78090,1.78090,1.78090,1.78090
1998-08-31,1.78090,1.78090,1.78090,1.78090
1998-09-01,1.78090,1.78090,1.78090,1.78090
1998-09-02,1.78090,1.78090,1.78090,1.78090
1998-09-03,1.76090,1.76090,1.76090,1.76090
1998-09-04,1.76090,1.76090,1.76090,1.76090
1998-09-07,1.76090,1.76090,1.76090,1.76090
1998-09-08,1.76090,1.76090,1.76090,1.76090
1998-09-09,1.76090,1.76090,1.76090,1.76090
1998-09-10,1.76090,1.76090,1.76090,1.76090
1998-09-11,1.71750,1.71750,1.71750,1.71750
1998-09-14,1.71750,1.71750,1.71750,1.71750
1998-09-15,1.71750,1.71750,1.71750,1.71750
1998-09-16,1.71750,1.71750,1.71750,1.71750
1998-09-17,1.71750,1.71750,1.71750,1.71750
1998-09-18,1.72250,1.72250,1.72250,1.72250
1998-09-21,1.72250,1.72250,1.72250,1.72250
1998-09-22,1.72250,1.72250,1.72250,1.72250
1998-09-23,1.72250,1.72250,1.72250,1.72250
1998-09-24,1.72250,1.72250,1.72250,1.72250
1998-09-25,1.68650,1.68650,1.68650,1.68650
1998-09-28,1.68650,1.68650,1.68650,1.68650
1998-09-29,1.68650,1.68650,1.68650,1.68650
1998-09-30,1.68650,1.68650,1.68650,1.68650
1998-10-01,1.68650,1.68650,1.68650,1.68650
1998-10-02,1.68270,1.68270,1.68270,1.68270
1998-10-05,1.68270,1.68270,1.68270,1.68270
1998-10-06,1.68270,1.68270,1.68270,1.68270
1998-10-07,1.68270,1.68270,1.68270,1.68270
1998-10-08,1.68270,1.68270,1.68270,1.68270
1998-10-09,1.64710,1.64710,1.64710,1.64710
1998-10-12,1.64710,1.64710,1.64710,1.64710
1998-10-13,1.64710,1.64710,1.64710,1.64710
1998-10-14,1.64710,1.64710,1.64710,1.64710
1998-10-15,1.64710,1.64710,1.64710,1.64710
1998-10-16,1.61290,1.61290,1.61290,1.61290
1998-10-19,1.61290,1.61290,1.61290,1.61290
1998-10-20,1.61290,1.61290,1.61290,1.61290
1998-10-21,1.61290,1.61290,1.61290,1.61290
1998-10-22,1.61290,1.61290,1.61290,1.61290
1998-10-23,1.62490,1.62490,1.62490,1.62490
1998-10-26,1.62490,1.62490,1.62490,1.62490
1998-10-27,1.62490,1.62490,1.62490,1.62490
1998-10-28,1.62490,1.62490,1.62490,1.62490
1998-10-29,1.62490,1.62490,1.62490,1.62490
1998-10-30,1.62650,1.62650,1.62650,1.62650
1998-11-02,1.62650,1.62650,1.62650,1.62650
1998-11-03,1.62650,1.62650,1.62650,1.62650
1998-11-04,1.62650,1.62650,1.62650,1.62650
1998-11-05,1.62650,1.62650,1.62650,1.62650
1998-11-06,1.63150,1.63150,1.63150,1.63150
1998-11-09,1.63150,1.63150,1.63150,1.63150
1998-11-10,1.63150,1.63150,1.63150,1.63150
1998-11-11,1.63150,1.63150,1.63150,1.63150
1998-11-12,1.63150,1.63150,1.63150,1.63150
1998-11-13,1.64800,1.64800,1.64800,1.64800
1998-11-16,1.64800,1.64800,1.64800,1.64800
1998-11-17,1.64800,1.64800,1.64800,1.64800
1998-11-18,1.64800,1.64800,1.64800,1.64800
1998-11-19,1.64800,1.64800,1.64800,1.64800
1998-11-20,1.63050,1.63050,1.63050,1.63050
1998-11-23,1.63050,1.63050,1.63050,1.63050
1998-11-24,1.63050,1.63050,1.63050,1.63050
1998-11-25,1.63050,1.63050,1.63050,1.63050
1998-11-26,1.63050,1.63050,1.63050,1.63050
1998-11-27,1.65250,1.65250,1.65250,1.65250
1998-11-30,1.65250,1.65250,1.65250,1.65250
1998-12-01,1.65250,1.65250,1.65250,1.65250
1998-12-02,1.65250,1.65250,1.65250,1.65250
1998-12-03,1.65250,1.65250,1.65250,1.65250
1998-12-04,1.65550,1.65550,1.65550,1.65550
1998-12-07,1.65550,1.65550,1.65550,1.65550
1998-12-08,1.65550,1.65550,1.65550,1.65550
1998-12-09,1.65550,1.65550,1.65550,1.65550
1998-12-10,1.65550,1.65550,1.65550,1.65550
1998-12-11,1.65000,1.65000,1.65000,1.65000
1998-12-14,1.65000,1.65000,1.65000,1.65000
1998-12-15,1.65000,1.65000,1.65000,1.65000
1998-12-16,1.65000,1.65000,1.65000,1.65000
1998-12-17,1.65000,1.65000,1.65000,1.65000
1998-12-18,1.64790,1.64790,1.64790,1.64790
1998-12-21,1.64790,1.64790,1.64790,1.64790
1998-12-22,1.64790,1.64790,1.64790,1.64790
1998-12-23,1.64790,1.64790,1.64790,1.64790
1998-12-24,1.65700,1.65700,1.65700,1.65700
1998-12-25,1.65700,1.65700,1.65700,1.65700
1998-12-28,1.65700,1.65700,1.65700,1.65700
1998-12-29,1.65700,1.65700,1.65700,1.65700
1998-12-30,1.65700,1.65700,1.65700,1.65700
1998-12-31,1.65200,1.65200,1.65200,1.65200
1999-01-04,1.65200,1.65200,1.65200,1.65200
1999-01-05,1.65200,1.65200,1.65200,1.65200
1999-01-06,1.65200,1.65200,1.65200,1.65200
1999-01-07,1.65200,1.65200,1.65200,1.65200
1999-01-08,1.67600,1.67600,1.67600,1.67600
1999-01-11,1.67600,1.67600,1.67600,1.67600
1999-01-12,1.67600,1.67600,1.67600,1.67600
1999-01-13,1.67600,1.67600,1.67600,1.67600
1999-01-14,1.67600,1.67600,1.67600,1.67600
1999-01-15,1.68050,1.68050,1.68050,1.68050
1999-01-18,1.68050,1.68050,1.68050,1.68050
1999-01-19,1.68050,1.68050,1.68050,1.68050
1999-01-20,1.68050,1.68050,1.68050,1.68050
1999-01-21,1.68050,1.68050,1.68050,1.68050
1999-01-22,1.68320,1.68320,1.68320,1.68320
1999-01-25,1.68320,1.68320,1.68320,1.68320
1999-01-26,1.68320,1.68320,1.68320,1.68320
1999-01-27,1.68320,1.68320,1.68320,1.68320
1999-01-28,1.68320,1.68320,1.68320,1.68320
1999-01-29,1.69200,1.69200,1.69200,1.69200
1999-02-01,1.69200,1.69200,1.69200,1.69200
1999-02-02,1.69200,1.69200,1.69200,1.69200
1999-02-03,1.69200,1.69200,1.69200,1.69200
1999-02-04,1.69200,1.69200,1.69200,1.69200
1999-02-05,1.68740,1.68740,1.68740,1.68740
1999-02-08,1.68740,1.68740,1.68740,1.68740
1999-02-09,1.68740,1.68740,1.68740,1.68740
1999-02-10,1.68740,1.68740,1.68740,1.68740
1999-02-11,1.68740,1.68740,1.68740,1.68740
1999-02-12,1.68740,1.68740,1.68740,1.68740
1999-02-15,1.68740,1.68740,1.68740,1.68740
1999-02-16,1.68740,1.68740,1.68740,1.68740
1999-02-17,1.68740,1.68740,1.68740,1.68740
1999-02-18,1.68740,1.68740,1.68740,1.68740
1999-02-19,1.70670,1.70670,1.70670,1.70670
1999-02-22,1.70670,1.70670,1.70670,1.70670
1999-02-23,1.70670,1.70670,1.70670,1.70670
1999-02-24,1.72000,1.72000,1.72000,1.72000
1999-02-25,1.72000,1.72000,1.72000,1.72000
1999-02-26,1.72100,1.72100,1.72100,1.72100
1999-03-01,1.72550,1.72550,1.72550,1.72550
1999-03-02,1.73200,1.73200,1.73200,1.73200
1999-03-03,1.73370,1.73370,1.73370,1.73370
1999-03-04,1.73300,1.73300,1.73300,1.73300
1999-03-05,1.72890,1.72890,1.72890,1.72890
1999-03-08,1.71920,1.71920,1.71920,1.71920
1999-03-09,1.71920,1.71920,1.71920,1.71920
1999-03-10,1.71920,1.71920,1.71920,1.71920
1999-03-11,1.73030,1.73030,1.73030,1.73030
1999-03-12,1.73450,1.73450,1.73450,1.73450
1999-03-15,1.72100,1.72100,1.72100,1.72100
1999-03-16,1.71800,1.71800,1.71800,1.71800
1999-03-17,1.72600,1.72600,1.72600,1.72600
1999-03-18,1.72300,1.72300,1.72300,1.72300
1999-03-19,1.72350,1.72350,1.72350,1.72350
1999-03-22,1.72000,1.72000,1.72000,1.72000
1999-03-23,1.73200,1.73200,1.73200,1.73200
1999-03-24,1.72780,1.72780,1.72780,1.72780
1999-03-25,1.72420,1.72420,1.72420,1.72420
1999-03-26,1.72940,1.72940,1.72940,1.72940
1999-03-29,1.73550,1.73550,1.73550,1.73550
1999-03-30,1.73420,1.73420,1.73420,1.73420
1999-03-31,1.73220,1.73220,1.73220,1.73220
1999-04-01,1.72630,1.72630,1.72630,1.72630
1999-04-02,1.73150,1.73150,1.73150,1.73150
1999-04-05,1.73530,1.73530,1.73530,1.73530
1999-04-06,1.73450,1.73450,1.73450,1.73450
1999-04-07,1.73410,1.73410,1.73410,1.73410
1999-04-08,1.73400,1.73400,1.73400,1.73400
1999-04-09,1.73200,1.73200,1.73200,1.73200
1999-04-12,1.72890,1.72890,1.72890,1.72890
1999-04-13,1.72540,1.72540,1.72540,1.72540
1999-04-14,1.70450,1.70450,1.70450,1.70450
1999-04-15,1.69470,1.69470,1.69470,1.69470
1999-04-16,1.69500,1.69500,1.69500,1.69500
1999-04-19,1.70150,1.70150,1.70150,1.70150
1999-04-20,1.70820,1.70820,1.70820,1.70820
1999-04-21,1.71190,1.71190,1.71190,1.71190
1999-04-22,1.71220,1.71220,1.71220,1.71220
1999-04-23,1.70800,1.70800,1.70800,1.70800
1999-04-26,1.70550,1.70550,1.70550,1.70550
1999-04-27,1.70020,1.70020,1.70020,1.70020
1999-04-28,1.69500,1.69500,1.69500,1.69500
1999-04-29,1.69500,1.69500,1.69500,1.69500
1999-04-30,1.70000,1.70000,1.70000,1.70000
1999-05-03,1.69800,1.69800,1.69800,1.69800
1999-05-04,1.70550,1.70550,1.70550,1.70550
1999-05-05,1.70300,1.70300,1.70300,1.70300
1999-05-06,1.69850,1.69850,1.69850,1.69850
1999-05-07,1.70120,1.70120,1.70120,1.70120
1999-05-10,1.70000,1.70000,1.70000,1.70000
1999-05-11,1.69720,1.69720,1.69720,1.69720
1999-05-12,1.69880,1.69880,1.69880,1.69880
1999-05-13,1.70470,1.70470,1.70470,1.70470
1999-05-14,1.70950,1.70950,1.70950,1.70950
1999-05-17,1.71500,1.71500,1.71500,1.71500
1999-05-18,1.71050,1.71050,1.71050,1.71050
1999-05-19,1.71410,1.71410,1.71410,1.71410
1999-05-20,1.72110,1.72110,1.72110,1.72110
1999-05-21,1.72070,1.72070,1.72070,1.72070
1999-05-24,1.72280,1.72280,1.72280,1.72280
1999-05-25,1.72350,1.72350,1.72350,1.72350
1999-05-26,1.72700,1.72700,1.72700,1.72700
1999-05-27,1.73030,1.73030,1.73030,1.73030
1999-05-28,1.72830,1.72830,1.72830,1.72830
1999-05-31,1.72830,1.72830,1.72830,1.72830
1999-06-01,1.72650,1.72650,1.72650,1.72650
1999-06-02,1.72290,1.72290,1.72290,1.72290
1999-06-03,1.72700,1.72700,1.72700,1.72700
1999-06-04,1.72530,1.72530,1.72530,1.72530
1999-06-07,1.72700,1.72700,1.72700,1.72700
1999-06-08,1.72150,1.72150,1.72150,1.72150
1999-06-09,1.71080,1.71080,1.71080,1.71080
1999-06-10,1.71320,1.71320,1.71320,1.71320
1999-06-11,1.71250,1.71250,1.71250,1.71250
1999-06-14,1.71150,1.71150,1.71150,1.71150
1999-06-15,1.71180,1.71180,1.71180,1.71180
1999-06-16,1.71020,1.71020,1.71020,1.71020
1999-06-17,1.70470,1.70470,1.70470,1.70470
1999-06-18,1.70680,1.70680,1.70680,1.70680
1999-06-21,1.71100,1.71100,1.71100,1.71100
1999-06-22,1.70580,1.70580,1.70580,1.70580
1999-06-23,1.70250,1.70250,1.70250,1.70250
1999-06-24,1.70270,1.70270,1.70270,1.70270
1999-06-25,1.70370,1.70370,1.70370,1.70370
1999-06-28,1.70150,1.70150,1.70150,1.70150
1999-06-29,1.70570,1.70570,1.70570,1.70570
1999-06-30,1.70120,1.70120,1.70120,1.70120
1999-07-01,1.69750,1.69750,1.69750,1.69750
1999-07-02,1.69930,1.69930,1.69930,1.69930
1999-07-05,1.69950,1.69950,1.69950,1.69950
1999-07-06,1.69200,1.69200,1.69200,1.69200
1999-07-07,1.69600,1.69600,1.69600,1.69600
1999-07-08,1.69940,1.69940,1.69940,1.69940
1999-07-09,1.70030,1.70030,1.70030,1.70030
1999-07-12,1.69880,1.69880,1.69880,1.69880
1999-07-13,1.69840,1.69840,1.69840,1.69840
1999-07-14,1.69850,1.69850,1.69850,1.69850
1999-07-15,1.69950,1.69950,1.69950,1.69950
1999-07-16,1.69910,1.69910,1.69910,1.69910
1999-07-19,1.70500,1.70500,1.70500,1.70500
1999-07-20,1.69840,1.69840,1.69840,1.69840
1999-07-21,1.70070,1.70070,1.70070,1.70070
1999-07-22,1.69770,1.69770,1.69770,1.69770
1999-07-23,1.69920,1.69920,1.69920,1.69920
1999-07-26,1.69870,1.69870,1.69870,1.69870
1999-07-27,1.68440,1.68440,1.68440,1.68440
1999-07-28,1.68390,1.68390,1.68390,1.68390
1999-07-29,1.68820,1.68820,1.68820,1.68820
1999-07-30,1.68770,1.68770,1.68770,1.68770
1999-08-02,1.68070,1.68070,1.68070,1.68070
1999-08-03,1.68250,1.68250,1.68250,1.68250
1999-08-04,1.68380,1.68380,1.68380,1.68380
1999-08-05,1.67420,1.67420,1.67420,1.67420
1999-08-06,1.67500,1.67500,1.67500,1.67500
1999-08-09,1.66800,1.66800,1.66800,1.66800
1999-08-10,1.67390,1.67390,1.67390,1.67390
1999-08-11,1.67090,1.67090,1.67090,1.67090
1999-08-12,1.67470,1.67470,1.67470,1.67470
1999-08-13,1.67200,1.67200,1.67200,1.67200
1999-08-16,1.67300,1.67300,1.67300,1.67300
1999-08-17,1.68050,1.68050,1.68050,1.68050
1999-08-18,1.67950,1.67950,1.67950,1.67950
1999-08-19,1.67420,1.67420,1.67420,1.67420
1999-08-20,1.67870,1.67870,1.67870,1.67870
1999-08-23,1.67270,1.67270,1.67270,1.67270
1999-08-24,1.68620,1.68620,1.68620,1.68620
1999-08-25,1.68900,1.68900,1.68900,1.68900
1999-08-26,1.69060,1.69060,1.69060,1.69060
1999-08-27,1.68950,1.68950,1.68950,1.68950
1999-08-30,1.68710,1.68710,1.68710,1.68710
1999-08-31,1.68370,1.68370,1.68370,1.68370
1999-09-01,1.68130,1.68130,1.68130,1.68130
1999-09-02,1.68300,1.68300,1.68300,1.68300
1999-09-03,1.68640,1.68640,1.68640,1.68640
1999-09-06,1.68700,1.68700,1.68700,1.68700
1999-09-07,1.68970,1.68970,1.68970,1.68970
1999-09-08,1.69330,1.69330,1.69330,1.69330
1999-09-09,1.69340,1.69340,1.69340,1.69340
1999-09-10,1.68800,1.68800,1.68800,1.68800
1999-09-13,1.68850,1.68850,1.68850,1.68850
1999-09-14,1.68910,1.68910,1.68910,1.68910
1999-09-15,1.68900,1.68900,1.68900,1.68900
1999-09-16,1.69300,1.69300,1.69300,1.69300
1999-09-17,1.69450,1.69450,1.69450,1.69450
1999-09-20,1.69550,1.69550,1.69550,1.69550
1999-09-21,1.70120,1.70120,1.70120,1.70120
1999-09-22,1.70590,1.70590,1.70590,1.70590
1999-09-23,1.71230,1.71230,1.71230,1.71230
1999-09-24,1.71020,1.71020,1.71020,1.71020
1999-09-27,1.70500,1.70500,1.70500,1.70500
1999-09-28,1.70770,1.70770,1.70770,1.70770
1999-09-29,1.71240,1.71240,1.71240,1.71240
1999-09-30,1.70260,1.70260,1.70260,1.70260
1999-10-01,1.69700,1.69700,1.69700,1.69700
1999-10-04,1.69300,1.69300,1.69300,1.69300
1999-10-05,1.69020,1.69020,1.69020,1.69020
1999-10-06,1.67950,1.67950,1.67950,1.67950
1999-10-07,1.67750,1.67750,1.67750,1.67750
1999-10-08,1.67920,1.67920,1.67920,1.67920
1999-10-11,1.67850,1.67850,1.67850,1.67850
1999-10-12,1.67400,1.67400,1.67400,1.67400
1999-10-13,1.68300,1.68300,1.68300,1.68300
1999-10-14,1.68280,1.68280,1.68280,1.68280
1999-10-15,1.67620,1.67620,1.67620,1.67620
1999-10-18,1.67270,1.67270,1.67270,1.67270
1999-10-19,1.67670,1.67670,1.67670,1.67670
1999-10-20,1.67100,1.67100,1.67100,1.67100
1999-10-21,1.67200,1.67200,1.67200,1.67200
1999-10-22,1.66790,1.66790,1.66790,1.66790
1999-10-25,1.66460,1.66460,1.66460,1.66460
1999-10-26,1.66460,1.66460,1.66460,1.66460
1999-10-27,1.66520,1.66520,1.66520,1.66520
1999-10-28,1.67130,1.67130,1.67130,1.67130
1999-10-29,1.67000,1.67000,1.67000,1.67000
1999-11-01,1.65820,1.65820,1.65820,1.65820
1999-11-02,1.66510,1.66510,1.66510,1.66510
1999-11-03,1.67200,1.67200,1.67200,1.67200
1999-11-04,1.67060,1.67060,1.67060,1.67060
1999-11-05,1.66810,1.66810,1.66810,1.66810
1999-11-08,1.67100,1.67100,1.67100,1.67100
1999-11-09,1.67000,1.67000,1.67000,1.67000
1999-11-10,1.67310,1.67310,1.67310,1.67310
1999-11-11,1.67640,1.67640,1.67640,1.67640
1999-11-12,1.67030,1.67030,1.67030,1.67030
1999-11-15,1.66580,1.66580,1.66580,1.66580
1999-11-16,1.66850,1.66850,1.66850,1.66850
1999-11-17,1.67150,1.67150,1.67150,1.67150
1999-11-18,1.66700,1.66700,1.66700,1.66700
1999-11-19,1.67010,1.67010,1.67010,1.67010
1999-11-22,1.67160,1.67160,1.67160,1.67160
1999-11-23,1.67100,1.67100,1.67100,1.67100
1999-11-24,1.66850,1.66850,1.66850,1.66850
1999-11-25,1.67180,1.67180,1.67180,1.67180
1999-11-26,1.67170,1.67170,1.67170,1.67170
1999-11-29,1.67380,1.67380,1.67380,1.67380
1999-11-30,1.68310,1.68310,1.68310,1.68310
1999-12-01,1.68050,1.68050,1.68050,1.68050
1999-12-02,1.67890,1.67890,1.67890,1.67890
1999-12-03,1.68660,1.68660,1.68660,1.68660
1999-12-06,1.68450,1.68450,1.68450,1.68450
1999-12-07,1.68100,1.68100,1.68100,1.68100
1999-12-08,1.67820,1.67820,1.67820,1.67820
1999-12-09,1.68030,1.68030,1.68030,1.68030
1999-12-10,1.67900,1.67900,1.67900,1.67900
1999-12-13,1.67710,1.67710,1.67710,1.67710
1999-12-14,1.67800,1.67800,1.67800,1.67800
1999-12-15,1.68080,1.68080,1.68080,1.68080
1999-12-16,1.67650,1.67650,1.67650,1.67650
1999-12-17,1.67450,1.67450,1.67450,1.67450
1999-12-20,1.67330,1.67330,1.67330,1.67330
1999-12-21,1.67150,1.67150,1.67150,1.67150
1999-12-22,1.66750,1.66750,1.66750,1.66750
1999-12-23,1.66670,1.66670,1.66670,1.66670
1999-12-24,1.66950,1.66950,1.66950,1.66950
1999-12-27,1.66820,1.66820,1.66820,1.66820
1999-12-28,1.66830,1.66830,1.66830,1.66830
1999-12-29,1.66320,1.66320,1.66320,1.66320
1999-12-30,1.66650,1.66650,1.66650,1.66650
1999-12-31,1.66600,1.66600,1.66600,1.66600
2000-01-03,1.66050,1.66050,1.66050,1.66050
2000-01-04,1.65770,1.65770,1.65770,1.65770
2000-01-05,1.65610,1.65610,1.65610,1.65610
2000-01-06,1.65590,1.65590,1.65590,1.65590
2000-01-07,1.66350,1.66350,1.66350,1.66350
2000-01-10,1.65910,1.65910,1.65910,1.65910
2000-01-11,1.66580,1.66580,1.66580,1.66580
2000-01-12,1.66820,1.66820,1.66820,1.66820
2000-01-13,1.66700,1.66700,1.66700,1.66700
2000-01-14,1.67220,1.67220,1.67220,1.67220
2000-01-17,1.67260,1.67260,1.67260,1.67260
2000-01-18,1.67350,1.67350,1.67350,1.67350
2000-01-19,1.67250,1.67250,1.67250,1.67250
2000-01-20,1.67530,1.67530,1.67530,1.67530
2000-01-21,1.67420,1.67420,1.67420,1.67420
2000-01-24,1.68400,1.68400,1.68400,1.68400
2000-01-25,1.68250,1.68250,1.68250,1.68250
2000-01-26,1.68850,1.68850,1.68850,1.68850
2000-01-27,1.69150,1.69150,1.69150,1.69150
2000-01-28,1.69200,1.69200,1.69200,1.69200
2000-01-31,1.70550,1.70550,1.70550,1.70550
2000-02-01,1.70280,1.70280,1.70280,1.70280
2000-02-02,1.69870,1.69870,1.69870,1.69870
2000-02-03,1.69300,1.69300,1.69300,1.69300
2000-02-04,1.6875,1.6875,1.6875,1.6875
2000-02-07,1.69000,1.69000,1.69000,1.69000
2000-02-08,1.69480,1.69480,1.69480,1.69480
2000-02-09,1.69280,1.69280,1.69280,1.69280
2000-02-10,1.69130,1.69130,1.69130,1.69130
2000-02-11,1.69400,1.69400,1.69400,1.69400
2000-02-14,1.69240,1.69240,1.69240,1.69240
2000-02-15,1.69370,1.69370,1.69370,1.69370
2000-02-16,1.69790,1.69790,1.69790,1.69790
2000-02-17,1.70330,1.70330,1.70330,1.70330
2000-02-18,1.70380,1.70380,1.70380,1.70380
2000-02-21,1.70520,1.70520,1.70520,1.70520
2000-02-22,1.70750,1.70750,1.70750,1.70750
2000-02-23,1.70630,1.70630,1.70630,1.70630
2000-02-24,1.71150,1.71150,1.71150,1.71150
2000-02-25,1.71250,1.71250,1.71250,1.71250
2000-02-28,1.70530,1.70530,1.70530,1.70530
2000-02-29,1.71450,1.71450,1.71450,1.71450
2000-03-01,1.71860,1.71860,1.71860,1.71860
2000-03-02,1.71650,1.71650,1.71650,1.71650
2000-03-03,1.72020,1.72020,1.72020,1.72020
2000-03-06,1.72450,1.72450,1.72450,1.72450
2000-03-07,1.72030,1.72030,1.72030,1.72030
2000-03-08,1.71780,1.71780,1.71780,1.71780
2000-03-09,1.71150,1.71150,1.71150,1.71150
2000-03-10,1.70960,1.70960,1.70960,1.70960
2000-03-13,1.70530,1.70530,1.70530,1.70530
2000-03-14,1.70660,1.70660,1.70660,1.70660
2000-03-15,1.70830,1.70830,1.70830,1.70830
2000-03-16,1.71250,1.71250,1.71250,1.71250
2000-03-17,1.71460,1.71460,1.71460,1.71460
2000-03-20,1.71710,1.71710,1.71710,1.71710
2000-03-21,1.71960,1.71960,1.71960,1.71960
2000-03-22,1.72080,1.72080,1.72080,1.72080
2000-03-23,1.71220,1.71220,1.71220,1.71220
2000-03-24,1.71250,1.71250,1.71250,1.71250
2000-03-27,1.71450,1.71450,1.71450,1.71450
2000-03-28,1.71360,1.71360,1.71360,1.71360
2000-03-29,1.71680,1.71680,1.71680,1.71680
2000-03-30,1.71800,1.71800,1.71800,1.71800
2000-03-31,1.71890,1.71890,1.71890,1.71890
2000-04-03,1.71200,1.71200,1.71200,1.71200
2000-04-04,1.71780,1.71780,1.71780,1.71780
2000-04-05,1.71660,1.71660,1.71660,1.71660
2000-04-06,1.71500,1.71500,1.71500,1.71500
2000-04-07,1.71130,1.71130,1.71130,1.71130
2000-04-10,1.71670,1.71670,1.71670,1.71670
2000-04-11,1.71950,1.71950,1.71950,1.71950
2000-04-12,1.71870,1.71870,1.71870,1.71870
2000-04-13,1.71950,1.71950,1.71950,1.71950
2000-04-14,1.71200,1.71200,1.71200,1.71200
2000-04-17,1.70680,1.70680,1.70680,1.70680
2000-04-18,1.70300,1.70300,1.70300,1.70300
2000-04-19,1.69730,1.69730,1.69730,1.69730
2000-04-20,1.69650,1.69650,1.69650,1.69650
2000-04-21,1.69700,1.69700,1.69700,1.69700
2000-04-24,1.70000,1.70000,1.70000,1.70000
2000-04-25,1.70330,1.70330,1.70330,1.70330
2000-04-26,1.70600,1.70600,1.70600,1.70600
2000-04-27,1.70450,1.70450,1.70450,1.70450
2000-04-28,1.70450,1.70450,1.70450,1.70450
2000-05-01,1.70900,1.70900,1.70900,1.70900
2000-05-02,1.71360,1.71360,1.71360,1.71360
2000-05-03,1.71680,1.71680,1.71680,1.71680
2000-05-04,1.71900,1.71900,1.71900,1.71900
2000-05-05,1.71990,1.71990,1.71990,1.71990
2000-05-08,1.72450,1.72450,1.72450,1.72450
2000-05-09,1.72510,1.72510,1.72510,1.72510
2000-05-10,1.72870,1.72870,1.72870,1.72870
2000-05-11,1.73350,1.73350,1.73350,1.73350
2000-05-12,1.72770,1.72770,1.72770,1.72770
2000-05-15,1.72860,1.72860,1.72860,1.72860
2000-05-16,1.72990,1.72990,1.72990,1.72990
2000-05-17,1.73100,1.73100,1.73100,1.73100
2000-05-18,1.73380,1.73380,1.73380,1.73380
2000-05-19,1.73090,1.73090,1.73090,1.73090
2000-05-22,1.72620,1.72620,1.72620,1.72620
2000-05-23,1.73400,1.73400,1.73400,1.73400
2000-05-24,1.73450,1.73450,1.73450,1.73450
2000-05-25,1.73540,1.73540,1.73540,1.73540
2000-05-26,1.73250,1.73250,1.73250,1.73250
2000-05-29,1.73390,1.73390,1.73390,1.73390
2000-05-30,1.73400,1.73400,1.73400,1.73400
2000-05-31,1.73070,1.73070,1.73070,1.73070
2000-06-01,1.73280,1.73280,1.73280,1.73280
2000-06-02,1.72750,1.72750,1.72750,1.72750
2000-06-05,1.72050,1.72050,1.72050,1.72050
2000-06-06,1.72090,1.72090,1.72090,1.72090
2000-06-07,1.72250,1.72250,1.72250,1.72250
2000-06-08,1.72200,1.72200,1.72200,1.72200
2000-06-09,1.72590,1.72590,1.72590,1.72590
2000-06-12,1.72550,1.72550,1.72550,1.72550
2000-06-13,1.72300,1.72300,1.72300,1.72300
2000-06-14,1.72110,1.72110,1.72110,1.72110
2000-06-15,1.72020,1.72020,1.72020,1.72020
2000-06-16,1.72460,1.72460,1.72460,1.72460
2000-06-19,1.72750,1.72750,1.72750,1.72750
2000-06-20,1.73400,1.73400,1.73400,1.73400
2000-06-21,1.73250,1.73250,1.73250,1.73250
2000-06-22,1.73420,1.73420,1.73420,1.73420
2000-06-23,1.73350,1.73350,1.73350,1.73350
2000-06-26,1.73330,1.73330,1.73330,1.73330
2000-06-27,1.73230,1.73230,1.73230,1.73230
2000-06-28,1.73430,1.73430,1.73430,1.73430
2000-06-29,1.73400,1.73400,1.73400,1.73400
2000-06-30,1.72940,1.72940,1.72940,1.72940
2000-07-03,1.72900,1.72900,1.72900,1.72900
2000-07-04,1.73150,1.73150,1.73150,1.73150
2000-07-05,1.73430,1.73430,1.73430,1.73430
2000-07-06,1.73620,1.73620,1.73620,1.73620
2000-07-07,1.73650,1.73650,1.73650,1.73650
2000-07-10,1.73680,1.73680,1.73680,1.73680
2000-07-11,1.74210,1.74210,1.74210,1.74210
2000-07-12,1.74380,1.74380,1.74380,1.74380
2000-07-13,1.74150,1.74150,1.74150,1.74150
2000-07-14,1.74200,1.74200,1.74200,1.74200
2000-07-17,1.74610,1.74610,1.74610,1.74610
2000-07-18,1.74750,1.74750,1.74750,1.74750
2000-07-19,1.74470,1.74470,1.74470,1.74470
2000-07-20,1.74540,1.74540,1.74540,1.74540
2000-07-21,1.74610,1.74610,1.74610,1.74610
2000-07-24,1.74850,1.74850,1.74850,1.74850
2000-07-25,1.74540,1.74540,1.74540,1.74540
2000-07-26,1.74500,1.74500,1.74500,1.74500
2000-07-27,1.73900,1.73900,1.73900,1.73900
2000-07-28,1.73150,1.73150,1.73150,1.73150
2000-07-31,1.73300,1.73300,1.73300,1.73300
2000-08-01,1.73220,1.73220,1.73220,1.73220
2000-08-02,1.73050,1.73050,1.73050,1.73050
2000-08-03,1.72770,1.72770,1.72770,1.72770
2000-08-04,1.72350,1.72350,1.72350,1.72350
2000-08-07,1.72380,1.72380,1.72380,1.72380
2000-08-08,1.72520,1.72520,1.72520,1.72520
2000-08-09,1.72500,1.72500,1.72500,1.72500
2000-08-10,1.71130,1.71130,1.71130,1.71130
2000-08-11,1.71420,1.71420,1.71420,1.71420
2000-08-14,1.71250,1.71250,1.71250,1.71250
2000-08-15,1.71670,1.71670,1.71670,1.71670
2000-08-16,1.71810,1.71810,1.71810,1.71810
2000-08-17,1.71650,1.71650,1.71650,1.71650
2000-08-18,1.72010,1.72010,1.72010,1.72010
2000-08-21,1.71560,1.71560,1.71560,1.71560
2000-08-22,1.71600,1.71600,1.71600,1.71600
2000-08-23,1.71580,1.71580,1.71580,1.71580
2000-08-24,1.71950,1.71950,1.71950,1.71950
2000-08-25,1.72130,1.72130,1.72130,1.72130
2000-08-28,1.71750,1.71750,1.71750,1.71750
2000-08-29,1.71890,1.71890,1.71890,1.71890
2000-08-30,1.72130,1.72130,1.72130,1.72130
2000-08-31,1.72060,1.72060,1.72060,1.72060
2000-09-01,1.72050,1.72050,1.72050,1.72050
2000-09-04,1.72150,1.72150,1.72150,1.72150
2000-09-05,1.72530,1.72530,1.72530,1.72530
2000-09-06,1.72800,1.72800,1.72800,1.72800
2000-09-07,1.73170,1.73170,1.73170,1.73170
2000-09-08,1.73130,1.73130,1.73130,1.73130
2000-09-11,1.73680,1.73680,1.73680,1.73680
2000-09-12,1.73880,1.73880,1.73880,1.73880
2000-09-13,1.74140,1.74140,1.74140,1.74140
2000-09-14,1.74270,1.74270,1.74270,1.74270
2000-09-15,1.73710,1.73710,1.73710,1.73710
2000-09-18,1.74800,1.74800,1.74800,1.74800
2000-09-19,1.74530,1.74530,1.74530,1.74530
2000-09-20,1.74350,1.74350,1.74350,1.74350
2000-09-21,1.74600,1.74600,1.74600,1.74600
2000-09-22,1.74570,1.74570,1.74570,1.74570
2000-09-25,1.74500,1.74500,1.74500,1.74500
2000-09-26,1.74520,1.74520,1.74520,1.74520
2000-09-27,1.74010,1.74010,1.74010,1.74010
2000-09-28,1.74350,1.74350,1.74350,1.74350
2000-09-29,1.74120,1.74120,1.74120,1.74120
2000-10-02,1.73800,1.73800,1.73800,1.73800
2000-10-03,1.74190,1.74190,1.74190,1.74190
2000-10-04,1.74530,1.74530,1.74530,1.74530
2000-10-05,1.75030,1.75030,1.75030,1.75030
2000-10-06,1.74700,1.74700,1.74700,1.74700
2000-10-09,1.74900,1.74900,1.74900,1.74900
2000-10-10,1.75220,1.75220,1.75220,1.75220
2000-10-11,1.74850,1.74850,1.74850,1.74850
2000-10-12,1.75150,1.75150,1.75150,1.75150
2000-10-13,1.75230,1.75230,1.75230,1.75230
2000-10-16,1.75270,1.75270,1.75270,1.75270
2000-10-17,1.75230,1.75230,1.75230,1.75230
2000-10-18,1.75630,1.75630,1.75630,1.75630
2000-10-19,1.75640,1.75640,1.75640,1.75640
2000-10-20,1.75,1.75,1.75,1.75
2000-10-23,1.75500,1.75500,1.75500,1.75500
2000-10-24,1.75550,1.75550,1.75550,1.75550
2000-10-25,1.75100,1.75100,1.75100,1.75100
2000-10-26,1.75600,1.75600,1.75600,1.75600
2000-10-27,1.75490,1.75490,1.75490,1.75490
2000-10-30,1.75450,1.75450,1.75450,1.75450
2000-10-31,1.75660,1.75660,1.75660,1.75660
2000-11-01,1.75130,1.75130,1.75130,1.75130
2000-11-02,1.74100,1.74100,1.74100,1.74100
2000-11-03,1.73310,1.73310,1.73310,1.73310
2000-11-06,1.73120,1.73120,1.73120,1.73120
2000-11-07,1.73580,1.73580,1.73580,1.73580
2000-11-08,1.73870,1.73870,1.73870,1.73870
2000-11-09,1.73990,1.73990,1.73990,1.73990
2000-11-10,1.73870,1.73870,1.73870,1.73870
2000-11-13,1.74210,1.74210,1.74210,1.74210
2000-11-14,1.74270,1.74270,1.74270,1.74270
2000-11-15,1.74370,1.74370,1.74370,1.74370
2000-11-16,1.74650,1.74650,1.74650,1.74650
2000-11-17,1.74780,1.74780,1.74780,1.74780
2000-11-20,1.75270,1.75270,1.75270,1.75270
2000-11-21,1.75400,1.75400,1.75400,1.75400
2000-11-22,1.75350,1.75350,1.75350,1.75350
2000-11-23,1.75520,1.75520,1.75520,1.75520
2000-11-24,1.75790,1.75790,1.75790,1.75790
2000-11-27,1.75860,1.75860,1.75860,1.75860
2000-11-28,1.75280,1.75280,1.75280,1.75280
2000-11-29,1.75610,1.75610,1.75610,1.75610
2000-11-30,1.75820,1.75820,1.75820,1.75820
2000-12-01,1.75230,1.75230,1.75230,1.75230
2000-12-04,1.74820,1.74820,1.74820,1.74820
2000-12-05,1.74720,1.74720,1.74720,1.74720
2000-12-06,1.73870,1.73870,1.73870,1.73870
2000-12-07,1.74150,1.74150,1.74150,1.74150
2000-12-08,1.73390,1.73390,1.73390,1.73390
2000-12-11,1.73680,1.73680,1.73680,1.73680
2000-12-12,1.73350,1.73350,1.73350,1.73350
2000-12-13,1.73730,1.73730,1.73730,1.73730
2000-12-14,1.73970,1.73970,1.73970,1.73970
2000-12-15,1.73730,1.73730,1.73730,1.73730
2000-12-18,1.73650,1.73650,1.73650,1.73650
2000-12-19,1.73570,1.73570,1.73570,1.73570
2000-12-20,1.73330,1.73330,1.73330,1.73330
2000-12-21,1.72730,1.72730,1.72730,1.72730
2000-12-22,1.72850,1.72850,1.72850,1.72850
2000-12-25,1.72750,1.72750,1.72750,1.72750
2000-12-26,1.72600,1.72600,1.72600,1.72600
2000-12-27,1.72880,1.72880,1.72880,1.72880
2000-12-28,1.72800,1.72800,1.72800,1.72800
2000-12-29,1.73150,1.73150,1.73150,1.73150
2001-01-01,1.73230,1.73230,1.73230,1.73230
2001-01-02,1.73500,1.73500,1.73500,1.73500
2001-01-03,1.73280,1.73280,1.73280,1.73280
2001-01-04,1.73000,1.73000,1.73000,1.73000
2001-01-05,1.73550,1.73550,1.73550,1.73550
2001-01-08,1.72970,1.72970,1.72970,1.72970
2001-01-09,1.72950,1.72950,1.72950,1.72950
2001-01-10,1.73390,1.73390,1.73390,1.73390
2001-01-11,1.73450,1.73450,1.73450,1.73450
2001-01-12,1.73420,1.73420,1.73420,1.73420
2001-01-15,1.73550,1.73550,1.73550,1.73550
2001-01-16,1.73600,1.73600,1.73600,1.73600
2001-01-17,1.73150,1.73150,1.73150,1.73150
2001-01-18,1.73800,1.73800,1.73800,1.73800
2001-01-19,1.74050,1.74050,1.74050,1.74050
2001-01-22,1.73470,1.73470,1.73470,1.73470
2001-01-23,1.74130,1.74130,1.74130,1.74130
2001-01-24,1.74150,1.74150,1.74150,1.74150
2001-01-25,1.74350,1.74350,1.74350,1.74350
2001-01-26,1.74360,1.74360,1.74360,1.74360
2001-01-29,1.74650,1.74650,1.74650,1.74650
2001-01-30,1.74630,1.74630,1.74630,1.74630
2001-01-31,1.74430,1.74430,1.74430,1.74430
2001-02-01,1.74210,1.74210,1.74210,1.74210
2001-02-02,1.73930,1.73930,1.73930,1.73930
2001-02-05,1.74050,1.74050,1.74050,1.74050
2001-02-06,1.74070,1.74070,1.74070,1.74070
2001-02-07,1.74410,1.74410,1.74410,1.74410
2001-02-08,1.74650,1.74650,1.74650,1.74650
2001-02-09,1.74590,1.74590,1.74590,1.74590
2001-02-12,1.74750,1.74750,1.74750,1.74750
2001-02-13,1.74530,1.74530,1.74530,1.74530
2001-02-14,1.74370,1.74370,1.74370,1.74370
2001-02-15,1.74410,1.74410,1.74410,1.74410
2001-02-16,1.74420,1.74420,1.74420,1.74420
2001-02-19,1.73630,1.73630,1.73630,1.73630
2001-02-20,1.74080,1.74080,1.74080,1.74080
2001-02-21,1.74320,1.74320,1.74320,1.74320
2001-02-22,1.74320,1.74320,1.74320,1.74320
2001-02-23,1.74550,1.74550,1.74550,1.74550
2001-02-26,1.74320,1.74320,1.74320,1.74320
2001-02-27,1.74410,1.74410,1.74410,1.74410
2001-02-28,1.74100,1.74100,1.74100,1.74100
2001-03-01,1.74410,1.74410,1.74410,1.74410
2001-03-02,1.74610,1.74610,1.74610,1.74610
2001-03-05,1.75500,1.75500,1.75500,1.75500
2001-03-06,1.75550,1.75550,1.75550,1.75550
2001-03-07,1.75450,1.75450,1.75450,1.75450
2001-03-08,1.75650,1.75650,1.75650,1.75650
2001-03-09,1.75550,1.75550,1.75550,1.75550
2001-03-12,1.76040,1.76040,1.76040,1.76040
2001-03-13,1.76200,1.76200,1.76200,1.76200
2001-03-14,1.75910,1.75910,1.75910,1.75910
2001-03-15,1.76700,1.76700,1.76700,1.76700
2001-03-16,1.77360,1.77360,1.77360,1.77360
2001-03-19,1.77050,1.77050,1.77050,1.77050
2001-03-20,1.77220,1.77220,1.77220,1.77220
2001-03-21,1.77630,1.77630,1.77630,1.77630
2001-03-22,1.78200,1.78200,1.78200,1.78200
2001-03-23,1.78280,1.78280,1.78280,1.78280
2001-03-26,1.79080,1.79080,1.79080,1.79080
2001-03-27,1.78950,1.78950,1.78950,1.78950
2001-03-28,1.79050,1.79050,1.79050,1.79050
2001-03-29,1.79850,1.79850,1.79850,1.79850
2001-03-30,1.80050,1.80050,1.80050,1.80050
2001-04-02,1.80810,1.80810,1.80810,1.80810
2001-04-03,1.8125,1.8125,1.8125,1.8125
2001-04-04,1.81150,1.81150,1.81150,1.81150
2001-04-05,1.8125,1.8125,1.8125,1.8125
2001-04-06,1.81450,1.81450,1.81450,1.81450
2001-04-09,1.81630,1.81630,1.81630,1.81630
2001-04-10,1.81600,1.81600,1.81600,1.81600
2001-04-11,1.80450,1.80450,1.80450,1.80450
2001-04-12,1.80890,1.80890,1.80890,1.80890
2001-04-13,1.80600,1.80600,1.80600,1.80600
2001-04-16,1.80680,1.80680,1.80680,1.80680
2001-04-17,1.80930,1.80930,1.80930,1.80930
2001-04-18,1.80500,1.80500,1.80500,1.80500
2001-04-19,1.80080,1.80080,1.80080,1.80080
2001-04-20,1.80900,1.80900,1.80900,1.80900
2001-04-23,1.81230,1.81230,1.81230,1.81230
2001-04-24,1.81000,1.81000,1.81000,1.81000
2001-04-25,1.81330,1.81330,1.81330,1.81330
2001-04-26,1.82050,1.82050,1.82050,1.82050
2001-04-27,1.81950,1.81950,1.81950,1.81950
2001-04-30,1.81850,1.81850,1.81850,1.81850
2001-05-01,1.82150,1.82150,1.82150,1.82150
2001-05-02,1.81800,1.81800,1.81800,1.81800
2001-05-03,1.81800,1.81800,1.81800,1.81800
2001-05-04,1.82110,1.82110,1.82110,1.82110
2001-05-07,1.82630,1.82630,1.82630,1.82630
2001-05-08,1.82400,1.82400,1.82400,1.82400
2001-05-09,1.82520,1.82520,1.82520,1.82520
2001-05-10,1.82100,1.82100,1.82100,1.82100
2001-05-11,1.81410,1.81410,1.81410,1.81410
2001-05-14,1.81570,1.81570,1.81570,1.81570
2001-05-15,1.81830,1.81830,1.81830,1.81830
2001-05-16,1.81450,1.81450,1.81450,1.81450
2001-05-17,1.80830,1.80830,1.80830,1.80830
2001-05-18,1.80650,1.80650,1.80650,1.80650
2001-05-21,1.81060,1.81060,1.81060,1.81060
2001-05-22,1.80880,1.80880,1.80880,1.80880
2001-05-23,1.80920,1.80920,1.80920,1.80920
2001-05-24,1.80450,1.80450,1.80450,1.80450
2001-05-25,1.80450,1.80450,1.80450,1.80450
2001-05-28,1.81010,1.81010,1.81010,1.81010
2001-05-29,1.81280,1.81280,1.81280,1.81280
2001-05-30,1.81070,1.81070,1.81070,1.81070
2001-05-31,1.80810,1.80810,1.80810,1.80810
2001-06-01,1.80830,1.80830,1.80830,1.80830
2001-06-04,1.81260,1.81260,1.81260,1.81260
2001-06-05,1.81300,1.81300,1.81300,1.81300
2001-06-06,1.81150,1.81150,1.81150,1.81150
2001-06-07,1.81020,1.81020,1.81020,1.81020
2001-06-08,1.81010,1.81010,1.81010,1.81010
2001-06-11,1.81180,1.81180,1.81180,1.81180
2001-06-12,1.81320,1.81320,1.81320,1.81320
2001-06-13,1.81730,1.81730,1.81730,1.81730
2001-06-14,1.81640,1.81640,1.81640,1.81640
2001-06-15,1.81370,1.81370,1.81370,1.81370
2001-06-18,1.81570,1.81570,1.81570,1.81570
2001-06-19,1.81610,1.81610,1.81610,1.81610
2001-06-20,1.81620,1.81620,1.81620,1.81620
2001-06-21,1.82110,1.82110,1.82110,1.82110
2001-06-22,1.81950,1.81950,1.81950,1.81950
2001-06-25,1.81950,1.81950,1.81950,1.81950
2001-06-26,1.81750,1.81750,1.81750,1.81750
2001-06-27,1.82030,1.82030,1.82030,1.82030
2001-06-28,1.82290,1.82290,1.82290,1.82290
2001-06-29,1.82020,1.82020,1.82020,1.82020
2001-07-02,1.82250,1.82250,1.82250,1.82250
2001-07-03,1.82230,1.82230,1.82230,1.82230
2001-07-04,1.82330,1.82330,1.82330,1.82330
2001-07-05,1.82550,1.82550,1.82550,1.82550
2001-07-06,1.82550,1.82550,1.82550,1.82550
2001-07-09,1.82740,1.82740,1.82740,1.82740
2001-07-10,1.83330,1.83330,1.83330,1.83330
2001-07-11,1.83400,1.83400,1.83400,1.83400
2001-07-12,1.83500,1.83500,1.83500,1.83500
2001-07-13,1.83500,1.83500,1.83500,1.83500
2001-07-16,1.83700,1.83700,1.83700,1.83700
2001-07-17,1.83680,1.83680,1.83680,1.83680
2001-07-18,1.83050,1.83050,1.83050,1.83050
2001-07-19,1.82900,1.82900,1.82900,1.82900
2001-07-20,1.82410,1.82410,1.82410,1.82410
2001-07-23,1.82410,1.82410,1.82410,1.82410
2001-07-24,1.82280,1.82280,1.82280,1.82280
2001-07-25,1.81730,1.81730,1.81730,1.81730
2001-07-26,1.80330,1.80330,1.80330,1.80330
2001-07-27,1.80380,1.80380,1.80380,1.80380
2001-07-30,1.79900,1.79900,1.79900,1.79900
2001-07-31,1.80150,1.80150,1.80150,1.80150
2001-08-01,1.80370,1.80370,1.80370,1.80370
2001-08-02,1.79550,1.79550,1.79550,1.79550
2001-08-03,1.77900,1.77900,1.77900,1.77900
2001-08-06,1.78070,1.78070,1.78070,1.78070
2001-08-07,1.78390,1.78390,1.78390,1.78390
2001-08-08,1.77630,1.77630,1.77630,1.77630
2001-08-09,1.77750,1.77750,1.77750,1.77750
2001-08-10,1.76170,1.76170,1.76170,1.76170
2001-08-13,1.76050,1.76050,1.76050,1.76050
2001-08-14,1.75550,1.75550,1.75550,1.75550
2001-08-15,1.75530,1.75530,1.75530,1.75530
2001-08-16,1.74990,1.74990,1.74990,1.74990
2001-08-17,1.74930,1.74930,1.74930,1.74930
2001-08-20,1.75810,1.75810,1.75810,1.75810
2001-08-21,1.75350,1.75350,1.75350,1.75350
2001-08-22,1.75270,1.75270,1.75270,1.75270
2001-08-23,1.75450,1.75450,1.75450,1.75450
2001-08-24,1.75210,1.75210,1.75210,1.75210
2001-08-27,1.74700,1.74700,1.74700,1.74700
2001-08-28,1.74710,1.74710,1.74710,1.74710
2001-08-29,1.75100,1.75100,1.75100,1.75100
2001-08-30,1.75170,1.75170,1.75170,1.75170
2001-08-31,1.73910,1.73910,1.73910,1.73910
2001-09-03,1.74100,1.74100,1.74100,1.74100
2001-09-04,1.74120,1.74120,1.74120,1.74120
2001-09-05,1.74770,1.74770,1.74770,1.74770
2001-09-06,1.75280,1.75280,1.75280,1.75280
2001-09-07,1.75050,1.75050,1.75050,1.75050
2001-09-10,1.74850,1.74850,1.74850,1.74850
2001-09-11,1.75230,1.75230,1.75230,1.75230
2001-09-12,1.73830,1.73830,1.73830,1.73830
2001-09-13,1.74100,1.74100,1.74100,1.74100
2001-09-14,1.73850,1.73850,1.73850,1.73850
2001-09-17,1.73300,1.73300,1.73300,1.73300
2001-09-18,1.73820,1.73820,1.73820,1.73820
2001-09-19,1.74200,1.74200,1.74200,1.74200
2001-09-20,1.74600,1.74600,1.74600,1.74600
2001-09-21,1.73890,1.73890,1.73890,1.73890
2001-09-24,1.75350,1.75350,1.75350,1.75350
2001-09-25,1.76730,1.76730,1.76730,1.76730
2001-09-26,1.76620,1.76620,1.76620,1.76620
2001-09-27,1.76770,1.76770,1.76770,1.76770
2001-09-28,1.76520,1.76520,1.76520,1.76520
2001-10-01,1.76670,1.76670,1.76670,1.76670
2001-10-02,1.77600,1.77600,1.77600,1.77600
2001-10-03,1.77850,1.77850,1.77850,1.77850
2001-10-04,1.77610,1.77610,1.77610,1.77610
2001-10-05,1.78200,1.78200,1.78200,1.78200
2001-10-08,1.79430,1.79430,1.79430,1.79430
2001-10-09,1.79450,1.79450,1.79450,1.79450
2001-10-10,1.80350,1.80350,1.80350,1.80350
2001-10-11,1.81790,1.81790,1.81790,1.81790
2001-10-12,1.81830,1.81830,1.81830,1.81830
2001-10-15,1.82010,1.82010,1.82010,1.82010
2001-10-16,1.81780,1.81780,1.81780,1.81780
2001-10-17,1.82250,1.82250,1.82250,1.82250
2001-10-18,1.81350,1.81350,1.81350,1.81350
2001-10-19,1.81800,1.81800,1.81800,1.81800
2001-10-22,1.82710,1.82710,1.82710,1.82710
2001-10-23,1.82650,1.82650,1.82650,1.82650
2001-10-24,1.82470,1.82470,1.82470,1.82470
2001-10-25,1.83050,1.83050,1.83050,1.83050
2001-10-26,1.82660,1.82660,1.82660,1.82660
2001-10-29,1.82770,1.82770,1.82770,1.82770
2001-10-30,1.82750,1.82750,1.82750,1.82750
2001-10-31,1.82350,1.82350,1.82350,1.82350
2001-11-01,1.82530,1.82530,1.82530,1.82530
2001-11-02,1.83350,1.83350,1.83350,1.83350
2001-11-05,1.81570,1.81570,1.81570,1.81570
2001-11-06,1.82300,1.82300,1.82300,1.82300
2001-11-07,1.81700,1.81700,1.81700,1.81700
2001-11-08,1.81500,1.81500,1.81500,1.81500
2001-11-09,1.82180,1.82180,1.82180,1.82180
2001-11-12,1.82650,1.82650,1.82650,1.82650
2001-11-13,1.82530,1.82530,1.82530,1.82530
2001-11-14,1.82580,1.82580,1.82580,1.82580
2001-11-15,1.82920,1.82920,1.82920,1.82920
2001-11-16,1.83080,1.83080,1.83080,1.83080
2001-11-19,1.83630,1.83630,1.83630,1.83630
2001-11-20,1.84100,1.84100,1.84100,1.84100
2001-11-21,1.83500,1.83500,1.83500,1.83500
2001-11-22,1.83780,1.83780,1.83780,1.83780
2001-11-23,1.84070,1.84070,1.84070,1.84070
2001-11-26,1.83330,1.83330,1.83330,1.83330
2001-11-27,1.83620,1.83620,1.83620,1.83620
2001-11-28,1.83250,1.83250,1.83250,1.83250
2001-11-29,1.83100,1.83100,1.83100,1.83100
2001-11-30,1.83080,1.83080,1.83080,1.83080
2001-12-03,1.83350,1.83350,1.83350,1.83350
2001-12-04,1.83620,1.83620,1.83620,1.83620
2001-12-05,1.83670,1.83670,1.83670,1.83670
2001-12-06,1.83240,1.83240,1.83240,1.83240
2001-12-07,1.83310,1.83310,1.83310,1.83310
2001-12-10,1.83270,1.83270,1.83270,1.83270
2001-12-11,1.83020,1.83020,1.83020,1.83020
2001-12-12,1.83090,1.83090,1.83090,1.83090
2001-12-13,1.83130,1.83130,1.83130,1.83130
2001-12-14,1.83200,1.83200,1.83200,1.83200
2001-12-17,1.83800,1.83800,1.83800,1.83800
2001-12-18,1.83900,1.83900,1.83900,1.83900
2001-12-19,1.83570,1.83570,1.83570,1.83570
2001-12-20,1.83470,1.83470,1.83470,1.83470
2001-12-21,1.84260,1.84260,1.84260,1.84260
2001-12-24,1.83700,1.83700,1.83700,1.83700
2001-12-25,1.84250,1.84250,1.84250,1.84250
2001-12-26,1.84330,1.84330,1.84330,1.84330
2001-12-27,1.85020,1.85020,1.85020,1.85020
2001-12-28,1.85000,1.85000,1.85000,1.85000
2001-12-31,1.85100,1.85100,1.85100,1.85100
2002-01-01,1.84650,1.84650,1.84650,1.84650
2002-01-02,1.84930,1.84930,1.84930,1.84930
2002-01-03,1.84850,1.84850,1.84850,1.84850
2002-01-04,1.84670,1.84670,1.84670,1.84670
2002-01-07,1.84120,1.84120,1.84120,1.84120
2002-01-08,1.84870,1.84870,1.84870,1.84870
2002-01-09,1.84900,1.84900,1.84900,1.84900
2002-01-10,1.84570,1.84570,1.84570,1.84570
2002-01-11,1.84300,1.84300,1.84300,1.84300
2002-01-14,1.83800,1.83800,1.83800,1.83800
2002-01-15,1.83070,1.83070,1.83070,1.83070
2002-01-16,1.82720,1.82720,1.82720,1.82720
2002-01-17,1.83050,1.83050,1.83050,1.83050
2002-01-18,1.83420,1.83420,1.83420,1.83420
2002-01-21,1.83280,1.83280,1.83280,1.83280
2002-01-22,1.83630,1.83630,1.83630,1.83630
2002-01-23,1.83980,1.83980,1.83980,1.83980
2002-01-24,1.84050,1.84050,1.84050,1.84050
2002-01-25,1.83700,1.83700,1.83700,1.83700
2002-01-28,1.83530,1.83530,1.83530,1.83530
2002-01-29,1.83230,1.83230,1.83230,1.83230
2002-01-30,1.83170,1.83170,1.83170,1.83170
2002-01-31,1.82910,1.82910,1.82910,1.82910
2002-02-01,1.83770,1.83770,1.83770,1.83770
2002-02-04,1.83370,1.83370,1.83370,1.83370
2002-02-05,1.83250,1.83250,1.83250,1.83250
2002-02-06,1.83500,1.83500,1.83500,1.83500
2002-02-07,1.83230,1.83230,1.83230,1.83230
2002-02-08,1.83190,1.83190,1.83190,1.83190
2002-02-11,1.83330,1.83330,1.83330,1.83330
2002-02-12,1.83060,1.83060,1.83060,1.83060
2002-02-13,1.82800,1.82800,1.82800,1.82800
2002-02-14,1.82900,1.82900,1.82900,1.82900
2002-02-15,1.82420,1.82420,1.82420,1.82420
2002-02-18,1.82600,1.82600,1.82600,1.82600
2002-02-19,1.82970,1.82970,1.82970,1.82970
2002-02-20,1.82750,1.82750,1.82750,1.82750
2002-02-21,1.82800,1.82800,1.82800,1.82800
2002-02-22,1.83210,1.83210,1.83210,1.83210
2002-02-25,1.83100,1.83100,1.83100,1.83100
2002-02-26,1.83100,1.83100,1.83100,1.83100
2002-02-27,1.83500,1.83500,1.83500,1.83500
2002-02-28,1.83430,1.83430,1.83430,1.83430
2002-03-01,1.83120,1.83120,1.83120,1.83120
2002-03-04,1.83070,1.83070,1.83070,1.83070
2002-03-05,1.82970,1.82970,1.82970,1.82970
2002-03-06,1.82670,1.82670,1.82670,1.82670
2002-03-07,1.82320,1.82320,1.82320,1.82320
2002-03-08,1.81930,1.81930,1.81930,1.81930
2002-03-11,1.82330,1.82330,1.82330,1.82330
2002-03-12,1.81950,1.81950,1.81950,1.81950
2002-03-13,1.82300,1.82300,1.82300,1.82300
2002-03-14,1.82400,1.82400,1.82400,1.82400
2002-03-15,1.82320,1.82320,1.82320,1.82320
2002-03-18,1.82350,1.82350,1.82350,1.82350
2002-03-19,1.83000,1.83000,1.83000,1.83000
2002-03-20,1.82850,1.82850,1.82850,1.82850
2002-03-21,1.82720,1.82720,1.82720,1.82720
2002-03-22,1.82880,1.82880,1.82880,1.82880
2002-03-25,1.83250,1.83250,1.83250,1.83250
2002-03-26,1.84200,1.84200,1.84200,1.84200
2002-03-27,1.84620,1.84620,1.84620,1.84620
2002-03-28,1.84220,1.84220,1.84220,1.84220
2002-03-29,1.84250,1.84250,1.84250,1.84250
2002-04-01,1.84530,1.84530,1.84530,1.84530
2002-04-02,1.84550,1.84550,1.84550,1.84550
2002-04-03,1.84520,1.84520,1.84520,1.84520
2002-04-04,1.84130,1.84130,1.84130,1.84130
2002-04-05,1.83600,1.83600,1.83600,1.83600
2002-04-08,1.83430,1.83430,1.83430,1.83430
2002-04-09,1.83810,1.83810,1.83810,1.83810
2002-04-10,1.83350,1.83350,1.83350,1.83350
2002-04-11,1.83480,1.83480,1.83480,1.83480
2002-04-12,1.83800,1.83800,1.83800,1.83800
2002-04-15,1.83550,1.83550,1.83550,1.83550
2002-04-16,1.83530,1.83530,1.83530,1.83530
2002-04-17,1.83230,1.83230,1.83230,1.83230
2002-04-18,1.82670,1.82670,1.82670,1.82670
2002-04-19,1.82120,1.82120,1.82120,1.82120
2002-04-22,1.81930,1.81930,1.81930,1.81930
2002-04-23,1.81520,1.81520,1.81520,1.81520
2002-04-24,1.82080,1.82080,1.82080,1.82080
2002-04-25,1.81450,1.81450,1.81450,1.81450
2002-04-26,1.81030,1.81030,1.81030,1.81030
2002-04-29,1.80700,1.80700,1.80700,1.80700
2002-04-30,1.80930,1.80930,1.80930,1.80930
2002-05-01,1.81480,1.81480,1.81480,1.81480
2002-05-02,1.80470,1.80470,1.80470,1.80470
2002-05-03,1.80950,1.80950,1.80950,1.80950
2002-05-06,1.80450,1.80450,1.80450,1.80450
2002-05-07,1.80150,1.80150,1.80150,1.80150
2002-05-08,1.80750,1.80750,1.80750,1.80750
2002-05-09,1.80650,1.80650,1.80650,1.80650
2002-05-10,1.80850,1.80850,1.80850,1.80850
2002-05-13,1.80320,1.80320,1.80320,1.80320
2002-05-14,1.80550,1.80550,1.80550,1.80550
2002-05-15,1.80810,1.80810,1.80810,1.80810
2002-05-16,1.80360,1.80360,1.80360,1.80360
2002-05-17,1.79580,1.79580,1.79580,1.79580
2002-05-20,1.78950,1.78950,1.78950,1.78950
2002-05-21,1.79350,1.79350,1.79350,1.79350
2002-05-22,1.79000,1.79000,1.79000,1.79000
2002-05-23,1.79860,1.79860,1.79860,1.79860
2002-05-24,1.79950,1.79950,1.79950,1.79950
2002-05-27,1.79750,1.79750,1.79750,1.79750
2002-05-28,1.79450,1.79450,1.79450,1.79450
2002-05-29,1.79400,1.79400,1.79400,1.79400
2002-05-30,1.79000,1.79000,1.79000,1.79000
2002-05-31,1.78500,1.78500,1.78500,1.78500
2002-06-03,1.78920,1.78920,1.78920,1.78920
2002-06-04,1.78400,1.78400,1.78400,1.78400
2002-06-05,1.78760,1.78760,1.78760,1.78760
2002-06-06,1.79390,1.79390,1.79390,1.79390
2002-06-07,1.79650,1.79650,1.79650,1.79650
2002-06-10,1.79430,1.79430,1.79430,1.79430
2002-06-11,1.78900,1.78900,1.78900,1.78900
2002-06-12,1.79250,1.79250,1.79250,1.79250
2002-06-13,1.78800,1.78800,1.78800,1.78800
2002-06-14,1.78590,1.78590,1.78590,1.78590
2002-06-17,1.78980,1.78980,1.78980,1.78980
2002-06-18,1.79070,1.79070,1.79070,1.79070
2002-06-19,1.78800,1.78800,1.78800,1.78800
2002-06-20,1.78520,1.78520,1.78520,1.78520
2002-06-21,1.77530,1.77530,1.77530,1.77530
2002-06-24,1.76850,1.76850,1.76850,1.76850
2002-06-25,1.76880,1.76880,1.76880,1.76880
2002-06-26,1.76450,1.76450,1.76450,1.76450
2002-06-27,1.76670,1.76670,1.76670,1.76670
2002-06-28,1.76500,1.76500,1.76500,1.76500
2002-07-01,1.76550,1.76550,1.76550,1.76550
2002-07-02,1.76800,1.76800,1.76800,1.76800
2002-07-03,1.76950,1.76950,1.76950,1.76950
2002-07-04,1.76920,1.76920,1.76920,1.76920
2002-07-05,1.76970,1.76970,1.76970,1.76970
2002-07-08,1.76470,1.76470,1.76470,1.76470
2002-07-09,1.76010,1.76010,1.76010,1.76010
2002-07-10,1.74920,1.74920,1.74920,1.74920
2002-07-11,1.75290,1.75290,1.75290,1.75290
2002-07-12,1.75100,1.75100,1.75100,1.75100
2002-07-15,1.74140,1.74140,1.74140,1.74140
2002-07-16,1.73610,1.73610,1.73610,1.73610
2002-07-17,1.73620,1.73620,1.73620,1.73620
2002-07-18,1.73710,1.73710,1.73710,1.73710
2002-07-19,1.73370,1.73370,1.73370,1.73370
2002-07-22,1.73190,1.73190,1.73190,1.73190
2002-07-23,1.74050,1.74050,1.74050,1.74050
2002-07-24,1.74100,1.74100,1.74100,1.74100
2002-07-25,1.73930,1.73930,1.73930,1.73930
2002-07-26,1.75260,1.75260,1.75260,1.75260
2002-07-29,1.76610,1.76610,1.76610,1.76610
2002-07-30,1.76350,1.76350,1.76350,1.76350
2002-07-31,1.76370,1.76370,1.76370,1.76370
2002-08-01,1.75630,1.75630,1.75630,1.75630
2002-08-02,1.75530,1.75530,1.75530,1.75530
2002-08-05,1.75500,1.75500,1.75500,1.75500
2002-08-06,1.76580,1.76580,1.76580,1.76580
2002-08-07,1.77110,1.77110,1.77110,1.77110
2002-08-08,1.76630,1.76630,1.76630,1.76630
2002-08-09,1.77070,1.77070,1.77070,1.77070
2002-08-12,1.76400,1.76400,1.76400,1.76400
2002-08-13,1.75790,1.75790,1.75790,1.75790
2002-08-14,1.75070,1.75070,1.75070,1.75070
2002-08-15,1.74950,1.74950,1.74950,1.74950
2002-08-16,1.74770,1.74770,1.74770,1.74770
2002-08-19,1.74480,1.74480,1.74480,1.74480
2002-08-20,1.75260,1.75260,1.75260,1.75260
2002-08-21,1.74810,1.74810,1.74810,1.74810
2002-08-22,1.74870,1.74870,1.74870,1.74870
2002-08-23,1.75740,1.75740,1.75740,1.75740
2002-08-26,1.75710,1.75710,1.75710,1.75710
2002-08-27,1.75430,1.75430,1.75430,1.75430
2002-08-28,1.74850,1.74850,1.74850,1.74850
2002-08-29,1.74980,1.74980,1.74980,1.74980
2002-08-30,1.74850,1.74850,1.74850,1.74850
2002-09-02,1.75240,1.75240,1.75240,1.75240
2002-09-03,1.74840,1.74840,1.74840,1.74840
2002-09-04,1.74350,1.74350,1.74350,1.74350
2002-09-05,1.74700,1.74700,1.74700,1.74700
2002-09-06,1.74450,1.74450,1.74450,1.74450
2002-09-09,1.74980,1.74980,1.74980,1.74980
2002-09-10,1.75160,1.75160,1.75160,1.75160
2002-09-11,1.75750,1.75750,1.75750,1.75750
2002-09-12,1.75780,1.75780,1.75780,1.75780
2002-09-13,1.76180,1.76180,1.76180,1.76180
2002-09-16,1.77820,1.77820,1.77820,1.77820
2002-09-17,1.78240,1.78240,1.78240,1.78240
2002-09-18,1.77640,1.77640,1.77640,1.77640
2002-09-19,1.76970,1.76970,1.76970,1.76970
2002-09-20,1.77570,1.77570,1.77570,1.77570
2002-09-23,1.77890,1.77890,1.77890,1.77890
2002-09-24,1.78060,1.78060,1.78060,1.78060
2002-09-25,1.78240,1.78240,1.78240,1.78240
2002-09-26,1.78500,1.78500,1.78500,1.78500
2002-09-27,1.77810,1.77810,1.77810,1.77810
2002-09-30,1.77700,1.77700,1.77700,1.77700
2002-10-01,1.78380,1.78380,1.78380,1.78380
2002-10-02,1.79050,1.79050,1.79050,1.79050
2002-10-03,1.78840,1.78840,1.78840,1.78840
2002-10-04,1.78350,1.78350,1.78350,1.78350
2002-10-07,1.78880,1.78880,1.78880,1.78880
2002-10-08,1.79260,1.79260,1.79260,1.79260
2002-10-09,1.78990,1.78990,1.78990,1.78990
2002-10-10,1.79250,1.79250,1.79250,1.79250
2002-10-11,1.79290,1.79290,1.79290,1.79290
2002-10-14,1.79960,1.79960,1.79960,1.79960
2002-10-15,1.80440,1.80440,1.80440,1.80440
2002-10-16,1.80160,1.80160,1.80160,1.80160
2002-10-17,1.78730,1.78730,1.78730,1.78730
2002-10-18,1.78790,1.78790,1.78790,1.78790
2002-10-21,1.78260,1.78260,1.78260,1.78260
2002-10-22,1.78180,1.78180,1.78180,1.78180
2002-10-23,1.78670,1.78670,1.78670,1.78670
2002-10-24,1.77600,1.77600,1.77600,1.77600
2002-10-25,1.77450,1.77450,1.77450,1.77450
2002-10-28,1.77940,1.77940,1.77940,1.77940
2002-10-29,1.77280,1.77280,1.77280,1.77280
2002-10-30,1.77100,1.77100,1.77100,1.77100
2002-10-31,1.76630,1.76630,1.76630,1.76630
2002-11-01,1.76940,1.76940,1.76940,1.76940
2002-11-04,1.76260,1.76260,1.76260,1.76260
2002-11-05,1.75770,1.75770,1.75770,1.75770
2002-11-06,1.76060,1.76060,1.76060,1.76060
2002-11-07,1.76300,1.76300,1.76300,1.76300
2002-11-08,1.76180,1.76180,1.76180,1.76180
2002-11-11,1.75770,1.75770,1.75770,1.75770
2002-11-12,1.76440,1.76440,1.76440,1.76440
2002-11-13,1.76250,1.76250,1.76250,1.76250
2002-11-14,1.76630,1.76630,1.76630,1.76630
2002-11-15,1.76230,1.76230,1.76230,1.76230
2002-11-18,1.76440,1.76440,1.76440,1.76440
2002-11-19,1.76290,1.76290,1.76290,1.76290
2002-11-20,1.76990,1.76990,1.76990,1.76990
2002-11-21,1.77020,1.77020,1.77020,1.77020
2002-11-22,1.77010,1.77010,1.77010,1.77010
2002-11-25,1.77180,1.77180,1.77180,1.77180
2002-11-26,1.76700,1.76700,1.76700,1.76700
2002-11-27,1.76640,1.76640,1.76640,1.76640
2002-11-28,1.76660,1.76660,1.76660,1.76660
2002-11-29,1.76330,1.76330,1.76330,1.76330
2002-12-02,1.76790,1.76790,1.76790,1.76790
2002-12-03,1.77150,1.77150,1.77150,1.77150
2002-12-04,1.76950,1.76950,1.76950,1.76950
2002-12-05,1.77240,1.77240,1.77240,1.77240
2002-12-06,1.77550,1.77550,1.77550,1.77550
2002-12-09,1.76330,1.76330,1.76330,1.76330
2002-12-10,1.76670,1.76670,1.76670,1.76670
2002-12-11,1.76550,1.76550,1.76550,1.76550
2002-12-12,1.76300,1.76300,1.76300,1.76300
2002-12-13,1.75550,1.75550,1.75550,1.75550
2002-12-16,1.74890,1.74890,1.74890,1.74890
2002-12-17,1.74630,1.74630,1.74630,1.74630
2002-12-18,1.74870,1.74870,1.74870,1.74870
2002-12-19,1.74690,1.74690,1.74690,1.74690
2002-12-20,1.74350,1.74350,1.74350,1.74350
2002-12-23,1.74330,1.74330,1.74330,1.74330
2002-12-24,1.73900,1.73900,1.73900,1.73900
2002-12-25,1.73820,1.73820,1.73820,1.73820
2002-12-26,1.73720,1.73720,1.73720,1.73720
2002-12-27,1.73640,1.73640,1.73640,1.73640
2002-12-30,1.73460,1.73460,1.73460,1.73460
2002-12-31,1.73660,1.73660,1.73660,1.73660
2003-01-01,1.73420,1.73420,1.73420,1.73420
2003-01-02,1.74260,1.74260,1.74260,1.74260
2003-01-03,1.74510,1.74510,1.74510,1.74510
2003-01-06,1.74050,1.74050,1.74050,1.74050
2003-01-07,1.74020,1.74020,1.74020,1.74020
2003-01-08,1.74180,1.74180,1.74180,1.74180
2003-01-09,1.73700,1.73700,1.73700,1.73700
2003-01-10,1.73850,1.73850,1.73850,1.73850
2003-01-13,1.73720,1.73720,1.73720,1.73720
2003-01-14,1.73370,1.73370,1.73370,1.73370
2003-01-15,1.73390,1.73390,1.73390,1.73390
2003-01-16,1.73230,1.73230,1.73230,1.73230
2003-01-17,1.73080,1.73080,1.73080,1.73080
2003-01-20,1.73410,1.73410,1.73410,1.73410
2003-01-21,1.73450,1.73450,1.73450,1.73450
2003-01-22,1.73330,1.73330,1.73330,1.73330
2003-01-23,1.73420,1.73420,1.73420,1.73420
2003-01-24,1.73080,1.73080,1.73080,1.73080
2003-01-27,1.72850,1.72850,1.72850,1.72850
2003-01-28,1.73090,1.73090,1.73090,1.73090
2003-01-29,1.73150,1.73150,1.73150,1.73150
2003-01-30,1.73160,1.73160,1.73160,1.73160
2003-01-31,1.73770,1.73770,1.73770,1.73770
2003-02-03,1.74100,1.74100,1.74100,1.74100
2003-02-04,1.74520,1.74520,1.74520,1.74520
2003-02-05,1.73790,1.73790,1.73790,1.73790
2003-02-06,1.74280,1.74280,1.74280,1.74280
2003-02-07,1.74180,1.74180,1.74180,1.74180
2003-02-10,1.74930,1.74930,1.74930,1.74930
2003-02-11,1.75700,1.75700,1.75700,1.75700
2003-02-12,1.75300,1.75300,1.75300,1.75300
2003-02-13,1.75400,1.75400,1.75400,1.75400
2003-02-14,1.75420,1.75420,1.75420,1.75420
2003-02-17,1.75530,1.75530,1.75530,1.75530
2003-02-18,1.75300,1.75300,1.75300,1.75300
2003-02-19,1.75130,1.75130,1.75130,1.75130
2003-02-20,1.74830,1.74830,1.74830,1.74830
2003-02-21,1.74350,1.74350,1.74350,1.74350
2003-02-24,1.74180,1.74180,1.74180,1.74180
2003-02-25,1.73650,1.73650,1.73650,1.73650
2003-02-26,1.73510,1.73510,1.73510,1.73510
2003-02-27,1.73360,1.73360,1.73360,1.73360
2003-02-28,1.73800,1.73800,1.73800,1.73800
2003-03-03,1.73810,1.73810,1.73810,1.73810
2003-03-04,1.73410,1.73410,1.73410,1.73410
2003-03-05,1.73210,1.73210,1.73210,1.73210
2003-03-06,1.73520,1.73520,1.73520,1.73520
2003-03-07,1.73500,1.73500,1.73500,1.73500
2003-03-10,1.73480,1.73480,1.73480,1.73480
2003-03-11,1.73570,1.73570,1.73570,1.73570
2003-03-12,1.74140,1.74140,1.74140,1.74140
2003-03-13,1.74910,1.74910,1.74910,1.74910
2003-03-14,1.75340,1.75340,1.75340,1.75340
2003-03-17,1.75330,1.75330,1.75330,1.75330
2003-03-18,1.76240,1.76240,1.76240,1.76240
2003-03-19,1.76700,1.76700,1.76700,1.76700
2003-03-20,1.76880,1.76880,1.76880,1.76880
2003-03-21,1.76500,1.76500,1.76500,1.76500
2003-03-24,1.76810,1.76810,1.76810,1.76810
2003-03-25,1.76230,1.76230,1.76230,1.76230
2003-03-26,1.76690,1.76690,1.76690,1.76690
2003-03-27,1.76950,1.76950,1.76950,1.76950
2003-03-28,1.76980,1.76980,1.76980,1.76980
2003-03-31,1.76550,1.76550,1.76550,1.76550
2003-04-01,1.76640,1.76640,1.76640,1.76640
2003-04-02,1.76890,1.76890,1.76890,1.76890
2003-04-03,1.76960,1.76960,1.76960,1.76960
2003-04-04,1.77760,1.77760,1.77760,1.77760
2003-04-07,1.78510,1.78510,1.78510,1.78510
2003-04-08,1.78070,1.78070,1.78070,1.78070
2003-04-09,1.78290,1.78290,1.78290,1.78290
2003-04-10,1.77890,1.77890,1.77890,1.77890
2003-04-11,1.77480,1.77480,1.77480,1.77480
2003-04-14,1.78170,1.78170,1.78170,1.78170
2003-04-15,1.77760,1.77760,1.77760,1.77760
2003-04-16,1.77970,1.77970,1.77970,1.77970
2003-04-17,1.76890,1.76890,1.76890,1.76890
2003-04-18,1.76470,1.76470,1.76470,1.76470
2003-04-21,1.76850,1.76850,1.76850,1.76850
2003-04-22,1.77650,1.77650,1.77650,1.77650
2003-04-23,1.77620,1.77620,1.77620,1.77620
2003-04-24,1.77940,1.77940,1.77940,1.77940
2003-04-25,1.78110,1.78110,1.78110,1.78110
2003-04-28,1.78290,1.78290,1.78290,1.78290
2003-04-29,1.77430,1.77430,1.77430,1.77430
2003-04-30,1.77420,1.77420,1.77420,1.77420
2003-05-01,1.77310,1.77310,1.77310,1.77310
2003-05-02,1.77000,1.77000,1.77000,1.77000
2003-05-05,1.76560,1.76560,1.76560,1.76560
2003-05-06,1.74910,1.74910,1.74910,1.74910
2003-05-07,1.74220,1.74220,1.74220,1.74220
2003-05-08,1.73790,1.73790,1.73790,1.73790
2003-05-09,1.73820,1.73820,1.73820,1.73820
2003-05-12,1.73280,1.73280,1.73280,1.73280
2003-05-13,1.73530,1.73530,1.73530,1.73530
2003-05-14,1.73500,1.73500,1.73500,1.73500
2003-05-15,1.72400,1.72400,1.72400,1.72400
2003-05-16,1.72100,1.72100,1.72100,1.72100
2003-05-19,1.72230,1.72230,1.72230,1.72230
2003-05-20,1.72980,1.72980,1.72980,1.72980
2003-05-21,1.72300,1.72300,1.72300,1.72300
2003-05-22,1.72700,1.72700,1.72700,1.72700
2003-05-23,1.72180,1.72180,1.72180,1.72180
2003-05-26,1.71980,1.71980,1.71980,1.71980
2003-05-27,1.72010,1.72010,1.72010,1.72010
2003-05-28,1.72750,1.72750,1.72750,1.72750
2003-05-29,1.73480,1.73480,1.73480,1.73480
2003-05-30,1.73080,1.73080,1.73080,1.73080
2003-06-02,1.73400,1.73400,1.73400,1.73400
2003-06-03,1.72520,1.72520,1.72520,1.72520
2003-06-04,1.72630,1.72630,1.72630,1.72630
2003-06-05,1.72450,1.72450,1.72450,1.72450
2003-06-06,1.72120,1.72120,1.72120,1.72120
2003-06-09,1.73000,1.73000,1.73000,1.73000
2003-06-10,1.72920,1.72920,1.72920,1.72920
2003-06-11,1.73450,1.73450,1.73450,1.73450
2003-06-12,1.73820,1.73820,1.73820,1.73820
2003-06-13,1.73810,1.73810,1.73810,1.73810
2003-06-16,1.72730,1.72730,1.72730,1.72730
2003-06-17,1.72790,1.72790,1.72790,1.72790
2003-06-18,1.72790,1.72790,1.72790,1.72790
2003-06-19,1.73270,1.73270,1.73270,1.73270
2003-06-20,1.73200,1.73200,1.73200,1.73200
2003-06-23,1.73490,1.73490,1.73490,1.73490
2003-06-24,1.74070,1.74070,1.74070,1.74070
2003-06-25,1.74010,1.74010,1.74010,1.74010
2003-06-26,1.74270,1.74270,1.74270,1.74270
2003-06-27,1.75300,1.75300,1.75300,1.75300
2003-06-30,1.75670,1.75670,1.75670,1.75670
2003-07-01,1.75900,1.75900,1.75900,1.75900
2003-07-02,1.75780,1.75780,1.75780,1.75780
2003-07-03,1.75250,1.75250,1.75250,1.75250
2003-07-04,1.75130,1.75130,1.75130,1.75130
2003-07-07,1.74750,1.74750,1.74750,1.74750
2003-07-08,1.75600,1.75600,1.75600,1.75600
2003-07-09,1.75170,1.75170,1.75170,1.75170
2003-07-10,1.75610,1.75610,1.75610,1.75610
2003-07-11,1.75480,1.75480,1.75480,1.75480
2003-07-14,1.75650,1.75650,1.75650,1.75650
2003-07-15,1.75600,1.75600,1.75600,1.75600
2003-07-16,1.76200,1.76200,1.76200,1.76200
2003-07-17,1.75800,1.75800,1.75800,1.75800
2003-07-18,1.76180,1.76180,1.76180,1.76180
2003-07-21,1.75730,1.75730,1.75730,1.75730
2003-07-22,1.76050,1.76050,1.76050,1.76050
2003-07-23,1.75710,1.75710,1.75710,1.75710
2003-07-24,1.75170,1.75170,1.75170,1.75170
2003-07-25,1.74790,1.74790,1.74790,1.74790
2003-07-28,1.74650,1.74650,1.74650,1.74650
2003-07-29,1.75210,1.75210,1.75210,1.75210
2003-07-30,1.75690,1.75690,1.75690,1.75690
2003-07-31,1.75970,1.75970,1.75970,1.75970
2003-08-01,1.76020,1.76020,1.76020,1.76020
2003-08-04,1.76050,1.76050,1.76050,1.76050
2003-08-05,1.76280,1.76280,1.76280,1.76280
2003-08-06,1.76450,1.76450,1.76450,1.76450
2003-08-07,1.76180,1.76180,1.76180,1.76180
2003-08-08,1.75360,1.75360,1.75360,1.75360
2003-08-11,1.75670,1.75670,1.75670,1.75670
2003-08-12,1.75340,1.75340,1.75340,1.75340
2003-08-13,1.75710,1.75710,1.75710,1.75710
2003-08-14,1.75300,1.75300,1.75300,1.75300
2003-08-15,1.74880,1.74880,1.74880,1.74880
2003-08-18,1.74800,1.74800,1.74800,1.74800
2003-08-19,1.74940,1.74940,1.74940,1.74940
2003-08-20,1.75,1.75,1.75,1.75
2003-08-21,1.74030,1.74030,1.74030,1.74030
2003-08-22,1.74240,1.74240,1.74240,1.74240
2003-08-25,1.74430,1.74430,1.74430,1.74430
2003-08-26,1.74870,1.74870,1.74870,1.74870
2003-08-27,1.75500,1.75500,1.75500,1.75500
2003-08-28,1.75320,1.75320,1.75320,1.75320
2003-08-29,1.75710,1.75710,1.75710,1.75710
2003-09-01,1.75460,1.75460,1.75460,1.75460
2003-09-02,1.75390,1.75390,1.75390,1.75390
2003-09-03,1.75800,1.75800,1.75800,1.75800
2003-09-04,1.75420,1.75420,1.75420,1.75420
2003-09-05,1.76060,1.76060,1.76060,1.76060
2003-09-08,1.75970,1.75970,1.75970,1.75970
2003-09-09,1.75650,1.75650,1.75650,1.75650
2003-09-10,1.75150,1.75150,1.75150,1.75150
2003-09-11,1.74860,1.74860,1.74860,1.74860
2003-09-12,1.74930,1.74930,1.74930,1.74930
2003-09-15,1.75190,1.75190,1.75190,1.75190
2003-09-16,1.75200,1.75200,1.75200,1.75200
2003-09-17,1.74910,1.74910,1.74910,1.74910
2003-09-18,1.74830,1.74830,1.74830,1.74830
2003-09-19,1.74770,1.74770,1.74770,1.74770
2003-09-22,1.73090,1.73090,1.73090,1.73090
2003-09-23,1.73020,1.73020,1.73020,1.73020
2003-09-24,1.73600,1.73600,1.73600,1.73600
2003-09-25,1.73310,1.73310,1.73310,1.73310
2003-09-26,1.73130,1.73130,1.73130,1.73130
2003-09-29,1.72950,1.72950,1.72950,1.72950
2003-09-30,1.72850,1.72850,1.72850,1.72850
2003-10-01,1.72860,1.72860,1.72860,1.72860
2003-10-02,1.72430,1.72430,1.72430,1.72430
2003-10-03,1.72540,1.72540,1.72540,1.72540
2003-10-06,1.72950,1.72950,1.72950,1.72950
2003-10-07,1.72580,1.72580,1.72580,1.72580
2003-10-08,1.72130,1.72130,1.72130,1.72130
2003-10-09,1.72330,1.72330,1.72330,1.72330
2003-10-10,1.72450,1.72450,1.72450,1.72450
2003-10-13,1.71750,1.71750,1.71750,1.71750
2003-10-14,1.73020,1.73020,1.73020,1.73020
2003-10-15,1.74140,1.74140,1.74140,1.74140
2003-10-16,1.73900,1.73900,1.73900,1.73900
2003-10-17,1.73870,1.73870,1.73870,1.73870
2003-10-20,1.74070,1.74070,1.74070,1.74070
2003-10-21,1.74400,1.74400,1.74400,1.74400
2003-10-22,1.74320,1.74320,1.74320,1.74320
2003-10-23,1.73350,1.73350,1.73350,1.73350
2003-10-24,1.74280,1.74280,1.74280,1.74280
2003-10-27,1.74300,1.74300,1.74300,1.74300
2003-10-28,1.74510,1.74510,1.74510,1.74510
2003-10-29,1.73950,1.73950,1.73950,1.73950
2003-10-30,1.73420,1.73420,1.73420,1.73420
2003-10-31,1.73650,1.73650,1.73650,1.73650
2003-11-03,1.74140,1.74140,1.74140,1.74140
2003-11-04,1.74450,1.74450,1.74450,1.74450
2003-11-05,1.74140,1.74140,1.74140,1.74140
2003-11-06,1.74230,1.74230,1.74230,1.74230
2003-11-07,1.74100,1.74100,1.74100,1.74100
2003-11-10,1.73850,1.73850,1.73850,1.73850
2003-11-11,1.73430,1.73430,1.73430,1.73430
2003-11-12,1.73470,1.73470,1.73470,1.73470
2003-11-13,1.72910,1.72910,1.72910,1.72910
2003-11-14,1.71990,1.71990,1.71990,1.71990
2003-11-17,1.71940,1.71940,1.71940,1.71940
2003-11-18,1.72170,1.72170,1.72170,1.72170
2003-11-19,1.71240,1.71240,1.71240,1.71240
2003-11-20,1.71370,1.71370,1.71370,1.71370
2003-11-21,1.72200,1.72200,1.72200,1.72200
2003-11-24,1.72400,1.72400,1.72400,1.72400
2003-11-25,1.72200,1.72200,1.72200,1.72200
2003-11-26,1.71910,1.71910,1.71910,1.71910
2003-11-27,1.72230,1.72230,1.72230,1.72230
2003-11-28,1.72600,1.72600,1.72600,1.72600
2003-12-01,1.72330,1.72330,1.72330,1.72330
2003-12-02,1.72200,1.72200,1.72200,1.72200
2003-12-03,1.71910,1.71910,1.71910,1.71910
2003-12-04,1.71630,1.71630,1.71630,1.71630
2003-12-05,1.71730,1.71730,1.71730,1.71730
2003-12-08,1.71230,1.71230,1.71230,1.71230
2003-12-09,1.71030,1.71030,1.71030,1.71030
2003-12-10,1.71300,1.71300,1.71300,1.71300
2003-12-11,1.71430,1.71430,1.71430,1.71430
2003-12-12,1.71100,1.71100,1.71100,1.71100
2003-12-15,1.70880,1.70880,1.70880,1.70880
2003-12-16,1.70790,1.70790,1.70790,1.70790
2003-12-17,1.70840,1.70840,1.70840,1.70840
2003-12-18,1.70830,1.70830,1.70830,1.70830
2003-12-19,1.70770,1.70770,1.70770,1.70770
2003-12-22,1.70870,1.70870,1.70870,1.70870
2003-12-23,1.70750,1.70750,1.70750,1.70750
2003-12-24,1.70820,1.70820,1.70820,1.70820
2003-12-25,1.70600,1.70600,1.70600,1.70600
2003-12-26,1.70290,1.70290,1.70290,1.70290
2003-12-29,1.70530,1.70530,1.70530,1.70530
2003-12-30,1.70130,1.70130,1.70130,1.70130
2003-12-31,1.70080,1.70080,1.70080,1.70080
2004-01-01,1.69800,1.69800,1.69800,1.69800
2004-01-02,1.69950,1.69950,1.69950,1.69950
2004-01-05,1.69940,1.69940,1.69940,1.69940
2004-01-06,1.69890,1.69890,1.69890,1.69890
2004-01-07,1.69780,1.69780,1.69780,1.69780
2004-01-08,1.69750,1.69750,1.69750,1.69750
2004-01-09,1.69470,1.69470,1.69470,1.69470
2004-01-12,1.69170,1.69170,1.69170,1.69170
2004-01-13,1.69480,1.69480,1.69480,1.69480
2004-01-14,1.69330,1.69330,1.69330,1.69330
2004-01-15,1.69500,1.69500,1.69500,1.69500
2004-01-16,1.69940,1.69940,1.69940,1.69940
2004-01-19,1.70810,1.70810,1.70810,1.70810
2004-01-20,1.71250,1.71250,1.71250,1.71250
2004-01-21,1.70270,1.70270,1.70270,1.70270
2004-01-22,1.69750,1.69750,1.69750,1.69750
2004-01-23,1.69250,1.69250,1.69250,1.69250
2004-01-26,1.69650,1.69650,1.69650,1.69650
2004-01-27,1.69670,1.69670,1.69670,1.69670
2004-01-28,1.69600,1.69600,1.69600,1.69600
2004-01-29,1.69950,1.69950,1.69950,1.69950
2004-01-30,1.70210,1.70210,1.70210,1.70210
2004-02-02,1.69650,1.69650,1.69650,1.69650
2004-02-03,1.69530,1.69530,1.69530,1.69530
2004-02-04,1.69380,1.69380,1.69380,1.69380
2004-02-05,1.69330,1.69330,1.69330,1.69330
2004-02-06,1.69570,1.69570,1.69570,1.69570
2004-02-09,1.68690,1.68690,1.68690,1.68690
2004-02-10,1.68280,1.68280,1.68280,1.68280
2004-02-11,1.67400,1.67400,1.67400,1.67400
2004-02-12,1.67200,1.67200,1.67200,1.67200
2004-02-13,1.67380,1.67380,1.67380,1.67380
2004-02-16,1.67410,1.67410,1.67410,1.67410
2004-02-17,1.67710,1.67710,1.67710,1.67710
2004-02-18,1.67500,1.67500,1.67500,1.67500
2004-02-19,1.67880,1.67880,1.67880,1.67880
2004-02-20,1.68230,1.68230,1.68230,1.68230
2004-02-23,1.69780,1.69780,1.69780,1.69780
2004-02-24,1.69640,1.69640,1.69640,1.69640
2004-02-25,1.68840,1.68840,1.68840,1.68840
2004-02-26,1.69430,1.69430,1.69430,1.69430
2004-02-27,1.70310,1.70310,1.70310,1.70310
2004-03-01,1.69850,1.69850,1.69850,1.69850
2004-03-02,1.70280,1.70280,1.70280,1.70280
2004-03-03,1.70880,1.70880,1.70880,1.70880
2004-03-04,1.70870,1.70870,1.70870,1.70870
2004-03-05,1.71610,1.71610,1.71610,1.71610
2004-03-08,1.71300,1.71300,1.71300,1.71300
2004-03-09,1.70080,1.70080,1.70080,1.70080
2004-03-10,1.70870,1.70870,1.70870,1.70870
2004-03-11,1.71290,1.71290,1.71290,1.71290
2004-03-12,1.70950,1.70950,1.70950,1.70950
2004-03-15,1.71310,1.71310,1.71310,1.71310
2004-03-16,1.70700,1.70700,1.70700,1.70700
2004-03-17,1.70150,1.70150,1.70150,1.70150
2004-03-18,1.69200,1.69200,1.69200,1.69200
2004-03-19,1.69340,1.69340,1.69340,1.69340
2004-03-22,1.69500,1.69500,1.69500,1.69500
2004-03-23,1.68860,1.68860,1.68860,1.68860
2004-03-24,1.68850,1.68850,1.68850,1.68850
2004-03-25,1.69130,1.69130,1.69130,1.69130
2004-03-26,1.69050,1.69050,1.69050,1.69050
2004-03-29,1.68940,1.68940,1.68940,1.68940
2004-03-30,1.68440,1.68440,1.68440,1.68440
2004-03-31,1.67890,1.67890,1.67890,1.67890
2004-04-01,1.67530,1.67530,1.67530,1.67530
2004-04-02,1.67170,1.67170,1.67170,1.67170
2004-04-05,1.67710,1.67710,1.67710,1.67710
2004-04-06,1.68290,1.68290,1.68290,1.68290
2004-04-07,1.67950,1.67950,1.67950,1.67950
2004-04-08,1.67550,1.67550,1.67550,1.67550
2004-04-09,1.67720,1.67720,1.67720,1.67720
2004-04-12,1.66910,1.66910,1.66910,1.66910
2004-04-13,1.66310,1.66310,1.66310,1.66310
2004-04-14,1.67270,1.67270,1.67270,1.67270
2004-04-15,1.68460,1.68460,1.68460,1.68460
2004-04-16,1.68160,1.68160,1.68160,1.68160
2004-04-19,1.67760,1.67760,1.67760,1.67760
2004-04-20,1.67860,1.67860,1.67860,1.67860
2004-04-21,1.68850,1.68850,1.68850,1.68850
2004-04-22,1.69450,1.69450,1.69450,1.69450
2004-04-23,1.69870,1.69870,1.69870,1.69870
2004-04-26,1.70010,1.70010,1.70010,1.70010
2004-04-27,1.69600,1.69600,1.69600,1.69600
2004-04-28,1.69450,1.69450,1.69450,1.69450
2004-04-29,1.69980,1.69980,1.69980,1.69980
2004-04-30,1.70390,1.70390,1.70390,1.70390
2004-05-03,1.69950,1.69950,1.69950,1.69950
2004-05-04,1.69730,1.69730,1.69730,1.69730
2004-05-05,1.69110,1.69110,1.69110,1.69110
2004-05-06,1.68670,1.68670,1.68670,1.68670
2004-05-07,1.69170,1.69170,1.69170,1.69170
2004-05-10,1.71200,1.71200,1.71200,1.71200
2004-05-11,1.72120,1.72120,1.72120,1.72120
2004-05-12,1.71310,1.71310,1.71310,1.71310
2004-05-13,1.71930,1.71930,1.71930,1.71930
2004-05-14,1.72890,1.72890,1.72890,1.72890
2004-05-17,1.72010,1.72010,1.72010,1.72010
2004-05-18,1.72620,1.72620,1.72620,1.72620
2004-05-19,1.72040,1.72040,1.72040,1.72040
2004-05-20,1.71510,1.71510,1.71510,1.71510
2004-05-21,1.71680,1.71680,1.71680,1.71680
2004-05-24,1.71720,1.71720,1.71720,1.71720
2004-05-25,1.71950,1.71950,1.71950,1.71950
2004-05-26,1.71240,1.71240,1.71240,1.71240
2004-05-27,1.70660,1.70660,1.70660,1.70660
2004-05-28,1.69900,1.69900,1.69900,1.69900
2004-05-31,1.69810,1.69810,1.69810,1.69810
2004-06-01,1.70100,1.70100,1.70100,1.70100
2004-06-02,1.70640,1.70640,1.70640,1.70640
2004-06-03,1.70430,1.70430,1.70430,1.70430
2004-06-04,1.70970,1.70970,1.70970,1.70970
2004-06-07,1.70550,1.70550,1.70550,1.70550
2004-06-08,1.70440,1.70440,1.70440,1.70440
2004-06-09,1.70470,1.70470,1.70470,1.70470
2004-06-10,1.71240,1.71240,1.71240,1.71240
2004-06-11,1.71440,1.71440,1.71440,1.71440
2004-06-14,1.72270,1.72270,1.72270,1.72270
2004-06-15,1.71830,1.71830,1.71830,1.71830
2004-06-16,1.71320,1.71320,1.71320,1.71320
2004-06-17,1.71730,1.71730,1.71730,1.71730
2004-06-18,1.71890,1.71890,1.71890,1.71890
2004-06-21,1.71590,1.71590,1.71590,1.71590
2004-06-22,1.72130,1.72130,1.72130,1.72130
2004-06-23,1.71780,1.71780,1.71780,1.71780
2004-06-24,1.71560,1.71560,1.71560,1.71560
2004-06-25,1.70550,1.70550,1.70550,1.70550
2004-06-28,1.70660,1.70660,1.70660,1.70660
2004-06-29,1.71100,1.71100,1.71100,1.71100
2004-06-30,1.71650,1.71650,1.71650,1.71650
2004-07-01,1.71720,1.71720,1.71720,1.71720
2004-07-02,1.71760,1.71760,1.71760,1.71760
2004-07-05,1.71250,1.71250,1.71250,1.71250
2004-07-06,1.71670,1.71670,1.71670,1.71670
2004-07-07,1.71380,1.71380,1.71380,1.71380
2004-07-08,1.70730,1.70730,1.70730,1.70730
2004-07-09,1.70410,1.70410,1.70410,1.70410
2004-07-12,1.69900,1.69900,1.69900,1.69900
2004-07-13,1.70030,1.70030,1.70030,1.70030
2004-07-14,1.70150,1.70150,1.70150,1.70150
2004-07-15,1.70720,1.70720,1.70720,1.70720
2004-07-16,1.70530,1.70530,1.70530,1.70530
2004-07-19,1.69930,1.69930,1.69930,1.69930
2004-07-20,1.70230,1.70230,1.70230,1.70230
2004-07-21,1.70650,1.70650,1.70650,1.70650
2004-07-22,1.71640,1.71640,1.71640,1.71640
2004-07-23,1.71900,1.71900,1.71900,1.71900
2004-07-26,1.72290,1.72290,1.72290,1.72290
2004-07-27,1.72190,1.72190,1.72190,1.72190
2004-07-28,1.72460,1.72460,1.72460,1.72460
2004-07-29,1.72480,1.72480,1.72480,1.72480
2004-07-30,1.72430,1.72430,1.72430,1.72430
2004-08-02,1.71570,1.71570,1.71570,1.71570
2004-08-03,1.71750,1.71750,1.71750,1.71750
2004-08-04,1.72160,1.72160,1.72160,1.72160
2004-08-05,1.72130,1.72130,1.72130,1.72130
2004-08-06,1.72320,1.72320,1.72320,1.72320
2004-08-09,1.71540,1.71540,1.71540,1.71540
2004-08-10,1.71250,1.71250,1.71250,1.71250
2004-08-11,1.71650,1.71650,1.71650,1.71650
2004-08-12,1.71200,1.71200,1.71200,1.71200
2004-08-13,1.71780,1.71780,1.71780,1.71780
2004-08-16,1.71620,1.71620,1.71620,1.71620
2004-08-17,1.71330,1.71330,1.71330,1.71330
2004-08-18,1.71400,1.71400,1.71400,1.71400
2004-08-19,1.71380,1.71380,1.71380,1.71380
2004-08-20,1.70810,1.70810,1.70810,1.70810
2004-08-23,1.70530,1.70530,1.70530,1.70530
2004-08-24,1.71150,1.71150,1.71150,1.71150
2004-08-25,1.71110,1.71110,1.71110,1.71110
2004-08-26,1.71270,1.71270,1.71270,1.71270
2004-08-27,1.71100,1.71100,1.71100,1.71100
2004-08-30,1.71470,1.71470,1.71470,1.71470
2004-08-31,1.71300,1.71300,1.71300,1.71300
2004-09-01,1.70860,1.70860,1.70860,1.70860
2004-09-02,1.70620,1.70620,1.70620,1.70620
2004-09-03,1.70250,1.70250,1.70250,1.70250
2004-09-06,1.70440,1.70440,1.70440,1.70440
2004-09-07,1.70410,1.70410,1.70410,1.70410
2004-09-08,1.69880,1.69880,1.69880,1.69880
2004-09-09,1.69820,1.69820,1.69820,1.69820
2004-09-10,1.69890,1.69890,1.69890,1.69890
2004-09-13,1.69960,1.69960,1.69960,1.69960
2004-09-14,1.69310,1.69310,1.69310,1.69310
2004-09-15,1.68990,1.68990,1.68990,1.68990
2004-09-16,1.68960,1.68960,1.68960,1.68960
2004-09-17,1.68890,1.68890,1.68890,1.68890
2004-09-20,1.69070,1.69070,1.69070,1.69070
2004-09-21,1.69220,1.69220,1.69220,1.69220
2004-09-22,1.68870,1.68870,1.68870,1.68870
2004-09-23,1.69470,1.69470,1.69470,1.69470
2004-09-24,1.69190,1.69190,1.69190,1.69190
2004-09-27,1.69030,1.69030,1.69030,1.69030
2004-09-28,1.69470,1.69470,1.69470,1.69470
2004-09-29,1.69380,1.69380,1.69380,1.69380
2004-09-30,1.69070,1.69070,1.69070,1.69070
2004-10-01,1.68610,1.68610,1.68610,1.68610
2004-10-04,1.68650,1.68650,1.68650,1.68650
2004-10-05,1.68590,1.68590,1.68590,1.68590
2004-10-06,1.68870,1.68870,1.68870,1.68870
2004-10-07,1.69070,1.69070,1.69070,1.69070
2004-10-08,1.68480,1.68480,1.68480,1.68480
2004-10-11,1.68340,1.68340,1.68340,1.68340
2004-10-12,1.68470,1.68470,1.68470,1.68470
2004-10-13,1.68430,1.68430,1.68430,1.68430
2004-10-14,1.68480,1.68480,1.68480,1.68480
2004-10-15,1.67890,1.67890,1.67890,1.67890
2004-10-18,1.67820,1.67820,1.67820,1.67820
2004-10-19,1.67970,1.67970,1.67970,1.67970
2004-10-20,1.67440,1.67440,1.67440,1.67440
2004-10-21,1.67220,1.67220,1.67220,1.67220
2004-10-22,1.67090,1.67090,1.67090,1.67090
2004-10-25,1.66330,1.66330,1.66330,1.66330
2004-10-26,1.66240,1.66240,1.66240,1.66240
2004-10-27,1.66760,1.66760,1.66760,1.66760
2004-10-28,1.66200,1.66200,1.66200,1.66200
2004-10-29,1.66210,1.66210,1.66210,1.66210
2004-11-01,1.66390,1.66390,1.66390,1.66390
2004-11-02,1.66580,1.66580,1.66580,1.66580
2004-11-03,1.66730,1.66730,1.66730,1.66730
2004-11-04,1.66260,1.66260,1.66260,1.66260
2004-11-05,1.65410,1.65410,1.65410,1.65410
2004-11-08,1.65130,1.65130,1.65130,1.65130
2004-11-09,1.65270,1.65270,1.65270,1.65270
2004-11-10,1.65420,1.65420,1.65420,1.65420
2004-11-11,1.65760,1.65760,1.65760,1.65760
2004-11-12,1.65300,1.65300,1.65300,1.65300
2004-11-15,1.65070,1.65070,1.65070,1.65070
2004-11-16,1.65320,1.65320,1.65320,1.65320
2004-11-17,1.65110,1.65110,1.65110,1.65110
2004-11-18,1.64560,1.64560,1.64560,1.64560
2004-11-19,1.65050,1.65050,1.65050,1.65050
2004-11-22,1.64490,1.64490,1.64490,1.64490
2004-11-23,1.64730,1.64730,1.64730,1.64730
2004-11-24,1.64290,1.64290,1.64290,1.64290
2004-11-25,1.64110,1.64110,1.64110,1.64110
2004-11-26,1.63910,1.63910,1.63910,1.63910
2004-11-29,1.63900,1.63900,1.63900,1.63900
2004-11-30,1.64150,1.64150,1.64150,1.64150
2004-12-01,1.63500,1.63500,1.63500,1.63500
2004-12-02,1.63250,1.63250,1.63250,1.63250
2004-12-03,1.64380,1.64380,1.64380,1.64380
2004-12-06,1.63330,1.63330,1.63330,1.63330
2004-12-07,1.63450,1.63450,1.63450,1.63450
2004-12-08,1.64110,1.64110,1.64110,1.64110
2004-12-09,1.64570,1.64570,1.64570,1.64570
2004-12-10,1.65740,1.65740,1.65740,1.65740
2004-12-13,1.65110,1.65110,1.65110,1.65110
2004-12-14,1.64730,1.64730,1.64730,1.64730
2004-12-15,1.64990,1.64990,1.64990,1.64990
2004-12-16,1.64130,1.64130,1.64130,1.64130
2004-12-17,1.64550,1.64550,1.64550,1.64550
2004-12-20,1.64500,1.64500,1.64500,1.64500
2004-12-21,1.64140,1.64140,1.64140,1.64140
2004-12-22,1.64080,1.64080,1.64080,1.64080
2004-12-23,1.64030,1.64030,1.64030,1.64030
2004-12-24,1.64080,1.64080,1.64080,1.64080
2004-12-27,1.64300,1.64300,1.64300,1.64300
2004-12-28,1.63590,1.63590,1.63590,1.63590
2004-12-29,1.63650,1.63650,1.63650,1.63650
2004-12-30,1.63690,1.63690,1.63690,1.63690
2004-12-31,1.63380,1.63380,1.63380,1.63380
2005-01-03,1.63920,1.63920,1.63920,1.63920
2005-01-04,1.63620,1.63620,1.63620,1.63620
2005-01-05,1.64730,1.64730,1.64730,1.64730
2005-01-06,1.64770,1.64770,1.64770,1.64770
2005-01-07,1.64620,1.64620,1.64620,1.64620
2005-01-10,1.64830,1.64830,1.64830,1.64830
2005-01-11,1.64130,1.64130,1.64130,1.64130
2005-01-12,1.64010,1.64010,1.64010,1.64010
2005-01-13,1.63270,1.63270,1.63270,1.63270
2005-01-14,1.63450,1.63450,1.63450,1.63450
2005-01-17,1.63430,1.63430,1.63430,1.63430
2005-01-18,1.63750,1.63750,1.63750,1.63750
2005-01-19,1.63260,1.63260,1.63260,1.63260
2005-01-20,1.63450,1.63450,1.63450,1.63450
2005-01-21,1.63840,1.63840,1.63840,1.63840
2005-01-24,1.63390,1.63390,1.63390,1.63390
2005-01-25,1.63250,1.63250,1.63250,1.63250
2005-01-26,1.63660,1.63660,1.63660,1.63660
2005-01-27,1.63380,1.63380,1.63380,1.63380
2005-01-28,1.63350,1.63350,1.63350,1.63350
2005-01-31,1.63970,1.63970,1.63970,1.63970
2005-02-01,1.63830,1.63830,1.63830,1.63830
2005-02-02,1.63720,1.63720,1.63720,1.63720
2005-02-03,1.63740,1.63740,1.63740,1.63740
2005-02-04,1.63800,1.63800,1.63800,1.63800
2005-02-07,1.63670,1.63670,1.63670,1.63670
2005-02-08,1.64490,1.64490,1.64490,1.64490
2005-02-09,1.64940,1.64940,1.64940,1.64940
2005-02-10,1.64900,1.64900,1.64900,1.64900
2005-02-11,1.65210,1.65210,1.65210,1.65210
2005-02-14,1.64450,1.64450,1.64450,1.64450
2005-02-15,1.64250,1.64250,1.64250,1.64250
2005-02-16,1.64040,1.64040,1.64040,1.64040
2005-02-17,1.64130,1.64130,1.64130,1.64130
2005-02-18,1.64100,1.64100,1.64100,1.64100
2005-02-21,1.63900,1.63900,1.63900,1.63900
2005-02-22,1.63370,1.63370,1.63370,1.63370
2005-02-23,1.62800,1.62800,1.62800,1.62800
2005-02-24,1.62770,1.62770,1.62770,1.62770
2005-02-25,1.63280,1.63280,1.63280,1.63280
2005-02-28,1.62660,1.62660,1.62660,1.62660
2005-03-01,1.62470,1.62470,1.62470,1.62470
2005-03-02,1.62380,1.62380,1.62380,1.62380
2005-03-03,1.62750,1.62750,1.62750,1.62750
2005-03-04,1.63020,1.63020,1.63020,1.63020
2005-03-07,1.62630,1.62630,1.62630,1.62630
2005-03-08,1.62350,1.62350,1.62350,1.62350
2005-03-09,1.62220,1.62220,1.62220,1.62220
2005-03-10,1.61790,1.61790,1.61790,1.61790
2005-03-11,1.62260,1.62260,1.62260,1.62260
2005-03-14,1.61990,1.61990,1.61990,1.61990
2005-03-15,1.62310,1.62310,1.62310,1.62310
2005-03-16,1.62330,1.62330,1.62330,1.62330
2005-03-17,1.62340,1.62340,1.62340,1.62340
2005-03-18,1.62420,1.62420,1.62420,1.62420
2005-03-21,1.62880,1.62880,1.62880,1.62880
2005-03-22,1.63390,1.63390,1.63390,1.63390
2005-03-23,1.63870,1.63870,1.63870,1.63870
2005-03-24,1.64480,1.64480,1.64480,1.64480
2005-03-25,1.64360,1.64360,1.64360,1.64360
2005-03-28,1.64910,1.64910,1.64910,1.64910
2005-03-29,1.64920,1.64920,1.64920,1.64920
2005-03-30,1.65180,1.65180,1.65180,1.65180
2005-03-31,1.65010,1.65010,1.65010,1.65010
2005-04-01,1.65760,1.65760,1.65760,1.65760
2005-04-04,1.66350,1.66350,1.66350,1.66350
2005-04-05,1.66770,1.66770,1.66770,1.66770
2005-04-06,1.65850,1.65850,1.65850,1.65850
2005-04-07,1.65800,1.65800,1.65800,1.65800
2005-04-08,1.66000,1.66000,1.66000,1.66000
2005-04-11,1.65730,1.65730,1.65730,1.65730
2005-04-12,1.64590,1.64590,1.64590,1.64590
2005-04-13,1.64370,1.64370,1.64370,1.64370
2005-04-14,1.65110,1.65110,1.65110,1.65110
2005-04-15,1.65890,1.65890,1.65890,1.65890
2005-04-18,1.65790,1.65790,1.65790,1.65790
2005-04-19,1.65230,1.65230,1.65230,1.65230
2005-04-20,1.64900,1.64900,1.64900,1.64900
2005-04-21,1.64890,1.64890,1.64890,1.64890
2005-04-22,1.64950,1.64950,1.64950,1.64950
2005-04-25,1.64690,1.64690,1.64690,1.64690
2005-04-26,1.64710,1.64710,1.64710,1.64710
2005-04-27,1.64970,1.64970,1.64970,1.64970
2005-04-28,1.64650,1.64650,1.64650,1.64650
2005-04-29,1.64710,1.64710,1.64710,1.64710
2005-05-02,1.63950,1.63950,1.63950,1.63950
2005-05-03,1.64020,1.64020,1.64020,1.64020
2005-05-04,1.63780,1.63780,1.63780,1.63780
2005-05-05,1.63780,1.63780,1.63780,1.63780
2005-05-06,1.63750,1.63750,1.63750,1.63750
2005-05-09,1.64310,1.64310,1.64310,1.64310
2005-05-10,1.64390,1.64390,1.64390,1.64390
2005-05-11,1.64430,1.64430,1.64430,1.64430
2005-05-12,1.64780,1.64780,1.64780,1.64780
2005-05-13,1.65420,1.65420,1.65420,1.65420
2005-05-16,1.65980,1.65980,1.65980,1.65980
2005-05-17,1.65670,1.65670,1.65670,1.65670
2005-05-18,1.65840,1.65840,1.65840,1.65840
2005-05-19,1.65410,1.65410,1.65410,1.65410
2005-05-20,1.65670,1.65670,1.65670,1.65670
2005-05-23,1.66070,1.66070,1.66070,1.66070
2005-05-24,1.65740,1.65740,1.65740,1.65740
2005-05-25,1.65470,1.65470,1.65470,1.65470
2005-05-26,1.65960,1.65960,1.65960,1.65960
2005-05-27,1.65850,1.65850,1.65850,1.65850
2005-05-30,1.65850,1.65850,1.65850,1.65850
2005-05-31,1.66380,1.66380,1.66380,1.66380
2005-06-01,1.66600,1.66600,1.66600,1.66600
2005-06-02,1.67320,1.67320,1.67320,1.67320
2005-06-03,1.66910,1.66910,1.66910,1.66910
2005-06-06,1.66630,1.66630,1.66630,1.66630
2005-06-07,1.66360,1.66360,1.66360,1.66360
2005-06-08,1.65980,1.65980,1.65980,1.65980
2005-06-09,1.66150,1.66150,1.66150,1.66150
2005-06-10,1.66660,1.66660,1.66660,1.66660
2005-06-13,1.67170,1.67170,1.67170,1.67170
2005-06-14,1.67490,1.67490,1.67490,1.67490
2005-06-15,1.67590,1.67590,1.67590,1.67590
2005-06-16,1.67360,1.67360,1.67360,1.67360
2005-06-17,1.67240,1.67240,1.67240,1.67240
2005-06-20,1.66910,1.66910,1.66910,1.66910
2005-06-21,1.67540,1.67540,1.67540,1.67540
2005-06-22,1.67130,1.67130,1.67130,1.67130
2005-06-23,1.67030,1.67030,1.67030,1.67030
2005-06-24,1.67570,1.67570,1.67570,1.67570
2005-06-27,1.67480,1.67480,1.67480,1.67480
2005-06-28,1.67870,1.67870,1.67870,1.67870
2005-06-29,1.68310,1.68310,1.68310,1.68310
2005-06-30,1.68330,1.68330,1.68330,1.68330
2005-07-01,1.68460,1.68460,1.68460,1.68460
2005-07-04,1.69510,1.69510,1.69510,1.69510
2005-07-05,1.69460,1.69460,1.69460,1.69460
2005-07-06,1.69710,1.69710,1.69710,1.69710
2005-07-07,1.69940,1.69940,1.69940,1.69940
2005-07-08,1.70080,1.70080,1.70080,1.70080
2005-07-11,1.69650,1.69650,1.69650,1.69650
2005-07-12,1.69180,1.69180,1.69180,1.69180
2005-07-13,1.68670,1.68670,1.68670,1.68670
2005-07-14,1.69060,1.69060,1.69060,1.69060
2005-07-15,1.68970,1.68970,1.68970,1.68970
2005-07-18,1.6875,1.6875,1.6875,1.6875
2005-07-19,1.68600,1.68600,1.68600,1.68600
2005-07-20,1.69250,1.69250,1.69250,1.69250
2005-07-21,1.68350,1.68350,1.68350,1.68350
2005-07-22,1.66240,1.66240,1.66240,1.66240
2005-07-25,1.65860,1.65860,1.65860,1.65860
2005-07-26,1.66450,1.66450,1.66450,1.66450
2005-07-27,1.67140,1.67140,1.67140,1.67140
2005-07-28,1.66480,1.66480,1.66480,1.66480
2005-07-29,1.66210,1.66210,1.66210,1.66210
2005-08-01,1.66140,1.66140,1.66140,1.66140
2005-08-02,1.65840,1.65840,1.65840,1.65840
2005-08-03,1.65660,1.65660,1.65660,1.65660
2005-08-04,1.64880,1.64880,1.64880,1.64880
2005-08-05,1.65430,1.65430,1.65430,1.65430
2005-08-08,1.65570,1.65570,1.65570,1.65570
2005-08-09,1.65340,1.65340,1.65340,1.65340
2005-08-10,1.65010,1.65010,1.65010,1.65010
2005-08-11,1.64500,1.64500,1.64500,1.64500
2005-08-12,1.64770,1.64770,1.64770,1.64770
2005-08-15,1.65310,1.65310,1.65310,1.65310
2005-08-16,1.65850,1.65850,1.65850,1.65850
2005-08-17,1.65950,1.65950,1.65950,1.65950
2005-08-18,1.66020,1.66020,1.66020,1.66020
2005-08-19,1.66770,1.66770,1.66770,1.66770
2005-08-22,1.66760,1.66760,1.66760,1.66760
2005-08-23,1.66760,1.66760,1.66760,1.66760
2005-08-24,1.67450,1.67450,1.67450,1.67450
2005-08-25,1.67170,1.67170,1.67170,1.67170
2005-08-26,1.67410,1.67410,1.67410,1.67410
2005-08-29,1.67530,1.67530,1.67530,1.67530
2005-08-30,1.68320,1.68320,1.68320,1.68320
2005-08-31,1.68410,1.68410,1.68410,1.68410
2005-09-01,1.68310,1.68310,1.68310,1.68310
2005-09-02,1.67440,1.67440,1.67440,1.67440
2005-09-05,1.67200,1.67200,1.67200,1.67200
2005-09-06,1.67470,1.67470,1.67470,1.67470
2005-09-07,1.67710,1.67710,1.67710,1.67710
2005-09-08,1.67700,1.67700,1.67700,1.67700
2005-09-09,1.67820,1.67820,1.67820,1.67820
2005-09-12,1.67460,1.67460,1.67460,1.67460
2005-09-13,1.67820,1.67820,1.67820,1.67820
2005-09-14,1.67760,1.67760,1.67760,1.67760
2005-09-15,1.67980,1.67980,1.67980,1.67980
2005-09-16,1.67920,1.67920,1.67920,1.67920
2005-09-19,1.68180,1.68180,1.68180,1.68180
2005-09-20,1.67850,1.67850,1.67850,1.67850
2005-09-21,1.68180,1.68180,1.68180,1.68180
2005-09-22,1.67980,1.67980,1.67980,1.67980
2005-09-23,1.68250,1.68250,1.68250,1.68250
2005-09-26,1.68620,1.68620,1.68620,1.68620
2005-09-27,1.69130,1.69130,1.69130,1.69130
2005-09-28,1.69190,1.69190,1.69190,1.69190
2005-09-29,1.68850,1.68850,1.68850,1.68850
2005-09-30,1.68900,1.68900,1.68900,1.68900
2005-10-03,1.69500,1.69500,1.69500,1.69500
2005-10-04,1.69310,1.69310,1.69310,1.69310
2005-10-05,1.69210,1.69210,1.69210,1.69210
2005-10-06,1.68690,1.68690,1.68690,1.68690
2005-10-07,1.68220,1.68220,1.68220,1.68220
2005-10-10,1.68390,1.68390,1.68390,1.68390
2005-10-11,1.68650,1.68650,1.68650,1.68650
2005-10-12,1.69130,1.69130,1.69130,1.69130
2005-10-13,1.69420,1.69420,1.69420,1.69420
2005-10-14,1.69020,1.69020,1.69020,1.69020
2005-10-17,1.68660,1.68660,1.68660,1.68660
2005-10-18,1.69260,1.69260,1.69260,1.69260
2005-10-19,1.69530,1.69530,1.69530,1.69530
2005-10-20,1.69550,1.69550,1.69550,1.69550
2005-10-21,1.69230,1.69230,1.69230,1.69230
2005-10-24,1.69650,1.69650,1.69650,1.69650
2005-10-25,1.69310,1.69310,1.69310,1.69310
2005-10-26,1.68960,1.68960,1.68960,1.68960
2005-10-27,1.69000,1.69000,1.69000,1.69000
2005-10-28,1.68690,1.68690,1.68690,1.68690
2005-10-31,1.69210,1.69210,1.69210,1.69210
2005-11-01,1.69500,1.69500,1.69500,1.69500
2005-11-02,1.69450,1.69450,1.69450,1.69450
2005-11-03,1.69640,1.69640,1.69640,1.69640
2005-11-04,1.69950,1.69950,1.69950,1.69950
2005-11-07,1.69990,1.69990,1.69990,1.69990
2005-11-08,1.70160,1.70160,1.70160,1.70160
2005-11-09,1.70150,1.70150,1.70150,1.70150
2005-11-10,1.70170,1.70170,1.70170,1.70170
2005-11-11,1.70170,1.70170,1.70170,1.70170
2005-11-14,1.70150,1.70150,1.70150,1.70150
2005-11-15,1.70460,1.70460,1.70460,1.70460
2005-11-16,1.70240,1.70240,1.70240,1.70240
2005-11-17,1.70170,1.70170,1.70170,1.70170
2005-11-18,1.70140,1.70140,1.70140,1.70140
2005-11-21,1.70050,1.70050,1.70050,1.70050
2005-11-22,1.70030,1.70030,1.70030,1.70030
2005-11-23,1.69530,1.69530,1.69530,1.69530
2005-11-24,1.69230,1.69230,1.69230,1.69230
2005-11-25,1.69180,1.69180,1.69180,1.69180
2005-11-28,1.69640,1.69640,1.69640,1.69640
2005-11-29,1.69170,1.69170,1.69170,1.69170
2005-11-30,1.69160,1.69160,1.69160,1.69160
2005-12-01,1.69110,1.69110,1.69110,1.69110
2005-12-02,1.69210,1.69210,1.69210,1.69210
2005-12-05,1.68960,1.68960,1.68960,1.68960
2005-12-06,1.68460,1.68460,1.68460,1.68460
2005-12-07,1.68550,1.68550,1.68550,1.68550
2005-12-08,1.68540,1.68540,1.68540,1.68540
2005-12-09,1.68310,1.68310,1.68310,1.68310
2005-12-12,1.68310,1.68310,1.68310,1.68310
2005-12-13,1.67740,1.67740,1.67740,1.67740
2005-12-14,1.67070,1.67070,1.67070,1.67070
2005-12-15,1.66920,1.66920,1.66920,1.66920
2005-12-16,1.66900,1.66900,1.66900,1.66900
2005-12-19,1.66440,1.66440,1.66440,1.66440
2005-12-20,1.66340,1.66340,1.66340,1.66340
2005-12-21,1.66660,1.66660,1.66660,1.66660
2005-12-22,1.66940,1.66940,1.66940,1.66940
2005-12-23,1.66760,1.66760,1.66760,1.66760
2005-12-26,1.66580,1.66580,1.66580,1.66580
2005-12-27,1.66520,1.66520,1.66520,1.66520
2005-12-28,1.66490,1.66490,1.66490,1.66490
2005-12-29,1.66310,1.66310,1.66310,1.66310
2005-12-30,1.66170,1.66170,1.66170,1.66170
2006-01-02,1.66100,1.66100,1.66100,1.66100
2006-01-03,1.65710,1.65710,1.65710,1.65710
2006-01-04,1.64800,1.64800,1.64800,1.64800
2006-01-05,1.64420,1.64420,1.64420,1.64420
2006-01-06,1.64680,1.64680,1.64680,1.64680
2006-01-09,1.63390,1.63390,1.63390,1.63390
2006-01-10,1.63440,1.63440,1.63440,1.63440
2006-01-11,1.63500,1.63500,1.63500,1.63500
2006-01-12,1.62390,1.62390,1.62390,1.62390
2006-01-13,1.63000,1.63000,1.63000,1.63000
2006-01-16,1.63060,1.63060,1.63060,1.63060
2006-01-17,1.63090,1.63090,1.63090,1.63090
2006-01-18,1.63020,1.63020,1.63020,1.63020
2006-01-19,1.63120,1.63120,1.63120,1.63120
2006-01-20,1.63090,1.63090,1.63090,1.63090
2006-01-23,1.62060,1.62060,1.62060,1.62060
2006-01-24,1.62140,1.62140,1.62140,1.62140
2006-01-25,1.62010,1.62010,1.62010,1.62010
2006-01-26,1.62220,1.62220,1.62220,1.62220
2006-01-27,1.62280,1.62280,1.62280,1.62280
2006-01-30,1.63000,1.63000,1.63000,1.63000
2006-01-31,1.62340,1.62340,1.62340,1.62340
2006-02-01,1.62580,1.62580,1.62580,1.62580
2006-02-02,1.63400,1.63400,1.63400,1.63400
2006-02-03,1.63230,1.63230,1.63230,1.63230
2006-02-06,1.62810,1.62810,1.62810,1.62810
2006-02-07,1.62860,1.62860,1.62860,1.62860
2006-02-08,1.63160,1.63160,1.63160,1.63160
2006-02-09,1.62950,1.62950,1.62950,1.62950
2006-02-10,1.62740,1.62740,1.62740,1.62740
2006-02-13,1.62910,1.62910,1.62910,1.62910
2006-02-14,1.62800,1.62800,1.62800,1.62800
2006-02-15,1.62770,1.62770,1.62770,1.62770
2006-02-16,1.63230,1.63230,1.63230,1.63230
2006-02-17,1.63620,1.63620,1.63620,1.63620
2006-02-20,1.62840,1.62840,1.62840,1.62840
2006-02-21,1.62940,1.62940,1.62940,1.62940
2006-02-22,1.63140,1.63140,1.63140,1.63140
2006-02-23,1.62710,1.62710,1.62710,1.62710
2006-02-24,1.62490,1.62490,1.62490,1.62490
2006-02-27,1.62290,1.62290,1.62290,1.62290
2006-02-28,1.62350,1.62350,1.62350,1.62350
2006-03-01,1.61730,1.61730,1.61730,1.61730
2006-03-02,1.61810,1.61810,1.61810,1.61810
2006-03-03,1.61920,1.61920,1.61920,1.61920
2006-03-06,1.62400,1.62400,1.62400,1.62400
2006-03-07,1.63050,1.63050,1.63050,1.63050
2006-03-08,1.63250,1.63250,1.63250,1.63250
2006-03-09,1.62950,1.62950,1.62950,1.62950
2006-03-10,1.62750,1.62750,1.62750,1.62750
2006-03-13,1.62770,1.62770,1.62770,1.62770
2006-03-14,1.62590,1.62590,1.62590,1.62590
2006-03-15,1.61980,1.61980,1.61980,1.61980
2006-03-16,1.62030,1.62030,1.62030,1.62030
2006-03-17,1.61850,1.61850,1.61850,1.61850
2006-03-20,1.61520,1.61520,1.61520,1.61520
2006-03-21,1.61750,1.61750,1.61750,1.61750
2006-03-22,1.61690,1.61690,1.61690,1.61690
2006-03-23,1.61680,1.61680,1.61680,1.61680
2006-03-24,1.62110,1.62110,1.62110,1.62110
2006-03-27,1.61800,1.61800,1.61800,1.61800
2006-03-28,1.61880,1.61880,1.61880,1.61880
2006-03-29,1.62140,1.62140,1.62140,1.62140
2006-03-30,1.62070,1.62070,1.62070,1.62070
2006-03-31,1.61880,1.61880,1.61880,1.61880
2006-04-03,1.61800,1.61800,1.61800,1.61800
2006-04-04,1.61350,1.61350,1.61350,1.61350
2006-04-05,1.60820,1.60820,1.60820,1.60820
2006-04-06,1.60420,1.60420,1.60420,1.60420
2006-04-07,1.60510,1.60510,1.60510,1.60510
2006-04-10,1.60450,1.60450,1.60450,1.60450
2006-04-11,1.61160,1.61160,1.61160,1.61160
2006-04-12,1.61430,1.61430,1.61430,1.61430
2006-04-13,1.60780,1.60780,1.60780,1.60780
2006-04-14,1.60870,1.60870,1.60870,1.60870
2006-04-17,1.60400,1.60400,1.60400,1.60400
2006-04-18,1.60300,1.60300,1.60300,1.60300
2006-04-19,1.59690,1.59690,1.59690,1.59690
2006-04-20,1.59820,1.59820,1.59820,1.59820
2006-04-21,1.59700,1.59700,1.59700,1.59700
2006-04-24,1.58790,1.58790,1.58790,1.58790
2006-04-25,1.58800,1.58800,1.58800,1.58800
2006-04-26,1.59080,1.59080,1.59080,1.59080
2006-04-27,1.58530,1.58530,1.58530,1.58530
2006-04-28,1.58390,1.58390,1.58390,1.58390
2006-05-01,1.57770,1.57770,1.57770,1.57770
2006-05-02,1.57850,1.57850,1.57850,1.57850
2006-05-03,1.57390,1.57390,1.57390,1.57390
2006-05-04,1.58050,1.58050,1.58050,1.58050
2006-05-05,1.57540,1.57540,1.57540,1.57540
2006-05-08,1.56460,1.56460,1.56460,1.56460
2006-05-09,1.57020,1.57020,1.57020,1.57020
2006-05-10,1.56440,1.56440,1.56440,1.56440
2006-05-11,1.56670,1.56670,1.56670,1.56670
2006-05-12,1.56170,1.56170,1.56170,1.56170
2006-05-15,1.57720,1.57720,1.57720,1.57720
2006-05-16,1.58380,1.58380,1.58380,1.58380
2006-05-17,1.56540,1.56540,1.56540,1.56540
2006-05-18,1.57550,1.57550,1.57550,1.57550
2006-05-19,1.58410,1.58410,1.58410,1.58410
2006-05-22,1.58880,1.58880,1.58880,1.58880
2006-05-23,1.57850,1.57850,1.57850,1.57850
2006-05-24,1.58370,1.58370,1.58370,1.58370
2006-05-25,1.58100,1.58100,1.58100,1.58100
2006-05-26,1.57950,1.57950,1.57950,1.57950
2006-05-29,1.57890,1.57890,1.57890,1.57890
2006-05-30,1.57660,1.57660,1.57660,1.57660
2006-05-31,1.57510,1.57510,1.57510,1.57510
2006-06-01,1.58110,1.58110,1.58110,1.58110
2006-06-02,1.57960,1.57960,1.57960,1.57960
2006-06-05,1.57500,1.57500,1.57500,1.57500
2006-06-06,1.57660,1.57660,1.57660,1.57660
2006-06-07,1.58190,1.58190,1.58190,1.58190
2006-06-08,1.59200,1.59200,1.59200,1.59200
2006-06-09,1.59270,1.59270,1.59270,1.59270
2006-06-12,1.59170,1.59170,1.59170,1.59170
2006-06-13,1.59630,1.59630,1.59630,1.59630
2006-06-14,1.59460,1.59460,1.59460,1.59460
2006-06-15,1.59110,1.59110,1.59110,1.59110
2006-06-16,1.58750,1.58750,1.58750,1.58750
2006-06-19,1.59860,1.59860,1.59860,1.59860
2006-06-20,1.59120,1.59120,1.59120,1.59120
2006-06-21,1.59030,1.59030,1.59030,1.59030
2006-06-22,1.58870,1.58870,1.58870,1.58870
2006-06-23,1.59630,1.59630,1.59630,1.59630
2006-06-26,1.60010,1.60010,1.60010,1.60010
2006-06-27,1.59520,1.59520,1.59520,1.59520
2006-06-28,1.59620,1.59620,1.59620,1.59620
2006-06-29,1.59660,1.59660,1.59660,1.59660
2006-06-30,1.58800,1.58800,1.58800,1.58800
2006-07-03,1.58350,1.58350,1.58350,1.58350
2006-07-04,1.58050,1.58050,1.58050,1.58050
2006-07-05,1.58290,1.58290,1.58290,1.58290
2006-07-06,1.58540,1.58540,1.58540,1.58540
2006-07-07,1.57900,1.57900,1.57900,1.57900
2006-07-10,1.57190,1.57190,1.57190,1.57190
2006-07-11,1.57730,1.57730,1.57730,1.57730
2006-07-12,1.57850,1.57850,1.57850,1.57850
2006-07-13,1.58060,1.58060,1.58060,1.58060
2006-07-14,1.58470,1.58470,1.58470,1.58470
2006-07-17,1.59380,1.59380,1.59380,1.59380
2006-07-18,1.59020,1.59020,1.59020,1.59020
2006-07-19,1.59430,1.59430,1.59430,1.59430
2006-07-20,1.58590,1.58590,1.58590,1.58590
2006-07-21,1.58120,1.58120,1.58120,1.58120
2006-07-24,1.58730,1.58730,1.58730,1.58730
2006-07-25,1.58560,1.58560,1.58560,1.58560
2006-07-26,1.58260,1.58260,1.58260,1.58260
2006-07-27,1.57680,1.57680,1.57680,1.57680
2006-07-28,1.58130,1.58130,1.58130,1.58130
2006-07-31,1.57530,1.57530,1.57530,1.57530
2006-08-01,1.58040,1.58040,1.58040,1.58040
2006-08-02,1.58140,1.58140,1.58140,1.58140
2006-08-03,1.58000,1.58000,1.58000,1.58000
2006-08-04,1.57620,1.57620,1.57620,1.57620
2006-08-07,1.57400,1.57400,1.57400,1.57400
2006-08-08,1.57450,1.57450,1.57450,1.57450
2006-08-09,1.57160,1.57160,1.57160,1.57160
2006-08-10,1.56900,1.56900,1.56900,1.56900
2006-08-11,1.57490,1.57490,1.57490,1.57490
2006-08-14,1.57880,1.57880,1.57880,1.57880
2006-08-15,1.58040,1.58040,1.58040,1.58040
2006-08-16,1.57740,1.57740,1.57740,1.57740
2006-08-17,1.57260,1.57260,1.57260,1.57260
2006-08-18,1.57300,1.57300,1.57300,1.57300
2006-08-21,1.57050,1.57050,1.57050,1.57050
2006-08-22,1.57270,1.57270,1.57270,1.57270
2006-08-23,1.57360,1.57360,1.57360,1.57360
2006-08-24,1.57600,1.57600,1.57600,1.57600
2006-08-25,1.57760,1.57760,1.57760,1.57760
2006-08-28,1.57660,1.57660,1.57660,1.57660
2006-08-29,1.57270,1.57270,1.57270,1.57270
2006-08-30,1.57330,1.57330,1.57330,1.57330
2006-08-31,1.57110,1.57110,1.57110,1.57110
2006-09-01,1.57140,1.57140,1.57140,1.57140
2006-09-04,1.56950,1.56950,1.56950,1.56950
2006-09-05,1.56590,1.56590,1.56590,1.56590
2006-09-06,1.56750,1.56750,1.56750,1.56750
2006-09-07,1.56650,1.56650,1.56650,1.56650
2006-09-08,1.57100,1.57100,1.57100,1.57100
2006-09-11,1.57370,1.57370,1.57370,1.57370
2006-09-12,1.57810,1.57810,1.57810,1.57810
2006-09-13,1.57640,1.57640,1.57640,1.57640
2006-09-14,1.57990,1.57990,1.57990,1.57990
2006-09-15,1.57980,1.57980,1.57980,1.57980
2006-09-18,1.58730,1.58730,1.58730,1.58730
2006-09-19,1.58570,1.58570,1.58570,1.58570
2006-09-20,1.58600,1.58600,1.58600,1.58600
2006-09-21,1.58110,1.58110,1.58110,1.58110
2006-09-22,1.58310,1.58310,1.58310,1.58310
2006-09-25,1.58380,1.58380,1.58380,1.58380
2006-09-26,1.58520,1.58520,1.58520,1.58520
2006-09-27,1.58680,1.58680,1.58680,1.58680
2006-09-28,1.58710,1.58710,1.58710,1.58710
2006-09-29,1.58600,1.58600,1.58600,1.58600
2006-10-02,1.58590,1.58590,1.58590,1.58590
2006-10-03,1.58210,1.58210,1.58210,1.58210
2006-10-04,1.58660,1.58660,1.58660,1.58660
2006-10-05,1.58390,1.58390,1.58390,1.58390
2006-10-06,1.58340,1.58340,1.58340,1.58340
2006-10-09,1.59020,1.59020,1.59020,1.59020
2006-10-10,1.58800,1.58800,1.58800,1.58800
2006-10-11,1.58670,1.58670,1.58670,1.58670
2006-10-12,1.58650,1.58650,1.58650,1.58650
2006-10-13,1.58310,1.58310,1.58310,1.58310
2006-10-16,1.58410,1.58410,1.58410,1.58410
2006-10-17,1.58110,1.58110,1.58110,1.58110
2006-10-18,1.57560,1.57560,1.57560,1.57560
2006-10-19,1.57400,1.57400,1.57400,1.57400
2006-10-20,1.57090,1.57090,1.57090,1.57090
2006-10-23,1.57500,1.57500,1.57500,1.57500
2006-10-24,1.57510,1.57510,1.57510,1.57510
2006-10-25,1.57220,1.57220,1.57220,1.57220
2006-10-26,1.56870,1.56870,1.56870,1.56870
2006-10-27,1.56550,1.56550,1.56550,1.56550
2006-10-30,1.56030,1.56030,1.56030,1.56030
2006-10-31,1.56150,1.56150,1.56150,1.56150
2006-11-01,1.56050,1.56050,1.56050,1.56050
2006-11-02,1.56110,1.56110,1.56110,1.56110
2006-11-03,1.55990,1.55990,1.55990,1.55990
2006-11-06,1.56670,1.56670,1.56670,1.56670
2006-11-07,1.5625,1.5625,1.5625,1.5625
2006-11-08,1.56020,1.56020,1.56020,1.56020
2006-11-09,1.56260,1.56260,1.56260,1.56260
2006-11-10,1.55740,1.55740,1.55740,1.55740
2006-11-13,1.55610,1.55610,1.55610,1.55610
2006-11-14,1.55600,1.55600,1.55600,1.55600
2006-11-15,1.55880,1.55880,1.55880,1.55880
2006-11-16,1.55830,1.55830,1.55830,1.55830
2006-11-17,1.56010,1.56010,1.56010,1.56010
2006-11-20,1.55770,1.55770,1.55770,1.55770
2006-11-21,1.55540,1.55540,1.55540,1.55540
2006-11-22,1.55690,1.55690,1.55690,1.55690
2006-11-23,1.55240,1.55240,1.55240,1.55240
2006-11-24,1.55290,1.55290,1.55290,1.55290
2006-11-27,1.55210,1.55210,1.55210,1.55210
2006-11-28,1.55170,1.55170,1.55170,1.55170
2006-11-29,1.54490,1.54490,1.54490,1.54490
2006-11-30,1.54180,1.54180,1.54180,1.54180
2006-12-01,1.54600,1.54600,1.54600,1.54600
2006-12-04,1.54480,1.54480,1.54480,1.54480
2006-12-05,1.53810,1.53810,1.53810,1.53810
2006-12-06,1.53750,1.53750,1.53750,1.53750
2006-12-07,1.53810,1.53810,1.53810,1.53810
2006-12-08,1.54020,1.54020,1.54020,1.54020
2006-12-11,1.54380,1.54380,1.54380,1.54380
2006-12-12,1.54000,1.54000,1.54000,1.54000
2006-12-13,1.53910,1.53910,1.53910,1.53910
2006-12-14,1.53720,1.53720,1.53720,1.53720
2006-12-15,1.54050,1.54050,1.54050,1.54050
2006-12-18,1.54050,1.54050,1.54050,1.54050
2006-12-19,1.54600,1.54600,1.54600,1.54600
2006-12-20,1.53960,1.53960,1.53960,1.53960
2006-12-21,1.54020,1.54020,1.54020,1.54020
2006-12-22,1.53990,1.53990,1.53990,1.53990
2006-12-25,1.54130,1.54130,1.54130,1.54130
2006-12-26,1.53980,1.53980,1.53980,1.53980
2006-12-27,1.53680,1.53680,1.53680,1.53680
2006-12-28,1.53560,1.53560,1.53560,1.53560
2006-12-29,1.53240,1.53240,1.53240,1.53240
2007-01-01,1.53290,1.53290,1.53290,1.53290
2007-01-02,1.53030,1.53030,1.53030,1.53030
2007-01-03,1.53050,1.53050,1.53050,1.53050
2007-01-04,1.53440,1.53440,1.53440,1.53440
2007-01-05,1.53480,1.53480,1.53480,1.53480
2007-01-08,1.53730,1.53730,1.53730,1.53730
2007-01-09,1.53560,1.53560,1.53560,1.53560
2007-01-10,1.53660,1.53660,1.53660,1.53660
2007-01-11,1.54100,1.54100,1.54100,1.54100
2007-01-12,1.54310,1.54310,1.54310,1.54310
2007-01-15,1.54150,1.54150,1.54150,1.54150
2007-01-16,1.53830,1.53830,1.53830,1.53830
2007-01-17,1.53830,1.53830,1.53830,1.53830
2007-01-18,1.53670,1.53670,1.53670,1.53670
2007-01-19,1.53440,1.53440,1.53440,1.53440
2007-01-22,1.53750,1.53750,1.53750,1.53750
2007-01-23,1.53700,1.53700,1.53700,1.53700
2007-01-24,1.53460,1.53460,1.53460,1.53460
2007-01-25,1.53460,1.53460,1.53460,1.53460
2007-01-26,1.53750,1.53750,1.53750,1.53750
2007-01-29,1.54000,1.54000,1.54000,1.54000
2007-01-30,1.53790,1.53790,1.53790,1.53790
2007-01-31,1.53580,1.53580,1.53580,1.53580
2007-02-01,1.53350,1.53350,1.53350,1.53350
2007-02-02,1.53550,1.53550,1.53550,1.53550
2007-02-05,1.53390,1.53390,1.53390,1.53390
2007-02-06,1.53410,1.53410,1.53410,1.53410
2007-02-07,1.53150,1.53150,1.53150,1.53150
2007-02-08,1.53390,1.53390,1.53390,1.53390
2007-02-09,1.53210,1.53210,1.53210,1.53210
2007-02-12,1.53370,1.53370,1.53370,1.53370
2007-02-13,1.54210,1.54210,1.54210,1.54210
2007-02-14,1.53620,1.53620,1.53620,1.53620
2007-02-15,1.53380,1.53380,1.53380,1.53380
2007-02-16,1.53410,1.53410,1.53410,1.53410
2007-02-19,1.53090,1.53090,1.53090,1.53090
2007-02-20,1.53300,1.53300,1.53300,1.53300
2007-02-21,1.53320,1.53320,1.53320,1.53320
2007-02-22,1.53400,1.53400,1.53400,1.53400
2007-02-23,1.53260,1.53260,1.53260,1.53260
2007-02-26,1.52820,1.52820,1.52820,1.52820
2007-02-27,1.52580,1.52580,1.52580,1.52580
2007-02-28,1.52830,1.52830,1.52830,1.52830
2007-03-01,1.52700,1.52700,1.52700,1.52700
2007-03-02,1.52610,1.52610,1.52610,1.52610
2007-03-05,1.52890,1.52890,1.52890,1.52890
2007-03-06,1.52870,1.52870,1.52870,1.52870
2007-03-07,1.52800,1.52800,1.52800,1.52800
2007-03-08,1.52640,1.52640,1.52640,1.52640
2007-03-09,1.52610,1.52610,1.52610,1.52610
2007-03-12,1.52670,1.52670,1.52670,1.52670
2007-03-13,1.52940,1.52940,1.52940,1.52940
2007-03-14,1.53350,1.53350,1.53350,1.53350
2007-03-15,1.53260,1.53260,1.53260,1.53260
2007-03-16,1.52790,1.52790,1.52790,1.52790
2007-03-19,1.52470,1.52470,1.52470,1.52470
2007-03-20,1.52580,1.52580,1.52580,1.52580
2007-03-21,1.52390,1.52390,1.52390,1.52390
2007-03-22,1.51730,1.51730,1.51730,1.51730
2007-03-23,1.51620,1.51620,1.51620,1.51620
2007-03-26,1.51820,1.51820,1.51820,1.51820
2007-03-27,1.51630,1.51630,1.51630,1.51630
2007-03-28,1.51840,1.51840,1.51840,1.51840
2007-03-29,1.51580,1.51580,1.51580,1.51580
2007-03-30,1.51630,1.51630,1.51630,1.51630
2007-04-02,1.51690,1.51690,1.51690,1.51690
2007-04-03,1.51670,1.51670,1.51670,1.51670
2007-04-04,1.51500,1.51500,1.51500,1.51500
2007-04-05,1.51410,1.51410,1.51410,1.51410
2007-04-06,1.51320,1.51320,1.51320,1.51320
2007-04-09,1.51120,1.51120,1.51120,1.51120
2007-04-10,1.51500,1.51500,1.51500,1.51500
2007-04-11,1.51740,1.51740,1.51740,1.51740
2007-04-12,1.51900,1.51900,1.51900,1.51900
2007-04-13,1.51600,1.51600,1.51600,1.51600
2007-04-16,1.51300,1.51300,1.51300,1.51300
2007-04-17,1.51260,1.51260,1.51260,1.51260
2007-04-18,1.51080,1.51080,1.51080,1.51080
2007-04-19,1.51120,1.51120,1.51120,1.51120
2007-04-20,1.51040,1.51040,1.51040,1.51040
2007-04-23,1.51260,1.51260,1.51260,1.51260
2007-04-24,1.51480,1.51480,1.51480,1.51480
2007-04-25,1.51130,1.51130,1.51130,1.51130
2007-04-26,1.51340,1.51340,1.51340,1.51340
2007-04-27,1.51750,1.51750,1.51750,1.51750
2007-04-30,1.51990,1.51990,1.51990,1.51990
2007-05-01,1.52010,1.52010,1.52010,1.52010
2007-05-02,1.52680,1.52680,1.52680,1.52680
2007-05-03,1.52290,1.52290,1.52290,1.52290
2007-05-04,1.51880,1.51880,1.51880,1.51880
2007-05-07,1.51310,1.51310,1.51310,1.51310
2007-05-08,1.51450,1.51450,1.51450,1.51450
2007-05-09,1.51620,1.51620,1.51620,1.51620
2007-05-10,1.51440,1.51440,1.51440,1.51440
2007-05-11,1.51940,1.51940,1.51940,1.51940
2007-05-14,1.51490,1.51490,1.51490,1.51490
2007-05-15,1.51770,1.51770,1.51770,1.51770
2007-05-16,1.51920,1.51920,1.51920,1.51920
2007-05-17,1.52380,1.52380,1.52380,1.52380
2007-05-18,1.52600,1.52600,1.52600,1.52600
2007-05-21,1.52370,1.52370,1.52370,1.52370
2007-05-22,1.53280,1.53280,1.53280,1.53280
2007-05-23,1.53030,1.53030,1.53030,1.53030
2007-05-24,1.52690,1.52690,1.52690,1.52690
2007-05-25,1.52780,1.52780,1.52780,1.52780
2007-05-28,1.52620,1.52620,1.52620,1.52620
2007-05-29,1.52670,1.52670,1.52670,1.52670
2007-05-30,1.53080,1.53080,1.53080,1.53080
2007-05-31,1.53050,1.53050,1.53050,1.53050
2007-06-01,1.52970,1.52970,1.52970,1.52970
2007-06-04,1.53000,1.53000,1.53000,1.53000
2007-06-05,1.52970,1.52970,1.52970,1.52970
2007-06-06,1.53090,1.53090,1.53090,1.53090
2007-06-07,1.53290,1.53290,1.53290,1.53290
2007-06-08,1.53880,1.53880,1.53880,1.53880
2007-06-11,1.54350,1.54350,1.54350,1.54350
2007-06-12,1.53680,1.53680,1.53680,1.53680
2007-06-13,1.54230,1.54230,1.54230,1.54230
2007-06-14,1.54220,1.54220,1.54220,1.54220
2007-06-15,1.54190,1.54190,1.54190,1.54190
2007-06-18,1.53700,1.53700,1.53700,1.53700
2007-06-19,1.53780,1.53780,1.53780,1.53780
2007-06-20,1.53490,1.53490,1.53490,1.53490
2007-06-21,1.53750,1.53750,1.53750,1.53750
2007-06-22,1.53730,1.53730,1.53730,1.53730
2007-06-25,1.53750,1.53750,1.53750,1.53750
2007-06-26,1.53800,1.53800,1.53800,1.53800
2007-06-27,1.53830,1.53830,1.53830,1.53830
2007-06-28,1.53590,1.53590,1.53590,1.53590
2007-06-29,1.53110,1.53110,1.53110,1.53110
2007-07-02,1.52590,1.52590,1.52590,1.52590
2007-07-03,1.52190,1.52190,1.52190,1.52190
2007-07-04,1.52120,1.52120,1.52120,1.52120
2007-07-05,1.51920,1.51920,1.51920,1.51920
2007-07-06,1.52090,1.52090,1.52090,1.52090
2007-07-09,1.51860,1.51860,1.51860,1.51860
2007-07-10,1.51740,1.51740,1.51740,1.51740
2007-07-11,1.51490,1.51490,1.51490,1.51490
2007-07-12,1.51510,1.51510,1.51510,1.51510
2007-07-13,1.51440,1.51440,1.51440,1.51440
2007-07-16,1.51650,1.51650,1.51650,1.51650
2007-07-17,1.51650,1.51650,1.51650,1.51650
2007-07-18,1.51780,1.51780,1.51780,1.51780
2007-07-19,1.51220,1.51220,1.51220,1.51220
2007-07-20,1.50970,1.50970,1.50970,1.50970
2007-07-23,1.50750,1.50750,1.50750,1.50750
2007-07-24,1.50430,1.50430,1.50430,1.50430
2007-07-25,1.50890,1.50890,1.50890,1.50890
2007-07-26,1.51290,1.51290,1.51290,1.51290
2007-07-27,1.51210,1.51210,1.51210,1.51210
2007-07-30,1.51360,1.51360,1.51360,1.51360
2007-07-31,1.51050,1.51050,1.51050,1.51050
2007-08-01,1.52380,1.52380,1.52380,1.52380
2007-08-02,1.52040,1.52040,1.52040,1.52040
2007-08-03,1.51740,1.51740,1.51740,1.51740
2007-08-06,1.51450,1.51450,1.51450,1.51450
2007-08-07,1.51500,1.51500,1.51500,1.51500
2007-08-08,1.51320,1.51320,1.51320,1.51320
2007-08-09,1.51300,1.51300,1.51300,1.51300
2007-08-10,1.52130,1.52130,1.52130,1.52130
2007-08-13,1.51800,1.51800,1.51800,1.51800
2007-08-14,1.52170,1.52170,1.52170,1.52170
2007-08-15,1.52980,1.52980,1.52980,1.52980
2007-08-16,1.53850,1.53850,1.53850,1.53850
2007-08-17,1.53570,1.53570,1.53570,1.53570
2007-08-20,1.52390,1.52390,1.52390,1.52390
2007-08-21,1.52780,1.52780,1.52780,1.52780
2007-08-22,1.52600,1.52600,1.52600,1.52600
2007-08-23,1.52240,1.52240,1.52240,1.52240
2007-08-24,1.52310,1.52310,1.52310,1.52310
2007-08-27,1.51880,1.51880,1.51880,1.51880
2007-08-28,1.52090,1.52090,1.52090,1.52090
2007-08-29,1.52560,1.52560,1.52560,1.52560
2007-08-30,1.52450,1.52450,1.52450,1.52450
2007-08-31,1.52140,1.52140,1.52140,1.52140
2007-09-03,1.52240,1.52240,1.52240,1.52240
2007-09-04,1.52650,1.52650,1.52650,1.52650
2007-09-05,1.52630,1.52630,1.52630,1.52630
2007-09-06,1.52520,1.52520,1.52520,1.52520
2007-09-07,1.52400,1.52400,1.52400,1.52400
2007-09-10,1.52300,1.52300,1.52300,1.52300
2007-09-11,1.52260,1.52260,1.52260,1.52260
2007-09-12,1.51600,1.51600,1.51600,1.51600
2007-09-13,1.51010,1.51010,1.51010,1.51010
2007-09-14,1.51120,1.51120,1.51120,1.51120
2007-09-17,1.51570,1.51570,1.51570,1.51570
2007-09-18,1.51600,1.51600,1.51600,1.51600
2007-09-19,1.50670,1.50670,1.50670,1.50670
2007-09-20,1.50260,1.50260,1.50260,1.50260
2007-09-21,1.50510,1.50510,1.50510,1.50510
2007-09-24,1.50010,1.50010,1.50010,1.50010
2007-09-25,1.49940,1.49940,1.49940,1.49940
2007-09-26,1.49640,1.49640,1.49640,1.49640
2007-09-27,1.49120,1.49120,1.49120,1.49120
2007-09-28,1.48740,1.48740,1.48740,1.48740
2007-10-01,1.47840,1.47840,1.47840,1.47840
2007-10-02,1.48050,1.48050,1.48050,1.48050
2007-10-03,1.47960,1.47960,1.47960,1.47960
2007-10-04,1.48010,1.48010,1.48010,1.48010
2007-10-05,1.47520,1.47520,1.47520,1.47520
2007-10-08,1.47170,1.47170,1.47170,1.47170
2007-10-09,1.47240,1.47240,1.47240,1.47240
2007-10-10,1.46470,1.46470,1.46470,1.46470
2007-10-11,1.46200,1.46200,1.46200,1.46200
2007-10-12,1.46470,1.46470,1.46470,1.46470
2007-10-15,1.46260,1.46260,1.46260,1.46260
2007-10-16,1.46590,1.46590,1.46590,1.46590
2007-10-17,1.46600,1.46600,1.46600,1.46600
2007-10-18,1.46160,1.46160,1.46160,1.46160
2007-10-19,1.46310,1.46310,1.46310,1.46310
2007-10-22,1.46220,1.46220,1.46220,1.46220
2007-10-23,1.46510,1.46510,1.46510,1.46510
2007-10-24,1.46230,1.46230,1.46230,1.46230
2007-10-25,1.45620,1.45620,1.45620,1.45620
2007-10-26,1.45470,1.45470,1.45470,1.45470
2007-10-29,1.45150,1.45150,1.45150,1.45150
2007-10-30,1.45020,1.45020,1.45020,1.45020
2007-10-31,1.44840,1.44840,1.44840,1.44840
2007-11-01,1.44870,1.44870,1.44870,1.44870
2007-11-02,1.44890,1.44890,1.44890,1.44890
2007-11-05,1.45050,1.45050,1.45050,1.45050
2007-11-06,1.44760,1.44760,1.44760,1.44760
2007-11-07,1.44200,1.44200,1.44200,1.44200
2007-11-08,1.44090,1.44090,1.44090,1.44090
2007-11-09,1.44130,1.44130,1.44130,1.44130
2007-11-12,1.44640,1.44640,1.44640,1.44640
2007-11-13,1.45050,1.45050,1.45050,1.45050
2007-11-14,1.44640,1.44640,1.44640,1.44640
2007-11-15,1.44680,1.44680,1.44680,1.44680
2007-11-16,1.45170,1.45170,1.45170,1.45170
2007-11-19,1.44540,1.44540,1.44540,1.44540
2007-11-20,1.44880,1.44880,1.44880,1.44880
2007-11-21,1.44850,1.44850,1.44850,1.44850
2007-11-22,1.44950,1.44950,1.44950,1.44950
2007-11-23,1.44170,1.44170,1.44170,1.44170
2007-11-26,1.44000,1.44000,1.44000,1.44000
2007-11-27,1.44240,1.44240,1.44240,1.44240
2007-11-28,1.44500,1.44500,1.44500,1.44500
2007-11-29,1.44620,1.44620,1.44620,1.44620
2007-11-30,1.44590,1.44590,1.44590,1.44590
2007-12-03,1.44920,1.44920,1.44920,1.44920
2007-12-04,1.44700,1.44700,1.44700,1.44700
2007-12-05,1.44670,1.44670,1.44670,1.44670
2007-12-06,1.44750,1.44750,1.44750,1.44750
2007-12-07,1.44350,1.44350,1.44350,1.44350
2007-12-10,1.44080,1.44080,1.44080,1.44080
2007-12-11,1.44140,1.44140,1.44140,1.44140
2007-12-12,1.44180,1.44180,1.44180,1.44180
2007-12-13,1.44080,1.44080,1.44080,1.44080
2007-12-14,1.44290,1.44290,1.44290,1.44290
2007-12-17,1.45600,1.45600,1.45600,1.45600
2007-12-18,1.45810,1.45810,1.45810,1.45810
2007-12-19,1.46080,1.46080,1.46080,1.46080
2007-12-20,1.46180,1.46180,1.46180,1.46180
2007-12-21,1.45660,1.45660,1.45660,1.45660
2007-12-24,1.45280,1.45280,1.45280,1.45280
2007-12-25,1.45400,1.45400,1.45400,1.45400
2007-12-26,1.45100,1.45100,1.45100,1.45100
2007-12-27,1.45080,1.45080,1.45080,1.45080
2007-12-28,1.44600,1.44600,1.44600,1.44600
2007-12-31,1.43740,1.43740,1.43740,1.43740
2008-01-01,1.44040,1.44040,1.44040,1.44040
2008-01-02,1.43960,1.43960,1.43960,1.43960
2008-01-03,1.43410,1.43410,1.43410,1.43410
2008-01-04,1.43330,1.43330,1.43330,1.43330
2008-01-07,1.43450,1.43450,1.43450,1.43450
2008-01-08,1.43130,1.43130,1.43130,1.43130
2008-01-09,1.43060,1.43060,1.43060,1.43060
2008-01-10,1.43200,1.43200,1.43200,1.43200
2008-01-11,1.43110,1.43110,1.43110,1.43110
2008-01-14,1.42940,1.42940,1.42940,1.42940
2008-01-15,1.42870,1.42870,1.42870,1.42870
2008-01-16,1.42800,1.42800,1.42800,1.42800
2008-01-17,1.43180,1.43180,1.43180,1.43180
2008-01-18,1.43390,1.43390,1.43390,1.43390
2008-01-21,1.44320,1.44320,1.44320,1.44320
2008-01-22,1.44880,1.44880,1.44880,1.44880
2008-01-23,1.43470,1.43470,1.43470,1.43470
2008-01-24,1.43250,1.43250,1.43250,1.43250
2008-01-25,1.42140,1.42140,1.42140,1.42140
2008-01-28,1.42160,1.42160,1.42160,1.42160
2008-01-29,1.41790,1.41790,1.41790,1.41790
2008-01-30,1.41960,1.41960,1.41960,1.41960
2008-01-31,1.41650,1.41650,1.41650,1.41650
2008-02-01,1.41470,1.41470,1.41470,1.41470
2008-02-04,1.41400,1.41400,1.41400,1.41400
2008-02-05,1.41410,1.41410,1.41410,1.41410
2008-02-06,1.41760,1.41760,1.41760,1.41760
2008-02-07,1.41550,1.41550,1.41550,1.41550
2008-02-08,1.41840,1.41840,1.41840,1.41840
2008-02-11,1.41800,1.41800,1.41800,1.41800
2008-02-12,1.41780,1.41780,1.41780,1.41780
2008-02-13,1.41690,1.41690,1.41690,1.41690
2008-02-14,1.41600,1.41600,1.41600,1.41600
2008-02-15,1.41390,1.41390,1.41390,1.41390
2008-02-18,1.41150,1.41150,1.41150,1.41150
2008-02-19,1.41140,1.41140,1.41140,1.41140
2008-02-20,1.41400,1.41400,1.41400,1.41400
2008-02-21,1.41000,1.41000,1.41000,1.41000
2008-02-22,1.40590,1.40590,1.40590,1.40590
2008-02-25,1.40500,1.40500,1.40500,1.40500
2008-02-26,1.40410,1.40410,1.40410,1.40410
2008-02-27,1.39630,1.39630,1.39630,1.39630
2008-02-28,1.39720,1.39720,1.39720,1.39720
2008-02-29,1.39270,1.39270,1.39270,1.39270
2008-03-03,1.39420,1.39420,1.39420,1.39420
2008-03-04,1.39060,1.39060,1.39060,1.39060
2008-03-05,1.39000,1.39000,1.39000,1.39000
2008-03-06,1.38510,1.38510,1.38510,1.38510
2008-03-07,1.38620,1.38620,1.38620,1.38620
2008-03-10,1.38720,1.38720,1.38720,1.38720
2008-03-11,1.38840,1.38840,1.38840,1.38840
2008-03-12,1.38700,1.38700,1.38700,1.38700
2008-03-13,1.38090,1.38090,1.38090,1.38090
2008-03-14,1.38240,1.38240,1.38240,1.38240
2008-03-17,1.38520,1.38520,1.38520,1.38520
2008-03-18,1.37830,1.37830,1.37830,1.37830
2008-03-19,1.38140,1.38140,1.38140,1.38140
2008-03-20,1.38710,1.38710,1.38710,1.38710
2008-03-21,1.38600,1.38600,1.38600,1.38600
2008-03-24,1.39250,1.39250,1.39250,1.39250
2008-03-25,1.38160,1.38160,1.38160,1.38160
2008-03-26,1.38290,1.38290,1.38290,1.38290
2008-03-27,1.38020,1.38020,1.38020,1.38020
2008-03-28,1.37970,1.37970,1.37970,1.37970
2008-03-31,1.37960,1.37960,1.37960,1.37960
2008-04-01,1.37930,1.37930,1.37930,1.37930
2008-04-02,1.38150,1.38150,1.38150,1.38150
2008-04-03,1.38300,1.38300,1.38300,1.38300
2008-04-04,1.38350,1.38350,1.38350,1.38350
2008-04-07,1.38230,1.38230,1.38230,1.38230
2008-04-08,1.38020,1.38020,1.38020,1.38020
2008-04-09,1.38010,1.38010,1.38010,1.38010
2008-04-10,1.35690,1.35690,1.35690,1.35690
2008-04-11,1.35770,1.35770,1.35770,1.35770
2008-04-14,1.35950,1.35950,1.35950,1.35950
2008-04-15,1.35580,1.35580,1.35580,1.35580
2008-04-16,1.35400,1.35400,1.35400,1.35400
2008-04-17,1.34980,1.34980,1.34980,1.34980
2008-04-18,1.35000,1.35000,1.35000,1.35000
2008-04-21,1.35190,1.35190,1.35190,1.35190
2008-04-22,1.35060,1.35060,1.35060,1.35060
2008-04-23,1.34790,1.34790,1.34790,1.34790
2008-04-24,1.35380,1.35380,1.35380,1.35380
2008-04-25,1.36410,1.36410,1.36410,1.36410
2008-04-28,1.36190,1.36190,1.36190,1.36190
2008-04-29,1.35950,1.35950,1.35950,1.35950
2008-04-30,1.36110,1.36110,1.36110,1.36110
2008-05-01,1.35960,1.35960,1.35960,1.35960
2008-05-02,1.36230,1.36230,1.36230,1.36230
2008-05-05,1.35960,1.35960,1.35960,1.35960
2008-05-06,1.35860,1.35860,1.35860,1.35860
2008-05-07,1.36200,1.36200,1.36200,1.36200
2008-05-08,1.37700,1.37700,1.37700,1.37700
2008-05-09,1.36690,1.36690,1.36690,1.36690
2008-05-12,1.36960,1.36960,1.36960,1.36960
2008-05-13,1.36820,1.36820,1.36820,1.36820
2008-05-14,1.38400,1.38400,1.38400,1.38400
2008-05-16,1.37120,1.37120,1.37120,1.37120
2008-05-19,1.36670,1.36670,1.36670,1.36670
2008-05-20,1.36790,1.36790,1.36790,1.36790
2008-05-21,1.36080,1.36080,1.36080,1.36080
2008-05-22,1.35860,1.35860,1.35860,1.35860
2008-05-23,1.35870,1.35870,1.35870,1.35870
2008-05-26,1.36020,1.36020,1.36020,1.36020
2008-05-27,1.36060,1.36060,1.36060,1.36060
2008-05-28,1.36270,1.36270,1.36270,1.36270
2008-05-29,1.36700,1.36700,1.36700,1.36700
2008-05-30,1.36670,1.36670,1.36670,1.36670
2008-06-02,1.36220,1.36220,1.36220,1.36220
2008-06-03,1.35980,1.35980,1.35980,1.35980
2008-06-04,1.36430,1.36430,1.36430,1.36430
2008-06-05,1.36770,1.36770,1.36770,1.36770
2008-06-06,1.36610,1.36610,1.36610,1.36610
2008-06-09,1.36160,1.36160,1.36160,1.36160
2008-06-10,1.36970,1.36970,1.36970,1.36970
2008-06-11,1.37170,1.37170,1.37170,1.37170
2008-06-12,1.37860,1.37860,1.37860,1.37860
2008-06-13,1.37820,1.37820,1.37820,1.37820
2008-06-16,1.37460,1.37460,1.37460,1.37460
2008-06-17,1.36720,1.36720,1.36720,1.36720
2008-06-18,1.36960,1.36960,1.36960,1.36960
2008-06-19,1.36950,1.36950,1.36950,1.36950
2008-06-20,1.36530,1.36530,1.36530,1.36530
2008-06-23,1.36630,1.36630,1.36630,1.36630
2008-06-24,1.36630,1.36630,1.36630,1.36630
2008-06-25,1.36600,1.36600,1.36600,1.36600
2008-06-26,1.36610,1.36610,1.36610,1.36610
2008-06-27,1.36240,1.36240,1.36240,1.36240
2008-06-30,1.35730,1.35730,1.35730,1.35730
2008-07-01,1.36080,1.36080,1.36080,1.36080
2008-07-02,1.36110,1.36110,1.36110,1.36110
2008-07-03,1.35750,1.35750,1.35750,1.35750
2008-07-04,1.36110,1.36110,1.36110,1.36110
2008-07-07,1.36350,1.36350,1.36350,1.36350
2008-07-08,1.36190,1.36190,1.36190,1.36190
2008-07-09,1.36250,1.36250,1.36250,1.36250
2008-07-10,1.35970,1.35970,1.35970,1.35970
2008-07-11,1.35950,1.35950,1.35950,1.35950
2008-07-14,1.35540,1.35540,1.35540,1.35540
2008-07-15,1.34660,1.34660,1.34660,1.34660
2008-07-16,1.34600,1.34600,1.34600,1.34600
2008-07-17,1.35010,1.35010,1.35010,1.35010
2008-07-18,1.35210,1.35210,1.35210,1.35210
2008-07-21,1.35010,1.35010,1.35010,1.35010
2008-07-22,1.35070,1.35070,1.35070,1.35070
2008-07-23,1.36010,1.36010,1.36010,1.36010
2008-07-24,1.36040,1.36040,1.36040,1.36040
2008-07-25,1.35840,1.35840,1.35840,1.35840
2008-07-28,1.36190,1.36190,1.36190,1.36190
2008-07-29,1.36330,1.36330,1.36330,1.36330
2008-07-30,1.36710,1.36710,1.36710,1.36710
2008-07-31,1.36620,1.36620,1.36620,1.36620
2008-08-01,1.36970,1.36970,1.36970,1.36970
2008-08-04,1.37210,1.37210,1.37210,1.37210
2008-08-05,1.37630,1.37630,1.37630,1.37630
2008-08-06,1.37870,1.37870,1.37870,1.37870
2008-08-07,1.38290,1.38290,1.38290,1.38290
2008-08-08,1.39970,1.39970,1.39970,1.39970
2008-08-11,1.40350,1.40350,1.40350,1.40350
2008-08-12,1.41240,1.41240,1.41240,1.41240
2008-08-13,1.40390,1.40390,1.40390,1.40390
2008-08-14,1.40830,1.40830,1.40830,1.40830
2008-08-15,1.41680,1.41680,1.41680,1.41680
2008-08-18,1.41290,1.41290,1.41290,1.41290
2008-08-19,1.41750,1.41750,1.41750,1.41750
2008-08-20,1.41340,1.41340,1.41340,1.41340
2008-08-21,1.41170,1.41170,1.41170,1.41170
2008-08-22,1.40820,1.40820,1.40820,1.40820
2008-08-25,1.41860,1.41860,1.41860,1.41860
2008-08-26,1.42540,1.42540,1.42540,1.42540
2008-08-27,1.41880,1.41880,1.41880,1.41880
2008-08-28,1.41500,1.41500,1.41500,1.41500
2008-08-29,1.41390,1.41390,1.41390,1.41390
2008-09-01,1.42450,1.42450,1.42450,1.42450
2008-09-02,1.43160,1.43160,1.43160,1.43160
2008-09-03,1.43840,1.43840,1.43840,1.43840
2008-09-04,1.42840,1.42840,1.42840,1.42840
2008-09-05,1.43490,1.43490,1.43490,1.43490
2008-09-08,1.42870,1.42870,1.42870,1.42870
2008-09-09,1.43050,1.43050,1.43050,1.43050
2008-09-10,1.43480,1.43480,1.43480,1.43480
2008-09-11,1.44460,1.44460,1.44460,1.44460
2008-09-12,1.43290,1.43290,1.43290,1.43290
2008-09-15,1.43220,1.43220,1.43220,1.43220
2008-09-16,1.43070,1.43070,1.43070,1.43070
2008-09-17,1.43650,1.43650,1.43650,1.43650
2008-09-18,1.43270,1.43270,1.43270,1.43270
2008-09-19,1.43580,1.43580,1.43580,1.43580
2008-09-22,1.41850,1.41850,1.41850,1.41850
2008-09-23,1.41520,1.41520,1.41520,1.41520
2008-09-24,1.42060,1.42060,1.42060,1.42060
2008-09-25,1.42170,1.42170,1.42170,1.42170
2008-09-26,1.42710,1.42710,1.42710,1.42710
2008-09-29,1.43320,1.43320,1.43320,1.43320
2008-09-30,1.42660,1.42660,1.42660,1.42660
2008-10-01,1.43170,1.43170,1.43170,1.43170
2008-10-02,1.44130,1.44130,1.44130,1.44130
2008-10-03,1.44850,1.44850,1.44850,1.44850
2008-10-06,1.46160,1.46160,1.46160,1.46160
2008-10-07,1.46590,1.46590,1.46590,1.46590
2008-10-08,1.47030,1.47030,1.47030,1.47030
2008-10-09,1.46710,1.46710,1.46710,1.46710
2008-10-10,1.47850,1.47850,1.47850,1.47850
2008-10-13,1.46850,1.46850,1.46850,1.46850
2008-10-14,1.46190,1.46190,1.46190,1.46190
2008-10-15,1.46980,1.46980,1.46980,1.46980
2008-10-16,1.47900,1.47900,1.47900,1.47900
2008-10-17,1.48130,1.48130,1.48130,1.48130
2008-10-20,1.47600,1.47600,1.47600,1.47600
2008-10-21,1.48140,1.48140,1.48140,1.48140
2008-10-22,1.49890,1.49890,1.49890,1.49890
2008-10-23,1.50190,1.50190,1.50190,1.50190
2008-10-24,1.50850,1.50850,1.50850,1.50850
2008-10-27,1.51290,1.51290,1.51290,1.51290
2008-10-28,1.50690,1.50690,1.50690,1.50690
2008-10-29,1.50110,1.50110,1.50110,1.50110
2008-10-30,1.46760,1.46760,1.46760,1.46760
2008-10-31,1.48330,1.48330,1.48330,1.48330
2008-11-03,1.46940,1.46940,1.46940,1.46940
2008-11-04,1.47670,1.47670,1.47670,1.47670
2008-11-05,1.47830,1.47830,1.47830,1.47830
2008-11-06,1.48110,1.48110,1.48110,1.48110
2008-11-07,1.49330,1.49330,1.49330,1.49330
2008-11-10,1.49060,1.49060,1.49060,1.49060
2008-11-11,1.50100,1.50100,1.50100,1.50100
2008-11-12,1.50420,1.50420,1.50420,1.50420
2008-11-13,1.51450,1.51450,1.51450,1.51450
2008-11-14,1.51550,1.51550,1.51550,1.51550
2008-11-17,1.52200,1.52200,1.52200,1.52200
2008-11-18,1.52710,1.52710,1.52710,1.52710
2008-11-19,1.52860,1.52860,1.52860,1.52860
2008-11-20,1.52850,1.52850,1.52850,1.52850
2008-11-21,1.53190,1.53190,1.53190,1.53190
2008-11-24,1.53220,1.53220,1.53220,1.53220
2008-11-25,1.51660,1.51660,1.51660,1.51660
2008-11-26,1.51050,1.51050,1.51050,1.51050
2008-11-27,1.50940,1.50940,1.50940,1.50940
2008-11-28,1.50740,1.50740,1.50740,1.50740
2008-12-01,1.52520,1.52520,1.52520,1.52520
2008-12-02,1.53090,1.53090,1.53090,1.53090
2008-12-03,1.52930,1.52930,1.52930,1.52930
2008-12-04,1.52930,1.52930,1.52930,1.52930
2008-12-05,1.51860,1.51860,1.51860,1.51860
2008-12-08,1.51230,1.51230,1.51230,1.51230
2008-12-09,1.50720,1.50720,1.50720,1.50720
2008-12-10,1.50240,1.50240,1.50240,1.50240
2008-12-11,1.49290,1.49290,1.49290,1.49290
2008-12-12,1.49330,1.49330,1.49330,1.49330
2008-12-15,1.47990,1.47990,1.47990,1.47990
2008-12-16,1.47560,1.47560,1.47560,1.47560
2008-12-17,1.46000,1.46000,1.46000,1.46000
2008-12-18,1.43610,1.43610,1.43610,1.43610
2008-12-19,1.44600,1.44600,1.44600,1.44600
2008-12-22,1.44970,1.44970,1.44970,1.44970
2008-12-23,1.44910,1.44910,1.44910,1.44910
2008-12-24,1.44480,1.44480,1.44480,1.44480
2008-12-25,1.44510,1.44510,1.44510,1.44510
2008-12-26,1.44550,1.44550,1.44550,1.44550
2008-12-29,1.43820,1.43820,1.43820,1.43820
2008-12-30,1.44420,1.44420,1.44420,1.44420
2008-12-31,1.43650,1.43650,1.43650,1.43650
2009-01-01,1.43260,1.43260,1.43260,1.43260
2009-01-02,1.45180,1.45180,1.45180,1.45180
2009-01-05,1.47040,1.47040,1.47040,1.47040
2009-01-06,1.47760,1.47760,1.47760,1.47760
2009-01-07,1.47290,1.47290,1.47290,1.47290
2009-01-08,1.48240,1.48240,1.48240,1.48240
2009-01-09,1.47980,1.47980,1.47980,1.47980
2009-01-12,1.48760,1.48760,1.48760,1.48760
2009-01-13,1.49010,1.49010,1.49010,1.49010
2009-01-14,1.48510,1.48510,1.48510,1.48510
2009-01-15,1.49710,1.49710,1.49710,1.49710
2009-01-16,1.48870,1.48870,1.48870,1.48870
2009-01-19,1.49210,1.49210,1.49210,1.49210
2009-01-20,1.50580,1.50580,1.50580,1.50580
2009-01-21,1.50400,1.50400,1.50400,1.50400
2009-01-22,1.49550,1.49550,1.49550,1.49550
2009-01-23,1.50710,1.50710,1.50710,1.50710
2009-01-26,1.50600,1.50600,1.50600,1.50600
2009-01-27,1.49840,1.49840,1.49840,1.49840
2009-01-28,1.49810,1.49810,1.49810,1.49810
2009-01-29,1.50680,1.50680,1.50680,1.50680
2009-01-30,1.50930,1.50930,1.50930,1.50930
2009-02-02,1.51350,1.51350,1.51350,1.51350
2009-02-03,1.51220,1.51220,1.51220,1.51220
2009-02-04,1.50740,1.50740,1.50740,1.50740
2009-02-05,1.50690,1.50690,1.50690,1.50690
2009-02-06,1.50310,1.50310,1.50310,1.50310
2009-02-09,1.49900,1.49900,1.49900,1.49900
2009-02-10,1.49930,1.49930,1.49930,1.49930
2009-02-11,1.50480,1.50480,1.50480,1.50480
2009-02-12,1.51190,1.51190,1.51190,1.51190
2009-02-13,1.50530,1.50530,1.50530,1.50530
2009-02-16,1.51480,1.51480,1.51480,1.51480
2009-02-17,1.52780,1.52780,1.52780,1.52780
2009-02-18,1.52960,1.52960,1.52960,1.52960
2009-02-19,1.52630,1.52630,1.52630,1.52630
2009-02-20,1.53830,1.53830,1.53830,1.53830
2009-02-23,1.52290,1.52290,1.52290,1.52290
2009-02-24,1.52780,1.52780,1.52780,1.52780
2009-02-25,1.52690,1.52690,1.52690,1.52690
2009-02-26,1.53310,1.53310,1.53310,1.53310
2009-02-27,1.54490,1.54490,1.54490,1.54490
2009-03-02,1.55320,1.55320,1.55320,1.55320
2009-03-03,1.54790,1.54790,1.54790,1.54790
2009-03-04,1.55340,1.55340,1.55340,1.55340
2009-03-05,1.55180,1.55180,1.55180,1.55180
2009-03-06,1.54670,1.54670,1.54670,1.54670
2009-03-09,1.54660,1.54660,1.54660,1.54660
2009-03-10,1.54010,1.54010,1.54010,1.54010
2009-03-11,1.54100,1.54100,1.54100,1.54100
2009-03-12,1.53280,1.53280,1.53280,1.53280
2009-03-13,1.54270,1.54270,1.54270,1.54270
2009-03-16,1.53450,1.53450,1.53450,1.53450
2009-03-17,1.53440,1.53440,1.53440,1.53440
2009-03-18,1.52880,1.52880,1.52880,1.52880
2009-03-19,1.51760,1.51760,1.51760,1.51760
2009-03-20,1.50990,1.50990,1.50990,1.50990
2009-03-23,1.51010,1.51010,1.51010,1.51010
2009-03-24,1.50720,1.50720,1.50720,1.50720
2009-03-25,1.51360,1.51360,1.51360,1.51360
2009-03-26,1.50710,1.50710,1.50710,1.50710
2009-03-27,1.50820,1.50820,1.50820,1.50820
2009-03-30,1.52170,1.52170,1.52170,1.52170
2009-03-31,1.52120,1.52120,1.52120,1.52120
2009-04-01,1.52220,1.52220,1.52220,1.52220
2009-04-02,1.51060,1.51060,1.51060,1.51060
2009-04-03,1.50280,1.50280,1.50280,1.50280
2009-04-06,1.50020,1.50020,1.50020,1.50020
2009-04-07,1.51030,1.51030,1.51030,1.51030
2009-04-08,1.51780,1.51780,1.51780,1.51780
2009-04-09,1.51390,1.51390,1.51390,1.51390
2009-04-10,1.51800,1.51800,1.51800,1.51800
2009-04-13,1.51470,1.51470,1.51470,1.51470
2009-04-14,1.50170,1.50170,1.50170,1.50170
2009-04-15,1.50100,1.50100,1.50100,1.50100
2009-04-16,1.49890,1.49890,1.49890,1.49890
2009-04-17,1.50170,1.50170,1.50170,1.50170
2009-04-20,1.50900,1.50900,1.50900,1.50900
2009-04-21,1.50710,1.50710,1.50710,1.50710
2009-04-22,1.50730,1.50730,1.50730,1.50730
2009-04-23,1.50330,1.50330,1.50330,1.50330
2009-04-24,1.49090,1.49090,1.49090,1.49090
2009-04-27,1.49380,1.49380,1.49380,1.49380
2009-04-28,1.50100,1.50100,1.50100,1.50100
2009-04-29,1.49200,1.49200,1.49200,1.49200
2009-04-30,1.47580,1.47580,1.47580,1.47580
2009-05-01,1.48140,1.48140,1.48140,1.48140
2009-05-04,1.47810,1.47810,1.47810,1.47810
2009-05-05,1.47200,1.47200,1.47200,1.47200
2009-05-06,1.47430,1.47430,1.47430,1.47430
2009-05-07,1.47080,1.47080,1.47080,1.47080
2009-05-08,1.46590,1.46590,1.46590,1.46590
2009-05-11,1.45960,1.45960,1.45960,1.45960
2009-05-12,1.45850,1.45850,1.45850,1.45850
2009-05-13,1.45960,1.45960,1.45960,1.45960
2009-05-14,1.46420,1.46420,1.46420,1.46420
2009-05-15,1.46700,1.46700,1.46700,1.46700
2009-05-18,1.47050,1.47050,1.47050,1.47050
2009-05-19,1.46070,1.46070,1.46070,1.46070
2009-05-20,1.46120,1.46120,1.46120,1.46120
2009-05-21,1.45970,1.45970,1.45970,1.45970
2009-05-22,1.44630,1.44630,1.44630,1.44630
2009-05-25,1.44820,1.44820,1.44820,1.44820
2009-05-26,1.45250,1.45250,1.45250,1.45250
2009-05-27,1.44930,1.44930,1.44930,1.44930
2009-05-28,1.45460,1.45460,1.45460,1.45460
2009-05-29,1.44540,1.44540,1.44540,1.44540
2009-06-01,1.43820,1.43820,1.43820,1.43820
2009-06-02,1.44270,1.44270,1.44270,1.44270
2009-06-03,1.44080,1.44080,1.44080,1.44080
2009-06-04,1.44030,1.44030,1.44030,1.44030
2009-06-05,1.44570,1.44570,1.44570,1.44570
2009-06-08,1.45930,1.45930,1.45930,1.45930
2009-06-09,1.46010,1.46010,1.46010,1.46010
2009-06-10,1.44530,1.44530,1.44530,1.44530
2009-06-11,1.45010,1.45010,1.45010,1.45010
2009-06-12,1.45100,1.45100,1.45100,1.45100
2009-06-15,1.45640,1.45640,1.45640,1.45640
2009-06-16,1.45660,1.45660,1.45660,1.45660
2009-06-17,1.46620,1.46620,1.46620,1.46620
2009-06-18,1.45770,1.45770,1.45770,1.45770
2009-06-19,1.45660,1.45660,1.45660,1.45660
2009-06-22,1.45670,1.45670,1.45670,1.45670
2009-06-23,1.45870,1.45870,1.45870,1.45870
2009-06-24,1.45350,1.45350,1.45350,1.45350
2009-06-25,1.45650,1.45650,1.45650,1.45650
2009-06-26,1.45520,1.45520,1.45520,1.45520
2009-06-29,1.45560,1.45560,1.45560,1.45560
2009-06-30,1.44740,1.44740,1.44740,1.44740
2009-07-01,1.44730,1.44730,1.44730,1.44730
2009-07-02,1.44980,1.44980,1.44980,1.44980
2009-07-03,1.45210,1.45210,1.45210,1.45210
2009-07-06,1.45830,1.45830,1.45830,1.45830
2009-07-07,1.45770,1.45770,1.45770,1.45770
2009-07-08,1.46050,1.46050,1.46050,1.46050
2009-07-09,1.45800,1.45800,1.45800,1.45800
2009-07-10,1.46010,1.46010,1.46010,1.46010
2009-07-13,1.46610,1.46610,1.46610,1.46610
2009-07-14,1.45850,1.45850,1.45850,1.45850
2009-07-15,1.45410,1.45410,1.45410,1.45410
2009-07-16,1.45380,1.45380,1.45380,1.45380
2009-07-17,1.45170,1.45170,1.45170,1.45170
2009-07-20,1.44180,1.44180,1.44180,1.44180
2009-07-21,1.44140,1.44140,1.44140,1.44140
2009-07-22,1.44350,1.44350,1.44350,1.44350
2009-07-23,1.44010,1.44010,1.44010,1.44010
2009-07-24,1.44050,1.44050,1.44050,1.44050
2009-07-27,1.44100,1.44100,1.44100,1.44100
2009-07-28,1.43890,1.43890,1.43890,1.43890
2009-07-29,1.44140,1.44140,1.44140,1.44140
2009-07-30,1.44470,1.44470,1.44470,1.44470
2009-07-31,1.44140,1.44140,1.44140,1.44140
2009-08-03,1.43680,1.43680,1.43680,1.43680
2009-08-04,1.43260,1.43260,1.43260,1.43260
2009-08-05,1.43440,1.43440,1.43440,1.43440
2009-08-06,1.43360,1.43360,1.43360,1.43360
2009-08-07,1.43680,1.43680,1.43680,1.43680
2009-08-10,1.44050,1.44050,1.44050,1.44050
2009-08-11,1.44440,1.44440,1.44440,1.44440
2009-08-12,1.44910,1.44910,1.44910,1.44910
2009-08-13,1.44290,1.44290,1.44290,1.44290
2009-08-14,1.44290,1.44290,1.44290,1.44290
2009-08-17,1.44900,1.44900,1.44900,1.44900
2009-08-18,1.45080,1.45080,1.45080,1.45080
2009-08-19,1.45230,1.45230,1.45230,1.45230
2009-08-20,1.44590,1.44590,1.44590,1.44590
2009-08-21,1.43990,1.43990,1.43990,1.43990
2009-08-24,1.44070,1.44070,1.44070,1.44070
2009-08-25,1.44200,1.44200,1.44200,1.44200
2009-08-26,1.44170,1.44170,1.44170,1.44170
2009-08-27,1.44430,1.44430,1.44430,1.44430
2009-08-28,1.43880,1.43880,1.43880,1.43880
2009-08-31,1.44150,1.44150,1.44150,1.44150
2009-09-01,1.44070,1.44070,1.44070,1.44070
2009-09-02,1.44360,1.44360,1.44360,1.44360
2009-09-03,1.44040,1.44040,1.44040,1.44040
2009-09-04,1.43960,1.43960,1.43960,1.43960
2009-09-07,1.43310,1.43310,1.43310,1.43310
2009-09-08,1.42820,1.42820,1.42820,1.42820
2009-09-09,1.42650,1.42650,1.42650,1.42650
2009-09-10,1.42580,1.42580,1.42580,1.42580
2009-09-11,1.42250,1.42250,1.42250,1.42250
2009-09-14,1.42550,1.42550,1.42550,1.42550
2009-09-15,1.42260,1.42260,1.42260,1.42260
2009-09-16,1.41150,1.41150,1.41150,1.41150
2009-09-17,1.41330,1.41330,1.41330,1.41330
2009-09-18,1.41550,1.41550,1.41550,1.41550
2009-09-21,1.41880,1.41880,1.41880,1.41880
2009-09-22,1.41270,1.41270,1.41270,1.41270
2009-09-23,1.41210,1.41210,1.41210,1.41210
2009-09-24,1.41300,1.41300,1.41300,1.41300
2009-09-25,1.41610,1.41610,1.41610,1.41610
2009-09-28,1.42040,1.42040,1.42040,1.42040
2009-09-29,1.41710,1.41710,1.41710,1.41710
2009-09-30,1.40930,1.40930,1.40930,1.40930
2009-10-01,1.41080,1.41080,1.41080,1.41080
2009-10-02,1.41610,1.41610,1.41610,1.41610
2009-10-05,1.41180,1.41180,1.41180,1.41180
2009-10-06,1.40280,1.40280,1.40280,1.40280
2009-10-07,1.40010,1.40010,1.40010,1.40010
2009-10-08,1.39250,1.39250,1.39250,1.39250
2009-10-09,1.39310,1.39310,1.39310,1.39310
2009-10-12,1.39990,1.39990,1.39990,1.39990
2009-10-13,1.39760,1.39760,1.39760,1.39760
2009-10-14,1.39190,1.39190,1.39190,1.39190
2009-10-15,1.38780,1.38780,1.38780,1.38780
2009-10-16,1.39280,1.39280,1.39280,1.39280
2009-10-19,1.39130,1.39130,1.39130,1.39130
2009-10-20,1.39090,1.39090,1.39090,1.39090
2009-10-21,1.39400,1.39400,1.39400,1.39400
2009-10-22,1.39840,1.39840,1.39840,1.39840
2009-10-23,1.39360,1.39360,1.39360,1.39360
2009-10-26,1.39340,1.39340,1.39340,1.39340
2009-10-27,1.39790,1.39790,1.39790,1.39790
2009-10-28,1.39970,1.39970,1.39970,1.39970
2009-10-29,1.39990,1.39990,1.39990,1.39990
2009-10-30,1.39630,1.39630,1.39630,1.39630
2009-11-02,1.39830,1.39830,1.39830,1.39830
2009-11-03,1.40090,1.40090,1.40090,1.40090
2009-11-04,1.39710,1.39710,1.39710,1.39710
2009-11-05,1.39760,1.39760,1.39760,1.39760
2009-11-06,1.39210,1.39210,1.39210,1.39210
2009-11-09,1.38700,1.38700,1.38700,1.38700
2009-11-10,1.38860,1.38860,1.38860,1.38860
2009-11-11,1.38650,1.38650,1.38650,1.38650
2009-11-12,1.38860,1.38860,1.38860,1.38860
2009-11-13,1.38720,1.38720,1.38720,1.38720
2009-11-16,1.38640,1.38640,1.38640,1.38640
2009-11-17,1.38450,1.38450,1.38450,1.38450
2009-11-18,1.38460,1.38460,1.38460,1.38460
2009-11-19,1.38930,1.38930,1.38930,1.38930
2009-11-20,1.38760,1.38760,1.38760,1.38760
2009-11-23,1.38490,1.38490,1.38490,1.38490
2009-11-24,1.38720,1.38720,1.38720,1.38720
2009-11-25,1.38200,1.38200,1.38200,1.38200
2009-11-26,1.38140,1.38140,1.38140,1.38140
2009-11-27,1.39050,1.39050,1.39050,1.39050
2009-11-30,1.38320,1.38320,1.38320,1.38320
2009-12-01,1.38200,1.38200,1.38200,1.38200
2009-12-02,1.38010,1.38010,1.38010,1.38010
2009-12-03,1.37940,1.37940,1.37940,1.37940
2009-12-04,1.38160,1.38160,1.38160,1.38160
2009-12-07,1.39070,1.39070,1.39070,1.39070
2009-12-08,1.39100,1.39100,1.39100,1.39100
2009-12-09,1.39130,1.39130,1.39130,1.39130
2009-12-10,1.38950,1.38950,1.38950,1.38950
2009-12-11,1.38920,1.38920,1.38920,1.38920
2009-12-14,1.39160,1.39160,1.39160,1.39160
2009-12-15,1.39310,1.39310,1.39310,1.39310
2009-12-16,1.39730,1.39730,1.39730,1.39730
2009-12-17,1.40140,1.40140,1.40140,1.40140
2009-12-18,1.40120,1.40120,1.40120,1.40120
2009-12-21,1.40450,1.40450,1.40450,1.40450
2009-12-22,1.40570,1.40570,1.40570,1.40570
2009-12-23,1.41210,1.41210,1.41210,1.41210
2009-12-24,1.40800,1.40800,1.40800,1.40800
2009-12-25,1.40760,1.40760,1.40760,1.40760
2009-12-28,1.40610,1.40610,1.40610,1.40610
2009-12-29,1.40430,1.40430,1.40430,1.40430
2009-12-30,1.40480,1.40480,1.40480,1.40480
2009-12-31,1.40140,1.40140,1.40140,1.40140
2010-01-01,1.40440,1.40440,1.40440,1.40440
2010-01-04,1.39960,1.39960,1.39960,1.39960
2010-01-05,1.39590,1.39590,1.39590,1.39590
2010-01-06,1.39630,1.39630,1.39630,1.39630
2010-01-07,1.39630,1.39630,1.39630,1.39630
2010-01-08,1.39720,1.39720,1.39720,1.39720
2010-01-11,1.38800,1.38800,1.38800,1.38800
2010-01-12,1.39150,1.39150,1.39150,1.39150
2010-01-13,1.38860,1.38860,1.38860,1.38860
2010-01-14,1.38690,1.38690,1.38690,1.38690
2010-01-15,1.38890,1.38890,1.38890,1.38890
2010-01-18,1.38940,1.38940,1.38940,1.38940
2010-01-19,1.38800,1.38800,1.38800,1.38800
2010-01-20,1.39620,1.39620,1.39620,1.39620
2010-01-21,1.40050,1.40050,1.40050,1.40050
2010-01-22,1.40160,1.40160,1.40160,1.40160
2010-01-25,1.40050,1.40050,1.40050,1.40050
2010-01-26,1.40550,1.40550,1.40550,1.40550
2010-01-27,1.40660,1.40660,1.40660,1.40660
2010-01-28,1.40120,1.40120,1.40120,1.40120
2010-01-29,1.40360,1.40360,1.40360,1.40360
2010-02-01,1.41220,1.41220,1.41220,1.41220
2010-02-02,1.41160,1.41160,1.41160,1.41160
2010-02-03,1.40670,1.40670,1.40670,1.40670
2010-02-04,1.41380,1.41380,1.41380,1.41380
2010-02-05,1.42180,1.42180,1.42180,1.42180
2010-02-08,1.42130,1.42130,1.42130,1.42130
2010-02-09,1.42020,1.42020,1.42020,1.42020
2010-02-10,1.41730,1.41730,1.41730,1.41730
2010-02-11,1.41210,1.41210,1.41210,1.41210
2010-02-12,1.41170,1.41170,1.41170,1.41170
2010-02-15,1.41120,1.41120,1.41120,1.41120
2010-02-16,1.40760,1.40760,1.40760,1.40760
2010-02-17,1.40180,1.40180,1.40180,1.40180
2010-02-18,1.41050,1.41050,1.41050,1.41050
2010-02-19,1.41520,1.41520,1.41520,1.41520
2010-02-22,1.40880,1.40880,1.40880,1.40880
2010-02-23,1.40520,1.40520,1.40520,1.40520
2010-02-24,1.40970,1.40970,1.40970,1.40970
2010-02-25,1.41020,1.41020,1.41020,1.41020
2010-02-26,1.40800,1.40800,1.40800,1.40800
2010-03-01,1.40450,1.40450,1.40450,1.40450
2010-03-02,1.40640,1.40640,1.40640,1.40640
2010-03-03,1.40170,1.40170,1.40170,1.40170
2010-03-04,1.40020,1.40020,1.40020,1.40020
2010-03-05,1.40110,1.40110,1.40110,1.40110
2010-03-08,1.39890,1.39890,1.39890,1.39890
2010-03-09,1.40040,1.40040,1.40040,1.40040
2010-03-10,1.39840,1.39840,1.39840,1.39840
2010-03-11,1.39860,1.39860,1.39860,1.39860
2010-03-12,1.39570,1.39570,1.39570,1.39570
2010-03-15,1.39660,1.39660,1.39660,1.39660
2010-03-16,1.39720,1.39720,1.39720,1.39720
2010-03-17,1.39320,1.39320,1.39320,1.39320
2010-03-18,1.39390,1.39390,1.39390,1.39390
2010-03-19,1.39540,1.39540,1.39540,1.39540
2010-03-22,1.39960,1.39960,1.39960,1.39960
2010-03-23,1.40150,1.40150,1.40150,1.40150
2010-03-24,1.40350,1.40350,1.40350,1.40350
2010-03-25,1.40610,1.40610,1.40610,1.40610
2010-03-26,1.40440,1.40440,1.40440,1.40440
2010-03-29,1.39960,1.39960,1.39960,1.39960
2010-03-30,1.39860,1.39860,1.39860,1.39860
2010-03-31,1.40020,1.40020,1.40020,1.40020
2010-04-01,1.39840,1.39840,1.39840,1.39840
2010-04-02,1.39730,1.39730,1.39730,1.39730
2010-04-05,1.39820,1.39820,1.39820,1.39820
2010-04-06,1.39710,1.39710,1.39710,1.39710
2010-04-07,1.39640,1.39640,1.39640,1.39640
2010-04-08,1.39750,1.39750,1.39750,1.39750
2010-04-09,1.39250,1.39250,1.39250,1.39250
2010-04-12,1.39040,1.39040,1.39040,1.39040
2010-04-13,1.39340,1.39340,1.39340,1.39340
2010-04-14,1.37740,1.37740,1.37740,1.37740
2010-04-15,1.37430,1.37430,1.37430,1.37430
2010-04-16,1.37410,1.37410,1.37410,1.37410
2010-04-19,1.37920,1.37920,1.37920,1.37920
2010-04-20,1.37610,1.37610,1.37610,1.37610
2010-04-21,1.37170,1.37170,1.37170,1.37170
2010-04-22,1.37020,1.37020,1.37020,1.37020
2010-04-23,1.37220,1.37220,1.37220,1.37220
2010-04-26,1.36790,1.36790,1.36790,1.36790
2010-04-27,1.36890,1.36890,1.36890,1.36890
2010-04-28,1.37940,1.37940,1.37940,1.37940
2010-04-29,1.36950,1.36950,1.36950,1.36950
2010-04-30,1.36570,1.36570,1.36570,1.36570
2010-05-03,1.37310,1.37310,1.37310,1.37310
2010-05-04,1.37440,1.37440,1.37440,1.37440
2010-05-05,1.38410,1.38410,1.38410,1.38410
2010-05-06,1.39030,1.39030,1.39030,1.39030
2010-05-07,1.40010,1.40010,1.40010,1.40010
2010-05-10,1.37820,1.37820,1.37820,1.37820
2010-05-11,1.38430,1.38430,1.38430,1.38430
2010-05-12,1.38100,1.38100,1.38100,1.38100
2010-05-13,1.38110,1.38110,1.38110,1.38110
2010-05-14,1.38210,1.38210,1.38210,1.38210
2010-05-17,1.39580,1.39580,1.39580,1.39580
2010-05-18,1.38770,1.38770,1.38770,1.38770
2010-05-19,1.40130,1.40130,1.40130,1.40130
2010-05-20,1.40500,1.40500,1.40500,1.40500
2010-05-21,1.40910,1.40910,1.40910,1.40910
2010-05-24,1.40650,1.40650,1.40650,1.40650
2010-05-25,1.41980,1.41980,1.41980,1.41980
2010-05-26,1.40660,1.40660,1.40660,1.40660
2010-05-27,1.40610,1.40610,1.40610,1.40610
2010-05-28,1.39990,1.39990,1.39990,1.39990
2010-05-31,1.39890,1.39890,1.39890,1.39890
2010-06-01,1.41540,1.41540,1.41540,1.41540
2010-06-02,1.41170,1.41170,1.41170,1.41170
2010-06-03,1.40160,1.40160,1.40160,1.40160
2010-06-04,1.40190,1.40190,1.40190,1.40190
2010-06-07,1.41710,1.41710,1.41710,1.41710
2010-06-08,1.41640,1.41640,1.41640,1.41640
2010-06-09,1.41590,1.41590,1.41590,1.41590
2010-06-10,1.41220,1.41220,1.41220,1.41220
2010-06-11,1.40530,1.40530,1.40530,1.40530
2010-06-14,1.39630,1.39630,1.39630,1.39630
2010-06-15,1.39870,1.39870,1.39870,1.39870
2010-06-16,1.39410,1.39410,1.39410,1.39410
2010-06-17,1.39540,1.39540,1.39540,1.39540
2010-06-18,1.38610,1.38610,1.38610,1.38610
2010-06-21,1.37540,1.37540,1.37540,1.37540
2010-06-22,1.38000,1.38000,1.38000,1.38000
2010-06-23,1.38680,1.38680,1.38680,1.38680
2010-06-24,1.39170,1.39170,1.39170,1.39170
2010-06-25,1.39610,1.39610,1.39610,1.39610
2010-06-28,1.38460,1.38460,1.38460,1.38460
2010-06-29,1.39620,1.39620,1.39620,1.39620
2010-06-30,1.39820,1.39820,1.39820,1.39820
2010-07-01,1.39740,1.39740,1.39740,1.39740
2010-07-02,1.39330,1.39330,1.39330,1.39330
2010-07-05,1.39120,1.39120,1.39120,1.39120
2010-07-06,1.38930,1.38930,1.38930,1.38930
2010-07-07,1.39130,1.39130,1.39130,1.39130
2010-07-08,1.38360,1.38360,1.38360,1.38360
2010-07-09,1.37960,1.37960,1.37960,1.37960
2010-07-12,1.38340,1.38340,1.38340,1.38340
2010-07-13,1.38420,1.38420,1.38420,1.38420
2010-07-14,1.37540,1.37540,1.37540,1.37540
2010-07-15,1.37340,1.37340,1.37340,1.37340
2010-07-16,1.37510,1.37510,1.37510,1.37510
2010-07-19,1.37850,1.37850,1.37850,1.37850
2010-07-20,1.37270,1.37270,1.37270,1.37270
2010-07-21,1.37380,1.37380,1.37380,1.37380
2010-07-22,1.37240,1.37240,1.37240,1.37240
2010-07-23,1.37100,1.37100,1.37100,1.37100
2010-07-26,1.36580,1.36580,1.36580,1.36580
2010-07-27,1.36180,1.36180,1.36180,1.36180
2010-07-28,1.36400,1.36400,1.36400,1.36400
2010-07-29,1.36340,1.36340,1.36340,1.36340
2010-07-30,1.35980,1.35980,1.35980,1.35980
2010-08-02,1.35420,1.35420,1.35420,1.35420
2010-08-03,1.35080,1.35080,1.35080,1.35080
2010-08-04,1.35370,1.35370,1.35370,1.35370
2010-08-05,1.35250,1.35250,1.35250,1.35250
2010-08-06,1.35120,1.35120,1.35120,1.35120
2010-08-09,1.34660,1.34660,1.34660,1.34660
2010-08-10,1.35270,1.35270,1.35270,1.35270
2010-08-11,1.35860,1.35860,1.35860,1.35860
2010-08-12,1.36390,1.36390,1.36390,1.36390
2010-08-13,1.35910,1.35910,1.35910,1.35910
2010-08-16,1.36380,1.36380,1.36380,1.36380
2010-08-17,1.35530,1.35530,1.35530,1.35530
2010-08-18,1.35480,1.35480,1.35480,1.35480
2010-08-19,1.35320,1.35320,1.35320,1.35320
2010-08-20,1.35590,1.35590,1.35590,1.35590
2010-08-23,1.35560,1.35560,1.35560,1.35560
2010-08-24,1.36190,1.36190,1.36190,1.36190
2010-08-25,1.35730,1.35730,1.35730,1.35730
2010-08-26,1.35610,1.35610,1.35610,1.35610
2010-08-27,1.35570,1.35570,1.35570,1.35570
2010-08-30,1.35420,1.35420,1.35420,1.35420
2010-08-31,1.35620,1.35620,1.35620,1.35620
2010-09-01,1.35020,1.35020,1.35020,1.35020
2010-09-02,1.34710,1.34710,1.34710,1.34710
2010-09-03,1.34710,1.34710,1.34710,1.34710
2010-09-06,1.34460,1.34460,1.34460,1.34460
2010-09-07,1.34850,1.34850,1.34850,1.34850
2010-09-08,1.34550,1.34550,1.34550,1.34550
2010-09-09,1.34150,1.34150,1.34150,1.34150
2010-09-10,1.34010,1.34010,1.34010,1.34010
2010-09-13,1.33820,1.33820,1.33820,1.33820
2010-09-14,1.33720,1.33720,1.33720,1.33720
2010-09-15,1.33820,1.33820,1.33820,1.33820
2010-09-16,1.33660,1.33660,1.33660,1.33660
2010-09-17,1.33370,1.33370,1.33370,1.33370
2010-09-20,1.33410,1.33410,1.33410,1.33410
2010-09-21,1.33240,1.33240,1.33240,1.33240
2010-09-22,1.32810,1.32810,1.32810,1.32810
2010-09-23,1.32830,1.32830,1.32830,1.32830
2010-09-24,1.32640,1.32640,1.32640,1.32640
2010-09-27,1.32230,1.32230,1.32230,1.32230
2010-09-28,1.32280,1.32280,1.32280,1.32280
2010-09-29,1.31740,1.31740,1.31740,1.31740
2010-09-30,1.31560,1.31560,1.31560,1.31560
2010-10-01,1.31400,1.31400,1.31400,1.31400
2010-10-04,1.31480,1.31480,1.31480,1.31480
2010-10-05,1.31340,1.31340,1.31340,1.31340
2010-10-06,1.30970,1.30970,1.30970,1.30970
2010-10-07,1.30580,1.30580,1.30580,1.30580
2010-10-08,1.31020,1.31020,1.31020,1.31020
2010-10-11,1.30620,1.30620,1.30620,1.30620
2010-10-12,1.30940,1.30940,1.30940,1.30940
2010-10-13,1.30500,1.30500,1.30500,1.30500
2010-10-14,1.29590,1.29590,1.29590,1.29590
2010-10-15,1.29590,1.29590,1.29590,1.29590
2010-10-18,1.30370,1.30370,1.30370,1.30370
2010-10-19,1.30320,1.30320,1.30320,1.30320
2010-10-20,1.30790,1.30790,1.30790,1.30790
2010-10-21,1.29770,1.29770,1.29770,1.29770
2010-10-22,1.30350,1.30350,1.30350,1.30350
2010-10-25,1.29210,1.29210,1.29210,1.29210
2010-10-26,1.29480,1.29480,1.29480,1.29480
2010-10-27,1.30250,1.30250,1.30250,1.30250
2010-10-28,1.29920,1.29920,1.29920,1.29920
2010-10-29,1.29900,1.29900,1.29900,1.29900
2010-11-01,1.29090,1.29090,1.29090,1.29090
2010-11-02,1.28870,1.28870,1.28870,1.28870
2010-11-03,1.28730,1.28730,1.28730,1.28730
2010-11-04,1.28370,1.28370,1.28370,1.28370
2010-11-05,1.28270,1.28270,1.28270,1.28270
2010-11-08,1.28700,1.28700,1.28700,1.28700
2010-11-09,1.28730,1.28730,1.28730,1.28730
2010-11-10,1.28750,1.28750,1.28750,1.28750
2010-11-11,1.28750,1.28750,1.28750,1.28750
2010-11-12,1.28750,1.28750,1.28750,1.28750
2010-11-15,1.29880,1.29880,1.29880,1.29880
2010-11-16,1.29740,1.29740,1.29740,1.29740
2010-11-17,1.29740,1.29740,1.29740,1.29740
2010-11-18,1.29920,1.29920,1.29920,1.29920
2010-11-19,1.29920,1.29920,1.29920,1.29920
2010-11-22,1.29630,1.29630,1.29630,1.29630
2010-11-23,1.31440,1.31440,1.31440,1.31440
2010-11-24,1.31020,1.31020,1.31020,1.31020
2010-11-25,1.30780,1.30780,1.30780,1.30780
2010-11-26,1.31170,1.31170,1.31170,1.31170
2010-11-29,1.31980,1.31980,1.31980,1.31980
2010-11-30,1.32000,1.32000,1.32000,1.32000
2010-12-01,1.31280,1.31280,1.31280,1.31280
2010-12-02,1.30950,1.30950,1.30950,1.30950
2010-12-03,1.30440,1.30440,1.30440,1.30440
2010-12-06,1.30460,1.30460,1.30460,1.30460
2010-12-07,1.30830,1.30830,1.30830,1.30830
2010-12-08,1.30830,1.30830,1.30830,1.30830
2010-12-09,1.30830,1.30830,1.30830,1.30830
2010-12-10,1.30790,1.30790,1.30790,1.30790
2010-12-13,1.30450,1.30450,1.30450,1.30450
2010-12-14,1.30450,1.30450,1.30450,1.30450
2010-12-15,1.30830,1.30830,1.30830,1.30830
2010-12-16,1.31540,1.31540,1.31540,1.31540
2010-12-17,1.31130,1.31130,1.31130,1.31130
2010-12-20,1.31700,1.31700,1.31700,1.31700
2010-12-21,1.31500,1.31500,1.31500,1.31500
2010-12-22,1.31500,1.31500,1.31500,1.31500
2010-12-23,1.31500,1.31500,1.31500,1.31500
2010-12-24,1.31500,1.31500,1.31500,1.31500
2010-12-27,1.31500,1.31500,1.31500,1.31500
2010-12-28,1.31500,1.31500,1.31500,1.31500
2010-12-29,1.31500,1.31500,1.31500,1.31500
2010-12-30,1.28990,1.28990,1.28990,1.28990
2010-12-31,1.28530,1.28530,1.28530,1.28530
2011-01-03,1.28460,1.28460,1.28460,1.28460
2011-01-04,1.28680,1.28680,1.28680,1.28680
2011-01-05,1.29110,1.29110,1.29110,1.29110
2011-01-06,1.29510,1.29510,1.29510,1.29510
2011-01-07,1.29510,1.29510,1.29510,1.29510
2011-01-10,1.29950,1.29950,1.29950,1.29950
2011-01-11,1.29500,1.29500,1.29500,1.29500
2011-01-12,1.28800,1.28800,1.28800,1.28800
2011-01-13,1.28690,1.28690,1.28690,1.28690
2011-01-14,1.28720,1.28720,1.28720,1.28720
2011-01-17,1.28740,1.28740,1.28740,1.28740
2011-01-18,1.28310,1.28310,1.28310,1.28310
2011-01-19,1.28240,1.28240,1.28240,1.28240
2011-01-20,1.28850,1.28850,1.28850,1.28850
2011-01-21,1.28410,1.28410,1.28410,1.28410
2011-01-24,1.28140,1.28140,1.28140,1.28140
2011-01-25,1.28120,1.28120,1.28120,1.28120
2011-01-26,1.27920,1.27920,1.27920,1.27920
2011-01-27,1.27880,1.27880,1.27880,1.27880
2011-01-28,1.28490,1.28490,1.28490,1.28490
2011-01-31,1.28090,1.28090,1.28090,1.28090
2011-02-01,1.27080,1.27080,1.27080,1.27080
2011-02-02,1.27230,1.27230,1.27230,1.27230
2011-02-03,1.27420,1.27420,1.27420,1.27420
2011-02-04,1.27480,1.27480,1.27480,1.27480
2011-02-07,1.27440,1.27440,1.27440,1.27440
2011-02-08,1.27310,1.27310,1.27310,1.27310
2011-02-09,1.27400,1.27400,1.27400,1.27400
2011-02-10,1.27930,1.27930,1.27930,1.27930
2011-02-11,1.28200,1.28200,1.28200,1.28200
2011-02-14,1.28200,1.28200,1.28200,1.28200
2011-02-15,1.28070,1.28070,1.28070,1.28070
2011-02-16,1.27880,1.27880,1.27880,1.27880
2011-02-17,1.27590,1.27590,1.27590,1.27590
2011-02-18,1.27380,1.27380,1.27380,1.27380
2011-02-21,1.27540,1.27540,1.27540,1.27540
2011-02-22,1.27780,1.27780,1.27780,1.27780
2011-02-23,1.27740,1.27740,1.27740,1.27740
2011-02-24,1.27900,1.27900,1.27900,1.27900
2011-02-25,1.27270,1.27270,1.27270,1.27270
2011-02-28,1.27150,1.27150,1.27150,1.27150
2011-03-01,1.27210,1.27210,1.27210,1.27210
2011-03-02,1.27080,1.27080,1.27080,1.27080
2011-03-03,1.26790,1.26790,1.26790,1.26790
2011-03-04,1.26640,1.26640,1.26640,1.26640
2011-03-07,1.26580,1.26580,1.26580,1.26580
2011-03-08,1.26730,1.26730,1.26730,1.26730
2011-03-09,1.26830,1.26830,1.26830,1.26830
2011-03-10,1.27170,1.27170,1.27170,1.27170
2011-03-11,1.27340,1.27340,1.27340,1.27340
2011-03-14,1.27340,1.27340,1.27340,1.27340
2011-03-15,1.27460,1.27460,1.27460,1.27460
2011-03-16,1.28180,1.28180,1.28180,1.28180
2011-03-17,1.27950,1.27950,1.27950,1.27950
2011-03-18,1.27950,1.27950,1.27950,1.27950
2011-03-21,1.26690,1.26690,1.26690,1.26690
2011-03-22,1.26600,1.26600,1.26600,1.26600
2011-03-23,1.26510,1.26510,1.26510,1.26510
2011-03-24,1.26070,1.26070,1.26070,1.26070
2011-03-25,1.26200,1.26200,1.26200,1.26200
2011-03-28,1.26280,1.26280,1.26280,1.26280
2011-03-29,1.26320,1.26320,1.26320,1.26320
2011-03-30,1.26220,1.26220,1.26220,1.26220
2011-03-31,1.26030,1.26030,1.26030,1.26030
2011-04-01,1.26170,1.26170,1.26170,1.26170
2011-04-04,1.26050,1.26050,1.26050,1.26050
2011-04-05,1.26120,1.26120,1.26120,1.26120
2011-04-06,1.26010,1.26010,1.26010,1.26010
2011-04-07,1.26070,1.26070,1.26070,1.26070
2011-04-08,1.25710,1.25710,1.25710,1.25710
2011-04-11,1.25570,1.25570,1.25570,1.25570
2011-04-12,1.25650,1.25650,1.25650,1.25650
2011-04-13,1.25610,1.25610,1.25610,1.25610
2011-04-14,1.25780,1.25780,1.25780,1.25780
2011-04-15,1.24540,1.24540,1.24540,1.24540
2011-04-18,1.24700,1.24700,1.24700,1.24700
2011-04-19,1.24330,1.24330,1.24330,1.24330
2011-04-20,1.23820,1.23820,1.23820,1.23820
2011-04-21,1.23490,1.23490,1.23490,1.23490
2011-04-22,1.23490,1.23490,1.23490,1.23490
2011-04-25,1.23360,1.23360,1.23360,1.23360
2011-04-26,1.23210,1.23210,1.23210,1.23210
2011-04-27,1.23290,1.23290,1.23290,1.23290
2011-04-28,1.22940,1.22940,1.22940,1.22940
2011-04-29,1.22520,1.22520,1.22520,1.22520
2011-05-02,1.22520,1.22520,1.22520,1.22520
2011-05-03,1.22770,1.22770,1.22770,1.22770
2011-05-04,1.23150,1.23150,1.23150,1.23150
2011-05-05,1.23460,1.23460,1.23460,1.23460
2011-05-06,1.23510,1.23510,1.23510,1.23510
2011-05-09,1.23150,1.23150,1.23150,1.23150
2011-05-10,1.23170,1.23170,1.23170,1.23170
2011-05-11,1.22890,1.22890,1.22890,1.22890
2011-05-12,1.23930,1.23930,1.23930,1.23930
2011-05-13,1.24250,1.24250,1.24250,1.24250
2011-05-16,1.25080,1.25080,1.25080,1.25080
2011-05-17,1.24560,1.24560,1.24560,1.24560
2011-05-18,1.23930,1.23930,1.23930,1.23930
2011-05-19,1.23690,1.23690,1.23690,1.23690
2011-05-20,1.23550,1.23550,1.23550,1.23550
2011-05-23,1.24850,1.24850,1.24850,1.24850
2011-05-24,1.24640,1.24640,1.24640,1.24640
2011-05-25,1.24790,1.24790,1.24790,1.24790
2011-05-26,1.24280,1.24280,1.24280,1.24280
2011-05-27,1.23590,1.23590,1.23590,1.23590
2011-05-30,1.23590,1.23590,1.23590,1.23590
2011-05-31,1.23340,1.23340,1.23340,1.23340
2011-06-01,1.23040,1.23040,1.23040,1.23040
2011-06-02,1.23300,1.23300,1.23300,1.23300
2011-06-03,1.22920,1.22920,1.22920,1.22920
2011-06-06,1.23070,1.23070,1.23070,1.23070
2011-06-07,1.22690,1.22690,1.22690,1.22690
2011-06-08,1.23250,1.23250,1.23250,1.23250
2011-06-09,1.23130,1.23130,1.23130,1.23130
2011-06-10,1.23720,1.23720,1.23720,1.23720
2011-06-13,1.23760,1.23760,1.23760,1.23760
2011-06-14,1.23190,1.23190,1.23190,1.23190
2011-06-15,1.23420,1.23420,1.23420,1.23420
2011-06-16,1.24050,1.24050,1.24050,1.24050
2011-06-17,1.23890,1.23890,1.23890,1.23890
2011-06-20,1.23820,1.23820,1.23820,1.23820
2011-06-21,1.23230,1.23230,1.23230,1.23230
2011-06-22,1.23300,1.23300,1.23300,1.23300
2011-06-23,1.23440,1.23440,1.23440,1.23440
2011-06-24,1.23590,1.23590,1.23590,1.23590
2011-06-27,1.24160,1.24160,1.24160,1.24160
2011-06-28,1.23840,1.23840,1.23840,1.23840
2011-06-29,1.23290,1.23290,1.23290,1.23290
2011-06-30,1.22870,1.22870,1.22870,1.22870
2011-07-01,1.22660,1.22660,1.22660,1.22660
2011-07-04,1.22580,1.22580,1.22580,1.22580
2011-07-05,1.22810,1.22810,1.22810,1.22810
2011-07-06,1.22850,1.22850,1.22850,1.22850
2011-07-07,1.22220,1.22220,1.22220,1.22220
2011-07-08,1.22010,1.22010,1.22010,1.22010
2011-07-11,1.22730,1.22730,1.22730,1.22730
2011-07-12,1.22790,1.22790,1.22790,1.22790
2011-07-13,1.22270,1.22270,1.22270,1.22270
2011-07-14,1.21700,1.21700,1.21700,1.21700
2011-07-15,1.21840,1.21840,1.21840,1.21840
2011-07-18,1.21630,1.21630,1.21630,1.21630
2011-07-19,1.21630,1.21630,1.21630,1.21630
2011-07-20,1.21420,1.21420,1.21420,1.21420
2011-07-21,1.21070,1.21070,1.21070,1.21070
2011-07-22,1.20860,1.20860,1.20860,1.20860
2011-07-25,1.20750,1.20750,1.20750,1.20750
2011-07-26,1.20310,1.20310,1.20310,1.20310
2011-07-27,1.20370,1.20370,1.20370,1.20370
2011-07-28,1.20200,1.20200,1.20200,1.20200
2011-07-29,1.20430,1.20430,1.20430,1.20430
2011-08-01,1.20180,1.20180,1.20180,1.20180
2011-08-02,1.20640,1.20640,1.20640,1.20640
2011-08-03,1.20540,1.20540,1.20540,1.20540
2011-08-04,1.22410,1.22410,1.22410,1.22410
2011-08-05,1.21650,1.21650,1.21650,1.21650
2011-08-08,1.22270,1.22270,1.22270,1.22270
2011-08-09,1.20900,1.20900,1.20900,1.20900
2011-08-10,1.22080,1.22080,1.22080,1.22080
2011-08-11,1.20960,1.20960,1.20960,1.20960
2011-08-12,1.21150,1.21150,1.21150,1.21150
2011-08-15,1.20100,1.20100,1.20100,1.20100
2011-08-16,1.20120,1.20120,1.20120,1.20120
2011-08-17,1.20140,1.20140,1.20140,1.20140
2011-08-18,1.21760,1.21760,1.21760,1.21760
2011-08-19,1.20960,1.20960,1.20960,1.20960
2011-08-22,1.20920,1.20920,1.20920,1.20920
2011-08-23,1.20430,1.20430,1.20430,1.20430
2011-08-24,1.20730,1.20730,1.20730,1.20730
2011-08-25,1.21110,1.21110,1.21110,1.21110
2011-08-26,1.20350,1.20350,1.20350,1.20350
2011-08-29,1.20460,1.20460,1.20460,1.20460
2011-08-30,1.20620,1.20620,1.20620,1.20620
2011-08-31,1.20430,1.20430,1.20430,1.20430
2011-09-01,1.20430,1.20430,1.20430,1.20430
2011-09-02,1.20350,1.20350,1.20350,1.20350
2011-09-05,1.20790,1.20790,1.20790,1.20790
2011-09-06,1.21110,1.21110,1.21110,1.21110
2011-09-07,1.20750,1.20750,1.20750,1.20750
2011-09-08,1.21590,1.21590,1.21590,1.21590
2011-09-09,1.22920,1.22920,1.22920,1.22920
2011-09-12,1.23460,1.23460,1.23460,1.23460
2011-09-13,1.24010,1.24010,1.24010,1.24010
2011-09-14,1.24450,1.24450,1.24450,1.24450
2011-09-15,1.24160,1.24160,1.24160,1.24160
2011-09-16,1.24090,1.24090,1.24090,1.24090
2011-09-19,1.26140,1.26140,1.26140,1.26140
2011-09-20,1.26010,1.26010,1.26010,1.26010
2011-09-21,1.29480,1.29480,1.29480,1.29480
2011-09-22,1.30530,1.30530,1.30530,1.30530
2011-09-23,1.29800,1.29800,1.29800,1.29800
2011-09-26,1.29360,1.29360,1.29360,1.29360
2011-09-27,1.28370,1.28370,1.28370,1.28370
2011-09-28,1.29690,1.29690,1.29690,1.29690
2011-09-29,1.29740,1.29740,1.29740,1.29740
2011-09-30,1.30680,1.30680,1.30680,1.30680
2011-10-03,1.31920,1.31920,1.31920,1.31920
2011-10-04,1.30750,1.30750,1.30750,1.30750
2011-10-05,1.30320,1.30320,1.30320,1.30320
2011-10-06,1.29880,1.29880,1.29880,1.29880
2011-10-07,1.29880,1.29880,1.29880,1.29880
2011-10-10,1.27530,1.27530,1.27530,1.27530
2011-10-11,1.28300,1.28300,1.28300,1.28300
2011-10-12,1.27650,1.27650,1.27650,1.27650
2011-10-13,1.27730,1.27730,1.27730,1.27730
2011-10-14,1.26560,1.26560,1.26560,1.26560
2011-10-17,1.27360,1.27360,1.27360,1.27360
2011-10-18,1.26790,1.26790,1.26790,1.26790
2011-10-19,1.26790,1.26790,1.26790,1.26790
2011-10-20,1.27520,1.27520,1.27520,1.27520
2011-10-21,1.27250,1.27250,1.27250,1.27250
2011-10-24,1.26310,1.26310,1.26310,1.26310
2011-10-25,1.26370,1.26370,1.26370,1.26370
2011-10-26,1.27040,1.27040,1.27040,1.27040
2011-10-27,1.24100,1.24100,1.24100,1.24100
2011-10-28,1.24180,1.24180,1.24180,1.24180
2011-10-31,1.25480,1.25480,1.25480,1.25480
2011-11-01,1.27570,1.27570,1.27570,1.27570
2011-11-02,1.27500,1.27500,1.27500,1.27500
2011-11-03,1.26390,1.26390,1.26390,1.26390
2011-11-04,1.26600,1.26600,1.26600,1.26600
2011-11-07,1.26700,1.26700,1.26700,1.26700
2011-11-08,1.26560,1.26560,1.26560,1.26560
2011-11-09,1.28810,1.28810,1.28810,1.28810
2011-11-10,1.29080,1.29080,1.29080,1.29080
2011-11-11,1.28010,1.28010,1.28010,1.28010
2011-11-14,1.28940,1.28940,1.28940,1.28940
2011-11-15,1.29100,1.29100,1.29100,1.29100
2011-11-16,1.29540,1.29540,1.29540,1.29540
2011-11-17,1.29740,1.29740,1.29740,1.29740
2011-11-18,1.29800,1.29800,1.29800,1.29800
2011-11-21,1.30430,1.30430,1.30430,1.30430
2011-11-22,1.30110,1.30110,1.30110,1.30110
2011-11-23,1.31120,1.31120,1.31120,1.31120
2011-11-24,1.30870,1.30870,1.30870,1.30870
2011-11-25,1.31380,1.31380,1.31380,1.31380
2011-11-28,1.30220,1.30220,1.30220,1.30220
2011-11-29,1.29670,1.29670,1.29670,1.29670
2011-11-30,1.28200,1.28200,1.28200,1.28200
2011-12-01,1.28220,1.28220,1.28220,1.28220
2011-12-02,1.28430,1.28430,1.28430,1.28430
2011-12-05,1.28090,1.28090,1.28090,1.28090
2011-12-06,1.28280,1.28280,1.28280,1.28280
2011-12-07,1.28300,1.28300,1.28300,1.28300
2011-12-08,1.29550,1.29550,1.29550,1.29550
2011-12-09,1.29080,1.29080,1.29080,1.29080
2011-12-12,1.30050,1.30050,1.30050,1.30050
2011-12-13,1.30490,1.30490,1.30490,1.30490
2011-12-14,1.30980,1.30980,1.30980,1.30980
2011-12-15,1.30870,1.30870,1.30870,1.30870
2011-12-16,1.30450,1.30450,1.30450,1.30450
2011-12-19,1.30830,1.30830,1.30830,1.30830
2011-12-20,1.29710,1.29710,1.29710,1.29710
2011-12-21,1.29590,1.29590,1.29590,1.29590
2011-12-22,1.29290,1.29290,1.29290,1.29290
2011-12-23,1.29440,1.29440,1.29440,1.29440
2011-12-26,1.29230,1.29230,1.29230,1.29230
2011-12-27,1.29540,1.29540,1.29540,1.29540
2011-12-28,1.29820,1.29820,1.29820,1.29820
2011-12-29,1.30030,1.30030,1.30030,1.30030
2011-12-30,1.29710,1.29710,1.29710,1.29710
2012-01-02,1.29710,1.29710,1.29710,1.29710
2012-01-03,1.28350,1.28350,1.28350,1.28350
2012-01-04,1.28700,1.28700,1.28700,1.28700
2012-01-05,1.29150,1.29150,1.29150,1.29150
2012-01-06,1.29330,1.29330,1.29330,1.29330
2012-01-09,1.29520,1.29520,1.29520,1.29520
2012-01-10,1.28850,1.28850,1.28850,1.28850
2012-01-11,1.29120,1.29120,1.29120,1.29120
2012-01-12,1.28930,1.28930,1.28930,1.28930
2012-01-13,1.29310,1.29310,1.29310,1.29310
2012-01-16,1.29100,1.29100,1.29100,1.29100
2012-01-17,1.28490,1.28490,1.28490,1.28490
2012-01-18,1.27710,1.27710,1.27710,1.27710
2012-01-19,1.27150,1.27150,1.27150,1.27150
2012-01-20,1.27230,1.27230,1.27230,1.27230
2012-01-23,1.26660,1.26660,1.26660,1.26660
2012-01-24,1.26850,1.26850,1.26850,1.26850
2012-01-25,1.26180,1.26180,1.26180,1.26180
2012-01-26,1.25760,1.25760,1.25760,1.25760
2012-01-27,1.25150,1.25150,1.25150,1.25150
2012-01-30,1.25780,1.25780,1.25780,1.25780
2012-01-31,1.25840,1.25840,1.25840,1.25840
2012-02-01,1.25130,1.25130,1.25130,1.25130
2012-02-02,1.24680,1.24680,1.24680,1.24680
2012-02-03,1.24220,1.24220,1.24220,1.24220
2012-02-06,1.24870,1.24870,1.24870,1.24870
2012-02-07,1.24640,1.24640,1.24640,1.24640
2012-02-08,1.24620,1.24620,1.24620,1.24620
2012-02-09,1.24830,1.24830,1.24830,1.24830
2012-02-10,1.26160,1.26160,1.26160,1.26160
2012-02-13,1.25480,1.25480,1.25480,1.25480
2012-02-14,1.26450,1.26450,1.26450,1.26450
2012-02-15,1.26320,1.26320,1.26320,1.26320
2012-02-16,1.26090,1.26090,1.26090,1.26090
2012-02-17,1.25800,1.25800,1.25800,1.25800
2012-02-20,1.25250,1.25250,1.25250,1.25250
2012-02-21,1.25720,1.25720,1.25720,1.25720
2012-02-22,1.25860,1.25860,1.25860,1.25860
2012-02-23,1.25440,1.25440,1.25440,1.25440
2012-02-24,1.25510,1.25510,1.25510,1.25510
2012-02-27,1.25500,1.25500,1.25500,1.25500
2012-02-28,1.25110,1.25110,1.25110,1.25110
2012-02-29,1.25080,1.25080,1.25080,1.25080
2012-03-01,1.24940,1.24940,1.24940,1.24940
2012-03-02,1.25100,1.25100,1.25100,1.25100
2012-03-05,1.25760,1.25760,1.25760,1.25760
2012-03-06,1.26410,1.26410,1.26410,1.26410
2012-03-07,1.25800,1.25800,1.25800,1.25800
2012-03-08,1.25170,1.25170,1.25170,1.25170
2012-03-09,1.25460,1.25460,1.25460,1.25460
2012-03-12,1.25950,1.25950,1.25950,1.25950
2012-03-13,1.25820,1.25820,1.25820,1.25820
2012-03-14,1.26810,1.26810,1.26810,1.26810
2012-03-15,1.26260,1.26260,1.26260,1.26260
2012-03-16,1.25760,1.25760,1.25760,1.25760
2012-03-19,1.25550,1.25550,1.25550,1.25550
2012-03-20,1.26430,1.26430,1.26430,1.26430
2012-03-21,1.26430,1.26430,1.26430,1.26430
2012-03-22,1.26680,1.26680,1.26680,1.26680
2012-03-23,1.26120,1.26120,1.26120,1.26120
2012-03-26,1.25710,1.25710,1.25710,1.25710
2012-03-27,1.25760,1.25760,1.25760,1.25760
2012-03-28,1.25740,1.25740,1.25740,1.25740
2012-03-29,1.25800,1.25800,1.25800,1.25800
2012-03-30,1.25800,1.25800,1.25800,1.25800
2012-04-02,1.25340,1.25340,1.25340,1.25340
2012-04-03,1.25550,1.25550,1.25550,1.25550
2012-04-04,1.25930,1.25930,1.25930,1.25930
2012-04-05,1.25950,1.25950,1.25950,1.25950
2012-04-06,1.26050,1.26050,1.26050,1.26050
2012-04-09,1.26220,1.26220,1.26220,1.26220
2012-04-10,1.26240,1.26240,1.26240,1.26240
2012-04-11,1.25780,1.25780,1.25780,1.25780
2012-04-12,1.25360,1.25360,1.25360,1.25360
2012-04-13,1.24830,1.24830,1.24830,1.24830
2012-04-16,1.24830,1.24830,1.24830,1.24830
2012-04-17,1.24850,1.24850,1.24850,1.24850
2012-04-18,1.25060,1.25060,1.25060,1.25060
2012-04-19,1.25150,1.25150,1.25150,1.25150
2012-04-20,1.24850,1.24850,1.24850,1.24850
2012-04-23,1.24770,1.24770,1.24770,1.24770
2012-04-24,1.24640,1.24640,1.24640,1.24640
2012-04-25,1.24310,1.24310,1.24310,1.24310
2012-04-26,1.24140,1.24140,1.24140,1.24140
2012-04-27,1.23760,1.23760,1.23760,1.23760
2012-04-30,1.23740,1.23740,1.23740,1.23740
2012-05-01,1.23630,1.23630,1.23630,1.23630
2012-05-02,1.23970,1.23970,1.23970,1.23970
2012-05-03,1.24370,1.24370,1.24370,1.24370
2012-05-04,1.24470,1.24470,1.24470,1.24470
2012-05-07,1.24600,1.24600,1.24600,1.24600
2012-05-08,1.24790,1.24790,1.24790,1.24790
2012-05-09,1.25310,1.25310,1.25310,1.25310
2012-05-10,1.25080,1.25080,1.25080,1.25080
2012-05-11,1.25290,1.25290,1.25290,1.25290
2012-05-14,1.25290,1.25290,1.25290,1.25290
2012-05-15,1.26160,1.26160,1.26160,1.26160
2012-05-16,1.26830,1.26830,1.26830,1.26830
2012-05-17,1.27320,1.27320,1.27320,1.27320
2012-05-18,1.27460,1.27460,1.27460,1.27460
2012-05-21,1.26940,1.26940,1.26940,1.26940
2012-05-22,1.27400,1.27400,1.27400,1.27400
2012-05-23,1.27760,1.27760,1.27760,1.27760
2012-05-24,1.27650,1.27650,1.27650,1.27650
2012-05-25,1.28160,1.28160,1.28160,1.28160
2012-05-28,1.27690,1.27690,1.27690,1.27690
2012-05-29,1.27820,1.27820,1.27820,1.27820
2012-05-30,1.28810,1.28810,1.28810,1.28810
2012-05-31,1.28870,1.28870,1.28870,1.28870
2012-06-01,1.29270,1.29270,1.29270,1.29270
2012-06-04,1.28750,1.28750,1.28750,1.28750
2012-06-05,1.28640,1.28640,1.28640,1.28640
2012-06-06,1.27460,1.27460,1.27460,1.27460
2012-06-07,1.27760,1.27760,1.27760,1.27760
2012-06-08,1.28330,1.28330,1.28330,1.28330
2012-06-11,1.28640,1.28640,1.28640,1.28640
2012-06-12,1.28160,1.28160,1.28160,1.28160
2012-06-13,1.28280,1.28280,1.28280,1.28280
2012-06-14,1.27760,1.27760,1.27760,1.27760
2012-06-15,1.27080,1.27080,1.27080,1.27080
2012-06-18,1.27000,1.27000,1.27000,1.27000
2012-06-19,1.26660,1.26660,1.26660,1.26660
2012-06-20,1.26850,1.26850,1.26850,1.26850
2012-06-21,1.27880,1.27880,1.27880,1.27880
2012-06-22,1.27530,1.27530,1.27530,1.27530
2012-06-25,1.28120,1.28120,1.28120,1.28120
2012-06-26,1.27710,1.27710,1.27710,1.27710
2012-06-27,1.27650,1.27650,1.27650,1.27650
2012-06-28,1.28010,1.28010,1.28010,1.28010
2012-06-29,1.26510,1.26510,1.26510,1.26510
2012-07-02,1.26730,1.26730,1.26730,1.26730
2012-07-03,1.26370,1.26370,1.26370,1.26370
2012-07-04,1.26600,1.26600,1.26600,1.26600
2012-07-05,1.26410,1.26410,1.26410,1.26410
2012-07-06,1.27100,1.27100,1.27100,1.27100
2012-07-09,1.27210,1.27210,1.27210,1.27210
2012-07-10,1.26890,1.26890,1.26890,1.26890
2012-07-11,1.26370,1.26370,1.26370,1.26370
2012-07-12,1.26940,1.26940,1.26940,1.26940
2012-07-13,1.26520,1.26520,1.26520,1.26520
2012-07-16,1.26410,1.26410,1.26410,1.26410
2012-07-17,1.26050,1.26050,1.26050,1.26050
2012-07-18,1.25740,1.25740,1.25740,1.25740
2012-07-19,1.25360,1.25360,1.25360,1.25360
2012-07-20,1.25570,1.25570,1.25570,1.25570
2012-07-23,1.26140,1.26140,1.26140,1.26140
2012-07-24,1.26260,1.26260,1.26260,1.26260
2012-07-25,1.25550,1.25550,1.25550,1.25550
2012-07-26,1.25080,1.25080,1.25080,1.25080
2012-07-27,1.24750,1.24750,1.24750,1.24750
2012-07-30,1.24620,1.24620,1.24620,1.24620
2012-07-31,1.24470,1.24470,1.24470,1.24470
2012-08-01,1.24770,1.24770,1.24770,1.24770
2012-08-02,1.24870,1.24870,1.24870,1.24870
2012-08-03,1.24200,1.24200,1.24200,1.24200
2012-08-06,1.24090,1.24090,1.24090,1.24090
2012-08-07,1.24220,1.24220,1.24220,1.24220
2012-08-08,1.24540,1.24540,1.24540,1.24540
2012-08-09,1.24490,1.24490,1.24490,1.24490
2012-08-10,1.24430,1.24430,1.24430,1.24430
2012-08-13,1.24560,1.24560,1.24560,1.24560
2012-08-14,1.24660,1.24660,1.24660,1.24660
2012-08-15,1.24980,1.24980,1.24980,1.24980
2012-08-16,1.24900,1.24900,1.24900,1.24900
2012-08-17,1.25360,1.25360,1.25360,1.25360
2012-08-20,1.25320,1.25320,1.25320,1.25320
2012-08-21,1.25080,1.25080,1.25080,1.25080
2012-08-22,1.24770,1.24770,1.24770,1.24770
2012-08-23,1.24770,1.24770,1.24770,1.24770
2012-08-24,1.25100,1.25100,1.25100,1.25100
2012-08-27,1.25230,1.25230,1.25230,1.25230
2012-08-28,1.25270,1.25270,1.25270,1.25270
2012-08-29,1.25380,1.25380,1.25380,1.25380
2012-08-30,1.25290,1.25290,1.25290,1.25290
2012-08-31,1.24750,1.24750,1.24750,1.24750
2012-09-03,1.24540,1.24540,1.24540,1.24540
2012-09-04,1.24700,1.24700,1.24700,1.24700
2012-09-05,1.24770,1.24770,1.24770,1.24770
2012-09-06,1.24280,1.24280,1.24280,1.24280
2012-09-07,1.23590,1.23590,1.23590,1.23590
2012-09-10,1.23690,1.23690,1.23690,1.23690
2012-09-11,1.22940,1.22940,1.22940,1.22940
2012-09-12,1.22940,1.22940,1.22940,1.22940
2012-09-13,1.22500,1.22500,1.22500,1.22500
2012-09-14,1.22050,1.22050,1.22050,1.22050
2012-09-17,1.22430,1.22430,1.22430,1.22430
2012-09-18,1.22540,1.22540,1.22540,1.22540
2012-09-19,1.22430,1.22430,1.22430,1.22430
2012-09-20,1.22390,1.22390,1.22390,1.22390
2012-09-21,1.22500,1.22500,1.22500,1.22500
2012-09-24,1.22770,1.22770,1.22770,1.22770
2012-09-25,1.22850,1.22850,1.22850,1.22850
2012-09-26,1.23190,1.23190,1.23190,1.23190
2012-09-27,1.22660,1.22660,1.22660,1.22660
2012-09-28,1.22730,1.22730,1.22730,1.22730
2012-10-01,1.22920,1.22920,1.22920,1.22920
2012-10-02,1.23080,1.23080,1.23080,1.23080
2012-10-03,1.23190,1.23190,1.23190,1.23190
2012-10-04,1.22850,1.22850,1.22850,1.22850
2012-10-05,1.22940,1.22940,1.22940,1.22940
2012-10-08,1.23000,1.23000,1.23000,1.23000
2012-10-09,1.23080,1.23080,1.23080,1.23080
2012-10-10,1.23060,1.23060,1.23060,1.23060
2012-10-11,1.22770,1.22770,1.22770,1.22770
2012-10-12,1.22220,1.22220,1.22220,1.22220
2012-10-15,1.22180,1.22180,1.22180,1.22180
2012-10-16,1.21970,1.21970,1.21970,1.21970
2012-10-17,1.21630,1.21630,1.21630,1.21630
2012-10-18,1.21910,1.21910,1.21910,1.21910
2012-10-19,1.22180,1.22180,1.22180,1.22180
2012-10-22,1.22140,1.22140,1.22140,1.22140
2012-10-23,1.22500,1.22500,1.22500,1.22500
2012-10-24,1.22200,1.22200,1.22200,1.22200
2012-10-25,1.22160,1.22160,1.22160,1.22160
2012-10-26,1.22080,1.22080,1.22080,1.22080
2012-10-29,1.22140,1.22140,1.22140,1.22140
2012-10-30,1.21910,1.21910,1.21910,1.21910
2012-10-31,1.22030,1.22030,1.22030,1.22030
2012-11-01,1.22010,1.22010,1.22010,1.22010
2012-11-02,1.22470,1.22470,1.22470,1.22470
2012-11-05,1.22450,1.22450,1.22450,1.22450
2012-11-06,1.22240,1.22240,1.22240,1.22240
2012-11-07,1.22280,1.22280,1.22280,1.22280
2012-11-08,1.22500,1.22500,1.22500,1.22500
2012-11-09,1.22370,1.22370,1.22370,1.22370
2012-11-12,1.22280,1.22280,1.22280,1.22280
2012-11-13,1.22280,1.22280,1.22280,1.22280
2012-11-14,1.22310,1.22310,1.22310,1.22310
2012-11-15,1.22390,1.22390,1.22390,1.22390
2012-11-16,1.22660,1.22660,1.22660,1.22660
2012-11-19,1.22350,1.22350,1.22350,1.22350
2012-11-20,1.22430,1.22430,1.22430,1.22430
2012-11-21,1.22480,1.22480,1.22480,1.22480
2012-11-22,1.22500,1.22500,1.22500,1.22500
2012-11-23,1.22280,1.22280,1.22280,1.22280
2012-11-26,1.22140,1.22140,1.22140,1.22140
2012-11-27,1.22330,1.22330,1.22330,1.22330
2012-11-28,1.22260,1.22260,1.22260,1.22260
2012-11-29,1.22050,1.22050,1.22050,1.22050
2012-11-30,1.22050,1.22050,1.22050,1.22050
2012-12-03,1.21870,1.21870,1.21870,1.21870
2012-12-04,1.21740,1.21740,1.21740,1.21740
2012-12-05,1.21930,1.21930,1.21930,1.21930
2012-12-06,1.22070,1.22070,1.22070,1.22070
2012-12-07,1.22100,1.22100,1.22100,1.22100
2012-12-10,1.22160,1.22160,1.22160,1.22160
2012-12-11,1.22100,1.22100,1.22100,1.22100
2012-12-12,1.22100,1.22100,1.22100,1.22100
2012-12-13,1.22160,1.22160,1.22160,1.22160
2012-12-14,1.21970,1.21970,1.21970,1.21970
2012-12-17,1.21930,1.21930,1.21930,1.21930
2012-12-18,1.21720,1.21720,1.21720,1.21720
2012-12-19,1.21860,1.21860,1.21860,1.21860
2012-12-20,1.21840,1.21840,1.21840,1.21840
2012-12-21,1.22080,1.22080,1.22080,1.22080
2012-12-24,1.22120,1.22120,1.22120,1.22120
2012-12-25,1.22140,1.22140,1.22140,1.22140
2012-12-26,1.22410,1.22410,1.22410,1.22410
2012-12-27,1.22280,1.22280,1.22280,1.22280
2012-12-28,1.22390,1.22390,1.22390,1.22390
2012-12-31,1.22160,1.22160,1.22160,1.22160
2013-01-01,1.22120,1.22120,1.22120,1.22120
2013-01-02,1.22050,1.22050,1.22050,1.22050
2013-01-03,1.22600,1.22600,1.22600,1.22600
2013-01-04,1.22710,1.22710,1.22710,1.22710
2013-01-07,1.22890,1.22890,1.22890,1.22890
2013-01-08,1.22920,1.22920,1.22920,1.22920
2013-01-09,1.22710,1.22710,1.22710,1.22710
2013-01-10,1.22240,1.22240,1.22240,1.22240
2013-01-11,1.22520,1.22520,1.22520,1.22520
2013-01-14,1.22580,1.22580,1.22580,1.22580
2013-01-15,1.22640,1.22640,1.22640,1.22640
2013-01-16,1.22390,1.22390,1.22390,1.22390
2013-01-17,1.22370,1.22370,1.22370,1.22370
2013-01-18,1.22750,1.22750,1.22750,1.22750
2013-01-21,1.22830,1.22830,1.22830,1.22830
2013-01-22,1.22710,1.22710,1.22710,1.22710
2013-01-23,1.22710,1.22710,1.22710,1.22710
2013-01-24,1.22920,1.22920,1.22920,1.22920
2013-01-25,1.23420,1.23420,1.23420,1.23420
2013-01-28,1.23800,1.23800,1.23800,1.23800
2013-01-29,1.23380,1.23380,1.23380,1.23380
2013-01-30,1.23610,1.23610,1.23610,1.23610
2013-01-31,1.23760,1.23760,1.23760,1.23760
2013-02-01,1.24010,1.24010,1.24010,1.24010
2013-02-04,1.23890,1.23890,1.23890,1.23890
2013-02-05,1.23690,1.23690,1.23690,1.23690
2013-02-06,1.23900,1.23900,1.23900,1.23900
2013-02-07,1.23970,1.23970,1.23970,1.23970
2013-02-08,1.23820,1.23820,1.23820,1.23820
2013-02-11,1.24160,1.24160,1.24160,1.24160
2013-02-12,1.23900,1.23900,1.23900,1.23900
2013-02-13,1.23680,1.23680,1.23680,1.23680
2013-02-14,1.23480,1.23480,1.23480,1.23480
2013-02-15,1.23700,1.23700,1.23700,1.23700
2013-02-18,1.24010,1.24010,1.24010,1.24010
2013-02-19,1.23610,1.23610,1.23610,1.23610
2013-02-20,1.23930,1.23930,1.23930,1.23930
2013-02-21,1.24220,1.24220,1.24220,1.24220
2013-02-22,1.23720,1.23720,1.23720,1.23720
2013-02-25,1.23950,1.23950,1.23950,1.23950
2013-02-26,1.23890,1.23890,1.23890,1.23890
2013-02-27,1.23650,1.23650,1.23650,1.23650
2013-02-28,1.23860,1.23860,1.23860,1.23860
2013-03-01,1.24030,1.24030,1.24030,1.24030
2013-03-04,1.24560,1.24560,1.24560,1.24560
2013-03-05,1.24580,1.24580,1.24580,1.24580
2013-03-06,1.24870,1.24870,1.24870,1.24870
2013-03-07,1.24450,1.24450,1.24450,1.24450
2013-03-08,1.24700,1.24700,1.24700,1.24700
2013-03-11,1.24810,1.24810,1.24810,1.24810
2013-03-12,1.24660,1.24660,1.24660,1.24660
2013-03-13,1.24920,1.24920,1.24920,1.24920
2013-03-14,1.24960,1.24960,1.24960,1.24960
2013-03-15,1.24730,1.24730,1.24730,1.24730
2013-03-18,1.24920,1.24920,1.24920,1.24920
2013-03-19,1.25100,1.25100,1.25100,1.25100
2013-03-20,1.25130,1.25130,1.25130,1.25130
2013-03-21,1.24960,1.24960,1.24960,1.24960
2013-03-22,1.24810,1.24810,1.24810,1.24810
2013-03-25,1.24370,1.24370,1.24370,1.24370
2013-03-26,1.24050,1.24050,1.24050,1.24050
2013-03-27,1.24260,1.24260,1.24260,1.24260
2013-03-28,1.24070,1.24070,1.24070,1.24070
2013-03-29,1.24100,1.24100,1.24100,1.24100
2013-04-01,1.24010,1.24010,1.24010,1.24010
2013-04-02,1.23950,1.23950,1.23950,1.23950
2013-04-03,1.23890,1.23890,1.23890,1.23890
2013-04-04,1.24010,1.24010,1.24010,1.24010
2013-04-05,1.24070,1.24070,1.24070,1.24070
2013-04-08,1.24220,1.24220,1.24220,1.24220
2013-04-09,1.23950,1.23950,1.23950,1.23950
2013-04-10,1.23800,1.23800,1.23800,1.23800
2013-04-11,1.23720,1.23720,1.23720,1.23720
2013-04-12,1.23680,1.23680,1.23680,1.23680
2013-04-15,1.23910,1.23910,1.23910,1.23910
2013-04-16,1.23480,1.23480,1.23480,1.23480
2013-04-17,1.23650,1.23650,1.23650,1.23650
2013-04-18,1.23590,1.23590,1.23590,1.23590
2013-04-19,1.23700,1.23700,1.23700,1.23700
2013-04-22,1.24010,1.24010,1.24010,1.24010
2013-04-23,1.24120,1.24120,1.24120,1.24120
2013-04-24,1.24200,1.24200,1.24200,1.24200
2013-04-25,1.23880,1.23880,1.23880,1.23880
2013-04-26,1.23650,1.23650,1.23650,1.23650
2013-04-29,1.23380,1.23380,1.23380,1.23380
2013-04-30,1.23150,1.23150,1.23150,1.23150
2013-05-01,1.23290,1.23290,1.23290,1.23290
2013-05-02,1.23530,1.23530,1.23530,1.23530
2013-05-03,1.23380,1.23380,1.23380,1.23380
2013-05-06,1.23110,1.23110,1.23110,1.23110
2013-05-07,1.23210,1.23210,1.23210,1.23210
2013-05-08,1.22770,1.22770,1.22770,1.22770
2013-05-09,1.23360,1.23360,1.23360,1.23360
2013-05-10,1.23840,1.23840,1.23840,1.23840
2013-05-13,1.24140,1.24140,1.24140,1.24140
2013-05-14,1.24330,1.24330,1.24330,1.24330
2013-05-15,1.24560,1.24560,1.24560,1.24560
2013-05-16,1.25250,1.25250,1.25250,1.25250
2013-05-17,1.25900,1.25900,1.25900,1.25900
2013-05-20,1.25400,1.25400,1.25400,1.25400
2013-05-21,1.25990,1.25990,1.25990,1.25990
2013-05-22,1.26660,1.26660,1.26660,1.26660
2013-05-23,1.26370,1.26370,1.26370,1.26370
2013-05-24,1.26410,1.26410,1.26410,1.26410
2013-05-27,1.26110,1.26110,1.26110,1.26110
2013-05-28,1.27080,1.27080,1.27080,1.27080
2013-05-29,1.26620,1.26620,1.26620,1.26620
2013-05-30,1.25720,1.25720,1.25720,1.25720
2013-05-31,1.26430,1.26430,1.26430,1.26430
2013-06-03,1.25210,1.25210,1.25210,1.25210
2013-06-04,1.25230,1.25230,1.25230,1.25230
2013-06-05,1.24960,1.24960,1.24960,1.24960
2013-06-06,1.24450,1.24450,1.24450,1.24450
2013-06-07,1.24900,1.24900,1.24900,1.24900
2013-06-10,1.25800,1.25800,1.25800,1.25800
2013-06-11,1.25420,1.25420,1.25420,1.25420
2013-06-12,1.25590,1.25590,1.25590,1.25590
2013-06-13,1.24890,1.24890,1.24890,1.24890
2013-06-14,1.25150,1.25150,1.25150,1.25150
2013-06-17,1.25500,1.25500,1.25500,1.25500
2013-06-18,1.26110,1.26110,1.26110,1.26110
2013-06-19,1.26910,1.26910,1.26910,1.26910
2013-06-20,1.27360,1.27360,1.27360,1.27360
2013-06-21,1.27730,1.27730,1.27730,1.27730
2013-06-24,1.27570,1.27570,1.27570,1.27570
2013-06-25,1.26940,1.26940,1.26940,1.26940
2013-06-26,1.27440,1.27440,1.27440,1.27440
2013-06-27,1.26660,1.26660,1.26660,1.26660
2013-06-28,1.26710,1.26710,1.26710,1.26710
2013-07-01,1.26410,1.26410,1.26410,1.26410
2013-07-02,1.27170,1.27170,1.27170,1.27170
2013-07-03,1.27320,1.27320,1.27320,1.27320
2013-07-04,1.27340,1.27340,1.27340,1.27340
2013-07-05,1.28140,1.28140,1.28140,1.28140
2013-07-08,1.27900,1.27900,1.27900,1.27900
2013-07-09,1.27780,1.27780,1.27780,1.27780
2013-07-10,1.27150,1.27150,1.27150,1.27150
2013-07-11,1.25910,1.25910,1.25910,1.25910
2013-07-12,1.26240,1.26240,1.26240,1.26240
2013-07-15,1.26200,1.26200,1.26200,1.26200
2013-07-16,1.25930,1.25930,1.25930,1.25930
2013-07-17,1.26100,1.26100,1.26100,1.26100
2013-07-18,1.26640,1.26640,1.26640,1.26640
2013-07-19,1.26640,1.26640,1.26640,1.26640
2013-07-22,1.26030,1.26030,1.26030,1.26030
2013-07-23,1.26370,1.26370,1.26370,1.26370
2013-07-24,1.26750,1.26750,1.26750,1.26750
2013-07-25,1.26430,1.26430,1.26430,1.26430
2013-07-26,1.26430,1.26430,1.26430,1.26430
2013-07-29,1.26710,1.26710,1.26710,1.26710
2013-07-30,1.27060,1.27060,1.27060,1.27060
2013-07-31,1.27100,1.27100,1.27100,1.27100
2013-08-01,1.27670,1.27670,1.27670,1.27670
2013-08-02,1.27170,1.27170,1.27170,1.27170
2013-08-05,1.26920,1.26920,1.26920,1.26920
2013-08-06,1.26680,1.26680,1.26680,1.26680
2013-08-07,1.26710,1.26710,1.26710,1.26710
2013-08-08,1.25970,1.25970,1.25970,1.25970
2013-08-09,1.25740,1.25740,1.25740,1.25740
2013-08-12,1.26260,1.26260,1.26260,1.26260
2013-08-13,1.26790,1.26790,1.26790,1.26790
2013-08-14,1.27000,1.27000,1.27000,1.27000
2013-08-15,1.26910,1.26910,1.26910,1.26910
2013-08-16,1.27020,1.27020,1.27020,1.27020
2013-08-19,1.27740,1.27740,1.27740,1.27740
2013-08-20,1.27400,1.27400,1.27400,1.27400
2013-08-21,1.28390,1.28390,1.28390,1.28390
2013-08-22,1.28160,1.28160,1.28160,1.28160
2013-08-23,1.27900,1.27900,1.27900,1.27900
2013-08-26,1.28090,1.28090,1.28090,1.28090
2013-08-27,1.28260,1.28260,1.28260,1.28260
2013-08-28,1.27650,1.27650,1.27650,1.27650
2013-08-29,1.27520,1.27520,1.27520,1.27520
2013-08-30,1.27460,1.27460,1.27460,1.27460
2013-09-02,1.27400,1.27400,1.27400,1.27400
2013-09-03,1.27860,1.27860,1.27860,1.27860
2013-09-04,1.27480,1.27480,1.27480,1.27480
2013-09-05,1.28090,1.28090,1.28090,1.28090
2013-09-06,1.27420,1.27420,1.27420,1.27420
2013-09-09,1.26870,1.26870,1.26870,1.26870
2013-09-10,1.26870,1.26870,1.26870,1.26870
2013-09-11,1.26600,1.26600,1.26600,1.26600
2013-09-12,1.26750,1.26750,1.26750,1.26750
2013-09-13,1.26940,1.26940,1.26940,1.26940
2013-09-16,1.26180,1.26180,1.26180,1.26180
2013-09-17,1.25970,1.25970,1.25970,1.25970
2013-09-18,1.24640,1.24640,1.24640,1.24640
2013-09-19,1.24680,1.24680,1.24680,1.24680
2013-09-20,1.25230,1.25230,1.25230,1.25230
2013-09-23,1.24980,1.24980,1.24980,1.24980
2013-09-24,1.25440,1.25440,1.25440,1.25440
2013-09-25,1.25420,1.25420,1.25420,1.25420
2013-09-26,1.25480,1.25480,1.25480,1.25480
2013-09-27,1.25650,1.25650,1.25650,1.25650
2013-09-30,1.25530,1.25530,1.25530,1.25530
2013-10-01,1.25150,1.25150,1.25150,1.25150
2013-10-02,1.24850,1.24850,1.24850,1.24850
2013-10-03,1.24940,1.24940,1.24940,1.24940
2013-10-04,1.24660,1.24660,1.24660,1.24660
2013-10-07,1.24790,1.24790,1.24790,1.24790
2013-10-08,1.24960,1.24960,1.24960,1.24960
2013-10-09,1.24980,1.24980,1.24980,1.24980
2013-10-10,1.24810,1.24810,1.24810,1.24810
2013-10-11,1.24580,1.24580,1.24580,1.24580
2013-10-14,1.24370,1.24370,1.24370,1.24370
2013-10-15,1.24370,1.24370,1.24370,1.24370
2013-10-16,1.24350,1.24350,1.24350,1.24350
2013-10-17,1.23950,1.23950,1.23950,1.23950
2013-10-18,1.23910,1.23910,1.23910,1.23910
2013-10-21,1.24160,1.24160,1.24160,1.24160
2013-10-22,1.23570,1.23570,1.23570,1.23570
2013-10-23,1.23900,1.23900,1.23900,1.23900
2013-10-24,1.23740,1.23740,1.23740,1.23740
2013-10-25,1.23570,1.23570,1.23570,1.23570
2013-10-28,1.23760,1.23760,1.23760,1.23760
2013-10-29,1.24120,1.24120,1.24120,1.24120
2013-10-30,1.23970,1.23970,1.23970,1.23970
2013-10-31,1.24180,1.24180,1.24180,1.24180
2013-11-01,1.24300,1.24300,1.24300,1.24300
2013-11-04,1.24240,1.24240,1.24240,1.24240
2013-11-05,1.24240,1.24240,1.24240,1.24240
2013-11-06,1.24290,1.24290,1.24290,1.24290
2013-11-07,1.24520,1.24520,1.24520,1.24520
2013-11-08,1.24710,1.24710,1.24710,1.24710
2013-11-11,1.24900,1.24900,1.24900,1.24900
2013-11-12,1.25,1.25,1.25,1.25
2013-11-13,1.24690,1.24690,1.24690,1.24690
2013-11-14,1.24730,1.24730,1.24730,1.24730
2013-11-15,1.24640,1.24640,1.24640,1.24640
2013-11-18,1.24640,1.24640,1.24640,1.24640
2013-11-19,1.24350,1.24350,1.24350,1.24350
2013-11-20,1.24640,1.24640,1.24640,1.24640
2013-11-21,1.25,1.25,1.25,1.25
2013-11-22,1.24940,1.24940,1.24940,1.24940
2013-11-25,1.25040,1.25040,1.25040,1.25040
2013-11-26,1.25150,1.25150,1.25150,1.25150
2013-11-27,1.25480,1.25480,1.25480,1.25480
2013-11-28,1.25550,1.25550,1.25550,1.25550
2013-11-29,1.25500,1.25500,1.25500,1.25500
2013-12-02,1.25610,1.25610,1.25610,1.25610
2013-12-03,1.25250,1.25250,1.25250,1.25250
2013-12-04,1.25460,1.25460,1.25460,1.25460
2013-12-05,1.25320,1.25320,1.25320,1.25320
2013-12-06,1.24960,1.24960,1.24960,1.24960
2013-12-09,1.24920,1.24920,1.24920,1.24920
2013-12-10,1.24870,1.24870,1.24870,1.24870
2013-12-11,1.25170,1.25170,1.25170,1.25170
2013-12-12,1.25590,1.25590,1.25590,1.25590
2013-12-13,1.25500,1.25500,1.25500,1.25500
2013-12-16,1.25510,1.25510,1.25510,1.25510
2013-12-17,1.25720,1.25720,1.25720,1.25720
2013-12-18,1.26140,1.26140,1.26140,1.26140
2013-12-19,1.26600,1.26600,1.26600,1.26600
2013-12-20,1.26620,1.26620,1.26620,1.26620
2013-12-23,1.26730,1.26730,1.26730,1.26730
2013-12-24,1.26830,1.26830,1.26830,1.26830
2013-12-25,1.26750,1.26750,1.26750,1.26750
2013-12-26,1.26940,1.26940,1.26940,1.26940
2013-12-27,1.26920,1.26920,1.26920,1.26920
2013-12-30,1.26770,1.26770,1.26770,1.26770
2013-12-31,1.26350,1.26350,1.26350,1.26350
2014-01-01,1.26300,1.26300,1.26300,1.26300
2014-01-02,1.26730,1.26730,1.26730,1.26730
2014-01-03,1.26660,1.26660,1.26660,1.26660
2014-01-06,1.26790,1.26790,1.26790,1.26790
2014-01-07,1.27120,1.27120,1.27120,1.27120
2014-01-08,1.27380,1.27380,1.27380,1.27380
2014-01-09,1.27080,1.27080,1.27080,1.27080
2014-01-10,1.26390,1.26390,1.26390,1.26390
2014-01-13,1.26470,1.26470,1.26470,1.26470
2014-01-14,1.26920,1.26920,1.26920,1.26920
2014-01-15,1.27320,1.27320,1.27320,1.27320
2014-01-16,1.27150,1.27150,1.27150,1.27150
2014-01-17,1.27590,1.27590,1.27590,1.27590
2014-01-20,1.27650,1.27650,1.27650,1.27650
2014-01-21,1.27860,1.27860,1.27860,1.27860
2014-01-22,1.27880,1.27880,1.27880,1.27880
2014-01-23,1.27840,1.27840,1.27840,1.27840
2014-01-24,1.27860,1.27860,1.27860,1.27860
2014-01-27,1.27650,1.27650,1.27650,1.27650
2014-01-28,1.27530,1.27530,1.27530,1.27530
2014-01-29,1.27760,1.27760,1.27760,1.27760
2014-01-30,1.27520,1.27520,1.27520,1.27520
2014-01-31,1.27670,1.27670,1.27670,1.27670
2014-02-03,1.27590,1.27590,1.27590,1.27590
2014-02-04,1.26890,1.26890,1.26890,1.26890
2014-02-05,1.26810,1.26810,1.26810,1.26810
2014-02-06,1.26850,1.26850,1.26850,1.26850
2014-02-07,1.26830,1.26830,1.26830,1.26830
2014-02-10,1.27080,1.27080,1.27080,1.27080
2014-02-11,1.26750,1.26750,1.26750,1.26750
2014-02-12,1.26600,1.26600,1.26600,1.26600
2014-02-13,1.26490,1.26490,1.26490,1.26490
2014-02-14,1.25880,1.25880,1.25880,1.25880
2014-02-17,1.25910,1.25910,1.25910,1.25910
2014-02-18,1.26110,1.26110,1.26110,1.26110
2014-02-19,1.26350,1.26350,1.26350,1.26350
2014-02-20,1.26410,1.26410,1.26410,1.26410
2014-02-21,1.26760,1.26760,1.26760,1.26760
2014-02-24,1.26280,1.26280,1.26280,1.26280
2014-02-25,1.26390,1.26390,1.26390,1.26390
2014-02-26,1.26680,1.26680,1.26680,1.26680
2014-02-27,1.26410,1.26410,1.26410,1.26410
2014-02-28,1.26750,1.26750,1.26750,1.26750
2014-03-03,1.27070,1.27070,1.27070,1.27070
2014-03-04,1.26940,1.26940,1.26940,1.26940
2014-03-05,1.27020,1.27020,1.27020,1.27020
2014-03-06,1.26330,1.26330,1.26330,1.26330
2014-03-07,1.26860,1.26860,1.26860,1.26860
2014-03-10,1.26870,1.26870,1.26870,1.26870
2014-03-11,1.26760,1.26760,1.26760,1.26760
2014-03-12,1.26660,1.26660,1.26660,1.26660
2014-03-13,1.26680,1.26680,1.26680,1.26680
2014-03-14,1.26520,1.26520,1.26520,1.26520
2014-03-17,1.26440,1.26440,1.26440,1.26440
2014-03-18,1.26370,1.26370,1.26370,1.26370
2014-03-19,1.27380,1.27380,1.27380,1.27380
2014-03-20,1.27780,1.27780,1.27780,1.27780
2014-03-21,1.27410,1.27410,1.27410,1.27410
2014-03-24,1.27110,1.27110,1.27110,1.27110
2014-03-25,1.26810,1.26810,1.26810,1.26810
2014-03-26,1.26760,1.26760,1.26760,1.26760
2014-03-27,1.26430,1.26430,1.26430,1.26430
2014-03-28,1.25840,1.25840,1.25840,1.25840
2014-03-31,1.25760,1.25760,1.25760,1.25760
2014-04-01,1.25940,1.25940,1.25940,1.25940
2014-04-02,1.26240,1.26240,1.26240,1.26240
2014-04-03,1.26330,1.26330,1.26330,1.26330
2014-04-04,1.25880,1.25880,1.25880,1.25880
2014-04-07,1.25920,1.25920,1.25920,1.25920
2014-04-08,1.25130,1.25130,1.25130,1.25130
2014-04-09,1.24660,1.24660,1.24660,1.24660
2014-04-10,1.25,1.25,1.25,1.25
2014-04-11,1.24870,1.24870,1.24870,1.24870
2014-04-14,1.25350,1.25350,1.25350,1.25350
2014-04-15,1.25250,1.25250,1.25250,1.25250
2014-04-16,1.25070,1.25070,1.25070,1.25070
2014-04-17,1.25270,1.25270,1.25270,1.25270
2014-04-18,1.25270,1.25270,1.25270,1.25270
2014-04-21,1.25200,1.25200,1.25200,1.25200
2014-04-22,1.25590,1.25590,1.25590,1.25590
2014-04-23,1.25620,1.25620,1.25620,1.25620
2014-04-24,1.25780,1.25780,1.25780,1.25780
2014-04-25,1.25660,1.25660,1.25660,1.25660
2014-04-28,1.25700,1.25700,1.25700,1.25700
2014-04-29,1.25590,1.25590,1.25590,1.25590
2014-04-30,1.25380,1.25380,1.25380,1.25380
2014-05-01,1.25270,1.25270,1.25270,1.25270
2014-05-02,1.25310,1.25310,1.25310,1.25310
2014-05-05,1.25040,1.25040,1.25040,1.25040
2014-05-06,1.24720,1.24720,1.24720,1.24720
2014-05-07,1.24910,1.24910,1.24910,1.24910
2014-05-08,1.24750,1.24750,1.24750,1.24750
2014-05-09,1.24880,1.24880,1.24880,1.24880
2014-05-12,1.25090,1.25090,1.25090,1.25090
2014-05-13,1.25210,1.25210,1.25210,1.25210
2014-05-14,1.25040,1.25040,1.25040,1.25040
2014-05-15,1.25200,1.25200,1.25200,1.25200
2014-05-16,1.25130,1.25130,1.25130,1.25130
2014-05-19,1.25040,1.25040,1.25040,1.25040
2014-05-20,1.25270,1.25270,1.25270,1.25270
2014-05-21,1.25130,1.25130,1.25130,1.25130
2014-05-22,1.25150,1.25150,1.25150,1.25150
2014-05-23,1.25350,1.25350,1.25350,1.25350
2014-05-26,1.25360,1.25360,1.25360,1.25360
2014-05-27,1.25670,1.25670,1.25670,1.25670
2014-05-28,1.25610,1.25610,1.25610,1.25610
2014-05-29,1.25480,1.25480,1.25480,1.25480
2014-05-30,1.25460,1.25460,1.25460,1.25460
2014-06-02,1.25690,1.25690,1.25690,1.25690
2014-06-03,1.25690,1.25690,1.25690,1.25690
2014-06-04,1.25800,1.25800,1.25800,1.25800
2014-06-05,1.25240,1.25240,1.25240,1.25240
2014-06-06,1.25190,1.25190,1.25190,1.25190
2014-06-09,1.24980,1.24980,1.24980,1.24980
2014-06-10,1.24970,1.24970,1.24970,1.24970
2014-06-11,1.25050,1.25050,1.25050,1.25050
2014-06-12,1.24830,1.24830,1.24830,1.24830
2014-06-13,1.25110,1.25110,1.25110,1.25110
2014-06-16,1.25070,1.25070,1.25070,1.25070
2014-06-17,1.25360,1.25360,1.25360,1.25360
2014-06-18,1.24870,1.24870,1.24870,1.24870
2014-06-19,1.24980,1.24980,1.24980,1.24980
2014-06-20,1.24890,1.24890,1.24890,1.24890
2014-06-23,1.24870,1.24870,1.24870,1.24870
2014-06-24,1.24920,1.24920,1.24920,1.24920
2014-06-25,1.25,1.25,1.25,1.25
2014-06-26,1.24920,1.24920,1.24920,1.24920
2014-06-27,1.24980,1.24980,1.24980,1.24980
2014-06-30,1.24660,1.24660,1.24660,1.24660
2014-07-01,1.24580,1.24580,1.24580,1.24580
2014-07-02,1.24760,1.24760,1.24760,1.24760
2014-07-03,1.24680,1.24680,1.24680,1.24680
2014-07-04,1.24640,1.24640,1.24640,1.24640
2014-07-07,1.24690,1.24690,1.24690,1.24690
2014-07-08,1.24350,1.24350,1.24350,1.24350
2014-07-09,1.24160,1.24160,1.24160,1.24160
2014-07-10,1.24160,1.24160,1.24160,1.24160
2014-07-11,1.24100,1.24100,1.24100,1.24100
2014-07-14,1.24160,1.24160,1.24160,1.24160
2014-07-15,1.24360,1.24360,1.24360,1.24360
2014-07-16,1.24250,1.24250,1.24250,1.24250
2014-07-17,1.24380,1.24380,1.24380,1.24380
2014-07-18,1.24110,1.24110,1.24110,1.24110
2014-07-21,1.23970,1.23970,1.23970,1.23970
2014-07-22,1.23990,1.23990,1.23990,1.23990
2014-07-23,1.23690,1.23690,1.23690,1.23690
2014-07-24,1.24120,1.24120,1.24120,1.24120
2014-07-25,1.24210,1.24210,1.24210,1.24210
2014-07-28,1.24170,1.24170,1.24170,1.24170
2014-07-29,1.24290,1.24290,1.24290,1.24290
2014-07-30,1.24430,1.24430,1.24430,1.24430
2014-07-31,1.24770,1.24770,1.24770,1.24770
2014-08-01,1.24690,1.24690,1.24690,1.24690
2014-08-04,1.24600,1.24600,1.24600,1.24600
2014-08-05,1.24770,1.24770,1.24770,1.24770
2014-08-06,1.24850,1.24850,1.24850,1.24850
2014-08-07,1.25230,1.25230,1.25230,1.25230
2014-08-08,1.25230,1.25230,1.25230,1.25230
2014-08-11,1.25020,1.25020,1.25020,1.25020
2014-08-12,1.25060,1.25060,1.25060,1.25060
2014-08-13,1.24940,1.24940,1.24940,1.24940
2014-08-14,1.24640,1.24640,1.24640,1.24640
2014-08-15,1.24480,1.24480,1.24480,1.24480
2014-08-18,1.24490,1.24490,1.24490,1.24490
2014-08-19,1.24740,1.24740,1.24740,1.24740
2014-08-20,1.25140,1.25140,1.25140,1.25140
2014-08-21,1.24960,1.24960,1.24960,1.24960
2014-08-22,1.24940,1.24940,1.24940,1.24940
2014-08-25,1.25,1.25,1.25,1.25
2014-08-26,1.24980,1.24980,1.24980,1.24980
2014-08-27,1.24790,1.24790,1.24790,1.24790
2014-08-28,1.24970,1.24970,1.24970,1.24970
2014-08-29,1.24880,1.24880,1.24880,1.24880
2014-09-01,1.24970,1.24970,1.24970,1.24970
2014-09-02,1.25350,1.25350,1.25350,1.25350
2014-09-03,1.25160,1.25160,1.25160,1.25160
2014-09-04,1.25570,1.25570,1.25570,1.25570
2014-09-05,1.25400,1.25400,1.25400,1.25400
2014-09-08,1.25910,1.25910,1.25910,1.25910
2014-09-09,1.26280,1.26280,1.26280,1.26280
2014-09-10,1.26320,1.26320,1.26320,1.26320
2014-09-11,1.26360,1.26360,1.26360,1.26360
2014-09-12,1.26320,1.26320,1.26320,1.26320
2014-09-15,1.26360,1.26360,1.26360,1.26360
2014-09-16,1.26030,1.26030,1.26030,1.26030
2014-09-17,1.26760,1.26760,1.26760,1.26760
2014-09-18,1.26690,1.26690,1.26690,1.26690
2014-09-19,1.26680,1.26680,1.26680,1.26680
2014-09-22,1.27000,1.27000,1.27000,1.27000
2014-09-23,1.26890,1.26890,1.26890,1.26890
2014-09-24,1.26730,1.26730,1.26730,1.26730
2014-09-25,1.27020,1.27020,1.27020,1.27020
2014-09-26,1.27460,1.27460,1.27460,1.27460
2014-09-29,1.27480,1.27480,1.27480,1.27480
2014-09-30,1.27570,1.27570,1.27570,1.27570
2014-10-01,1.27210,1.27210,1.27210,1.27210
2014-10-02,1.27210,1.27210,1.27210,1.27210
2014-10-03,1.28220,1.28220,1.28220,1.28220
2014-10-06,1.27630,1.27630,1.27630,1.27630
2014-10-07,1.27530,1.27530,1.27530,1.27530
2014-10-08,1.27320,1.27320,1.27320,1.27320
2014-10-09,1.27160,1.27160,1.27160,1.27160
2014-10-10,1.27580,1.27580,1.27580,1.27580
2014-10-13,1.27210,1.27210,1.27210,1.27210
2014-10-14,1.27630,1.27630,1.27630,1.27630
2014-10-15,1.27170,1.27170,1.27170,1.27170
2014-10-16,1.27400,1.27400,1.27400,1.27400
2014-10-17,1.27540,1.27540,1.27540,1.27540
2014-10-20,1.26940,1.26940,1.26940,1.26940
2014-10-21,1.27140,1.27140,1.27140,1.27140
2014-10-22,1.27310,1.27310,1.27310,1.27310
2014-10-23,1.27720,1.27720,1.27720,1.27720
2014-10-24,1.27550,1.27550,1.27550,1.27550
2014-10-27,1.27460,1.27460,1.27460,1.27460
2014-10-28,1.27210,1.27210,1.27210,1.27210
2014-10-29,1.27780,1.27780,1.27780,1.27780
2014-10-30,1.27760,1.27760,1.27760,1.27760
2014-10-31,1.28470,1.28470,1.28470,1.28470
2014-11-03,1.29120,1.29120,1.29120,1.29120
2014-11-04,1.28870,1.28870,1.28870,1.28870
2014-11-05,1.29340,1.29340,1.29340,1.29340
2014-11-06,1.29620,1.29620,1.29620,1.29620
2014-11-07,1.28890,1.28890,1.28890,1.28890
2014-11-10,1.29110,1.29110,1.29110,1.29110
2014-11-11,1.29110,1.29110,1.29110,1.29110
2014-11-12,1.28960,1.28960,1.28960,1.28960
2014-11-13,1.29140,1.29140,1.29140,1.29140
2014-11-14,1.29680,1.29680,1.29680,1.29680
2014-11-17,1.29850,1.29850,1.29850,1.29850
2014-11-18,1.29790,1.29790,1.29790,1.29790
2014-11-19,1.30570,1.30570,1.30570,1.30570
2014-11-20,1.30030,1.30030,1.30030,1.30030
2014-11-21,1.29900,1.29900,1.29900,1.29900
2014-11-24,1.30280,1.30280,1.30280,1.30280
2014-11-25,1.30070,1.30070,1.30070,1.30070
2014-11-26,1.29790,1.29790,1.29790,1.29790
2014-11-27,1.29850,1.29850,1.29850,1.29850
2014-11-28,1.30330,1.30330,1.30330,1.30330
2014-12-01,1.30670,1.30670,1.30670,1.30670
2014-12-02,1.31160,1.31160,1.31160,1.31160
2014-12-03,1.3125,1.3125,1.3125,1.3125
2014-12-04,1.31220,1.31220,1.31220,1.31220
2014-12-05,1.32300,1.32300,1.32300,1.32300
2014-12-08,1.31950,1.31950,1.31950,1.31950
2014-12-09,1.31640,1.31640,1.31640,1.31640
2014-12-10,1.31160,1.31160,1.31160,1.31160
2014-12-11,1.31310,1.31310,1.31310,1.31310
2014-12-12,1.31340,1.31340,1.31340,1.31340
2014-12-15,1.31280,1.31280,1.31280,1.31280
2014-12-16,1.30320,1.30320,1.30320,1.30320
2014-12-17,1.31060,1.31060,1.31060,1.31060
2014-12-18,1.31390,1.31390,1.31390,1.31390
2014-12-19,1.31500,1.31500,1.31500,1.31500
2014-12-22,1.31860,1.31860,1.31860,1.31860
2014-12-23,1.32530,1.32530,1.32530,1.32530
2014-12-24,1.32400,1.32400,1.32400,1.32400
2014-12-25,1.32240,1.32240,1.32240,1.32240
2014-12-26,1.32470,1.32470,1.32470,1.32470
2014-12-29,1.32370,1.32370,1.32370,1.32370
2014-12-30,1.32170,1.32170,1.32170,1.32170
2014-12-31,1.32550,1.32550,1.32550,1.32550
2015-01-01,1.32360,1.32360,1.32360,1.32360
2015-01-02,1.33120,1.33120,1.33120,1.33120
2015-01-05,1.33530,1.33530,1.33530,1.33530
2015-01-06,1.33300,1.33300,1.33300,1.33300
2015-01-07,1.33840,1.33840,1.33840,1.33840
2015-01-08,1.33690,1.33690,1.33690,1.33690
2015-01-09,1.33250,1.33250,1.33250,1.33250
2015-01-12,1.33420,1.33420,1.33420,1.33420
2015-01-13,1.33350,1.33350,1.33350,1.33350
2015-01-14,1.33430,1.33430,1.33430,1.33430
2015-01-15,1.32630,1.32630,1.32630,1.32630
2015-01-16,1.32610,1.32610,1.32610,1.32610
2015-01-19,1.33370,1.33370,1.33370,1.33370
2015-01-20,1.33690,1.33690,1.33690,1.33690
2015-01-21,1.33570,1.33570,1.33570,1.33570
2015-01-22,1.33940,1.33940,1.33940,1.33940
2015-01-23,1.34480,1.34480,1.34480,1.34480
2015-01-26,1.34480,1.34480,1.34480,1.34480
2015-01-27,1.33890,1.33890,1.33890,1.33890
2015-01-28,1.35290,1.35290,1.35290,1.35290
2015-01-29,1.35380,1.35380,1.35380,1.35380
2015-01-30,1.35290,1.35290,1.35290,1.35290
2015-02-02,1.35170,1.35170,1.35170,1.35170
2015-02-03,1.34620,1.34620,1.34620,1.34620
2015-02-04,1.34870,1.34870,1.34870,1.34870
2015-02-05,1.34460,1.34460,1.34460,1.34460
2015-02-06,1.35310,1.35310,1.35310,1.35310
2015-02-09,1.35370,1.35370,1.35370,1.35370
2015-02-10,1.35490,1.35490,1.35490,1.35490
2015-02-11,1.36110,1.36110,1.36110,1.36110
2015-02-12,1.35620,1.35620,1.35620,1.35620
2015-02-13,1.35420,1.35420,1.35420,1.35420
2015-02-16,1.35670,1.35670,1.35770,1.35690
2015-02-17,1.35560,1.35560,1.35660,1.35570
2015-02-18,1.35570,1.35570,1.35670,1.35580
2015-02-19,1.35820,1.35820,1.35820,1.35820
2015-02-20,1.36030,1.36030,1.36030,1.36030
2015-02-23,1.35970,1.35970,1.36070,1.35960
2015-02-24,1.35710,1.35710,1.35810,1.35730
2015-02-25,1.35350,1.35350,1.35450,1.35330
2015-02-26,1.35800,1.35800,1.35800,1.35800
2015-02-27,1.36280,1.36280,1.36280,1.36280
2015-03-02,1.36570,1.36570,1.36670,1.36550
2015-03-03,1.36260,1.36260,1.36360,1.36270
2015-03-04,1.36790,1.36790,1.36790,1.36790
2015-03-05,1.37100,1.37100,1.37100,1.37100
2015-03-06,1.38160,1.38160,1.38160,1.38160
2015-03-09,1.38070,1.38070,1.38070,1.38070
2015-03-10,1.39060,1.39060,1.39060,1.39060
2015-03-11,1.38870,1.38890,1.38960,1.38900
2015-03-12,1.38170,1.38190,1.38230,1.38110
2015-03-13,1.39270,1.39270,1.39270,1.39270
2015-03-16,1.39060,1.39060,1.39060,1.39060
2015-03-17,1.38860,1.38860,1.38960,1.38850
2015-03-18,1.37790,1.37790,1.37790,1.37790
2015-03-19,1.38740,1.38740,1.38740,1.38740
2015-03-20,1.37800,1.37800,1.37800,1.37800
2015-03-23,1.36560,1.36560,1.36610,1.36490
2015-03-24,1.36650,1.36660,1.36740,1.36640
2015-03-25,1.37100,1.37100,1.37100,1.37100
2015-03-26,1.37090,1.37090,1.37150,1.37040
2015-03-27,1.36950,1.36950,1.36950,1.36950
2015-03-30,1.37650,1.37650,1.37750,1.37640
2015-03-31,1.37230,1.37240,1.37330,1.37220
2015-04-01,1.36330,1.36330,1.36380,1.36300
2015-04-02,1.35740,1.35740,1.35740,1.35740
2015-04-03,1.35030,1.35030,1.35030,1.35030
2015-04-06,1.35450,1.35450,1.35450,1.35450
2015-04-07,1.35460,1.36090,1.35370,1.36070
2015-04-08,1.36060,1.36060,1.35250,1.35670
2015-04-09,1.35660,1.36010,1.35270,1.35960
2015-04-10,1.35940,1.36840,1.35730,1.36820
2015-04-13,1.36800,1.37480,1.36600,1.37160
2015-04-14,1.37140,1.37290,1.35880,1.36040
2015-04-15,1.36050,1.36440,1.35490,1.35700
2015-04-16,1.35690,1.35720,1.34910,1.34990
2015-04-17,1.34980,1.35120,1.34150,1.34600
2015-04-20,1.34500,1.34950,1.34170,1.34850
2015-04-21,1.34830,1.35360,1.34790,1.35100
2015-04-22,1.35200,1.35290,1.34280,1.34790
2015-04-23,1.34780,1.34970,1.34120,1.34180
2015-04-24,1.34160,1.34360,1.33100,1.33200
2015-04-27,1.33250,1.33400,1.32580,1.32820
2015-04-28,1.32860,1.33040,1.31650,1.31740
2015-04-29,1.31730,1.32370,1.31520,1.32120
2015-04-30,1.32240,1.32770,1.31920,1.32370
2015-05-01,1.32380,1.33140,1.32260,1.33020
2015-05-04,1.32840,1.33400,1.32840,1.33190
2015-05-05,1.33170,1.33790,1.33040,1.33220
2015-05-06,1.33200,1.33270,1.32200,1.32340
2015-05-07,1.32350,1.33370,1.32350,1.33230
2015-05-08,1.33250,1.33420,1.32640,1.32870
2015-05-11,1.33060,1.33750,1.32850,1.33730
2015-05-12,1.33720,1.34010,1.33290,1.33560
2015-05-13,1.33550,1.33630,1.32400,1.32470
2015-05-14,1.32480,1.32660,1.31650,1.32000
2015-05-15,1.31950,1.32680,1.31920,1.32090
2015-05-18,1.32150,1.32910,1.32010,1.32870
2015-05-19,1.32880,1.32880,1.32880,1.32880
2015-05-20,1.32880,1.32880,1.32880,1.32880
2015-05-21,1.32880,1.32880,1.32880,1.32880
2015-05-22,1.32880,1.32880,1.32880,1.32880
2015-05-25,1.33750,1.34270,1.33660,1.34130
2015-05-26,1.34890,1.35020,1.34580,1.35010
2015-05-27,1.35020,1.35410,1.34760,1.35070
2015-05-28,1.35100,1.35340,1.34740,1.34850
2015-05-29,1.34830,1.35010,1.34660,1.34770
2015-06-01,1.34810,1.35670,1.34780,1.35640
2015-06-02,1.35630,1.35730,1.34560,1.34890
2015-06-03,1.34870,1.35110,1.34070,1.34280
2015-06-04,1.34290,1.34850,1.34210,1.34740
2015-06-05,1.34730,1.35940,1.34720,1.35760
2015-06-08,1.35830,1.36300,1.35270,1.35330
2015-06-09,1.35300,1.35560,1.34930,1.35140
2015-06-10,1.35160,1.35480,1.34070,1.34130
2015-06-11,1.34160,1.34990,1.34160,1.34470
2015-06-12,1.34440,1.35140,1.34240,1.34390
2015-06-15,1.34360,1.34970,1.34350,1.34640
2015-06-16,1.34620,1.34750,1.34210,1.34240
2015-06-17,1.34220,1.35050,1.33540,1.33600
2015-06-18,1.33610,1.33750,1.33150,1.33420
2015-06-19,1.33410,1.33810,1.33150,1.33380
2015-06-22,1.33390,1.33690,1.33210,1.33550
2015-06-23,1.33630,1.34290,1.33550,1.34080
2015-06-24,1.34070,1.34670,1.33530,1.34340
2015-06-25,1.34320,1.34530,1.34130,1.34420
2015-06-26,1.34410,1.35010,1.34220,1.34980
2015-06-29,1.35300,1.35650,1.34530,1.34610
2015-06-30,1.34630,1.34810,1.34440,1.34710
2015-07-01,1.34740,1.35380,1.34510,1.35240
2015-07-02,1.35290,1.35360,1.34760,1.34790
2015-07-03,1.34780,1.35050,1.34550,1.34600
2015-07-06,1.34970,1.35260,1.34790,1.34860
2015-07-07,1.34850,1.35820,1.34850,1.35420
2015-07-08,1.35420,1.35850,1.34920,1.35000
2015-07-09,1.34980,1.35290,1.34920,1.34980
2015-07-10,1.34960,1.35210,1.34740,1.35100
2015-07-13,1.35120,1.35840,1.34990,1.35690
2015-07-14,1.35670,1.36300,1.35600,1.36150
2015-07-15,1.36090,1.36700,1.34990,1.36560
2015-07-16,1.36660,1.36870,1.36410,1.36680
2015-07-17,1.36680,1.36820,1.36450,1.36770
2015-07-20,1.36780,1.37350,1.36770,1.37110
2015-07-21,1.37100,1.37230,1.36250,1.36360
2015-07-22,1.36390,1.36770,1.36130,1.36550
2015-07-23,1.36540,1.36910,1.36470,1.36880
2015-07-24,1.36870,1.37580,1.36800,1.37170
2015-07-27,1.37200,1.37370,1.36680,1.36890
2015-07-28,1.36900,1.36970,1.36230,1.36340
2015-07-29,1.36350,1.36910,1.36240,1.36890
2015-07-30,1.36870,1.37690,1.36870,1.37540
2015-07-31,1.37530,1.37750,1.36590,1.37230
2015-08-03,1.37140,1.37850,1.37140,1.37820
2015-08-04,1.37800,1.38160,1.37520,1.38090
2015-08-05,1.38100,1.38720,1.38090,1.38410
2015-08-06,1.38400,1.38870,1.38260,1.38370
2015-08-07,1.38360,1.39000,1.38260,1.38400
2015-08-10,1.38380,1.38840,1.38050,1.38130
2015-08-11,1.38190,1.40360,1.37960,1.40140
2015-08-12,1.40120,1.41460,1.39860,1.39860
2015-08-13,1.39890,1.40340,1.38940,1.39700
2015-08-14,1.39730,1.40780,1.39640,1.40690
2015-08-17,1.40680,1.41080,1.40560,1.40780
2015-08-18,1.40760,1.40930,1.40090,1.40370
2015-08-19,1.40360,1.40800,1.39610,1.40320
2015-08-20,1.40330,1.40760,1.39860,1.40260
2015-08-21,1.40270,1.40970,1.40250,1.40850
2015-08-24,1.40850,1.41680,1.40620,1.41070
2015-08-25,1.41080,1.41100,1.39600,1.40550
2015-08-26,1.40530,1.41010,1.39850,1.40590
2015-08-27,1.40590,1.41010,1.39770,1.39920
2015-08-28,1.39900,1.40950,1.39750,1.40890
2015-08-31,1.40950,1.41430,1.40880,1.41180
2015-09-01,1.41140,1.41410,1.40540,1.41270
2015-09-02,1.41260,1.41870,1.41140,1.41560
2015-09-03,1.41520,1.41820,1.41080,1.41640
2015-09-04,1.41610,1.42480,1.41450,1.42450
2015-09-07,1.42250,1.42850,1.42250,1.42770
2015-09-08,1.42740,1.42950,1.41010,1.41770
2015-09-09,1.41780,1.41780,1.41120,1.41690
2015-09-10,1.41710,1.42420,1.41220,1.41340
2015-09-11,1.41330,1.41760,1.40760,1.41310
2015-09-14,1.41200,1.41230,1.40510,1.40650
2015-09-15,1.40640,1.40710,1.39890,1.40220
2015-09-16,1.40240,1.40320,1.39630,1.39700
2015-09-17,1.39680,1.40170,1.38870,1.39840
2015-09-18,1.39850,1.40150,1.38870,1.40020
2015-09-21,1.40190,1.41180,1.39700,1.41000
2015-09-22,1.41060,1.42000,1.40970,1.41680
2015-09-23,1.41650,1.42800,1.41620,1.42600
2015-09-24,1.42590,1.43010,1.42160,1.42170
2015-09-25,1.42210,1.42710,1.42150,1.42530
2015-09-28,1.42560,1.42970,1.42480,1.42850
2015-09-29,1.42840,1.43350,1.42700,1.42800
2015-09-30,1.42790,1.42790,1.42110,1.42240
2015-10-01,1.42380,1.43090,1.42130,1.43070
2015-10-02,1.43040,1.43650,1.42940,1.43290
2015-10-05,1.43200,1.43290,1.41860,1.42030
2015-10-06,1.42050,1.42800,1.41870,1.41900
2015-10-07,1.41940,1.42460,1.40910,1.41250
2015-10-08,1.41200,1.41450,1.40360,1.40460
2015-10-09,1.40440,1.40550,1.39440,1.39500
2015-10-12,1.39590,1.40280,1.39590,1.39900
2015-10-13,1.39900,1.40490,1.39810,1.40230
2015-10-14,1.40360,1.40400,1.37690,1.37860
2015-10-15,1.37850,1.38240,1.37280,1.37940
2015-10-16,1.37650,1.38530,1.37640,1.38410
2015-10-19,1.38280,1.38930,1.37850,1.38860
2015-10-20,1.38950,1.39260,1.37850,1.39070
2015-10-21,1.39080,1.39460,1.37850,1.39460
2015-10-22,1.39440,1.39690,1.37850,1.39430
2015-10-23,1.39420,1.39840,1.37850,1.39790
2015-10-26,1.39730,1.40000,1.39060,1.39240
2015-10-27,1.39190,1.39750,1.39060,1.39710
2015-10-28,1.39720,1.40490,1.39120,1.40250
2015-10-29,1.40280,1.40620,1.39280,1.40380
2015-10-30,1.40380,1.40470,1.39820,1.40150
2015-11-02,1.40150,1.40480,1.39650,1.39740
2015-11-03,1.39730,1.40140,1.39500,1.39600
2015-11-04,1.39660,1.40590,1.39330,1.40300
2015-11-05,1.40260,1.40870,1.39550,1.40700
2015-11-06,1.40680,1.42110,1.40570,1.41900
2015-11-09,1.42160,1.42610,1.42040,1.42250
2015-11-10,1.42310,1.42440,1.42090,1.42230
2015-11-11,1.42220,1.42330,1.41840,1.42020
2015-11-12,1.42030,1.42190,1.41570,1.41880
2015-11-13,1.41860,1.42460,1.41770,1.42430
2015-11-16,1.42400,1.42550,1.42060,1.42250
2015-11-17,1.42270,1.42450,1.42090,1.42420
2015-11-18,1.42400,1.42660,1.42110,1.42130
2015-11-19,1.42150,1.42160,1.41210,1.41290
2015-11-20,1.41300,1.41540,1.40990,1.41250
2015-11-23,1.41300,1.41970,1.41270,1.41730
2015-11-24,1.41720,1.41810,1.41020,1.41020
2015-11-25,1.41040,1.41050,1.40230,1.40510
2015-11-26,1.40460,1.40890,1.40360,1.40830
2015-11-27,1.40810,1.41510,1.40760,1.41430
2015-11-30,1.41320,1.41570,1.40870,1.41080
2015-12-01,1.41100,1.41190,1.40510,1.40620
2015-12-02,1.40630,1.41350,1.40520,1.41180
2015-12-03,1.41170,1.41370,1.39340,1.39440
2015-12-04,1.39580,1.39980,1.39240,1.39750
2015-12-07,1.39760,1.40650,1.39730,1.40630
2015-12-08,1.40610,1.41330,1.40480,1.40850
2015-12-09,1.40810,1.40950,1.40270,1.40490
2015-12-10,1.40470,1.40580,1.39910,1.40350
2015-12-11,1.40380,1.41450,1.40280,1.41270
2015-12-14,1.41180,1.41380,1.40680,1.40900
2015-12-15,1.40850,1.41090,1.40280,1.40650
2015-12-16,1.40590,1.41290,1.40280,1.40710
2015-12-17,1.40820,1.42190,1.40810,1.41860
2015-12-18,1.41870,1.42070,1.41050,1.41260
2015-12-21,1.41270,1.41370,1.40720,1.40780
2015-12-22,1.40760,1.40780,1.40320,1.40420
2015-12-23,1.40380,1.40910,1.40320,1.40470
2015-12-24,1.40450,1.40600,1.40360,1.40550
2015-12-25,1.40550,1.40550,1.40550,1.40550
2015-12-28,1.40550,1.40550,1.40550,1.40550
2015-12-29,1.40550,1.40550,1.40550,1.40550
2015-12-30,1.41240,1.41640,1.41220,1.41450
2015-12-31,1.41410,1.42030,1.41160,1.41790
2016-01-01,1.41790,1.41790,1.41790,1.41790
2016-01-04,1.41700,1.42790,1.41540,1.42360
2016-01-05,1.42440,1.42860,1.42260,1.42550
2016-01-06,1.42560,1.43900,1.42460,1.43630
2016-01-07,1.43550,1.44280,1.42930,1.43360
2016-01-08,1.43220,1.44280,1.42750,1.44260
2016-01-11,1.44190,1.44430,1.43210,1.43450
2016-01-12,1.43330,1.44090,1.43330,1.43810
2016-01-13,1.43790,1.43830,1.43090,1.43690
2016-01-14,1.43700,1.44090,1.43620,1.43680
2016-01-15,1.43660,1.44260,1.43630,1.44010
2016-01-18,1.44080,1.44090,1.43810,1.43960
2016-01-19,1.43920,1.44000,1.43340,1.43770
2016-01-20,1.43790,1.44120,1.43560,1.43770
2016-01-21,1.43620,1.43960,1.43220,1.43230
2016-01-22,1.43220,1.43420,1.42530,1.42930
2016-01-25,1.42900,1.43160,1.42630,1.43010
2016-01-26,1.43020,1.43270,1.42420,1.42660
2016-01-27,1.42650,1.43260,1.42450,1.43250
2016-01-28,1.43240,1.43270,1.42360,1.42800
2016-01-29,1.42810,1.43070,1.42030,1.42460
2016-02-01,1.42450,1.42780,1.42180,1.42260
2016-02-02,1.42240,1.42940,1.42190,1.42860
2016-02-03,1.42880,1.43350,1.41270,1.41370
2016-02-04,1.41380,1.41680,1.39530,1.39750
2016-02-05,1.39740,1.40960,1.39430,1.40670
2016-02-08,1.40860,1.41040,1.40280,1.40470
2016-02-09,1.40460,1.40840,1.39520,1.39740
2016-02-10,1.39720,1.39770,1.39070,1.39150
2016-02-11,1.39140,1.39350,1.38620,1.38950
2016-02-12,1.38970,1.39950,1.38880,1.39810
2016-02-15,1.39620,1.40300,1.39620,1.40170
2016-02-16,1.40190,1.40680,1.39960,1.40480
2016-02-17,1.40510,1.41120,1.40260,1.40330
2016-02-18,1.40320,1.40560,1.40120,1.40280
2016-02-19,1.40250,1.40930,1.40250,1.40530
2016-02-22,1.40450,1.40730,1.39860,1.39960
2016-02-23,1.39940,1.40910,1.39860,1.40730
2016-02-24,1.40870,1.41100,1.40240,1.40470
2016-02-25,1.40510,1.40550,1.40030,1.40190
2016-02-26,1.40150,1.40970,1.39690,1.40800
2016-02-29,1.40940,1.41180,1.40410,1.40670
2016-03-01,1.40450,1.40670,1.39920,1.40060
2016-03-02,1.40050,1.40430,1.39680,1.39680
2016-03-03,1.39690,1.39880,1.38810,1.38880
2016-03-04,1.38890,1.38950,1.37430,1.37480
2016-03-07,1.37580,1.38400,1.37450,1.37840
2016-03-08,1.37830,1.38700,1.37830,1.38490
2016-03-09,1.38470,1.38840,1.37830,1.38260
2016-03-10,1.38250,1.38840,1.37850,1.38000
2016-03-11,1.38090,1.38190,1.37020,1.37310
2016-03-14,1.37460,1.37770,1.37230,1.37640
2016-03-15,1.37670,1.38260,1.37550,1.38170
2016-03-16,1.38160,1.38520,1.36990,1.36990
2016-03-17,1.36990,1.36990,1.34870,1.35110
2016-03-18,1.35000,1.35920,1.34830,1.35880
2016-03-21,1.35830,1.37580,1.35690,1.35990
2016-03-22,1.36000,1.36430,1.35710,1.35960
2016-03-23,1.35970,1.36870,1.35820,1.36730
2016-03-24,1.36740,1.37200,1.36690,1.36970
2016-03-25,1.37070,1.37350,1.36980,1.37140
2016-03-28,1.37100,1.37390,1.36810,1.36980
2016-03-29,1.37030,1.37090,1.35510,1.35510
2016-03-30,1.35520,1.35830,1.34940,1.35010
2016-03-31,1.35090,1.35250,1.34180,1.34830
2016-04-01,1.34840,1.35500,1.34530,1.35080
2016-04-04,1.34970,1.35360,1.34740,1.35190
2016-04-05,1.35200,1.35920,1.35180,1.35520
2016-04-06,1.35530,1.35730,1.34550,1.34740
2016-04-07,1.34760,1.35350,1.34610,1.35290
2016-04-08,1.35280,1.35470,1.34620,1.34830
2016-04-11,1.34880,1.34940,1.34230,1.34310
2016-04-12,1.34430,1.34920,1.34320,1.34340
2016-04-13,1.34360,1.35310,1.34280,1.35070
2016-04-14,1.35050,1.36430,1.34920,1.36340
2016-04-15,1.36350,1.36570,1.35620,1.35780
2016-04-18,1.35670,1.36230,1.35080,1.35130
2016-04-19,1.35140,1.35220,1.33530,1.33630
2016-04-20,1.33700,1.34470,1.33690,1.34440
2016-04-21,1.34430,1.35080,1.34260,1.34950
2016-04-22,1.34960,1.35540,1.34680,1.35420
2016-04-25,1.35500,1.35610,1.35080,1.35200
2016-04-26,1.35160,1.35560,1.34930,1.35160
2016-04-27,1.35150,1.35560,1.34790,1.34930
2016-04-28,1.34950,1.35020,1.34200,1.34490
2016-04-29,1.34480,1.34720,1.34050,1.34410
2016-05-02,1.34520,1.34580,1.34050,1.34070
2016-05-03,1.34050,1.35280,1.33910,1.35230
2016-05-04,1.35250,1.35940,1.35080,1.35840
2016-05-05,1.35850,1.36080,1.35330,1.35830
2016-05-06,1.35860,1.36230,1.35360,1.36150
2016-05-09,1.36250,1.37210,1.36030,1.37190
2016-05-10,1.37200,1.37290,1.36720,1.36850
2016-05-11,1.36820,1.37110,1.36470,1.36630
2016-05-12,1.36570,1.37330,1.36570,1.37300
2016-05-13,1.37290,1.37600,1.36990,1.37210
2016-05-16,1.37340,1.37420,1.36700,1.36950
2016-05-17,1.36970,1.37140,1.36550,1.36950
2016-05-18,1.36940,1.38280,1.36940,1.38170
2016-05-19,1.38150,1.38280,1.37770,1.38030
2016-05-20,1.37970,1.38280,1.37800,1.38170
2016-05-23,1.38130,1.38130,1.37720,1.37790
2016-05-24,1.37770,1.38420,1.37750,1.38150
2016-05-25,1.38110,1.38290,1.37770,1.37800
2016-05-26,1.37830,1.37860,1.37220,1.37370
2016-05-27,1.37350,1.38040,1.37220,1.37950
2016-05-30,1.38090,1.38360,1.37980,1.38170
2016-05-31,1.38160,1.38160,1.37580,1.37770
2016-06-01,1.37790,1.37980,1.37540,1.37690
2016-06-02,1.37700,1.37770,1.37390,1.37580
2016-06-03,1.37600,1.37740,1.35630,1.35630
2016-06-06,1.35660,1.36260,1.35410,1.35570
2016-06-07,1.35580,1.35860,1.35130,1.35130
2016-06-08,1.35170,1.35380,1.34530,1.34700
2016-06-09,1.34660,1.35450,1.34490,1.35310
2016-06-10,1.35230,1.36130,1.35230,1.36010
2016-06-13,1.36090,1.36230,1.35330,1.35520
2016-06-14,1.35530,1.35710,1.35180,1.35500
2016-06-15,1.35520,1.35830,1.34860,1.35250
2016-06-16,1.35240,1.35460,1.34670,1.34880
2016-06-17,1.34870,1.35190,1.34640,1.34860
2016-06-20,1.34720,1.34900,1.34210,1.34310
2016-06-21,1.34330,1.34380,1.33940,1.34340
2016-06-22,1.34280,1.34380,1.33670,1.33870
2016-06-23,1.33820,1.34070,1.33190,1.33770
2016-06-24,1.33710,1.35330,1.33650,1.35320
2016-06-27,1.35410,1.36420,1.35310,1.36260
2016-06-28,1.36250,1.36270,1.35230,1.35350
2016-06-29,1.35300,1.35480,1.34580,1.34830
2016-06-30,1.34820,1.35460,1.34420,1.34720
2016-07-01,1.34700,1.34820,1.34110,1.34610
2016-07-04,1.34640,1.34680,1.34270,1.34530
2016-07-05,1.34600,1.35200,1.34580,1.35150
2016-07-06,1.35160,1.35710,1.35030,1.35040
2016-07-07,1.35020,1.35140,1.34640,1.35030
2016-07-08,1.35010,1.35350,1.34360,1.34530
2016-07-11,1.34660,1.35170,1.34430,1.35100
2016-07-12,1.35140,1.35280,1.34540,1.34650
2016-07-13,1.34630,1.34980,1.34530,1.34680
2016-07-14,1.34660,1.34810,1.34110,1.34220
2016-07-15,1.34240,1.34970,1.34240,1.34800
2016-07-18,1.34620,1.34980,1.34600,1.34740
2016-07-19,1.34790,1.35480,1.34790,1.35410
2016-07-20,1.35380,1.36020,1.35280,1.35650
2016-07-21,1.35620,1.35930,1.35310,1.35550
2016-07-22,1.35540,1.35940,1.35390,1.35880
2016-07-25,1.35900,1.36320,1.35840,1.36180
2016-07-26,1.36150,1.36370,1.35560,1.35840
2016-07-27,1.35850,1.36110,1.35270,1.35270
2016-07-28,1.35290,1.35460,1.34820,1.35410
2016-07-29,1.35400,1.35400,1.33940,1.33980
2016-08-01,1.34020,1.34570,1.33730,1.34220
2016-08-02,1.34210,1.34430,1.33590,1.34020
2016-08-03,1.33960,1.34380,1.33940,1.34130
2016-08-04,1.34200,1.34380,1.33970,1.34200
2016-08-05,1.34190,1.34830,1.33980,1.34650
2016-08-08,1.34660,1.34910,1.34640,1.34670
2016-08-09,1.34680,1.34910,1.34360,1.34390
2016-08-10,1.34420,1.34460,1.33720,1.34170
2016-08-11,1.34160,1.34570,1.33970,1.34330
2016-08-12,1.34350,1.34720,1.34190,1.34610
2016-08-15,1.34600,1.34740,1.34170,1.34320
2016-08-16,1.34310,1.34380,1.33480,1.33990
2016-08-17,1.34010,1.34600,1.33920,1.34280
2016-08-18,1.34260,1.34260,1.33880,1.33930
2016-08-19,1.33940,1.34800,1.33900,1.34680
2016-08-22,1.34760,1.35380,1.34680,1.35070
2016-08-23,1.35080,1.35200,1.34730,1.35140
2016-08-24,1.35130,1.35620,1.34570,1.35440
2016-08-25,1.35480,1.35600,1.35190,1.35350
2016-08-26,1.35340,1.35980,1.34780,1.35930
2016-08-29,1.35930,1.36260,1.35890,1.35980
2016-08-30,1.36050,1.36490,1.35850,1.36470
2016-08-31,1.36490,1.36610,1.36160,1.36320
2016-09-01,1.36250,1.36540,1.35860,1.35960
2016-09-02,1.35950,1.36150,1.35140,1.36020
2016-09-05,1.36030,1.36070,1.35630,1.35710
2016-09-06,1.35650,1.35860,1.34610,1.34670
2016-09-07,1.34690,1.34820,1.34360,1.34640
2016-09-08,1.34800,1.35180,1.34430,1.35170
2016-09-09,1.35150,1.35980,1.35020,1.35900
2016-09-12,1.36020,1.36320,1.35540,1.35630
2016-09-13,1.35640,1.36850,1.35520,1.36680
2016-09-14,1.36670,1.36820,1.36190,1.36360
2016-09-15,1.36370,1.36970,1.36220,1.36230
2016-09-16,1.36240,1.36950,1.36100,1.36820
2016-09-19,1.36830,1.36870,1.36030,1.36190
2016-09-20,1.36170,1.36380,1.36090,1.36190
2016-09-21,1.36210,1.36580,1.35240,1.35390
2016-09-22,1.35470,1.35730,1.35110,1.35620
2016-09-23,1.35560,1.36000,1.35550,1.35920
2016-09-26,1.35960,1.36260,1.35790,1.36050
2016-09-27,1.36040,1.36210,1.35830,1.35970
2016-09-28,1.35960,1.36240,1.35920,1.35920
2016-09-29,1.35900,1.36470,1.35870,1.36440
2016-09-30,1.36430,1.36660,1.36240,1.36320
2016-10-03,1.36340,1.36640,1.36340,1.36510
2016-10-04,1.36480,1.37140,1.36470,1.37100
2016-10-05,1.37060,1.37200,1.36920,1.36950
2016-10-06,1.36970,1.37430,1.36820,1.37250
2016-10-07,1.37230,1.37600,1.37040,1.37320
2016-10-10,1.37340,1.37540,1.37160,1.375
2016-10-11,1.37490,1.37980,1.37470,1.37940
2016-10-12,1.37950,1.38580,1.37730,1.38430
2016-10-13,1.38410,1.38690,1.38070,1.38150
2016-10-14,1.38110,1.39160,1.37810,1.39030
2016-10-17,1.39050,1.39290,1.38840,1.38950
2016-10-18,1.38940,1.38940,1.38450,1.38620
2016-10-19,1.38640,1.38770,1.38400,1.38680
2016-10-20,1.38670,1.39270,1.38560,1.39220
2016-10-21,1.39180,1.39590,1.39100,1.39410
2016-10-24,1.39340,1.39470,1.39100,1.39330
2016-10-25,1.39320,1.39490,1.38890,1.38970
2016-10-26,1.38980,1.39120,1.38760,1.39100
2016-10-27,1.39110,1.39640,1.39060,1.39480
2016-10-28,1.39470,1.39600,1.39120,1.39160
2016-10-31,1.39200,1.39430,1.39080,1.39110
2016-11-01,1.39150,1.39170,1.38810,1.38860
2016-11-02,1.38870,1.39120,1.38210,1.38440
2016-11-03,1.38450,1.38650,1.38270,1.38380
2016-11-04,1.38370,1.38640,1.38300,1.38340
2016-11-07,1.38300,1.39110,1.38300,1.38950
2016-11-08,1.38930,1.39210,1.38570,1.38650
2016-11-09,1.38640,1.39960,1.38550,1.39900
2016-11-10,1.39910,1.41200,1.39730,1.41150
2016-11-11,1.41140,1.41520,1.40720,1.41310
2016-11-14,1.41350,1.41790,1.41330,1.41500
2016-11-15,1.41520,1.41580,1.40970,1.41340
2016-11-16,1.41350,1.41960,1.41220,1.41450
2016-11-17,1.41510,1.42110,1.41290,1.42080
2016-11-18,1.42070,1.42880,1.42070,1.42590
2016-11-21,1.42780,1.42840,1.42170,1.42430
2016-11-22,1.42360,1.42780,1.42020,1.42380
2016-11-23,1.42360,1.43480,1.42280,1.43200
2016-11-24,1.43180,1.43650,1.42910,1.43220
2016-11-25,1.43210,1.43450,1.42610,1.42780
2016-11-28,1.42830,1.42860,1.42080,1.42400
2016-11-29,1.42350,1.43120,1.42280,1.42500
2016-11-30,1.42510,1.43540,1.42270,1.43390
2016-12-01,1.43450,1.43520,1.42570,1.42600
2016-12-02,1.42610,1.42700,1.41860,1.42110
2016-12-05,1.42130,1.42670,1.41710,1.41870
2016-12-06,1.41900,1.42150,1.41770,1.42080
2016-12-07,1.42130,1.42360,1.41660,1.41680
2016-12-08,1.41680,1.42510,1.41500,1.42290
2016-12-09,1.42300,1.43270,1.42280,1.43010
2016-12-12,1.43240,1.43330,1.42340,1.42340
2016-12-13,1.42360,1.42720,1.42280,1.42400
2016-12-14,1.42410,1.43770,1.42210,1.43710
2016-12-15,1.43730,1.44780,1.43580,1.44330
2016-12-16,1.44300,1.44890,1.44070,1.44550
2016-12-19,1.44530,1.44960,1.44220,1.44910
2016-12-20,1.44930,1.45070,1.44360,1.44600
2016-12-21,1.44610,1.44740,1.44110,1.44520
2016-12-22,1.44510,1.45180,1.44350,1.45090
2016-12-23,1.45110,1.45110,1.44310,1.44670
2016-12-26,1.44790,1.44800,1.44530,1.44650
2016-12-27,1.44720,1.45180,1.44690,1.45050
2016-12-28,1.44990,1.45370,1.44800,1.45040
2016-12-29,1.45050,1.45160,1.44730,1.44830
2016-12-30,1.44820,1.44840,1.44320,1.44820
2017-01-02,1.44940,1.45120,1.44720,1.45050
2017-01-03,1.45070,1.45440,1.44620,1.45030
2017-01-04,1.44990,1.45070,1.43890,1.43940
2017-01-05,1.43900,1.44080,1.42780,1.42830
2017-01-06,1.42840,1.43940,1.42700,1.43920
2017-01-09,1.43960,1.44370,1.43400,1.43650
2017-01-10,1.43630,1.43810,1.43180,1.43620
2017-01-11,1.43600,1.44090,1.42560,1.42690
2017-01-12,1.42720,1.42920,1.42230,1.42740
2017-01-13,1.42730,1.43370,1.42540,1.42760
2017-01-16,1.42840,1.43090,1.42690,1.43000
2017-01-17,1.43040,1.43040,1.41530,1.41550
2017-01-18,1.41540,1.43010,1.41540,1.42960
2017-01-19,1.42990,1.43080,1.42420,1.42590
2017-01-20,1.42600,1.43120,1.42350,1.42510
2017-01-23,1.42400,1.42420,1.41750,1.41780
2017-01-24,1.41810,1.42170,1.41510,1.42130
2017-01-25,1.42120,1.42160,1.41250,1.41310
2017-01-26,1.41290,1.42800,1.41120,1.42660
2017-01-27,1.42600,1.43270,1.42450,1.43250
2017-01-30,1.43100,1.43110,1.41930,1.42120
2017-01-31,1.42110,1.42130,1.40760,1.41000
2017-02-01,1.40970,1.41680,1.40950,1.41270
2017-02-02,1.41160,1.41330,1.40810,1.41140
2017-02-03,1.41120,1.41480,1.40550,1.40740
2017-02-06,1.40730,1.41280,1.40550,1.40840
2017-02-07,1.40910,1.41990,1.40890,1.41800
2017-02-08,1.41900,1.41980,1.41370,1.41660
2017-02-09,1.41650,1.42060,1.41370,1.42040
2017-02-10,1.42060,1.42290,1.41810,1.42120
2017-02-13,1.42150,1.42590,1.42010,1.42410
2017-02-14,1.42310,1.42450,1.41580,1.42070
2017-02-15,1.41920,1.42660,1.41840,1.41880
2017-02-16,1.41890,1.42040,1.41640,1.41670
2017-02-17,1.41650,1.41990,1.41500,1.41860
2017-02-20,1.41870,1.41900,1.41710,1.41810
2017-02-21,1.41800,1.42310,1.41790,1.42060
2017-02-22,1.42050,1.42090,1.41100,1.41260
2017-02-23,1.41290,1.41610,1.40510,1.40650
2017-02-24,1.40640,1.40930,1.40230,1.40280
2017-02-27,1.40470,1.40690,1.40010,1.40430
2017-02-28,1.40420,1.40640,1.39750,1.40300
2017-03-01,1.40340,1.41140,1.40300,1.40900
2017-03-02,1.40890,1.41430,1.40860,1.41290
2017-03-03,1.41270,1.41680,1.40960,1.40960
2017-03-06,1.41080,1.41300,1.40850,1.41230
2017-03-07,1.41200,1.41330,1.40890,1.41130
2017-03-08,1.41140,1.41850,1.40910,1.41800
2017-03-09,1.41810,1.42190,1.41710,1.42060
2017-03-10,1.42070,1.42190,1.41120,1.41150
2017-03-13,1.41160,1.41500,1.40930,1.41430
2017-03-14,1.41410,1.41620,1.41340,1.41550
2017-03-15,1.41560,1.41610,1.40120,1.40130
2017-03-16,1.40120,1.40630,1.40070,1.40130
2017-03-17,1.40150,1.40380,1.40020,1.40200
2017-03-20,1.40160,1.40220,1.39560,1.39670
2017-03-21,1.39660,1.40040,1.39560,1.39950
2017-03-22,1.39960,1.40280,1.39720,1.39790
2017-03-23,1.39780,1.40110,1.39770,1.39950
2017-03-24,1.39960,1.40190,1.39580,1.39870
2017-03-27,1.39850,1.39850,1.39090,1.39340
2017-03-28,1.39350,1.39810,1.39180,1.39810
2017-03-29,1.39770,1.39880,1.39350,1.39410
2017-03-30,1.39400,1.39820,1.39330,1.39820
2017-03-31,1.39810,1.39980,1.39580,1.39710
2017-04-03,1.39790,1.39820,1.39520,1.39710
2017-04-04,1.39720,1.40090,1.39600,1.39850
2017-04-05,1.39840,1.40230,1.39750,1.40110
2017-04-06,1.40100,1.40300,1.39940,1.40240
2017-04-07,1.40200,1.40620,1.39860,1.40480
2017-04-10,1.40530,1.40820,1.40440,1.40530
2017-04-11,1.40470,1.40770,1.40240,1.40370
2017-04-12,1.40380,1.40440,1.39520,1.39520
2017-04-13,1.39540,1.39910,1.39310,1.39840
2017-04-14,1.39830,1.39890,1.39670,1.39770
2017-04-17,1.39820,1.39830,1.39340,1.39800
2017-04-18,1.39810,1.40010,1.39560,1.39580
2017-04-19,1.39590,1.39910,1.39500,1.39860
2017-04-20,1.39780,1.39880,1.39560,1.39770
2017-04-21,1.39780,1.39890,1.39600,1.39730
2017-04-24,1.39610,1.39610,1.39200,1.39270
2017-04-25,1.39260,1.39480,1.39080,1.39400
2017-04-26,1.39390,1.39900,1.39220,1.39600
2017-04-27,1.39590,1.39880,1.39460,1.39690
2017-04-28,1.39720,1.39790,1.39480,1.39750
2017-05-01,1.39730,1.39810,1.39540,1.39690
2017-05-02,1.39650,1.39700,1.39270,1.39390
2017-05-03,1.39370,1.39740,1.39210,1.39730
2017-05-04,1.39750,1.40190,1.39650,1.40050
2017-05-05,1.40060,1.40620,1.40020,1.40490
2017-05-08,1.40430,1.40680,1.40280,1.40590
2017-05-09,1.40570,1.41240,1.40550,1.41110
2017-05-10,1.41110,1.41160,1.40950,1.41060
2017-05-11,1.41060,1.41290,1.40720,1.40740
2017-05-12,1.40740,1.40950,1.40360,1.40400
2017-05-15,1.40190,1.40210,1.39730,1.39820
2017-05-16,1.39820,1.39880,1.39420,1.39500
2017-05-17,1.39460,1.39590,1.38990,1.39050
2017-05-18,1.39040,1.39480,1.38930,1.39270
2017-05-19,1.39250,1.39340,1.38380,1.38560
2017-05-22,1.38560,1.38870,1.38510,1.38620
2017-05-23,1.38640,1.39080,1.38560,1.39050
2017-05-24,1.38930,1.39180,1.38440,1.38470
2017-05-25,1.38450,1.38710,1.38230,1.38660
2017-05-26,1.38660,1.38700,1.38090,1.38170
2017-05-29,1.38210,1.38640,1.38210,1.38630
2017-05-30,1.38650,1.38840,1.38400,1.38420
2017-05-31,1.38440,1.38640,1.38220,1.38320
2017-06-01,1.38310,1.38700,1.38290,1.38650
2017-06-02,1.38660,1.38680,1.38050,1.38070
2017-06-05,1.38080,1.38300,1.37880,1.38170
2017-06-06,1.38150,1.38200,1.37850,1.37910
2017-06-07,1.37920,1.38280,1.37880,1.38250
2017-06-08,1.38190,1.38390,1.38030,1.38050
2017-06-09,1.38150,1.38530,1.38130,1.38450
2017-06-12,1.38470,1.38500,1.38280,1.38450
2017-06-13,1.38420,1.38470,1.38050,1.38100
2017-06-14,1.38090,1.38230,1.37110,1.37540
2017-06-15,1.37540,1.38420,1.37440,1.38380
2017-06-16,1.38380,1.38700,1.38220,1.38360
2017-06-19,1.38360,1.38730,1.38090,1.38700
2017-06-20,1.38710,1.39080,1.38520,1.38930
2017-06-21,1.38930,1.39140,1.38830,1.38930
2017-06-22,1.38930,1.39120,1.38790,1.39020
2017-06-23,1.39030,1.39100,1.38570,1.38740
2017-06-26,1.38720,1.38890,1.38630,1.38820
2017-06-27,1.38800,1.38910,1.38490,1.38740
2017-06-28,1.38700,1.38730,1.38110,1.38220
2017-06-29,1.38210,1.38250,1.37860,1.37920
2017-06-30,1.37920,1.37940,1.37580,1.37690
2017-07-03,1.37670,1.38300,1.37580,1.38270
2017-07-04,1.38260,1.38320,1.38080,1.38300
2017-07-05,1.38300,1.38410,1.37990,1.38070
2017-07-06,1.38070,1.38400,1.37980,1.38220
2017-07-07,1.38220,1.38360,1.37900,1.38260
2017-07-10,1.38260,1.38640,1.38140,1.38480
2017-07-11,1.38480,1.38550,1.38150,1.38210
2017-07-12,1.38210,1.38220,1.37700,1.37750
2017-07-13,1.37750,1.37880,1.37410,1.37410
2017-07-14,1.37410,1.37690,1.36940,1.37150
2017-07-17,1.37150,1.37180,1.36700,1.36910
2017-07-18,1.36910,1.37080,1.36570,1.36650
2017-07-19,1.36660,1.36990,1.36540,1.36830
2017-07-20,1.36830,1.37090,1.36510,1.36660
2017-07-21,1.36610,1.36760,1.36150,1.36220
2017-07-24,1.36350,1.36350,1.35980,1.36230
2017-07-25,1.36230,1.36340,1.35950,1.36230
2017-07-26,1.36240,1.36430,1.35560,1.35710
2017-07-27,1.35690,1.36080,1.35430,1.35950
2017-07-28,1.35950,1.36150,1.35610,1.35670
2017-07-31,1.35710,1.35830,1.35460,1.35480
2017-08-01,1.35550,1.35860,1.35440,1.35860
2017-08-02,1.35840,1.36120,1.35710,1.35960
2017-08-03,1.35950,1.36180,1.35820,1.35900
2017-08-04,1.35910,1.36200,1.35540,1.36050
2017-08-07,1.36150,1.36380,1.35920,1.36280
2017-08-08,1.36280,1.36430,1.35960,1.36320
2017-08-09,1.36310,1.36480,1.36210,1.36410
2017-08-10,1.36380,1.36540,1.36190,1.36400
2017-08-11,1.36400,1.36450,1.35890,1.36050
2017-08-14,1.35960,1.36330,1.35870,1.36290
2017-08-15,1.36290,1.36890,1.36210,1.36760
2017-08-16,1.36740,1.36880,1.36200,1.36230
2017-08-17,1.36230,1.36720,1.36190,1.36660
2017-08-18,1.36660,1.36740,1.36230,1.36330
2017-08-21,1.36400,1.36400,1.36010,1.36050
2017-08-22,1.36050,1.36300,1.35980,1.36240
2017-08-23,1.36210,1.36370,1.35990,1.36150
2017-08-24,1.36110,1.36270,1.36000,1.36200
2017-08-25,1.36210,1.36220,1.35520,1.35560
2017-08-28,1.35560,1.35690,1.35300,1.35360
2017-08-29,1.35350,1.35640,1.35070,1.35500
2017-08-30,1.35500,1.35880,1.35380,1.35860
2017-08-31,1.35860,1.36110,1.35560,1.35580
2017-09-01,1.35580,1.35840,1.35070,1.35710
2017-09-04,1.35830,1.35850,1.35590,1.35680
2017-09-05,1.35690,1.35730,1.35160,1.35280
2017-09-06,1.35300,1.35390,1.34830,1.35020
2017-09-07,1.35040,1.35100,1.33960,1.34000
2017-09-08,1.33970,1.34240,1.33430,1.34180
2017-09-11,1.34220,1.34700,1.34150,1.34700
2017-09-12,1.34700,1.34810,1.34370,1.34780
2017-09-13,1.34780,1.35140,1.34400,1.35040
2017-09-14,1.35090,1.35370,1.34220,1.34650
2017-09-15,1.34760,1.34800,1.34260,1.34550
2017-09-18,1.34520,1.34970,1.34250,1.34770
2017-09-19,1.34770,1.34940,1.34570,1.34650
2017-09-20,1.34690,1.35180,1.34110,1.34850
2017-09-21,1.34890,1.35340,1.34880,1.34960
2017-09-22,1.34940,1.35070,1.34360,1.34610
2017-09-25,1.34610,1.35180,1.34570,1.35120
2017-09-26,1.35140,1.35730,1.35050,1.35600
2017-09-27,1.35560,1.35670,1.35540,1.35650
2017-09-28,1.35650,1.35650,1.35650,1.35650
2017-09-29,1.35670,1.35670,1.35520,1.35670
2017-10-02,1.35670,1.35670,1.35670,1.35670
2017-10-03,1.36260,1.36260,1.36120,1.36160
2017-10-04,1.36140,1.36140,1.36140,1.36140
2017-10-05,1.36180,1.36370,1.36180,1.36370
2017-10-06,1.36370,1.36370,1.36330,1.36330
2017-10-09,1.36330,1.36330,1.36330,1.36330
2017-10-10,1.35710,1.36270,1.35500,1.35610
2017-10-11,1.35610,1.35810,1.35260,1.35430
2017-10-12,1.35430,1.35520,1.35090,1.35250
2017-10-13,1.35250,1.35630,1.34850,1.34930
2017-10-16,1.34930,1.35320,1.34930,1.35170
2017-10-17,1.35170,1.35770,1.35130,1.35560
2017-10-18,1.35560,1.35870,1.35390,1.35670
2017-10-19,1.35670,1.35950,1.35550,1.35670
2017-10-20,1.35670,1.36160,1.35540,1.36120
2017-10-23,1.36120,1.36350,1.36080,1.36190
2017-10-24,1.36200,1.36290,1.35920,1.36260
2017-10-25,1.36260,1.36390,1.35950,1.36070
2017-10-26,1.36070,1.36770,1.35890,1.36730
2017-10-27,1.36730,1.37150,1.36400,1.36490
2017-10-30,1.36620,1.36940,1.36090,1.36270
2017-10-31,1.36210,1.36370,1.35990,1.36280
2017-11-01,1.36280,1.36440,1.35940,1.36090
2017-11-02,1.35980,1.36160,1.35710,1.35910
2017-11-03,1.35910,1.36520,1.35870,1.36510
2017-11-06,1.36510,1.36590,1.36080,1.36150
2017-11-07,1.36150,1.36530,1.35980,1.36440
2017-11-08,1.36440,1.36510,1.35980,1.36190
2017-11-09,1.36190,1.36300,1.35760,1.35890
2017-11-10,1.35890,1.36130,1.35830,1.36040
2017-11-13,1.36040,1.36240,1.36000,1.36180
2017-11-14,1.36010,1.36290,1.35790,1.35900
2017-11-15,1.35900,1.36010,1.35330,1.35680
2017-11-16,1.35680,1.35780,1.35500,1.35650
2017-11-17,1.35580,1.35860,1.35420,1.35460
2017-11-20,1.35450,1.35800,1.35440,1.35700
2017-11-21,1.35700,1.35790,1.35340,1.35440
2017-11-22,1.35440,1.35500,1.34670,1.34700
2017-11-23,1.34700,1.34870,1.34510,1.34540
2017-11-24,1.34540,1.35490,1.34410,1.34540
2017-11-27,1.34520,1.35490,1.34350,1.34680
2017-11-28,1.34680,1.34760,1.34370,1.34620
2017-11-29,1.34620,1.34780,1.34420,1.34730
2017-11-30,1.34730,1.35060,1.34580,1.34870
2017-12-01,1.34810,1.35020,1.34290,1.34630
2017-12-04,1.34660,1.34990,1.34660,1.34760
2017-12-05,1.34760,1.34810,1.34540,1.34710
2017-12-06,1.34780,1.35040,1.34730,1.34910
2017-12-07,1.34970,1.35170,1.34810,1.35170
2017-12-08,1.35170,1.35400,1.35100,1.35230
2017-12-11,1.35270,1.35310,1.35040,1.35160
2017-12-12,1.35160,1.35390,1.34840,1.35280
2017-12-13,1.35280,1.35330,1.34620,1.34670
2017-12-14,1.34670,1.34840,1.34370,1.34580
2017-12-15,1.34580,1.34890,1.34530,1.34840
2017-12-18,1.34900,1.35030,1.34700,1.34700
2017-12-19,1.34730,1.34850,1.34580,1.34660
2017-12-20,1.34660,1.34740,1.34360,1.34420
2017-12-21,1.34490,1.34690,1.34310,1.34310
2017-12-22,1.34370,1.34580,1.34330,1.34390
2017-12-25,1.34390,1.34390,1.34390,1.34390
2017-12-26,1.34330,1.34330,1.34330,1.34330
2017-12-27,1.34590,1.34590,1.34270,1.34270
2017-12-28,1.34270,1.34270,1.34270,1.34270
2017-12-29,1.33600,1.33600,1.33600,1.33600
2018-01-01,1.33600,1.33600,1.33600,1.33600
2018-01-02,1.34250,1.34250,1.33550,1.33550
2018-01-03,1.33370,1.33370,1.33370,1.33370
2018-01-04,1.33550,1.33550,1.33550,1.33550
2018-01-05,1.33550,1.33550,1.33550,1.33550
2018-01-08,1.33550,1.33550,1.33550,1.33550
2018-01-09,1.33550,1.33550,1.33550,1.33550
2018-01-10,1.33550,1.33550,1.33550,1.33550
2018-01-11,1.33480,1.33970,1.33480,1.33480
2018-01-12,1.33480,1.33970,1.33480,1.33480
2018-01-15,1.33480,1.33480,1.33480,1.33480
2018-01-16,1.33770,1.33770,1.33240,1.33240
2018-01-17,1.33240,1.33240,1.33240,1.33240
2018-01-18,1.33240,1.33240,1.33240,1.33240
2018-01-19,1.33240,1.33240,1.33240,1.33240
2018-01-22,1.33240,1.33240,1.33240,1.33240
2018-01-23,1.32050,1.32050,1.31820,1.31820
2018-01-24,1.31970,1.31970,1.31580,1.31580
2018-01-25,1.31580,1.31580,1.31580,1.31580
2018-01-26,1.31580,1.31580,1.31580,1.31580
2018-01-29,1.33540,1.33540,1.32890,1.32890
2018-01-30,1.33190,1.33190,1.33190,1.33190
2018-01-31,1.33540,1.33540,1.32890,1.32890
2018-02-01,1.33330,1.33330,1.33060,1.33060
2018-02-02,1.33150,1.33540,1.32890,1.32890
2018-02-05,1.31680,1.32060,1.31680,1.32060
2018-02-06,1.32200,1.32200,1.31990,1.31990
2018-02-07,1.31910,1.32450,1.31910,1.32450
2018-02-08,1.32960,1.32960,1.32960,1.32960
2018-02-09,1.33150,1.33150,1.32060,1.32920
2018-02-12,1.32050,1.32550,1.32050,1.32550
2018-02-13,1.32620,1.32620,1.32390,1.32410
2018-02-14,1.32180,1.32490,1.31990,1.32490
2018-02-15,1.32430,1.32430,1.32430,1.32430
2018-02-16,1.32430,1.32430,1.32430,1.32430
2018-02-19,1.32430,1.32430,1.32430,1.32430
2018-02-20,1.32500,1.32500,1.32370,1.32370
2018-02-21,1.32470,1.32470,1.32200,1.32430
2018-02-22,1.32720,1.32720,1.32200,1.32200
2018-02-23,1.32390,1.32440,1.32270,1.32280
2018-02-26,1.32450,1.32450,1.32190,1.32190
2018-02-27,1.31800,1.32520,1.31800,1.32520
2018-02-28,1.32700,1.32700,1.32410,1.32410
2018-03-01,1.32950,1.32950,1.32560,1.32560
2018-03-02,1.32450,1.32450,1.32230,1.32230
2018-03-05,1.32560,1.32560,1.32180,1.32180
2018-03-06,1.32450,1.32450,1.32190,1.32190
2018-03-07,1.32190,1.32190,1.32190,1.32190
2018-03-08,1.32190,1.32190,1.32190,1.32190
2018-03-09,1.32200,1.32200,1.32200,1.32200
2018-03-12,1.32140,1.32140,1.32140,1.32140
2018-03-13,1.31590,1.32110,1.30810,1.31100
2018-03-14,1.31120,1.31120,1.30980,1.30980
2018-03-15,1.30990,1.31160,1.30860,1.31160
2018-03-16,1.32470,1.32470,1.32170,1.32170
2018-03-19,1.32460,1.32460,1.32070,1.32200
2018-03-20,1.32550,1.32550,1.32130,1.32130
2018-03-21,1.32570,1.32570,1.32100,1.32100
2018-03-22,1.32530,1.32530,1.32140,1.32140
2018-03-23,1.32460,1.32460,1.32200,1.32200
2018-03-26,1.32210,1.32210,1.32090,1.32090
2018-03-27,1.32600,1.32600,1.32080,1.32080
2018-03-28,1.32190,1.32190,1.31900,1.31900
2018-03-29,1.31850,1.31960,1.31820,1.31920
2018-03-30,1.32550,1.32550,1.32300,1.32300
2018-04-02,1.32450,1.32450,1.32070,1.32070
2018-04-03,1.32870,1.32870,1.31830,1.31830
2018-04-04,1.31600,1.32530,1.31600,1.32140
2018-04-05,1.32610,1.32610,1.32100,1.32100
2018-04-06,1.32270,1.32790,1.31880,1.31880
2018-04-09,1.31880,1.31880,1.31880,1.31880
2018-04-10,1.31880,1.31880,1.31880,1.31880
2018-04-11,1.32770,1.32770,1.32130,1.32130
2018-04-12,1.32100,1.32100,1.32100,1.32100
2018-04-13,1.32140,1.32140,1.32140,1.32140
2018-04-16,1.32090,1.32090,1.32090,1.32090
2018-04-17,1.32120,1.32120,1.32120,1.32120
2018-04-18,1.32510,1.32510,1.31860,1.31860
2018-04-19,1.31820,1.31820,1.31820,1.31820
2018-04-20,1.31840,1.31840,1.31840,1.31840
2018-04-23,1.31820,1.31820,1.31820,1.31820
2018-04-24,1.31820,1.31820,1.31820,1.31820
2018-04-25,1.32510,1.32510,1.31990,1.31990
2018-04-26,1.31990,1.31990,1.31990,1.31990
2018-04-27,1.31990,1.31990,1.31990,1.31990
2018-04-30,1.31990,1.31990,1.31990,1.31990
2018-05-01,1.31990,1.31990,1.31990,1.31990
2018-05-02,1.32990,1.33040,1.32990,1.33010
2018-05-03,1.32440,1.32510,1.32400,1.32400
2018-05-04,1.33010,1.33010,1.32690,1.32690
2018-05-07,1.32990,1.32990,1.32840,1.32900
2018-05-08,1.33170,1.33440,1.32690,1.33360
2018-05-09,1.33300,1.33910,1.33300,1.33910
2018-05-10,1.33910,1.33910,1.33910,1.33910
2018-05-11,1.33440,1.33440,1.32770,1.33060
2018-05-14,1.32650,1.32940,1.32630,1.32930
2018-05-15,1.33310,1.33850,1.33220,1.33810
2018-05-16,1.33590,1.33640,1.33320,1.33380
2018-05-17,1.33570,1.33570,1.33560,1.33560
2018-05-18,1.33740,1.33760,1.33640,1.33640
2018-05-21,1.33750,1.33800,1.33330,1.33340
2018-05-22,1.33080,1.33230,1.33060,1.33200
2018-05-23,1.33900,1.33900,1.33650,1.33690
2018-05-24,1.33480,1.33480,1.33260,1.33260
2018-05-25,1.33300,1.33540,1.33300,1.33540
2018-05-28,1.33540,1.33540,1.33540,1.33540
2018-05-29,1.34050,1.34170,1.33790,1.33790
2018-05-30,1.34180,1.34180,1.33250,1.33250
2018-05-31,1.33140,1.33200,1.33140,1.33200
2018-06-01,1.33200,1.33200,1.33150,1.33190
2018-06-04,1.33180,1.33180,1.32790,1.33010
2018-06-05,1.32910,1.33000,1.32800,1.32840
2018-06-06,1.32840,1.32840,1.32840,1.32840
2018-06-07,1.33170,1.33170,1.32510,1.32690
2018-06-08,1.32600,1.32970,1.32600,1.32830
2018-06-11,1.32840,1.32860,1.32770,1.32860
2018-06-12,1.32850,1.33020,1.32820,1.33020
2018-06-13,1.33010,1.33220,1.32820,1.32880
2018-06-14,1.32890,1.33770,1.32830,1.33770
2018-06-15,1.33840,1.34510,1.33840,1.34510
2018-06-18,1.34450,1.34520,1.34440,1.34490
2018-06-19,1.35150,1.35150,1.35020,1.35030
2018-06-20,1.34540,1.35200,1.34540,1.35200
2018-06-21,1.34530,1.35580,1.34530,1.35110
2018-06-22,1.35160,1.35260,1.35120,1.35180
2018-06-25,1.35180,1.35180,1.35180,1.35180
2018-06-26,1.35180,1.35180,1.35180,1.35180
2018-06-27,1.35730,1.35830,1.35730,1.35830
2018-06-28,1.34560,1.36200,1.34560,1.36120
2018-06-29,1.36050,1.36050,1.35570,1.35570
2018-07-02,1.35570,1.36410,1.35570,1.36240
2018-07-03,1.36230,1.36230,1.35830,1.35830
2018-07-04,1.35830,1.35830,1.35830,1.35830
2018-07-05,1.35910,1.35910,1.35730,1.35810
2018-07-06,1.35810,1.35810,1.35050,1.35050
2018-07-09,1.35170,1.35170,1.34650,1.34990
2018-07-10,1.35160,1.35160,1.34850,1.34850
2018-07-11,1.34910,1.35740,1.34910,1.35740
2018-07-12,1.34910,1.35770,1.34910,1.35660
2018-07-13,1.35660,1.36210,1.35660,1.35920
2018-07-16,1.35920,1.35920,1.35920,1.35920
2018-07-17,1.35920,1.35920,1.35920,1.35920
2018-07-18,1.35820,1.35820,1.35820,1.35820
2018-07-19,1.36420,1.36420,1.36420,1.36420
2018-07-20,1.36420,1.36420,1.36420,1.36420
2018-07-23,1.35980,1.35980,1.35810,1.35850
2018-07-24,1.35980,1.35980,1.35700,1.35700
2018-07-25,1.35720,1.35720,1.35180,1.35180
2018-07-26,1.35160,1.35740,1.35160,1.35740
2018-07-27,1.35700,1.35700,1.35490,1.35500
2018-07-30,1.35980,1.35980,1.35380,1.35480
2018-07-31,1.35440,1.35530,1.35410,1.35440
2018-08-01,1.35520,1.35580,1.35520,1.35580
2018-08-02,1.35950,1.36210,1.35940,1.36210
2018-08-03,1.35990,1.35990,1.35800,1.35870
2018-08-06,1.35990,1.36250,1.35990,1.36180
2018-08-07,1.35740,1.35790,1.35700,1.35780
2018-08-08,1.35590,1.35630,1.35590,1.35590
2018-08-09,1.35670,1.36100,1.35670,1.36100
2018-08-10,1.36500,1.36650,1.36410,1.36650
2018-08-13,1.37020,1.37020,1.36940,1.36940
2018-08-14,1.36740,1.37120,1.36740,1.37110
2018-08-15,1.37170,1.37170,1.37170,1.37170
2018-08-16,1.36900,1.36920,1.36740,1.36910
2018-08-17,1.37520,1.37560,1.35310,1.37100
2018-08-20,1.37180,1.37310,1.35320,1.36910
2018-08-21,1.36950,1.36970,1.35140,1.36580
2018-08-22,1.36590,1.36780,1.35190,1.36640
2018-08-23,1.36670,1.37480,1.35310,1.37410
2018-08-24,1.37440,1.37480,1.35170,1.36560
2018-08-27,1.36470,1.36720,1.34890,1.36240
2018-08-28,1.36260,1.36500,1.34840,1.36400
2018-08-29,1.36450,1.36830,1.35130,1.36450
2018-08-30,1.36460,1.36890,1.35270,1.36750
2018-08-31,1.36780,1.37330,1.35680,1.37220
2018-09-03,1.37200,1.37350,1.36910,1.37160
2018-09-04,1.37170,1.37840,1.35310,1.37610
2018-09-05,1.37610,1.38180,1.35330,1.37590
2018-09-06,1.37540,1.37880,1.35310,1.37440
2018-09-07,1.37480,1.37980,1.36220,1.37860
2018-09-10,1.37860,1.38170,1.35310,1.37900
2018-09-11,1.37900,1.38120,1.35330,1.37550
2018-09-12,1.37530,1.37800,1.35310,1.37200
2018-09-13,1.37210,1.37320,1.35310,1.37030
2018-09-14,1.37020,1.37450,1.35620,1.37420
2018-09-17,1.37420,1.37580,1.35320,1.37200
2018-09-18,1.37200,1.37540,1.35710,1.37080
2018-09-19,1.37100,1.37200,1.35540,1.36910
2018-09-20,1.36910,1.36970,1.35120,1.36450
2018-09-21,1.36470,1.36600,1.35040,1.36430
2018-09-24,1.36470,1.36770,1.35050,1.36590
2018-09-25,1.36580,1.36690,1.35220,1.36590
2018-09-26,1.36600,1.36660,1.35060,1.36550
2018-09-27,1.36570,1.36840,1.35070,1.36800
2018-09-28,1.36830,1.36910,1.35310,1.36660
2018-10-01,1.36660,1.37230,1.35460,1.37180
2018-10-02,1.37180,1.37690,1.37120,1.37310
2018-10-03,1.37340,1.38020,1.37210,1.37970
2018-10-04,1.37940,1.38300,1.36780,1.38090
2018-10-05,1.38090,1.38360,1.36660,1.38260
2018-10-08,1.38300,1.38680,1.38170,1.38360
2018-10-09,1.38400,1.38760,1.35470,1.38230
2018-10-10,1.38280,1.38400,1.37920,1.38340
2018-10-11,1.38360,1.38420,1.35470,1.37630
2018-10-12,1.37690,1.37900,1.37330,1.37790
2018-10-15,1.37790,1.37960,1.35460,1.37670
2018-10-16,1.37670,1.37840,1.36110,1.375
2018-10-17,1.37490,1.37820,1.35440,1.37810
2018-10-18,1.37820,1.38220,1.36430,1.38190
2018-10-19,1.38190,1.38210,1.36300,1.37770
2018-10-22,1.37740,1.38110,1.35460,1.38000
2018-10-23,1.37980,1.38190,1.35460,1.37840
2018-10-24,1.37810,1.38170,1.36470,1.38130
2018-10-25,1.38090,1.38190,1.36550,1.38110
2018-10-26,1.38080,1.38510,1.36610,1.38000
2018-10-29,1.37980,1.38400,1.36870,1.38360
2018-10-30,1.38380,1.38550,1.37000,1.38490
2018-10-31,1.38490,1.38740,1.36990,1.38570
2018-11-01,1.38570,1.38640,1.36360,1.37650
2018-11-02,1.37630,1.37750,1.35750,1.375
2018-11-05,1.375,1.37730,1.36110,1.375
2018-11-06,1.37480,1.37580,1.35960,1.37330
2018-11-07,1.37330,1.37620,1.35600,1.37200
2018-11-08,1.37190,1.37580,1.35740,1.37570
2018-11-09,1.37580,1.37980,1.36380,1.37920
2018-11-12,1.37860,1.38550,1.37790,1.38450
2018-11-13,1.38420,1.38580,1.36720,1.37960
2018-11-14,1.37920,1.38240,1.36470,1.37920
2018-11-15,1.37900,1.37960,1.36110,1.37480
2018-11-16,1.375,1.37730,1.35870,1.37230
2018-11-19,1.37210,1.37460,1.35770,1.37250
2018-11-20,1.37180,1.37560,1.35900,1.37480
2018-11-21,1.37510,1.37710,1.35910,1.37270
2018-11-22,1.37250,1.37420,1.37180,1.37270
2018-11-23,1.37310,1.37580,1.37200,1.375
2018-11-26,1.375,1.37600,1.35940,1.375
2018-11-27,1.37550,1.37990,1.36180,1.37770
2018-11-28,1.37770,1.37900,1.35920,1.37290
2018-11-29,1.37290,1.37400,1.35710,1.37040
2018-11-30,1.37060,1.37370,1.35820,1.37200
2018-12-03,1.37080,1.37090,1.35330,1.36730
2018-12-04,1.36700,1.36790,1.35000,1.36530
2018-12-05,1.36510,1.36910,1.35330,1.36700
2018-12-06,1.36700,1.37250,1.35580,1.36950
2018-12-07,1.36920,1.37130,1.35640,1.37000
2018-12-10,1.36990,1.37520,1.36010,1.37440
2018-12-11,1.37440,1.37560,1.35860,1.37370
2018-12-12,1.37380,1.37530,1.35380,1.37240
2018-12-13,1.37210,1.37270,1.35690,1.37140
2018-12-14,1.37160,1.37770,1.35350,1.37710
2018-12-17,1.37670,1.37750,1.36110,1.37280
2018-12-18,1.37290,1.37330,1.36870,1.37030
2018-12-19,1.37040,1.37330,1.35350,1.37250
2018-12-20,1.37250,1.37310,1.36660,1.37080
2018-12-21,1.37080,1.37560,1.35360,1.37400
2018-12-24,1.37400,1.37510,1.37100,1.37330
2018-12-25,1.37390,1.37410,1.37200,1.37310
2018-12-26,1.37280,1.37360,1.36870,1.37200
2018-12-27,1.37230,1.37410,1.35370,1.37080
2018-12-28,1.37080,1.37120,1.36410,1.36640
2018-12-31,1.36640,1.36720,1.35350,1.36300
2019-01-01,1.36300,1.36510,1.36170,1.36340
2019-01-02,1.36340,1.36660,1.36240,1.36660
2019-01-03,1.36690,1.36830,1.36280,1.36390
2019-01-04,1.36380,1.36490,1.35350,1.35920
2019-01-07,1.36000,1.36000,1.35380,1.35650
2019-01-08,1.35660,1.35990,1.35530,1.35810
2019-01-09,1.35810,1.35810,1.35150,1.35340
2019-01-10,1.35370,1.35500,1.35000,1.35240
2019-01-11,1.35280,1.35450,1.34960,1.35330
2019-01-14,1.35270,1.35560,1.35120,1.35350
2019-01-15,1.35390,1.35810,1.35130,1.35650
2019-01-16,1.35630,1.35670,1.35310,1.35520
2019-01-17,1.35520,1.35770,1.35300,1.35580
2019-01-18,1.35520,1.35880,1.35440,1.35860
2019-01-21,1.35820,1.36110,1.35710,1.35940
2019-01-22,1.35910,1.36170,1.35840,1.35980
2019-01-23,1.36010,1.36070,1.35730,1.35880
2019-01-24,1.35900,1.36170,1.35670,1.36090
2019-01-25,1.36100,1.36170,1.35140,1.35380
2019-01-28,1.35360,1.35470,1.35090,1.35280
2019-01-29,1.35300,1.35490,1.35100,1.35200
2019-01-30,1.35205,1.36545,1.34580,1.34700
2019-01-31,1.34730,1.36335,1.34410,1.34520
2019-02-01,1.34580,1.36540,1.34525,1.34980
2019-02-04,1.34965,1.35410,1.34925,1.35250
2019-02-05,1.35275,1.36580,1.35055,1.35150
2019-02-06,1.35175,1.35610,1.35045,1.35570
2019-02-07,1.35585,1.35755,1.35360,1.35620
2019-02-08,1.35645,1.35875,1.35460,1.35630
2019-02-11,1.35645,1.36810,1.35500,1.36080
2019-02-12,1.36110,1.36200,1.35530,1.35600
2019-02-13,1.35625,1.36180,1.35355,1.35950
2019-02-14,1.35980,1.36230,1.35640,1.35760
2019-02-15,1.35805,1.36205,1.35570,1.35650
2019-02-18,1.35675,1.35720,1.35460,1.35640
2019-02-19,1.35675,1.35800,1.35260,1.35260
2019-02-20,1.35290,1.36060,1.34945,1.35150
2019-02-21,1.35170,1.35995,1.34990,1.35340
2019-02-22,1.35405,1.36055,1.34995,1.35090
2019-02-25,1.35115,1.36115,1.34765,1.34950
2019-02-26,1.34995,1.36150,1.34650,1.34710
2019-02-27,1.34730,1.36200,1.34670,1.34830
2019-02-28,1.34855,1.36010,1.34720,1.35190
2019-03-01,1.35205,1.36255,1.34940,1.35490
2019-03-04,1.35515,1.35670,1.34730,1.35440
2019-03-05,1.35455,1.36075,1.35400,1.35540
2019-03-06,1.35560,1.35880,1.35540,1.35730
2019-03-07,1.35745,1.36285,1.35605,1.36070
2019-03-08,1.36085,1.36195,1.35750,1.35880
2019-03-11,1.35875,1.36190,1.35625,1.35770
2019-03-12,1.35790,1.36120,1.35465,1.35570
2019-03-13,1.35585,1.36110,1.34815,1.35210
2019-03-14,1.35225,1.36150,1.34815,1.35520
2019-03-15,1.35585,1.36105,1.35200,1.35220
2019-03-18,1.35240,1.36020,1.35040,1.35090
2019-03-19,1.35115,1.35990,1.34940,1.35090
2019-03-20,1.35140,1.36345,1.34515,1.34680
2019-03-21,1.34705,1.36400,1.34520,1.34880
2019-03-22,1.34875,1.36475,1.34810,1.35230
2019-03-25,1.35245,1.36380,1.34890,1.34980
2019-03-26,1.34995,1.36380,1.34880,1.35220
2019-03-27,1.35235,1.36660,1.35150,1.35510
2019-03-28,1.35545,1.36730,1.35300,1.35640
2019-03-29,1.35650,1.36750,1.35295,1.35550
2019-04-01,1.35535,1.36060,1.35260,1.35420
2019-04-02,1.35465,1.35725,1.35300,1.35480
2019-04-03,1.35505,1.35660,1.35165,1.35330
2019-04-04,1.35375,1.35670,1.35225,1.35440
2019-04-05,1.35500,1.35745,1.35280,1.35460
2019-04-08,1.35525,1.35785,1.35300,1.35420
2019-04-09,1.35440,1.35860,1.35150,1.35300
2019-04-10,1.35365,1.35900,1.35090,1.35160
2019-04-11,1.35195,1.36045,1.35130,1.35590
2019-04-12,1.35625,1.36185,1.35180,1.35260
2019-04-15,1.35295,1.36005,1.35140,1.35270
2019-04-16,1.35285,1.36135,1.35175,1.35420
2019-04-17,1.35445,1.35560,1.35180,1.35260
2019-04-18,1.35265,1.36285,1.35210,1.35590
2019-04-19,1.35630,1.36295,1.35365,1.35470
2019-04-22,1.35515,1.36365,1.35470,1.35590
2019-04-23,1.35615,1.36480,1.35505,1.35660
2019-04-24,1.35700,1.36770,1.35620,1.36160
2019-04-25,1.36195,1.36960,1.36135,1.36270
2019-04-26,1.36320,1.36910,1.35970,1.36180
2019-04-29,1.36205,1.36845,1.36010,1.36130
2019-04-30,1.36135,1.36905,1.35900,1.36030
2019-05-01,1.36065,1.36855,1.35715,1.36100
2019-05-02,1.36160,1.36360,1.35980,1.36230
2019-05-03,1.36280,1.36465,1.35980,1.36030
2019-05-06,1.36075,1.36615,1.36060,1.36300
2019-05-07,1.36300,1.36450,1.36055,1.36260
2019-05-08,1.36280,1.36355,1.36010,1.36210
2019-05-09,1.36255,1.36605,1.36095,1.36410
2019-05-10,1.36445,1.36565,1.36085,1.36230
2019-05-13,1.36260,1.37095,1.36220,1.36990
2019-05-14,1.37055,1.37115,1.36740,1.36850
2019-05-15,1.36875,1.37135,1.36355,1.36810
2019-05-16,1.36845,1.37325,1.36770,1.37230
2019-05-17,1.37255,1.37905,1.37105,1.37720
2019-05-20,1.37755,1.37855,1.37415,1.37630
2019-05-21,1.37665,1.37970,1.37480,1.37690
2019-05-22,1.37695,1.38145,1.37505,1.37900
2019-05-23,1.37930,1.38320,1.37505,1.37920
2019-05-24,1.37955,1.38220,1.37415,1.37490
2019-05-27,1.37535,1.37590,1.37285,1.375
2019-05-28,1.37530,1.38285,1.36875,1.37930
2019-05-29,1.37955,1.38505,1.37505,1.38070
2019-05-30,1.38135,1.38445,1.37505,1.37870
2019-05-31,1.37900,1.38430,1.37290,1.37360
2019-06-03,1.37585,1.38200,1.36540,1.36640
2019-06-04,1.36670,1.37690,1.36560,1.36590
2019-06-05,1.36625,1.37920,1.36240,1.36640
2019-06-06,1.36680,1.37870,1.36215,1.36360
2019-06-07,1.36425,1.36865,1.36085,1.36190
2019-06-10,1.36205,1.36790,1.36200,1.36610
2019-06-11,1.36605,1.36695,1.36290,1.36350
2019-06-12,1.36405,1.36755,1.36290,1.36660
2019-06-13,1.36685,1.36740,1.36515,1.36640
2019-06-14,1.36670,1.37240,1.36605,1.37080
2019-06-17,1.37095,1.37165,1.36945,1.37060
2019-06-18,1.37090,1.37265,1.36630,1.36620
2019-06-19,1.36670,1.36855,1.36115,1.36300
2019-06-20,1.36310,1.36355,1.35505,1.35590
2019-06-21,1.35615,1.35820,1.35440,1.35490
2019-06-24,1.35500,1.35575,1.35300,1.35320
2019-06-25,1.35345,1.35580,1.35180,1.35420
2019-06-26,1.35460,1.35630,1.35250,1.35440
2019-06-27,1.35475,1.35585,1.35240,1.35290
2019-06-28,1.35345,1.35435,1.35215,1.35260
2019-07-01,1.35255,1.35705,1.35095,1.35530
2019-07-02,1.35525,1.35750,1.35500,1.35590
2019-07-03,1.35605,1.35760,1.35450,1.35580
2019-07-04,1.35630,1.35675,1.35430,1.35580
2019-07-05,1.35580,1.36255,1.35520,1.35940
2019-07-08,1.35920,1.36180,1.35790,1.35960
2019-07-09,1.35985,1.36260,1.35930,1.36130
2019-07-10,1.36205,1.36265,1.35665,1.35800
2019-07-11,1.35795,1.35880,1.35430,1.35720
2019-07-12,1.35695,1.36110,1.35660,1.35720
2019-07-15,1.35760,1.35890,1.35515,1.35590
2019-07-16,1.35615,1.35890,1.35540,1.35820
2019-07-17,1.35840,1.36285,1.35780,1.36080
2019-07-18,1.36100,1.36235,1.35635,1.35640
2019-07-19,1.35675,1.36135,1.35565,1.36000
2019-07-22,1.35985,1.36190,1.35940,1.36060
2019-07-23,1.36085,1.36600,1.36030,1.36500
2019-07-24,1.36560,1.36665,1.36265,1.36430
2019-07-25,1.36440,1.36875,1.36380,1.36710
2019-07-26,1.36735,1.37095,1.36680,1.36960
2019-07-29,1.36845,1.37210,1.36830,1.37000
2019-07-30,1.37035,1.37150,1.36870,1.37020
2019-07-31,1.37060,1.37480,1.36775,1.37350
2019-08-01,1.37435,1.37810,1.37055,1.37650
2019-08-02,1.37725,1.37850,1.37415,1.37700
2019-08-05,1.37685,1.38510,1.37555,1.38430
2019-08-06,1.38470,1.38700,1.37920,1.38140
2019-08-07,1.38160,1.38485,1.37970,1.38230
2019-08-08,1.38255,1.38470,1.38035,1.38170
2019-08-09,1.38195,1.38615,1.38090,1.38540
2019-08-12,1.38535,1.38885,1.38365,1.38670
2019-08-13,1.38705,1.38965,1.38055,1.38300
2019-08-14,1.38325,1.39070,1.38290,1.38980
2019-08-15,1.39015,1.39080,1.38665,1.38880
2019-08-16,1.38895,1.38960,1.38380,1.38420
2019-08-19,1.38465,1.38735,1.38370,1.38640
2019-08-20,1.38665,1.38785,1.38440,1.38440
2019-08-21,1.38490,1.38595,1.38230,1.38400
2019-08-22,1.38410,1.38755,1.38320,1.38530
2019-08-23,1.38555,1.38885,1.38405,1.38680
2019-08-26,1.38705,1.39250,1.38650,1.38840
2019-08-27,1.38840,1.39035,1.38720,1.38910
2019-08-28,1.38940,1.38960,1.38770,1.38850
2019-08-29,1.38870,1.38960,1.38590,1.38750
2019-08-30,1.38760,1.38990,1.38635,1.38690
2019-09-02,1.38925,1.39150,1.38850,1.39110
2019-09-03,1.39130,1.39430,1.39010,1.39020
2019-09-04,1.39035,1.39065,1.38390,1.38420
2019-09-05,1.38445,1.38590,1.38200,1.38360
2019-09-06,1.38385,1.38535,1.37920,1.38100
2019-09-09,1.38165,1.38235,1.37830,1.37930
2019-09-10,1.37955,1.38145,1.37860,1.37980
2019-09-11,1.37960,1.38070,1.37780,1.37920
2019-09-12,1.37915,1.38015,1.37240,1.37490
2019-09-13,1.37555,1.37600,1.37180,1.37310
2019-09-16,1.37335,1.37650,1.37265,1.375
2019-09-17,1.37515,1.37795,1.37370,1.37390
2019-09-18,1.37415,1.37695,1.37220,1.37600
2019-09-19,1.37620,1.37970,1.37540,1.37830
2019-09-20,1.37865,1.37935,1.37380,1.37690
2019-09-23,1.37695,1.37935,1.37540,1.37760
2019-09-24,1.37770,1.37875,1.37480,1.37540
2019-09-25,1.37590,1.37980,1.37505,1.37860
2019-09-26,1.37885,1.38255,1.37785,1.38190
2019-09-27,1.38225,1.38330,1.37965,1.38110
2019-09-30,1.38160,1.38370,1.38055,1.38180
2019-10-01,1.38185,1.38815,1.38120,1.38460
2019-10-02,1.38500,1.38690,1.38380,1.38390
2019-10-03,1.38415,1.38485,1.37830,1.38070
2019-10-04,1.38090,1.38120,1.37750,1.37830
2019-10-07,1.37855,1.38270,1.37855,1.38080
2019-10-08,1.38105,1.38305,1.37840,1.38240
2019-10-09,1.38260,1.38300,1.37900,1.38060
2019-10-10,1.38100,1.38280,1.37460,1.37460
2019-10-11,1.37520,1.37610,1.37000,1.37280
2019-10-14,1.37275,1.37370,1.36805,1.36890
2019-10-15,1.36950,1.37205,1.36810,1.37050
2019-10-16,1.37045,1.37345,1.36925,1.36970
2019-10-17,1.37005,1.37095,1.36330,1.36420
2019-10-18,1.36465,1.36625,1.36315,1.36410
2019-10-21,1.36435,1.36445,1.36020,1.36080
2019-10-22,1.36120,1.36355,1.36000,1.36240
2019-10-23,1.36265,1.36465,1.36165,1.36200
2019-10-24,1.36215,1.36440,1.36080,1.36340
2019-10-25,1.36355,1.36440,1.36230,1.36310
2019-10-28,1.36315,1.36380,1.36130,1.36190
2019-10-29,1.36220,1.36415,1.36145,1.36210
2019-10-30,1.36230,1.36495,1.36125,1.36160
2019-10-31,1.36160,1.36290,1.35950,1.36020
2019-11-01,1.36035,1.36135,1.35615,1.35730
2019-11-04,1.35795,1.35920,1.35570,1.35880
2019-11-05,1.35895,1.35965,1.35555,1.35810
2019-11-06,1.35860,1.36125,1.35725,1.35990
2019-11-07,1.36005,1.36095,1.35600,1.35700
2019-11-08,1.35785,1.36085,1.35665,1.35890
2019-11-11,1.35980,1.36215,1.35925,1.36060
2019-11-12,1.36085,1.36270,1.35965,1.36210
2019-11-13,1.36225,1.36355,1.36140,1.36260
2019-11-14,1.36295,1.36380,1.36150,1.36170
2019-11-15,1.36235,1.36265,1.35990,1.36030
2019-11-18,1.36055,1.36250,1.35945,1.36030
2019-11-19,1.36055,1.36175,1.35945,1.36070
2019-11-20,1.36095,1.36295,1.36040,1.36200
2019-11-21,1.36205,1.36370,1.36085,1.36290
2019-11-22,1.36315,1.36510,1.36150,1.36410
2019-11-25,1.36375,1.36595,1.36320,1.36450
2019-11-26,1.36485,1.36695,1.36375,1.36360
2019-11-27,1.36410,1.36680,1.36395,1.36490
2019-11-28,1.36525,1.36675,1.36485,1.36540
2019-11-29,1.36605,1.36805,1.36535,1.36710
2019-12-02,1.36695,1.36930,1.36520,1.36570
2019-12-03,1.36650,1.36705,1.36330,1.36360
2019-12-04,1.36385,1.36565,1.36165,1.36300
2019-12-05,1.36330,1.36365,1.36020,1.35990
2019-12-06,1.36030,1.36170,1.35910,1.36040
2019-12-09,1.36045,1.36160,1.35890,1.35910
2019-12-10,1.35955,1.36050,1.35795,1.35810
2019-12-11,1.35835,1.36040,1.35695,1.35710
2019-12-12,1.35720,1.35790,1.35400,1.35420
2019-12-13,1.35450,1.35605,1.35120,1.35360
2019-12-16,1.35385,1.35690,1.35330,1.35440
2019-12-17,1.35465,1.35640,1.35375,1.35470
2019-12-18,1.35495,1.35715,1.35465,1.35510
2019-12-19,1.35535,1.35620,1.35420,1.35510
2019-12-20,1.35535,1.35650,1.35435,1.35480
2019-12-23,1.35505,1.35685,1.35460,1.35540
2019-12-24,1.35575,1.35645,1.35470,1.35510
2019-12-25,1.35555,1.35560,1.35450,1.35460
2019-12-26,1.35515,1.35560,1.35345,1.35390
2019-12-27,1.35400,1.35470,1.35150,1.35150
2019-12-30,1.35245,1.35285,1.34800,1.34840
2019-12-31,1.34875,1.34915,1.34430,1.34440
2020-01-01,1.34495,1.34645,1.34450,1.34450
2020-01-02,1.34475,1.34850,1.34435,1.34700
2020-01-03,1.34755,1.35100,1.34655,1.34960
2020-01-06,1.34995,1.35135,1.34820,1.34900
2020-01-07,1.34925,1.35180,1.34745,1.34950
2020-01-08,1.35015,1.35275,1.34945,1.35110
2020-01-09,1.35095,1.35270,1.34895,1.35130
2020-01-10,1.35155,1.35185,1.34780,1.34840
2020-01-13,1.34895,1.34915,1.34575,1.34630
2020-01-14,1.34655,1.34855,1.34540,1.34630
2020-01-15,1.34690,1.34850,1.34580,1.34600
2020-01-16,1.34605,1.34765,1.34485,1.34690
2020-01-17,1.34715,1.34805,1.34525,1.34720
2020-01-20,1.34735,1.34855,1.34610,1.34660
2020-01-21,1.34665,1.35065,1.34635,1.34960
2020-01-22,1.35010,1.35135,1.34830,1.34850
2020-01-23,1.34865,1.35305,1.34785,1.35110
2020-01-24,1.35135,1.35255,1.34940,1.35080
2020-01-27,1.35135,1.35850,1.35125,1.35740
2020-01-28,1.35775,1.36005,1.35660,1.35760
2020-01-29,1.35780,1.36230,1.35655,1.36040
2020-01-30,1.36065,1.36415,1.35985,1.36150
2020-01-31,1.36175,1.36740,1.36070,1.36480
2020-02-03,1.36545,1.36965,1.36415,1.36810
2020-02-04,1.36890,1.37305,1.36830,1.37020
2020-02-05,1.37010,1.38255,1.36990,1.38120
2020-02-06,1.38145,1.38700,1.37980,1.38550
2020-02-07,1.38575,1.39180,1.38500,1.38920
2020-02-10,1.38945,1.39240,1.38770,1.38910
2020-02-11,1.38965,1.38995,1.38575,1.38610
2020-02-12,1.38635,1.38790,1.38480,1.38610
2020-02-13,1.38650,1.39020,1.38615,1.38910
2020-02-14,1.38940,1.39300,1.38845,1.39130
2020-02-17,1.39125,1.39290,1.38805,1.38880
2020-02-18,1.38930,1.39360,1.38860,1.39230
2020-02-19,1.39245,1.39520,1.39020,1.39430
2020-02-20,1.39455,1.40390,1.39335,1.40060
2020-02-21,1.40120,1.40290,1.39640,1.39810
2020-02-24,1.39900,1.40440,1.39820,1.39940
2020-02-25,1.39950,1.40020,1.39570,1.39850
2020-02-26,1.39875,1.40100,1.39650,1.39730
2020-02-27,1.39755,1.39815,1.39370,1.39490
2020-02-28,1.39520,1.39925,1.39255,1.39290
2020-03-02,1.39280,1.39645,1.38780,1.39010
2020-03-03,1.39005,1.39460,1.38400,1.38760
2020-03-04,1.38810,1.38985,1.38285,1.38450
2020-03-05,1.38485,1.38795,1.38245,1.38250
2020-03-06,1.38295,1.38625,1.37685,1.37810
2020-03-09,1.37825,1.38630,1.37585,1.38390
2020-03-10,1.38410,1.39215,1.38295,1.39140
2020-03-11,1.39165,1.39545,1.38785,1.39500
2020-03-12,1.39515,1.41200,1.39380,1.41100
2020-03-13,1.41150,1.41815,1.40600,1.41430
2020-03-16,1.41175,1.42330,1.40540,1.42040
2020-03-17,1.42085,1.43270,1.41720,1.42880
2020-03-18,1.42875,1.44685,1.42635,1.44260
2020-03-19,1.44280,1.45680,1.43805,1.45210
2020-03-20,1.45265,1.45445,1.44135,1.44910
2020-03-23,1.44960,1.46485,1.44955,1.45980
2020-03-24,1.45975,1.46205,1.44535,1.44620
2020-03-25,1.44645,1.45145,1.44425,1.44680
2020-03-26,1.44745,1.45120,1.43020,1.43100
2020-03-27,1.43125,1.43650,1.42465,1.42690
2020-03-30,1.42705,1.42970,1.42125,1.42340
2020-03-31,1.42375,1.42805,1.42065,1.42150
2020-04-01,1.42185,1.43775,1.42055,1.43600
2020-04-02,1.43615,1.43855,1.42805,1.42980
2020-04-03,1.43030,1.44170,1.42930,1.43860
2020-04-06,1.43875,1.44185,1.43115,1.43220
2020-04-07,1.43250,1.43285,1.42185,1.42310
2020-04-08,1.42325,1.42975,1.42280,1.42560
2020-04-09,1.42550,1.42725,1.41555,1.41700
2020-04-10,1.41675,1.41875,1.41205,1.41320
2020-04-13,1.41395,1.41825,1.41310,1.41530
2020-04-14,1.41520,1.41750,1.41300,1.41340
2020-04-15,1.41355,1.42805,1.41275,1.42310
2020-04-16,1.42360,1.43090,1.42340,1.42770
2020-04-17,1.42770,1.42830,1.42105,1.42140
2020-04-20,1.42225,1.42495,1.41835,1.42090
2020-04-21,1.42115,1.43305,1.42015,1.43130
2020-04-22,1.43195,1.43260,1.42520,1.42680
2020-04-23,1.42745,1.43010,1.42075,1.42360
2020-04-24,1.42445,1.42810,1.42320,1.42430
2020-04-27,1.42485,1.42555,1.41765,1.41830
2020-04-28,1.41865,1.42250,1.41465,1.41690
2020-04-29,1.41720,1.41755,1.41095,1.41150
2020-04-30,1.41195,1.41345,1.40685,1.41000
2020-05-01,1.41105,1.41695,1.40975,1.41510
2020-05-04,1.41595,1.42065,1.41545,1.41650
2020-05-05,1.41675,1.41780,1.41285,1.41550
2020-05-06,1.41575,1.42190,1.41530,1.42060
2020-05-07,1.42055,1.42315,1.41340,1.41460
2020-05-08,1.41405,1.41505,1.41075,1.41270
2020-05-11,1.41335,1.41875,1.41140,1.41680
2020-05-12,1.41715,1.42070,1.41405,1.41750
2020-05-13,1.41795,1.42080,1.41360,1.41980
2020-05-14,1.42005,1.42665,1.41790,1.42320
2020-05-15,1.42340,1.42815,1.42210,1.42700
2020-05-18,1.42665,1.42790,1.41770,1.41800
2020-05-19,1.41825,1.42005,1.41390,1.41630
2020-05-20,1.41625,1.41845,1.41195,1.41250
2020-05-21,1.41305,1.41835,1.41260,1.41720
2020-05-22,1.41765,1.42615,1.41655,1.42500
2020-05-25,1.42495,1.42705,1.42350,1.42460
2020-05-26,1.42475,1.42540,1.41490,1.41620
2020-05-27,1.41630,1.42185,1.41430,1.42000
2020-05-28,1.41985,1.42220,1.41500,1.41720
2020-05-29,1.41755,1.41870,1.41040,1.41150
2020-06-01,1.41175,1.41425,1.40455,1.40740
2020-06-02,1.40770,1.40880,1.39920,1.40020
2020-06-03,1.40045,1.40150,1.39510,1.39750
2020-06-04,1.39785,1.40295,1.39540,1.39800
2020-06-05,1.39825,1.39875,1.39075,1.39250
2020-06-08,1.39355,1.39490,1.38750,1.38730
2020-06-09,1.38790,1.39405,1.38680,1.38860
2020-06-10,1.38965,1.39095,1.38030,1.38300
2020-06-11,1.38305,1.39450,1.38165,1.39290
2020-06-12,1.39310,1.39615,1.38840,1.39180
2020-06-15,1.39295,1.39845,1.39020,1.39080
2020-06-16,1.39145,1.39630,1.38700,1.39460
2020-06-17,1.39455,1.39660,1.39155,1.39290
2020-06-18,1.39325,1.39590,1.39085,1.39360
2020-06-19,1.39410,1.39825,1.39240,1.39700
2020-06-22,1.39665,1.39945,1.39170,1.39220
2020-06-23,1.39255,1.39690,1.38850,1.39090
2020-06-24,1.39115,1.39370,1.38690,1.39300
2020-06-25,1.39340,1.39440,1.39075,1.39110
2020-06-26,1.39145,1.39510,1.39025,1.39290
2020-06-29,1.39255,1.39525,1.39190,1.39320
2020-06-30,1.39355,1.39770,1.39260,1.39310
2020-07-01,1.39360,1.39645,1.39225,1.39360
2020-07-02,1.39370,1.39580,1.39175,1.39440
2020-07-03,1.39480,1.39590,1.39385,1.39450
2020-07-06,1.39500,1.39500,1.39490,1.39440
2020-07-07,1.39490,1.39490,1.39490,1.39440
2020-07-08,1.39225,1.39200,1.39150,1.39150
2020-07-09,1.39200,1.39200,1.39200,1.39150
2020-07-10,1.39125,1.39195,1.39025,1.39070
2020-07-13,1.38815,1.39000,1.38820,1.38900
2020-07-14,1.39385,1.39385,1.39240,1.39320
2020-07-17,1.39045,1.39045,1.39045,1.38960
2020-07-20,1.39025,1.39025,1.38900,1.38850
2020-07-21,1.38865,1.38880,1.38865,1.38830
2020-07-24,1.38375,1.38375,1.38375,1.38300
2020-07-31,1.37575,1.37575,1.37575,1.375
2020-08-03,1.37725,1.37725,1.37675,1.37600
2020-08-04,1.37700,1.37700,1.37700,1.37600
2020-08-11,1.37300,1.37300,1.37300,1.37200
2020-08-12,1.37250,1.37250,1.37250,1.37150
2020-08-13,1.37180,1.37180,1.37180,1.37080
2020-08-14,1.37260,1.37325,1.37010,1.37060
2020-08-17,1.37295,1.37310,1.36755,1.36760
2020-08-18,1.36785,1.36865,1.36335,1.36420
2020-08-19,1.36450,1.37095,1.36265,1.37020
2020-08-20,1.37060,1.37135,1.36675,1.36690
2020-08-21,1.36765,1.37380,1.36505,1.37070
2020-08-24,1.37155,1.37295,1.36740,1.37010
2020-08-25,1.37035,1.37135,1.36775,1.36780
2020-08-26,1.36805,1.36965,1.36520,1.36530
2020-08-27,1.36565,1.36900,1.36245,1.36560
2020-08-28,1.36630,1.36730,1.35785,1.35780
2020-08-31,1.35855,1.36145,1.35750,1.36010
2020-09-01,1.36065,1.36205,1.35585,1.36130
2020-09-02,1.36145,1.36450,1.35915,1.36240
2020-09-03,1.36255,1.36645,1.36185,1.36460
2020-09-04,1.36490,1.36905,1.36315,1.36430
2020-09-07,1.36525,1.36750,1.36420,1.36590
2020-09-08,1.36680,1.37210,1.36590,1.37060
2020-09-09,1.37070,1.37220,1.36605,1.36630
2020-09-10,1.36640,1.37035,1.36310,1.36980
2020-09-11,1.36990,1.37030,1.36555,1.36810
2020-09-14,1.36775,1.36885,1.36250,1.36420
2020-09-15,1.36430,1.36540,1.35875,1.36070
2020-09-16,1.36110,1.36235,1.35630,1.35850
2020-09-17,1.35860,1.36315,1.35685,1.35670
2020-09-18,1.35695,1.36035,1.35530,1.35940
2020-09-21,1.35955,1.36450,1.35415,1.36200
2020-09-22,1.36220,1.36700,1.36090,1.36440
2020-09-23,1.36465,1.37340,1.36440,1.37290
2020-09-24,1.37305,1.37835,1.37100,1.37570
2020-09-25,1.37545,1.37955,1.37285,1.37710
2020-09-28,1.37740,1.37785,1.37170,1.37210
2020-09-29,1.37225,1.37330,1.36715,1.36830
2020-09-30,1.36875,1.37115,1.36425,1.36520
2020-10-01,1.36560,1.36600,1.36140,1.36260
2020-10-02,1.36275,1.36780,1.36255,1.36420
2020-10-05,1.36405,1.36455,1.35900,1.36010
2020-10-06,1.36015,1.36320,1.35835,1.36270
2020-10-07,1.36305,1.36365,1.35830,1.35920
2020-10-08,1.35945,1.36070,1.35720,1.35800
2020-10-09,1.35815,1.35890,1.35260,1.35270
2020-10-12,1.35685,1.35805,1.35360,1.35700
2020-10-13,1.35725,1.36110,1.35675,1.36000
2020-10-14,1.36010,1.36065,1.35540,1.35700
2020-10-15,1.35725,1.36255,1.35680,1.35960
2020-10-16,1.36015,1.36165,1.35735,1.35790
2020-10-19,1.35795,1.35865,1.35630,1.35780
2020-10-20,1.35805,1.35920,1.35580,1.35720
2020-10-21,1.35735,1.35765,1.35325,1.35390
2020-10-22,1.35420,1.35785,1.35350,1.35670
2020-10-23,1.35705,1.36010,1.35530,1.35730
2020-10-26,1.35785,1.36240,1.35715,1.36120
2020-10-27,1.36135,1.36175,1.35795,1.36050
2020-10-28,1.36065,1.36665,1.35865,1.36500
2020-10-29,1.36560,1.36850,1.36245,1.36680
2020-10-30,1.36705,1.36760,1.36280,1.36600
2020-11-02,1.36595,1.36865,1.36425,1.36450
2020-11-03,1.36485,1.36595,1.35905,1.35970
2020-11-04,1.36075,1.37140,1.35670,1.35750
2020-11-05,1.35795,1.36050,1.34900,1.34960
2020-11-06,1.34970,1.35275,1.34660,1.34810
2020-11-09,1.34845,1.35045,1.34085,1.34720
2020-11-10,1.34725,1.35025,1.34500,1.34800
2020-11-11,1.34835,1.35125,1.34550,1.34900
2020-11-12,1.34935,1.35130,1.34770,1.34920
2020-11-13,1.34925,1.35040,1.34715,1.34710
2020-11-16,1.34715,1.34805,1.34420,1.34540
2020-11-17,1.34545,1.34610,1.34205,1.34270
2020-11-18,1.34275,1.34370,1.34000,1.34190
2020-11-19,1.34220,1.34735,1.34205,1.34450
2020-11-20,1.34470,1.34570,1.34245,1.34310
2020-11-23,1.34385,1.34670,1.34025,1.34340
2020-11-24,1.34385,1.34525,1.34140,1.34200
2020-11-25,1.34215,1.34370,1.33915,1.33970
2020-11-26,1.33965,1.34050,1.33810,1.33870
2020-11-27,1.33875,1.33910,1.33745,1.33840
2020-11-30,1.33885,1.34175,1.33685,1.34140
2020-12-01,1.34180,1.34185,1.33710,1.33710
2020-12-02,1.33725,1.34205,1.33615,1.33730
2020-12-03,1.33730,1.33925,1.33210,1.33380
2020-12-04,1.33405,1.33650,1.33110,1.33520
2020-12-07,1.33555,1.34010,1.33285,1.33620
2020-12-08,1.33660,1.33905,1.33485,1.33780
2020-12-09,1.33785,1.33960,1.33365,1.33700
2020-12-10,1.33725,1.33895,1.33435,1.33520
2020-12-11,1.33530,1.33820,1.33260,1.33630
2020-12-14,1.33635,1.33690,1.33150,1.33520
2020-12-15,1.33485,1.33670,1.33145,1.33210
2020-12-16,1.33235,1.33385,1.32840,1.32890
2020-12-17,1.32910,1.33040,1.32470,1.32530
2020-12-18,1.32635,1.32995,1.32540,1.32690
2020-12-21,1.32715,1.34055,1.32715,1.33230
2020-12-22,1.33245,1.33785,1.33135,1.33550
2020-12-23,1.33615,1.33690,1.32925,1.33010
2020-12-24,1.33045,1.33235,1.32775,1.32890
2020-12-25,1.32915,1.32990,1.32810,1.32770
2020-12-28,1.32830,1.33135,1.32690,1.32990
2020-12-29,1.33015,1.33125,1.32680,1.32690
2020-12-30,1.32725,1.32740,1.32220,1.32290
2020-12-31,1.32305,1.32360,1.32025,1.32090
2021-01-01,1.32130,1.32220,1.32130,1.32180
2021-01-04,1.32255,1.32295,1.31615,1.32040
2021-01-05,1.32060,1.32095,1.31710,1.31760
2021-01-06,1.31770,1.32125,1.31565,1.31760
2021-01-07,1.31780,1.32725,1.31690,1.32460
2021-01-08,1.32505,1.32885,1.32150,1.32490
2021-01-11,1.32515,1.33255,1.32515,1.33070
2021-01-12,1.33125,1.33220,1.32300,1.32300
2021-01-13,1.32315,1.32750,1.32160,1.32650
2021-01-14,1.32695,1.32840,1.32320,1.32460
2021-01-15,1.32440,1.33125,1.32345,1.32970
2021-01-18,1.32955,1.33375,1.32925,1.33090
2021-01-19,1.33095,1.33195,1.32775,1.32870
2021-01-20,1.32955,1.32955,1.32450,1.32450
2021-01-21,1.32475,1.32620,1.32190,1.32200
2021-01-22,1.32295,1.32905,1.32220,1.32830
2021-01-25,1.32735,1.32980,1.32500,1.32710
2021-01-26,1.32735,1.33025,1.32400,1.32460
2021-01-27,1.32485,1.33175,1.32380,1.32860
2021-01-28,1.32900,1.33430,1.32720,1.32890
2021-01-29,1.32925,1.33235,1.32620,1.32880
2021-02-01,1.32875,1.33315,1.32840,1.33260
2021-02-02,1.33295,1.33425,1.32990,1.33240
2021-02-03,1.33275,1.33420,1.33055,1.33260
2021-02-04,1.33295,1.33840,1.33175,1.33680
2021-02-05,1.33675,1.33920,1.33335,1.33430
2021-02-08,1.33505,1.33670,1.33220,1.33280
2021-02-09,1.33275,1.33325,1.32560,1.32580
2021-02-10,1.32645,1.32755,1.32345,1.32640
2021-02-11,1.32655,1.32765,1.32335,1.32470
2021-02-12,1.32475,1.32840,1.32395,1.32460
2021-02-15,1.32445,1.32645,1.32205,1.32270
2021-02-16,1.32285,1.32805,1.32090,1.32730
2021-02-17,1.32755,1.33130,1.32680,1.32840
2021-02-18,1.32845,1.32985,1.32605,1.32600
2021-02-19,1.32645,1.32870,1.32275,1.32420
2021-02-22,1.32435,1.32635,1.32090,1.32130
2021-02-23,1.32195,1.32235,1.31915,1.32000
2021-02-24,1.32055,1.32340,1.31790,1.31930
2021-02-25,1.31955,1.32705,1.31630,1.32520
2021-02-26,1.32555,1.33395,1.32445,1.33150
2021-03-01,1.33195,1.33305,1.32665,1.32760
2021-03-02,1.32815,1.33400,1.32700,1.33010
2021-03-03,1.33035,1.33300,1.32815,1.33230
2021-03-04,1.33255,1.33795,1.33000,1.33720
2021-03-05,1.33735,1.34465,1.33635,1.34240
2021-03-08,1.34215,1.35170,1.33940,1.34980
2021-03-09,1.35005,1.35325,1.34320,1.34370
2021-03-10,1.34355,1.34885,1.34200,1.34340
2021-03-11,1.34415,1.34495,1.33890,1.33940
2021-03-12,1.33945,1.34755,1.33840,1.34480
2021-03-15,1.34495,1.34850,1.34275,1.34590
2021-03-16,1.34545,1.34710,1.34365,1.34480
2021-03-17,1.34565,1.34805,1.33955,1.33990
2021-03-18,1.34005,1.34510,1.33890,1.34350
2021-03-19,1.34375,1.34655,1.34040,1.34150
2021-03-22,1.34235,1.34500,1.33915,1.34030
2021-03-23,1.34085,1.34605,1.33955,1.34400
2021-03-24,1.34415,1.34790,1.34395,1.34600
2021-03-25,1.34605,1.34965,1.34570,1.34890
2021-03-26,1.34875,1.34920,1.34415,1.34520
2021-03-29,1.34515,1.34955,1.34515,1.34780
2021-03-30,1.34825,1.34955,1.34615,1.34780
2021-03-31,1.34795,1.34875,1.34275,1.34460
2021-04-01,1.34520,1.34815,1.34370,1.34440
2021-04-02,1.34460,1.34655,1.34305,1.34570
2021-04-05,1.34535,1.34685,1.34095,1.34150
2021-04-06,1.34175,1.34235,1.33880,1.33870
2021-04-07,1.33945,1.34265,1.33760,1.34120
2021-04-08,1.34115,1.34210,1.33945,1.34050
2021-04-09,1.34035,1.34275,1.33900,1.34130
2021-04-12,1.34095,1.34345,1.33995,1.34080
2021-04-13,1.34105,1.34390,1.34005,1.34110
2021-04-14,1.34135,1.34145,1.33490,1.33580
2021-04-15,1.33590,1.33770,1.33365,1.33430
2021-04-16,1.33445,1.33660,1.33290,1.33420
2021-04-19,1.33405,1.33530,1.32985,1.33080
2021-04-20,1.33085,1.33095,1.32590,1.32880
2021-04-21,1.32850,1.33140,1.32795,1.32880
2021-04-22,1.32910,1.33080,1.32640,1.32910
2021-04-23,1.32925,1.33000,1.32640,1.32650
2021-04-26,1.32675,1.32780,1.32440,1.32510
2021-04-27,1.32540,1.32775,1.32480,1.32600
2021-04-28,1.32620,1.32810,1.32465,1.32490
2021-04-29,1.32515,1.32730,1.32335,1.32640
2021-04-30,1.32655,1.33135,1.32560,1.33010
2021-05-03,1.33005,1.33410,1.32880,1.32930
2021-05-04,1.32995,1.33895,1.32915,1.33600
2021-05-05,1.33630,1.33930,1.33385,1.33510
2021-05-06,1.33525,1.33760,1.33270,1.33320
2021-05-07,1.33325,1.33395,1.32355,1.32490
2021-05-10,1.32495,1.32705,1.32320,1.32550
2021-05-11,1.32575,1.32835,1.32450,1.32530
2021-05-12,1.32555,1.33455,1.32525,1.33350
2021-05-13,1.33375,1.33670,1.33210,1.33320
2021-05-14,1.33355,1.33810,1.33115,1.33190
2021-05-17,1.33215,1.33725,1.33165,1.33510
2021-05-18,1.33525,1.33615,1.32840,1.32940
2021-05-19,1.33010,1.33625,1.32830,1.33410
2021-05-20,1.33445,1.33540,1.33005,1.33090
2021-05-21,1.33115,1.33295,1.32910,1.33180
2021-05-24,1.33205,1.33245,1.32760,1.32740
2021-05-25,1.32825,1.32875,1.32430,1.32570
2021-05-26,1.32605,1.32650,1.32245,1.32490
2021-05-27,1.32505,1.32640,1.32240,1.32380
2021-05-28,1.32365,1.32635,1.32210,1.32250
2021-05-31,1.32235,1.32445,1.32065,1.32120
2021-06-01,1.32145,1.32355,1.31890,1.32240
2021-06-02,1.32255,1.32485,1.32140,1.32220
2021-06-03,1.32245,1.32870,1.32155,1.32750
2021-06-04,1.32785,1.32920,1.32340,1.32380
2021-06-07,1.32465,1.32545,1.32200,1.32310
2021-06-08,1.32335,1.32460,1.32210,1.32340
2021-06-09,1.32375,1.32525,1.32200,1.32390
2021-06-10,1.32415,1.32665,1.32310,1.32340
2021-06-11,1.32375,1.32710,1.32135,1.32560
2021-06-14,1.32575,1.32780,1.32550,1.32620
2021-06-15,1.32665,1.32860,1.32520,1.32690
2021-06-16,1.32735,1.33715,1.32535,1.33600
2021-06-17,1.33625,1.34405,1.33425,1.34240
2021-06-18,1.34265,1.34635,1.33920,1.34610
2021-06-21,1.34415,1.34760,1.34180,1.34190
2021-06-22,1.34305,1.34780,1.34185,1.34480
2021-06-23,1.34475,1.34735,1.34295,1.34600
2021-06-24,1.34575,1.34675,1.34215,1.34280
2021-06-25,1.34295,1.34375,1.33955,1.34210
2021-06-28,1.34175,1.34495,1.34175,1.34280
2021-06-29,1.34285,1.34625,1.34225,1.34510
2021-06-30,1.34535,1.34585,1.34350,1.34510
2021-07-01,1.34545,1.34950,1.34425,1.34860
2021-07-02,1.34885,1.35225,1.34570,1.34690
2021-07-05,1.34715,1.34815,1.34435,1.34510
2021-07-06,1.34515,1.34890,1.34240,1.34690
2021-07-07,1.34725,1.35010,1.34535,1.34890
2021-07-08,1.34885,1.35380,1.34820,1.35230
2021-07-09,1.35255,1.35565,1.35040,1.35050
2021-07-12,1.35105,1.35305,1.34995,1.35160
2021-07-13,1.35195,1.35635,1.34940,1.35500
2021-07-14,1.35565,1.35800,1.35245,1.35340
2021-07-15,1.35385,1.35570,1.35160,1.35450
2021-07-16,1.35485,1.35750,1.35305,1.35700
2021-07-19,1.35695,1.36505,1.35635,1.36310
2021-07-20,1.36295,1.36940,1.36230,1.36510
2021-07-21,1.36525,1.36895,1.36290,1.36340
2021-07-22,1.36355,1.36485,1.35795,1.35960
2021-07-23,1.35915,1.36125,1.35640,1.36000
2021-07-26,1.36015,1.36225,1.35750,1.35820
2021-07-27,1.35845,1.36200,1.35655,1.35990
2021-07-28,1.35995,1.36205,1.35615,1.35590
2021-07-29,1.35660,1.35735,1.35195,1.35240
2021-07-30,1.35265,1.35580,1.35135,1.35390
2021-08-02,1.35385,1.35515,1.35095,1.35320
2021-08-03,1.35345,1.35360,1.35025,1.35120
2021-08-04,1.35145,1.35220,1.34725,1.35080
2021-08-05,1.35115,1.35235,1.34920,1.35100
2021-08-06,1.35135,1.35560,1.35000,1.35420
2021-08-09,1.35455,1.35770,1.35415,1.35720
2021-08-10,1.35740,1.36005,1.35645,1.35920
2021-08-11,1.35955,1.36075,1.35495,1.35550
2021-08-12,1.35585,1.35855,1.35585,1.35740
2021-08-13,1.35775,1.35945,1.35430,1.35410
2021-08-16,1.35485,1.35695,1.35415,1.35560
2021-08-17,1.35545,1.36305,1.35540,1.36210
2021-08-18,1.36235,1.36275,1.35850,1.36040
2021-08-19,1.36015,1.36530,1.36015,1.36430
2021-08-20,1.36425,1.36565,1.36090,1.36210
2021-08-23,1.36235,1.36290,1.35570,1.35610
2021-08-24,1.35635,1.35785,1.35355,1.35420
2021-08-25,1.35465,1.35625,1.35235,1.35310
2021-08-26,1.35290,1.35520,1.35145,1.35440
2021-08-27,1.35500,1.35585,1.34505,1.34560
2021-08-30,1.34605,1.34785,1.34390,1.34530
2021-08-31,1.34545,1.34595,1.34165,1.34470
2021-09-01,1.34485,1.34730,1.34285,1.34430
2021-09-02,1.34445,1.34585,1.34200,1.34230
2021-09-03,1.34275,1.34375,1.33940,1.34150
2021-09-06,1.34145,1.34330,1.34050,1.34220
2021-09-07,1.34235,1.34680,1.34060,1.34530
2021-09-08,1.34585,1.34735,1.34470,1.34540
2021-09-09,1.34565,1.34745,1.34135,1.34300
2021-09-10,1.34325,1.34375,1.33785,1.34130
2021-09-13,1.34185,1.34435,1.34105,1.34170
2021-09-14,1.34205,1.34425,1.33995,1.34360
2021-09-15,1.34395,1.34435,1.34055,1.34070
2021-09-16,1.34145,1.34630,1.34040,1.34530
2021-09-17,1.34510,1.34955,1.34455,1.34880
2021-09-20,1.34890,1.35340,1.34835,1.35230
2021-09-21,1.35105,1.35325,1.34965,1.35230
2021-09-22,1.35225,1.35480,1.34860,1.35360
2021-09-23,1.35375,1.35525,1.34655,1.34890
2021-09-24,1.34885,1.35555,1.34770,1.35330
2021-09-27,1.35355,1.35480,1.35110,1.35330
2021-09-28,1.35325,1.35905,1.35290,1.35770
2021-09-29,1.35845,1.36325,1.35615,1.36070
2021-09-30,1.36125,1.36290,1.35605,1.35720
2021-10-01,1.35775,1.36105,1.35430,1.35630
2021-10-04,1.35590,1.35910,1.35420,1.35650
2021-10-05,1.35665,1.35925,1.35610,1.35680
2021-10-06,1.35715,1.36280,1.35665,1.35850
2021-10-07,1.35875,1.35980,1.35655,1.35830
2021-10-08,1.35835,1.35925,1.35295,1.35510
2021-10-11,1.35535,1.35595,1.35205,1.35490
2021-10-12,1.35515,1.35790,1.35475,1.35690
2021-10-13,1.35685,1.35785,1.35135,1.35160
2021-10-14,1.35185,1.35210,1.34705,1.34800
2021-10-15,1.34825,1.34935,1.34720,1.34790
2021-10-18,1.34815,1.35285,1.34755,1.34910
2021-10-19,1.34935,1.34970,1.34310,1.34470
2021-10-20,1.34475,1.34620,1.34280,1.34340
2021-10-21,1.34375,1.34790,1.34180,1.34760
2021-10-22,1.34765,1.34985,1.34440,1.34770
2021-10-25,1.34775,1.34900,1.34370,1.34690
2021-10-26,1.34685,1.34885,1.34505,1.34770
2021-10-27,1.34835,1.35025,1.34620,1.34820
2021-10-28,1.34835,1.35040,1.34325,1.34450
2021-10-29,1.34465,1.35005,1.34335,1.34880
2021-11-01,1.34905,1.35135,1.34745,1.34840
2021-11-02,1.34855,1.35000,1.34655,1.34900
2021-11-03,1.34915,1.35195,1.34735,1.34770
2021-11-04,1.34785,1.35285,1.34685,1.35080
2021-11-05,1.35125,1.35465,1.34955,1.35020
2021-11-08,1.35045,1.35210,1.34680,1.34730
2021-11-09,1.34765,1.34865,1.34520,1.34660
2021-11-10,1.34695,1.35370,1.34680,1.35250
2021-11-11,1.35300,1.35705,1.35200,1.35410
2021-11-12,1.35425,1.35635,1.35140,1.35160
2021-11-15,1.35215,1.35450,1.35010,1.35320
2021-11-16,1.35355,1.35790,1.35135,1.35680
2021-11-17,1.35655,1.36030,1.35520,1.35550
2021-11-18,1.35575,1.36040,1.35520,1.35640
2021-11-19,1.35620,1.36240,1.35580,1.36120
2021-11-22,1.36145,1.36565,1.36060,1.36360
2021-11-23,1.36375,1.36780,1.36375,1.36500
2021-11-24,1.36545,1.36975,1.36440,1.36810
2021-11-25,1.36805,1.36965,1.36610,1.36760
2021-11-26,1.36785,1.37455,1.36740,1.37060
2021-11-29,1.37095,1.37345,1.36750,1.36880
2021-11-30,1.36905,1.37305,1.36300,1.36410
2021-12-01,1.36445,1.36665,1.36095,1.36530
2021-12-02,1.36535,1.37000,1.36355,1.36900
2021-12-03,1.36945,1.37320,1.36745,1.37140
2021-12-06,1.37095,1.37185,1.36805,1.36870
2021-12-07,1.36895,1.37040,1.36475,1.36530
2021-12-08,1.36540,1.36660,1.36045,1.36060
2021-12-09,1.36090,1.36680,1.36050,1.36440
2021-12-10,1.36465,1.36710,1.36240,1.36370
2021-12-13,1.36365,1.36890,1.36285,1.36730
2021-12-14,1.36735,1.37060,1.36675,1.36990
2021-12-15,1.36955,1.37130,1.36495,1.36510
2021-12-16,1.36535,1.36750,1.36260,1.36300
2021-12-17,1.36385,1.36835,1.36295,1.36700
2021-12-20,1.36655,1.36910,1.36570,1.36650
2021-12-21,1.36625,1.36795,1.36375,1.36400
2021-12-22,1.36420,1.36665,1.36100,1.36120
2021-12-23,1.36215,1.36255,1.35780,1.35820
2021-12-24,1.35855,1.36050,1.35535,1.35920
2021-12-27,1.35885,1.35965,1.35465,1.35660
2021-12-28,1.35705,1.35740,1.35315,1.35340
2021-12-29,1.35400,1.35575,1.35090,1.35210
2021-12-30,1.35235,1.35490,1.35030,1.35200
2021-12-31,1.35235,1.35270,1.34725,1.34900
2022-01-03,1.34925,1.35440,1.34775,1.35340
2022-01-04,1.35385,1.35855,1.35260,1.35560
2022-01-05,1.35585,1.35805,1.35345,1.35760
2022-01-06,1.35765,1.36165,1.35660,1.36050
2022-01-07,1.36075,1.36155,1.35480,1.35550
2022-01-10,1.35575,1.35810,1.35400,1.35620
2022-01-11,1.35655,1.35680,1.35025,1.35030
2022-01-12,1.35085,1.35180,1.34535,1.34560
2022-01-13,1.34635,1.34705,1.34415,1.34580
2022-01-14,1.34605,1.34940,1.34310,1.34720
2022-01-17,1.34755,1.34990,1.34700,1.34790
2022-01-18,1.34835,1.35210,1.34585,1.35060
2022-01-19,1.35085,1.35165,1.34665,1.34740
2022-01-20,1.34800,1.34830,1.34330,1.34700
2022-01-21,1.34735,1.34820,1.34360,1.34420
2022-01-24,1.34545,1.34810,1.34295,1.34560
2022-01-25,1.34585,1.34670,1.34235,1.34430
2022-01-26,1.34455,1.34900,1.34315,1.34750
2022-01-27,1.34755,1.35390,1.34675,1.35260
2022-01-28,1.35295,1.35835,1.35245,1.35470
2022-01-31,1.35495,1.35670,1.35020,1.35120
2022-02-01,1.35135,1.35240,1.34805,1.34820
2022-02-02,1.34830,1.34975,1.34615,1.34690
2022-02-03,1.34715,1.34945,1.34280,1.34370
2022-02-04,1.34415,1.34800,1.34215,1.34570
2022-02-07,1.34595,1.34675,1.34320,1.34380
2022-02-08,1.34365,1.34600,1.34315,1.34490
2022-02-09,1.34505,1.34550,1.34115,1.34150
2022-02-10,1.34185,1.34630,1.34060,1.34440
2022-02-11,1.34465,1.34815,1.34300,1.34690
2022-02-14,1.34655,1.34870,1.34610,1.34660
2022-02-15,1.34705,1.34795,1.34435,1.34450
2022-02-16,1.34535,1.34630,1.34210,1.34420
2022-02-17,1.34385,1.34595,1.34215,1.34310
2022-02-18,1.34345,1.34675,1.34190,1.34550
2022-02-21,1.34655,1.34785,1.34365,1.34570
2022-02-22,1.34585,1.34905,1.34445,1.34510
2022-02-23,1.34575,1.34685,1.34315,1.34630
2022-02-24,1.34655,1.36085,1.34545,1.35510
2022-02-25,1.35540,1.35610,1.35100,1.35310
2022-02-28,1.35690,1.36030,1.35445,1.35460
2022-03-01,1.35485,1.35880,1.35260,1.35730
2022-03-02,1.35735,1.36000,1.35365,1.35330
2022-03-03,1.35420,1.35950,1.35335,1.35620
2022-03-04,1.35645,1.36290,1.35610,1.36020
2022-03-07,1.36045,1.36505,1.35965,1.36150
2022-03-08,1.36175,1.36695,1.36105,1.36480
2022-03-09,1.36525,1.36630,1.35620,1.35780
2022-03-10,1.35795,1.36080,1.35640,1.35900
2022-03-11,1.35940,1.36440,1.35770,1.36380
2022-03-14,1.36430,1.36765,1.36235,1.36670
2022-03-15,1.36675,1.36900,1.36340,1.36550
2022-03-16,1.36585,1.36715,1.35765,1.35850
2022-03-17,1.35865,1.35960,1.35275,1.35340
2022-03-18,1.35365,1.35880,1.35265,1.35470
2022-03-21,1.35600,1.35840,1.35475,1.35750
2022-03-22,1.35770,1.36035,1.35625,1.35620
2022-03-23,1.35715,1.35865,1.35585,1.35750
2022-03-24,1.35785,1.35905,1.35710,1.35730
2022-03-25,1.35755,1.35875,1.35570,1.35750
2022-03-28,1.35775,1.36185,1.35770,1.36060
2022-03-29,1.36115,1.36215,1.35505,1.35610
2022-03-30,1.35645,1.35680,1.35210,1.35240
2022-03-31,1.35220,1.35580,1.35205,1.35480
2022-04-01,1.35545,1.35770,1.35430,1.35620
2022-04-04,1.35680,1.35795,1.35620,1.35650
2022-04-05,1.35655,1.35990,1.35490,1.35920
2022-04-06,1.35945,1.36160,1.35840,1.35980
2022-04-07,1.36025,1.36195,1.35900,1.36120
2022-04-08,1.36125,1.36500,1.36115,1.36360
2022-04-11,1.36385,1.36740,1.36185,1.36480
2022-04-12,1.36515,1.36665,1.36150,1.36390
2022-04-13,1.36405,1.36540,1.36225,1.36230
2022-04-14,1.36255,1.36275,1.35085,1.35600
2022-04-15,1.35625,1.35980,1.35555,1.35620
2022-04-18,1.35645,1.36295,1.35645,1.36150
2022-04-19,1.36175,1.36880,1.36100,1.36760
2022-04-20,1.36785,1.37000,1.36220,1.36350
2022-04-21,1.36355,1.36600,1.35985,1.36380
2022-04-22,1.36425,1.37215,1.36190,1.37080
2022-04-25,1.37045,1.37850,1.36975,1.37410
2022-04-26,1.37375,1.37950,1.37020,1.37835
2022-04-27,1.37900,1.38220,1.37630,1.38100
2022-04-28,1.38150,1.39070,1.38050,1.38670
2022-04-29,1.38695,1.38770,1.37810,1.38350
2022-05-02,1.38375,1.38835,1.38190,1.38530
2022-05-03,1.38560,1.38695,1.38205,1.38320
2022-05-04,1.38390,1.38555,1.37300,1.37360
2022-05-05,1.37415,1.38795,1.37310,1.38380
2022-05-06,1.38405,1.39070,1.38265,1.38540
2022-05-09,1.38565,1.39380,1.38465,1.39050
2022-05-10,1.39045,1.39295,1.38735,1.39060
2022-05-11,1.39085,1.39205,1.38335,1.38930
2022-05-12,1.38945,1.39890,1.38850,1.39670
2022-05-13,1.39715,1.39810,1.39195,1.39250
2022-05-16,1.39445,1.39695,1.39080,1.39130
2022-05-17,1.39225,1.39255,1.38315,1.38470
2022-05-18,1.38495,1.39240,1.38345,1.39150
2022-05-19,1.39205,1.39220,1.37845,1.38100
2022-05-20,1.38095,1.38360,1.37665,1.38040
2022-05-23,1.38045,1.38055,1.37220,1.37250
2022-05-24,1.37275,1.37700,1.37085,1.37120
2022-05-25,1.37155,1.37825,1.37090,1.37540
2022-05-26,1.37495,1.37775,1.37235,1.37260
2022-05-27,1.37305,1.37390,1.36780,1.36870
2022-05-30,1.36915,1.36975,1.36585,1.36680
2022-05-31,1.36705,1.37315,1.36605,1.36930
2022-06-01,1.36980,1.37625,1.36900,1.37430
2022-06-02,1.37465,1.37795,1.36990,1.37010
2022-06-03,1.37035,1.37695,1.36850,1.37570
2022-06-06,1.37405,1.37705,1.37205,1.37650
2022-06-07,1.37645,1.38015,1.37320,1.37380
2022-06-08,1.37425,1.37695,1.37340,1.37600
2022-06-09,1.37585,1.38395,1.37415,1.38280
2022-06-10,1.38325,1.38860,1.37955,1.38760
2022-06-13,1.38815,1.39585,1.38715,1.39490
2022-06-14,1.39500,1.39610,1.38895,1.39330
2022-06-15,1.39340,1.39450,1.38530,1.38600
2022-06-16,1.38625,1.39245,1.38190,1.38310
2022-06-17,1.38335,1.39145,1.38295,1.38970
2022-06-20,1.38965,1.39060,1.38530,1.38860
2022-06-21,1.38875,1.38955,1.38385,1.38510
2022-06-22,1.38520,1.39070,1.38500,1.38600
2022-06-23,1.38695,1.39195,1.38635,1.38990
2022-06-24,1.38985,1.39150,1.38530,1.38550
2022-06-27,1.38590,1.38705,1.38365,1.38570
2022-06-28,1.38585,1.38815,1.38405,1.38770
2022-06-29,1.38785,1.39405,1.38710,1.39350
2022-06-30,1.39375,1.39465,1.38885,1.38980
2022-07-01,1.38995,1.39995,1.38920,1.39620
2022-07-04,1.39685,1.39795,1.39440,1.39570
2022-07-05,1.39595,1.40755,1.39480,1.40510
2022-07-06,1.40545,1.40700,1.40060,1.40480
2022-07-07,1.40505,1.40600,1.39930,1.39990
2022-07-08,1.40075,1.40525,1.39685,1.39760
2022-07-11,1.39805,1.40635,1.39800,1.40570
2022-07-12,1.40585,1.40830,1.40435,1.40750
2022-07-13,1.40685,1.40995,1.40275,1.40390
2022-07-14,1.40510,1.40990,1.39320,1.40340
2022-07-15,1.40365,1.40580,1.39805,1.39980
2022-07-18,1.40020,1.40100,1.39415,1.39710
2022-07-19,1.39735,1.39905,1.39020,1.39140
2022-07-20,1.39165,1.39455,1.39015,1.39300
2022-07-21,1.39350,1.39615,1.38905,1.38930
2022-07-22,1.38970,1.39210,1.38530,1.38760
2022-07-25,1.38780,1.39045,1.38400,1.38620
2022-07-26,1.38655,1.39055,1.38445,1.38940
2022-07-27,1.38960,1.39045,1.38230,1.38290
2022-07-28,1.38315,1.38445,1.37905,1.37930
2022-07-29,1.38005,1.38610,1.37645,1.38040
2022-08-01,1.38135,1.38280,1.37530,1.37660
2022-08-02,1.37750,1.38410,1.37550,1.38190
2022-08-03,1.38215,1.38485,1.37935,1.38040
2022-08-04,1.38055,1.38140,1.37535,1.37590
2022-08-05,1.37645,1.38340,1.37505,1.38120
2022-08-08,1.38155,1.38340,1.37690,1.37800
2022-08-09,1.37850,1.37975,1.37665,1.37830
2022-08-10,1.37875,1.38010,1.36765,1.36970
2022-08-11,1.36995,1.37295,1.36640,1.36960
2022-08-12,1.36985,1.37260,1.36870,1.37110
2022-08-15,1.37185,1.37955,1.36995,1.37880
2022-08-16,1.37915,1.38090,1.37650,1.37840
2022-08-17,1.37875,1.38450,1.37745,1.38080
2022-08-18,1.38155,1.38680,1.37985,1.38600
2022-08-19,1.38615,1.39260,1.38515,1.39120
2022-08-22,1.39075,1.39925,1.39055,1.39790
2022-08-23,1.39795,1.40045,1.38890,1.39150
2022-08-24,1.39200,1.39700,1.39150,1.39370
2022-08-25,1.39375,1.39485,1.38810,1.38870
2022-08-26,1.38895,1.39560,1.38630,1.39340
2022-08-29,1.39470,1.40075,1.39390,1.39570
2022-08-30,1.39585,1.39925,1.39395,1.39780
2022-08-31,1.39800,1.39945,1.39360,1.39690
2022-09-01,1.39705,1.40340,1.39665,1.40240
2022-09-02,1.40280,1.40330,1.39820,1.40200
2022-09-05,1.40165,1.40645,1.40125,1.40330
2022-09-06,1.40355,1.40820,1.40035,1.40650
2022-09-07,1.40635,1.41095,1.40380,1.40400
2022-09-08,1.40420,1.40855,1.40325,1.40530
2022-09-09,1.40515,1.40565,1.39595,1.39840
2022-09-12,1.39790,1.40000,1.39460,1.39620
2022-09-13,1.39625,1.40725,1.39375,1.40660
2022-09-14,1.40655,1.40720,1.40245,1.40600
2022-09-15,1.40630,1.40985,1.40460,1.40870
2022-09-16,1.40905,1.41160,1.40565,1.40550
2022-09-19,1.40655,1.41105,1.40545,1.40750
2022-09-20,1.40760,1.41125,1.40635,1.40970
2022-09-21,1.40995,1.41945,1.40955,1.41700
2022-09-22,1.41695,1.42245,1.41445,1.41840
2022-09-23,1.41820,1.43175,1.41735,1.43080
2022-09-26,1.43105,1.43945,1.42925,1.43810
2022-09-27,1.43815,1.44065,1.43395,1.43890
2022-09-28,1.43895,1.44935,1.43245,1.43410
2022-09-29,1.43455,1.44430,1.43200,1.43240
2022-09-30,1.43275,1.43705,1.42955,1.43660
2022-10-03,1.43485,1.43775,1.42905,1.43040
2022-10-04,1.43100,1.43260,1.42145,1.42290
2022-10-05,1.42305,1.43010,1.41965,1.42520
2022-10-06,1.42575,1.43005,1.41985,1.42900
2022-10-07,1.42925,1.43480,1.42755,1.43290
2022-10-10,1.43255,1.43875,1.43240,1.43730
2022-10-11,1.43755,1.44135,1.43250,1.43790
2022-10-12,1.43860,1.44155,1.43365,1.43480
2022-10-13,1.43505,1.43980,1.42955,1.43030
2022-10-14,1.43065,1.43175,1.42030,1.42620
2022-10-17,1.42560,1.42825,1.41885,1.42080
2022-10-18,1.42125,1.42320,1.41595,1.42010
2022-10-19,1.42075,1.42645,1.41880,1.42480
2022-10-20,1.42530,1.42800,1.41830,1.42370
2022-10-21,1.42405,1.43150,1.41485,1.41460
2022-10-24,1.41545,1.42475,1.41400,1.42180
2022-10-25,1.42245,1.42585,1.41530,1.41620
2022-10-26,1.41660,1.41915,1.40370,1.40550
2022-10-27,1.40585,1.41235,1.40210,1.40960
2022-10-28,1.40965,1.41425,1.40540,1.41060
2022-10-31,1.41115,1.41730,1.41045,1.41550
2022-11-01,1.41605,1.41675,1.40895,1.41500
2022-11-02,1.41525,1.41850,1.40475,1.41670
2022-11-03,1.41655,1.42460,1.41535,1.42160
2022-11-04,1.42185,1.42250,1.40170,1.40330
2022-11-07,1.41060,1.41065,1.40025,1.40040
2022-11-08,1.40110,1.40515,1.39680,1.39830
2022-11-09,1.39895,1.40440,1.39600,1.40250
2022-11-10,1.40270,1.40470,1.38130,1.38190
2022-11-11,1.38215,1.38650,1.37125,1.37150
2022-11-14,1.37195,1.37705,1.37010,1.37240
2022-11-15,1.37265,1.37495,1.36375,1.37030
2022-11-16,1.37040,1.37550,1.36630,1.36970
2022-11-17,1.37035,1.38035,1.36905,1.37430
2022-11-18,1.37465,1.37600,1.37105,1.37550
2022-11-21,1.37515,1.38335,1.375,1.38175
2022-11-22,1.38180,1.38195,1.37755,1.37805
2022-11-23,1.37805,1.38585,1.37625,1.37635
2022-11-24,1.37635,1.37700,1.37165,1.37560
2022-11-25,1.37565,1.37795,1.37085,1.37580
2022-11-28,1.37875,1.38015,1.37170,1.37915
2022-11-29,1.37915,1.38005,1.37135,1.37545
2022-11-30,1.37505,1.37660,1.36130,1.36145
2022-12-01,1.36155,1.36200,1.35180,1.35340
2022-12-02,1.35345,1.35995,1.34870,1.35015
2022-12-05,1.35195,1.35745,1.34355,1.35660
2022-12-06,1.35665,1.35985,1.35400,1.35935
2022-12-07,1.35935,1.36060,1.35400,1.35510
2022-12-08,1.35515,1.35840,1.35195,1.35300
2022-12-09,1.35300,1.35645,1.34855,1.35140
2022-12-12,1.35285,1.35685,1.35165,1.35565
2022-12-13,1.35575,1.35665,1.34335,1.34605
2022-12-14,1.34625,1.35235,1.34515,1.34825
2022-12-15,1.34805,1.36185,1.34475,1.36005
2022-12-16,1.36005,1.36145,1.35480,1.35830
2022-12-19,1.35815,1.35935,1.35335,1.35735
2022-12-20,1.35740,1.35785,1.34905,1.35110
2022-12-21,1.35115,1.35365,1.34945,1.35105
2022-12-22,1.35120,1.35490,1.34665,1.35395
2022-12-23,1.35395,1.35405,1.34770,1.35055
2022-12-26,1.34985,1.35545,1.34645,1.34735
2022-12-27,1.34755,1.34845,1.34385,1.34780
2022-12-28,1.34780,1.35040,1.34540,1.35010
2022-12-29,1.35005,1.35035,1.34335,1.34345
2022-12-30,1.34340,1.34540,1.33805,1.33945
2023-01-02,1.34005,1.34290,1.33745,1.34260
2023-01-03,1.34260,1.34715,1.33655,1.34440
2023-01-04,1.34445,1.34575,1.33770,1.34155
2023-01-05,1.34155,1.34630,1.33845,1.34450
2023-01-06,1.34455,1.34905,1.33465,1.33485
2023-01-09,1.33495,1.33595,1.32765,1.32815
2023-01-10,1.32825,1.33315,1.32815,1.33165
2023-01-11,1.33160,1.33300,1.32895,1.33085
2023-01-12,1.33085,1.33155,1.32160,1.32290
2023-01-13,1.32295,1.32450,1.31845,1.31885
2023-01-16,1.32085,1.32225,1.31555,1.32125
2023-01-17,1.32125,1.32455,1.31945,1.32065
2023-01-18,1.32075,1.32525,1.31315,1.32015
2023-01-19,1.32015,1.32565,1.31905,1.32170
2023-01-20,1.32170,1.32355,1.31865,1.31895
2023-01-23,1.31800,1.32135,1.31530,1.31935
2023-01-24,1.31935,1.32355,1.31740,1.31955
2023-01-25,1.31960,1.32100,1.31295,1.31325
2023-01-26,1.31330,1.31415,1.31045,1.31215
2023-01-27,1.31215,1.31570,1.31065,1.31235
2023-01-30,1.31365,1.31475,1.31090,1.31450
2023-01-31,1.31445,1.31805,1.31315,1.31405
2023-02-01,1.31405,1.31515,1.30705,1.30725
2023-02-02,1.30735,1.31125,1.30325,1.31015
2023-02-03,1.31005,1.32325,1.30935,1.32315
2023-02-06,1.32445,1.32900,1.32265,1.32785
2023-02-07,1.32775,1.32865,1.32145,1.32475
2023-02-08,1.32475,1.32695,1.32275,1.32585
2023-02-09,1.32590,1.32780,1.31995,1.32560
2023-02-10,1.32555,1.33060,1.32400,1.33045
2023-02-13,1.32915,1.33310,1.32810,1.32905
2023-02-14,1.32905,1.33145,1.32305,1.32800
2023-02-15,1.32805,1.33805,1.32765,1.33645
2023-02-16,1.33645,1.33895,1.33310,1.33485
2023-02-17,1.33485,1.34060,1.33485,1.33635
2023-02-20,1.33685,1.33765,1.33480,1.33535
2023-02-21,1.33520,1.34065,1.33520,1.34015
2023-02-22,1.34015,1.34125,1.33810,1.34125
2023-02-23,1.34125,1.34445,1.33795,1.34270
2023-02-24,1.34260,1.35025,1.34165,1.34995
2023-02-27,1.34935,1.35175,1.34625,1.34685
2023-02-28,1.34685,1.35035,1.34575,1.34825
2023-03-01,1.34820,1.34995,1.33920,1.34235
2023-03-02,1.34235,1.35045,1.34130,1.34785
2023-03-03,1.34795,1.34870,1.34415,1.34415
2023-03-06,1.34500,1.34675,1.34365,1.34585
2023-03-07,1.34585,1.35455,1.34335,1.35415
2023-03-08,1.35415,1.35665,1.35075,1.35345
2023-03-09,1.35355,1.35515,1.35025,1.35240
2023-03-10,1.35235,1.35760,1.34710,1.35105
2023-03-13,1.34895,1.35030,1.34265,1.34605
2023-03-14,1.34745,1.34775,1.34325,1.34470
2023-03-15,1.34465,1.35310,1.34105,1.35175
2023-03-16,1.35155,1.35245,1.34575,1.34655
2023-03-17,1.34655,1.34745,1.34005,1.34145
2023-03-20,1.34085,1.34370,1.33710,1.33755
2023-03-21,1.33770,1.33995,1.33455,1.33710
2023-03-22,1.33705,1.33795,1.32495,1.33015
2023-03-23,1.33015,1.33115,1.32325,1.32705
2023-03-24,1.32705,1.33470,1.32555,1.33205
2023-03-27,1.33245,1.33495,1.33095,1.33125
2023-03-28,1.33125,1.33180,1.32710,1.32745
2023-03-29,1.32740,1.33085,1.32725,1.32925
2023-03-30,1.32925,1.33140,1.32745,1.32770
2023-03-31,1.32755,1.33125,1.32555,1.33075
2023-04-03,1.33135,1.33480,1.32615,1.32700
2023-04-04,1.32705,1.32845,1.32525,1.32555
2023-04-05,1.32575,1.32965,1.32400,1.32780
2023-04-06,1.32785,1.33145,1.32765,1.33045
2023-04-07,1.33005,1.33295,1.32935,1.33205
2023-04-10,1.32995,1.33415,1.32825,1.33280
2023-04-11,1.33265,1.33335,1.33055,1.33260
2023-04-12,1.33265,1.33365,1.32635,1.32785
2023-04-13,1.32835,1.32835,1.32090,1.32205
2023-04-14,1.32175,1.33215,1.32055,1.33035
2023-04-17,1.32965,1.33585,1.32955,1.33435
2023-04-18,1.33435,1.33470,1.33120,1.33270
2023-04-19,1.33235,1.33795,1.33125,1.33450
2023-04-20,1.33455,1.33555,1.33025,1.33230
2023-04-21,1.33225,1.33645,1.33185,1.33465
2023-04-24,1.33345,1.33650,1.33325,1.33355
2023-04-25,1.33355,1.33915,1.33185,1.33870
2023-04-26,1.33870,1.33875,1.33285,1.33555
2023-04-27,1.33575,1.33785,1.33385,1.33505
2023-04-28,1.33485,1.33785,1.33315,1.33485
2023-05-01,1.33445,1.33685,1.33115,1.33630
2023-05-02,1.33585,1.33705,1.33425,1.33495
2023-05-03,1.33460,1.33505,1.32715,1.33030
2023-05-04,1.33015,1.33055,1.32645,1.32815
2023-05-05,1.32810,1.32875,1.32385,1.32485
2023-05-08,1.32485,1.32625,1.32390,1.32460
2023-05-09,1.32485,1.32865,1.32435,1.32735
2023-05-10,1.32765,1.32845,1.32265,1.32505
2023-05-11,1.32485,1.33225,1.32345,1.33165
2023-05-12,1.33165,1.33885,1.33060,1.33845
2023-05-15,1.33775,1.34048,1.33645,1.33826
2023-05-16,1.33826,1.33826,1.33601,1.33601
2023-05-17,1.33601,1.34282,1.33601,1.34282
2023-05-18,1.34282,1.34559,1.34180,1.34559
2023-05-19,1.34559,1.35043,1.34559,1.34627
2023-05-22,1.34627,1.34627,1.34244,1.34580
2023-05-23,1.34580,1.34732,1.34580,1.34732
2023-05-24,1.34732,1.34845,1.34671,1.34671
2023-05-25,1.34671,1.35276,1.34671,1.35276
2023-05-26,1.35276,1.35286,1.35109,1.35109
2023-05-29,1.35380,1.35439,1.35295,1.35302
2023-05-30,1.35302,1.35345,1.35132,1.35132
2023-05-31,1.35132,1.35469,1.35116,1.35469
2023-06-01,1.35469,1.35469,1.35097,1.35097
2023-06-02,1.35097,1.35097,1.34482,1.34493
2023-06-05,1.34983,1.35402,1.34964,1.34964
2023-06-06,1.34964,1.35060,1.34913,1.34987
2023-06-07,1.34987,1.34987,1.34580,1.34580
2023-06-08,1.34580,1.34729,1.34580,1.34729
2023-06-09,1.34729,1.34729,1.34084,1.34328
2023-06-12,1.34355,1.34610,1.34263,1.34263
2023-06-13,1.34263,1.34388,1.34137,1.34137
2023-06-14,1.34137,1.34174,1.34137,1.34164
2023-06-15,1.34164,1.34342,1.33763,1.34342
2023-06-16,1.34342,1.34342,1.33027,1.33543
2023-06-19,1.33409,1.34072,1.33409,1.34072
2023-06-20,1.34072,1.34259,1.34072,1.34259
2023-06-21,1.34259,1.34423,1.34259,1.34383
2023-06-22,1.34383,1.34383,1.33540,1.34146
2023-06-23,1.34146,1.35283,1.34146,1.35283
2023-06-26,1.34443,1.35285,1.34443,1.35285
2023-06-27,1.35285,1.35316,1.34933,1.34933
2023-06-28,1.34933,1.35281,1.34854,1.35281
2023-06-29,1.35281,1.35798,1.35211,1.35211
2023-06-30,1.35211,1.35915,1.35211,1.35681
2023-07-03,1.34801,1.35089,1.34801,1.35089
2023-07-04,1.35089,1.35089,1.34941,1.34941
2023-07-05,1.34941,1.35205,1.34941,1.35205
2023-07-06,1.35205,1.35617,1.35055,1.35055
2023-07-07,1.35055,1.35160,1.35055,1.35160
2023-07-10,1.34102,1.34918,1.34102,1.34918
2023-07-11,1.34918,1.34918,1.34235,1.34418
2023-07-12,1.34418,1.34418,1.32532,1.32532
2023-07-13,1.32532,1.32542,1.32392,1.32542
2023-07-14,1.32542,1.32542,1.31964,1.31981
2023-07-17,1.31724,1.32046,1.31724,1.32046
2023-07-18,1.32046,1.32146,1.31967,1.32146
2023-07-19,1.32146,1.32637,1.32146,1.32637
2023-07-20,1.32637,1.32637,1.32289,1.32289
2023-07-21,1.32289,1.33064,1.32289,1.32947
2023-07-24,1.32827,1.33497,1.32827,1.32956
2023-07-25,1.32956,1.33330,1.32944,1.32944
2023-07-26,1.32944,1.32944,1.32805,1.32805
2023-07-27,1.32805,1.32805,1.32405,1.32405
2023-07-28,1.32405,1.34260,1.32405,1.32992
2023-07-31,1.32651,1.33046,1.32651,1.33046
2023-08-01,1.33046,1.33549,1.33046,1.33404
2023-08-02,1.33404,1.33916,1.33186,1.33916
2023-08-03,1.33916,1.34215,1.33916,1.34181
2023-08-04,1.34181,1.34408,1.33986,1.34408
2023-08-07,1.33370,1.34149,1.33370,1.34133
2023-08-08,1.34133,1.34805,1.33961,1.34805
2023-08-09,1.34805,1.34805,1.34566,1.34566
2023-08-10,1.34566,1.34619,1.34557,1.34557
2023-08-11,1.34557,1.35047,1.34557,1.35007
2023-08-14,1.35364,1.35703,1.35364,1.35501
2023-08-15,1.35501,1.35888,1.35501,1.35684
2023-08-16,1.35684,1.36055,1.35684,1.35809
2023-08-17,1.35809,1.36392,1.35809,1.35852
2023-08-18,1.35852,1.35852,1.35852,1.35852
2023-08-21,1.35463,1.35713,1.35463,1.35652
2023-08-22,1.35652,1.35694,1.35537,1.35537
2023-08-23,1.35537,1.36019,1.35537,1.35855
2023-08-24,1.35855,1.35855,1.35099,1.35281
2023-08-25,1.35281,1.36040,1.35281,1.35520
2023-08-28,1.35637,1.35755,1.35554,1.35755
2023-08-29,1.35755,1.35755,1.35515,1.35515
2023-08-30,1.35515,1.35515,1.34750,1.35437
2023-08-31,1.35437,1.35437,1.34819,1.35132
2023-09-01,1.35132,1.35560,1.35029,1.35029
2023-09-04,1.35633,1.35871,1.35322,1.35455
2023-09-05,1.35455,1.36393,1.35455,1.36393
2023-09-06,1.36393,1.36429,1.36063,1.36063
2023-09-07,1.36063,1.36455,1.36063,1.36455
2023-09-08,1.36455,1.36455,1.36393,1.36408
2023-09-11,1.36267,1.36267,1.35902,1.35902
2023-09-12,1.35902,1.36265,1.35902,1.36265
2023-09-13,1.36265,1.36265,1.35686,1.36212
2023-09-14,1.36212,1.36212,1.36037,1.36037
2023-09-15,1.36037,1.37242,1.36037,1.36379
2023-09-18,1.36150,1.36396,1.36150,1.36396
2023-09-19,1.36396,1.36396,1.36141,1.36357
2023-09-20,1.36357,1.36554,1.36357,1.36387
2023-09-21,1.36387,1.37241,1.36387,1.36859
2023-09-22,1.36859,1.36859,1.36559,1.36559
2023-09-25,1.36094,1.36506,1.36094,1.36506
2023-09-26,1.36506,1.37253,1.36506,1.36796
2023-09-27,1.36796,1.37266,1.36796,1.37223
2023-09-28,1.37223,1.37592,1.37030,1.37030
2023-09-29,1.37030,1.37030,1.36358,1.36358
2023-10-02,1.36504,1.37265,1.36504,1.37265
2023-10-03,1.37265,1.38074,1.37265,1.37545
2023-10-04,1.37545,1.37545,1.37114,1.37114
2023-10-05,1.37114,1.37114,1.36960,1.37113
2023-10-06,1.37113,1.37113,1.36676,1.36685
2023-10-09,1.36043,1.36840,1.36043,1.36840
2023-10-10,1.36840,1.36840,1.36310,1.36635
2023-10-11,1.36635,1.36635,1.36323,1.36362
2023-10-12,1.36362,1.36362,1.36075,1.36250
2023-10-13,1.36250,1.37269,1.36250,1.36985
2023-10-16,1.37043,1.37043,1.36989,1.37039
2023-10-17,1.37039,1.37039,1.36691,1.36778
2023-10-18,1.36778,1.37000,1.36778,1.37000
2023-10-19,1.37000,1.37283,1.37000,1.37283
2023-10-20,1.37283,1.37283,1.37017,1.37216
2023-10-23,1.36989,1.37219,1.36989,1.37210
2023-10-24,1.37210,1.37210,1.36226,1.36763
2023-10-25,1.36763,1.37169,1.36763,1.37009
2023-10-26,1.37009,1.37179,1.37009,1.37179
2023-10-27,1.37179,1.37179,1.36904,1.37146
2023-10-30,1.36717,1.36927,1.36530,1.36530
2023-10-31,1.36530,1.36581,1.36321,1.36581
2023-11-01,1.36581,1.37051,1.36581,1.37051
2023-11-02,1.37051,1.37051,1.36168,1.36168
2023-11-03,1.36168,1.36542,1.36027,1.36027
2023-11-06,1.34998,1.35121,1.34905,1.34905
2023-11-07,1.34905,1.35512,1.34905,1.35512
2023-11-08,1.35512,1.35741,1.35392,1.35741
2023-11-09,1.35741,1.35839,1.35213,1.35839
2023-11-10,1.35839,1.36060,1.35839,1.36001
2023-11-13,1.35542,1.36104,1.35542,1.36096
2023-11-14,1.36096,1.36096,1.35836,1.36059
2023-11-15,1.36059,1.36059,1.34203,1.34844
2023-11-16,1.34844,1.35027,1.34844,1.34978
2023-11-17,1.34978,1.34978,1.34469,1.34469
2023-11-20,1.33770,1.34032,1.33770,1.33922
2023-11-21,1.33922,1.33922,1.33551,1.33646
2023-11-22,1.33646,1.34024,1.33646,1.33960
2023-11-23,1.33960,1.34114,1.33960,1.34097
2023-11-24,1.34097,1.34170,1.34011,1.34011
2023-11-27,1.33656,1.33733,1.33656,1.33733
2023-11-28,1.33733,1.33733,1.33552,1.33552
2023-11-29,1.33552,1.33552,1.32958,1.33173
2023-11-30,1.33173,1.33695,1.33173,1.33695
2023-12-01,1.33695,1.33794,1.33695,1.33743
2023-12-04,1.33737,1.34008,1.33579,1.33579
2023-12-05,1.33579,1.33925,1.33579,1.33925
2023-12-06,1.33925,1.34266,1.33925,1.34200
2023-12-07,1.34200,1.34301,1.34114,1.34114
2023-12-08,1.34114,1.34114,1.33810,1.33909
2023-12-11,1.34114,1.34403,1.34083,1.34403
2023-12-12,1.34403,1.34403,1.34000,1.34000
2023-12-13,1.34000,1.34362,1.34000,1.34362
2023-12-14,1.34362,1.34362,1.32859,1.32859
2023-12-15,1.32859,1.33017,1.32238,1.33017
2023-12-18,1.33627,1.33790,1.33173,1.33173
2023-12-19,1.33173,1.33173,1.33112,1.33128
2023-12-20,1.33128,1.33128,1.32845,1.33028
2023-12-21,1.33028,1.33028,1.32852,1.32876
2023-12-22,1.32876,1.32876,1.32338,1.32500
2023-12-25,1.32597,1.32597,1.32597,1.32597
2023-12-26,1.32597,1.32597,1.32597,1.32597
2023-12-27,1.32597,1.32597,1.32209,1.32209
2023-12-28,1.32209,1.32322,1.31470,1.32322
2023-12-29,1.32299,1.32319,1.31947,1.31947
2024-01-01,1.32307,1.32307,1.32307,1.32307
2024-01-02,1.32307,1.32550,1.32307,1.32550
2024-01-03,1.32550,1.32722,1.32550,1.32718
2024-01-04,1.32718,1.32869,1.32718,1.32869
2024-01-05,1.32869,1.33153,1.32848,1.33153
2024-01-08,1.32791,1.33054,1.32760,1.33054
2024-01-09,1.33054,1.33080,1.32828,1.33080
2024-01-10,1.33080,1.33121,1.33080,1.33098
2024-01-11,1.33098,1.33098,1.32711,1.32968
2024-01-12,1.32968,1.33303,1.32899,1.33152
2024-01-15,1.33045,1.33280,1.33045,1.33209
2024-01-16,1.33209,1.34068,1.33209,1.34068
2024-01-17,1.34068,1.34390,1.34068,1.34390
2024-01-18,1.34390,1.34390,1.34178,1.34364
2024-01-19,1.34364,1.34408,1.34193,1.34193
2024-01-22,1.33764,1.34073,1.33764,1.34073
2024-01-23,1.34073,1.34139,1.34033,1.34033
2024-01-24,1.34033,1.34195,1.33801,1.33801
2024-01-25,1.33801,1.34002,1.33801,1.33996
2024-01-26,1.33996,1.34557,1.33996,1.34008
2024-01-29,1.34106,1.34360,1.34106,1.34128
2024-01-30,1.34128,1.34128,1.33978,1.33978
2024-01-31,1.33978,1.34127,1.33784,1.33784
2024-02-01,1.33784,1.34401,1.33784,1.34085
2024-02-02,1.34085,1.34085,1.33336,1.33558
2024-02-05,1.34471,1.34938,1.34471,1.34601
2024-02-06,1.34601,1.34724,1.34601,1.34685
2024-02-07,1.34685,1.34685,1.34290,1.34316
2024-02-08,1.34316,1.34717,1.34199,1.34717
2024-02-09,1.34717,1.34717,1.34502,1.34593
2024-02-10,1.34593,1.34593,1.34593,1.34593
2024-02-12,1.34480,1.34480,1.34301,1.34473
2024-02-13,1.34473,1.34523,1.34473,1.34518
2024-02-14,1.34518,1.35347,1.34518,1.34978
2024-02-15,1.34978,1.34978,1.34683,1.34683
2024-02-16,1.34683,1.34683,1.34377,1.34632
2024-02-17,1.34632,1.34632,1.34632,1.34632
2024-02-19,1.34595,1.34595,1.34542,1.34542
2024-02-20,1.34542,1.34714,1.34522,1.34522
2024-02-21,1.34522,1.34522,1.34339,1.34449
2024-02-22,1.34449,1.34449,1.34117,1.34160
2024-02-23,1.34160,1.34489,1.34160,1.34489
2024-02-24,1.34489,1.34489,1.34489,1.34489
2024-02-26,1.34342,1.34594,1.34342,1.34392
2024-02-27,1.34392,1.34436,1.34299,1.34299
2024-02-28,1.34299,1.34626,1.34299,1.34342
2024-02-29,1.34342,1.34587,1.34342,1.34587
2024-03-01,1.34587,1.34689,1.34583,1.34583
2024-03-02,1.34583,1.34583,1.34583,1.34583
2024-03-04,1.34193,1.34371,1.34193,1.34338
2024-03-05,1.34338,1.34449,1.34338,1.34449
2024-03-06,1.34449,1.34487,1.34114,1.34114
2024-03-07,1.34114,1.34114,1.33001,1.33001
2024-03-08,1.33001,1.33180,1.32928,1.33180
2024-03-09,1.33180,1.33180,1.33180,1.33180
2024-03-11,1.33004,1.33067,1.33004,1.33029
2024-03-12,1.33029,1.33111,1.33029,1.33051
2024-03-13,1.33051,1.33286,1.33051,1.33267
2024-03-14,1.33267,1.33267,1.33199,1.33199
2024-03-15,1.33199,1.33952,1.33199,1.33707
2024-03-16,1.33707,1.33707,1.33707,1.33707
2024-03-18,1.33734,1.34113,1.33732,1.34113
2024-03-19,1.34113,1.34209,1.34092,1.34209
2024-03-20,1.34209,1.34441,1.34026,1.34441
2024-03-21,1.34441,1.34441,1.33292,1.33966
2024-03-22,1.33966,1.34890,1.33966,1.34890
2024-03-23,1.34890,1.34890,1.34890,1.34890
2024-03-25,1.34355,1.34947,1.34355,1.34518
2024-03-26,1.34518,1.34518,1.34394,1.34442
2024-03-27,1.34442,1.34851,1.34442,1.34851
2024-03-28,1.34851,1.35113,1.34846,1.35113
2024-03-29,1.35113,1.35250,1.34888,1.34888
2024-03-30,1.34888,1.34888,1.34888,1.34888
2024-04-01,1.34713,1.34836,1.34713,1.34836
2024-04-02,1.34836,1.35273,1.34836,1.35273
2024-04-03,1.35273,1.35273,1.34978,1.35097
2024-04-04,1.35097,1.35097,1.34360,1.34649
2024-04-05,1.34649,1.34907,1.34649,1.34778
2024-04-06,1.34778,1.34778,1.34778,1.34778
2024-04-08,1.34714,1.34973,1.34588,1.34588
2024-04-09,1.34588,1.34588,1.34548,1.34580
2024-04-10,1.34580,1.34722,1.34580,1.34722
2024-04-11,1.34722,1.35971,1.34722,1.35334
2024-04-12,1.35334,1.35907,1.35334,1.35907
2024-04-15,1.35648,1.36003,1.35648,1.36003
2024-04-16,1.36003,1.36573,1.36003,1.36420
2024-04-17,1.36420,1.36544,1.36182,1.36182
2024-04-18,1.36182,1.36182,1.35895,1.36002
2024-04-19,1.36002,1.36514,1.36002,1.36233
2024-04-22,1.35926,1.36383,1.35926,1.36383
2024-04-23,1.36383,1.36383,1.36139,1.36139
2024-04-24,1.36139,1.36139,1.35608,1.36126
2024-04-25,1.36126,1.36126,1.35909,1.35909
2024-04-26,1.35909,1.36036,1.35909,1.36036
2024-04-29,1.36448,1.36448,1.35976,1.35976
2024-04-30,1.35976,1.36164,1.35976,1.36164
2024-05-01,1.36164,1.37019,1.36164,1.36475
2024-05-02,1.36475,1.36475,1.35948,1.36007
2024-05-03,1.36007,1.36007,1.35151,1.35151
2024-05-06,1.34959,1.35012,1.34897,1.35012
2024-05-07,1.35012,1.35346,1.34971,1.35346
2024-05-08,1.35346,1.35627,1.35346,1.35627
2024-05-09,1.35627,1.35699,1.35627,1.35699
2024-05-10,1.35699,1.35699,1.35106,1.35363
2024-05-13,1.35479,1.35500,1.35341,1.35341
2024-05-14,1.35341,1.35341,1.35273,1.35308
2024-05-15,1.35308,1.35308,1.34907,1.34907
2024-05-16,1.34907,1.34907,1.34076,1.34436
2024-05-17,1.34436,1.34758,1.34436,1.34758
2024-05-20,1.34065,1.34687,1.34065,1.34687
2024-05-21,1.34687,1.34730,1.34687,1.34730
2024-05-22,1.34730,1.34940,1.34730,1.34940
2024-05-23,1.34940,1.35010,1.34939,1.34939
2024-05-24,1.34939,1.35373,1.34927,1.34927
2024-05-27,1.34869,1.34931,1.34869,1.34877
2024-05-28,1.34877,1.34877,1.34665,1.34665
2024-05-29,1.34665,1.35138,1.34665,1.35138
2024-05-30,1.35138,1.35629,1.35127,1.35127
2024-05-31,1.35127,1.35132,1.34942,1.35132
2024-06-03,1.35086,1.35096,1.34979,1.34979
2024-06-04,1.34979,1.34979,1.34127,1.34745
2024-06-05,1.34745,1.34884,1.34542,1.34864
2024-06-06,1.34864,1.34864,1.34515,1.34515
2024-06-07,1.34515,1.34536,1.34515,1.34533
2024-06-10,1.35438,1.36240,1.35270,1.35270
2024-06-11,1.35270,1.35508,1.35027,1.35508
2024-06-12,1.35508,1.35508,1.35190,1.35205
2024-06-13,1.35205,1.35252,1.34536,1.35252
2024-06-14,1.35252,1.35681,1.35252,1.35329
2024-06-17,1.35271,1.35295,1.35246,1.35275
2024-06-18,1.35275,1.35405,1.34973,1.35405
2024-06-19,1.35405,1.35405,1.35045,1.35051
2024-06-20,1.35051,1.35250,1.35051,1.35250
2024-06-21,1.35250,1.35550,1.35250,1.35462
2024-06-24,1.35199,1.35363,1.35199,1.35318
2024-06-25,1.35318,1.35342,1.35262,1.35342
2024-06-26,1.35342,1.35803,1.35342,1.35803
2024-06-27,1.35803,1.35859,1.35736,1.35736
2024-06-28,1.35736,1.35749,1.35535,1.35535
2024-07-01,1.35398,1.35548,1.35072,1.35548
2024-07-02,1.35548,1.35877,1.35548,1.35877
2024-07-03,1.35877,1.35877,1.35476,1.35618
2024-07-04,1.35618,1.35618,1.35195,1.35195
2024-07-05,1.35195,1.35195,1.34783,1.34792
2024-07-08,1.35109,1.35109,1.34963,1.34963
2024-07-09,1.34963,1.35051,1.34963,1.35051
2024-07-10,1.35051,1.35128,1.34961,1.34961
2024-07-11,1.34961,1.34961,1.34744,1.34744
2024-07-12,1.34744,1.34744,1.34066,1.34066
2024-07-15,1.33892,1.34299,1.33892,1.34155
2024-07-16,1.34155,1.34423,1.34155,1.34416
2024-07-17,1.34416,1.34416,1.33991,1.33991
2024-07-18,1.33991,1.34085,1.33975,1.34085
2024-07-19,1.34085,1.34558,1.34085,1.34470
2024-07-22,1.34499,1.34540,1.34396,1.34540
2024-07-23,1.34540,1.34540,1.34475,1.34475
2024-07-24,1.34475,1.34722,1.34475,1.34501
2024-07-25,1.34501,1.34509,1.34234,1.34234
2024-07-26,1.34234,1.34365,1.34182,1.34327
2024-07-29,1.34183,1.34408,1.34183,1.34407
2024-07-30,1.34407,1.34614,1.34407,1.34466
2024-07-31,1.34466,1.34634,1.33821,1.33821
2024-08-01,1.33821,1.33932,1.33695,1.33695
2024-08-02,1.33695,1.33749,1.33074,1.33074
2024-08-05,1.31942,1.32074,1.31942,1.32074
2024-08-06,1.32074,1.32765,1.31974,1.32765
2024-08-07,1.32765,1.32765,1.32466,1.32714
2024-08-08,1.32714,1.32714,1.32474,1.32474
2024-08-09,1.32474,1.32634,1.32450,1.32472
2024-08-12,1.32318,1.32498,1.32318,1.32498
2024-08-13,1.32498,1.32498,1.32260,1.32260
2024-08-14,1.32260,1.32260,1.31474,1.31499
2024-08-15,1.31499,1.31743,1.31499,1.31743
2024-08-16,1.31743,1.32212,1.31743,1.31910
2024-08-19,1.31394,1.31455,1.31070,1.31070
2024-08-20,1.31070,1.31070,1.30488,1.30493
2024-08-21,1.30493,1.30810,1.30277,1.30810
2024-08-22,1.30810,1.30850,1.30427,1.30850
2024-08-23,1.30850,1.31034,1.30850,1.30875
2024-08-26,1.29794,1.30291,1.29794,1.30291
2024-08-27,1.30291,1.30396,1.30291,1.30376
2024-08-28,1.30376,1.30376,1.30242,1.30324
2024-08-29,1.30324,1.30436,1.30093,1.30436
2024-08-30,1.30436,1.30436,1.30276,1.30301
2024-09-02,1.30492,1.30707,1.30492,1.30707
2024-09-03,1.30707,1.30942,1.30707,1.30942
2024-09-04,1.30942,1.30942,1.30353,1.30353
2024-09-05,1.30353,1.30369,1.30130,1.30130
2024-09-06,1.30130,1.30130,1.29899,1.29899
2024-09-09,1.30028,1.30701,1.30028,1.30701
2024-09-10,1.30701,1.30832,1.30515,1.30515
2024-09-11,1.30515,1.30707,1.30153,1.30153
2024-09-12,1.30153,1.30682,1.30153,1.30584
2024-09-13,1.30584,1.30584,1.29747,1.29905
2024-09-16,1.30077,1.30077,1.29564,1.29564
2024-09-17,1.29564,1.29564,1.29399,1.29550
2024-09-18,1.29550,1.29550,1.29397,1.29397
2024-09-19,1.29397,1.29911,1.29315,1.29315
2024-09-20,1.29315,1.29315,1.29238,1.29254
2024-09-23,1.29012,1.29228,1.29012,1.29041
2024-09-24,1.29041,1.29220,1.28914,1.28914
2024-09-25,1.28914,1.28914,1.28123,1.28532
2024-09-26,1.28532,1.29165,1.28517,1.28517
2024-09-27,1.28517,1.28517,1.28260,1.28260
2024-09-30,1.28260,1.28260,1.28104,1.28104
2024-10-01,1.28104,1.28789,1.28104,1.28653
2024-10-02,1.28653,1.29008,1.28653,1.28813
2024-10-03,1.28813,1.29748,1.28813,1.29748
2024-10-04,1.29748,1.29801,1.29748,1.29757
2024-10-07,1.30335,1.30485,1.30335,1.30348
2024-10-08,1.30348,1.30348,1.30217,1.30346
2024-10-09,1.30346,1.30430,1.30346,1.30429
2024-10-10,1.30429,1.30854,1.30429,1.30854
2024-10-11,1.30854,1.30854,1.30699,1.30699
2024-10-12,1.30699,1.30699,1.30699,1.30699
2024-10-14,1.30453,1.30800,1.30453,1.30756
2024-10-15,1.30756,1.30925,1.30756,1.30925
2024-10-16,1.30925,1.31099,1.30925,1.30966
2024-10-17,1.30966,1.31315,1.30966,1.31272
2024-10-18,1.31272,1.31732,1.31254,1.31254
2024-10-19,1.31254,1.31254,1.31254,1.31254
2024-10-21,1.30860,1.31260,1.30860,1.31260
2024-10-22,1.31260,1.31663,1.31260,1.31582
2024-10-23,1.31582,1.32073,1.31582,1.32073
2024-10-24,1.32073,1.32073,1.31959,1.31969
2024-10-25,1.31969,1.32344,1.31684,1.32344
2024-10-26,1.32344,1.32344,1.32344,1.32344
2024-10-28,1.32330,1.32330,1.32107,1.32107
2024-10-29,1.32107,1.32566,1.32107,1.32566
2024-10-30,1.32566,1.32566,1.32230,1.32480
2024-10-31,1.32480,1.32480,1.32110,1.32110
2024-11-01,1.32110,1.32416,1.32040,1.32416
2024-11-02,1.32416,1.32416,1.32416,1.32416
2024-11-04,1.32234,1.32234,1.31667,1.31667
2024-11-05,1.31667,1.31667,1.31660,1.31660
2024-11-06,1.31660,1.33557,1.31660,1.33557
2024-11-07,1.33557,1.33557,1.32631,1.32631
2024-11-08,1.32631,1.32631,1.32242,1.32242
2024-11-09,1.32242,1.32242,1.32242,1.32242
2024-11-11,1.32914,1.33213,1.32914,1.33213
2024-11-12,1.33213,1.33914,1.33213,1.33914
2024-11-13,1.33914,1.33914,1.33725,1.33747
2024-11-14,1.33747,1.34737,1.33747,1.34564
2024-11-15,1.34564,1.34564,1.34151,1.34151
2024-11-16,1.34151,1.34151,1.34151,1.34151
2024-11-18,1.34465,1.34519,1.33829,1.33829
2024-11-19,1.33829,1.33977,1.33796,1.33977
2024-11-20,1.33977,1.34312,1.33481,1.34312
2024-11-21,1.34312,1.34414,1.34312,1.34375
2024-11-22,1.34375,1.35001,1.34375,1.34887
2024-11-23,1.34887,1.34887,1.34887,1.34887
2024-11-25,1.34747,1.34785,1.34001,1.34785
2024-11-26,1.34785,1.35082,1.34254,1.34254
2024-11-27,1.34254,1.34991,1.34254,1.34358
2024-11-28,1.34358,1.34390,1.33904,1.34390
2024-11-29,1.34390,1.34390,1.34052,1.34052
2024-11-30,1.34052,1.34052,1.34052,1.34052
2024-12-02,1.33711,1.34454,1.33711,1.34454
2024-12-03,1.34454,1.34965,1.34400,1.34558
2024-12-04,1.34558,1.34721,1.34558,1.34721
2024-12-05,1.34721,1.34721,1.34139,1.34139
2024-12-06,1.34139,1.34139,1.33642,1.34019
2024-12-07,1.34019,1.34019,1.34019,1.34019
2024-12-09,1.34131,1.34436,1.34013,1.34013
2024-12-10,1.34013,1.34172,1.34013,1.34168
2024-12-11,1.34168,1.34233,1.34052,1.34233
2024-12-12,1.34233,1.34511,1.34233,1.34511
2024-12-13,1.34511,1.34922,1.34511,1.34822
2024-12-14,1.34822,1.34822,1.34822,1.34822
2024-12-16,1.34647,1.34908,1.34499,1.34908
2024-12-17,1.34908,1.35107,1.34603,1.35087
2024-12-18,1.35087,1.35087,1.34945,1.35083
2024-12-19,1.35083,1.36614,1.35083,1.35891
2024-12-20,1.35891,1.36384,1.35773,1.35773
2024-12-21,1.35773,1.35773,1.35773,1.35773
2024-12-23,1.35266,1.35874,1.35233,1.35874
2024-12-24,1.35874,1.35874,1.35675,1.35802
2024-12-25,1.35667,1.35667,1.35667,1.35667
2024-12-26,1.35667,1.35667,1.35667,1.35667
2024-12-27,1.35667,1.35875,1.35667,1.35875
2024-12-28,1.35875,1.35875,1.35875,1.35875
2024-12-30,1.36028,1.36045,1.35479,1.35479
2024-12-31,1.35479,1.36323,1.35479,1.36323
2025-01-01,1.35479,1.35479,1.35479,1.35479
2025-01-02,1.35479,1.36519,1.35479,1.36519
2025-01-03,1.36519,1.37372,1.36519,1.37025
2025-01-04,1.37025,1.37025,1.37025,1.37025
2025-01-06,1.36769,1.36800,1.36090,1.36090
2025-01-07,1.36090,1.36494,1.36090,1.36190
2025-01-08,1.36190,1.37057,1.36190,1.37057
2025-01-09,1.37057,1.37057,1.36692,1.36885
2025-01-10,1.36885,1.36893,1.36761,1.36761
2025-01-11,1.36761,1.36761,1.36761,1.36761
2025-01-13,1.37367,1.37558,1.37367,1.37511
2025-01-14,1.37511,1.37511,1.36740,1.37136
2025-01-15,1.37136,1.37136,1.36366,1.36732
2025-01-16,1.36732,1.36905,1.36732,1.36791
2025-01-17,1.36791,1.36791,1.36481,1.36698
2025-01-18,1.36698,1.36698,1.36698,1.36698
2025-01-20,1.36655,1.36845,1.36503,1.36503
2025-01-21,1.36503,1.36503,1.35843,1.36025
2025-01-22,1.36025,1.36025,1.35277,1.35341
2025-01-23,1.35341,1.35827,1.35341,1.35754
2025-01-24,1.35754,1.35754,1.34859,1.34859
2025-01-25,1.34859,1.34859,1.34859,1.34859
2025-01-27,1.34568,1.35108,1.34371,1.34371
2025-01-28,1.34371,1.35348,1.34371,1.35348
2025-01-29,1.35348,1.35348,1.35134,1.35193
2025-01-30,1.35193,1.35193,1.34865,1.35068
2025-01-31,1.35068,1.35656,1.35068,1.35656
2025-02-01,1.35656,1.35656,1.35656,1.35656
2025-02-03,1.37846,1.37846,1.36635,1.36635
2025-02-04,1.36635,1.36635,1.35444,1.35666
2025-02-05,1.35666,1.35666,1.34943,1.34943
2025-02-06,1.34943,1.35366,1.34943,1.35359
2025-02-07,1.35359,1.35359,1.35044,1.35147
2025-02-08,1.35147,1.35147,1.35147,1.35147
2025-02-10,1.35668,1.36097,1.35489,1.35489
2025-02-11,1.35489,1.35614,1.35489,1.35551
2025-02-12,1.35551,1.35551,1.35080,1.35355
2025-02-13,1.35355,1.35355,1.35021,1.35226
2025-02-14,1.35226,1.35226,1.33810,1.33810
2025-02-15,1.33810,1.33810,1.33810,1.33810
2025-02-17,1.33781,1.34113,1.33691,1.34113
2025-02-18,1.34302,1.34302,1.34302,1.34302
2025-02-19,1.34405,1.34405,1.34295,1.34295
2025-02-20,1.34405,1.34405,1.33804,1.33804
2025-02-21,1.33225,1.33732,1.33225,1.33732
2025-02-24,1.33715,1.33769,1.33047,1.33769
2025-02-25,1.33844,1.33980,1.33600,1.33650
2025-02-26,1.33660,1.33960,1.33520,1.33770
2025-02-27,1.33800,1.34820,1.33760,1.34820
2025-02-28,1.34800,1.35200,1.34700,1.35190
2025-03-01,1.35190,1.35190,1.35140,1.35170
2025-03-03,1.35100,1.35100,1.34390,1.34460
2025-03-04,1.34600,1.34680,1.34000,1.34000
2025-03-05,1.33970,1.34100,1.33030,1.33030
2025-03-06,1.33040,1.33370,1.33020,1.33210
2025-03-07,1.33210,1.33380,1.32830,1.33090
2025-03-08,1.33080,1.33080,1.33010,1.33080
2025-03-10,1.33080,1.33450,1.32820,1.33370
2025-03-11,1.33380,1.33470,1.32960,1.33030
2025-03-12,1.33040,1.33510,1.33000,1.33250
2025-03-13,1.33230,1.33730,1.33180,1.33600
2025-03-14,1.33590,1.33710,1.33340,1.33340
2025-03-15,1.33360,1.33390,1.33330,1.33390
2025-03-17,1.33400,1.33450,1.32970,1.32970
2025-03-18,1.32980,1.33340,1.32950,1.33040
2025-03-19,1.33060,1.33430,1.33020,1.33090
2025-03-20,1.33100,1.33730,1.32900,1.33480
2025-03-21,1.33480,1.33670,1.33320,1.33610
2025-03-22,1.33620,1.33630,1.33590,1.33610
2025-03-24,1.33610,1.34000,1.33470,1.33880
2025-03-25,1.33870,1.33970,1.33500,1.33610
2025-03-26,1.33620,1.34130,1.33580,1.34070
2025-03-27,1.34070,1.34150,1.33760,1.33980
2025-03-28,1.33950,1.34260,1.33920,1.34160
2025-03-29,1.34180,1.34240,1.34170,1.34240
2025-03-31,1.34340,1.34490,1.33930,1.34350
2025-04-01,1.34320,1.34470,1.34180,1.34450
2025-04-02,1.34430,1.34480,1.34180,1.34290
2025-04-03,1.34320,1.35000,1.33140,1.33650
2025-04-04,1.33650,1.34790,1.33100,1.34570
2025-04-05,1.34680,1.34780,1.34640,1.34770
2025-04-07,1.34640,1.35310,1.34430,1.35270
2025-04-08,1.35330,1.35500,1.34720,1.35480
2025-04-09,1.35320,1.35470,1.33810,1.33970
2025-04-10,1.33850,1.34450,1.32870,1.33180
2025-04-11,1.33170,1.33170,1.31670,1.31890
2025-04-12,1.31840,1.31890,1.31840,1.31890
2025-04-14,1.31970,1.32070,1.31130,1.31500
2025-04-15,1.31500,1.31940,1.3125,1.31830
2025-04-16,1.31790,1.31880,1.30910,1.30980
2025-04-17,1.30980,1.31530,1.30910,1.30980
2025-04-18,1.30980,1.31310,1.30930,1.31050
2025-04-19,1.31050,1.31050,1.31050,1.31050
2025-04-21,1.30990,1.30990,1.30060,1.30480
2025-04-22,1.30480,1.31170,1.30330,1.31080
2025-04-23,1.31080,1.31660,1.30850,1.31530
2025-04-24,1.31530,1.31610,1.30980,1.31050
2025-04-25,1.31050,1.31560,1.31050,1.31450
2025-04-26,1.31450,1.31450,1.31450,1.31450
2025-04-28,1.31520,1.31640,1.30750,1.30830
2025-04-29,1.30820,1.31030,1.30520,1.30790
2025-04-30,1.30790,1.30860,1.30380,1.30590
2025-05-01,1.30590,1.31260,1.30470,1.31070
2025-05-02,1.31060,1.31190,1.29180,1.29690
2025-05-03,1.29690,1.29690,1.29690,1.29690
2025-05-05,1.29650,1.29780,1.28550,1.28950
2025-05-06,1.28950,1.29680,1.28660,1.28720
2025-05-07,1.28720,1.29550,1.28710,1.29480
2025-05-08,1.29360,1.30160,1.29230,1.30000
2025-05-09,1.30000,1.30260,1.29560,1.29750
2025-05-12,1.29690,1.30840,1.29620,1.30560
2025-05-13,1.30560,1.30630,1.30030,1.30080
2025-05-14,1.30080,1.30360,1.29460,1.30080
2025-05-15,1.30080,1.30150,1.29520,1.29700
2025-05-16,1.29700,1.30060,1.29360,1.29920
2025-05-17,1.29920,1.29920,1.29920,1.29920
2025-05-19,1.29790,1.29860,1.29280,1.29440
2025-05-20,1.29420,1.29670,1.29280,1.29470
2025-05-21,1.29450,1.29500,1.28680,1.28900
2025-05-22,1.28900,1.29290,1.28720,1.29220
2025-05-23,1.29220,1.29260,1.28310,1.28350
2025-05-24,1.28350,1.28350,1.28350,1.28350
2025-05-26,1.28430,1.28470,1.27960,1.28390
2025-05-27,1.28390,1.28740,1.28330,1.28730
2025-05-28,1.28800,1.29040,1.28670,1.28890
2025-05-29,1.28890,1.29780,1.28500,1.28670
2025-05-30,1.28670,1.29160,1.28450,1.29050
2025-05-31,1.29050,1.29050,1.29050,1.29050
2025-06-02,1.28890,1.29130,1.28430,1.28470
2025-06-03,1.28470,1.28980,1.28410,1.28910
2025-06-04,1.28900,1.29170,1.28420,1.28600
2025-06-05,1.28600,1.28720,1.28090,1.28460
2025-06-06,1.28500,1.29010,1.28410,1.28890
2025-06-07,1.28890,1.28890,1.28890,1.28890
2025-06-09,1.28910,1.28930,1.28370,1.28570
2025-06-10,1.28570,1.28820,1.28440,1.28600
2025-06-11,1.28600,1.28790,1.28250,1.28380
2025-06-12,1.28380,1.28500,1.27670,1.27830
2025-06-13,1.27830,1.28460,1.27700,1.28100
2025-06-14,1.28100,1.28100,1.28100,1.28100
2025-06-16,1.28250,1.28330,1.27710,1.27960
2025-06-17,1.27960,1.28700,1.27940,1.28550
2025-06-18,1.28560,1.28680,1.28210,1.28480
2025-06-19,1.28480,1.28910,1.28390,1.28600
2025-06-20,1.28600,1.28730,1.28320,1.28720
2025-06-21,1.28720,1.28720,1.28720,1.28720
2025-06-23,1.28850,1.29380,1.28320,1.28400
2025-06-24,1.28400,1.28410,1.27740,1.27920
2025-06-25,1.27920,1.28190,1.27700,1.27750
2025-06-26,1.27760,1.27850,1.27120,1.27440
2025-06-27,1.27340,1.27750,1.27260,1.27530
2025-06-28,1.27540,1.27540,1.27540,1.27540
2025-06-30,1.27570,1.27580,1.27030,1.27090
2025-07-01,1.27090,1.27390,1.26930,1.27250
2025-07-02,1.27250,1.27470,1.27190,1.27260
2025-07-03,1.27260,1.27830,1.27100,1.27490
2025-07-04,1.27490,1.27560,1.27270,1.27380
2025-07-05,1.27380,1.27380,1.27380,1.27380
2025-07-07,1.27380,1.28040,1.27320,1.27910
2025-07-08,1.27910,1.28150,1.27580,1.27890
2025-07-09,1.27850,1.28190,1.27850,1.27990
2025-07-10,1.27990,1.28170,1.27750,1.27930
2025-07-11,1.27920,1.28160,1.27830,1.27980
2025-07-12,1.27970,1.27970,1.27970,1.27970
2025-07-14,1.28090,1.28270,1.27920,1.28140
2025-07-15,1.28140,1.28590,1.27960,1.28500
2025-07-16,1.28500,1.28730,1.27870,1.28250
2025-07-17,1.28250,1.28790,1.28180,1.28530
2025-07-18,1.28530,1.28550,1.28100,1.28470
2025-07-19,1.28470,1.28470,1.28470,1.28470
2025-07-21,1.28480,1.28530,1.27910,1.27970
2025-07-22,1.27970,1.28240,1.27720,1.27800
2025-07-23,1.27800,1.27930,1.27570,1.27640
2025-07-24,1.27640,1.27810,1.27440,1.27700
2025-07-25,1.27700,1.28210,1.27670,1.28070
2025-07-26,1.28070,1.28070,1.28070,1.28070
2025-07-28,1.28030,1.28690,1.27930,1.28620
2025-07-29,1.28620,1.28940,1.28510,1.28750
2025-07-30,1.28740,1.29690,1.28500,1.29610
2025-07-31,1.29640,1.29890,1.29250,1.29780
2025-08-01,1.29780,1.29980,1.28660,1.28820
2025-08-02,1.28820,1.28820,1.28820,1.28820
2025-08-04,1.28860,1.28990,1.28570,1.28740
2025-08-05,1.28770,1.28930,1.28570,1.28710
2025-08-06,1.28710,1.28810,1.28370,1.28480
2025-08-07,1.28490,1.28600,1.28140,1.28280
2025-08-08,1.28280,1.28560,1.28170,1.28410
2025-08-11,1.28500,1.28750,1.28260,1.28650
2025-08-12,1.28640,1.28680,1.28080,1.28270
2025-08-13,1.28280,1.28360,1.27830,1.27960
2025-08-14,1.27980,1.28490,1.27820,1.28440
2025-08-15,1.28420,1.28450,1.28060,1.28240
2025-08-16,1.28250,1.28250,1.28250,1.28250
2025-08-18,1.28180,1.28450,1.28120,1.28420
2025-08-19,1.28420,1.28550,1.28200,1.28460
2025-08-20,1.28480,1.28630,1.28340,1.28480
2025-08-21,1.28490,1.28940,1.28380,1.28860
2025-08-22,1.28810,1.28990,1.27940,1.28080
2025-08-23,1.28090,1.28090,1.28090,1.28090
2025-08-25,1.28140,1.28620,1.28040,1.28520
2025-08-26,1.28520,1.28670,1.28210,1.28440
2025-08-27,1.28440,1.28950,1.28420,1.28550
2025-08-28,1.28550,1.28600,1.28080,1.28190
2025-08-29,1.28190,1.28570,1.28130,1.28320
2025-08-30,1.28320,1.28320,1.28300,1.28300
2025-09-01,1.28340,1.28470,1.28170,1.28360
2025-09-02,1.28360,1.29030,1.28270,1.28790
2025-09-03,1.28790,1.29040,1.28620,1.28710
2025-09-04,1.28710,1.29030,1.28680,1.28940
2025-09-05,1.28940,1.28940,1.28160,1.28410
2025-09-06,1.28410,1.28510,1.28410,1.28510
2025-09-08,1.28510,1.28550,1.28150,1.28260
2025-09-09,1.28250,1.28320,1.27880,1.28210
2025-09-10,1.28260,1.28400,1.28020,1.28190
2025-09-11,1.28200,1.28520,1.28030,1.28080
2025-09-12,1.28080,1.28470,1.27990,1.28190
2025-09-13,1.28190,1.28190,1.28190,1.28190
2025-09-15,1.28250,1.28280,1.27940,1.28020
2025-09-16,1.28020,1.28070,1.27480,1.27540
2025-09-17,1.27530,1.27810,1.27030,1.27740
2025-09-18,1.27730,1.28350,1.27660,1.28170
2025-09-19,1.28170,1.28550,1.28050,1.28410
2025-09-20,1.28410,1.28410,1.28410,1.28410
2025-09-22,1.28420,1.28580,1.28110,1.28140
2025-09-23,1.28130,1.28400,1.28090,1.28250
2025-09-24,1.28260,1.28910,1.28230,1.28820
2025-09-25,1.28820,1.29490,1.28660,1.29400
2025-09-26,1.29400,1.29470,1.29040,1.29080
2025-09-27,1.29080,1.29080,1.29080,1.29080
2025-09-29,1.29170,1.29200,1.28850,1.28920
2025-09-30,1.28920,1.29190,1.28830,1.28920
2025-10-01,1.28930,1.29140,1.28560,1.28720
2025-10-02,1.28720,1.29090,1.28610,1.28830
2025-10-03,1.28830,1.29040,1.28720,1.28840
2025-10-04,1.28840,1.28840,1.28840,1.28840
2025-10-06,1.29080,1.29450,1.29030,1.29100
2025-10-07,1.29130,1.29330,1.28980,1.29280
2025-10-08,1.29280,1.29650,1.29180,1.29530
2025-10-09,1.29500,1.30050,1.29320,1.29930
2025-10-10,1.29920,1.29970,1.29570,1.29660
2025-10-11,1.29660,1.29780,1.29610,1.29630
2025-10-13,1.29660,1.29920,1.29540,1.29820
2025-10-14,1.29860,1.30150,1.29720,1.29820
2025-10-15,1.29780,1.29860,1.29410,1.29560
2025-10-16,1.29560,1.29600,1.29230,1.29320
2025-10-17,1.29350,1.29600,1.29100,1.29410
2025-10-18,1.29420,1.29540,1.29410,1.29460
2025-10-20,1.29490,1.29550,1.29230,1.29330
2025-10-21,1.29330,1.29830,1.29210,1.29780
2025-10-22,1.29770,1.29930,1.29650,1.29720
2025-10-23,1.29720,1.29990,1.29640,1.29870
2025-10-24,1.29800,1.29970,1.29580,1.29810
2025-10-25,1.29810,1.29890,1.29770,1.29790
2025-10-27,1.29790,1.29810,1.29500,1.29600
2025-10-28,1.29610,1.29670,1.29250,1.29340
2025-10-29,1.29340,1.29830,1.29220,1.29670
2025-10-30,1.29680,1.30260,1.29510,1.29990
2025-10-31,1.29980,1.30210,1.29830,1.30110
2025-11-01,1.30110,1.30150,1.30010,1.30030
2025-11-03,1.30130,1.30520,1.30080,1.30420
2025-11-04,1.30420,1.30780,1.30310,1.30750
2025-11-05,1.30750,1.30840,1.30510,1.30670
2025-11-06,1.30640,1.30700,1.30270,1.30340
2025-11-07,1.30330,1.30500,1.30020,1.30120
2025-11-08,1.30120,1.30160,1.30030,1.30060
2025-11-10,1.30200,1.30320,1.30070,1.30160
2025-11-11,1.30160,1.30360,1.29910,1.30070
2025-11-12,1.30070,1.30400,1.30000,1.30130
2025-11-13,1.30140,1.30290,1.29790,1.30010
2025-11-14,1.30010,1.30250,1.29600,1.29810
2025-11-15,1.29840,1.29900,1.29760,1.29760
2025-11-17,1.29840,1.30360,1.29840,1.30360
2025-11-18,1.30360,1.30370,1.30050,1.30090
2025-11-19,1.30100,1.30730,1.30050,1.30710
2025-11-20,1.30680,1.30820,1.30490,1.30680
2025-11-21,1.30690,1.30940,1.30600,1.30650
2025-11-22,1.30640,1.30720,1.30570,1.30580
2025-11-24,1.30690,1.30800,1.30320,1.30465
2025-11-25,1.30463,1.30556,1.30044,1.30076
2025-11-26,1.30074,1.30221,1.29675,1.29724
2025-11-27,1.29723,1.29866,1.29463,1.29707
2025-11-28,1.29705,1.29865,1.29501,1.29575
2025-11-29,1.29573,1.29688,1.29559,1.29666
2025-12-01,1.29673,1.29705,1.29331,1.29633
2025-12-02,1.29631,1.29847,1.29521,1.29649
2025-12-03,1.29648,1.29736,1.2933,1.29375
2025-12-04,1.29373,1.29684,1.2936,1.29603
2025-12-05,1.29603,1.29753,1.29406,1.29579
2025-12-06,1.29579,1.29622,1.2956,1.29584
2025-12-08,1.29526,1.29882,1.29489,1.29765
2025-12-09,1.29765,1.29842,1.29613,1.2971
2025-12-10,1.29711,1.29788,1.29326,1.29345
2025-12-11,1.29346,1.29523,1.29043,1.29196
2025-12-12,1.29197,1.29254,1.29063,1.2915
2025-12-13,1.2915,1.2921,1.29105,1.29163
2025-12-15,1.29176,1.29248,1.28825,1.28989
2025-12-16,1.28989,1.29156,1.28694,1.28856
2025-12-17,1.28856,1.29348,1.2881,1.29124
2025-12-18,1.29123,1.29251,1.28896,1.28989
2025-12-19,1.2899,1.29333,1.28957,1.29211
2025-12-20,1.29211,1.29359,1.29193,1.29298
2025-12-22,1.29237,1.29355,1.28791,1.28832
2025-12-23,1.28833,1.28905,1.28475,1.28479
2025-12-24,1.2848,1.28667,1.28189,1.28404
2025-12-25,1.28419,1.28475,1.28288,1.28309
2025-12-26,1.2831,1.28518,1.28262,1.28406
2025-12-27,1.28405,1.28445,1.28348,1.28398
2025-12-29,1.28462,1.28632,1.28317,1.28523
2025-12-30,1.28524,1.28622,1.28191,1.28456
2025-12-31,1.28454,1.28667,1.28374,1.2852
2026-01-01,1.28571,1.28622,1.28365,1.28448
2026-01-02,1.28449,1.28696,1.28366,1.28623
2026-01-03,1.28623,1.28701,1.28597,1.28622
2026-01-05,1.28625,1.28886,1.28236,1.28256
2026-01-06,1.28256,1.28431,1.27887,1.28038
2026-01-07,1.28037,1.28252,1.27991,1.28215
2026-01-08,1.28214,1.2858,1.28202,1.28557
2026-01-09,1.28556,1.28836,1.28446,1.28697
2026-01-10,1.28695,1.28806,1.28678,1.28714
2026-01-11,1.28713,1.28779,1.28549,1.28732
2026-01-12,1.2873,1.28796,1.2842,1.28537
2026-01-13,1.28536,1.28967,1.28506,1.28875
2026-01-14,1.28873,1.28975,1.28645,1.28815
2026-01-15,1.28813,1.2892,1.28686,1.28787
2026-01-16,1.28784,1.29,1.28713,1.28898
2026-01-17,1.28895,1.28944,1.28642,1.28885
2026-01-18,1.28883,1.28957,1.28533,1.28878
2026-01-19,1.28874,1.28938,1.28425,1.28501
2026-01-20,1.28499,1.28589,1.28178,1.28479
2026-01-21,1.28476,1.28548,1.28157,1.28463
2026-01-22,1.2846,1.28547,1.28051,1.28102
2026-01-23,1.28099,1.28159,1.27238,1.27273
2026-01-24,1.2727,1.27451,1.27165,1.27373
2026-01-25,1.2737,1.27632,1.26692,1.27196
2026-01-26,1.27195,1.27342,1.26784,1.26983
2026-01-27,1.26981,1.27087,1.26235,1.26281
2026-01-28,1.26279,1.26567,1.25883,1.2632
2026-01-29,1.26317,1.26827,1.26067,1.26506
2026-01-30,1.26502,1.27244,1.26339,1.27121
2026-01-31,1.27118,1.27266,1.26964,1.27063
2026-02-01,1.27061,1.27178,1.26339,1.27102
2026-02-02,1.27104,1.27437,1.26968,1.27249
2026-02-03,1.27244,1.27285,1.26769,1.27032
2026-02-04,1.27028,1.27338,1.26885,1.27252
2026-02-05,1.2725,1.27483,1.27209,1.27396
2026-02-06,1.2739,1.27675,1.27086,1.27137
2026-02-07,1.27135,1.27325,1.27031,1.27233
2026-02-08,1.27235,1.27252,1.27176,1.27228
2026-02-09,1.27050,1.27180,1.26450,1.26501
2026-02-10,1.265,1.26679,1.26323,1.26478
2026-02-11,1.26478,1.26672,1.2607,1.26139
2026-02-12,1.26138,1.26374,1.2605,1.26245
2026-02-13,1.26244,1.2651,1.26169,1.26255
2026-02-14,1.26254,1.26592,1.26186,1.26251
2026-02-15,1.26248,1.27101,1.26069,1.2628
2026-02-16,1.26277,1.26387,1.2611,1.2625
2026-02-17,1.2625,1.26588,1.26161,1.26285
2026-02-18,1.26284,1.26782,1.26236,1.26748
2026-02-19,1.26748,1.26983,1.26616,1.26903
2026-02-20,1.26903,1.26989,1.26597,1.26708
2026-02-21,1.26708,1.26755,1.26606,1.26679
2026-02-22,1.26679,1.26834,1.26639,1.26696
2026-02-23,1.26696,1.26759,1.26367,1.26663
2026-02-24,1.26663,1.26837,1.26606,1.2668
2026-02-25,1.2668,1.26746,1.26315,1.26341
2026-02-26,1.26342,1.26602,1.26162,1.26403
2026-02-27,1.26404,1.26706,1.26296,1.2646
2026-02-28,1.2646,1.2656,1.26423,1.26471
2026-03-01,1.26471,1.27219,1.26394,1.27
2026-03-02,1.27027,1.27613,1.26554,1.27183
2026-03-03,1.27185,1.28316,1.27129,1.27674
2026-03-04,1.27676,1.27985,1.27312,1.27425
2026-03-05,1.27426,1.28405,1.27351,1.28365
2026-03-06,1.28366,1.28376,1.27678,1.2789
2026-03-07,1.27894,1.27978,1.2761,1.27913
2026-03-08,1.27914,1.28085,1.27726,1.27998
2026-03-09,1.27999,1.28511,1.27435,1.27504
2026-03-10,1.27507,1.27626,1.26951,1.27342
2026-03-11,1.27341,1.27501,1.27041,1.27397
2026-03-12,1.27397,1.27938,1.27394,1.27917
2026-03-13,1.27918,1.28384,1.27759,1.28372
2026-03-14,1.28373,1.28469,1.27598,1.2837
2026-03-15,1.2837,1.28535,1.28198,1.28331
2026-03-16,1.28331,1.28365,1.2768,1.27753
2026-03-17,1.27753,1.27986,1.27583,1.27654
2026-03-18,1.27654,1.283,1.27562,1.283
2026-03-19,1.28299,1.28426,1.2755,1.27724
2026-03-20,1.27725,1.28284,1.27691,1.2823
2026-03-21,1.2823,1.28342,1.28184,1.28225
2026-03-22,1.28224,1.28286,1.28058,1.28266
2026-03-23,1.28265,1.28663,1.27307,1.27473
2026-03-24,1.27474,1.28176,1.27376,1.27986
2026-03-25,1.27985,1.28154,1.27664,1.28126
2026-03-26,1.28124,1.28638,1.28087,1.28638
2026-03-27,1.28637,1.28881,1.28373,1.28832
2026-03-28,1.28831,1.29322,1.28703,1.28873
2026-03-29,1.2887,1.2914,1.28413,1.28837
2026-03-30,1.28835,1.29193,1.28731,1.2915
2026-03-31,1.29148,1.29297,1.28558,1.28572
2026-04-01,1.2857,1.28713,1.28134,1.28349
2026-04-02,1.28347,1.2882,1.28137,1.28595
2026-04-03,1.28593,1.28771,1.28477,1.28712
2026-04-04,1.28709,1.28765,1.28579,1.28668
2026-04-05,1.28665,1.28799,1.28622,1.28697
2026-04-06,1.28696,1.28793,1.28315,1.28477
2026-04-07,1.28474,1.28716,1.2816,1.282
2026-04-08,1.28195,1.28266,1.27169,1.27417
2026-04-09,1.27415,1.27593,1.27136,1.27289
2026-04-10,1.27284,1.27574,1.27193,1.27383
2026-04-11,1.27381,1.27425,1.27329,1.27362
2026-04-12,1.27359,1.27683,1.27269,1.27605
2026-04-13,1.27596,1.27869,1.27253,1.27324
2026-04-14,1.2732,1.27453,1.26987,1.27149
2026-04-15,1.27142,1.27295,1.27064,1.27106
2026-04-16,1.27103,1.27356,1.26861,1.27285
2026-04-17,1.27282,1.2735,1.26671,1.27035
2026-04-18,1.27041,1.27071,1.26947,1.26987
