datetime,open,high,low,close
2003-04-21,1030,1035,1025,1030
2003-12-01,1043,1043,1043,1043
2003-12-02,1041.69995,1041.69995,1041.69995,1041.69995
2003-12-03,1042.90002,1042.90002,1042.90002,1042.90002
2003-12-04,1042.5,1042.5,1042.5,1042.5
2003-12-05,1042.5,1042.5,1042.5,1042.5
2003-12-08,1042.59998,1042.59998,1042.59998,1042.59998
2003-12-09,1043.099976,1043.099976,1043.099976,1043.099976
2003-12-10,1041.90002,1041.90002,1041.90002,1041.90002
2003-12-11,1041.40002,1041.40002,1041.40002,1041.40002
2003-12-12,1041.90002,1041.90002,1041.90002,1041.90002
2003-12-15,1041.69995,1041.69995,1041.69995,1041.69995
2003-12-16,1041.30005,1041.30005,1041.30005,1041.30005
2003-12-17,1042.69995,1042.69995,1042.69995,1042.69995
2003-12-18,1042.099976,1042.099976,1042.099976,1042.099976
2003-12-19,1039.90002,1039.90002,1039.90002,1039.90002
2003-12-22,1041,1041,1041,1041
2003-12-23,1041.19995,1041.19995,1041.19995,1041.19995
2003-12-29,1041.30005,1041.30005,1041.30005,1041.30005
2003-12-30,1041.30005,1041.30005,1041.30005,1041.30005
2003-12-31,1031.30005,1031.30005,1031.30005,1031.30005
2004-01-02,1041.59998,1041.59998,1041.59998,1041.59998
2004-01-05,1041.40002,1041.40002,1041.40002,1041.40002
2004-01-06,1040.5,1040.5,1040.5,1040.5
2004-01-07,1041.099976,1041.099976,1041.099976,1041.099976
2004-01-08,1039.40002,1039.40002,1039.40002,1039.40002
2004-01-09,1049.80005,1049.80005,1049.80005,1049.80005
2004-01-12,1049.30005,1049.30005,1049.30005,1049.30005
2004-01-13,1048.40002,1048.40002,1048.40002,1048.40002
2004-01-14,1048.40002,1048.40002,1048.40002,1048.40002
2004-01-15,1048.30005,1048.30005,1048.30005,1048.30005
2004-01-16,1050.099976,1050.099976,1050.099976,1050.099976
2004-01-19,1047.099976,1047.099976,1047.099976,1047.099976
2004-01-20,1046.69995,1046.69995,1046.69995,1046.69995
2004-01-21,1047.30005,1047.69995,1047.30005,1047.69995
2004-01-22,1049,1049,1049,1049
2004-01-23,1050.19995,1050.19995,1050.19995,1050.19995
2004-01-26,1049.19995,1049.19995,1049.19995,1049.19995
2004-01-27,1047.80005,1047.80005,1047.80005,1047.80005
2004-01-28,1049.19995,1049.19995,1049.19995,1049.19995
2004-01-29,1049,1049,1049,1049
2004-01-30,1047.5,1047.5,1047.5,1047.5
2004-02-02,1047.30005,1047.30005,1047.30005,1047.30005
2004-02-03,1048.80005,1048.80005,1048.80005,1048.80005
2004-02-04,1048.80005,1048.80005,1048.80005,1048.80005
2004-02-05,1048.19995,1048.19995,1048.19995,1048.19995
2004-02-06,1048.69995,1048.69995,1048.69995,1048.69995
2004-02-09,1048.90002,1053.69995,1048.90002,1053.69995
2004-02-10,1048.5,1048.5,1048.5,1048.5
2004-02-11,1048.40002,1048.40002,1048.40002,1048.40002
2004-02-12,1048.80005,1048.80005,1048.80005,1048.80005
2004-02-13,1049.099976,1049.099976,1049.099976,1049.099976
2004-02-16,1049.30005,1049.30005,1049.30005,1049.30005
2004-02-17,1049.69995,1049.69995,1049.69995,1049.69995
2004-02-18,1050.099976,1050.099976,1050.099976,1050.099976
2004-02-19,1049.69995,1049.69995,1049.69995,1049.69995
2004-02-20,1049.19995,1049.19995,1049.19995,1049.19995
2004-02-23,1049.19995,1049.19995,1049.19995,1049.19995
2004-02-24,1049.40002,1049.40002,1049.40002,1049.40002
2004-02-25,1050.5,1050.5,1050.5,1050.5
2004-02-26,1048.90002,1048.90002,1048.90002,1048.90002
2004-02-27,1048.90002,1048.90002,1048.90002,1048.90002
2004-03-01,1049.59998,1049.59998,1049.59998,1049.59998
2004-03-02,1049.90002,1049.90002,1049.90002,1049.90002
2004-03-03,1051,1051,1051,1051
2004-03-04,1050.40002,1050.40002,1050.40002,1050.40002
2004-03-05,1049.19995,1049.19995,1049.19995,1049.19995
2004-03-08,1050.19995,1050.19995,1050.19995,1050.19995
2004-03-09,1049,1049,1049,1049
2004-03-10,1049,1049,1049,1049
2004-03-11,1048.69995,1048.69995,1048.69995,1048.69995
2004-03-12,1049.90002,1049.90002,1049.90002,1049.90002
2004-03-15,1049.80005,1049.80005,1049.80005,1049.80005
2004-03-16,1048.90002,1048.90002,1048.90002,1048.90002
2004-03-17,1049.19995,1049.19995,1049.19995,1049.19995
2004-03-18,1050.099976,1050.099976,1050.099976,1050.099976
2004-03-19,1049.69995,1049.69995,1049.69995,1049.69995
2004-03-22,1049.30005,1049.30005,1049.30005,1049.30005
2004-03-23,1049.19995,1049.19995,1049.19995,1049.19995
2004-03-24,1049.40002,1049.40002,1049.40002,1049.40002
2004-03-25,1047.90002,1047.90002,1047.90002,1047.90002
2004-03-26,1047.59998,1047.59998,1047.59998,1047.59998
2004-03-29,1049,1049,1049,1049
2004-03-30,1049.099976,1049.099976,1049.099976,1049.099976
2004-03-31,1048.19995,1048.19995,1048.19995,1048.19995
2004-04-01,1049.099976,1049.099976,1049.099976,1049.099976
2004-04-02,1048.80005,1048.80005,1048.80005,1048.80005
2004-04-05,1048.80005,1048.80005,1048.80005,1048.80005
2004-04-06,1048.59998,1048.59998,1048.59998,1048.59998
2004-04-07,1047.69995,1047.69995,1047.69995,1047.69995
2004-04-08,1048.80005,1048.80005,1048.80005,1048.80005
2004-04-13,1048.30005,1048.30005,1048.30005,1048.30005
2004-04-14,1048.90002,1048.90002,1048.90002,1048.90002
2004-04-15,1048.5,1048.5,1048.5,1048.5
2004-04-16,1048.099976,1048.099976,1048.099976,1048.099976
2004-04-19,1048.59998,1048.59998,1048.59998,1048.59998
2004-04-20,1048.099976,1048.90002,1048.099976,1048.90002
2004-04-21,1048.30005,1048.30005,1048.30005,1048.30005
2004-04-22,1048.40002,1048.40002,1048.40002,1048.40002
2004-04-23,1049.69995,1049.69995,1049.69995,1049.69995
2004-04-26,1049.19995,1049.19995,1049.19995,1049.19995
2004-04-27,1051.30005,1051.30005,1051.30005,1051.30005
2004-04-28,1049.40002,1049.40002,1049.40002,1049.40002
2004-04-29,1049.59998,1049.59998,1049.59998,1049.59998
2004-04-30,1050.59998,1050.59998,1047.30005,1047.30005
2004-05-03,1049.5,1049.5,1049.5,1049.5
2004-05-04,1049.69995,1049.69995,1049.69995,1049.69995
2004-05-05,1050,1050,1050,1050
2004-05-06,1053,1053,1053,1053
2004-05-07,1050.30005,1050.30005,1050.30005,1050.30005
2004-05-10,1049.5,1049.5,1049.5,1049.5
2004-05-11,1049.099976,1049.099976,1049.099976,1049.099976
2004-05-12,1049.40002,1049.40002,1049.40002,1049.40002
2004-05-13,1049.30005,1049.30005,1049.30005,1049.30005
2004-05-14,1054.59998,1054.59998,1054.59998,1054.59998
2004-05-17,1055.69995,1055.69995,1055.69995,1055.69995
2004-05-18,1055,1055,1055,1055
2004-05-19,1055.099976,1055.099976,1055.099976,1055.099976
2004-05-21,1054.90002,1055.69995,1054.90002,1055.69995
2004-05-24,1054.30005,1054.30005,1054.30005,1054.30005
2004-05-25,1054.5,1054.5,1054.5,1054.5
2004-05-26,1054.59998,1054.59998,1054.59998,1054.59998
2004-05-27,1055,1055,1055,1055
2004-05-28,1055.5,1055.5,1055.5,1055.5
2004-06-01,1055.40002,1055.40002,1055.40002,1055.40002
2004-06-02,1055.59998,1055.59998,1055.59998,1055.59998
2004-06-03,1055.19995,1055.19995,1055.19995,1055.19995
2004-06-04,1055.69995,1055.69995,1055.69995,1055.69995
2004-06-07,1056.19995,1056.19995,1056.19995,1056.19995
2004-06-08,1055.69995,1059.80005,1055.69995,1059.80005
2004-06-09,1055.099976,1056.59998,1055.099976,1056.59998
2004-06-10,1056.099976,1056.80005,1056.099976,1056.80005
2004-06-11,1059.5,1059.5,1054.59998,1054.59998
2004-06-14,1057.59998,1057.59998,1055,1055
2004-06-15,1050,1055,1050,1055
2004-06-16,1055.19995,1055.19995,1055.19995,1055.19995
2004-06-17,1055.19995,1055.19995,1055.19995,1055.19995
2004-06-18,1060.80005,1060.80005,1054.90002,1054.90002
2004-06-21,1045.59998,1055.69995,1045.59998,1055.69995
2004-06-22,1055.19995,1055.19995,1055.19995,1055.19995
2004-06-23,1050.40002,1055.30005,1048.90002,1055.30005
2004-06-24,1056.5,1056.5,1055.19995,1055.19995
2004-06-25,1054.90002,1054.90002,1054.90002,1054.90002
2004-06-28,1053,1055.30005,1053,1055.30005
2004-06-29,1054.69995,1055.40002,1054.69995,1055.40002
2004-06-30,1061.5,1061.5,1055.80005,1055.80005
2004-07-01,1057,1057,1057,1057
2004-07-02,1055.59998,1055.59998,1055.59998,1055.59998
2004-07-05,1041.19995,1055.5,1041.19995,1055.5
2004-07-06,1055.69995,1055.69995,1055.69995,1055.69995
2004-07-07,1053.40002,1055.59998,1053.40002,1055.59998
2004-07-08,1055.30005,1055.30005,1055.30005,1055.30005
2004-07-09,1050.80005,1056.099976,1050.80005,1056.099976
2004-07-12,1056.40002,1056.5,1056.40002,1056.5
2004-07-13,1056.30005,1056.30005,1056.30005,1056.30005
2004-07-14,1056.30005,1056.30005,1056.30005,1056.30005
2004-07-15,1056.099976,1058.40002,1054.5,1058.40002
2004-07-16,1056.19995,1056.19995,1056.19995,1056.19995
2004-07-19,1056.30005,1056.30005,1056.30005,1056.30005
2004-07-20,1057.30005,1057.30005,1057.30005,1057.30005
2004-07-21,1056,1056,1056,1056
2004-07-22,1056,1056,1056,1056
2004-07-23,1055.5,1055.5,1055.5,1055.5
2004-07-26,1060.19995,1060.19995,1056.30005,1056.30005
2004-07-27,1055.90002,1055.90002,1055.90002,1055.90002
2004-07-28,1065,1065,1053.19995,1053.19995
2004-07-29,1055.90002,1055.90002,1055.90002,1055.90002
2004-07-30,1056.19995,1056.19995,1056.19995,1056.19995
2004-08-02,1056.80005,1056.80005,1056.80005,1056.80005
2004-08-03,1055.59998,1055.59998,1055.59998,1055.59998
2004-08-04,1055.80005,1055.80005,1055.80005,1055.80005
2004-08-05,1056.69995,1056.69995,1056.69995,1056.69995
2004-08-06,1055,1056.099976,1055,1056.099976
2004-08-09,1056.90002,1056.90002,1056.90002,1056.90002
2004-08-10,1056.69995,1056.69995,1056.69995,1056.69995
2004-08-11,1056.90002,1056.90002,1056.90002,1056.90002
2004-08-12,1056,1056,1056,1056
2004-08-13,1059.099976,1059.099976,1055.69995,1055.69995
2004-08-16,1055.90002,1055.90002,1055.90002,1055.90002
2004-08-17,1056.69995,1056.69995,1056.69995,1056.69995
2004-08-18,1056.19995,1056.19995,1056.19995,1056.19995
2004-08-19,1056.30005,1056.30005,1056.30005,1056.30005
2004-08-20,1056.30005,1056.30005,1056.30005,1056.30005
2004-08-23,1056.5,1056.5,1056.5,1056.5
2004-08-24,1066.40002,1066.40002,1056.099976,1056.099976
2004-08-25,1055.40002,1055.40002,1055.40002,1055.40002
2004-08-26,1055.80005,1055.80005,1055.80005,1055.80005
2004-08-27,1056,1056,1056,1056
2004-08-30,1055.80005,1055.80005,1055.80005,1055.80005
2004-08-31,1055.30005,1055.30005,1055.30005,1055.30005
2004-09-01,1056.5,1056.5,1056.5,1056.5
2004-09-02,1056.40002,1056.40002,1056.40002,1056.40002
2004-09-03,1056.099976,1056.099976,1056.099976,1056.099976
2004-09-06,1066.40002,1066.40002,1066.40002,1066.40002
2004-09-07,1056.69995,1056.69995,1055.59998,1055.59998
2004-09-08,1058.5,1058.5,1058.5,1058.5
2004-09-09,1056.69995,1056.69995,1056.69995,1056.69995
2004-09-10,1056.19995,1056.19995,1056.19995,1056.19995
2004-09-13,1057.5,1057.5,1057.5,1057.5
2004-09-14,1056.90002,1056.90002,1056.90002,1056.90002
2004-09-15,1056.59998,1056.59998,1056.59998,1056.59998
2004-09-16,1064.19995,1064.19995,1064.19995,1064.19995
2004-09-17,1055.099976,1058.099976,1055.099976,1058.099976
2004-09-20,1054.80005,1054.80005,1054.80005,1054.80005
2004-09-21,1056.099976,1056.099976,1056.099976,1056.099976
2004-09-22,1055.30005,1055.30005,1055.30005,1055.30005
2004-09-23,1055.69995,1055.69995,1055.69995,1055.69995
2004-09-24,1055.5,1055.5,1055.5,1055.5
2004-09-27,1055.40002,1055.40002,1055.40002,1055.40002
2004-09-28,1052.19995,1055.59998,1052.19995,1055.59998
2004-09-29,1054.90002,1054.90002,1054.90002,1054.90002
2004-09-30,1053.19995,1054.19995,1053.19995,1054.19995
2004-10-01,1047.69995,1055.40002,1047.69995,1055.40002
2004-10-04,1057,1057,1057,1057
2004-10-05,1055.5,1055.5,1055.5,1055.5
2004-10-06,1052.5,1055.30005,1052.5,1055.30005
2004-10-07,1056.099976,1056.099976,1056.099976,1056.099976
2004-10-08,1055.40002,1055.40002,1055.40002,1055.40002
2004-10-11,1055.80005,1055.80005,1055.80005,1055.80005
2004-10-12,1055,1055,1055,1055
2004-10-13,1054.40002,1055.5,1054.40002,1055.5
2004-10-14,1055.5,1055.5,1055.5,1055.5
2004-10-15,1055.69995,1055.69995,1055.69995,1055.69995
2004-10-18,1056.19995,1056.19995,1056.19995,1056.19995
2004-10-19,1055.90002,1055.90002,1055.90002,1055.90002
2004-10-20,1055.80005,1055.80005,1055.80005,1055.80005
2004-10-21,1056.40002,1056.40002,1056.40002,1056.40002
2004-10-22,1056.19995,1056.59998,1056.19995,1056.59998
2004-10-25,1056.90002,1056.90002,1056.90002,1056.90002
2004-10-26,1056.40002,1056.59998,1056.40002,1056.59998
2004-10-27,1055.69995,1055.69995,1055.69995,1055.69995
2004-10-28,1060,1100,1020,1060
2004-10-29,1057.099976,1057.099976,1051.099976,1056.099976
2004-11-01,1053.5,1056.40002,1053.5,1056.40002
2004-11-02,1057.30005,1057.30005,1057.30005,1057.30005
2004-11-03,1057.5,1057.5,1057.5,1057.5
2004-11-04,1055.40002,1055.40002,1055.40002,1055.40002
2004-11-05,1057.099976,1057.099976,1057.099976,1057.099976
2004-11-08,1047.099976,1047.099976,1047.099976,1047.099976
2004-11-09,1046.19995,1046.19995,1046.19995,1046.19995
2004-11-10,1046.099976,1046.099976,1046.099976,1046.099976
2004-11-11,1046.69995,1046.69995,1046.69995,1046.69995
2004-11-12,1046.59998,1046.59998,1046.59998,1046.59998
2004-11-15,1046.90002,1046.90002,1046.90002,1046.90002
2004-11-16,1047.40002,1047.40002,1047.40002,1047.40002
2004-11-17,1057.19995,1057.19995,1057.19995,1057.19995
2004-11-18,1057,1057.69995,1057,1057.69995
2004-11-19,1057.19995,1057.19995,1057.19995,1057.19995
2004-11-22,1056,1056,1056,1056
2004-11-23,1059,1059,1059,1059
2004-11-24,1058.69995,1058.69995,1058.69995,1058.69995
2004-11-25,1056.5,1059.19995,1056.5,1059.19995
2004-11-26,1053.59998,1059.099976,1053.59998,1059.099976
2004-11-29,1059.30005,1059.30005,1059.30005,1059.30005
2004-11-30,1058.80005,1060,1058.80005,1060
2004-12-01,1059.69995,1059.69995,1059.69995,1059.69995
2004-12-02,1059.19995,1059.19995,1059.19995,1059.19995
2004-12-03,1059.40002,1059.40002,1059.40002,1059.40002
2004-12-06,1047.40002,1059.40002,1047.40002,1059.40002
2004-12-07,1060,1060,1060,1060
2004-12-08,1059.59998,1059.59998,1059.59998,1059.59998
2004-12-09,1063,1063,1059.69995,1059.69995
2004-12-10,1058.099976,1058.099976,1058.099976,1058.099976
2004-12-13,1059.80005,1059.80005,1059.80005,1059.80005
2004-12-14,1060.40002,1060.40002,1060.40002,1060.40002
2004-12-15,1061,1061,1061,1061
2004-12-16,1059,1059,1059,1059
2004-12-17,1067.40002,1067.40002,1067.40002,1067.40002
2004-12-20,1060.30005,1060.30005,1060.30005,1060.30005
2004-12-21,1060.59998,1060.59998,1060.59998,1060.59998
2004-12-22,1064.30005,1064.30005,1064.30005,1064.30005
2004-12-23,1060.30005,1060.30005,1060.30005,1060.30005
2004-12-24,1060,1100,1020,1060
2004-12-27,1060.5,1060.5,1060.5,1060.5
2004-12-28,1060.19995,1060.19995,1060.19995,1060.19995
2004-12-29,1059.90002,1059.90002,1059.90002,1059.90002
2004-12-30,1061.40002,1061.40002,1061.40002,1061.40002
2004-12-31,1058.69995,1059.59998,1058.69995,1059.59998
2005-01-03,1069.19995,1069.19995,1069.19995,1069.19995
2005-01-04,1062.099976,1062.30005,1062.099976,1062.099976
2005-01-05,1068.69995,1068.69995,1068.69995,1068.69995
2005-01-06,1060.90002,1060.90002,1060.90002,1060.90002
2005-01-07,1060.099976,1072.69995,1060.099976,1072.69995
2005-01-10,1033.099976,1033.099976,1033.099976,1033.099976
2005-01-11,1033,1033,1033,1033
2005-01-12,1032.5,1032.5,1032.5,1032.5
2005-01-13,1033.099976,1033.099976,1033.099976,1033.099976
2005-01-14,1042.59998,1042.59998,1042.59998,1042.59998
2005-01-17,1032.90002,1032.90002,1032.90002,1032.90002
2005-01-18,1032.59998,1032.59998,1032.59998,1032.59998
2005-01-19,1035.19995,1035.19995,1035.19995,1035.19995
2005-01-20,1032.19995,1032.19995,1032.19995,1032.19995
2005-01-21,1033.40002,1033.40002,1033.40002,1033.40002
2005-01-24,1033.30005,1033.30005,1033.30005,1033.30005
2005-01-25,1032.80005,1032.80005,1032.80005,1032.80005
2005-01-26,1038,1038,1038,1038
2005-01-27,1032.80005,1032.80005,1032.80005,1032.80005
2005-01-28,1034.69995,1034.69995,1032.69995,1032.69995
2005-01-31,1033.40002,1033.40002,1033.40002,1033.40002
2005-02-01,1032.5,1032.5,1032.5,1032.5
2005-02-02,1028.80005,1032.40002,1028.80005,1032.40002
2005-02-03,1032.90002,1032.90002,1032.90002,1032.90002
2005-02-04,1036.69995,1036.69995,1036.69995,1036.69995
2005-02-07,1031.40002,1031.40002,1031.40002,1031.40002
2005-02-08,1039.30005,1039.30005,1039.30005,1039.30005
2005-02-09,1031.90002,1031.90002,1031.90002,1031.90002
2005-02-10,1031.90002,1031.90002,1031.90002,1031.90002
2005-02-11,1031.40002,1031.40002,1031.40002,1031.40002
2005-02-14,1032.59998,1032.59998,1032.59998,1032.59998
2005-02-15,1032.099976,1032.099976,1032.099976,1032.099976
2005-02-16,1028,1032.099976,1028,1032.099976
2005-02-17,1032.59998,1032.59998,1032.59998,1032.59998
2005-02-18,1032.80005,1032.80005,1032.80005,1032.80005
2005-02-21,1032.69995,1032.69995,1032.69995,1032.69995
2005-02-22,1033.40002,1033.40002,1033.40002,1033.40002
2005-02-23,1033.40002,1033.40002,1033.40002,1033.40002
2005-02-24,1033.59998,1034.40002,1033.59998,1034.40002
2005-02-25,1038.099976,1038.099976,1038.099976,1038.099976
2005-02-28,1032.69995,1032.69995,1032.69995,1032.69995
2005-03-01,1037.59998,1037.59998,1037.59998,1037.59998
2005-03-02,1032.90002,1032.90002,1032.90002,1032.90002
2005-03-03,1032,1032.40002,1032,1032.40002
2005-03-04,1036,1036,1036,1036
2005-03-07,1032.80005,1032.80005,1032.80005,1032.80005
2005-03-08,1033.80005,1033.80005,1033.80005,1033.80005
2005-03-09,1035.099976,1035.099976,1035.099976,1035.099976
2005-03-10,1030.90002,1033.80005,1030.90002,1033.80005
2005-03-11,1033.5,1034.099976,1033.5,1034.099976
2005-03-14,1035.69995,1035.69995,1035.69995,1035.69995
2005-03-15,1036.69995,1036.69995,1036.69995,1036.69995
2005-03-16,1036,1036,1036,1036
2005-03-17,1036.69995,1036.69995,1036.69995,1036.69995
2005-03-18,1036.30005,1036.30005,1036.30005,1036.30005
2005-03-21,1040.69995,1040.69995,1040.69995,1040.69995
2005-03-22,1035.69995,1035.69995,1035.69995,1035.69995
2005-03-23,1044.5,1044.5,1044.5,1044.5
2005-03-24,1034.30005,1034.30005,1034.30005,1034.30005
2005-03-28,1081.19995,1081.19995,1081.19995,1081.19995
2005-03-29,1034.80005,1034.80005,1034.80005,1034.80005
2005-03-30,1035.099976,1035.099976,1035.099976,1035.099976
2005-03-31,1037.099976,1037.90002,1037.099976,1037.90002
2005-04-01,1038,1038,1038,1038
2005-04-04,1037.80005,1037.80005,1037.80005,1037.80005
2005-04-05,1037.69995,1037.69995,1037.69995,1037.69995
2005-04-06,1032.5,1038,1032.5,1038
2005-04-07,1038.5,1038.5,1038.5,1038.5
2005-04-08,1037.40002,1037.40002,1037.40002,1037.40002
2005-04-11,1031.5,1037.69995,1031.5,1037.69995
2005-04-12,1038.5,1038.5,1038.5,1038.5
2005-04-13,1037.59998,1037.59998,1037.59998,1037.59998
2005-04-14,1037.40002,1037.40002,1037.40002,1037.40002
2005-04-15,1037.69995,1037.69995,1037.69995,1037.69995
2005-04-18,1032.90002,1038.90002,1032.90002,1038.90002
2005-04-19,1035.099976,1037.69995,1035.099976,1037.69995
2005-04-20,1039.19995,1039.19995,1039.19995,1039.19995
2005-04-21,1038.69995,1038.69995,1038.69995,1038.69995
2005-04-22,1043.19995,1043.19995,1043.19995,1043.19995
2005-04-25,1038.5,1038.5,1038.5,1038.5
2005-04-26,1039.099976,1039.099976,1039.099976,1039.099976
2005-04-27,1037.5,1037.5,1037.5,1037.5
2005-04-28,1038.90002,1038.90002,1038.90002,1038.90002
2005-04-29,1038.099976,1038.099976,1038.099976,1038.099976
2005-05-02,797.17999,1038.69995,797.17999,1038.69995
2005-05-03,1038.30005,1038.30005,1038.30005,1038.30005
2005-05-04,1038.5,1039.19995,1038.5,1039.19995
2005-05-05,1084.65002,1084.65002,1084.65002,1084.65002
2005-05-06,1038.5,1038.5,1038.5,1038.5
2005-05-09,1038.19995,1038.19995,1038.19995,1038.19995
2005-05-10,1037.69995,1037.69995,1037.69995,1037.69995
2005-05-11,1038.30005,1045.80005,1038.30005,1045.80005
2005-05-12,1038.30005,1046,1038.30005,1046
2005-05-13,1046.099976,1046.099976,1046.099976,1046.099976
2005-05-16,1084.80005,1084.80005,1084.80005,1084.80005
2005-05-17,1037.19995,1037.19995,1037.19995,1037.19995
2005-05-18,1037.099976,1037.099976,1037.099976,1037.099976
2005-05-19,1037.40002,1037.40002,1037.40002,1037.40002
2005-05-20,1037.69995,1037.69995,1037.69995,1037.69995
2005-05-23,1043,1043,1043,1043
2005-05-24,1037.099976,1039,1037.099976,1039
2005-05-25,1038.80005,1038.80005,1038.80005,1038.80005
2005-05-26,1037.69995,1039.5,1037.69995,1039.5
2005-05-27,1036.69995,1036.69995,1036.69995,1036.69995
2005-05-30,1038.5,1038.5,1038.5,1038.5
2005-05-31,1036.19995,1036.19995,1036.19995,1036.19995
2005-06-01,1035.30005,1035.30005,1035.30005,1035.30005
2005-06-02,1039.80005,1039.80005,1039.80005,1039.80005
2005-06-03,1035.099976,1035.099976,1035.099976,1035.099976
2005-06-06,1036.30005,1036.30005,1036.30005,1036.30005
2005-06-07,1035.90002,1036.80005,1035.90002,1036.80005
2005-06-08,1035.90002,1035.90002,1035.90002,1035.90002
2005-06-09,1036.099976,1037.40002,1036.099976,1037.40002
2005-06-10,1035.90002,1045.19995,1035.90002,1045.19995
2005-06-13,1050.59998,1050.59998,1050.59998,1050.59998
2005-06-14,1035.40002,1035.5,1035.40002,1035.5
2005-06-15,1035.19995,1035.19995,1035.19995,1035.19995
2005-06-16,1035.40002,1036.5,1035.40002,1036.5
2005-06-17,1034.59998,1034.59998,1034.59998,1034.59998
2005-06-20,1036.59998,1036.59998,1036.59998,1036.59998
2005-06-21,1036.30005,1036.30005,1036.30005,1036.30005
2005-06-22,1035.40002,1035.40002,1035.40002,1035.40002
2005-06-23,1035.59998,1035.59998,1035.59998,1035.59998
2005-06-24,1034.69995,1034.69995,1034.69995,1034.69995
2005-06-27,1030,1036.69995,1028.19995,1036.69995
2005-06-28,1037.5,1038.80005,1035.40002,1038.40002
2005-06-29,1035.30005,1035.30005,1035.30005,1035.30005
2005-06-30,1035.19995,1035.19995,1035.19995,1035.19995
2005-07-01,1035.40002,1035.40002,1035.40002,1035.40002
2005-07-04,1035,1035,1035,1035
2005-07-05,1034.30005,1034.30005,1034.30005,1034.30005
2005-07-06,1034.90002,1034.90002,1034.90002,1034.90002
2005-07-07,1036.099976,1036.19995,1036.099976,1036.19995
2005-07-08,1034.69995,1034.69995,1034.69995,1034.69995
2005-07-11,1035.90002,1035.90002,1035.90002,1035.90002
2005-07-12,1035.69995,1035.69995,1035.69995,1035.69995
2005-07-13,1035.69995,1044.099976,1035.69995,1044.099976
2005-07-14,1034.40002,1034.40002,1034.40002,1034.40002
2005-07-15,1033.30005,1035.5,1033.30005,1035.5
2005-07-18,1035.099976,1035.099976,1035.099976,1035.099976
2005-07-19,1035.099976,1035.099976,1035.099976,1035.099976
2005-07-20,1034.80005,1035.099976,1034.80005,1035.099976
2005-07-21,1034,1034,1034,1034
2005-07-22,1032.69995,1035.099976,1032.69995,1035.099976
2005-07-25,1034.80005,1034.80005,1034.80005,1034.80005
2005-07-26,1037.69995,1037.69995,1037.69995,1037.69995
2005-07-27,1034.59998,1034.59998,1034.59998,1034.59998
2005-07-28,1034.69995,1034.69995,1034.69995,1034.69995
2005-07-29,1035.099976,1035.099976,1035.099976,1035.099976
2005-08-01,1035.69995,1035.69995,1035.69995,1035.69995
2005-08-02,1035.30005,1037.80005,1035.30005,1037.80005
2005-08-03,1036.30005,1036.30005,1036.30005,1036.30005
2005-08-04,1036.80005,1036.80005,1036.80005,1036.80005
2005-08-05,1036.099976,1036.69995,1036.099976,1036.69995
2005-08-08,1034.69995,1034.69995,1034.69995,1034.69995
2005-08-09,1036.40002,1036.40002,1036.40002,1036.40002
2005-08-10,1036.5,1036.5,1036.5,1036.5
2005-08-11,1036,1036,1036,1036
2005-08-12,1036.90002,1036.90002,1036.90002,1036.90002
2005-08-15,1036.19995,1036.19995,1036.19995,1036.19995
2005-08-16,1036.5,1036.5,1036.5,1036.5
2005-08-17,1036.19995,1039.099976,1036.19995,1039.099976
2005-08-18,1036,1036,1036,1036
2005-08-19,1035.69995,1035.69995,1035.69995,1035.69995
2005-08-22,1035.90002,1035.90002,1035.90002,1035.90002
2005-08-23,1033.5,1036,1033.5,1036
2005-08-24,1035.80005,1035.80005,1035.80005,1035.80005
2005-08-25,1036,1036.19995,1036,1036.19995
2005-08-26,1036.69995,1036.69995,1036.69995,1036.69995
2005-08-29,1036.40002,1040.90002,1036.40002,1040.90002
2005-08-30,1035.90002,1035.90002,1035.90002,1035.90002
2005-08-31,1036,1036,1036,1036
2005-09-01,986.58002,986.58002,986.53998,986.53998
2005-09-02,988.65997,989.059998,988.65997,989.059998
2005-09-05,987.89001,987.89001,987.89001,987.89001
2005-09-06,994.54999,994.54999,994.54999,994.54999
2005-09-07,988.059998,991.28003,988.059998,991.28003
2005-09-08,986.81000,986.81000,986.81000,986.81000
2005-09-09,986.65002,987.35999,986.65002,987.35999
2005-09-12,986.29999,988.19000,986.29999,988.19000
2005-09-13,987.090027,987.090027,987.090027,987.090027
2005-09-14,986.92999,986.92999,986.92999,986.92999
2005-09-15,986.78998,986.78998,986.78998,986.78998
2005-09-16,987.29999,988.46997,987.29999,988.46997
2005-09-19,986.28003,986.28003,986.28003,986.28003
2005-09-20,986.44000,986.44000,986.44000,986.44000
2005-09-21,1035.94995,1035.94995,1035.94995,1035.94995
2005-09-22,986.57001,986.57001,986.46002,986.46002
2005-09-23,992.78998,992.78998,992.78998,992.78998
2005-09-26,986.12000,986.12000,986.12000,986.12000
2005-09-27,985.97998,985.97998,985.97998,985.97998
2005-09-28,985.94000,985.94000,985.94000,985.94000
2005-09-29,986.34998,986.34998,986.34998,986.34998
2005-09-30,985.71997,988.38000,985.71997,988.38000
2005-10-03,995.75,995.75,995.75,995.75
2005-10-04,985.56000,985.56000,985.56000,985.56000
2005-10-05,986.020020,986.020020,986.020020,986.020020
2005-10-06,977.52002,986.16998,977.52002,986.16998
2005-10-07,986.34998,986.34998,986.34998,986.34998
2005-10-10,986.46997,986.46997,986.46997,986.46997
2005-10-11,985.97998,985.97998,985.97998,985.97998
2005-10-12,985.66998,985.66998,985.66998,985.66998
2005-10-13,986.14001,986.14001,986.14001,986.14001
2005-10-14,986.030029,986.030029,978.91998,978.91998
2005-10-17,986.32001,986.32001,986.32001,986.32001
2005-10-18,985.26001,985.26001,985.26001,985.26001
2005-10-19,986.26001,986.26001,986.26001,986.26001
2005-10-20,985.65002,985.65002,985.65002,985.65002
2005-10-21,985.84998,985.84998,985.84998,985.84998
2005-10-24,949.51001,949.51001,949.51001,949.51001
2005-10-25,950.35999,950.35999,950.35999,950.35999
2005-10-26,949.70001,949.70001,949.70001,949.70001
2005-10-27,950.60999,950.60999,949.82001,949.82001
2005-10-28,950.45001,950.45001,950.45001,950.45001
2005-10-31,950.38000,950.38000,950.38000,950.38000
2005-11-01,950.5,950.5,950.5,950.5
2005-11-02,949.5,949.5,949.5,949.5
2005-11-03,949.69000,949.69000,949.69000,949.69000
2005-11-04,950,950,950,950
2005-11-07,949.37000,950.76001,949.37000,950.76001
2005-11-08,948.070007,948.070007,948.070007,948.070007
2005-11-09,948.53003,948.53003,948.53003,948.53003
2005-11-10,948.96997,948.96997,948.96997,948.96997
2005-11-11,948.57001,948.57001,948.57001,948.57001
2005-11-14,948.85999,948.85999,948.85999,948.85999
2005-11-15,949.13000,949.13000,949.13000,949.13000
2005-11-16,948.12000,948.12000,948.12000,948.12000
2005-11-17,948.53003,948.53003,948.53003,948.53003
2005-11-18,948.22998,948.22998,948.22998,948.22998
2005-11-21,948.71997,948.71997,948.71997,948.71997
2005-11-22,948.34998,948.34998,948.34998,948.34998
2005-11-23,947.89001,947.89001,947.89001,947.89001
2005-11-24,948.64001,948.64001,948.64001,948.64001
2005-11-25,948.82001,948.82001,948.82001,948.82001
2005-11-28,953.039978,953.039978,953.039978,953.039978
2005-11-29,948.31000,948.31000,948.31000,948.31000
2005-11-30,948.76001,948.76001,948.76001,948.76001
2005-12-01,948.48999,948.48999,948.48999,948.48999
2005-12-02,948.10999,948.10999,948.10999,948.10999
2005-12-05,948.90002,948.90002,948.90002,948.90002
2005-12-06,947.70001,947.70001,947.70001,947.70001
2005-12-07,948.38000,948.38000,948.38000,948.38000
2005-12-08,947.64001,948.66998,947.64001,948.66998
2005-12-09,946.94000,948.21002,946.94000,948.21002
2005-12-12,948.51001,948.51001,948.51001,948.51001
2005-12-13,942.79999,948.90002,942.79999,948.90002
2005-12-14,949.72998,949.72998,949.72998,949.72998
2005-12-15,949.15002,949.15002,949.15002,949.15002
2005-12-16,949.32001,949.32001,949.32001,949.32001
2005-12-19,949.64001,949.96002,949.64001,949.96002
2005-12-20,952,952,952,952
2005-12-21,948.71002,948.71002,948.71002,948.71002
2005-12-22,948.84003,948.84003,948.84003,948.84003
2005-12-23,947.66998,947.66998,947.66998,947.66998
2005-12-26,948.33002,948.33002,948.33002,948.33002
2005-12-27,949.32001,949.32001,949.32001,949.32001
2005-12-28,948.19000,948.19000,948.19000,948.19000
2005-12-29,924.21997,924.21997,924.21997,924.21997
2005-12-30,924.97998,924.97998,924.97998,924.97998
2006-01-02,922.14001,922.14001,922.14001,922.14001
2006-01-03,918.26001,922.45001,918.26001,922.45001
2006-01-04,922.78003,922.78003,922.78003,922.78003
2006-01-05,923.13000,923.13000,923.13000,923.13000
2006-01-06,923.12000,923.12000,923.12000,923.12000
2006-01-09,923.5,923.5,923.5,923.5
2006-01-10,923.83002,923.83002,923.83002,923.83002
2006-01-11,923.059998,923.059998,923.059998,923.059998
2006-01-12,923.53003,924.59998,923.53003,924.59998
2006-01-13,923.070007,923.070007,923.070007,923.070007
2006-01-16,922.62000,922.62000,922.62000,922.62000
2006-01-17,922.76001,922.76001,922.76001,922.76001
2006-01-18,918.020020,918.020020,918.020020,918.020020
2006-01-19,922,922,922,922
2006-01-20,922.17999,922.17999,922.17999,922.17999
2006-01-23,923.51001,923.51001,923.51001,923.51001
2006-01-24,922.92999,922.92999,922.92999,922.92999
2006-01-25,923.65997,923.65997,923.65997,923.65997
2006-01-26,922.78003,922.78003,922.78003,922.78003
2006-01-27,922.67999,929.010010,922.67999,929.010010
2006-01-30,922.67999,922.67999,922.67999,922.67999
2006-01-31,922.039978,922.039978,922.039978,922.039978
2006-02-01,922.51001,923.77002,922.51001,923.77002
2006-02-02,922.14001,922.14001,922.14001,922.14001
2006-02-03,922.17999,922.17999,922.17999,922.17999
2006-02-06,921.90002,922.90997,921.90002,922.90997
2006-02-07,922.54999,922.63000,922.54999,922.63000
2006-02-08,921.81000,921.81000,921.81000,921.81000
2006-02-09,921.95001,923.71997,921.95001,923.71997
2006-02-10,921.70001,921.70001,921.70001,921.70001
2006-02-13,921.45001,921.45001,921.45001,921.45001
2006-02-14,918.97998,918.97998,918.97998,918.97998
2006-02-15,918.97998,920.38000,918.97998,920.38000
2006-02-16,921.22998,921.22998,921.22998,921.22998
2006-02-17,921.46002,921.46002,921.46002,921.46002
2006-02-20,921.69000,921.69000,921.69000,921.69000
2006-02-21,923.56000,923.56000,923.56000,923.56000
2006-02-22,923.65002,923.65002,923.65002,923.65002
2006-02-23,923.66998,923.66998,923.66998,923.66998
2006-02-24,923.51001,923.51001,923.51001,923.51001
2006-02-27,926.31000,926.31000,922.79999,924.039978
2006-02-28,923.25,923.25,923.25,923.25
2006-03-01,923.69000,923.69000,923.69000,923.69000
2006-03-02,924.89001,924.89001,924.89001,924.89001
2006-03-03,924.049988,924.049988,924.049988,924.049988
2006-03-06,920.71997,925.26001,920.71997,925.26001
2006-03-07,929.78003,929.78003,929.78003,929.78003
2006-03-08,923.94000,923.94000,923.66998,923.66998
2006-03-09,922.28003,922.28003,922.28003,922.28003
2006-03-10,921.63000,921.63000,921.63000,921.63000
2006-03-13,920.010010,921.27002,918.69000,918.69000
2006-03-14,921.85999,921.85999,921.85999,921.85999
2006-03-15,916.030029,922.21997,916.030029,922.21997
2006-03-16,922.33002,922.33002,922.33002,922.33002
2006-03-17,850.84998,850.84998,850.84998,850.84998
2006-03-20,850.48999,850.48999,850.48999,850.48999
2006-03-21,921.41998,921.41998,921.41998,921.41998
2006-03-22,921.40997,921.40997,921.40997,921.40997
2006-03-23,920.20001,920.20001,920.20001,920.20001
2006-03-24,925.039978,925.039978,925.039978,925.039978
2006-03-27,925.070007,925.070007,925.070007,925.070007
2006-03-28,925.34003,929.090027,925.34003,929.090027
2006-03-29,925.080017,925.080017,925.080017,925.080017
2006-03-30,925.34003,925.34003,925.34003,925.34003
2006-03-31,925.28003,925.40002,925.28003,925.40002
2006-04-03,924.28998,925.21997,924.28998,925.21997
2006-04-04,918.71002,925.65002,918.71002,925.65002
2006-04-05,925.91998,925.91998,923.14001,923.14001
2006-04-06,925.89001,932.53003,925.89001,932.53003
2006-04-07,926.45001,926.45001,926.45001,926.45001
2006-04-10,932.72998,932.72998,932.72998,932.72998
2006-04-11,926.65997,926.65997,926.65997,926.65997
2006-04-12,926.40002,926.63000,926.40002,926.63000
2006-04-13,929.46002,929.46002,929.46002,929.46002
2006-04-14,925.59998,925.83002,925.59998,925.83002
2006-04-17,923.72998,923.72998,923.72998,923.72998
2006-04-18,914.65002,927.14001,914.65002,927.14001
2006-04-19,920.15997,927.54999,920.15997,927.54999
2006-04-20,927.73999,927.73999,927.73999,927.73999
2006-04-21,929.92999,929.92999,929.92999,929.92999
2006-04-24,924.31000,927.71002,924.31000,927.71002
2006-04-25,927.29999,927.29999,927.29999,927.29999
2006-04-26,924.72998,926.58002,924.72998,926.58002
2006-04-27,924.39001,927.60999,924.39001,927.60999
2006-04-28,920.20001,933.64001,920.20001,933.64001
2006-05-01,926.88000,926.88000,926.88000,926.88000
2006-05-02,930.73999,934.27002,930.73999,934.27002
2006-05-03,932.82001,933.45001,932.82001,933.45001
2006-05-04,933.98999,933.98999,933.98999,933.98999
2006-05-05,925.51001,933.78998,925.51001,933.78998
2006-05-08,930.25,938.44000,930.25,938.44000
2006-05-09,939.10999,939.10999,939.10999,939.10999
2006-05-10,928.21997,934.40997,928.21997,934.40997
2006-05-11,937.080017,937.080017,937.080017,937.080017
2006-05-12,923.35999,934.71002,923.35999,934.71002
2006-05-15,933.98999,934.32001,933.98999,934.32001
2006-05-16,932.96997,932.96997,932.96997,932.96997
2006-05-17,934.32001,946.84003,934.32001,946.84003
2006-05-18,933.38000,933.38000,927.21002,928.15002
2006-05-19,933.96002,933.96002,933.96002,933.96002
2006-05-22,934.40002,934.40002,934.40002,934.40002
2006-05-23,938.53003,938.53003,938.53003,938.53003
2006-05-24,934.84003,942.64001,934.84003,942.64001
2006-05-25,940.14001,940.14001,940.14001,940.14001
2006-05-26,933.90997,939.21002,933.90997,939.21002
2006-05-29,933.95001,935.049988,933.95001,935.049988
2006-05-30,934.40997,934.44000,934.40997,934.44000
2006-05-31,934.95001,938.44000,934.95001,938.44000
2006-06-01,933.47998,933.47998,933.47998,933.47998
2006-06-02,932.95001,932.95001,925.12000,925.12000
2006-06-05,926.72998,926.72998,926.72998,926.72998
2006-06-06,933.17999,936.63000,933.17999,936.63000
2006-06-07,933.15997,933.91998,933.15997,933.91998
2006-06-08,932.85999,941.049988,932.85999,941.049988
2006-06-09,933.47998,934.78003,933.47998,934.78003
2006-06-12,932.73999,933.77002,932.73999,933.77002
2006-06-13,931.97998,935.25,931.97998,935.25
2006-06-14,934.65002,934.65002,934.65002,934.65002
2006-06-15,929.87000,932.59003,929.87000,932.59003
2006-06-16,932.76001,933.71002,932.76001,933.71002
2006-06-19,937.90002,937.90002,932.90997,932.90997
2006-06-20,931.95001,931.95001,931.95001,931.95001
2006-06-21,928.60999,929.5,928.60999,929.5
2006-06-22,929.65997,933.25,929.65997,933.25
2006-06-23,931.92999,933.53003,931.92999,933.53003
2006-06-26,932.25,932.25,930.81000,930.81000
2006-06-27,931.97998,931.97998,931.97998,931.97998
2006-06-28,932.37000,934,932.37000,934
2006-06-29,932.21997,932.21997,932.21997,932.21997
2006-06-30,932.91998,932.91998,932.91998,932.91998
2006-07-03,933.38000,933.44000,933.38000,933.44000
2006-07-04,931.31000,934.26001,931.31000,934.26001
2006-07-05,933.10999,936.47998,933.10999,936.47998
2006-07-06,933.080017,933.080017,933.080017,933.080017
2006-07-07,932.70001,932.70001,932.70001,932.70001
2006-07-10,933.72998,934.75,933.72998,934.75
2006-07-11,932.56000,932.56000,932.56000,932.56000
2006-07-12,932.88000,934.75,932.88000,934.75
2006-07-13,932.76001,932.76001,932.76001,932.76001
2006-07-14,933.35999,935.13000,933.35999,935.13000
2006-07-17,940.78998,940.78998,933.27002,933.27002
2006-07-18,932.059998,934.78003,932.059998,934.78003
2006-07-19,931.81000,931.81000,931.81000,931.81000
2006-07-20,932.099976,932.099976,932.099976,932.099976
2006-07-21,931.78998,932.34998,931.78998,932.34998
2006-07-24,931.92999,931.92999,931.92999,931.92999
2006-07-25,933.34003,937.78003,933.21997,937.78003
2006-07-26,937.5,937.5,937.5,937.5
2006-07-27,923.080017,936.37000,923.080017,936.37000
2006-07-28,936.78003,936.78003,936.78003,936.78003
2006-07-31,925.96997,931.85999,925.96997,931.85999
2006-08-01,932.19000,937.87000,932.19000,933.70001
2006-08-02,933.46002,938.42999,933.46002,938.42999
2006-08-03,936.080017,936.080017,936.080017,936.080017
2006-08-04,934.33002,934.33002,934.33002,934.33002
2006-08-07,931.19000,941.31000,931.19000,941.31000
2006-08-08,941.75,941.75,939.10999,939.10999
2006-08-09,943.21997,943.21997,940.90002,940.90002
2006-08-10,940.59003,943.40997,940.59003,943.40997
2006-08-11,944.29999,944.29999,941.71002,941.71002
2006-08-14,941.12000,941.12000,941.12000,941.12000
2006-08-15,937.28998,937.58002,937.28998,937.58002
2006-08-16,933.10999,934.010010,933.10999,934.010010
2006-08-17,932.96002,940.79999,932.96002,940.79999
2006-08-18,941.41998,941.41998,941.41998,941.41998
2006-08-21,937.26001,938.5,937.26001,938.5
2006-08-22,940.010010,940.010010,937.94000,937.94000
2006-08-23,940.97998,940.97998,940.97998,940.97998
2006-08-24,939.87000,939.87000,939.87000,939.87000
2006-08-25,943.12000,943.12000,943.12000,943.12000
2006-08-28,938.27002,938.62000,938.27002,938.62000
2006-08-29,938.77002,941.78998,938.77002,941.78998
2006-08-30,936.69000,937.58002,936.69000,937.58002
2006-08-31,937.32001,938.15002,937.32001,938.15002
2006-09-01,941.65997,941.65997,938.84003,938.84003
2006-09-04,935.56000,938.21002,935.56000,938.21002
2006-09-05,940.10999,940.10999,940.10999,940.10999
2006-09-06,939.54999,1001.59998,939.54999,1001.59998
2006-09-07,1000.5,1004.20001,1000.5,1004.20001
2006-09-08,1004.40002,1004.40002,1003.29999,1003.29999
2006-09-11,1003.79999,1003.90002,1003.79999,1003.90002
2006-09-12,1003.90002,1003.90002,1003.40002,1003.40002
2006-09-13,1003.29999,1003.29999,1003.29999,1003.29999
2006-09-14,1003.099976,1003.099976,1003.099976,1003.099976
2006-09-15,1002.29999,1002.90002,1002.29999,1002.90002
2006-09-18,1003.29999,1003.29999,1003.29999,1003.29999
2006-09-19,1000.29999,1002.5,1000.29999,1002.5
2006-09-20,1002.5,1005.5,1002.5,1005.5
2006-09-21,1004.59998,1004.59998,1004.59998,1004.59998
2006-09-22,1001.79999,1012.40002,1001.79999,1012.40002
2006-09-25,1012.40002,1012.40002,1008.90002,1009
2006-09-26,1009,1009,1006.59998,1007.90002
2006-09-27,1007.099976,1007.29999,1007.099976,1007.099976
2006-09-28,1004.70001,1009,1004.70001,1009
2006-09-29,1009,1009,1007.29999,1007.70001
2006-10-02,1005.5,1005.5,1005.5,1005.5
2006-10-03,1002.20001,1002.20001,1001.59998,1001.59998
2006-10-04,1012.20001,1012.20001,1012.20001,1012.20001
2006-10-05,1009.29999,1013.79999,1009.29999,1013.79999
2006-10-06,1013.79999,1018.40002,1013.79999,1018.40002
2006-10-09,1018.40002,1018.40002,1009.79999,1009.79999
2006-10-10,1009.90002,1013.59998,1009.90002,1013.59998
2006-10-11,1010,1011.90002,1010,1011.90002
2006-10-12,1011.90002,1011.90002,1007.5,1007.5
2006-10-13,1009.099976,1009.099976,996.67999,997.88000
2006-10-16,1018.90002,1018.90002,1018.90002,1018.90002
2006-10-17,1016.5,1016.5,1016.5,1016.5
2006-10-18,1004,1009.29999,1004,1009.29999
2006-10-19,1009,1009,1009,1009
2006-10-20,1003.90002,1008.5,1003.90002,1008.5
2006-10-23,1007.79999,1009.099976,1007.79999,1008.70001
2006-10-24,1009.099976,1009.099976,1009.099976,1009.099976
2006-10-25,1007.099976,1007.099976,1007.099976,1007.099976
2006-10-26,1005,1007.20001,1005,1005
2006-10-27,1004.5,1004.5,1004.5,1004.5
2006-10-30,1003.099976,1009.20001,1003.099976,1009
2006-10-31,1009.59998,1009.59998,1007.5,1007.5
2006-11-01,1002.20001,1011,1002.20001,1011
2006-11-02,1009.70001,1009.70001,1009.70001,1009.70001
2006-11-03,1008.90002,1009.40002,1008.90002,1009.40002
2006-11-06,1009.40002,1009.40002,1003.40002,1003.40002
2006-11-07,1002.20001,1007.099976,1002.20001,1007.099976
2006-11-08,1009.40002,1010.90002,1009.40002,1010.90002
2006-11-09,1012.40002,1012.40002,1012.40002,1012.40002
2006-11-10,1006.5,1006.5,1006,1006
2006-11-13,1005.099976,1009.40002,1005.099976,1009.40002
2006-11-14,1009.40002,1009.40002,1008,1008
2006-11-15,1008.29999,1008.29999,1004.29999,1004.29999
2006-11-16,1001.5,1004.40002,1001.5,1004.40002
2006-11-17,1005.099976,1005.099976,1005.099976,1005.099976
2006-11-20,1002.5,1008.5,1002.5,1008.5
2006-11-21,1008.90002,1008.90002,1006.79999,1006.79999
2006-11-22,1004.40002,1004.40002,1004.40002,1004.40002
2006-11-23,1004.40002,1007.90002,1004.40002,1007.90002
2006-11-24,1007.79999,1007.79999,1000.099976,1000.099976
2006-11-27,996.13000,996.70001,996.13000,996.70001
2006-11-28,995.90002,995.90002,995.90002,995.90002
2006-11-29,993.94000,998.75,993.94000,998.75
2006-11-30,999.32001,1001.099976,999.32001,1001.099976
2006-12-01,999.54999,999.54999,999.54999,999.54999
2006-12-04,997.71997,1003.099976,997.71997,1003.099976
2006-12-05,1004,1005.40002,1004,1005.40002
2006-12-06,1005.099976,1005.099976,999.77002,999.77002
2006-12-07,999.21002,999.21002,999.010010,999.010010
2006-12-08,999.87000,1000.099976,999.87000,1000.099976
2006-12-11,1003.59998,1003.59998,1003.59998,1003.59998
2006-12-12,987.84003,989.59998,987.84003,989.59998
2006-12-13,990.28998,990.28998,989.82001,989.82001
2006-12-14,990.53003,990.53003,986.63000,986.63000
2006-12-15,988.53998,988.53998,986.69000,986.69000
2006-12-18,986.69000,986.69000,986.69000,986.69000
2006-12-19,972.53998,972.53998,972.53998,972.53998
2006-12-20,968.90002,975.099976,968.90002,975.099976
2006-12-21,975.099976,975.099976,969.82001,969.82001
2006-12-22,969.31000,972.85999,969.31000,972.85999
2006-12-25,972.85999,972.85999,972.85999,972.85999
2006-12-26,975.090027,975.090027,975.090027,975.090027
2006-12-27,971.049988,971.049988,968.23999,970.59998
2006-12-28,971.45001,971.45001,960.79999,960.79999
2006-12-29,956.41998,956.41998,956.41998,956.41998
2007-01-01,955.79999,955.79999,955.79999,955.79999
2007-01-02,957.32001,957.32001,957.32001,957.32001
2007-01-03,956.23999,958.44000,956.23999,958.44000
2007-01-04,958.19000,958.19000,951.96002,951.96002
2007-01-05,952.17999,954.21002,952.17999,954.21002
2007-01-08,947.76001,947.76001,947.76001,947.76001
2007-01-09,945.10999,949.85999,945.10999,949.85999
2007-01-10,951.96997,954.31000,951.96997,954.31000
2007-01-11,954.31000,956.030029,954.31000,955.42999
2007-01-12,956.78998,956.78998,956.78998,956.78998
2007-01-15,952.13000,953.34003,952.13000,953.34003
2007-01-16,954.080017,961.81000,954.080017,961.81000
2007-01-17,961.81000,961.81000,961.81000,961.81000
2007-01-18,955.46002,966.22998,955.46002,966.22998
2007-01-19,965.85999,967.62000,965.85999,967.62000
2007-01-22,967.35999,975.84998,967.35999,975.84998
2007-01-23,976.21997,976.21997,976.030029,976.030029
2007-01-24,976.070007,986.94000,976.070007,986.94000
2007-01-25,987.23999,989.45001,987.23999,989.45001
2007-01-26,986.52002,986.52002,986.52002,986.52002
2007-01-29,986.17999,990.48999,986.17999,990.48999
2007-01-30,989.60999,992.59998,989.60999,992.59998
2007-01-31,992.90997,992.90997,992.90997,992.90997
2007-02-01,985.10999,992.77002,985.10999,992.77002
2007-02-02,993.14001,1002,993.14001,1002
2007-02-05,1002.20001,1002.20001,1002.20001,1002.20001
2007-02-06,997.080017,997.080017,997.080017,997.080017
2007-02-07,994.10999,999.33002,994.10999,999.33002
2007-02-08,999.33002,999.33002,999.33002,999.33002
2007-02-09,998.10999,1002.20001,998.10999,1002.20001
2007-02-12,1001.29999,1001.5,1001.29999,1001.5
2007-02-13,1001.40002,1001.40002,1001.40002,1001.40002
2007-02-14,1000.40002,1000.40002,1000.40002,1000.40002
2007-02-15,996.83002,1001.90002,996.83002,1001.40002
2007-02-16,1001.90002,1001.90002,1001.90002,1001.90002
2007-02-19,999.70001,1001.90002,999.70001,1001.90002
2007-02-20,1002,1002,1001.40002,1001.90002
2007-02-21,1001.099976,1006.70001,1001.099976,1006.70001
2007-02-22,1005.59998,1005.70001,1002.90002,1003.20001
2007-02-23,1003.5,1003.5,1003.5,1003.5
2007-02-26,1000.29999,1001.79999,1000.29999,1001.79999
2007-02-27,1002.5,1005.5,1002.5,1003.79999
2007-02-28,1004.79999,1005.20001,1004.79999,1004.79999
2007-03-01,1002.20001,1009.099976,1002.20001,1009.099976
2007-03-02,1009.29999,1009.79999,1009.29999,1009.79999
2007-03-05,1009.5,1009.5,996.059998,996.059998
2007-03-06,995.14001,995.14001,995.14001,995.14001
2007-03-07,994.90997,994.90997,994.90997,994.90997
2007-03-08,992.57001,997.65002,992.57001,997.65002
2007-03-09,996.78003,999.72998,996.78003,999.72998
2007-03-12,999.76001,999.76001,999.76001,999.76001
2007-03-13,996.46002,996.46002,996.46002,996.46002
2007-03-14,991.010010,991.010010,991.010010,991.010010
2007-03-15,988.099976,990.95001,988.099976,990.95001
2007-03-16,986.91998,992.15997,986.91998,992.15997
2007-03-19,993.23999,993.23999,993.23999,993.23999
2007-03-20,993.10999,993.10999,993.10999,993.10999
2007-03-21,988.76001,988.76001,988.76001,988.76001
2007-03-22,984.79999,989.38000,984.79999,989.38000
2007-03-23,989.53003,991.79999,989.53003,991.79999
2007-03-26,996.39001,996.39001,996.39001,996.39001
2007-03-27,992.15997,994.82001,992.15997,994.82001
2007-03-28,995.22998,997.89001,995.22998,997.89001
2007-03-29,998.79999,998.79999,997.42999,998.35999
2007-03-30,999.10999,999.10999,999.10999,999.10999
2007-04-02,996.60999,996.60999,996.60999,996.60999
2007-04-03,995.52002,999.020020,995.52002,999.020020
2007-04-04,998.58002,998.58002,998.58002,998.58002
2007-04-05,995.39001,995.39001,995.39001,995.39001
2007-04-06,984,985.90997,984,985.90997
2007-04-09,989.010010,989.010010,989.010010,989.010010
2007-04-10,993.54999,993.54999,992.32001,992.32001
2007-04-11,993.059998,993.059998,993.059998,993.059998
2007-04-12,992.12000,994.39001,992.12000,992.12000
2007-04-13,990.44000,999.10999,990.44000,999.10999
2007-04-16,994.98999,998.88000,994.98999,998.88000
2007-04-17,999.42999,999.42999,999.42999,999.42999
2007-04-18,996.27002,1002,996.27002,1002
2007-04-19,1002,1003.20001,1002,1003.20001
2007-04-20,1003.20001,1006.099976,1003.20001,1006.099976
2007-04-23,1006.20001,1006.20001,1006.20001,1006.20001
2007-04-24,1005.099976,1005.099976,1005.099976,1005.099976
2007-04-25,991.95001,999.020020,991.95001,999.020020
2007-04-26,999.090027,1002,999.090027,1002
2007-04-27,1002.59998,1002.59998,1002,1002
2007-04-30,1002.40002,1002.40002,1002.40002,1002.40002
2007-05-01,999.71002,1003.099976,999.71002,1003.099976
2007-05-02,1002,1002,1002,1002
2007-05-03,1000.29999,1007.79999,1000.29999,1007.79999
2007-05-04,1007.70001,1007.70001,1007.70001,1007.70001
2007-05-07,1003.29999,1003.79999,1003.29999,1003.79999
2007-05-08,1003.90002,1004.29999,1003.90002,1004.29999
2007-05-09,1003.70001,1003.70001,1002.79999,1002.79999
2007-05-10,1002.40002,1011.20001,1002.40002,1011.20001
2007-05-11,1011.79999,1011.79999,1011.79999,1011.79999
2007-05-14,1006.59998,1007.5,1006.59998,1007.5
2007-05-15,1007.59998,1007.59998,1007.59998,1007.59998
2007-05-16,999.79999,1010,999.79999,1010
2007-05-17,1009.5,1011.90002,1009.5,1011.90002
2007-05-18,1003.70001,1003.70001,1003.70001,1003.70001
2007-05-21,1003.099976,1003.099976,1002,1002
2007-05-22,1002.20001,1002.20001,1002.20001,1002.20001
2007-05-23,1003.099976,1007.90002,1003.099976,1007.90002
2007-05-24,1008,1032.30005,1008,1032.30005
2007-05-25,1032.90002,1032.90002,1032.90002,1032.90002
2007-05-28,1030.90002,1030.90002,1030.90002,1030.90002
2007-05-29,1038.90002,1041.80005,1038.90002,1041.80005
2007-05-30,1042.40002,1042.40002,1041.40002,1041.40002
2007-05-31,1041.099976,1041.099976,1041.099976,1041.099976
2007-06-01,1039.5,1042.59998,1039.5,1042.59998
2007-06-04,1042.5,1042.5,1040.80005,1040.80005
2007-06-05,1040.5,1043.59998,1040.5,1043.59998
2007-06-06,1043.59998,1043.59998,1043.19995,1043.19995
2007-06-07,1043.80005,1050.40002,1043.30005,1050.40002
2007-06-08,1057.19995,1057.19995,1057.19995,1057.19995
2007-06-11,1044.5,1050,1044.5,1050
2007-06-12,1050,1053.5,1050,1053.5
2007-06-13,1054.59998,1054.59998,1054.59998,1054.59998
2007-06-14,1047.40002,1050.5,1047.40002,1050.5
2007-06-15,1050.30005,1050.30005,1050.30005,1050.30005
2007-06-18,1048.69995,1054.59998,1048.69995,1054.59998
2007-06-19,1053.40002,1054.19995,1053.40002,1053.40002
2007-06-20,1052.30005,1063.30005,1052.30005,1063.30005
2007-06-21,1064.19995,1064.19995,1064.19995,1064.19995
2007-06-22,1060.19995,1060.19995,1060.19995,1060.19995
2007-06-25,1058.30005,1062.69995,1058.30005,1062.69995
2007-06-26,1061.69995,1062.099976,1061.69995,1062.099976
2007-06-27,1063.099976,1064.5,1063.099976,1064.5
2007-06-28,1064.59998,1068.69995,1064.59998,1068.69995
2007-06-29,1070.80005,1070.80005,1070.80005,1070.80005
2007-07-02,1068.099976,1068.099976,1068.099976,1068.099976
2007-07-03,1064.30005,1067.90002,1064.30005,1067.90002
2007-07-04,1067.69995,1068.90002,1067.69995,1068.90002
2007-07-05,1068.40002,1076.90002,1068.40002,1076.90002
2007-07-06,1076.80005,1076.80005,1076.80005,1076.80005
2007-07-09,1073.099976,1073.5,1073.099976,1073.5
2007-07-10,1073.30005,1073.30005,1073.30005,1073.30005
2007-07-11,1065.90002,1073.80005,1065.90002,1073.80005
2007-07-12,1074.30005,1074.30005,1068.40002,1068.40002
2007-07-13,1069.099976,1069.099976,1069.099976,1069.099976
2007-07-16,1070.59998,1072.69995,1070.59998,1072.69995
2007-07-17,1072.30005,1072.30005,1072.30005,1072.30005
2007-07-18,1067.69995,1070.30005,1067.69995,1070.30005
2007-07-19,1070.59998,1074.59998,1070.59998,1074.59998
2007-07-20,1074.59998,1074.59998,1074.59998,1074.59998
2007-07-23,1072.30005,1072.30005,1072.30005,1072.30005
2007-07-24,1071.69995,1071.69995,1071.099976,1071.099976
2007-07-25,1072.5,1073.30005,1072.5,1073.30005
2007-07-26,1073.80005,1074.099976,1073.19995,1073.19995
2007-07-27,1071.19995,1076.40002,1071.19995,1076.40002
2007-07-30,1075,1075,1075,1075
2007-07-31,1072,1076.90002,1071.80005,1076.90002
2007-08-01,1079,1079,1079,1079
2007-08-02,1078.40002,1078.40002,1078.40002,1078.40002
2007-08-03,1076.099976,1076.90002,1076.099976,1076.90002
2007-08-06,1082.80005,1084.30005,1082.80005,1084.30005
2007-08-07,1083.099976,1088.30005,1083.099976,1088.30005
2007-08-08,1087.30005,1088.099976,1087.30005,1087.30005
2007-08-09,1082,1086.90002,1082,1086.90002
2007-08-10,1088.40002,1088.40002,1088.40002,1088.40002
2007-08-13,1082.5,1085.40002,1082.5,1085.40002
2007-08-14,1085.40002,1085.90002,1085.40002,1085.90002
2007-08-15,1086.80005,1086.90002,1086.80005,1086.90002
2007-08-16,1088.099976,1088.099976,1088.099976,1088.099976
2007-08-17,1083.30005,1088.40002,1083.30005,1088.40002
2007-08-20,1089.099976,1089.80005,1089.099976,1089.80005
2007-08-21,1090.5,1092.5,1090.5,1092.5
2007-08-22,1092.59998,1092.59998,1092.59998,1092.59998
2007-08-23,1078.19995,1083.099976,1077.80005,1083.099976
2007-08-24,1083.099976,1083.099976,1083.099976,1083.099976
2007-08-27,1083,1084.69995,1083,1084.69995
2007-08-28,1084.90002,1086.30005,1084.90002,1086.30005
2007-08-29,1087.69995,1087.69995,1087.69995,1087.69995
2007-08-30,1078.19995,1083.30005,1078.19995,1083.30005
2007-08-31,1080.80005,1087.099976,1080.80005,1087.099976
2007-09-03,1085.099976,1085.80005,1085.099976,1085.80005
2007-09-04,1086.5,1086.5,1086.5,1086.5
2007-09-05,1080.30005,1085.5,1080.30005,1085.5
2007-09-06,1085.59998,1085.59998,1085.59998,1085.59998
2007-09-07,1078.5,1078.5,1078.5,1078.5
2007-09-11,1082.099976,1082.099976,1082.099976,1082.099976
2007-09-12,1082.099976,1082.099976,1079.59998,1079.59998
2007-09-13,1080.80005,1083.30005,1080.80005,1083.30005
2007-09-14,1082.80005,1082.80005,1082.80005,1082.80005
2007-09-17,1085.099976,1086.099976,1085.099976,1086.099976
2007-09-18,1085.69995,1085.69995,1085.69995,1085.69995
2007-09-19,1079.19995,1082.5,1079.19995,1082.5
2007-09-20,1082,1082,1082,1082
2007-09-21,1079.59998,1081.80005,1079.59998,1081.80005
2007-09-24,1082,1085.30005,1082,1085.30005
2007-09-25,1085.59998,1085.59998,1085.59998,1085.59998
2007-09-26,1078.90002,1083.19995,1078.90002,1083.19995
2007-09-27,1083,1088.90002,1083,1088.90002
2007-09-28,1088.099976,1088.30005,1088.099976,1088.099976
2007-10-01,1091.69995,1092.099976,1091.69995,1092.099976
2007-10-02,1091.80005,1091.80005,1090.59998,1090.59998
2007-10-03,1090.19995,1094.69995,1090.19995,1094.69995
2007-10-04,1094.69995,1094.69995,1094.69995,1094.69995
2007-10-05,1090.90002,1096.40002,1090.90002,1096.40002
2007-10-08,1098.30005,1101.099976,1098.30005,1101.099976
2007-10-09,1101.69995,1101.69995,1101.69995,1101.69995
2007-10-10,1092.099976,1097.59998,1092.099976,1097.59998
2007-10-11,1098.69995,1105.80005,1098.69995,1105.80005
2007-10-12,1105.40002,1107.90002,1105.40002,1107.90002
2007-10-15,1107.099976,1109.19995,1107.099976,1109.19995
2007-10-16,1110.19995,1110.19995,1110.19995,1110.19995
2007-10-17,1105.69995,1110.40002,1105.69995,1110.40002
2007-10-18,1111.40002,1111.40002,1111.099976,1111.099976
2007-10-19,1110.90002,1114.90002,1110.90002,1114.90002
2007-10-22,1114.19995,1117.19995,1114.19995,1117.19995
2007-10-23,1116.40002,1116.40002,1116.40002,1116.40002
2007-10-24,1112.19995,1112.19995,1112.19995,1112.19995
2007-10-25,1112.40002,1114,1112.40002,1114
2007-10-26,1113.90002,1113.90002,1113.90002,1113.90002
2007-10-29,1120.40002,1120.40002,1120.40002,1120.40002
2007-10-30,1121.59998,1121.59998,1121.59998,1121.59998
2007-10-31,1117.59998,1119.90002,1117.59998,1119.90002
2007-11-01,1120.69995,1120.90002,1120.69995,1120.90002
2007-11-02,1120.90002,1120.90002,1120.90002,1120.90002
2007-11-05,1115.099976,1115.099976,1115.099976,1115.099976
2007-11-06,1114.80005,1114.80005,1114.80005,1114.80005
2007-11-07,1114.30005,1118.59998,1114.30005,1118.59998
2007-11-08,1116.59998,1116.59998,1093,1093
2007-11-09,1088.19995,1122.80005,1088.19995,1122.80005
2007-11-12,1120.40002,1122.5,1120.40002,1122.5
2007-11-13,1119.30005,1119.30005,1119.30005,1119.30005
2007-11-14,1101.80005,1107.40002,1101.80005,1107.40002
2007-11-15,1105.59998,1109.90002,1105.59998,1109.90002
2007-11-16,1109.30005,1109.30005,1109.30005,1109.30005
2007-11-19,1100.69995,1100.69995,1100.69995,1100.69995
2007-11-20,1100,1115.69995,1100,1115.69995
2007-11-21,1116.80005,1128.19995,1116.80005,1128.19995
2007-11-22,1127.59998,1131.40002,1127.59998,1131.40002
2007-11-23,1130.19995,1132.69995,1130.19995,1132.69995
2007-11-27,1122.30005,1132.5,1122.30005,1132.5
2007-11-28,1132.5,1132.5,1132.5,1132.5
2007-11-29,1125,1125,1125,1125
2007-11-30,1123.59998,1127.59998,1123.59998,1127.59998
2007-12-03,1124.099976,1124.099976,1124.099976,1124.099976
2007-12-04,1123.90002,1123.90002,1123.90002,1123.90002
2007-12-05,1122.59998,1127.40002,1122.59998,1127.40002
2007-12-06,1126.90002,1126.90002,1126.90002,1126.90002
2007-12-07,1102.69995,1121.90002,1102.69995,1121.90002
2007-12-10,1121.80005,1121.80005,1121.80005,1121.80005
2007-12-11,1120.40002,1124.5,1120.40002,1124.5
2007-12-12,1124.30005,1124.30005,1124.30005,1124.30005
2007-12-13,1112.5,1125.80005,1112.5,1125.80005
2007-12-14,1125.69995,1127.90002,1125.69995,1127.90002
2007-12-17,1128,1128,1128,1128
2007-12-18,1115.69995,1119,1115.69995,1117.90002
2007-12-19,1117.69995,1117.69995,1100.099976,1100.099976
2007-12-20,1100,1120.099976,1100,1120.099976
2007-12-21,1118.69995,1118.69995,1118.69995,1118.69995
2007-12-24,1108.69995,1108.69995,1108.69995,1108.69995
2007-12-25,1108.19995,1108.19995,1108.19995,1108.19995
2007-12-27,1102.19995,1102.19995,1102.19995,1102.19995
2007-12-28,1095.80005,1101.69995,1095.80005,1101.59998
2007-12-31,1101,1110.19995,1101,1110.19995
2008-01-01,1110.099976,1110.099976,1110.099976,1110.099976
2008-01-02,1101.59998,1101.59998,1101.59998,1101.59998
2008-01-03,1100.30005,1108.80005,1100.30005,1108.80005
2008-01-04,1109.099976,1109.099976,1109.099976,1109.099976
2008-01-07,1108.90002,1109,1108.90002,1109
2008-01-08,1108.90002,1113.40002,1108.90002,1113.40002
2008-01-09,1113.40002,1123,1113.40002,1123
2008-01-10,1121.69995,1121.69995,1121.69995,1121.69995
2008-01-11,1100,1120.69995,1100,1120.69995
2008-01-14,1110.80005,1113.30005,1110.80005,1113.30005
2008-01-15,1112.5,1121.90002,1112.5,1121.90002
2008-01-16,1120.40002,1130.80005,1120.40002,1130.80005
2008-01-17,1129.099976,1129.099976,1113.40002,1113.40002
2008-01-18,1114.30005,1114.30005,1114.30005,1114.30005
2008-01-21,1127.19995,1131.59998,1127.19995,1131.59998
2008-01-22,1132.69995,1132.69995,1131.40002,1131.40002
2008-01-23,1121,1127.099976,1121,1127.099976
2008-01-24,1128.69995,1128.69995,1128.69995,1128.69995
2008-01-25,1086.099976,1137.099976,1086.099976,1137.099976
2008-01-28,1135.69995,1135.69995,1135.69995,1135.69995
2008-01-29,1132,1136.30005,1132,1136.30005
2008-01-30,1136.30005,1136.30005,1135.19995,1135.19995
2008-01-31,1136.59998,1139.40002,1136.59998,1139.40002
2008-02-01,1138.59998,1142.69995,1138.59998,1142.69995
2008-02-04,1136.59998,1136.59998,1136.59998,1136.59998
2008-02-05,1137.19995,1137.19995,1123.40002,1123.40002
2008-02-06,1124,1137.40002,1124,1137.40002
2008-02-07,1137.69995,1147.5,1137.69995,1147.5
2008-02-08,1147.90002,1147.90002,1120.69995,1120.69995
2008-02-11,1114.099976,1142.19995,1114.099976,1142.19995
2008-02-12,1143.099976,1143.099976,1143.099976,1143.099976
2008-02-13,1134.5,1143.19995,1134.5,1143.19995
2008-02-14,1143.5,1143.5,1143.5,1143.5
2008-02-15,1118.80005,1121.30005,1118.80005,1121.30005
2008-02-18,1143.59998,1143.59998,1143.59998,1143.59998
2008-02-19,1141.30005,1143.90002,1141.30005,1143.90002
2008-02-20,1143.90002,1143.90002,1143.90002,1143.90002
2008-02-21,1139.59998,1139.59998,1139.59998,1139.59998
2008-02-22,1137.80005,1137.80005,1122,1122
2008-02-25,1121.90002,1121.90002,1121.90002,1121.90002
2008-02-26,1120.30005,1134.40002,1120.30005,1134.40002
2008-02-27,1144.40002,1144.40002,1144.40002,1144.40002
2008-02-28,1140.59998,1140.59998,1140.59998,1140.59998
2008-02-29,1115.5,1144.40002,1115.5,1144.40002
2008-03-03,1141.69995,1141.69995,1141.69995,1141.69995
2008-03-04,1120.59998,1145.099976,1120.59998,1145.099976
2008-03-05,1145.5,1145.5,1145.5,1145.5
2008-03-06,1115.30005,1151.19995,1115.30005,1151.19995
2008-03-07,1147.099976,1151.40002,1147.099976,1151.40002
2008-03-10,1151.40002,1151.40002,1151.40002,1151.40002
2008-03-11,1151.90002,1162.80005,1151.90002,1162.80005
2008-03-12,1161.40002,1161.40002,1161.40002,1161.40002
2008-03-13,1151.80005,1151.80005,1151.80005,1151.80005
2008-03-14,1121,1153,1121,1153
2008-03-17,1164.30005,1164.30005,1164.30005,1164.30005
2008-03-18,1167,1167,1162.5,1162.5
2008-03-19,1173.099976,1173.099976,1163.90002,1169.40002
2008-03-20,1173.80005,1173.80005,1164.59998,1164.90002
2008-03-21,1167.5,1167.5,1146.5,1146.5
2008-03-24,1171.80005,1171.80005,1171.80005,1171.80005
2008-03-25,1164.59998,1164.59998,1164.59998,1164.59998
2008-03-26,1160.40002,1160.40002,1160.40002,1160.40002
2008-03-27,1153.59998,1159.59998,1153.59998,1159.59998
2008-03-28,1161.90002,1166,1161.59998,1166
2008-03-31,1160,1163.90002,1160,1163.90002
2008-04-02,1161.30005,1161.30005,1161.30005,1161.30005
2008-04-03,1158.69995,1158.69995,1158.69995,1158.69995
2008-04-04,1151.5,1159.30005,1151.5,1159.30005
2008-04-07,1161.099976,1161.099976,1161.099976,1161.099976
2008-04-08,1154.59998,1162.90002,1154.59998,1162.90002
2008-04-09,1162,1162,1162,1162
2008-04-10,1147.69995,1165.40002,1147.69995,1165.40002
2008-04-11,1165.40002,1165.40002,1154.59998,1154.59998
2008-04-14,1154,1154,1154,1154
2008-04-15,1154.30005,1154.30005,1151.80005,1151.80005
2008-04-16,1152.19995,1152.19995,1152.19995,1152.19995
2008-04-17,1150.80005,1150.80005,1149.5,1149.5
2008-04-18,1149.90002,1151.80005,1149.90002,1151.80005
2008-04-21,1147.19995,1147.19995,1147.19995,1147.19995
2008-04-22,1145.80005,1152.5,1145.80005,1152.5
2008-04-23,1153.30005,1155.40002,1153.30005,1155.40002
2008-04-24,1161.40002,1161.59998,1161.40002,1161.59998
2008-04-25,1160.40002,1160.40002,1160.40002,1160.40002
2008-04-28,1139.59998,1141,1139.59998,1141
2008-04-29,1140.59998,1152.30005,1140.59998,1152.30005
2008-04-30,1151.80005,1151.80005,1151.80005,1151.80005
2008-05-02,1150.099976,1151.59998,1150.099976,1151.59998
2008-05-05,1147.19995,1147.19995,1147.19995,1147.19995
2008-05-06,1138.30005,1138.30005,1138.30005,1138.30005
2008-05-07,1148.40002,1150.19995,1148.40002,1150.19995
2008-05-08,1155,1155,1140.40002,1140.40002
2008-05-09,1140,1144.69995,1140,1144.69995
2008-05-12,1138.5,1138.5,1138.5,1138.5
2008-05-13,1151.90002,1151.90002,1151.90002,1151.90002
2008-05-14,1152,1159.80005,1152,1158.80005
2008-05-15,1159.40002,1167.40002,1159.40002,1167.40002
2008-05-16,1166,1166,1166,1166
2008-05-19,1164,1167.90002,1164,1167.90002
2008-05-20,1167.80005,1167.80005,1167.80005,1167.80005
2008-05-21,1156.69995,1168.30005,1156.69995,1168.30005
2008-05-22,1168,1176.40002,1168,1176.40002
2008-05-23,1177.90002,1177.90002,1177.90002,1177.90002
2008-05-26,1182.30005,1182.30005,1182.30005,1182.30005
2008-05-27,1179.40002,1188.099976,1179.40002,1188.099976
2008-05-28,1188.30005,1188.30005,1181.80005,1181.80005
2008-05-29,1180.099976,1180.099976,1168.80005,1168.80005
2008-05-30,1169.90002,1169.90002,1169.90002,1169.90002
2008-06-02,1152.40002,1155.40002,1152.19995,1154.30005
2008-06-03,1153.80005,1168.5,1153.80005,1168.5
2008-06-04,1168.19995,1168.19995,1166.30005,1166.30005
2008-06-05,1165.80005,1165.80005,1165.80005,1165.80005
2008-06-06,1147.69995,1156.69995,1147.69995,1156.69995
2008-06-09,1164.19995,1175,1164.19995,1175
2008-06-10,1179.80005,1179.80005,1165.5,1165.5
2008-06-11,1164.40002,1164.40002,1164.40002,1164.40002
2008-06-12,1157.59998,1164,1157.59998,1164
2008-06-13,1164.19995,1168,1164.19995,1168
2008-06-16,1172.099976,1172.099976,1172.099976,1172.099976
2008-06-17,1171.90002,1171.90002,1171.90002,1171.90002
2008-06-18,1164.69995,1169.19995,1164.69995,1165
2008-06-19,1161.80005,1162.30005,1161.80005,1162.30005
2008-06-20,1162.69995,1168.5,1162.69995,1168.5
2008-06-23,1167.69995,1167.69995,1167.69995,1167.69995
2008-06-24,1167.40002,1167.40002,1167.40002,1167.40002
2008-06-25,1167.90002,1167.90002,1156,1156
2008-06-26,1155.59998,1172.90002,1155.59998,1169.69995
2008-06-27,1170.5,1179.80005,1170.5,1179.80005
2008-06-30,1160.40002,1160.40002,1160.40002,1160.40002
2008-07-02,1160.80005,1167,1160.80005,1167
2008-07-03,1167.59998,1173,1167.59998,1173
2008-07-04,1173,1173,1173,1173
2008-07-07,1158.5,1158.5,1158.5,1158.5
2008-07-08,1153.80005,1153.80005,1153.80005,1153.80005
2008-07-09,1152.59998,1152.59998,1152.59998,1152.59998
2008-07-10,1146.59998,1149.5,1146.59998,1149.5
2008-07-11,1143.40002,1152.80005,1143.40002,1152.80005
2008-07-14,1171.30005,1171.30005,1171.30005,1171.30005
2008-07-15,1167.19995,1177,1167.19995,1177
2008-07-16,1176.80005,1176.80005,1160.69995,1160.69995
2008-07-17,1159.40002,1159.40002,1159.40002,1159.40002
2008-07-18,1152.80005,1153.30005,1152.80005,1152.80005
2008-07-21,1154.19995,1154.19995,1154.19995,1154.19995
2008-07-22,1149.5,1151,1149.5,1151
2008-07-23,1161.5,1161.5,1161.5,1161.5
2008-07-24,1155.69995,1155.69995,1151.90002,1151.90002
2008-07-25,1151.90002,1168.30005,1151.90002,1168.30005
2008-07-28,1152.19995,1153.30005,1152.19995,1153.30005
2008-07-29,1153.19995,1162.19995,1153.19995,1162.19995
2008-07-30,1162.69995,1162.69995,1153.40002,1153.40002
2008-07-31,1152.30005,1152.69995,1152.30005,1152.69995
2008-08-01,1155,1155,1151.30005,1151.30005
2008-08-04,1152.19995,1154,1152.19995,1154
2008-08-05,1157.099976,1157.099976,1151.80005,1154.80005
2008-08-06,1152.80005,1182,1152.80005,1182
2008-08-07,1179.59998,1179.59998,1152.099976,1161.59998
2008-08-08,1168.80005,1168.80005,1150.40002,1156.40002
2008-08-11,1163.59998,1169.59998,1161.19995,1169.59998
2008-08-12,1180.099976,1180.099976,1149.40002,1149.69995
2008-08-13,1149.80005,1166.19995,1149.80005,1162.40002
2008-08-14,1164.69995,1164.69995,1150.19995,1158.59998
2008-08-15,1160.099976,1160.099976,1151.40002,1153
2008-08-18,1151.5,1153.19995,1149.80005,1153.19995
2008-08-19,1152.90002,1152.90002,1144.80005,1144.80005
2008-08-20,1147.80005,1150.59998,1147.80005,1148.80005
2008-08-21,1145.69995,1150.19995,1140.90002,1141.59998
2008-08-22,1142.59998,1163.80005,1142.59998,1163.80005
2008-08-25,1151.59998,1152.90002,1151.59998,1152.90002
2008-08-26,1151.40002,1151.40002,1146.90002,1146.90002
2008-08-27,1142.5,1150.59998,1142.5,1150.59998
2008-08-28,1147.90002,1154.30005,1147.90002,1154.30005
2008-08-29,1152.90002,1162.90002,1152.90002,1162.90002
2008-09-01,1147.5,1149.69995,1147.5,1149.69995
2008-09-02,1150,1150,1150,1150
2008-09-03,1146.5,1159.19995,1146.5,1159.19995
2008-09-04,1156.30005,1165,1156.30005,1165
2008-09-05,1163.69995,1163.69995,1163.69995,1163.69995
2008-09-08,1146,1155.59998,1146,1155.59998
2008-09-09,1154,1154,1151.19995,1151.19995
2008-09-10,1150.80005,1150.80005,1150.19995,1150.19995
2008-09-11,1151.69995,1151.69995,1151.69995,1151.69995
2008-09-12,1135.69995,1135.69995,1135.69995,1135.69995
2008-09-15,1140.80005,1140.80005,1140.80005,1140.80005
2008-09-16,1137.40002,1149.30005,1137.40002,1149.30005
2008-09-17,1141.69995,1141.69995,1141.69995,1141.69995
2008-09-18,1131.19995,1160.40002,1131.19995,1160.40002
2008-09-19,1166.19995,1166.19995,1166.19995,1166.19995
2008-09-22,1118.30005,1137.90002,1118.30005,1137.90002
2008-09-23,1135.5,1156.5,1135.5,1156.5
2008-09-24,1155.19995,1155.19995,1150.099976,1150.099976
2008-09-25,1147.30005,1151.40002,1147.30005,1151.40002
2008-09-26,1149.40002,1149.40002,1145.40002,1145.40002
2008-09-29,1147.40002,1147.40002,1147.40002,1147.40002
2008-09-30,1144.5,1164.69995,1144.5,1164.69995
2008-10-01,1165.40002,1187.5,1165.40002,1187.5
2008-10-02,1194.19995,1194.19995,1156.90002,1156.90002
2008-10-03,1155.69995,1158.099976,1155.69995,1158.099976
2008-10-06,1170.19995,1170.19995,1154.40002,1154.40002
2008-10-07,1153.30005,1153.30005,1153.30005,1153.30005
2008-10-08,1149.80005,1156.30005,1149.19995,1156.30005
2008-10-09,1157.90002,1159.19995,1152.19995,1159.19995
2008-10-10,1160.59998,1162.80005,1160.59998,1162.80005
2008-10-13,1176,1176.80005,1176,1176.80005
2008-10-14,1170.099976,1170.099976,1158.59998,1158.59998
2008-10-15,1164.69995,1171,1164.69995,1171
2008-10-16,1167.90002,1167.90002,1167.90002,1167.90002
2008-10-17,1147.5,1148.90002,1147.5,1147.5
2008-10-20,1143.099976,1161.5,1143.099976,1161.5
2008-10-21,1158.90002,1163.59998,1158.90002,1163.59998
2008-10-22,1166.099976,1166.099976,1153.69995,1153.69995
2008-10-23,1154.5,1154.5,1154.5,1154.5
2008-10-24,1147.19995,1148.30005,1147.19995,1148.30005
2008-10-27,1152.099976,1152.099976,1152.099976,1152.099976
2008-10-28,1158.80005,1158.80005,1158.80005,1158.80005
2008-10-29,1134.80005,1139,1134.80005,1139
2008-10-30,1121.30005,1169.5,1121.30005,1169.5
2008-10-31,1174.80005,1174.80005,1172.69995,1172.69995
2008-11-03,1170.80005,1192.80005,1170.80005,1192.80005
2008-11-04,1193.30005,1193.30005,1171.099976,1171.099976
2008-11-05,1155.59998,1173.5,1155.59998,1173.5
2008-11-06,1179.5,1190,1179.5,1190
2008-11-07,1191.80005,1191.80005,1179.90002,1179.90002
2008-11-10,1174.5,1189.80005,1174.5,1189.80005
2008-11-11,1193.90002,1217.80005,1193.90002,1217.80005
2008-11-12,1211.30005,1211.30005,1185.69995,1185.69995
2008-11-13,1183.40002,1183.40002,1183.40002,1183.40002
2008-11-14,1153.40002,1184.69995,1153.40002,1184.69995
2008-11-17,1174.099976,1174.099976,1173.5,1173.5
2008-11-18,1172,1172.80005,1172,1172.80005
2008-11-19,1173.59998,1191.40002,1173.59998,1191.40002
2008-11-20,1189.19995,1189.19995,1177,1185.30005
2008-11-21,1187,1187,1187,1187
2008-11-24,1173.099976,1173.80005,1170.30005,1170.30005
2008-11-25,1163,1183.099976,1163,1183.099976
2008-11-26,1184.59998,1187.5,1184.59998,1187.5
2008-11-27,1184.5,1184.5,1184.5,1184.5
2008-11-28,1179.19995,1187.80005,1179.19995,1187.80005
2008-12-01,1178.90002,1184.40002,1178.90002,1184.40002
2008-12-02,1185.19995,1185.19995,1185.19995,1185.19995
2008-12-03,1173.30005,1189.90002,1173.30005,1189.90002
2008-12-04,1190.30005,1197.40002,1190.30005,1190.30005
2008-12-05,1187.80005,1195.099976,1187.80005,1195.099976
2008-12-08,1184.90002,1191.90002,1184.90002,1191.90002
2008-12-09,1196.099976,1196.099976,1196.099976,1196.099976
2008-12-10,1191.5,1192.90002,1191.5,1192.90002
2008-12-11,1192.40002,1198.80005,1192.40002,1192.40002
2008-12-12,1187.30005,1189.5,1187.30005,1189.5
2008-12-15,1196.19995,1196.19995,1196.19995,1196.19995
2008-12-16,1175,1175,1175,1175
2008-12-17,1163.69995,1170.69995,1163.69995,1170.69995
2008-12-18,1170.69995,1237.80005,1170.69995,1237.80005
2008-12-19,1241.59998,1241.59998,1199.69995,1199.69995
2008-12-22,1190.69995,1195.80005,1190.69995,1195.80005
2008-12-23,1194.69995,1198.80005,1194.69995,1198.80005
2008-12-24,1197.099976,1197.099976,1197.099976,1197.099976
2008-12-25,1191.19995,1191.19995,1191.19995,1191.19995
2008-12-26,1190.30005,1190.30005,1190.30005,1190.30005
2008-12-29,1193.30005,1227,1193.30005,1227
2008-12-30,1214.59998,1214.59998,1196.80005,1196.80005
2008-12-31,1198.099976,1198.099976,1193.5,1193.5
2009-01-01,1194,1194,1194,1194
2009-01-02,1193.19995,1194.59998,1193.19995,1194.59998
2009-01-05,1193,1193.59998,1193,1193.59998
2009-01-06,1198.099976,1198.099976,1198.099976,1198.099976
2009-01-07,1184.59998,1193,1184.59998,1193
2009-01-08,1197.40002,1197.40002,1197.40002,1197.40002
2009-01-09,1187.90002,1215.80005,1187.90002,1215.80005
2009-01-12,1194.90002,1201.90002,1194.90002,1201.90002
2009-01-13,1203.69995,1205,1203.69995,1205
2009-01-14,1200.30005,1200.30005,1200.30005,1200.30005
2009-01-15,1199.59998,1199.59998,1199.5,1199.5
2009-01-16,1195.30005,1195.30005,1195.19995,1195.19995
2009-01-19,1194.90002,1211.30005,1194.90002,1211.30005
2009-01-20,1214.5,1214.5,1214.5,1214.5
2009-01-21,1202.099976,1202.099976,1202.099976,1202.099976
2009-01-22,1192.30005,1195.30005,1192.30005,1195.30005
2009-01-23,1197.80005,1197.80005,1197.80005,1197.80005
2009-01-26,1198.90002,1198.90002,1198.90002,1198.90002
2009-01-27,1182,1198.59998,1182,1198.59998
2009-01-28,1199.40002,1209.80005,1198.90002,1209.80005
2009-01-29,1213.5,1216.80005,1213.5,1216.80005
2009-01-30,1219.90002,1219.90002,1219.90002,1219.90002
2009-02-02,1200.19995,1200.19995,1200.19995,1200.19995
2009-02-03,1194.30005,1198.80005,1194.30005,1198.80005
2009-02-04,1185.80005,1199,1185.80005,1199
2009-02-05,1202.30005,1202.30005,1202.30005,1202.30005
2009-02-06,1196.80005,1196.80005,1196.80005,1196.80005
2009-02-09,1189.69995,1189.69995,1189.69995,1189.69995
2009-02-10,1201.19995,1201.19995,1201.19995,1201.19995
2009-02-11,1189.099976,1189.099976,1189.099976,1189.099976
2009-02-12,1192.80005,1192.80005,1192.80005,1192.80005
2009-02-13,1184.30005,1189,1184.30005,1189
2009-02-16,1189.099976,1189.099976,1189.099976,1189.099976
2009-02-17,1196.5,1196.5,1196.5,1196.5
2009-02-18,1191.90002,1191.90002,1191.90002,1191.90002
2009-02-19,1191.69995,1191.69995,1191.69995,1191.69995
2009-02-20,1191.80005,1191.80005,1191.80005,1191.80005
2009-02-23,1194.80005,1194.80005,1194.80005,1194.80005
2009-02-24,1206,1206,1206,1206
2009-02-25,1187.40002,1193,1187.40002,1193
2009-02-26,1196.90002,1196.90002,1196.90002,1196.90002
2009-02-27,1199.19995,1199.19995,1199.19995,1199.19995
2009-03-02,1194.30005,1194.30005,1194.30005,1194.30005
2009-03-03,1195,1195,1195,1195
2009-03-04,1191.099976,1191.099976,1191.099976,1191.099976
2009-03-05,1185,1195.40002,1185,1195.40002
2009-03-06,1195,1195.30005,1195,1195.30005
2009-03-09,1195,1195,1195,1195
2009-03-10,1190.19995,1195.5,1190.19995,1195.5
2009-03-11,1195.099976,1195.30005,1195.099976,1195.30005
2009-03-12,1194.30005,1195,1194.30005,1195
2009-03-13,1186.19995,1194.69995,1186.19995,1194.69995
2009-03-16,1182.69995,1201.59998,1182.69995,1201.59998
2009-03-17,1199.099976,1199.099976,1199.099976,1199.099976
2009-03-18,1192.80005,1195.30005,1192.80005,1195.30005
2009-03-19,1157.30005,1196.5,1157.30005,1196.5
2009-03-20,1192.5,1194.19995,1192.5,1194.19995
2009-03-23,1183.30005,1195.5,1183.30005,1195.5
2009-03-24,1193.5,1195.099976,1193.5,1195.099976
2009-03-25,1204,1204,1204,1204
2009-03-26,1185.099976,1194.80005,1185.099976,1194.80005
2009-03-27,1199.59998,1199.59998,1199.59998,1199.59998
2009-03-30,1192.59998,1192.59998,1192.59998,1192.59998
2009-03-31,1191.30005,1195.40002,1191.30005,1195.40002
2009-04-01,1205.099976,1205.099976,1205.099976,1205.099976
2009-04-02,1195.40002,1195.40002,1195.40002,1195.40002
2009-04-03,1185.099976,1194.90002,1185.099976,1194.90002
2009-04-06,1195.59998,1195.59998,1195.59998,1195.59998
2009-04-07,1212.40002,1212.40002,1212.40002,1212.40002
2009-04-08,1194.80005,1195.59998,1194.80005,1195.59998
2009-04-09,1195.30005,1195.5,1195.30005,1195.5
2009-04-10,1209.099976,1210.19995,1209.099976,1210.19995
2009-04-14,1188.80005,1193.19995,1188.80005,1193.19995
2009-04-15,1193.90002,1193.90002,1193.90002,1193.90002
2009-04-16,1194.90002,1194.90002,1194.90002,1194.90002
2009-04-17,1189.099976,1190.80005,1189.099976,1190.80005
2009-04-20,1199.40002,1199.40002,1199.40002,1199.40002
2009-04-21,1196.5,1196.5,1196.5,1196.5
2009-04-22,1191.80005,1191.80005,1191.80005,1191.80005
2009-04-23,1184.59998,1191,1184.59998,1191
2009-04-24,1184.59998,1191.40002,1184.59998,1191.40002
2009-04-27,1189.80005,1189.80005,1189.80005,1189.80005
2009-04-28,1190.19995,1190.19995,1190.19995,1190.19995
2009-04-29,1179.30005,1192.69995,1179.30005,1192.69995
2009-04-30,1191.69995,1191.69995,1191.69995,1191.69995
2009-05-01,1193.099976,1193.69995,1193.099976,1193.69995
2009-05-04,1191.19995,1191.19995,1191.19995,1191.19995
2009-05-05,1178.40002,1190.69995,1178.40002,1190.69995
2009-05-06,1191.59998,1191.59998,1191.59998,1191.59998
2009-05-07,1191.80005,1191.80005,1191.69995,1191.69995
2009-05-08,1188.40002,1190.59998,1188.40002,1190.59998
2009-05-11,1191.69995,1191.69995,1191.69995,1191.69995
2009-05-12,1192.90002,1192.90002,1192.90002,1192.90002
2009-05-13,1191,1196.90002,1191,1196.90002
2009-05-14,1191.80005,1191.80005,1191.80005,1191.80005
2009-05-15,1191.40002,1191.40002,1191.40002,1191.40002
2009-05-18,1191.80005,1191.90002,1191.80005,1191.80005
2009-05-19,1191.90002,1191.90002,1191.90002,1191.90002
2009-05-20,1192.80005,1192.80005,1192.80005,1192.80005
2009-05-21,1181.30005,1182.099976,1181.30005,1182.099976
2009-05-22,1193.40002,1193.40002,1193.40002,1193.40002
2009-05-25,1192.90002,1192.90002,1192.69995,1192.69995
2009-05-26,1191.5,1191.5,1191.5,1191.5
2009-05-27,1193,1193,1193,1193
2009-05-28,1192.59998,1192.59998,1192.59998,1192.59998
2009-05-29,1190.5,1190.5,1190.5,1190.5
2009-06-02,1193.40002,1193.40002,1193.40002,1193.40002
2009-06-03,1192.40002,1192.40002,1192.40002,1192.40002
2009-06-04,1194.80005,1194.80005,1194.80005,1194.80005
2009-06-05,1191.19995,1193.099976,1191.19995,1193.099976
2009-06-08,1192.19995,1192.19995,1192.19995,1192.19995
2009-06-09,1192.59998,1192.59998,1192.59998,1192.59998
2009-06-10,1193,1193,1193,1193
2009-06-11,1193.5,1193.5,1193.5,1193.5
2009-06-12,1193,1193,1193,1193
2009-06-15,1195.5,1195.5,1195.5,1195.5
2009-06-16,1192.099976,1192.099976,1192.099976,1192.099976
2009-06-17,1192.69995,1192.69995,1192.69995,1192.69995
2009-06-18,1183.099976,1195.80005,1181.19995,1195.5
2009-06-19,1192.5,1192.5,1192.5,1192.5
2009-06-22,1192.69995,1192.69995,1192.69995,1192.69995
2009-06-23,1192.40002,1192.69995,1192.40002,1192.69995
2009-06-24,1182.80005,1192.40002,1182.5,1192.40002
2009-06-25,1203.80005,1204.099976,1192.59998,1192.59998
2009-06-26,1183.59998,1192.19995,1183.59998,1192.19995
2009-06-29,1193.69995,1193.69995,1191.19995,1191.19995
2009-06-30,1193,1193,1193,1193
2009-07-01,1193.099976,1193.099976,1193.099976,1193.099976
2009-07-02,1188,1194.40002,1182.5,1192.90002
2009-07-03,1191.099976,1191.099976,1191.099976,1191.099976
2009-07-06,1190,1190,1190,1190
2009-07-07,1191.099976,1191.099976,1191.099976,1191.099976
2009-07-08,1188.69995,1188.69995,1188.59998,1188.59998
2009-07-09,1192.5,1192.5,1188.30005,1188.30005
2009-07-10,1187.80005,1187.90002,1187.80005,1187.90002
2009-07-13,1189,1189.69995,1188.30005,1188.30005
2009-07-14,1188.30005,1188.30005,1187.5,1187.5
2009-07-15,1188.69995,1188.69995,1188.69995,1188.69995
2009-07-16,1186.90002,1189.5,1185.19995,1185.69995
2009-07-17,1187.90002,1187.90002,1187.90002,1187.90002
2009-07-20,1188.80005,1188.80005,1188.80005,1188.80005
2009-07-21,1188.69995,1188.69995,1188.69995,1188.69995
2009-07-22,1188.90002,1210.19995,1188.90002,1210.19995
2009-07-23,1212.59998,1212.59998,1212.59998,1212.59998
2009-07-24,1208,1218.59998,1208,1212.80005
2009-07-27,1212.69995,1212.69995,1212.69995,1212.69995
2009-07-28,1212.69995,1212.69995,1212.69995,1212.69995
2009-07-29,1223,1223,1212.5,1212.5
2009-07-30,1212.80005,1212.80005,1212.80005,1212.80005
2009-07-31,1211,1213.099976,1211,1213.099976
2009-08-03,1212.5,1212.5,1212.5,1212.5
2009-08-04,1212.69995,1212.69995,1212.69995,1212.69995
2009-08-05,1211.5,1211.5,1211.5,1211.5
2009-08-06,1211.90002,1213.40002,1211.90002,1213.40002
2009-08-07,1187.69995,1187.69995,1187.69995,1187.69995
2009-08-10,1187.59998,1187.59998,1187.59998,1187.59998
2009-08-11,1187.59998,1187.59998,1186.5,1186.5
2009-08-12,1189,1189,1187.30005,1187.30005
2009-08-13,1182.90002,1187.40002,1182.90002,1187.40002
2009-08-14,1185.59998,1185.59998,1185.59998,1185.59998
2009-08-17,1186.80005,1186.80005,1186.80005,1186.80005
2009-08-18,1210.69995,1210.69995,1210.5,1210.5
2009-08-19,1206.099976,1210.099976,1199.40002,1199.40002
2009-08-20,1200.40002,1217.30005,1200.40002,1217.30005
2009-08-21,1215.69995,1215.69995,1215.69995,1215.69995
2009-08-24,1215.40002,1216.59998,1215.40002,1216.59998
2009-08-25,1215,1215,1215,1215
2009-08-26,1214.80005,1215.5,1214.80005,1215.5
2009-08-27,1219.90002,1219.90002,1216.19995,1216.19995
2009-08-28,1215.30005,1215.30005,1215.30005,1215.30005
2009-08-31,1216.30005,1216.30005,1216.30005,1216.30005
2009-09-01,1211.40002,1215.5,1211.40002,1215.5
2009-09-02,1210.69995,1210.69995,1210.69995,1210.69995
2009-09-03,1211.69995,1211.69995,1211.69995,1211.69995
2009-09-04,1209.69995,1209.69995,1209.69995,1209.69995
2009-09-07,1203.90002,1211.59998,1203.90002,1211.59998
2009-09-08,1211.69995,1211.69995,1211.69995,1211.69995
2009-09-09,1211.30005,1211.30005,1211.30005,1211.30005
2009-09-10,1210.90002,1210.90002,1207.30005,1207.40002
2009-09-11,1211.80005,1211.80005,1211.80005,1211.80005
2009-09-14,1211.69995,1211.69995,1211.69995,1211.69995
2009-09-15,1211,1211,1206.69995,1210.40002
2009-09-16,1210.80005,1210.80005,1210.80005,1210.80005
2009-09-17,1210.90002,1210.90002,1209.90002,1209.90002
2009-09-18,1210.80005,1210.80005,1210.80005,1210.80005
2009-09-21,1211.80005,1211.80005,1209.30005,1209.30005
2009-09-22,1212.30005,1212.30005,1212.30005,1212.30005
2009-09-23,1212.19995,1220.90002,1212,1220.90002
2009-09-24,1221.90002,1231.30005,1221.90002,1231.30005
2009-09-25,1221.40002,1221.90002,1221.40002,1221.90002
2009-09-28,1221.80005,1222.5,1221.80005,1222.5
2009-09-29,1221.19995,1221.19995,1218.40002,1218.40002
2009-09-30,1222.19995,1222.19995,1222.19995,1222.19995
2009-10-01,1221.19995,1221.80005,1220.59998,1221.59998
2009-10-02,1218.19995,1218.19995,1217.30005,1217.30005
2009-10-05,1221.099976,1221.099976,1221.099976,1221.099976
2009-10-06,1219.19995,1221.099976,1219.19995,1220.90002
2009-10-07,1221.5,1221.5,1221.5,1221.5
2009-10-08,1221.30005,1221.30005,1221.30005,1221.30005
2009-10-09,1221.69995,1221.69995,1204.40002,1204.40002
2009-10-12,1205.59998,1205.59998,1205.59998,1205.59998
2009-10-13,1204.80005,1204.80005,1203.40002,1203.40002
2009-10-14,1205.59998,1205.59998,1205.59998,1205.59998
2009-10-15,1205.90002,1205.90002,1205.90002,1205.90002
2009-10-16,1206.90002,1206.90002,1206.90002,1206.90002
2009-10-19,1205.59998,1205.59998,1205.59998,1205.59998
2009-10-20,1205.80005,1205.80005,1205.80005,1205.80005
2009-10-21,1206.099976,1206.099976,1206.099976,1206.099976
2009-10-22,1205.69995,1205.69995,1205.69995,1205.69995
2009-10-23,1205.69995,1208.40002,1205.69995,1208.40002
2009-10-26,1205.5,1205.5,1205.5,1205.5
2009-10-27,1206.40002,1206.40002,1206.40002,1206.40002
2009-10-28,1211.40002,1211.40002,1205.5,1210.30005
2009-10-29,1210.40002,1212,1196.30005,1196.30005
2009-10-30,1205.30005,1211.69995,1205.30005,1211.69995
2009-11-02,1205.80005,1205.90002,1205.80005,1205.90002
2009-11-03,1204.5,1205.19995,1204.5,1204.80005
2009-11-04,1195.30005,1195.30005,1195.30005,1195.30005
2009-11-05,1206.30005,1206.30005,1206.30005,1206.30005
2009-11-06,1205.90002,1205.90002,1205.90002,1205.90002
2009-11-09,1205.69995,1205.69995,1205.69995,1205.69995
2009-11-10,1205.40002,1205.40002,1205.40002,1205.40002
2009-11-11,1205.69995,1205.69995,1205.69995,1205.69995
2009-11-12,1206.40002,1206.40002,1206.40002,1206.40002
2009-11-13,1205.40002,1205.40002,1203.90002,1203.90002
2009-11-16,1206.19995,1206.19995,1206.19995,1206.19995
2009-11-17,1206.80005,1207.80005,1206.80005,1207.80005
2009-11-18,1206.19995,1206.59998,1206.19995,1206.59998
2009-11-19,1206.80005,1206.80005,1206.80005,1206.80005
2009-11-20,1207.80005,1207.80005,1207.80005,1207.80005
2009-11-23,1205.40002,1205.40002,1205.40002,1205.40002
2009-11-24,1216.80005,1216.80005,1216.80005,1216.80005
2009-11-25,1217.59998,1217.59998,1216.69995,1216.69995
2009-11-26,1212.90002,1217.5,1212.90002,1217.5
2009-11-27,1217.30005,1217.30005,1217.30005,1217.30005
2009-11-30,1216.40002,1216.40002,1216.40002,1216.40002
2009-12-01,1216.80005,1216.80005,1215.099976,1215.19995
2009-12-02,1216.40002,1219.30005,1216.30005,1219.30005
2009-12-03,1216.5,1216.5,1216.5,1216.5
2009-12-04,1221.5,1221.5,1221.5,1221.5
2009-12-07,1237.19995,1237.19995,1221.40002,1221.40002
2009-12-08,1220.80005,1220.80005,1220.80005,1220.80005
2009-12-09,1220.5,1220.5,1220.5,1220.5
2009-12-10,1221.099976,1221.099976,1221.099976,1221.099976
2009-12-11,1221.59998,1234.30005,1221.59998,1234.30005
2009-12-14,1221.30005,1221.30005,1221.30005,1221.30005
2009-12-15,1220.099976,1220.099976,1220.099976,1220.099976
2009-12-16,1220.5,1220.5,1220.5,1220.5
2009-12-17,1220.59998,1220.59998,1220.59998,1220.59998
2009-12-18,1220.59998,1220.59998,1220.59998,1220.59998
2009-12-21,1221.19995,1221.19995,1221.19995,1221.19995
2009-12-22,1226.40002,1226.40002,1219.30005,1219.30005
2009-12-23,1221,1221,1220.69995,1220.69995
2009-12-24,1219.90002,1219.90002,1219.90002,1219.90002
2009-12-28,1220.099976,1220.099976,1220.099976,1220.099976
2009-12-29,1221.5,1221.5,1221.5,1221.5
2009-12-30,1231.099976,1231.099976,1219.30005,1219.30005
2009-12-31,1220,1220,1220,1220
2010-01-04,1229.90002,1230.099976,1218.80005,1218.80005
2010-01-05,1220.19995,1220.19995,1220.19995,1220.19995
2010-01-06,1221.59998,1226.5,1220.80005,1220.90002
2010-01-07,1214.69995,1221.19995,1214.69995,1220.40002
2010-01-08,1221.69995,1221.69995,1221.69995,1221.69995
2010-01-11,1221.19995,1221.19995,1221.19995,1221.19995
2010-01-12,1221.099976,1221.099976,1221.099976,1221.099976
2010-01-13,1221.40002,1221.40002,1221.40002,1221.40002
2010-01-14,1220.69995,1221.80005,1220.69995,1221.80005
2010-01-15,1221.40002,1221.40002,1221.40002,1221.40002
2010-01-18,1221.5,1221.5,1221.5,1221.5
2010-01-19,1220.69995,1220.69995,1220.69995,1220.69995
2010-01-20,1221.30005,1221.30005,1221.30005,1221.30005
2010-01-21,1222.69995,1222.69995,1220.30005,1220.30005
2010-01-22,1217.5,1220.59998,1217.5,1220.59998
2010-01-25,1216.59998,1223.40002,1216.59998,1222.5
2010-01-26,1221.19995,1221.19995,1221.19995,1221.19995
2010-01-27,1220.099976,1220.099976,1220.099976,1220.099976
2010-01-28,1214.30005,1214.30005,1214.30005,1214.30005
2010-01-29,1204.80005,1204.80005,1204.80005,1204.80005
2010-02-01,1207.5,1207.5,1207.5,1207.5
2010-02-02,1207.90002,1207.90002,1207.80005,1207.80005
2010-02-03,1207,1207.90002,1207,1207.90002
2010-02-04,1207.099976,1207.099976,1207.099976,1207.099976
2010-02-05,1206.90002,1206.90002,1206.90002,1206.90002
2010-02-08,1207.69995,1207.69995,1207.69995,1207.69995
2010-02-09,1203.80005,1203.80005,1203.80005,1203.80005
2010-02-10,1203.90002,1203.90002,1203.90002,1203.90002
2010-02-11,1204.90002,1204.90002,1204.90002,1204.90002
2010-02-12,1204.69995,1204.69995,1204.69995,1204.69995
2010-02-15,1205.19995,1205.19995,1205.19995,1205.19995
2010-02-16,1205,1205,1205,1205
2010-02-17,1204.5,1204.5,1204.5,1204.5
2010-02-18,1204.19995,1204.19995,1204,1204
2010-02-19,1204,1204,1203.5,1203.5
2010-02-22,1208.80005,1208.80005,1208.80005,1208.80005
2010-02-23,1206.099976,1207,1206.099976,1207
2010-02-24,1206.80005,1206.80005,1205.099976,1206.5
2010-02-25,1207.69995,1207.69995,1207.69995,1207.69995
2010-02-26,1202.80005,1202.80005,1202.80005,1202.80005
2010-03-01,1203.5,1209.40002,1203.5,1209.40002
2010-03-02,1203.69995,1203.69995,1203.69995,1203.69995
2010-03-03,1205.19995,1205.19995,1205.19995,1205.19995
2010-03-04,1203.80005,1203.80005,1203.80005,1203.80005
2010-03-05,1205.099976,1205.099976,1205.099976,1205.099976
2010-03-08,1204.59998,1204.59998,1204.59998,1204.59998
2010-03-09,1207.40002,1209.69995,1207.40002,1209.69995
2010-03-10,1209.40002,1209.40002,1209.40002,1209.40002
2010-03-11,1209.40002,1209.40002,1209.40002,1209.40002
2010-03-12,1210.5,1210.5,1210.5,1210.5
2010-03-15,1204.30005,1204.30005,1204.30005,1204.30005
2010-03-16,1203.90002,1203.90002,1203.90002,1203.90002
2010-03-17,1204.19995,1204.19995,1204.19995,1204.19995
2010-03-18,1209.30005,1209.30005,1203.80005,1203.80005
2010-03-19,1205.59998,1205.59998,1205.59998,1205.59998
2010-03-22,1203.69995,1203.69995,1203.69995,1203.69995
2010-03-23,1199.90002,1203.5,1199.90002,1203.5
2010-03-24,1208.69995,1208.69995,1208.69995,1208.69995
2010-03-25,1210,1211.30005,1209,1209
2010-03-26,1204,1204,1204,1204
2010-03-29,1208.5,1208.5,1208.5,1208.5
2010-03-30,1208.099976,1209.30005,1208.099976,1209.30005
2010-03-31,1208.59998,1208.59998,1200,1200
2010-04-01,1209.19995,1209.19995,1200,1200
2010-04-02,1202.099976,1205,1202.099976,1205
2010-04-05,1209.90002,1209.90002,1200,1201
2010-04-06,1215.40002,1215.40002,1200,1200
2010-04-07,1203.80005,1205,1200,1200
2010-04-08,1205.19995,1206,1203.59998,1205
2010-04-09,1208.80005,1208.80005,1205,1206
2010-04-12,1209.59998,1210.90002,1205,1210.90002
2010-04-13,1211.59998,1211.59998,1205,1206
2010-04-14,1214.69995,1214.69995,1205,1205
2010-04-15,1214.5,1214.5,1205,1206
2010-04-16,1214.59998,1217.90002,1205,1217.90002
2010-04-19,1215.30005,1215.30005,1205,1205
2010-04-20,1215.19995,1215.19995,1205,1205
2010-04-21,1214.19995,1214.19995,1205,1205
2010-04-22,1213.69995,1213.69995,1205,1205
2010-04-23,1200,1208.80005,1200,1200
2010-04-26,1209,1209,1205,1205
2010-04-27,1213.59998,1213.59998,1205,1209
2010-04-28,1225.40002,1225.40002,1200,1200
2010-04-29,1209.19995,1209.19995,1200,1200
2010-04-30,1206.40002,1206.40002,1200,1200
2010-05-03,1208.69995,1208.69995,1200,1205
2010-05-04,1207.59998,1207.59998,1200,1200
2010-05-05,1209,1209,1205,1205
2010-05-06,1213.80005,1213.80005,1210,1210
2010-05-07,1209.80005,1209.80005,1205,1205
2010-05-10,1208.80005,1208.80005,1206,1206
2010-05-11,1207.59998,1207.59998,1205,1206
2010-05-12,1213,1213,1205,1205
2010-05-13,1212,1212,1205,1205
2010-05-14,1211.69995,1211.69995,1205,1205
2010-05-17,1211.59998,1213.80005,1205,1213.80005
2010-05-18,1207,1207,1205,1205
2010-05-19,1206.19995,1206.19995,1183.30005,1183.40002
2010-05-20,1207.099976,1207.099976,1205,1206
2010-05-21,1190.099976,1210,1190.099976,1210
2010-05-24,1211.30005,1211.30005,1205,1206
2010-05-25,1207.80005,1207.80005,1205,1206
2010-05-26,1206.099976,1207,1205,1207
2010-05-27,1219.099976,1219.099976,1205,1206
2010-05-28,1207.40002,1211.69995,1207.40002,1211.69995
2010-05-31,1206.30005,1206.30005,1206.30005,1206.30005
2010-06-01,1204.59998,1206,1204.59998,1206
2010-06-02,1205.90002,1210,1205,1210
2010-06-03,1211.40002,1211.40002,1205,1206
2010-06-04,1215.30005,1215.30005,1200,1200
2010-06-07,1205.90002,1206,1205,1205
2010-06-08,1208.40002,1210,1205,1205
2010-06-09,1205.5,1211,1205.5,1211
2010-06-10,1207,1207,1207,1207
2010-06-11,1207,1210,1207,1210
2010-06-14,1211.59998,1211.59998,1211,1211
2010-06-15,1210.59998,1215,1210,1215
2010-06-16,1215.30005,1215.30005,1210,1211
2010-06-17,1206.30005,1210,1206.30005,1208
2010-06-18,1210,1210,1210,1210
2010-06-21,1211.5,1215,1210,1211
2010-06-22,1211.5,1211.5,1210,1211
2010-06-23,1210,1211,1206.80005,1211
2010-06-24,1207.40002,1210,1207.40002,1210
2010-06-25,1200.19995,1211,1200.19995,1210
2010-06-28,1207.30005,1207.30005,1205,1206
2010-06-29,1205.40002,1206,1205,1206
2010-06-30,1206,1206,1205,1205
2010-07-01,1205,1206,1205,1206
2010-07-02,1187,1206,1187,1206
2010-07-05,1206.30005,1206.30005,1206.30005,1206.30005
2010-07-06,1206.40002,1206.40002,1205,1206
2010-07-07,1206.40002,1206.40002,1205,1205
2010-07-08,1205.099976,1206,1205.099976,1206
2010-07-09,1206.30005,1206.30005,1206.30005,1206.30005
2010-07-12,1206,1206,1205,1205
2010-07-13,1205.40002,1206,1205,1205
2010-07-14,1192.099976,1206.69995,1192.099976,1205
2010-07-15,1208.40002,1208.40002,1205,1205
2010-07-16,1198.80005,1206,1198.80005,1206
2010-07-19,1206.40002,1206.40002,1205,1205
2010-07-20,1205.40002,1206,1205,1205
2010-07-21,1205.40002,1206,1205,1205
2010-07-22,1206,1206,1206,1206
2010-07-23,1206.19995,1206.19995,1205,1205
2010-07-26,1205.80005,1205.80005,1205.80005,1205.80005
2010-07-27,1208.59998,1208.59998,1208.59998,1208.59998
2010-07-28,1208.90002,1208.90002,1206,1206
2010-07-29,1209.90002,1209.90002,1205,1206
2010-07-30,1209.59998,1209.59998,1205,1206
2010-08-02,1206.099976,1206.099976,1205,1205
2010-08-03,1206.59998,1206.59998,1205,1205
2010-08-04,1206.5,1206.5,1205,1206
2010-08-05,1206.099976,1206.099976,1205,1205
2010-08-09,1206.5,1206.5,1205,1205
2010-08-10,1206,1206,1205,1205
2010-08-11,1206.19995,1206.19995,1205,1205
2010-08-12,1206,1206,1204,1204
2010-08-13,1208.59998,1208.59998,1205,1205
2010-08-16,1205.30005,1205.30005,1205.30005,1205.30005
2010-08-17,1206.099976,1206.099976,1206.099976,1206.099976
2010-08-18,1205.59998,1205.59998,1205.59998,1205.59998
2010-08-19,1205.5,1205.5,1205.5,1205.5
2010-08-20,1204.69995,1204.69995,1204.69995,1204.69995
2010-08-23,1206.5,1206.5,1206.5,1206.5
2010-08-24,1212.19995,1212.5,1205.40002,1205.40002
2010-08-25,1205.80005,1205.80005,1205.80005,1205.80005
2010-08-26,1205.80005,1205.80005,1205.80005,1205.80005
2010-08-27,1205.19995,1205.19995,1205.19995,1205.19995
2010-08-30,1205.099976,1205.099976,1205.099976,1205.099976
2010-08-31,1205.5,1205.5,1205.5,1205.5
2010-09-01,1205.69995,1205.69995,1205,1205
2010-09-02,1204.59998,1206,1204.59998,1205
2010-09-03,1205.59998,1206,1205,1205
2010-09-06,1206.5,1206.5,1206.5,1206.5
2010-09-07,1206.40002,1206.40002,1205,1205
2010-09-08,1205.30005,1206,1205,1205
2010-09-09,1206,1206,1206,1206
2010-09-10,1206,1206,1205,1205
2010-09-13,1198.30005,1206,1198.30005,1205
2010-09-14,1205.90002,1206,1205,1206
2010-09-15,1205.59998,1206,1205,1205
2010-09-16,1206.69995,1206.69995,1205,1205
2010-09-17,1205.80005,1206,1205,1205
2010-09-20,1206.30005,1206.30005,1205,1205
2010-09-21,1206.30005,1206.30005,1205,1205
2010-09-22,1207.40002,1207.40002,1205,1206
2010-09-23,1206.59998,1206.59998,1205,1206
2010-09-24,1205,1206.69995,1200,1206
2010-09-27,1199.40002,1206,1199.40002,1206
2010-09-28,1199.19995,1205,1199.19995,1205
2010-09-29,1203.5,1206,1203.5,1205
2010-09-30,1204,1204,1204,1204
2010-10-04,1204.90002,1206,1204.90002,1206
2010-10-05,1210.59998,1210.59998,1205,1206
2010-10-06,1211.19995,1211.19995,1205,1206
2010-10-07,1211.59998,1211.59998,1205,1205
2010-10-08,1210.099976,1210.099976,1205,1206
2010-10-11,1205.40002,1209.5,1205,1209.5
2010-10-12,1204.099976,1206,1204.099976,1206
2010-10-13,1208,1208,1205,1205
2010-10-14,1210.5,1210.5,1205,1205
2010-10-15,1211.59998,1211.59998,1205,1205
2010-10-18,1207.19995,1207.19995,1201.30005,1205
2010-10-19,1211.59998,1211.59998,1205,1206
2010-10-20,1207.69995,1207.69995,1205,1206
2010-10-21,1207.90002,1207.90002,1205,1206
2010-10-22,1211.59998,1211.59998,1205,1205
2010-10-25,1207.19995,1207.19995,1152.5,1206
2010-10-26,1208.19995,1208.19995,1205,1206
2010-10-27,1211.30005,1211.30005,1205,1210
2010-10-28,1205.5,1216,1205.5,1215
2010-10-29,1210.40002,1216,1210.40002,1216
2010-11-01,1211.099976,1216,1211.099976,1216
2010-11-02,1210.69995,1216,1210.69995,1216
2010-11-03,1211.30005,1216,1211.30005,1215
2010-11-04,1204.69995,1216,1201.099976,1215
2010-11-05,1209.5,1220,1209.5,1220
2010-11-08,1212.59998,1218,1210.90002,1215
2010-11-09,1211.19995,1216,1210,1210
2010-11-10,1208.69995,1211,1208.69995,1210
2010-11-11,1211,1211,1209,1210
2010-11-12,1211.59998,1211.59998,1211,1211
2010-11-15,1213.30005,1213.30005,1210,1211
2010-11-16,1210.30005,1210.30005,1210,1210
2010-11-17,1218.90002,1220.19995,1211.5,1211.5
2010-11-18,1209.099976,1211,1209.099976,1211
2010-11-19,1209.80005,1216,1209.80005,1215
2010-11-22,1212.59998,1216,1212.59998,1215
2010-11-23,1210.80005,1216,1210.80005,1216
2010-11-24,1215,1216,1210.5,1215
2010-11-25,1211.40002,1211.40002,1211.40002,1211.40002
2010-11-26,1211.69995,1216,1211.69995,1216
2010-11-29,1211.099976,1216,1211.099976,1215
2010-11-30,1212.40002,1216,1212.40002,1215
2010-12-02,1212.40002,1215,1210,1210
2010-12-03,1212,1215,1210,1215
2010-12-06,1210,1216,1210,1215
2010-12-07,1211.099976,1215,1210,1215
2010-12-08,1212.40002,1215,1210,1215
2010-12-09,1211.90002,1212,1210,1210
2010-12-10,1208.5,1211,1207.40002,1210
2010-12-13,1208.90002,1212,1205,1210
2010-12-14,1209.19995,1209.19995,1200,1200
2010-12-15,1203.90002,1205,1200,1200
2010-12-16,1212,1212,1205,1205
2010-12-17,1213,1213,1200,1205
2010-12-20,1211,1216,1211,1215
2010-12-21,1211.19995,1220,1210,1220
2010-12-22,1213.5,1222,1212.80005,1220
2010-12-23,1213.30005,1218,1213.30005,1218
2010-12-24,1210.19995,1215,1210.19995,1215
2010-12-27,1208.099976,1220,1208.099976,1220
2010-12-28,1213,1218,1213,1218
2010-12-29,1211.19995,1220,1211.19995,1220
2010-12-30,1212.80005,1212.80005,1205,1205
2010-12-31,1198.19995,1206,1198.19995,1205
2011-01-03,1212.90002,1212.90002,1200,1200
2011-01-04,1212,1212,1200,1200
2011-01-05,1198.30005,1201,1198.30005,1200
2011-01-06,1210.90002,1210.90002,1200,1200
2011-01-07,1211.40002,1211.40002,1211.40002,1211.40002
2011-01-10,1212.30005,1212.30005,1200,1200
2011-01-11,1198.19995,1205,1196.40002,1196.40002
2011-01-12,1194.80005,1205,1194.80005,1200
2011-01-13,1212.59998,1212.59998,1205,1205
2011-01-14,1208.5,1208.5,1200,1205
2011-01-17,1208.69995,1208.69995,1200,1205
2011-01-18,1208.30005,1208.30005,1200,1200
2011-01-19,1204.19995,1205,1200,1200
2011-01-21,1212.40002,1212.40002,1194.30005,1195.099976
2011-01-24,1203.5,1205,1200,1205
2011-01-25,1207.19995,1207.19995,1200,1200
2011-01-26,1213,1213.69995,1200.90002,1212
2011-01-27,1211.099976,1211.099976,1211.099976,1211.099976
2011-01-28,1212.69995,1212.69995,1212.69995,1212.69995
2011-01-31,1213.5,1213.5,1208,1208
2011-02-01,1210.90002,1214,1210,1213
2011-02-02,1211.90002,1212,1211.90002,1212
2011-02-03,1211.30005,1212.099976,1210,1210
2011-02-04,1208.80005,1213,1208.80005,1213
2011-02-07,1211.80005,1212,1207.80005,1207.80005
2011-02-08,1211.69995,1215,1211.69995,1215
2011-02-09,1209,1216,1209,1215
2011-02-10,1210,1216,1210,1215
2011-02-11,1209.099976,1216,1209.099976,1215
2011-02-14,1212.69995,1216,1212.69995,1215
2011-02-15,1208.69995,1216,1208.69995,1216
2011-02-16,1214.099976,1216,1214.099976,1216
2011-02-17,1212.69995,1215,1212.69995,1215
2011-02-18,1208.59998,1216,1208.59998,1215
2011-02-21,1213.19995,1216,1213.19995,1216
2011-02-22,1212.80005,1216,1212.80005,1216
2011-02-23,1209,1216,1209,1216
2011-02-24,1211.099976,1216,1211.099976,1215
2011-02-25,1208.5,1216,1208.5,1215
2011-02-28,1209.59998,1216,1209.59998,1216
2011-03-01,1213.80005,1215,1213.80005,1215
2011-03-02,1213.099976,1216,1213.099976,1215
2011-03-03,1214.5,1214.5,1210,1210
2011-03-04,1215,1216,1214.40002,1215
2011-03-07,1215,1216,1215,1216
2011-03-08,1219.80005,1219.80005,1215,1215
2011-03-09,1213.69995,1216,1213.69995,1216
2011-03-10,1214.19995,1215,1213.80005,1215
2011-03-11,1214.40002,1216,1214.40002,1215
2011-03-14,1214.59998,1216,1214.59998,1215
2011-03-15,1214.099976,1216,1214.099976,1215
2011-03-16,1214.40002,1214.40002,1210,1210
2011-03-17,1214.40002,1214.40002,1210,1210
2011-03-18,1215.30005,1215.30005,1210,1210
2011-03-21,1211.30005,1213.80005,1210,1210.69995
2011-03-22,1207.90002,1218.30005,1207.90002,1212
2011-03-23,1214.19995,1216.099976,1210,1212
2011-03-24,1214.30005,1214.30005,1210,1210
2011-03-25,1211.5,1215.40002,1211.5,1212
2011-03-28,1223.80005,1223.80005,1200,1200
2011-03-29,1209.5,1209.5,1200,1200
2011-03-30,1213.90002,1215,1212,1212
2011-03-31,1207.90002,1212,1207.90002,1210
2011-04-01,1212.80005,1212.80005,1205,1206
2011-04-04,1205.5,1209,1200,1205.59998
2011-04-05,1207.5,1213.40002,1207.5,1210
2011-04-06,1213.80005,1215,1210,1215
2011-04-07,1213.30005,1215.69995,1209.19995,1213
2011-04-08,1200.099976,1210.30005,1200.099976,1210
2011-04-11,1211.19995,1215,1211.19995,1215
2011-04-12,1216.40002,1216.40002,1211,1212.30005
2011-04-13,1211.40002,1211.40002,1210,1210
2011-04-14,1211.69995,1216,1210,1212
2011-04-15,1209.30005,1214.099976,1209.30005,1211
2011-04-18,1211.5,1212,1210,1212
2011-04-19,1209.90002,1213,1209.90002,1210
2011-04-20,1210.90002,1213,1210.90002,1213
2011-04-21,1203.5,1213,1203.5,1213
2011-04-22,1203.5,1213,1203.5,1213
2011-04-25,1212,1212,1212,1212
2011-04-26,1212.80005,1212.80005,1210,1212
2011-04-27,1207.19995,1215,1207.19995,1215
2011-04-29,1213.5,1213.5,1208,1208
2011-05-02,1209.099976,1210,1209.099976,1210
2011-05-04,1207.69995,1210.80005,1206,1210
2011-05-05,1205.69995,1205.69995,1205.69995,1205.69995
2011-05-06,1227.30005,1227.30005,1207.59998,1212
2011-05-09,1218.30005,1218.30005,1205,1205
2011-05-10,1204.69995,1211,1204.69995,1210
2011-05-11,1205.099976,1211,1205.099976,1210
2011-05-12,1204.30005,1211,1204.30005,1210
2011-05-13,1205.19995,1210,1205.19995,1210
2011-05-16,1213.69995,1213.69995,1210,1210
2011-05-17,1210,1210,1209,1210
2011-05-18,1204.59998,1212,1203.80005,1210
2011-05-19,1209,1212,1209,1210
2011-05-20,1206.40002,1213.80005,1206.40002,1210
2011-05-23,1210.099976,1212,1210.099976,1212
2011-05-24,1210.40002,1210.40002,1210,1210
2011-05-25,1215.90002,1215.90002,1210,1210
2011-05-26,1210.5,1210.5,1208,1210
2011-05-27,1214.099976,1214.099976,1210,1210
2011-05-30,1209.80005,1209.80005,1209.80005,1209.80005
2011-05-31,1210.19995,1212,1210,1210
2011-06-01,1210.90002,1212,1210.90002,1212
2011-06-02,1212.30005,1212.30005,1210,1212
2011-06-03,1210.69995,1212,1210,1212
2011-06-06,1198.40002,1214,1198.40002,1210
2011-06-07,1214.90002,1214.90002,1212,1212
2011-06-08,1210.40002,1212,1210,1212
2011-06-09,1210.40002,1212,1209,1210
2011-06-10,1219.80005,1219.80005,1208,1210
2011-06-13,1220.80005,1220.80005,1208,1208
2011-06-14,1210,1210.59998,1204.69995,1210.59998
2011-06-15,1211.69995,1213.5,1211.69995,1213.5
2011-06-16,1213.59998,1213.59998,1210,1212
2011-06-17,1215.59998,1216,1215,1215
2011-06-20,1220.099976,1220.099976,1215,1216
2011-06-21,1205,1216.69995,1205,1215
2011-06-22,1215.099976,1216,1215,1215
2011-06-23,1214.59998,1216,1210,1210
2011-06-24,1209,1214,1209,1211.30005
2011-06-27,1215.40002,1216,1207,1216
2011-06-28,1213.099976,1216,1213.099976,1216
2011-06-29,1212.69995,1216,1212.69995,1216
2011-06-30,1213.40002,1215,1210.19995,1210.19995
2011-07-01,1209.30005,1216,1209.30005,1215
2011-07-04,1214.80005,1214.80005,1214.80005,1214.80005
2011-07-05,1214.40002,1216,1214.40002,1216
2011-07-06,1213.30005,1216,1213.30005,1216
2011-07-07,1213.80005,1216,1213.80005,1215
2011-07-08,1214.5,1216,1214.5,1216
2011-07-11,1221.90002,1224.5,1213.59998,1215
2011-07-12,1225.30005,1228.30005,1210,1211
2011-07-13,1209.19995,1213,1209.19995,1212
2011-07-14,1209.69995,1210,1209.69995,1210
2011-07-15,1210.099976,1212,1210,1210
2011-07-18,1209.099976,1212,1208.69995,1210
2011-07-19,1209.59998,1213,1209.59998,1210
2011-07-20,1211,1212.30005,1210,1211
2011-07-21,1206.59998,1221,1206.59998,1221
2011-07-22,1214.90002,1221,1214.90002,1220
2011-07-25,1215,1221,1211,1211
2011-07-26,1204.19995,1211,1204.19995,1211
2011-07-27,1206.19995,1213,1206.19995,1212
2011-07-28,1215.30005,1216.19995,1208.59998,1215
2011-07-29,1210.19995,1213,1210.19995,1213
2011-08-01,1208.099976,1208.099976,1208.099976,1208.099976
2011-08-02,1213.69995,1213.69995,1209.099976,1210.30005
2011-08-03,1214.30005,1215.19995,1203.30005,1214.80005
2011-08-04,1214.19995,1223.69995,1210.90002,1223.69995
2011-08-05,1213.80005,1213.80005,1213.59998,1213.69995
2011-08-08,1199,1215,1199,1215
2011-08-09,1214.69995,1214.69995,1214.59998,1214.59998
2011-08-10,1207.40002,1214.80005,1207,1214.80005
2011-08-11,1215.19995,1215.19995,1215.19995,1215.19995
2011-08-12,1214,1215.19995,1214,1215.19995
2011-08-15,1207.80005,1214.69995,1200.80005,1202.40002
2011-08-16,1206.5,1214.30005,1205.40002,1212.69995
2011-08-17,1213.40002,1216.59998,1208.099976,1215
2011-08-18,1214.5,1214.5,1210,1210
2011-08-19,1209.69995,1213,1209.69995,1213
2011-08-22,1202.099976,1213,1202.099976,1210
2011-08-23,1210.099976,1213,1210.099976,1213
2011-08-24,1214,1214,1212,1213
2011-08-25,1210.69995,1213,1210.69995,1213
2011-08-26,1210.80005,1212,1210.80005,1212
2011-08-29,1202.099976,1214.30005,1202.099976,1214
2011-08-30,1214.099976,1214.099976,1213,1213
2011-08-31,1211.40002,1214,1209.90002,1213
2011-09-01,1214.19995,1214.19995,1212,1213
2011-09-02,1215.80005,1215.80005,1210.19995,1213
2011-09-05,1214,1214,1214,1214
2011-09-06,1213.19995,1220,1213.19995,1218
2011-09-07,1224.80005,1224.80005,1211.099976,1211.099976
2011-09-08,1212,1215,1212,1215
2011-09-09,1214,1217,1214,1215
2011-09-12,1235.59998,1235.59998,1211.90002,1217
2011-09-13,1213.90002,1219,1213.90002,1219
2011-09-14,1212.099976,1217,1212.099976,1217
2011-09-15,1214,1216,1214,1216
2011-09-16,1212.19995,1217,1212.19995,1215
2011-09-19,1213.5,1213.5,1213.40002,1213.40002
2011-09-20,1212.59998,1222,1212.59998,1222
2011-09-21,1216,1222,1216,1220
2011-09-22,1213.19995,1213.19995,1213.19995,1213.19995
2011-09-23,1213,1213,1213,1213
2011-09-26,1211.19995,1221,1211.19995,1221
2011-09-27,1214.90002,1221,1211.40002,1221
2011-09-28,1214.099976,1221,1214.099976,1221
2011-09-29,1218.40002,1220,1215.099976,1220
2011-09-30,1213.80005,1221,1213.80005,1220
2011-10-03,1213.80005,1221,1213.80005,1220
2011-10-05,1208.5,1214.69995,1208.5,1210
2011-10-06,1209,1212,1208.80005,1211
2011-10-07,1208.80005,1212,1208.80005,1210
2011-10-10,1209,1209,1209,1209
2011-10-11,1208.5,1212,1205.30005,1205.30005
2011-10-12,1210,1212,1209.5,1210
2011-10-13,1210.69995,1212,1210,1210
2011-10-14,1209.69995,1212,1209.69995,1210
2011-10-17,1204.19995,1213.90002,1201.90002,1210
2011-10-18,1209.30005,1212,1209.30005,1210
2011-10-19,1209.80005,1220,1209.80005,1218
2011-10-20,1215,1220,1215,1218
2011-10-21,1216,1220,1211.90002,1220
2011-10-24,1212.40002,1220,1211.80005,1220
2011-10-25,1212.40002,1220,1212.40002,1220
2011-10-26,1212.90002,1218,1212.90002,1218
2011-10-27,1213.59998,1220,1213.59998,1220
2011-10-28,1214.80005,1222,1214.80005,1220
2011-10-31,1214.099976,1214.40002,1214.099976,1214.40002
2011-11-01,1235.80005,1235.80005,1217,1217
2011-11-02,1216.40002,1216.40002,1216.40002,1216.40002
2011-11-04,1220,1222,1215.5,1220
2011-11-07,1225.40002,1227,1216.90002,1225
2011-11-08,1224.40002,1224.40002,1222,1223
2011-11-09,1221.69995,1224,1221.69995,1224
2011-11-10,1220.40002,1223,1220.40002,1223
2011-11-11,1220.099976,1224,1217.80005,1223
2011-11-14,1211.30005,1218,1211.30005,1217.40002
2011-11-15,1225.5,1225.5,1225.5,1225.5
2011-11-16,1226.40002,1226.40002,1226.40002,1226.40002
2011-11-17,1221.19995,1221.19995,1221.19995,1221.19995
2011-11-18,1226.5,1226.5,1226.5,1226.5
2011-11-21,1225.5,1225.5,1225.5,1225.5
2011-11-22,1224.5,1224.5,1224.5,1224.5
2011-11-23,1224.5,1224.5,1224.5,1224.5
2011-11-24,1225.19995,1225.19995,1225.19995,1225.19995
2011-11-25,1218.099976,1218.099976,1218.099976,1218.099976
2011-11-28,1218.19995,1218.19995,1218.099976,1218.099976
2011-11-29,1218.19995,1218.19995,1218.099976,1218.099976
2011-11-30,1218.19995,1218.19995,1218.099976,1218.099976
2011-12-01,1205.19995,1220.59998,1205.19995,1220.59998
2011-12-02,1219.5,1226,1216.80005,1226
2011-12-05,1219.19995,1227,1219.19995,1227
2011-12-06,1268.69995,1268.69995,1225,1225
2011-12-07,1269.099976,1269.099976,1225,1225
2011-12-08,1269.19995,1277,1226,1277
2011-12-09,1305.59998,1305.59998,1279,1279
2011-12-12,1312.099976,1312.099976,1267.90002,1279
2011-12-13,1273.5,1306.30005,1273.5,1277
2011-12-14,1306.5,1306.5,1277,1277
2011-12-15,1269.90002,1279,1267.90002,1279
2011-12-16,1267.69995,1307,1266.59998,1277
2011-12-19,1305.40002,1305.40002,1277,1277
2011-12-20,1273.80005,1279,1273.80005,1279
2011-12-21,1307,1307,1307,1307
2011-12-22,1272.40002,1279,1272.40002,1279
2011-12-23,1270.80005,1279,1270.80005,1277
2011-12-26,1275.90002,1277,1275.90002,1277
2011-12-27,1306.40002,1306.40002,1277,1277
2011-12-28,1306.59998,1306.59998,1277,1277
2011-12-29,1305.90002,1305.90002,1277,1279
2011-12-30,1272.40002,1279,1272.40002,1279
2012-01-02,1307.099976,1307.099976,1307.099976,1307.099976
2012-01-03,1301.099976,1307.099976,1277,1277
2012-01-04,1307.80005,1307.80005,1279,1279
2012-01-05,1309.90002,1309.90002,1277,1279
2012-01-06,1310.80005,1310.80005,1277,1277
2012-01-09,1305.80005,1305.80005,1277,1277
2012-01-10,1304.80005,1304.80005,1277,1277
2012-01-11,1273.19995,1279,1273.19995,1279
2012-01-12,1306.5,1306.5,1277,1279
2012-01-13,1273.19995,1297,1273.19995,1297
2012-01-16,1272.19995,1272.19995,1272.19995,1272.19995
2012-01-17,1272.90002,1299,1272.90002,1281
2012-01-18,1273.30005,1281,1273.30005,1280
2012-01-19,1273.80005,1281,1273.80005,1281
2012-01-20,1273.80005,1281,1273.80005,1280
2012-01-23,1274.099976,1281,1273.30005,1280
2012-01-24,1277.40002,1281,1277.40002,1280
2012-01-25,1272.30005,1281,1272.30005,1281
2012-01-26,1280,1281,1278.19995,1280
2012-01-27,1280,1281,1278.19995,1280
2012-01-30,1278.90002,1281,1277.30005,1277.30005
2012-01-31,1281,1281,1278.59998,1280
2012-02-01,1280,1283.90002,1280,1280
2012-02-02,1280.59998,1281,1280,1280
2012-02-03,1279.099976,1281,1279.099976,1281
2012-02-06,1279.19995,1291,1279.19995,1290
2012-02-07,1290.099976,1291,1290,1290
2012-02-08,1288.90002,1291,1288.90002,1290.69995
2012-02-09,1283.5,1292,1283.5,1292
2012-02-10,1291,1291,1290,1291
2012-02-13,1290.69995,1291,1283.40002,1291
2012-02-14,1289.30005,1291,1289.30005,1291
2012-02-15,1292.69995,1292.69995,1289.40002,1290
2012-02-16,1288.90002,1291,1288.90002,1290
2012-02-17,1289.19995,1291,1289.19995,1291
2012-02-20,1289.59998,1291.80005,1289.59998,1291.80005
2012-02-21,1292.099976,1292.099976,1288.69995,1290
2012-02-22,1285.90002,1291,1285.90002,1291
2012-02-23,1289.80005,1290,1289.80005,1290
2012-02-24,1283.5,1291,1283.5,1291
2012-02-27,1289.099976,1290,1289.099976,1290
2012-02-28,1284,1291,1284,1290
2012-02-29,1287.59998,1290,1287.59998,1290
2012-03-01,1319.30005,1319.30005,1290,1291
2012-03-02,1291.80005,1291.80005,1290,1291
2012-03-05,1293.90002,1293.90002,1283.19995,1291
2012-03-06,1275.90002,1291,1275.90002,1291
2012-03-07,1290,1291,1270.5,1290
2012-03-08,1265.80005,1291,1265.80005,1290
2012-03-09,1260.59998,1291,1260.59998,1291
2012-03-12,1275.59998,1291,1275.59998,1291
2012-03-13,1283.19995,1291,1283.19995,1291
2012-03-14,1282.80005,1291,1282.80005,1290
2012-03-15,1277.5,1291,1277.5,1290
2012-03-16,1271.40002,1291,1271.40002,1291
2012-03-19,1282.90002,1291,1282.90002,1291
2012-03-20,1272.5,1291,1272.5,1291
2012-03-21,1272,1292,1272,1292
2012-03-22,1283.5,1292,1283.5,1291
2012-03-23,1283.80005,1291,1283.80005,1290
2012-03-26,1283.5,1291,1276.40002,1291
2012-03-27,1274.099976,1291,1274.099976,1291
2012-03-28,1273.59998,1291,1273.59998,1290
2012-03-29,1268.099976,1291,1268.099976,1290
2012-03-30,1261.80005,1291,1261.80005,1291
2012-04-02,1255.59998,1291,1255.59998,1291
2012-04-03,1283.5,1351,1283.5,1351
2012-04-04,1277,1351,1277,1351
2012-04-05,1270.30005,1351,1270.30005,1338
2012-04-06,1340,1340,1340,1340
2012-04-09,1341,1341,1340,1340
2012-04-10,1283.5,1341,1283.5,1341
2012-04-11,1284,1341,1284,1290
2012-04-12,1283.30005,1291,1283.30005,1291
2012-04-13,1283.90002,1291,1283.90002,1290
2012-04-16,1273.40002,1291,1273.40002,1290
2012-04-17,1267.69995,1291,1267.69995,1291
2012-04-18,1266.69995,1291,1266.099976,1290
2012-04-19,1318.19995,1361,1318.19995,1360
2012-04-20,1341.59998,1361,1341.59998,1360
2012-04-23,1363.5,1363.5,1360,1360
2012-04-24,1370.099976,1370.099976,1360,1361
2012-04-25,1372.19995,1372.19995,1360,1361
2012-04-27,1362.69995,1362.69995,1360,1360
2012-04-30,1359.80005,1362.40002,1357.80005,1360
2012-05-01,1360,1361,1360,1361
2012-05-02,1358,1380,1358,1360
2012-05-03,1361,1363.30005,1360,1360
2012-05-04,1361,1382,1360,1361
2012-05-07,1348.30005,1361,1348.30005,1360
2012-05-08,1341.19995,1341.19995,1341.19995,1341.19995
2012-05-09,1335.69995,1361,1335.69995,1360
2012-05-10,1329.59998,1361,1329.59998,1360
2012-05-11,1355.90002,1361,1355.90002,1361
2012-05-14,1379.80005,1379.80005,1360,1361
2012-05-15,1360,1363.099976,1360,1360
2012-05-16,1377.40002,1377.40002,1360,1361
2012-05-17,1374.30005,1375.19995,1360,1365.099976
2012-05-18,1373.69995,1373.69995,1360,1360
2012-05-21,1364.40002,1378.099976,1360,1361
2012-05-22,1376.40002,1384.69995,1360,1384.69995
2012-05-23,1378.5,1378.5,1360,1361
2012-05-24,1389.19995,1389.19995,1360,1376.90002
2012-05-25,1372.80005,1379.19995,1360,1379.19995
2012-05-28,1370.59998,1397.099976,1370.59998,1397.099976
2012-05-29,1397.80005,1397.80005,1369,1377.19995
2012-05-30,1367,1394.80005,1367,1394.80005
2012-05-31,1369,1392.90002,1369,1392.90002
2012-06-01,1392.30005,1392.30005,1371,1380.19995
2012-06-04,1382.40002,1392.59998,1377,1385.69995
2012-06-05,1392.59998,1392.59998,1390,1390.59998
2012-06-06,1392.40002,1392.40002,1384.099976,1384.099976
2012-06-07,1394.19995,1396.30005,1390,1396.30005
2012-06-08,1404.80005,1404.80005,1386,1386
2012-06-11,1400.90002,1410.90002,1390,1410.90002
2012-06-12,1392.69995,1392.69995,1390,1392.30005
2012-06-13,1392.90002,1392.90002,1388.80005,1388.80005
2012-06-14,1393.69995,1394.19995,1360,1387
2012-06-15,1392.69995,1392.69995,1360,1360
2012-06-18,1381.40002,1381.40002,1360,1360
2012-06-19,1392.40002,1392.40002,1360,1384.40002
2012-06-20,1392.30005,1392.30005,1360,1391.19995
2012-06-21,1393.099976,1406.69995,1360,1406.69995
2012-06-22,1407,1407,1360,1361
2012-06-25,1405.19995,1405.19995,1360,1361
2012-06-26,1406.19995,1406.19995,1360,1366
2012-06-27,1402.099976,1402.099976,1365,1366
2012-06-28,1410.69995,1410.69995,1365,1408.90002
2012-06-29,1402.80005,1402.80005,1367,1369
2012-07-02,1398.19995,1407.099976,1367,1407.099976
2012-07-03,1409.69995,1409.90002,1367,1369
2012-07-04,1402.69995,1406.59998,1402.69995,1406.59998
2012-07-05,1402.30005,1416.80005,1367,1416.80005
2012-07-06,1402.59998,1412.69995,1367,1412.69995
2012-07-09,1412.80005,1413.19995,1367,1367
2012-07-10,1403.19995,1410,1367,1410
2012-07-11,1401.90002,1401.90002,1367,1369
2012-07-12,1410.19995,1410.19995,1367,1408.80005
2012-07-13,1383,1383,1367,1376.59998
2012-07-16,1377.90002,1401.90002,1367,1369
2012-07-17,1403.59998,1403.59998,1367,1403.19995
2012-07-18,1402.90002,1402.90002,1396.5,1396.5
2012-07-19,1402.80005,1405.099976,1400,1405.099976
2012-07-20,1402.099976,1410.90002,1401,1410.90002
2012-07-23,1414.90002,1424.30005,1400,1424.30005
2012-07-24,1421.19995,1421.19995,1400,1400
2012-07-25,1434.5,1434.5,1400,1400
2012-07-26,1419.30005,1419.30005,1400,1401
2012-07-30,1422.40002,1422.59998,1400,1422.59998
2012-07-31,1422.30005,1431,1420.19995,1420.19995
2012-08-01,1422.5,1431.69995,1403,1431.69995
2012-08-02,1422.5,1432.90002,1403,1432.90002
2012-08-03,1422.19995,1422.19995,1403,1410.80005
2012-08-06,1422.30005,1422.30005,1403,1417.59998
2012-08-07,1426.5,1428.5,1403,1428.5
2012-08-08,1423,1423,1403,1422.40002
2012-08-09,1421.59998,1421.59998,1403,1404
2012-08-10,1423.59998,1423.59998,1403,1421.19995
2012-08-13,1423.59998,1424,1403,1424
2012-08-14,1424.80005,1428.30005,1402,1428.30005
2012-08-15,1416.69995,1416.80005,1403,1416.80005
2012-08-16,1409.69995,1409.69995,1401.40002,1401.40002
2012-08-17,1429.5,1431.90002,1403,1431.90002
2012-08-20,1422.30005,1422.30005,1403,1419.5
2012-08-21,1416.59998,1426.5,1416.59998,1419.5
2012-08-22,1424.19995,1424.19995,1415.5,1415.5
2012-08-23,1425.099976,1425.099976,1422.30005,1422.30005
2012-08-24,1423.40002,1424.099976,1423.40002,1424.099976
2012-08-27,1422.40002,1425.80005,1422.40002,1425.80005
2012-08-28,1423.30005,1423.30005,1420.19995,1420.19995
2012-08-29,1430,1433.30005,1430,1433.30005
2012-08-30,1430.19995,1434.19995,1430.19995,1434.19995
2012-08-31,1423.69995,1424,1422.69995,1424
2012-09-03,1423.80005,1423.80005,1421.59998,1421.59998
2012-09-04,1422.69995,1424.69995,1422.59998,1424.69995
2012-09-05,1430.19995,1430.19995,1420.40002,1420.40002
2012-09-06,1422.80005,1422.80005,1420.59998,1420.59998
2012-09-07,1422.80005,1422.80005,1408.80005,1408.80005
2012-09-10,1411.5,1426.19995,1411.5,1426.19995
2012-09-11,1431.30005,1431.30005,1424.80005,1424.80005
2012-09-12,1423,1427.099976,1423,1427
2012-09-13,1423.099976,1424,1414.69995,1414.69995
2012-09-14,1410.5,1424,1410.5,1420.40002
2012-09-17,1403.40002,1424,1403.40002,1403.69995
2012-09-18,1453.69995,1455.30005,1411,1455.30005
2012-09-19,1452.59998,1452.59998,1443,1448.40002
2012-09-20,1453.30005,1453.30005,1437,1451.90002
2012-09-21,1452.90002,1455.5,1437,1455.5
2012-09-24,1445.69995,1445.69995,1433,1443.5
2012-09-25,1460.19995,1461.5,1437,1461.5
2012-09-26,1460.59998,1460.59998,1437,1459.69995
2012-09-27,1458.59998,1459.30005,1437,1449.69995
2012-09-28,1448.90002,1448.90002,1437,1437
2012-10-01,1443,1444.5,1437,1444.5
2012-10-02,1458.5,1458.80005,1437,1458.80005
2012-10-03,1458.5,1458.5,1437,1458.5
2012-10-04,1457.59998,1462.30005,1437,1454
2012-10-05,1463.80005,1463.80005,1443,1444
2012-10-08,1462.80005,1462.80005,1461.099976,1461.099976
2012-10-09,1462.5,1468.90002,1443,1468.90002
2012-10-10,1463.59998,1463.59998,1441,1462.90002
2012-10-11,1464.099976,1464.099976,1443,1462.59998
2012-10-12,1464.099976,1465.5,1441,1465.5
2012-10-15,1463.80005,1465.59998,1441,1465.59998
2012-10-16,1466,1466,1443,1456.80005
2012-10-17,1463.5,1464.19995,1443,1464.19995
2012-10-18,1464.69995,1469,1440,1469
2012-10-19,1443,1466.90002,1443,1466.5
2012-10-22,1463.5,1464.40002,1440,1464.40002
2012-10-23,1463.40002,1463.80005,1443,1444
2012-10-24,1464.5,1464.5,1443,1460.90002
2012-10-25,1463.5,1470,1460,1470
2012-10-26,1472.90002,1476,1453.5,1453.5
2012-10-29,1457.90002,1457.90002,1456.90002,1456.90002
2012-10-30,1467.5,1467.5,1465.69995,1465.69995
2012-10-31,1464.59998,1470.19995,1460,1470.19995
2012-11-01,1464.5,1466.80005,1460,1466.80005
2012-11-02,1472.5,1472.5,1460,1468.5
2012-11-05,1463.19995,1469,1463.19995,1464.19995
2012-11-06,1463.19995,1469,1462.59998,1462.59998
2012-11-07,1463.90002,1469,1463.90002,1468
2012-11-08,1464.90002,1465,1464.90002,1465
2012-11-09,1463.5,1464.30005,1461,1464.30005
2012-11-12,1471.59998,1471.59998,1471.40002,1471.40002
2012-11-13,1462.80005,1464.80005,1461,1464.80005
2012-11-14,1470.69995,1471.30005,1461,1471.30005
2012-11-15,1463.5,1463.5,1461,1461.5
2012-11-16,1464.099976,1464.099976,1463.80005,1463.80005
2012-11-19,1460.30005,1464,1442.69995,1442.69995
2012-11-20,1463,1463,1461,1463
2012-11-21,1494.30005,1494.30005,1461,1491.40002
2012-11-22,1493,1493,1492.69995,1492.69995
2012-11-23,1494,1494,1467,1467
2012-11-26,1493.80005,1499,1467,1489.40002
2012-11-27,1500.40002,1502.099976,1493,1502.099976
2012-11-28,1492.90002,1494,1485.90002,1493
2012-11-29,1486.69995,1493,1486.69995,1488
2012-11-30,1494.30005,1496.69995,1493,1496.69995
2012-12-03,1501.69995,1501.69995,1493,1499
2012-12-04,1493.80005,1494,1491,1492.099976
2012-12-05,1494.5,1500,1491,1495.099976
2012-12-06,1493,1504.30005,1493,1504.30005
2012-12-07,1492.80005,1500,1492.80005,1493.099976
2012-12-10,1504.59998,1504.59998,1499,1501.099976
2012-12-11,1471.19995,1500,1469.19995,1469.19995
2012-12-12,1463.69995,1500,1459.30005,1459.30005
2012-12-13,1492.80005,1500,1491.90002,1491.90002
2012-12-14,1501,1501,1493.80005,1499
2012-12-17,1486,1500,1476.30005,1476.30005
2012-12-18,1500.099976,1500.099976,1495.59998,1495.59998
2012-12-19,1510.59998,1517.5,1499,1517.5
2012-12-20,1520.30005,1521.59998,1499,1521.59998
2012-12-21,1518.59998,1520.90002,1499,1520.90002
2012-12-24,1513.5,1517.69995,1499,1517.69995
2012-12-25,1518,1518,1518,1518
2012-12-26,1500,1513.099976,1500,1513.099976
2012-12-27,1523,1525.90002,1499,1512
2012-12-28,1523.5,1523.5,1513,1514
2012-12-31,1515.30005,1515.30005,1513,1513.69995
2013-01-01,1511.5,1512.19995,1511.5,1512.19995
2013-01-02,1501.5,1521,1499.099976,1509.099976
2013-01-03,1496.40002,1520,1491,1491
2013-01-04,1488,1492,1481,1481
2013-01-07,1483.30005,1492,1473.80005,1473.80005
2013-01-08,1475.5,1493,1475.5,1480.30005
2013-01-09,1499.40002,1499.40002,1492,1498.099976
2013-01-10,1492,1494,1474,1474
2013-01-11,1490,1494.69995,1484.59998,1484.59998
2013-01-14,1494.59998,1494.59998,1490,1493.19995
2013-01-15,1492.69995,1499.5,1491,1499.5
2013-01-16,1497.69995,1497.69995,1491,1497.099976
2013-01-17,1494.40002,1494.40002,1490,1492.19995
2013-01-18,1494.19995,1498.30005,1490,1498.30005
2013-01-21,1497.80005,1497.80005,1490,1494.59998
2013-01-22,1494.30005,1496.099976,1490,1496.099976
2013-01-23,1479.69995,1493,1479.69995,1483.40002
2013-01-24,1495.69995,1495.69995,1490,1490.59998
2013-01-25,1494.19995,1494.19995,1491.69995,1491.69995
2013-01-28,1494.099976,1517,1492.90002,1492.90002
2013-01-29,1536.19995,1536.19995,1517,1529.5
2013-01-30,1555.30005,1555.30005,1516,1552.69995
2013-01-31,1555.30005,1555.30005,1514,1552.19995
2013-02-01,1554.80005,1555.19995,1513,1555.19995
2013-02-04,1556.80005,1559.30005,1552,1559.30005
2013-02-06,1555.40002,1556.40002,1491,1556.19995
2013-02-07,1555.5,1575.80005,1490,1575.80005
2013-02-08,1554.80005,1554.80005,1491,1491
2013-02-11,1554.30005,1554.30005,1493,1553
2013-02-12,1555.59998,1555.59998,1493,1553.69995
2013-02-13,1554.90002,1560.5,1549,1560.5
2013-02-14,1554.69995,1554.69995,1547,1550.69995
2013-02-15,1551,1555.5,1550,1551.099976
2013-02-18,1554.40002,1554.80005,1551,1554.69995
2013-02-19,1555,1555,1549.30005,1549.30005
2013-02-20,1554.59998,1565.5,1550,1565.5
2013-02-21,1575.80005,1576.099976,1550,1554
2013-02-22,1533.099976,1533.099976,1531.19995,1531.19995
2013-02-25,1550,1557.80005,1533.59998,1557.80005
2013-02-26,1528.5,1550,1528.5,1530
2013-02-27,1521.099976,1551,1518.40002,1518.40002
2013-02-28,1513.59998,1551,1513.59998,1520.30005
2013-03-01,1507.59998,1551,1506.59998,1506.59998
2013-03-07,1550.80005,1600,1550.80005,1590
2013-03-08,1551.30005,1590,1551.30005,1564
2013-03-11,1562.30005,1562.30005,1477.30005,1521
2013-03-12,1478,1520,1475.80005,1475.80005
2013-03-13,1590.90002,1590.90002,1519,1521
2013-03-14,1563.80005,1563.80005,1519,1519
2013-03-15,1554.19995,1554.19995,1519,1552.40002
2013-03-18,1567.099976,1567.099976,1519,1551
2013-03-19,1554.19995,1564,1550,1564
2013-03-20,1554.099976,1554.099976,1549,1551
2013-03-21,1553.80005,1557,1550,1551
2013-03-22,1554.099976,1554.099976,1549.5,1549.5
2013-03-25,1554.80005,1570.90002,1550,1570.90002
2013-03-26,1554,1554,1550,1553.5
2013-03-27,1554.69995,1554.69995,1550,1553
2013-03-28,1553.69995,1553.69995,1550,1553.5
2013-03-29,1552.59998,1552.59998,1552.59998,1552.59998
2013-04-01,1551,1551,1550,1551
2013-04-02,1553.80005,1555.30005,1549,1555.30005
2013-04-03,1558.40002,1558.40002,1551,1555.19995
2013-04-04,1548.59998,1553,1548.59998,1553
2013-04-05,1554,1554,1550,1553.90002
2013-04-08,1554.59998,1555.5,1551,1555.5
2013-04-09,1552.90002,1554.69995,1549,1549.19995
2013-04-10,1554.59998,1558.099976,1549,1558.099976
2013-04-11,1554.5,1558.099976,1541,1558.099976
2013-04-12,1554.59998,1554.59998,1541,1548.90002
2013-04-15,1554.5,1558.30005,1541,1558.30005
2013-04-16,1554.30005,1554.30005,1545.59998,1545.59998
2013-04-17,1554.19995,1567.099976,1549,1567.099976
2013-04-18,1553.69995,1564.80005,1549,1564.80005
2013-04-19,1553.40002,1553.40002,1538,1542.099976
2013-04-22,1536.19995,1551,1535.59998,1549
2013-04-23,1534.69995,1551,1534.69995,1551
2013-04-24,1554.40002,1554.80005,1551,1554.80005
2013-04-25,1554.59998,1563,1549,1561.90002
2013-04-26,1561,1561,1551,1551.30005
2013-04-29,1554.099976,1554.099976,1549,1552.80005
2013-04-30,1552.69995,1553,1541.90002,1541.90002
2013-05-01,1552.80005,1555.69995,1551,1555.69995
2013-05-02,1550.099976,1562.30005,1550.099976,1562.30005
2013-05-03,1549.099976,1553,1545,1549.099976
2013-05-06,1553.19995,1556.59998,1547,1556.59998
2013-05-07,1552.80005,1558.59998,1547,1558.59998
2013-05-08,1553.40002,1553.40002,1547,1550
2013-05-09,1554.80005,1567.19995,1547,1551
2013-05-10,1553.69995,1553.69995,1547,1553.59998
2013-05-13,1556,1556,1547,1554.30005
2013-05-14,1553.099976,1557.69995,1549,1557.69995
2013-05-15,1552.90002,1552.90002,1547,1550.80005
2013-05-16,1554.30005,1554.30005,1545,1551.80005
2013-05-17,1553.90002,1556.80005,1541,1556.80005
2013-05-20,1554.30005,1554.30005,1540,1551.099976
2013-05-21,1554.30005,1554.30005,1541,1549.19995
2013-05-22,1554.80005,1563.59998,1541,1563.59998
2013-05-23,1554.30005,1554.30005,1548.80005,1548.80005
2013-05-24,1545.59998,1557.59998,1545.59998,1557.59998
2013-05-27,1554.5,1555.5,1554.5,1555.5
2013-05-28,1533.59998,1551,1533.59998,1542.90002
2013-05-29,1531.59998,1551,1531,1533.19995
2013-05-30,1534.5,1534.5,1527.099976,1527.099976
2013-05-31,1534.5,1534.5,1531,1534
2013-06-03,1534.5,1534.5,1527.59998,1527.59998
2013-06-04,1534.5,1534.90002,1531,1534.90002
2013-06-05,1534.30005,1534.30005,1531,1531.099976
2013-06-06,1534.40002,1534.40002,1519.30005,1519.30005
2013-06-07,1534.30005,1538.5,1531,1538.5
2013-06-10,1534.30005,1539.90002,1529,1530.5
2013-06-11,1534.30005,1539.90002,1512.69995,1512.69995
2013-06-12,1512.30005,1534.90002,1512.30005,1528.59998
2013-06-13,1528.40002,1535,1528.40002,1530.40002
2013-06-14,1530.80005,1533.80005,1530.80005,1531.099976
2013-06-17,1530.40002,1534.19995,1530.40002,1531.40002
2013-06-18,1533,1534.69995,1531,1532.30005
2013-06-19,1549.19995,1560.90002,1531,1560.90002
2013-06-20,1540.90002,1540.90002,1531,1538.80005
2013-06-21,1536.90002,1552.40002,1531,1552.40002
2013-06-24,1552.30005,1552.30005,1531,1539.80005
2013-06-25,1541.59998,1547.30005,1531,1547.30005
2013-06-26,1540.69995,1542.80005,1531,1542.80005
2013-06-27,1542.30005,1542.30005,1532,1532.5
2013-06-28,1533,1541.30005,1526,1541.30005
2013-07-04,1532.5,1544.30005,1532.5,1544.30005
2013-07-09,1532.19995,1543.40002,1531,1543.40002
2013-07-10,1533.59998,1533.59998,1514,1514
2013-07-11,1532.90002,1533,1529.099976,1533
2013-07-12,1528.59998,1536.40002,1528.59998,1531.69995
2013-07-15,1514.90002,1533,1511.19995,1511.19995
2013-07-16,1511.40002,1533.59998,1511.40002,1528.5
2013-07-17,1534,1536.19995,1533,1536.19995
2013-07-18,1518.69995,1533,1518.69995,1533
2013-07-19,1533.5,1533.5,1513,1531.30005
2013-07-22,1530.69995,1535.19995,1511,1534.19995
2013-07-23,1515.80005,1515.80005,1510.30005,1510.30005
2013-07-24,1515.90002,1519.80005,1511,1519.80005
2013-07-25,1515.80005,1515.80005,1506.80005,1506.80005
2013-07-26,1515.19995,1515.19995,1513,1514.90002
2013-07-29,1516.90002,1519.30005,1511,1519.30005
2013-07-30,1515.80005,1517.19995,1513,1517.19995
2013-07-31,1516.099976,1516.099976,1510.69995,1510.69995
2013-08-01,1518.40002,1522.40002,1511,1522.40002
2013-08-02,1518.30005,1518.30005,1509.90002,1511
2013-08-05,1516.69995,1518,1511,1518
2013-08-06,1516.69995,1516.69995,1511,1512.30005
2013-08-07,1516.90002,1516.90002,1511,1512.5
2013-08-08,1517.19995,1517.19995,1511,1514.40002
2013-08-09,1516.90002,1520.59998,1511,1520.59998
2013-08-12,1516.90002,1517.40002,1511,1516.90002
2013-08-13,1517,1521.099976,1511,1521.099976
2013-08-14,1517.099976,1517.099976,1513,1515.90002
2013-08-15,1517,1517,1509.80005,1509.80005
2013-08-16,1517.099976,1518.19995,1511,1518.19995
2013-08-19,1517.19995,1520,1515,1520
2013-08-20,1519.69995,1519.69995,1515.30005,1515.30005
2013-08-21,1518.30005,1523,1502,1523
2013-08-22,1519.19995,1519.19995,1503,1514
2013-08-23,1519.099976,1519.099976,1503,1516.30005
2013-08-26,1519.099976,1519.099976,1504,1518.80005
2013-08-27,1514.19995,1516,1508.90002,1508.90002
2013-08-28,1514.5,1515,1514,1515
2013-08-29,1513.80005,1516.30005,1513.80005,1516.30005
2013-08-30,1513.5,1516,1513.5,1516
2013-09-02,1513.69995,1516.5,1513.69995,1516.5
2013-09-03,1513.90002,1514.59998,1513.90002,1514.59998
2013-09-04,1513.30005,1513.30005,1510.80005,1510.80005
2013-09-05,1514,1524.80005,1514,1524.80005
2013-09-06,1513.40002,1513.40002,1505.30005,1505.30005
2013-09-09,1517.80005,1517.80005,1510.80005,1510.80005
2013-09-10,1518.19995,1518.19995,1515.5,1515.5
2013-09-11,1513.80005,1513.80005,1507.40002,1507.40002
2013-09-12,1518.19995,1518.19995,1517.69995,1517.69995
2013-09-13,1518,1518,1517.19995,1517.19995
2013-09-16,1509.30005,1518.69995,1508.59998,1518.69995
2013-09-17,1518.19995,1518.40002,1518.19995,1518.40002
2013-09-18,1518,1518,1499.5,1499.5
2013-09-19,1518,1520.5,1518,1520.5
2013-09-20,1517.69995,1519.5,1517.69995,1519.5
2013-09-23,1515,1520.59998,1515,1520.59998
2013-09-24,1518.30005,1519.59998,1513,1519.59998
2013-09-25,1518.30005,1518.30005,1511,1516.5
2013-09-26,1513,1520.30005,1513,1520.30005
2013-09-27,1518,1519,1510,1516.5
2013-09-30,1520.59998,1520.59998,1511,1515.90002
2013-10-01,1518.59998,1520.69995,1511,1520.69995
2013-10-02,1524.5,1524.5,1506,1517.69995
2013-10-03,1524.59998,1524.59998,1503,1522.5
2013-10-04,1528,1532.19995,1501,1532.19995
2013-10-07,1532.19995,1532.19995,1505,1525.5
2013-10-08,1525.19995,1525.5,1516,1525.5
2013-10-09,1530.90002,1530.90002,1517,1529.69995
2013-10-11,1521.69995,1524.80005,1508,1524.80005
2013-10-14,1522.19995,1522.19995,1520,1520.19995
2013-10-15,1520.40002,1520.40002,1508,1517
2013-10-16,1526.69995,1528.30005,1516,1528.30005
2013-10-17,1527.099976,1527.099976,1517,1517
2013-10-18,1531.30005,1531.80005,1517,1531.80005
2013-10-23,1530.30005,1530.30005,1520,1526.80005
2013-10-25,1529.90002,1530.19995,1528,1530.19995
2013-10-28,1530.59998,1532.30005,1527,1532.30005
2013-10-29,1531.80005,1533.099976,1528,1531.80005
2013-10-30,1530.80005,1534,1528.5,1534
2013-10-31,1534,1536.80005,1528,1536.80005
2013-11-01,1530.19995,1533.19995,1530.19995,1533.19995
2013-11-04,1530.5,1530.5,1527,1529.69995
2013-11-05,1530.5,1532.59998,1527,1532.59998
2013-11-06,1529.80005,1529.80005,1527,1529.59998
2013-11-07,1529.80005,1540.30005,1527,1527
2013-11-08,1530.19995,1536.19995,1516,1536.19995
2013-11-11,1530.30005,1530.30005,1517,1529.099976
2013-11-12,1531.099976,1531.099976,1517,1517
2013-11-13,1529.90002,1529.90002,1517,1521.59998
2013-11-14,1529.5,1529.5,1511,1528.099976
2013-11-15,1511,1529.59998,1509,1524.80005
2013-11-18,1530.099976,1530.099976,1519,1519
2013-11-19,1519,1519,1517,1519
2013-11-20,1519,1519,1517,1519
2013-11-21,1541.30005,1541.30005,1517,1540
2013-11-22,1540,1540,1540,1540
2013-11-25,1530.59998,1541,1530.59998,1540
2013-11-26,1528.40002,1540,1528.40002,1540
2013-11-27,1540,1541,1535,1535
2013-11-28,1530,1530,1530,1530
2013-11-29,1528.30005,1540,1528.30005,1540
2013-12-02,1532.30005,1540,1530.90002,1535
2013-12-03,1531.59998,1540,1523,1523
2013-12-04,1533.80005,1535.90002,1524,1524
2013-12-05,1536.099976,1536.099976,1521,1521
2013-12-06,1526.19995,1534.30005,1521,1521
2013-12-09,1530.90002,1530.90002,1519,1519
2013-12-10,1517.90002,1535.19995,1517,1531
2013-12-11,1534,1535.59998,1531,1534.5
2013-12-12,1534.40002,1534.5,1531,1531
2013-12-13,1537.30005,1537.30005,1524,1533
2013-12-16,1522.30005,1531.5,1521.5,1529
2013-12-17,1534.80005,1534.80005,1527,1527
2013-12-18,1530.19995,1530.19995,1525,1525
2013-12-19,1538,1538,1521,1521
2013-12-20,1528.90002,1528.90002,1521,1523
2013-12-23,1524.90002,1531.099976,1523,1528
2013-12-24,1531.099976,1531.5,1527,1527
2013-12-25,1531.099976,1531.5,1527,1528
2013-12-26,1531,1531,1527,1529
2013-12-27,1529.30005,1529.30005,1521.5,1527
2013-12-30,1533.40002,1533.40002,1526,1527
2013-12-31,1526.099976,1531.30005,1524,1524.5
2014-01-01,1533.90002,1533.90002,1533.90002,1533.90002
2014-01-02,1532.5,1533.90002,1523,1523
2014-01-03,1533.90002,1533.90002,1521,1523
2014-01-06,1529.5,1532.099976,1521,1523
2014-01-07,1529.80005,1534.90002,1521,1523
2014-01-08,1538.59998,1538.59998,1521,1522.5
2014-01-09,1534.90002,1534.90002,1522.5,1524.5
2014-01-10,1534.30005,1535.099976,1523.5,1524.5
2014-01-13,1526.80005,1535.5,1524.5,1533
2014-01-14,1535.5,1535.5,1521.59998,1528.5
2014-01-15,1526.80005,1534.40002,1526.80005,1528.5
2014-01-16,1537,1537,1520.69995,1526.5
2014-01-17,1519.80005,1535.19995,1519.80005,1526.5
2014-01-20,1543,1544.69995,1534.90002,1534.90002
2014-01-21,1535.59998,1535.59998,1527.5,1527.5
2014-01-22,1529.69995,1535.099976,1526.5,1531
2014-01-23,1536.19995,1536.19995,1529.5,1529.5
2014-01-24,1528.099976,1535.40002,1528.099976,1529.5
2014-01-27,1539.69995,1539.69995,1519.80005,1519.80005
2014-01-28,1533.59998,1533.59998,1518.5,1518.5
2014-01-29,1520.40002,1538,1518,1529
2014-01-30,1536.19995,1536.19995,1528,1528
2014-01-31,1539.90002,1542.59998,1528,1542.59998
2014-02-03,1542.19995,1542.19995,1523.5,1523.5
2014-02-04,1533.69995,1536,1523,1530
2014-02-05,1532.90002,1535.59998,1529,1531
2014-02-06,1533.80005,1533.80005,1529,1531
2014-02-07,1525.099976,1532.30005,1525.099976,1529.5
2014-02-10,1526.69995,1535.099976,1521,1524
2014-02-11,1530.69995,1536.30005,1524,1530
2014-02-12,1537.80005,1537.80005,1529,1531
2014-02-13,1533.099976,1533.80005,1530,1532
2014-02-17,1521.40002,1521.40002,1520.40002,1521.19995
2014-02-18,1521.19995,1521.19995,1515,1517
2014-02-19,1516.40002,1535.69995,1516,1516
2014-02-20,1536.30005,1536.30005,1529,1529
2014-02-21,1533.19995,1535.5,1523,1524
2014-02-24,1531.90002,1536.099976,1523,1523
2014-02-25,1535.90002,1535.90002,1523,1528
2014-02-26,1535.59998,1536,1528,1530
2014-02-27,1541.40002,1541.40002,1527,1527
2014-02-28,1529.5,1534.80005,1527,1530
2014-03-03,1537.59998,1537.59998,1527,1529
2014-03-04,1539.099976,1539.099976,1527,1527
2014-03-05,1537.69995,1537.69995,1526,1530
2014-03-06,1535.30005,1535.30005,1527,1529
2014-03-07,1519.19995,1535.80005,1515,1515
2014-03-10,1538.5,1538.5,1516,1529
2014-03-11,1535.099976,1535.59998,1521,1523
2014-03-12,1534.5,1535.40002,1521,1527
2014-03-13,1532.30005,1534.099976,1527,1530
2014-03-14,1544.5,1544.5,1527,1531
2014-03-18,1530.80005,1534.69995,1516,1517
2014-03-19,1534.40002,1536.099976,1517,1529
2014-03-20,1546.80005,1546.80005,1528,1528
2014-03-21,1534.59998,1534.59998,1528,1529
2014-03-24,1532.30005,1532.30005,1527,1529
2014-03-25,1521.59998,1529,1521.59998,1529
2014-03-26,1522.59998,1535.59998,1522.59998,1529
2014-03-27,1535.90002,1535.90002,1524,1526
2014-03-28,1532.19995,1535.69995,1520,1520
2014-03-31,1533.59998,1533.59998,1520,1530
2014-04-01,1534.59998,1534.59998,1529,1529
2014-04-02,1531.80005,1535.69995,1531.80005,1535.69995
2014-04-03,1536.19995,1536.19995,1523,1523
2014-04-04,1540.40002,1540.40002,1516,1516
2014-04-07,1529.69995,1529.69995,1515,1523
2014-04-08,1527.59998,1528.69995,1521,1523
2014-04-09,1525.69995,1528.59998,1523,1524
2014-04-10,1523.59998,1529.80005,1523,1524
2014-04-11,1527.40002,1527.40002,1523,1527
2014-04-14,1532.19995,1532.5,1516,1517
2014-04-16,1527.59998,1529.59998,1506,1519
2014-04-17,1531.5,1531.5,1517,1521
2014-04-18,1533,1533,1521,1524
2014-04-21,1533,1533,1521,1523
2014-04-22,1535.40002,1535.40002,1521,1523
2014-04-23,1526.099976,1535.59998,1521,1521
2014-04-24,1538.5,1538.5,1521,1523
2014-04-25,1527,1536.099976,1521,1521
2014-04-28,1536.40002,1536.40002,1521,1523
2014-04-29,1530.59998,1530.59998,1517,1517
2014-04-30,1534.5,1535.099976,1517,1519
2014-05-01,1517.90002,1526,1516,1524
2014-05-02,1518,1523,1510,1511
2014-05-05,1513.59998,1529.80005,1513,1516
2014-05-06,1529.69995,1529.69995,1515,1521
2014-05-07,1529.69995,1530,1521,1521
2014-05-08,1532,1532,1521,1521
2014-05-09,1534,1534,1517,1518
2014-05-12,1533.90002,1533.90002,1516,1516
2014-05-13,1529.80005,1530.30005,1516,1519
2014-05-14,1530.5,1530.5,1517,1527
2014-05-15,1528,1529.5,1517,1519
2014-05-16,1522.80005,1529.30005,1516,1517
2014-05-19,1528.30005,1529.30005,1517,1527
2014-05-20,1530,1530,1521,1523
2014-05-21,1528,1530.59998,1516,1516
2014-05-22,1529.80005,1529.80005,1516,1516
2014-05-26,1527.40002,1529.5,1527.40002,1529.5
2014-05-27,1528.59998,1528.59998,1521,1521
2014-05-28,1529.40002,1529.40002,1521,1521
2014-05-29,1532.40002,1532.40002,1516,1517
2014-05-30,1530.90002,1530.90002,1517,1527
2014-06-02,1527.099976,1529.30005,1517,1517
2014-06-03,1530.80005,1530.80005,1517,1521
2014-06-04,1527.59998,1529.19995,1521,1523
2014-06-05,1531.099976,1531.099976,1521,1523
2014-06-06,1529.19995,1529.19995,1517,1519
2014-06-09,1529.59998,1529.59998,1517,1517
2014-06-10,1533,1533,1517,1519
2014-06-11,1530.099976,1530.099976,1510,1511
2014-06-13,1511.19995,1527.30005,1511.19995,1521
2014-06-16,1527.69995,1529.19995,1521,1523
2014-06-17,1527.19995,1529.099976,1516,1516
2014-06-18,1531.099976,1531.099976,1515,1515
2014-06-19,1524.90002,1529,1516,1517
2014-06-20,1531.19995,1531.19995,1517,1517
2014-06-23,1529.5,1529.5,1517,1519
2014-06-24,1529.099976,1529.099976,1517,1517
2014-06-25,1530.80005,1530.80005,1517,1517
2014-06-26,1526.69995,1529.5,1517,1521
2014-06-27,1529.69995,1529.69995,1517,1517
2014-06-30,1525.69995,1527.59998,1517,1517
2014-07-01,1522.90002,1527.5,1517,1519
2014-07-02,1529.40002,1529.40002,1507,1529
2014-07-03,1530.5,1530.5,1525,1529
2014-07-04,1534.5,1534.5,1529.30005,1529.30005
2014-07-07,1528.40002,1529.099976,1517,1523
2014-07-08,1527.80005,1529.40002,1521,1521
2014-07-09,1526.30005,1529.5,1520,1523
2014-07-10,1521.69995,1523,1521,1521
2014-07-11,1523.19995,1530.19995,1517,1519
2014-07-14,1529.59998,1529.59998,1517,1517
2014-07-15,1529.80005,1529.80005,1517,1521
2014-07-16,1525.90002,1525.90002,1514.099976,1519
2014-07-17,1514.80005,1519,1510,1511
2014-07-18,1515.19995,1528.40002,1515.19995,1521
2014-07-21,1527.5,1529.40002,1521,1521
2014-07-22,1529.30005,1529.30005,1521,1523
2014-07-23,1529.19995,1529.19995,1520,1523
2014-07-24,1529.5,1529.5,1521,1526
2014-07-25,1530.40002,1530.5,1525,1529
2014-07-28,1531.69995,1531.69995,1521,1523
2014-07-29,1529.099976,1529.099976,1521,1521
2014-07-30,1524.69995,1529.19995,1517,1519
2014-07-31,1529.80005,1529.80005,1517,1517
2014-08-01,1528.90002,1528.90002,1514.099976,1519
2014-08-04,1510.19995,1529,1510.19995,1519
2014-08-05,1519,1519,1517,1519
2014-08-06,1528.30005,1528.30005,1517,1517
2014-08-07,1524,1528.69995,1517,1519
2014-08-08,1530.5,1530.5,1517,1519
2014-08-11,1528,1528.19995,1517,1517
2014-08-12,1529.19995,1529.19995,1517,1521
2014-08-13,1525.099976,1528.90002,1521,1521
2014-08-14,1528.30005,1528.40002,1521,1523
2014-08-15,1530.80005,1530.80005,1521,1527
2014-08-18,1527.19995,1527.19995,1527.19995,1527.19995
2014-08-19,1531.099976,1531.099976,1527.30005,1527.30005
2014-08-20,1530.40002,1530.40002,1528.69995,1528.69995
2014-08-21,1531,1531,1528.59998,1528.59998
2014-08-22,1527,1529,1527,1529
2014-08-25,1536.90002,1536.90002,1513.59998,1514.59998
2014-08-26,1515.30005,1528.19995,1515.30005,1528.19995
2014-08-27,1531.69995,1531.69995,1526.90002,1526.90002
2014-08-28,1527.19995,1527.80005,1527.19995,1527.80005
2014-08-29,1527.69995,1534.099976,1527.69995,1534.099976
2014-09-01,1534.59998,1534.59998,1528.40002,1529.59998
2014-09-02,1529.40002,1529.40002,1526.40002,1526.40002
2014-09-03,1526.69995,1529,1526.69995,1529
2014-09-04,1528.59998,1543.5,1521.90002,1543.5
2014-09-05,1544.5,1544.5,1527.69995,1527.90002
2014-09-08,1527.69995,1529.90002,1517,1517
2014-09-09,1534.80005,1534.80005,1515,1522.30005
2014-09-10,1522.19995,1532.59998,1517,1532.59998
2014-09-11,1532,1532,1517,1519
2014-09-12,1527.5,1528.19995,1517,1524
2014-09-15,1524.80005,1528.59998,1517,1526.19995
2014-09-16,1526,1528.5,1516,1526.59998
2014-09-17,1527.099976,1539.69995,1517,1539.69995
2014-09-18,1540.5,1540.5,1515.5,1515.5
2014-09-19,1516.099976,1532.40002,1516.099976,1532.40002
2014-09-22,1524.30005,1527,1521,1523.69995
2014-09-23,1523.40002,1531.099976,1517,1531.099976
2014-09-24,1531.19995,1531.90002,1517,1531.90002
2014-09-25,1532.099976,1532.099976,1521,1524.40002
2014-09-26,1523.5,1527.59998,1521,1527.59998
2014-09-29,1528.19995,1528.19995,1521,1525.69995
2014-09-30,1525.80005,1529.69995,1517,1523.5
2014-10-01,1523.5,1528.59998,1517,1524.90002
2014-10-02,1524.40002,1524.40002,1517,1517
2014-10-03,1517.19995,1529.40002,1514,1519
2014-10-06,1529.099976,1529.30005,1517,1519
2014-10-07,1516.90002,1528.099976,1516.90002,1518.69995
2014-10-08,1519.59998,1519.59998,1516.19995,1517
2014-10-09,1507.69995,1536.90002,1507.69995,1536.90002
2014-10-10,1537.099976,1557.5,1534.40002,1557.5
2014-10-13,1556.19995,1556.19995,1519,1534.69995
2014-10-14,1537.5,1542.19995,1529,1542.099976
2014-10-15,1543.69995,1547.099976,1526.099976,1526.099976
2014-10-16,1526.5,1547,1524.40002,1540.80005
2014-10-17,1540.80005,1547.90002,1527,1539
2014-10-20,1555.90002,1555.90002,1537,1539
2014-10-21,1545.19995,1553,1537,1553
2014-10-22,1553.099976,1553.099976,1537,1537
2014-10-23,1553.5,1553.5,1537,1550.19995
2014-10-24,1549.90002,1549.90002,1539,1545.69995
2014-10-27,1543.40002,1543.80005,1529.90002,1529.90002
2014-10-28,1529,1540.099976,1528.69995,1535.90002
2014-10-29,1536.099976,1552.19995,1536.099976,1552.19995
2014-10-30,1553.59998,1553.59998,1541.30005,1541.30005
2014-10-31,1537.69995,1547.19995,1537.69995,1547.19995
2014-11-03,1553.59998,1553.59998,1539,1539
2014-11-04,1547.19995,1547.69995,1537,1543.40002
2014-11-05,1542.19995,1542.19995,1531.80005,1531.80005
2014-11-06,1532.099976,1550.69995,1527.80005,1550.69995
2014-11-07,1550.5,1550.5,1525.40002,1525.40002
2014-11-10,1525.5,1555.40002,1523.80005,1555.40002
2014-11-11,1554.30005,1554.30005,1532.40002,1532.40002
2014-11-12,1534.40002,1550.90002,1534.40002,1550.90002
2014-11-13,1550.59998,1550.59998,1538.90002,1538.90002
2014-11-14,1540.19995,1547.19995,1537,1537.5
2014-11-17,1537,1552.59998,1531,1552.59998
2014-11-18,1550.5,1550.5,1533,1533
2014-11-19,1547.30005,1547.30005,1537,1537
2014-11-20,1541.19995,1541.19995,1537,1539.5
2014-11-21,1538.90002,1539,1532.099976,1539
2014-11-24,1538.80005,1547.30005,1537,1543.80005
2014-11-25,1544.69995,1547.80005,1537,1542.90002
2014-11-26,1542.099976,1542.099976,1528.5,1528.5
2014-11-27,1529.30005,1542.19995,1529.30005,1542.19995
2014-11-28,1544.19995,1546.59998,1527,1546.59998
2014-12-01,1548.59998,1548.59998,1533.40002,1539
2014-12-02,1533,1544.40002,1533,1544.40002
2014-12-03,1544.19995,1544.19995,1534.30005,1539
2014-12-04,1535.30005,1547,1535.30005,1543
2014-12-05,1537.30005,1541,1532.30005,1537
2014-12-08,1539,1539.80005,1537,1539
2014-12-09,1534.80005,1545.5,1534.80005,1539
2014-12-10,1543.5,1543.5,1537,1539
2014-12-11,1525.5,1548.30005,1525.5,1539
2014-12-12,1541.59998,1541.59998,1537,1539
2014-12-15,1541.19995,1541.5,1537,1541
2014-12-16,1540.30005,1543,1537,1539
2014-12-17,1547,1547,1533.30005,1539
2014-12-18,1548.5,1548.5,1535.59998,1539
2014-12-19,1539.099976,1547.099976,1537,1541
2014-12-22,1551.80005,1551.80005,1530,1530
2014-12-23,1536.30005,1547.80005,1529,1531
2014-12-24,1552,1552,1530,1531
2014-12-25,1552,1552,1530,1531
2014-12-26,1530,1530,1530,1530
2014-12-29,1534,1539,1533.40002,1537
2014-12-30,1538.40002,1539,1534.69995,1537
2014-12-31,1533.90002,1539,1533.19995,1537
2015-01-01,1540.19995,1540.19995,1540.099976,1540.099976
2015-01-02,1544.30005,1546.30005,1535,1537
2015-01-06,1541.80005,1546.19995,1535,1537
2015-01-07,1549,1549,1535,1537
2015-01-08,1543.30005,1543.30005,1536.099976,1539
2015-01-09,1532.19995,1539,1530.90002,1539
2015-01-12,1524.19995,1547.40002,1524.19995,1539
2015-01-13,1540.5,1540.5,1531.80005,1539
2015-01-14,1535,1539,1535,1539
2015-01-15,1535.59998,1546.30005,1535,1537
2015-01-16,1555.59998,1555.59998,1535,1535
2015-01-19,1549.19995,1549.19995,1544.69995,1544.69995
2015-01-20,1546.5,1546.5,1535,1535
2015-01-21,1549.5,1549.5,1535,1536
2015-01-22,1534.90002,1539,1530.59998,1537
2015-01-23,1539,1552.59998,1535,1539.69995
2015-01-26,1543.90002,1543.90002,1530,1531
2015-01-27,1530.69995,1530.69995,1529,1530
2015-01-28,1521.80005,1531.90002,1521.80005,1531
2015-01-29,1541.69995,1547,1525,1529
2015-01-30,1537.90002,1545.30005,1529,1545.30005
2015-02-02,1541.59998,1545.69995,1527,1527
2015-02-03,1543.099976,1543.5,1529,1530
2015-02-04,1529,1545.59998,1525,1525
2015-02-05,1562.90002,1562.90002,1530,1537
2015-02-06,1536.19995,1544.80005,1533,1533
2015-02-09,1562.5,1562.5,1535,1536
2015-02-10,1542.19995,1544.40002,1535,1536
2015-02-11,1539,1539,1535,1539
2015-02-12,1536.59998,1544.30005,1535,1539
2015-02-13,1536.69995,1546,1535,1540
2015-02-16,1546.80005,1546.80005,1540.19995,1540.19995
2015-02-17,1551.69995,1551.69995,1539,1545
2015-02-18,1540,1550.19995,1540,1545
2015-02-19,1541.30005,1541.30005,1531.59998,1535
2015-02-20,1535.40002,1535.40002,1530,1531
2015-02-23,1524.40002,1545,1524.40002,1545
2015-02-24,1527.80005,1545,1527.80005,1540
2015-02-25,1541.40002,1545,1532.40002,1540
2015-02-26,1530,1545,1530,1545
2015-02-27,1553.69995,1553.69995,1530,1535
2015-03-02,1538.59998,1545,1530,1545
2015-03-03,1550.90002,1550.90002,1531.90002,1540
2015-03-04,1529,1545,1529,1531
2015-03-05,1538.90002,1545,1531.90002,1539
2015-03-06,1536,1543.30005,1535,1535
2015-03-10,1535,1545,1529.80005,1530
2015-03-11,1535.30005,1536.90002,1530,1530
2015-03-12,1544.5,1544.5,1530,1530
2015-03-13,1548.19995,1548.19995,1530,1535
2015-03-16,1547.30005,1547.30005,1540,1540
2015-03-17,1538.19995,1545,1530,1530
2015-03-18,1544.90002,1544.90002,1529.40002,1531
2015-03-19,1489,1538.80005,1489,1531
2015-03-20,1541.90002,1541.90002,1530,1535
2015-03-23,1531,1543.80005,1530,1534
2015-03-24,1538.099976,1544.099976,1530,1530
2015-03-25,1531,1531,1530,1531
2015-03-26,1539.80005,1539.80005,1530,1531
2015-03-27,1546,1546,1529.40002,1541
2015-03-30,1530,1539,1527.90002,1537
2015-03-31,1538.19995,1541,1530,1537.099976
2015-04-01,1536.19995,1536.19995,1530,1531
2015-04-02,1534.59998,1545,1530,1536.5
2015-04-03,1537.099976,1546,1537.099976,1545
2015-04-06,1520.40002,1531,1519.90002,1530
2015-04-07,1527.30005,1545,1527.30005,1545
2015-04-08,1548.80005,1548.80005,1529.59998,1540
2015-04-09,1541.5,1541.5,1528.40002,1533
2015-04-10,1543.099976,1543.099976,1528,1531
2015-04-13,1524.099976,1545,1524.099976,1545
2015-04-14,1523.30005,1546,1523.30005,1546
2015-04-15,1533.40002,1545,1533.40002,1540
2015-04-16,1529.69995,1545,1525.30005,1525.30005
2015-04-17,1545.19995,1545.19995,1541,1541
2015-04-20,1532.30005,1545,1532.30005,1545
2015-04-21,1530.59998,1543,1530,1531
2015-04-22,1528.19995,1531,1528.19995,1530
2015-04-23,1535.90002,1545,1530,1530
2015-04-24,1533.80005,1542.80005,1530,1540
2015-04-27,1534.59998,1534.59998,1530,1530
2015-04-28,1529.099976,1544.80005,1525,1532
2015-04-29,1539.90002,1539.90002,1530,1532
2015-04-30,1513.5,1532.5,1513.5,1531
2015-05-01,1529.80005,1532,1528.40002,1531
2015-05-04,1532.90002,1540,1532.90002,1540
2015-05-05,1536.90002,1544.5,1536.90002,1539
2015-05-07,1524.5,1545,1524.5,1542
2015-05-08,1553.19995,1553.19995,1535,1535
2015-05-11,1546.80005,1546.80005,1539,1545
2015-05-12,1541.099976,1541.099976,1532.099976,1541
2015-05-13,1536.19995,1545,1533.80005,1542
2015-05-14,1517.30005,1547.30005,1517.30005,1542
2015-05-15,1549.30005,1549.30005,1540,1540
2015-05-18,1534.69995,1542,1533.69995,1542
2015-05-19,1551.5,1551.5,1544,1544
2015-05-20,1554.30005,1554.30005,1540,1545
2015-05-21,1543,1545,1540,1545
2015-05-22,1547.40002,1547.40002,1542,1545
2015-05-25,1572.40002,1572.40002,1537.59998,1537.59998
2015-05-26,1538.80005,1540,1529.59998,1531
2015-05-27,1534.19995,1534.19995,1528.5,1530
2015-05-29,1531.59998,1533.69995,1530,1530
2015-06-01,1534.5,1545,1533.19995,1545
2015-06-02,1540,1545,1532.80005,1540
2015-06-03,1527,1545,1527,1545
2015-06-04,1525.5,1545.80005,1525.5,1540
2015-06-05,1564.19995,1564.19995,1535,1535
2015-06-08,1554.19995,1555.69995,1530,1535
2015-06-09,1518.69995,1535,1518.69995,1535
2015-06-11,1528,1535,1528,1535
2015-06-12,1535.59998,1538.80005,1530,1533
2015-06-15,1533.59998,1578.19995,1530,1530
2015-06-16,1569.90002,1569.90002,1530,1543
2015-06-17,1546.099976,1546.099976,1533.19995,1540
2015-06-18,1519.59998,1532,1519.59998,1532
2015-06-19,1536,1576.59998,1530,1569.80005
2015-06-22,1568.30005,1568.30005,1529.19995,1533
2015-06-23,1532.19995,1539.099976,1525,1531
2015-06-24,1544.30005,1544.30005,1530,1531
2015-06-25,1540.40002,1545.099976,1530,1545
2015-06-26,1544.30005,1544.30005,1530,1535
2015-06-29,1572.59998,1600.59998,1555.90002,1571
2015-06-30,1587.30005,1587.30005,1540,1540
2015-07-01,1551.80005,1551.80005,1524.40002,1530
2015-07-02,1534.30005,1599.40002,1534.30005,1597.59998
2015-07-03,1601,1601,1570,1570
2015-07-06,1613.19995,1613.30005,1580,1580
2015-07-07,1611.59998,1616.19995,1575,1575
2015-07-08,1610.59998,1613.40002,1577,1580
2015-07-09,1613.40002,1613.40002,1580,1581
2015-07-10,1611.40002,1612.59998,1581,1581
2015-07-13,1623.69995,1623.69995,1579,1579
2015-07-14,1625.80005,1625.80005,1581,1589
2015-07-15,1617,1617,1579,1580
2015-07-16,1626,1626,1575,1575
2015-07-17,1579,1613.5,1579,1581
2015-07-20,1621.69995,1621.69995,1580,1581
2015-07-21,1615.90002,1615.90002,1579,1579
2015-07-22,1603.69995,1615.40002,1579,1580
2015-07-23,1615.40002,1615.40002,1580,1581
2015-07-24,1616.19995,1616.19995,1580,1580
2015-07-28,1576.5,1615.5,1543,1543
2015-07-29,1610.90002,1610.90002,1540,1540
2015-07-30,1531.19995,1531.19995,1530,1530
2015-07-31,1534,1534,1530,1530
2015-08-03,1530.5,1533,1530.19995,1531
2015-08-04,1531.69995,1540,1530,1537
2015-08-05,1544.80005,1547.90002,1531,1542.40002
2015-08-06,1543.19995,1543.19995,1530,1530
2015-08-07,1535,1553,1530,1550
2015-08-10,1528.30005,1545,1526.80005,1545
2015-08-11,1517.80005,1541,1517.80005,1540
2015-08-12,1530.59998,1539,1530.59998,1539
2015-08-13,1530.5,1535,1530,1530
2015-08-14,1528.30005,1542.19995,1528.30005,1530
2015-08-17,1545.30005,1545.30005,1534.099976,1534.099976
2015-08-18,1535.099976,1535.099976,1531.59998,1531.59998
2015-08-19,1536.30005,1536.30005,1519,1519
2015-08-20,1545.90002,1545.90002,1545.90002,1545.90002
2015-08-21,1536.90002,1536.90002,1533.099976,1533.099976
2015-08-24,1521.099976,1539.40002,1514.80005,1539.40002
2015-08-25,1528.59998,1544.099976,1528.59998,1544.099976
2015-08-26,1537.59998,1537.59998,1534.59998,1534.59998
2015-08-27,1545.90002,1545.90002,1532.30005,1532.30005
2015-08-28,1538.099976,1538.099976,1532.40002,1532.40002
2015-08-31,1541.69995,1541.69995,1531.40002,1531.40002
2015-09-01,1529,1533.30005,1529,1533.30005
2015-09-02,1533.19995,1533.19995,1533.19995,1533.19995
2015-09-03,1538.59998,1545.80005,1532.80005,1545.80005
2015-09-04,1531,1531,1531,1531
2015-09-07,1529.40002,1543.19995,1529.40002,1530
2015-09-08,1542.5,1544,1530,1531
2015-09-09,1537.90002,1544.69995,1530,1530
2015-09-10,1534.80005,1546,1534.80005,1535
2015-09-14,1522.19995,1540,1519.19995,1537
2015-09-15,1533.69995,1544.80005,1533.69995,1540
2015-09-16,1549.59998,1549.59998,1540,1540
2015-09-17,1535.59998,1544,1535.59998,1541
2015-09-18,1527.5,1544.90002,1527.5,1530
2015-09-21,1563.099976,1563.099976,1530,1531
2015-09-22,1544.19995,1544.19995,1530,1533
2015-09-23,1530.69995,1531,1530,1531
2015-09-24,1527,1544.5,1527,1533
2015-09-25,1552.40002,1552.40002,1530,1530
2015-09-28,1541.5,1545.19995,1530,1533
2015-09-29,1535.80005,1545.5,1532.40002,1537
2015-09-30,1541.80005,1550,1537,1541
2015-10-01,1557.099976,1557.099976,1530.69995,1541
2015-10-06,1541.19995,1541.19995,1530.69995,1530.69995
2015-10-07,1544.40002,1544.40002,1540,1543
2015-10-08,1547,1552.40002,1535,1535
2015-10-09,1553.5,1553.5,1532,1532
2015-10-12,1544.90002,1544.90002,1544.90002,1544.90002
2015-10-13,1547.099976,1547.099976,1530,1531
2015-10-14,1531.90002,1544.5,1530,1530
2015-10-15,1535.90002,1538.5,1530,1533
2015-10-16,1548.90002,1550.80005,1531,1531
2015-10-19,1549,1549,1540,1540
2015-10-20,1544.69995,1545.80005,1540,1540
2015-10-21,1549.19995,1549.19995,1512.19995,1530
2015-10-22,1544,1544,1530,1530
2015-10-23,1534.69995,1534.69995,1530,1530
2015-10-26,1542,1544.69995,1533,1533
2015-10-27,1540.099976,1545.40002,1530,1530
2015-10-28,1549.5,1549.5,1530,1530
2015-10-29,1555.19995,1555.59998,1530,1530
2015-10-30,1541.90002,1545,1531.30005,1545
2015-11-02,1530.40002,1544.59998,1530.40002,1540
2015-11-03,1545,1559.90002,1534,1534
2015-11-04,1562.5,1562.5,1536,1539
2015-11-05,1546.19995,1549.59998,1530,1533
2015-11-06,1543,1545,1531.5,1543
2015-11-09,1562.30005,1562.30005,1529.5,1534.19995
2015-11-10,1533.19995,1545,1533.19995,1540
2015-11-11,1542.80005,1542.80005,1513.80005,1513.80005
2015-11-12,1511.59998,1534,1511.59998,1516.30005
2015-11-13,1517.19995,1544.19995,1517.19995,1530
2015-11-16,1553.80005,1553.80005,1531,1539
2015-11-17,1538.5,1546.40002,1538.5,1546.40002
2015-11-18,1547.30005,1547.30005,1540,1540
2015-11-19,1540.69995,1540.69995,1521.90002,1521.90002
2015-11-20,1521.59998,1548.59998,1521.59998,1548.59998
2015-11-23,1550.40002,1550.40002,1527.59998,1527.59998
2015-11-24,1527.80005,1532.69995,1527.80005,1532.69995
2015-11-25,1532,1541.80005,1532,1538.40002
2015-11-26,1538.59998,1538.59998,1530.69995,1531.90002
2015-11-27,1532.40002,1541,1521.69995,1521.69995
2015-11-30,1523.59998,1543.30005,1522.80005,1541
2015-12-01,1544.40002,1544.40002,1539.30005,1541
2015-12-02,1539.5,1544,1539.5,1541.80005
2015-12-03,1542.099976,1547,1490,1490
2015-12-04,1489.80005,1545.099976,1489.80005,1545.099976
2015-12-07,1546.69995,1546.69995,1526,1526
2015-12-08,1526,1542.30005,1526,1537.099976
2015-12-09,1539,1539,1517.69995,1517.69995
2015-12-10,1518.30005,1545,1518.30005,1543
2015-12-11,1547.099976,1547.099976,1528.59998,1528.59998
2015-12-14,1530.099976,1537.40002,1530,1530
2015-12-15,1535.80005,1556,1535.80005,1556
2015-12-16,1555.099976,1555.099976,1540,1546.59998
2015-12-17,1552,1552,1530,1545.59998
2015-12-18,1530,1534,1528.80005,1528.80005
2015-12-22,1523.30005,1545,1523.30005,1540
2015-12-23,1543.5,1543.5,1530,1532.90002
2015-12-24,1531.40002,1543,1528.099976,1528.099976
2015-12-25,1528.099976,1528.099976,1526.30005,1526.30005
2015-12-28,1527.099976,1540,1527.099976,1534.099976
2015-12-29,1532.5,1541.19995,1532.5,1541.19995
2015-12-30,1540.30005,1544.099976,1530,1531
2015-12-31,1542.59998,1542.59998,1530,1536.19995
2016-01-01,1536.19995,1536.19995,1535.59998,1535.90002
2016-01-04,1537.80005,1544.099976,1530,1544.099976
2016-01-05,1543.40002,1545.19995,1530,1545.19995
2016-01-06,1545.59998,1547,1531,1547
2016-01-07,1539.59998,1546,1536.19995,1536.19995
2016-01-08,1537,1544.69995,1536.90002,1536.90002
2016-01-11,1535.69995,1544.40002,1535.69995,1544.40002
2016-01-12,1546.30005,1546.30005,1544,1544
2016-01-13,1546.69995,1546.69995,1536.40002,1536.40002
2016-01-14,1533.80005,1545.19995,1533.80005,1545.19995
2016-01-15,1553.40002,1553.40002,1536.5,1536.5
2016-01-18,1536,1545,1529.80005,1530.099976
2016-01-19,1531,1543.099976,1530,1537.80005
2016-01-20,1535.30005,1546.90002,1534,1546.90002
2016-01-21,1549.30005,1549.30005,1537,1549.099976
2016-01-22,1552.59998,1552.59998,1532,1536.099976
2016-01-25,1536.5,1536.5,1524.5,1524.5
2016-01-27,1539.80005,1544.099976,1530,1540.80005
2016-01-28,1541.19995,1545,1530,1535
2016-01-29,1541.80005,1556.19995,1540,1556.19995
2016-02-01,1555.19995,1555.19995,1540.69995,1540.69995
2016-02-02,1540,1541,1539,1539.19995
2016-02-03,1537.40002,1546,1522.30005,1522.30005
2016-02-04,1518,1537,1518,1535
2016-02-05,1530.5,1545.19995,1530.5,1541
2016-02-08,1551.69995,1551.69995,1534,1540
2016-02-09,1522,1546,1515,1534.69995
2016-02-10,1534,1546.099976,1533,1537
2016-02-11,1537,1537,1530,1531
2016-02-12,1536.19995,1536.19995,1531,1535.30005
2016-02-15,1538.30005,1544.59998,1530,1530
2016-02-16,1548.099976,1548.099976,1530,1531
2016-02-17,1535.5,1547.69995,1530,1547.69995
2016-02-18,1546.30005,1546.30005,1535,1543.40002
2016-02-19,1542.19995,1543.30005,1535,1540.90002
2016-02-22,1544.19995,1546.5,1539,1545
2016-02-23,1544.69995,1546,1541,1541
2016-02-24,1541.30005,1541.30005,1523.80005,1523.80005
2016-02-25,1524.40002,1545.90002,1524.40002,1545.90002
2016-02-26,1541.5,1557.69995,1540,1557.69995
2016-02-29,1558.59998,1558.80005,1530,1558.80005
2016-03-01,1559.5,1559.5,1528,1552.80005
2016-03-02,1551.90002,1554,1530,1531
2016-03-03,1530.5,1534.099976,1523.5,1523.5
2016-03-04,1523.80005,1544.80005,1523.80005,1541.30005
2016-03-07,1542.90002,1542.90002,1511.59998,1511.59998
2016-03-08,1503.19995,1534.90002,1503.19995,1534.90002
2016-03-09,1536.59998,1544.30005,1536.59998,1544.30005
2016-03-10,1542.80005,1542.80005,1529.30005,1529.30005
2016-03-11,1500.90002,1523.80005,1500.90002,1519.19995
2016-03-14,1518.40002,1546,1518.40002,1545.40002
2016-03-15,1543,1544.5,1534.80005,1540
2016-03-16,1541,1545,1517.19995,1517.19995
2016-03-17,1516.59998,1547.5,1516.59998,1546.59998
2016-03-18,1526,1526,1526,1526
2016-03-21,1524.80005,1546,1524.80005,1530
2016-03-22,1549.90002,1549.90002,1530,1540
2016-03-23,1541,1549.59998,1533.90002,1541
2016-03-25,1536.30005,1541,1536.19995,1541
2016-03-28,1537.59998,1541,1536.59998,1541
2016-03-29,1531.90002,1541,1531.90002,1540
2016-03-30,1523,1541,1523,1529
2016-03-31,1545,1545,1540,1541
2016-04-01,1545.19995,1545.69995,1540,1540
2016-04-04,1547.30005,1547.30005,1530,1530
2016-04-05,1528.80005,1545.40002,1528,1537
2016-04-07,1542.69995,1549,1534,1545.59998
2016-04-08,1532.099976,1536,1530,1530
2016-04-11,1526.90002,1546,1526.59998,1545
2016-04-12,1542.59998,1546.19995,1538,1541
2016-04-13,1549,1549,1530,1540
2016-04-14,1534.59998,1539,1530,1531
2016-04-15,1533.30005,1537,1530,1536
2016-04-18,1529.80005,1536,1524.90002,1530
2016-04-19,1524.69995,1535,1520.59998,1525
2016-04-20,1517,1530.90002,1517,1528
2016-04-21,1539.80005,1539.80005,1530,1535.099976
2016-04-22,1536.80005,1536.80005,1530,1530
2016-04-25,1542.80005,1542.80005,1530,1531
2016-04-26,1530.90002,1545,1530,1540
2016-04-27,1537.099976,1537.099976,1530.19995,1530.19995
2016-04-28,1532.40002,1535,1530,1531
2016-04-29,1530.69995,1538.80005,1530,1531
2016-05-02,1529.90002,1531.80005,1529.90002,1531.80005
2016-05-03,1525.40002,1544.099976,1525.40002,1544
2016-05-04,1538,1538,1530,1530
2016-05-05,1539,1539,1530,1533.40002
2016-05-06,1534.30005,1544,1530,1530
2016-05-09,1549.5,1549.5,1530,1530
2016-05-10,1533.5,1533.5,1530,1531
2016-05-11,1531.40002,1541,1530,1541
2016-05-12,1528.30005,1544,1528.30005,1541
2016-05-13,1547.90002,1547.90002,1530,1531
2016-05-16,1536.59998,1546.19995,1536.59998,1546.19995
2016-05-17,1545.099976,1545.099976,1530,1530
2016-05-18,1546.30005,1546.30005,1530,1531
2016-05-19,1539.69995,1539.69995,1530,1530
2016-05-20,1539.90002,1545.40002,1530,1531
2016-05-23,1544.099976,1544.099976,1530,1530
2016-05-24,1536.90002,1536.90002,1530,1531
2016-05-25,1538.40002,1538.40002,1530,1531
2016-05-26,1529,1532.19995,1529,1531
2016-05-27,1529.69995,1531,1529.69995,1531
2016-05-30,1539.59998,1544.90002,1539.59998,1544.90002
2016-05-31,1543.59998,1543.59998,1530,1531
2016-06-01,1537,1537,1530,1530
2016-06-02,1527.69995,1537.099976,1527.69995,1531
2016-06-03,1537.19995,1537.19995,1530,1530
2016-06-06,1503.80005,1544.80005,1503.80005,1530
2016-06-07,1541.40002,1541.40002,1530,1530
2016-06-08,1533,1544.69995,1530,1530
2016-06-09,1541.099976,1541.099976,1530,1531
2016-06-10,1543.5,1543.5,1528,1531
2016-06-13,1546.59998,1546.59998,1530,1530
2016-06-14,1542.90002,1542.90002,1530,1530
2016-06-15,1538.099976,1631.69995,1530,1626.80005
2016-06-16,1626.5,1660.30005,1530,1657
2016-06-17,1650.19995,1657,1630,1630
2016-06-20,1663.40002,1665,1650,1665
2016-06-21,1664,1664,1634.59998,1644
2016-06-22,1644.59998,1661,1641.099976,1641.099976
2016-06-23,1644.59998,1661,1644.59998,1658.099976
2016-06-24,1666.30005,1666.30005,1648.80005,1648.80005
2016-06-27,1661.69995,1661.69995,1648,1656.5
2016-06-28,1657.19995,1657.19995,1647,1655.5
2016-06-29,1654.099976,1660.5,1650,1654.69995
2016-06-30,1655.19995,1656.40002,1649.30005,1656.40002
2016-07-01,1656.19995,1660.5,1646.099976,1646.5
2016-07-04,1647.59998,1647.59998,1630.19995,1630.19995
2016-07-05,1631.59998,1665,1631.59998,1665
2016-07-06,1665.90002,1665.90002,1650,1652.90002
2016-07-07,1653.80005,1655,1650,1652.80005
2016-07-08,1651.59998,1655,1650,1654.69995
2016-07-11,1655.69995,1655.69995,1634.099976,1650
2016-07-12,1633.19995,1651,1633.19995,1639.5
2016-07-13,1640.19995,1655,1633.40002,1633.40002
2016-07-14,1633.099976,1651,1632.5,1632.5
2016-07-15,1633.30005,1646,1630.69995,1645.59998
2016-07-18,1641.80005,1641.80005,1630.59998,1630.59998
2016-07-19,1632,1640.69995,1632,1640.69995
2016-07-20,1641.69995,1655,1634.40002,1634.40002
2016-07-21,1633.80005,1655,1633.80005,1633.90002
2016-07-22,1633.099976,1655,1633.099976,1641.30005
2016-07-25,1642,1655,1634.59998,1634.59998
2016-07-26,1635.59998,1650,1635.59998,1637.80005
2016-07-27,1637.59998,1641,1626.5,1641
2016-07-28,1624.30005,1653.5,1624.30005,1653.5
2016-07-29,1653.099976,1655.59998,1640,1646.5
2016-08-01,1647.19995,1655,1647.19995,1650.30005
2016-08-02,1649.69995,1653,1632.19995,1632.5
2016-08-03,1647.90002,1655.59998,1647.90002,1655.59998
2016-08-04,1655.80005,1655.80005,1636.5,1651
2016-08-05,1636,1660.69995,1636,1660.69995
2016-08-08,1661,1661,1650,1651.30005
2016-08-09,1651.30005,1651.40002,1643.69995,1643.69995
2016-08-10,1642,1651,1642,1650.40002
2016-08-11,1649.40002,1651,1636.099976,1638.099976
2016-08-12,1637.59998,1651,1635.30005,1635.30005
2016-08-15,1635.19995,1651,1635.19995,1650
2016-08-16,1635.19995,1657.80005,1635.19995,1657.80005
2016-08-17,1657.69995,1657.69995,1636.80005,1651
2016-08-18,1637.90002,1655,1633.5,1634.30005
2016-08-19,1637.099976,1651,1637.099976,1650
2016-08-22,1641.19995,1657.5,1641.19995,1653.69995
2016-08-23,1654.59998,1656.69995,1650,1656.69995
2016-08-24,1657.099976,1657.099976,1645,1650.69995
2016-08-25,1651.099976,1651.099976,1649.80005,1650.40002
2016-08-26,1649.5,1671.90002,1649.5,1671.90002
2016-08-29,1671.69995,1671.69995,1647,1647
2016-08-30,1647,1655.90002,1647,1655.099976
2016-08-31,1652.69995,1652.69995,1650,1650
2016-09-01,1649.90002,1658.099976,1649.90002,1650.80005
2016-09-02,1651,1651,1637.90002,1642.69995
2016-09-05,1642.099976,1652.59998,1642.099976,1652.59998
2016-09-06,1652.40002,1653.099976,1640.5,1640.5
2016-09-07,1640.80005,1657.69995,1640.80005,1657.69995
2016-09-08,1657.59998,1657.59998,1650,1654.30005
2016-09-09,1654.099976,1654.099976,1638.80005,1643.69995
2016-09-12,1638.80005,1655,1637.19995,1637.19995
2016-09-13,1636.90002,1651,1636.90002,1651
2016-09-14,1641.40002,1651,1641.40002,1646.69995
2016-09-15,1647,1651,1643.30005,1643.30005
2016-09-16,1642.69995,1666,1642.69995,1666
2016-09-19,1666,1666,1637.19995,1655
2016-09-20,1637.5,1655,1637.5,1650
2016-09-21,1644.5,1655,1633.90002,1650
2016-09-22,1640.59998,1651,1640.59998,1644.30005
2016-09-23,1644.19995,1650,1640.19995,1640.19995
2016-09-26,1638.19995,1651,1638.19995,1639.40002
2016-09-27,1639.80005,1651,1639.80005,1645.59998
2016-09-28,1645.90002,1651,1640.80005,1640.80005
2016-09-29,1640.099976,1651,1638.80005,1641.099976
2016-09-30,1641.19995,1651,1630.099976,1630.099976
2016-10-03,1631.40002,1651,1631.40002,1645.5
2016-10-04,1645.80005,1650,1636.90002,1636.90002
2016-10-05,1636.40002,1650,1634.5,1650
2016-10-06,1644,1651,1642,1647.90002
2016-10-07,1648.90002,1651,1637.40002,1637.40002
2016-10-10,1638.19995,1649.90002,1638.19995,1649.90002
2016-10-11,1650,1651,1645.69995,1650.40002
2016-10-12,1649.5,1651,1645.40002,1647.19995
2016-10-13,1647.30005,1651,1642.19995,1642.19995
2016-10-14,1643.40002,1652.5,1643.40002,1652.5
2016-10-17,1653.30005,1653.30005,1650,1650.40002
2016-10-18,1648.59998,1660.69995,1645,1660.69995
2016-10-19,1661.19995,1661.19995,1646,1650.30005
2016-10-20,1650.099976,1654.59998,1647.099976,1650
2016-10-21,1654.30005,1654.30005,1646.90002,1647.69995
2016-10-24,1648.40002,1649.099976,1646.80005,1649.099976
2016-10-25,1649.90002,1649.90002,1648.40002,1648.40002
2016-10-26,1648.59998,1651.80005,1648.59998,1651.80005
2016-10-27,1651.69995,1653.19995,1648.69995,1653.19995
2016-10-28,1653.40002,1653.40002,1636.59998,1636.59998
2016-10-31,1638.90002,1659,1638.90002,1646.69995
2016-11-01,1647.19995,1659,1647.19995,1659
2016-11-02,1644,1661,1644,1648.40002
2016-11-03,1647.5,1650,1643.59998,1643.59998
2016-11-04,1644.40002,1650,1642.90002,1642.90002
2016-11-07,1649.19995,1660,1648.19995,1651.59998
2016-11-08,1652.40002,1661,1649.90002,1653.40002
2016-11-09,1656.5,1660,1649,1650
2016-11-10,1674.19995,1674.19995,1649,1650.69995
2016-11-11,1650.90002,1651.80005,1648.90002,1651.80005
2016-11-14,1659.5,1661.69995,1650,1656
2016-11-15,1652.69995,1655.80005,1649.69995,1655.80005
2016-11-16,1653.40002,1660,1648.69995,1648.69995
2016-11-17,1647.90002,1666.59998,1647.90002,1666.59998
2016-11-18,1668.099976,1668.099976,1650,1655.099976
2016-11-21,1653.69995,1665,1648.69995,1649.30005
2016-11-22,1648.40002,1666,1648.40002,1650.69995
2016-11-23,1651.099976,1665,1645.80005,1656.69995
2016-11-24,1658.40002,1658.40002,1644.40002,1647
2016-11-25,1647.19995,1666,1644.30005,1644.30005
2016-11-28,1639,1666,1635.5,1644.80005
2016-11-29,1645.30005,1666,1638,1638
2016-11-30,1638.19995,1666,1638.19995,1666
2016-12-01,1654.59998,1666,1640.099976,1640.099976
2016-12-02,1639.90002,1666,1639.90002,1644.30005
2016-12-05,1659.40002,1666,1637.099976,1637.099976
2016-12-06,1665,1666,1638.30005,1649.80005
2016-12-07,1650.69995,1666,1642.5,1642.5
2016-12-08,1642.59998,1674.099976,1642.59998,1674.099976
2016-12-09,1673.59998,1673.59998,1648.099976,1649.59998
2016-12-12,1653,1670,1643,1643
2016-12-13,1642.19995,1666,1642.19995,1644.40002
2016-12-14,1643.69995,1666,1643.69995,1666
2016-12-15,1673.19995,1673.19995,1645,1646.59998
2016-12-16,1645.30005,1666,1645.30005,1666
2016-12-19,1646.59998,1671,1644.59998,1652.30005
2016-12-20,1651.69995,1671,1645.80005,1645.80005
2016-12-21,1645.90002,1666,1644.099976,1644.59998
2016-12-22,1643.099976,1666,1643.099976,1650
2016-12-23,1649.90002,1661,1648.099976,1648.099976
2016-12-26,1647.80005,1647.80005,1647.30005,1647.30005
2016-12-28,1646.19995,1649.099976,1646.19995,1648.90002
2016-12-29,1646.80005,1661,1642.90002,1642.90002
2016-12-30,1633.19995,1654.40002,1633.19995,1654.40002
2017-01-02,1654.40002,1654.40002,1649.099976,1650.099976
2017-01-03,1650.5,1650.5,1646.80005,1646.80005
2017-01-04,1648.5,1649.90002,1640.19995,1640.19995
2017-01-05,1632.099976,1647.5,1631.69995,1631.69995
2017-01-06,1634.19995,1675,1634.19995,1657.80005
2017-01-09,1657.5,1657.5,1639.90002,1639.90002
2017-01-10,1638.90002,1652.69995,1638.90002,1652.69995
2017-01-11,1652.59998,1652.59998,1640,1640
2017-01-12,1640.099976,1671,1640.099976,1655.59998
2017-01-13,1656.69995,1671,1650.5,1651.19995
2017-01-16,1653.19995,1675,1649.099976,1649.099976
2017-01-17,1648.69995,1676,1648.69995,1650.69995
2017-01-18,1650.90002,1677,1650.90002,1677
2017-01-19,1660.40002,1679,1651.30005,1651.5
2017-01-20,1652.5,1679,1650.5,1675
2017-01-23,1638.19995,1677,1634.69995,1645.69995
2017-01-24,1646.80005,1681,1646.80005,1680
2017-01-25,1653.5,1681,1652.30005,1652.69995
2017-01-26,1650.30005,1681,1650.30005,1660.099976
2017-01-27,1659.59998,1681,1653.19995,1675
2017-01-30,1647.40002,1679,1647.40002,1655.099976
2017-01-31,1655.40002,1679,1654.59998,1654.59998
2017-02-01,1654.19995,1679,1654.19995,1666.80005
2017-02-02,1664.099976,1679,1661.40002,1671
2017-02-03,1668,1671,1652.69995,1652.69995
2017-02-06,1653.099976,1671,1653.099976,1659.69995
2017-02-07,1662,1680,1660.80005,1677
2017-02-08,1660.30005,1670,1653.90002,1653.90002
2017-02-09,1655.099976,1671,1655.099976,1665.099976
2017-02-10,1665,1671,1661.19995,1661.19995
2017-02-13,1664.30005,1680,1661.099976,1668.80005
2017-02-14,1668,1681,1661.80005,1669.80005
2017-02-15,1671.099976,1681,1655.5,1655.5
2017-02-16,1651.69995,1681,1651.69995,1656.099976
2017-02-17,1656.69995,1681,1656.69995,1666.90002
2017-02-20,1666.5,1666.5,1661.69995,1664.099976
2017-02-21,1667.40002,1681,1663.40002,1663.40002
2017-02-22,1662,1681,1662,1681
2017-02-23,1653.80005,1681,1653.80005,1671
2017-02-24,1658.90002,1671,1658.90002,1671
2017-02-27,1669.5,1671,1662.80005,1670
2017-02-28,1663.19995,1689,1663,1689
2017-03-01,1669,1689,1664.099976,1687
2017-03-02,1661.59998,1689,1661.59998,1665.5
2017-03-03,1663.90002,1690,1662.099976,1690
2017-03-06,1651.30005,1691,1651.30005,1690
2017-03-07,1663.80005,1691,1663.59998,1664.59998
2017-03-08,1663.59998,1691,1663.19995,1666.099976
2017-03-09,1666.69995,1691,1661,1661
2017-03-10,1659.40002,1691,1659.40002,1690
2017-03-13,1652,1691,1647.90002,1685.90002
2017-03-14,1685.5,1691,1663.80005,1668.19995
2017-03-15,1667.19995,1691,1663.40002,1690
2017-03-16,1646.80005,1691,1646.80005,1657.19995
2017-03-17,1657.59998,1691,1657.59998,1663.90002
2017-03-20,1662,1691,1658.40002,1688.5
2017-03-21,1684.80005,1693,1684.80005,1687.59998
2017-03-22,1688.5,1693,1678.5,1678.5
2017-03-23,1679.69995,1691,1665.40002,1665.40002
2017-03-24,1667.90002,1695,1665.90002,1666.40002
2017-03-27,1659.30005,1699,1655.59998,1691
2017-03-28,1666.099976,1691,1666.099976,1691
2017-03-29,1671.40002,1691,1665.5,1691
2017-03-30,1669.80005,1691,1665.099976,1674.80005
2017-03-31,1673.69995,1690,1665.19995,1669.40002
2017-04-03,1667.30005,1681,1663.90002,1663.90002
2017-04-04,1663.80005,1679,1660.80005,1660.80005
2017-04-05,1660.40002,1681,1660.40002,1666.59998
2017-04-06,1666.099976,1681,1665.69995,1669.5
2017-04-07,1669.59998,1681,1666.90002,1670
2017-04-10,1674.099976,1674.099976,1666.90002,1670
2017-04-11,1666.5,1671,1666.5,1670
2017-04-12,1666.90002,1671,1666.80005,1670
2017-04-13,1656.40002,1671,1656.40002,1670
2017-04-14,1671,1671.5,1670,1671.5
2017-04-18,1666.59998,1691,1657.40002,1657.40002
2017-04-19,1657.80005,1691,1657.80005,1670.19995
2017-04-20,1669.59998,1697,1668.59998,1674
2017-04-21,1674.59998,1695,1664.19995,1664.19995
2017-04-24,1641.80005,1691,1641.80005,1666.90002
2017-04-25,1667.19995,1691,1663.69995,1690
2017-04-26,1661,1691,1661,1666.59998
2017-04-27,1666.099976,1691,1666.099976,1672.40002
2017-04-28,1673.40002,1691,1670,1675.099976
2017-05-01,1673.69995,1691,1673.69995,1690
2017-05-02,1673.19995,1695,1668.59998,1690
2017-05-04,1672.19995,1695,1669.59998,1690
2017-05-05,1661.19995,1691,1661.19995,1691
2017-05-08,1668.099976,1691,1668.099976,1673.099976
2017-05-09,1672.40002,1691,1668.80005,1673.30005
2017-05-10,1671.19995,1691,1669.80005,1669.80005
2017-05-11,1669.90002,1681,1669.59998,1671.099976
2017-05-12,1670.69995,1681,1670.099976,1681
2017-05-15,1662.19995,1691,1662.19995,1690
2017-05-16,1670.69995,1691,1666.59998,1666.59998
2017-05-17,1666.40002,1691,1665.5,1665.5
2017-05-18,1667.099976,1697,1667.099976,1697
2017-05-19,1695.30005,1695.30005,1673.40002,1691
2017-05-22,1668,1691,1668,1673
2017-05-23,1673,1691,1673,1683.19995
2017-05-24,1683.59998,1691,1670.40002,1670.59998
2017-05-25,1668.69995,1691,1668.69995,1676
2017-05-26,1675.69995,1691,1674.90002,1680.69995
2017-05-29,1681.69995,1681.69995,1674.59998,1677.90002
2017-05-31,1697.099976,1701,1695.40002,1695.90002
2017-06-01,1696.099976,1702.40002,1696.099976,1702.40002
2017-06-02,1702.40002,1702.40002,1690.69995,1690.69995
2017-06-05,1691.5,1701,1691.5,1698.40002
2017-06-06,1698.19995,1701.5,1696.30005,1701
2017-06-07,1697.40002,1701.099976,1693.90002,1693.90002
2017-06-08,1694.40002,1705.69995,1694.40002,1705.69995
2017-06-09,1707.19995,1707.19995,1698.69995,1698.69995
2017-06-12,1698,1705,1695.90002,1703
2017-06-13,1704,1705,1700,1701.59998
2017-06-14,1701.5,1702.30005,1700,1701
2017-06-15,1700.69995,1702.59998,1700,1700
2017-06-16,1704.59998,1704.59998,1700,1700
2017-06-19,1698.30005,1711.40002,1698.30005,1711.40002
2017-06-20,1712.099976,1712.099976,1700,1705.5
2017-06-21,1705,1705,1700,1700
2017-06-22,1700.099976,1704.90002,1700,1704.90002
2017-06-26,1697.90002,1711,1697.90002,1702.19995
2017-06-27,1702.5,1711,1691.69995,1691.69995
2017-06-28,1691.80005,1711,1691.80005,1700.5
2017-06-29,1700.5,1705,1698.30005,1698.30005
2017-06-30,1698.59998,1703.40002,1698.59998,1700.5
2017-07-03,1700.69995,1705.90002,1700,1705.90002
2017-07-04,1704.40002,1705.40002,1704.40002,1704.90002
2017-07-05,1703.19995,1703.59998,1700,1700.099976
2017-07-06,1700.40002,1701,1669.59998,1700
2017-07-07,1662.30005,1704.69995,1662.30005,1701
2017-07-10,1705.80005,1705.80005,1700,1703.90002
2017-07-11,1704.19995,1704.80005,1694.59998,1694.59998
2017-07-12,1693.30005,1711.30005,1693.30005,1711.30005
2017-07-13,1710.40002,1710.40002,1700,1703.5
2017-07-14,1703,1703,1662.099976,1662.099976
2017-07-17,1661.40002,1705.40002,1661.40002,1703.80005
2017-07-18,1704.30005,1707.099976,1700,1707.099976
2017-07-19,1708.099976,1710,1700,1708.19995
2017-07-20,1706.59998,1711,1688.69995,1688.69995
2017-07-21,1689.5,1711,1689.5,1705.30005
2017-07-24,1702.69995,1711,1702.69995,1709.5
2017-07-25,1709.59998,1711,1707.69995,1709.30005
2017-07-26,1709.80005,1711,1709,1710
2017-07-27,1696.5,1713.69995,1696.5,1713.69995
2017-07-28,1711.90002,1711.90002,1703.90002,1703.90002
2017-07-31,1704.19995,1711,1694.90002,1694.90002
2017-08-01,1697.69995,1721,1697.69995,1711.90002
2017-08-02,1711.19995,1721,1707.90002,1707.90002
2017-08-03,1708.5,1721,1706.90002,1706.90002
2017-08-04,1705.40002,1726.30005,1700,1726.30005
2017-08-07,1725.59998,1725.59998,1700,1712.90002
2017-08-08,1712.19995,1722.30005,1700,1722.30005
2017-08-09,1721.90002,1721.90002,1709.59998,1709.59998
2017-08-10,1709,1714,1706.90002,1706.90002
2017-08-11,1706.69995,1713.099976,1704.80005,1704.80005
2017-08-14,1704.19995,1716.80005,1704.19995,1716.80005
2017-08-15,1717.5,1717.5,1713.59998,1716.30005
2017-08-16,1715.90002,1715.90002,1704.099976,1704.099976
2017-08-17,1703.80005,1715.5,1703.80005,1710.59998
2017-08-18,1712,1714.80005,1712,1713.30005
2017-08-21,1713.80005,1715.59998,1707.5,1707.5
2017-08-22,1707.80005,1715.30005,1707.80005,1714.40002
2017-08-23,1714.5,1721,1700,1712.099976
2017-08-24,1711.099976,1721,1711.099976,1715.40002
2017-08-25,1715.40002,1721,1701.69995,1701.69995
2017-08-28,1697.59998,1721,1697.59998,1711.80005
2017-08-29,1713.59998,1728,1713.59998,1721
2017-08-30,1727.30005,1727.30005,1718.30005,1726.19995
2017-08-31,1726.30005,1726.30005,1710.30005,1710.30005
2017-09-01,1711.30005,1726.5,1711.30005,1726.5
2017-09-04,1723.5,1723.5,1719.69995,1720.69995
2017-09-05,1721.69995,1721.69995,1717.5,1717.5
2017-09-06,1715.80005,1730,1715.80005,1720.5
2017-09-07,1719.80005,1731,1714.80005,1714.80005
2017-09-08,1714,1731,1714,1725.30005
2017-09-12,1728,1731,1717.30005,1717.30005
2017-09-13,1716,1735.59998,1716,1735.59998
2017-09-14,1735.5,1735.5,1719.40002,1719.40002
2017-09-15,1718.69995,1731,1718.69995,1722.59998
2017-09-18,1723.90002,1730,1720,1722.90002
2017-09-19,1722,1722.5,1720,1721.90002
2017-09-20,1722.40002,1739.69995,1720,1739.69995
2017-09-21,1742.19995,1742.19995,1718.099976,1718.099976
2017-09-22,1717.19995,1735,1717.19995,1726.40002
2017-09-25,1729.5,1729.5,1723.69995,1728.099976
2017-09-26,1726.90002,1727,1720,1720
2017-09-27,1723,1725.5,1715,1725.19995
2017-09-28,1723.80005,1726,1715,1723.90002
2017-09-29,1724.40002,1735.5,1720,1735.5
2017-10-02,1726,1727.40002,1725.80005,1727.40002
2017-10-03,1727.30005,1728.30005,1725.80005,1728.30005
2017-10-04,1726.90002,1728.5,1720,1728.5
2017-10-06,1732.69995,1732.69995,1724.80005,1724.80005
2017-10-09,1722.90002,1729.30005,1722.90002,1729.30005
2017-10-10,1729.19995,1731,1724.90002,1724.90002
2017-10-11,1724.30005,1731,1724,1724
2017-10-12,1723.19995,1733.19995,1723.19995,1733.19995
2017-10-13,1733.19995,1734.19995,1728.90002,1729.099976
2017-10-16,1730,1730.5,1729.69995,1730.5
2017-10-17,1731.099976,1731.099976,1729.30005,1729.30005
2017-10-18,1728.80005,1731,1720.099976,1720.099976
2017-10-19,1720,1731,1720,1723.099976
2017-10-20,1722.59998,1734.40002,1722.59998,1734.40002
2017-10-23,1738.80005,1738.80005,1726.099976,1726.099976
2017-10-24,1725.5,1731,1725.5,1726.5
2017-10-25,1727,1755,1722.19995,1722.19995
2017-10-26,1721.19995,1751.5,1721.19995,1751.5
2017-10-27,1753.69995,1753.69995,1729.30005,1730
2017-10-30,1730.099976,1750,1725.69995,1725.69995
2017-10-31,1725.5,1741,1725.5,1726.5
2017-11-01,1727.69995,1741,1727.30005,1730.90002
2017-11-02,1728.40002,1741,1726.099976,1727.099976
2017-11-03,1727.30005,1741,1727.30005,1734.099976
2017-11-06,1734.40002,1741,1725.099976,1725.099976
2017-11-07,1725,1741,1725,1725.40002
2017-11-08,1724.59998,1741,1724.59998,1728.59998
2017-11-09,1729.59998,1741,1729.59998,1732.40002
2017-11-10,1730.69995,1741,1724.90002,1724.90002
2017-11-13,1727.40002,1741,1726.69995,1726.69995
2017-11-14,1725.59998,1741,1718,1718
2017-11-15,1719,1741,1719,1739.80005
2017-11-16,1739,1741,1728.40002,1728.40002
2017-11-17,1725.69995,1741,1725.69995,1730
2017-11-20,1736.90002,1741,1729.59998,1735.80005
2017-11-21,1734.5,1741,1733.099976,1733.099976
2017-11-22,1732.19995,1741,1719.099976,1740
2017-11-23,1719.80005,1730.099976,1719.80005,1729.80005
2017-11-24,1730.40002,1741,1719.30005,1719.30005
2017-11-27,1721.59998,1741,1721,1736
2017-11-28,1734.90002,1741,1730.90002,1736.40002
2017-11-29,1740,1741,1729.40002,1729.40002
2017-11-30,1728.90002,1741,1722.59998,1722.59998
2017-12-01,1720.19995,1741,1720.19995,1731.5
2017-12-04,1735.5,1741,1729.69995,1729.69995
2017-12-05,1729.30005,1741,1729.30005,1737
2017-12-06,1737.80005,1741,1731.40002,1732.59998
2017-12-07,1733.69995,1751,1732.099976,1732.90002
2017-12-08,1734.19995,1751,1726,1726
2017-12-11,1731.40002,1751,1731.40002,1734.30005
2017-12-12,1733.90002,1751,1731.30005,1737
2017-12-13,1735.69995,1751,1732.099976,1751
2017-12-14,1717.40002,1751,1717.40002,1739.69995
2017-12-15,1737.90002,1751,1732.59998,1739.40002
2017-12-18,1739.40002,1751,1732.59998,1751
2017-12-19,1733.69995,1751,1728.099976,1728.099976
2017-12-20,1727.5,1751,1727.30005,1727.30005
2017-12-21,1727.099976,1751,1727.099976,1732.59998
2017-12-22,1735.90002,1750,1731.40002,1731.40002
2017-12-25,1733.40002,1733.40002,1729.69995,1729.80005
2017-12-26,1730.40002,1751,1730.40002,1732
2017-12-27,1731.40002,1751,1731.40002,1732.90002
2017-12-28,1751,1751,1732.30005,1733.59998
2017-12-29,1733,1751,1731.69995,1731.69995
2018-01-01,1731.80005,1731.80005,1730.30005,1730.30005
2018-01-02,1730.099976,1751,1728.099976,1734.80005
2018-01-03,1734.40002,1751,1733.80005,1751
2018-01-04,1735.099976,1751,1733.5,1733.5
2018-01-05,1732.19995,1755,1732.19995,1737.80005
2018-01-08,1735.90002,1751,1734.30005,1737.099976
2018-01-09,1736.5,1751,1733,1733
2018-01-10,1732.90002,1751,1722.90002,1742.69995
2018-01-11,1741,1751,1721.099976,1721.099976
2018-01-12,1717.69995,1751,1717.69995,1751
2018-01-15,1725.40002,1734.40002,1723,1733.80005
2018-01-16,1734.5,1751,1728.69995,1728.69995
2018-01-17,1722.69995,1751,1722.69995,1738.5
2018-01-18,1737.80005,1751,1735.30005,1735.5
2018-01-19,1735.90002,1751,1735.90002,1742.59998
2018-01-22,1739.80005,1751,1735.80005,1751
2018-01-23,1733.80005,1751,1733.80005,1751
2018-01-24,1727,1751,1727,1751
2018-01-25,1728.099976,1751,1728.099976,1750
2018-01-26,1736,1751,1735.80005,1751
2018-01-29,1738.90002,1751,1734.80005,1751
2018-01-30,1737.90002,1751,1737.40002,1751
2018-01-31,1738.59998,1751,1733.80005,1751
2018-02-01,1740.59998,1751,1735.19995,1751
2018-02-02,1726.40002,1751,1726.40002,1751
2018-02-05,1740.69995,1751,1736.59998,1750
2018-02-06,1744.90002,1751,1737,1750
2018-02-07,1734,1751,1734,1751
2018-02-08,1746.69995,1751,1734.90002,1751
2018-02-09,1732.5,1751,1732.5,1750
2018-02-12,1733.099976,1751,1733.099976,1741
2018-02-13,1734.5,1741,1734.5,1741
2018-02-14,1735.30005,1741,1735.30005,1740
2018-02-15,1721.5,1741,1721.5,1740
2018-02-16,1732.59998,1741,1732.59998,1740
2018-02-19,1745.59998,1750.40002,1736.90002,1736.90002
2018-02-20,1739.40002,1741,1735.90002,1740
2018-02-21,1738.59998,1750,1736.90002,1750
2018-02-22,1742.80005,1751,1736.69995,1750
2018-02-23,1731,1751,1731,1751
2018-02-26,1739,1751,1736.30005,1751
2018-02-27,1737.59998,1751,1736.90002,1751
2018-02-28,1749.19995,1751,1737.099976,1750
2018-03-01,1741.099976,1751,1736.80005,1751
2018-03-02,1724.40002,1751,1724.40002,1750
2018-03-05,1733.30005,1751,1733.30005,1750
2018-03-06,1730.30005,1751,1730.30005,1750
2018-03-07,1734.40002,1751,1734.40002,1751
2018-03-08,1737.5,1751,1736.80005,1750
2018-03-09,1747.19995,1755,1737.40002,1751
2018-03-12,1735.5,1751,1733.90002,1750
2018-03-13,1730.59998,1751,1730.59998,1751
2018-03-14,1742,1750.40002,1742,1750.40002
2018-03-15,1750.099976,1750.099976,1737,1737
2018-03-16,1743.80005,1743.80005,1738.099976,1738.099976
2018-03-19,1745.5,1745.5,1732.30005,1732.30005
2018-03-20,1729.5,1737.80005,1729.5,1737.80005
2018-03-21,1743.19995,1743.19995,1736.90002,1736.90002
2018-03-22,1724.40002,1739.5,1724.40002,1739.5
2018-03-23,1735.80005,1755,1735.80005,1755
2018-03-26,1736.30005,1751,1736.30005,1751
2018-03-27,1730.5,1751,1730.5,1750
2018-03-28,1737.69995,1751,1737.69995,1750
2018-03-29,1749,1751,1738,1750
2018-03-30,1740.59998,1751,1738.099976,1750
2018-04-02,1739.19995,1751,1739.19995,1751
2018-04-03,1741.90002,1751,1737.40002,1750
2018-04-04,1739.19995,1751,1737.80005,1750
2018-04-05,1737.5,1753,1737.5,1753
2018-04-06,1741.90002,1750,1737.5,1750
2018-04-09,1733.19995,1751,1733.19995,1751
2018-04-10,1731,1751,1730.69995,1730.69995
2018-04-11,1732.5,1751,1732.5,1751
2018-04-12,1738.5,1751,1738.30005,1750
2018-04-13,1739.40002,1751,1739.30005,1750
2018-04-16,1736.69995,1751,1736.69995,1750
2018-04-17,1735.40002,1751,1735.40002,1750
2018-04-18,1738.30005,1751,1737.80005,1751
2018-04-19,1737.59998,1751,1737.59998,1751
2018-04-20,1742,1751,1738.69995,1751
2018-04-23,1742.59998,1751,1737.19995,1737.19995
2018-04-24,1741.30005,1751,1738.30005,1751
2018-04-25,1734.69995,1751,1734.69995,1751
2018-04-26,1743.099976,1751,1739,1751
2018-04-27,1749.30005,1751,1738.5,1751
2018-04-30,1733.40002,1751,1733.40002,1751
2018-05-01,1740.69995,1750,1740.69995,1750
2018-05-02,1753.59998,1753.59998,1738.099976,1751
2018-05-03,1745.80005,1751,1738.80005,1751
2018-05-04,1737.19995,1751,1737.19995,1750
2018-05-07,1740,1751,1736.90002,1736.90002
2018-05-08,1736,1751,1736,1750
2018-05-09,1739.90002,1751,1737.90002,1750
2018-05-10,1742.30005,1751,1740.099976,1750
2018-05-11,1734.69995,1751,1734.69995,1751
2018-05-14,1736.69995,1751,1735.5,1735.5
2018-05-15,1745.80005,1751,1739.099976,1751
2018-05-16,1752.69995,1752.69995,1738.90002,1750
2018-05-17,1734.80005,1738.90002,1734.80005,1738.90002
2018-05-18,1738.69995,1738.69995,1738.30005,1738.59998
2018-05-21,1740.69995,1751,1736.80005,1736.80005
2018-05-22,1732.40002,1759,1732.40002,1759
2018-05-23,1741.40002,1759,1738.80005,1757
2018-05-24,1739,1755,1738.30005,1755
2018-05-25,1738,1756,1738,1750
2018-05-28,1741.40002,1755,1738.59998,1755
2018-05-29,1742.59998,1755,1738.5,1738.59998
2018-05-30,1740,1751,1736.90002,1751
2018-05-31,1732.59998,1751,1732.59998,1751
2018-06-01,1736.099976,1751,1736.099976,1750
2018-06-04,1744.90002,1751,1738.099976,1744.40002
2018-06-05,1741.69995,1751,1737.19995,1750
2018-06-06,1731,1751,1731,1750
2018-06-07,1736.40002,1751,1736.40002,1751
2018-06-08,1743.5,1751,1739.59998,1750
2018-06-11,1731.59998,1738.59998,1731.59998,1731.90002
2018-06-12,1740.19995,1740.19995,1737.59998,1737.59998
2018-06-13,1744.19995,1751,1738.90002,1750
2018-06-14,1732.59998,1751,1732.59998,1751
2018-06-15,1778.30005,1778.30005,1739.19995,1751
2018-06-18,1738.5,1751,1738.30005,1751
2018-06-19,1736.59998,1751,1736.59998,1751
2018-06-20,1732.69995,1751,1732.69995,1751
2018-06-21,1735.90002,1751,1735.90002,1751
2018-06-22,1728.19995,1751,1728.19995,1751
2018-06-25,1735.90002,1751,1735.90002,1751
2018-06-26,1731.30005,1751,1731.30005,1750
2018-06-27,1741.80005,1751,1739,1751
2018-06-28,1749.40002,1751,1739.099976,1750
2018-06-29,1742.69995,1751,1737.69995,1751
2018-07-02,1733.19995,1751,1733.19995,1750
2018-07-03,1739,1751,1738.5,1750
2018-07-04,1736.90002,1750,1736.90002,1750
2018-07-05,1735.90002,1751,1735.90002,1739.19995
2018-07-06,1737.80005,1751,1737.80005,1750
2018-07-09,1732.30005,1751,1731.90002,1731.90002
2018-07-10,1741.80005,1751,1739.80005,1751
2018-07-11,1735.30005,1751,1735.30005,1751
2018-07-12,1744.5,1751,1739.099976,1750
2018-07-13,1738.59998,1751,1738.40002,1751
2018-07-16,1730.90002,1751,1730.90002,1750
2018-07-17,1740.19995,1751,1738.59998,1750
2018-07-18,1748.5,1751,1739.5,1750
2018-07-19,1735.80005,1751,1735.80005,1750
2018-07-20,1730.40002,1751,1730.40002,1751
2018-07-23,1726,1739.40002,1726,1727.40002
2018-07-24,1742.5,1742.5,1739.40002,1739.40002
2018-07-25,1743.80005,1743.80005,1739.69995,1739.80005
2018-07-26,1733.30005,1740.099976,1733.30005,1739.69995
2018-07-27,1750.19995,1750.19995,1740.099976,1740.099976
2018-07-30,1738.69995,1751,1738.69995,1743.80005
2018-07-31,1740,1751,1740,1750
2018-08-01,1750.5,1751,1744.5,1750
2018-08-02,1747.59998,1751,1745.59998,1750
2018-08-03,1749.80005,1751,1743.099976,1751
2018-08-06,1746.80005,1751,1743.59998,1751
2018-08-07,1740.90002,1751,1740.80005,1751
2018-08-08,1743.19995,1751,1743.19995,1751
2018-08-09,1742,1751,1742,1751
2018-08-10,1754.69995,1754.69995,1744,1751
2018-08-13,1754.59998,1754.59998,1750,1751
2018-08-14,1740.90002,1751,1740.90002,1750
2018-08-15,1753.69995,1753.69995,1744.59998,1750
2018-08-16,1740.5,1751,1740.5,1750
2018-08-17,1743.099976,1751,1743.099976,1751
2018-08-20,1736.80005,1751,1736.80005,1750
2018-08-21,1732.099976,1751,1732.099976,1751
2018-08-22,1736.5,1751,1736.5,1750
2018-08-23,1745.59998,1751,1745.59998,1751
2018-08-24,1752.19995,1752.19995,1744.69995,1751
2018-08-27,1735.40002,1745.19995,1735.40002,1738.69995
2018-08-28,1735,1746.40002,1735,1745.19995
2018-08-29,1746.90002,1747.40002,1746.40002,1746.40002
2018-08-30,1739.30005,1747.40002,1739.30005,1747.40002
2018-08-31,1751.19995,1751.19995,1746.5,1746.5
2018-09-03,1756.40002,1756.40002,1746.30005,1747.099976
2018-09-04,1746.59998,1747.19995,1746.30005,1746.30005
2018-09-05,1742.30005,1747.19995,1742.30005,1747.19995
2018-09-06,1740.30005,1746.5,1740.30005,1746.5
2018-09-07,1747.5,1747.90002,1746.40002,1746.40002
2018-09-10,1756.40002,1756.40002,1747.30005,1747.90002
2018-09-11,1743.69995,1766,1743.69995,1765
2018-09-12,1745,1766,1745,1765
2018-09-13,1739.90002,1766,1739.90002,1766
2018-09-14,1736.5,1766,1736.5,1766
2018-09-17,1759.19995,1759.19995,1748.099976,1755
2018-09-18,1746.40002,1750,1746.40002,1750
2018-09-19,1748.30005,1751,1747.59998,1750
2018-09-20,1750,1751,1748.69995,1750
2018-09-21,1739.80005,1751,1739.80005,1751
2018-09-24,1749.90002,1751,1747,1747
2018-09-25,1749.90002,1751,1748.59998,1750.40002
2018-09-26,1748.40002,1751,1748.40002,1751
2018-09-27,1749.099976,1751,1749.099976,1751
2018-09-28,1761.19995,1761.19995,1748.90002,1751
2018-10-01,1744.80005,1751,1744.80005,1750
2018-10-02,1754.30005,1754.30005,1748.5,1751
2018-10-03,1744.69995,1751,1744.69995,1750
2018-10-04,1761.30005,1761.30005,1750,1751
2018-10-05,1747.19995,1771,1747.19995,1771
2018-10-08,1747.5,1751.30005,1745.59998,1745.59998
2018-10-09,1747.90002,1770,1747.90002,1751.30005
2018-10-10,1743,1771,1743,1770
2018-10-11,1746.69995,1771,1746.69995,1771
2018-10-12,1749.40002,1771,1749.40002,1770
2018-10-15,1756.80005,1771,1753,1771
2018-10-16,1754.59998,1771,1752.099976,1770
2018-10-17,1752.69995,1771,1752.69995,1770
2018-10-18,1759.5,1771,1752.69995,1771
2018-10-19,1762.40002,1771,1752.19995,1771
2018-10-22,1745.19995,1771,1745.19995,1770
2018-10-23,1758.5,1771,1753.90002,1771
2018-10-25,1755,1771,1753.40002,1771
2018-10-26,1757.80005,1771,1753.80005,1771
2018-10-29,1746.80005,1771,1745.099976,1745.099976
2018-10-30,1756,1771,1752.19995,1771
2018-10-31,1753.90002,1771,1753.30005,1771
2018-11-01,1755.5,1771,1753,1771
2018-11-02,1752.40002,1771,1752.40002,1771
2018-11-05,1765.099976,1771,1757.69995,1770
2018-11-06,1750.90002,1771,1750.90002,1771
2018-11-07,1747.80005,1771,1747.80005,1770
2018-11-08,1766.099976,1771,1757.5,1770
2018-11-09,1764.59998,1771,1757.69995,1771
2018-11-12,1761.59998,1770,1756.69995,1770
2018-11-13,1762.59998,1771,1756.69995,1756.69995
2018-11-14,1749.59998,1771,1749.59998,1770
2018-11-15,1750.5,1771,1750.5,1771
2018-11-16,1754.69995,1771,1754.69995,1770
2018-11-19,1745.40002,1771,1744.099976,1744.099976
2018-11-20,1754.59998,1771,1754.59998,1770
2018-11-21,1768.59998,1771,1758.40002,1771
2018-11-22,1760.80005,1771,1759.099976,1771
2018-11-23,1761,1771,1757.80005,1759.099976
2018-11-26,1760.40002,1770,1756.40002,1759.30005
2018-11-27,1764.099976,1771,1758.5,1771
2018-11-28,1763.5,1771,1758.30005,1770
2018-11-29,1745.40002,1771,1745.40002,1770
2018-11-30,1755.59998,1770,1755.59998,1770
2018-12-03,1764.69995,1770,1760.69995,1767.90002
2018-12-04,1757.19995,1771,1757.19995,1770
2018-12-05,1769.19995,1771,1761,1771
2018-12-06,1761.69995,1771,1760.30005,1770
2018-12-07,1755.19995,1771,1755.19995,1771
2018-12-10,1756.69995,1771,1756.69995,1771
2018-12-11,1769,1778,1760.80005,1778
2018-12-12,1771,1777,1761.30005,1775
2018-12-13,1756.099976,1781,1756.099976,1780
2018-12-14,1764.30005,1786,1760.90002,1785
2018-12-17,1758.19995,1790,1758.19995,1790
2018-12-18,1762.19995,1781,1761.80005,1780
2018-12-19,1762.19995,1780,1762.19995,1780
2018-12-20,1764.90002,1781,1763.099976,1780
2018-12-21,1764.90002,1781,1762.19995,1781
2018-12-24,1769.5,1781,1768.59998,1780
2018-12-25,1765.099976,1781,1765.099976,1781
2018-12-26,1766.5,1780,1765.099976,1765.099976
2018-12-27,1771.90002,1781,1766.90002,1780
2018-12-28,1759,1781,1759,1781
2018-12-31,1771.30005,1783,1769.099976,1783
2019-01-01,1764,1782,1764,1782
2019-01-02,1767.80005,1782,1764,1764
2019-01-03,1783,1785,1768.099976,1780
2019-01-04,1758.5,1789,1758.5,1787
2019-01-07,1769,1789,1767.30005,1787
2019-01-09,1770.5,1790,1769.80005,1790
2019-01-10,1754,1790,1754,1769.80005
2019-01-11,1772.099976,1791,1769.40002,1790
2019-01-14,1780.30005,1791,1769.59998,1791
2019-01-15,1768.59998,1795,1768.59998,1790
2019-01-16,1772.69995,1796,1769.099976,1796
2019-01-17,1766.40002,1796,1766.40002,1795
2019-01-18,1770.69995,1796,1770.30005,1795
2019-01-21,1774.59998,1795,1770.90002,1795
2019-01-22,1770.099976,1795,1770.099976,1770.90002
2019-01-23,1769.19995,1795,1769.19995,1790
2019-01-24,1766.90002,1796,1766.90002,1791
2019-01-25,1776.19995,1796,1770.90002,1795
2019-01-28,1760.5,1796,1760.5,1762.30005
2019-01-29,1768,1796,1768,1796
2019-01-30,1772.30005,1795,1771.69995,1795
2019-01-31,1763.90002,1796,1763.90002,1796
2019-02-01,1778.59998,1796,1773.19995,1779
2019-02-04,1774.69995,1796,1773.19995,1795
2019-02-05,1775.59998,1795,1773,1795
2019-02-06,1775.30005,1790,1773,1775.59998
2019-02-07,1776.30005,1791,1772.69995,1790
2019-02-08,1771.19995,1793,1771.19995,1790
2019-02-11,1775.30005,1795,1773.69995,1773.69995
2019-02-12,1781.19995,1796,1773.30005,1795
2019-02-13,1766.40002,1793,1766.40002,1790
2019-02-14,1784.099976,1795,1774.30005,1793
2019-02-15,1770.19995,1796,1770.19995,1796
2019-02-18,1769,1796,1769,1796
2019-02-19,1777.80005,1796,1774.099976,1774.099976
2019-02-20,1763.30005,1796,1763.30005,1796
2019-02-21,1772.90002,1795,1772.90002,1795
2019-02-22,1775.59998,1791,1775.59998,1790
2019-02-25,1776.69995,1790,1776.69995,1777.59998
2019-02-26,1778.69995,1795,1778.5,1790
2019-02-27,1774,1796,1774,1795
2019-02-28,1781.90002,1796,1778.69995,1795
2019-03-01,1786.099976,1796,1778.69995,1796
2019-03-04,1781.19995,1796,1777.40002,1796
2019-03-05,1779,1796,1779,1795
2019-03-06,1784.40002,1796,1779.099976,1795
2019-03-07,1778,1796,1777.69995,1795
2019-03-08,1798.30005,1798.30005,1779.19995,1795
2019-03-11,1777.59998,1796,1775.69995,1775.69995
2019-03-12,1777.5,1796,1777.5,1795
2019-03-13,1774.40002,1796,1774.40002,1796
2019-03-14,1776.099976,1799,1776.099976,1796
2019-03-15,1779.69995,1799,1779.69995,1799
2019-03-18,1780.099976,1799,1780.099976,1798
2019-03-19,1783.80005,1799,1780.80005,1784.19995
2019-03-20,1782.30005,1799,1780.40002,1799
2019-03-21,1769.40002,1799,1769.40002,1799
2019-03-22,1784.69995,1799,1781.40002,1798
2019-03-25,1782.30005,1782.30005,1777.90002,1777.90002
2019-03-26,1780.099976,1810,1780.099976,1798
2019-03-27,1789,1810,1781.69995,1810
2019-03-28,1786.69995,1809,1781.59998,1809
2019-03-29,1780.30005,1808,1780.30005,1808
2019-04-01,1805.099976,1806,1804.099976,1806
2019-04-02,1808.30005,1808.30005,1803.69995,1806
2019-04-03,1803.099976,1806,1803.099976,1805
2019-04-04,1803.30005,1806,1803.30005,1806
2019-04-05,1804.90002,1806,1803.69995,1805
2019-04-08,1805.30005,1806,1804.099976,1806
2019-04-09,1802.099976,1806,1802.099976,1806
2019-04-10,1806.19995,1806.19995,1800,1806
2019-04-11,1804.5,1805.69995,1800,1800
2019-04-12,1808.59998,1808.80005,1800,1808.80005
2019-04-15,1806.40002,1806.40002,1800,1803.80005
2019-04-16,1806,1806,1800,1801
2019-04-17,1807.80005,1807.80005,1800,1801
2019-04-18,1807.099976,1807.099976,1800,1800
2019-04-19,1808.099976,1808.099976,1800,1801
2019-04-22,1806.80005,1806.80005,1800,1800
2019-04-23,1804.5,1806.099976,1800,1801
2019-04-24,1810.30005,1810.30005,1800,1803
2019-04-25,1814.59998,1814.59998,1800,1800
2019-04-26,1805.19995,1806.099976,1805,1805
2019-04-29,1803.80005,1806,1801.40002,1801.40002
2019-04-30,1800.90002,1806.30005,1800.90002,1806
2019-05-01,1805.5,1805.5,1805,1805
2019-05-02,1807.69995,1807.69995,1805,1805
2019-05-03,1811.099976,1811.099976,1805,1806
2019-05-06,1801.30005,1806.5,1801.30005,1805
2019-05-07,1806.099976,1806.69995,1805,1806
2019-05-08,1808.19995,1808.19995,1805,1805
2019-05-09,1807.90002,1807.90002,1805,1805
2019-05-10,1802.5,1807.5,1802.5,1806
2019-05-13,1807.5,1807.59998,1806,1806
2019-05-14,1807.90002,1807.90002,1805,1807
2019-05-15,1811.80005,1811.80005,1805,1806
2019-05-16,1805.80005,1807.40002,1805,1805
2019-05-17,1812.90002,1812.90002,1805,1805
2019-05-20,1808.30005,1820,1808.30005,1820
2019-05-21,1806.40002,1819,1806.40002,1819
2019-05-23,1811,1816,1809,1811.30005
2019-05-24,1801.099976,1819,1801.099976,1815
2019-05-27,1805.59998,1808.90002,1805.59998,1805.59998
2019-05-28,1808.80005,1819,1808.80005,1808.90002
2019-05-29,1812.69995,1819,1810.30005,1813.19995
2019-05-30,1812.59998,1819,1808.80005,1817
2019-05-31,1810.19995,1819,1810,1819
2019-06-03,1805,1827,1801,1801
2019-06-04,1799.80005,1829,1799.80005,1827
2019-06-05,1810.69995,1829,1810.40002,1829
2019-06-06,1815.5,1831,1810.099976,1814.30005
2019-06-07,1803.59998,1831,1803.59998,1830
2019-06-10,1801.59998,1831,1801.59998,1831
2019-06-11,1812.30005,1831,1810.19995,1831
2019-06-12,1808.59998,1831,1808.59998,1830
2019-06-13,1815.40002,1831,1811.19995,1831
2019-06-14,1812.5,1831,1812.5,1831
2019-06-17,1818.69995,1821,1811.30005,1815.40002
2019-06-18,1810.5,1821,1810.5,1821
2019-06-19,1812.099976,1821,1811.69995,1821
2019-06-20,1806.90002,1825,1806.90002,1820
2019-06-21,1813.19995,1825,1812.099976,1825
2019-06-24,1800.19995,1825,1799.59998,1807.30005
2019-06-25,1810.90002,1821,1809.80005,1820
2019-06-26,1814.90002,1821,1812.69995,1821
2019-06-27,1811.5,1821,1811.5,1821
2019-06-28,1813.69995,1821,1812.69995,1821
2019-07-01,1816.30005,1821.69995,1810.5,1821
2019-07-02,1820.69995,1821,1812.59998,1820
2019-07-03,1813.90002,1821,1812.90002,1813.80005
2019-07-04,1814.80005,1821,1813.30005,1821
2019-07-05,1813.099976,1821,1813.099976,1813.30005
2019-07-08,1818.69995,1821,1813,1820
2019-07-09,1813,1821,1813,1821
2019-07-10,1812.69995,1821,1812.69995,1821
2019-07-11,1806.30005,1821,1806.30005,1821
2019-07-12,1816.69995,1821,1812.80005,1821
2019-07-15,1810.90002,1821,1810.90002,1820
2019-07-16,1815.90002,1821,1814.30005,1821
2019-07-17,1815.69995,1821,1814.099976,1821
2019-07-18,1812.69995,1825,1812.69995,1820
2019-07-19,1806.5,1825,1806.5,1825
2019-07-22,1817.40002,1821,1814.19995,1814.80005
2019-07-23,1816.90002,1822.099976,1816.90002,1821
2019-07-24,1827,1827,1814.59998,1820
2019-07-25,1816.099976,1825,1814.19995,1825
2019-07-26,1813.40002,1821,1813.40002,1821
2019-07-29,1817.30005,1821,1817.30005,1821
2019-07-30,1814.19995,1821,1814.19995,1820
2019-07-31,1815.5,1821,1815.5,1820
2019-08-01,1829.90002,1829.90002,1817.80005,1821
2019-08-02,1809.90002,1821,1809.90002,1821
2019-08-05,1815.90002,1821,1815.90002,1821
2019-08-06,1806.5,1821,1806.5,1821
2019-08-07,1817.59998,1821,1817.5,1821
2019-08-08,1814.90002,1821,1814.90002,1821
2019-08-09,1820.5,1823,1818.90002,1820
2019-08-12,1817.90002,1825,1817.90002,1825
2019-08-13,1815.30005,1818.5,1815.30005,1818.5
2019-08-14,1824.69995,1824.69995,1818,1818.30005
2019-08-15,1824.40002,1824.40002,1817.90002,1818
2019-08-16,1825.40002,1825.40002,1817.90002,1817.90002
2019-08-19,1815.80005,1818.5,1815.80005,1818
2019-08-20,1822.40002,1822.40002,1818.5,1818.5
2019-08-21,1815.80005,1818.5,1815.80005,1818.5
2019-08-22,1820.5,1820.5,1818.19995,1818.19995
2019-08-23,1816.099976,1819.099976,1816.099976,1819.099976
2019-08-26,1804.19995,1830,1788.5,1788.5
2019-08-27,1822,1831,1819.099976,1831
2019-08-28,1822,1831,1819.30005,1830
2019-08-29,1820.099976,1831,1819.5,1830
2019-08-30,1821.59998,1831,1819.099976,1830
2019-09-02,1827.19995,1830,1818.59998,1830
2019-09-03,1819.69995,1835,1818.59998,1818.59998
2019-09-04,1813.40002,1836,1813.40002,1835
2019-09-05,1816.30005,1836,1816.30005,1836
2019-09-06,1823.30005,1836,1820.80005,1835
2019-09-09,1821.5,1836,1803.099976,1803.099976
2019-09-10,1816.30005,1836,1816.30005,1816.30005
2019-09-11,1818.30005,1836,1818.30005,1835
2019-09-12,1818.69995,1835,1818.69995,1835
2019-09-13,1814.69995,1836,1814.69995,1820.099976
2019-09-16,1821.90002,1836,1819.90002,1836
2019-09-17,1826.099976,1836,1821.30005,1835
2019-09-18,1813,1836,1813,1836
2019-09-19,1823.80005,1836,1821.80005,1836
2019-09-20,1824.90002,1836,1822,1836
2019-09-23,1825.5,1836,1822.40002,1835
2019-09-24,1819.80005,1836,1819.80005,1836
2019-09-25,1817,1836,1817,1836
2019-09-26,1828.5,1836,1821.30005,1836
2019-09-27,1823,1836,1821.90002,1836
2019-09-30,1821.5,1836,1821.5,1821.59998
2019-10-01,1826,1836,1818.5,1826.099976
2019-10-02,1816.099976,1836,1815.69995,1816.69995
2019-10-03,1815.90002,1836,1815.69995,1815.90002
2019-10-04,1819.59998,1836,1819.59998,1835
2019-10-07,1823.80005,1836,1822.099976,1824.40002
2019-10-08,1823.90002,1836,1822.40002,1836
2019-10-09,1827.69995,1836,1823.40002,1836
2019-10-10,1822.90002,1836,1822.90002,1836
2019-10-11,1825.80005,1836,1822.90002,1835
2019-10-14,1824.85376,1824.85376,1823.58862,1823.58862
2019-10-15,1824.52930,1836,1823.87634,1824.057739
2019-10-16,1820.50427,1836,1820.50427,1835
2019-10-17,1815.71082,1840,1815.71082,1836
2019-10-18,1822.057373,1841,1822.057373,1840
2019-10-21,1820.34875,1845,1820.34875,1841
2019-10-22,1826.0093994,1846,1824.36523,1846
2019-10-23,1826.34875,1846,1824.0075684,1846
2019-10-24,1819.99365,1846,1819.99365,1845
2019-10-25,1844.050171,1846,1824.39380,1846
2019-10-28,1829.49695,1846,1829.49695,1846
2019-10-29,1833.57141,1846,1833.57141,1845
2019-10-30,1836.41174,1846,1836.41174,1846
2019-10-31,1834.73096,1846,1834.73096,1845
2019-11-01,1838.79663,1846,1838.79663,1846
2019-11-04,1840.68201,1841.77527,1840.68201,1841.52356
2019-11-05,1847.74060,1850.83533,1845,1845
2019-11-06,1858.92932,1858.92932,1845,1846
2019-11-07,1852.81177,1852.81177,1845,1846
2019-11-08,1856.13550,1856.13550,1845,1845
2019-11-11,1852.41565,1852.41565,1846,1846
2019-11-12,1849.24414,1851.47864,1845,1846
2019-11-13,1852.46240,1852.46240,1845,1845
2019-11-14,1851.14233,1851.73096,1850.82104,1851.73096
2019-11-15,1845.12195,1851.90796,1845,1846
2019-11-18,1847.35254,1852.065552,1846,1848.38892
2019-11-19,1850.64319,1851.98254,1845,1845
2019-11-20,1852.057739,1852.057739,1845,1845
2019-11-21,1846.97266,1850.52563,1845,1845
2019-11-22,1854.038452,1854.038452,1845,1846
2019-11-25,1857.29187,1857.29187,1845,1845
2019-11-26,1851.021606,1851.021606,1845,1846
2019-11-27,1850.0057373,1850.65552,1845,1846
2019-11-28,1850.56311,1850.56311,1845,1845
2019-11-29,1848.83521,1850.35608,1845,1850.35608
2019-12-02,1846.25793,1851.055542,1845,1846.52600
2019-12-03,1839.70520,1850.72754,1839.70520,1846
2019-12-04,1849.57520,1849.92297,1848,1848
2019-12-05,1848.47083,1850.55774,1848.47083,1849
2019-12-06,1848.84106,1851.043213,1845,1845
2019-12-09,1856.84314,1856.84314,1845,1846
2019-12-10,1852.44568,1852.44568,1845,1846
2019-12-11,1849.69983,1852.19922,1845,1845
2019-12-12,1842.50354,1851.76245,1842.50354,1845
2019-12-13,1845.50452,1851.44702,1845,1845
2019-12-16,1860.26697,1860.26697,1845,1846
2019-12-17,1851.77869,1854.69226,1845,1845
2019-12-18,1855.39929,1855.39929,1845,1854.69226
2019-12-19,1854.79651,1854.79651,1845,1845
2019-12-20,1854.25928,1854.25928,1845,1846
2019-12-23,1856.31226,1856.31226,1846,1846
2019-12-24,1851.69714,1866,1851.69714,1866
2019-12-25,1851.54712,1865,1851.54712,1865
2019-12-26,1850.76245,1866,1850.76245,1851.54712
2019-12-27,1848.84521,1866,1848.84521,1866
2019-12-30,1847.30286,1866,1847.30286,1865
2019-12-31,1852.23572,1866,1852.23572,1866
2020-01-01,1863.81091,1863.81091,1856.66382,1856.66382
2020-01-02,1855.86121,1866,1854.25830,1863.81091
2020-01-03,1856.25757,1866,1854.66760,1866
2020-01-06,1849.11877,1866,1849.11877,1865
2020-01-07,1857.11157,1866,1855.44153,1866
2020-01-08,1858.86646,1861,1854.74463,1861
2020-01-09,1857.53174,1861,1854.50854,1860
2020-01-10,1854.78406,1866,1854.78406,1861
2020-01-13,1850.43054,1866,1850.43054,1850.63855
2020-01-14,1852.81995,1866,1852.81995,1865
2020-01-15,1856.24878,1866,1855.94446,1865
2020-01-16,1855.54504,1866,1855.54504,1865
2020-01-17,1860.016602,1866,1856.31311,1866
2020-01-20,1859.24915,1866,1856.31311,1856.31311
2020-01-21,1855.40845,1866,1855.40845,1866
2020-01-22,1860.61389,1866,1856.26685,1865
2020-01-23,1854.72681,1866,1854.72681,1866
2020-01-24,1862.41235,1866,1856.78101,1866
2020-01-27,1856.74731,1866,1856.63806,1866
2020-01-28,1857.16040,1866,1856.44165,1865
2020-01-29,1855.38831,1866,1855.38831,1865
2020-01-30,1854.70312,1866,1854.70312,1865
2020-01-31,1856.63831,1866,1856.63831,1866
2020-02-03,1849.85095,1866,1849.85095,1866
2020-02-04,1858.52356,1866,1857.94397,1857.94397
2020-02-05,1860.45142,1866,1857.87964,1866
2020-02-06,1862.077393,1866,1858.83716,1865
2020-02-07,1861.56226,1866,1858.36694,1866
2020-02-10,1858.65552,1866,1858.56958,1865
2020-02-11,1864.47876,1865,1858.90283,1865
2020-02-12,1858.10254,1866,1858.10254,1866
2020-02-13,1865.86279,1866,1859.50818,1865
2020-02-14,1862.92310,1866,1859.18677,1866
2020-02-17,1859.10962,1866,1859.10962,1865
2020-02-18,1861.44348,1866,1859.98157,1866
2020-02-19,1863.34766,1866,1859.41077,1865
2020-02-20,1857.97339,1866,1857.97339,1866
2020-02-21,1860.35327,1866,1860.35327,1865
2020-02-24,1855.88892,1866,1855.88892,1866
2020-02-25,1853.58081,1866,1853.58081,1865
2020-02-26,1853.91565,1866,1853.91565,1865
2020-02-27,1857.62048,1866,1857.62048,1865
2020-02-28,1853.39465,1866,1853.39465,1866
2020-03-02,1850.088623,1865,1850.088623,1865
2020-03-03,1859.25464,1866,1859.25464,1865
2020-03-04,1852.56726,1866,1852.56726,1866
2020-03-05,1863.39172,1866,1860.67358,1865
2020-03-06,1851.57251,1869,1851.57251,1868
2020-03-09,1846.57922,1870,1846.57922,1869
2020-03-10,1865.63220,1875,1863.50208,1870
2020-03-11,1868.52112,1871,1859.87024,1870
2020-03-12,1864.43884,1873.79346,1860.85229,1873.79346
2020-03-13,1871.37439,1873,1861.94043,1873
2020-03-16,1871.58313,1872.13818,1870,1870
2020-03-17,1876.23596,1876.23596,1864.24084,1870
2020-03-18,1864.87634,1871,1861.25549,1861.25549
2020-03-19,1874.40076,1874.40076,1862.54407,1871
2020-03-20,1868.21008,1871,1858.87280,1871
2020-03-23,1861.82214,1871,1848.81372,1870
2020-03-24,1843.76929,1879.11523,1843.76929,1871
2020-03-25,1883.10571,1883.10571,1862.12085,1871
2020-03-26,1846.50012,1871,1846.50012,1870
2020-03-27,1851.61707,1871,1851.61707,1871
2020-03-30,1847.25110,1871,1843.84717,1843.84717
2020-03-31,1873.14441,1873.14441,1867.25525,1871
2020-04-01,1849.92273,1866,1849.92273,1863
2020-04-02,1863.84375,1872.22266,1863.84375,1867
2020-04-06,1861.29993,1881,1861.29993,1880
2020-04-07,1864.85376,1883,1864.27417,1881
2020-04-08,1865.52625,1883,1864.76843,1883
2020-04-09,1864.37390,1881,1864.024536,1880
2020-04-10,1853.53015,1881,1853.53015,1881
2020-04-13,1852.52954,1881,1848.47058,1880
2020-04-14,1853.79321,1881,1853.79321,1880
2020-04-15,1857.79822,1881,1857.79822,1880
2020-04-16,1868.56689,1881,1865.35693,1881
2020-04-17,1867.77808,1883,1864.41846,1880
2020-04-20,1860.57324,1885,1858.16089,1858.16089
2020-04-21,1866.0047607,1886,1865.17700,1885
2020-04-22,1860.59021,1886,1860.59021,1885
2020-04-23,1875.17566,1887,1863.39490,1886
2020-04-24,1865.77490,1879,1865.77490,1879
2020-04-27,1859.68835,1877,1859.68835,1877
2020-04-28,1869.16711,1879,1866.30884,1879
2020-04-29,1873.039917,1879.96423,1873.039917,1878
2020-04-30,1877.55774,1879,1866.13696,1877
2020-05-01,1853.81177,1881,1853.81177,1879
2020-05-04,1853.46472,1881,1853.46472,1880
2020-05-05,1869.70593,1881,1865.37219,1881
2020-05-06,1865.94885,1883,1865.94885,1881
2020-05-07,1877.99231,1886,1876.52673,1885
2020-05-08,1866.53760,1881,1866.53760,1880
2020-05-11,1866.55115,1881,1866.55115,1881
2020-05-12,1871.36108,1883,1866.97302,1883
2020-05-13,1863.67114,1883,1863.67114,1882
2020-05-14,1885.60522,1885.60522,1879.37854,1883
2020-05-15,1875.59570,1885,1875.59570,1884
2020-05-18,1877.25049,1886,1877.25049,1885
2020-05-19,1858.63306,1886,1858.63306,1886
2020-05-20,1872.76868,1887,1872.76868,1885
2020-05-21,1877.087280,1886,1867.59998,1886
2020-05-22,1874.082642,1886,1866.71069,1885
2020-05-25,1867.45544,1886,1867.45544,1886
2020-05-26,1865.76233,1886,1865.76233,1867.85095
2020-05-27,1864.76526,1886,1864.76526,1886
2020-05-28,1866.36133,1886,1866.36133,1886
2020-05-29,1857.18860,1886,1857.18860,1885
2020-06-01,1870.95532,1887,1868.85864,1886
2020-06-02,1865.081543,1889,1865.081543,1887
2020-06-03,1865.50598,1887,1865.50598,1887
2020-06-04,1866.23779,1886,1866.23779,1883
2020-06-05,1848.58154,1886,1848.58154,1885
2020-06-08,1875.68665,1888,1870.096680,1887
2020-06-09,1864.89392,1889,1864.89392,1888
2020-06-10,1862.44482,1887,1862.44482,1886
2020-06-11,1868.50598,1887,1868.50598,1887
2020-06-12,1887.17102,1887.17102,1872.56885,1885
2020-06-15,1881.68506,1887,1872.88306,1885
2020-06-16,1857.75476,1886,1857.75476,1885
2020-06-17,1880.45166,1886,1872.026733,1886
2020-06-18,1872.75952,1886,1872.75952,1886
2020-06-19,1881.54382,1886,1873.14539,1886
2020-06-22,1876.72229,1886.46570,1876.72229,1885
2020-06-23,1876.71289,1886,1873.92029,1886
2020-06-24,1868.88721,1899.96460,1868.88721,1886
2020-06-25,1908.15161,1909.37305,1885,1886
2020-06-26,1898.050903,1898.90027,1886,1886
2020-06-29,1899.0018311,1901.056519,1886,1886
2020-06-30,1907.89075,1907.89075,1887,1887
2020-07-01,1895.44617,1901.18652,1887,1889
2020-07-02,1891.99414,1900.32373,1888,1888
2020-07-03,1906.53650,1906.53650,1885,1889
2020-07-06,1894.64673,1900.23901,1885,1885
2020-07-07,1895.11365,1899.72424,1890,1890
2020-07-08,1901.73035,1901.73035,1891,1891
2020-07-09,1891.41504,1900.19385,1891.41504,1893
2020-07-10,1908.080322,1908.080322,1896,1896
2020-07-13,1900.98987,1900.98987,1895,1900.070801
2020-07-14,1897.91577,1901.24146,1895,1895
2020-07-15,1894.21106,1900.74402,1892,1896
2020-07-16,1905.64795,1905.64795,1895,1896
2020-07-17,1902.63916,1902.63916,1895,1895
2020-07-20,1902.42175,1902.42175,1895,1895
2020-07-21,1901.027832,1901.87512,1895,1898
2020-07-22,1886.77527,1902.083740,1886.77527,1898
2020-07-23,1902.47021,1903.48315,1898,1899
2020-07-24,1898.050293,1902.084961,1898,1898
2020-07-27,1885.54443,1903.46216,1885.54443,1898
2020-07-28,1896.49817,1902.99939,1896.49817,1899
2020-07-29,1905.83240,1905.83240,1898,1899
2020-07-30,1897.74414,1902.91125,1895,1900
2020-07-31,1884.38672,1904.33252,1884.38672,1895
2020-08-03,1918.86475,1918.86475,1898,1899
2020-08-04,1899.056885,1904.32690,1897,1899
2020-08-05,1897.49780,1903.83264,1897,1897
2020-08-06,1897.10107,1905.50256,1897,1903.83264
2020-08-07,1899.21216,1904.90247,1897,1899
2020-08-10,1909.33643,1910.016724,1898,1910.016724
2020-08-11,1907.99951,1907.99951,1898,1899
2020-08-12,1913.96912,1913.96912,1898,1898
2020-08-13,1900.28503,1904.37646,1899,1899
2020-08-14,1910.99780,1910.99780,1900,1900
2020-08-17,1899.020386,1904.58289,1899.020386,1904.58289
2020-08-18,1898.092529,1905.55981,1898.092529,1901
2020-08-19,1898.18274,1905.072998,1898.18274,1900.53723
2020-08-20,1920.29443,1920.29443,1905.072998,1905.072998
2020-08-21,1899.49902,1906.66724,1899.49902,1906.66724
2020-08-24,1906.50708,1906.50708,1905.81213,1906.26465
2020-08-25,1910.50378,1910.50378,1905.60925,1905.81213
2020-08-26,1905.53674,1905.60925,1905.48474,1905.60925
2020-08-27,1901.78333,1907.71985,1901.78333,1905.48474
2020-08-28,1904.21667,1906.47534,1904.21667,1906.47534
2020-08-31,1905.73840,1906.44275,1905.12402,1906.44275
2020-09-01,1903.14575,1905.99915,1903.14575,1905.12402
2020-09-02,1919.59692,1919.59692,1905.99915,1905.99915
2020-09-03,1911.66895,1911.66895,1900,1906.43982
2020-09-04,1899.86426,1906,1899.86426,1905
2020-09-07,1908.56445,1908.56445,1906,1906
2020-09-08,1908.66931,1908.66931,1905,1906.63464
2020-09-09,1910.79102,1910.79102,1905,1906
2020-09-10,1897.53320,1908,1897.53320,1908
2020-09-11,1907.88831,1912,1907.17200,1912
2020-09-14,1911.37012,1911.37012,1907.86646,1911
2020-09-15,1908.46936,1911,1908.22998,1911
2020-09-16,1918.13831,1918.13831,1907.81531,1910
2020-09-17,1922.51404,1922.51404,1905,1910
2020-09-18,1899.21118,1907.75525,1899.21118,1905
2020-09-21,1905.061035,1908.92688,1905,1906
2020-09-22,1910.91382,1910.91382,1900,1905
2020-09-23,1921.21057,1921.21057,1900,1900
2020-09-24,1913.66138,1913.66138,1900,1905
2020-09-25,1903.69104,1908.0067139,1900,1900
2020-09-28,1912.088013,1912.088013,1901,1901
2020-09-29,1905.55957,1907.47534,1901,1902
2020-09-30,1902.36401,1909.55139,1900,1902
2020-10-01,1907.47388,1907.61108,1900,1901
2020-10-02,1910.61060,1910.61060,1900,1900
2020-10-05,1906.97156,1908.94324,1905,1906
2020-10-06,1903.090820,1909.33325,1900,1900
2020-10-07,1916.61450,1916.61450,1900,1905
2020-10-08,1908.69409,1910.61084,1905,1908.27246
2020-10-09,1909.61194,1910.27405,1900,1900
2020-10-12,1908.56799,1910.37390,1905,1905
2020-10-13,1909.54822,1910.37390,1900,1910.37390
2020-10-14,1917.41516,1917.41516,1900,1900
2020-10-15,1907.48193,1910.64868,1900,1901
2020-10-16,1911.26855,1911.26855,1905,1905
2020-10-19,1909.35022,1910.64734,1905,1906
2020-10-20,1909.21948,1910.75464,1905,1906
2020-10-21,1907.53333,1910.70789,1905,1910
2020-10-22,1912.94983,1912.94983,1905,1905
2020-10-23,1916.080444,1916.080444,1905,1905
2020-10-26,1912.040161,1912.040161,1905,1905
2020-10-27,1911.33142,1911.33142,1906,1906
2020-10-28,1918.44690,1918.44690,1908,1908
2020-10-29,1907.70996,1911,1907.70996,1910
2020-10-30,1914.36865,1916.63245,1910,1916.63245
2020-11-02,1915.94482,1915.94482,1910,1910
2020-11-03,1911.54102,1911.54102,1910,1911
2020-11-04,1915.17480,1915.17480,1910,1911
2020-11-05,1909.12585,1912.28394,1909.12585,1910
2020-11-06,1911.99255,1912,1910,1911
2020-11-09,1910.66235,1913.83887,1910,1910
2020-11-10,1922.67615,1922.67615,1910,1910
2020-11-11,1908.43286,1912.83179,1908.43286,1910
2020-11-12,1910.33154,1912.83179,1910.33154,1912.83179
2020-11-13,1913.099121,1913.83411,1910,1911
2020-11-16,1907.47168,1911,1907.47168,1910
2020-11-17,1907.88757,1913.65967,1907.88757,1913
2020-11-18,1917.057861,1917.057861,1910,1910
2020-11-19,1918.11365,1918.11365,1911,1911
2020-11-20,1907.16235,1913.67554,1907.16235,1911
2020-11-23,1913.11157,1914.48523,1910,1910
2020-11-24,1923.69983,1923.69983,1910,1913
2020-11-25,1908.79480,1913.80127,1908.79480,1911
2020-11-26,1906.84497,1914.27905,1906.84497,1910
2020-11-27,1912.27051,1914.27905,1910,1914.27905
2020-11-30,1905.95264,1914.80542,1905.95264,1913
2020-12-01,1920.55798,1920.55798,1910,1910
2020-12-02,1898.77905,1915.53638,1897.95349,1913
2020-12-03,1905.043823,1915.27710,1905.043823,1915
2020-12-04,1912.54077,1915.19629,1912.54077,1914
2020-12-07,1920.47571,1920.47571,1915,1917
2020-12-08,1915.64880,1916,1913.96985,1915
2020-12-09,1914.10413,1916,1914.10413,1916
2020-12-10,1920.52478,1920.52478,1915,1915
2020-12-11,1905.099243,1917,1905.099243,1917
2020-12-14,1914.45337,1916.34644,1914,1915
2020-12-15,1915.25110,1916.45178,1914,1914
2020-12-16,1917.32703,1917.32703,1914,1915
2020-12-17,1915.14575,1916.50464,1913.50696,1914
2020-12-18,1913.34607,1916.012695,1913.34607,1916
2020-12-21,1923.84375,1925.93384,1914.92004,1915
2020-12-22,1905.58069,1917,1905.58069,1917
2020-12-23,1926.85754,1926.85754,1915,1917
2020-12-24,1914.056763,1917.060303,1914,1916
2020-12-25,1917.60291,1917.60291,1914,1914
2020-12-28,1915.25391,1917.60291,1915,1917.60291
2020-12-29,1911.98340,1920,1911.98340,1916
2020-12-30,1910.29431,1917.15417,1910.29431,1916
2020-12-31,1911.77979,1917.10791,1911.77979,1915
2021-01-01,1926.98022,1926.98022,1915,1915
2021-01-04,1920.96472,1926.98022,1915,1926.98022
2021-01-05,1923.15063,1923.15063,1915,1916
2021-01-06,1916.66602,1916.66602,1915,1916
2021-01-07,1918.99756,1918.99756,1915,1916
2021-01-08,1919.15344,1920,1915,1915
2021-01-11,1929.49292,1929.49292,1918.65735,1921.99585
2021-01-12,1920.54456,1921,1917.60767,1921
2021-01-13,1907.56299,1921,1907.56299,1920
2021-01-14,1917.56567,1921,1917.56567,1921
2021-01-15,1918.43958,1921,1918.43958,1920
2021-01-18,1925.29590,1925.67053,1918.50146,1925.31970
2021-01-19,1913.63916,1920,1913.63916,1918.50146
2021-01-20,1916.38147,1923,1916.38147,1920
2021-01-21,1916.85571,1923,1916.85571,1923
2021-01-22,1914.21899,1923,1914.21899,1921
2021-01-25,1921.0091553,1921.0091553,1919.24670,1921
2021-01-26,1920.67676,1921,1918.37964,1920
2021-01-27,1915.51648,1921,1915.51648,1921
2021-01-28,1921.60449,1921.60449,1919.23059,1920
2021-01-29,1918.39832,1925,1916.97961,1920
2021-02-01,1919.15308,1919.65161,1917.62720,1917.62720
2021-02-02,1918.92261,1927,1918.50256,1925
2021-02-03,1916.28101,1927,1916.28101,1927
2021-02-04,1916.34229,1927,1916.34229,1927
2021-02-05,1922.78638,1926,1919.62939,1926
2021-02-08,1910.33240,1926,1910.33240,1926
2021-02-09,1914.84595,1926,1914.84595,1926
2021-02-10,1918.20447,1925,1918.20447,1925
2021-02-11,1921.28577,1926,1920.064941,1926
2021-02-12,1920.35791,1926,1920.35791,1925
2021-02-15,1916.99475,1926,1916.99475,1926
2021-02-16,1918.85828,1926,1918.85828,1921.46130
2021-02-17,1932.029663,1932.029663,1920.59534,1925
2021-02-18,1923.34619,1926,1921.34570,1925
2021-02-19,1918.14294,1926,1918.14294,1926
2021-02-22,1922.70483,1926,1921.051392,1923.97412
2021-02-23,1914.85889,1926,1914.85889,1926
2021-02-24,1920.86340,1927,1920.49219,1925
2021-02-25,1920.99133,1927,1920.99133,1927
2021-02-26,1921.026611,1921.026611,1920.99133,1920.99133
2021-03-01,1925.26331,1931,1921.52478,1930
2021-03-02,1923.55322,1933,1922.30688,1931
2021-03-03,1912.21973,1933,1912.21973,1933
2021-03-04,1921.62305,1931,1921.43469,1930
2021-03-05,1933.78760,1933.78760,1921.063843,1931
2021-03-08,1922.66638,1931,1922.66638,1930
2021-03-09,1926.65576,1931,1922.25623,1931
2021-03-10,1925.15125,1933,1922.069092,1930
2021-03-11,1910.64502,1933,1910.64502,1933
2021-03-12,1921.56519,1931,1921.56519,1931
2021-03-15,1920.035156,1930,1916.54150,1916.54150
2021-03-16,1921.56335,1933,1921.56335,1931
2021-03-17,1922.24084,1933,1922.24084,1933
2021-03-18,1922.18823,1931,1922.18823,1931
2021-03-19,1927.67493,1934,1922.18713,1933
2021-03-22,1925.10608,1935,1923.13306,1924.87939
2021-03-23,1922.68164,1939,1922.68164,1937
2021-03-24,1928.64319,1939,1923.43640,1939
2021-03-25,1926.77478,1936,1926.77478,1935
2021-03-26,1936.30432,1936.30432,1922.95020,1936
2021-03-29,1922.052490,1936,1922.052490,1935
2021-03-30,1923.29163,1936,1923.29163,1935
2021-03-31,1924.97302,1936,1923.093262,1936
2021-04-01,1924.036011,1936,1923.76880,1936
2021-04-02,1917.86096,1937,1917.86096,1936
2021-04-05,1918.98572,1937,1918.98572,1937
2021-04-06,1910.92920,1923.76038,1910.92920,1921.38660
2021-04-07,1913.27637,1924.70703,1913.27637,1923.76038
2021-04-08,1928.040161,1928.040161,1924.18127,1924.70703
2021-04-09,1915.14038,1924.18127,1915.14038,1924.18127
2021-04-12,1922.36340,1941,1922.36340,1940
2021-04-13,1924.43274,1941,1924.43274,1941
2021-04-14,1924.72058,1941,1924.72058,1939
2021-04-15,1924.31177,1941,1924.31177,1939
2021-04-16,1924.99731,1943,1924.99731,1941
2021-04-19,1928.48792,1943,1924.74609,1926.11389
2021-04-20,1924.74402,1943,1924.74402,1943
2021-04-21,1925.19324,1943,1925.19324,1943
2021-04-22,1924.44116,1943,1924.44116,1941
2021-04-23,1926.13550,1939,1926.13550,1939
2021-04-26,1918.17920,1939,1918.17920,1919.34460
2021-04-27,1927.76196,1937,1926.33704,1937
2021-04-28,1926.69592,1935,1925.89062,1935
2021-04-29,1914.33508,1931,1914.33508,1930
2021-04-30,1926.50122,1933,1926.0065918,1931
2021-05-03,1933.96106,1936.18945,1926.48560,1936.18945
2021-05-04,1926.70935,1930,1925.99585,1930
2021-05-05,1924.98645,1951.91089,1924.98645,1929
2021-05-06,1951.93799,1951.93799,1927,1930
2021-05-07,1951.75427,1951.75427,1927,1927
2021-05-10,1937.62354,1952.71960,1928,1937.36865
2021-05-11,1958.16992,1958.16992,1937,1939
2021-05-12,1955.023193,1957.86072,1942,1954.30713
2021-05-13,1959.27502,1959.27502,1943,1945
2021-05-14,1951.30652,1952.23242,1941,1943
2021-05-17,1949.34412,1952.86365,1941,1941
2021-05-18,1952.49951,1952.49951,1940,1940
2021-05-19,1953.62866,1953.62866,1940,1941
2021-05-20,1953.057983,1953.057983,1940,1940
2021-05-21,1953.73584,1953.73584,1940,1940
2021-05-24,1959.44568,1959.44568,1941,1941
2021-05-25,1952.29834,1952.74939,1940,1943
2021-05-26,1954.096802,1954.69971,1940,1941
2021-05-27,1961.78870,1961.78870,1940,1940
2021-05-28,1957.15906,1957.15906,1940,1941
2021-05-31,1951.67249,1951.67249,1941,1941
2021-06-01,1941.70886,1954.35132,1940,1948.21619
2021-06-02,1954.55920,1954.55920,1945,1945
2021-06-03,1947.94849,1953.71289,1945,1945
2021-06-04,1963.82898,1963.82898,1945,1946
2021-06-07,1945.064697,1954.46240,1945,1945
2021-06-08,1953.88354,1953.88354,1943,1945
2021-06-09,1954.62781,1954.62781,1941,1943
2021-06-10,1957.75903,1957.75903,1941,1941
2021-06-11,1953.088867,1956.21521,1941,1941
2021-06-14,1962.95715,1962.95715,1941,1943
2021-06-15,1955.22424,1955.22424,1940,1941
2021-06-16,1954.31116,1955.13599,1940,1941
2021-06-17,1976.026978,1976.026978,1945,1946
2021-06-18,1955.38770,1955.38770,1945,1945
2021-06-21,1962.082397,1962.082397,1947,1947
2021-06-22,1952.86487,1955.15625,1947,1949
2021-06-23,1949.019897,1955.21936,1949,1950
2021-06-24,1957.51367,1959.20508,1950,1950
2021-06-25,1958.067627,1958.067627,1951,1951
2021-06-28,1956.52502,1959.62634,1951,1956.85278
2021-06-29,1956.67371,1956.67371,1950,1951
2021-06-30,1956.84436,1956.84436,1950,1950
2021-07-01,1956.14319,1956.14319,1950,1951
2021-07-02,1955.79150,1955.79150,1951,1953
2021-07-05,1951.19812,1956.22266,1950.071655,1950.071655
2021-07-06,1959.15857,1959.15857,1950,1956.22266
2021-07-07,1959.29675,1959.29675,1950,1950
2021-07-08,1961.53748,1961.53748,1951,1951
2021-07-09,1956.69397,1956.69397,1951,1953
2021-07-12,1953.82935,1956.26489,1950,1953.58252
2021-07-13,1958.012451,1958.012451,1950,1951
2021-07-14,1956.33423,1956.33423,1950,1950
2021-07-15,1951.25903,1957.21997,1950,1951
2021-07-16,1958.37988,1958.37988,1951,1951
2021-07-19,1957.36389,1957.54309,1953,1956.83337
2021-07-20,1954.46448,1957.83008,1951,1954.19946
2021-07-21,1957.73035,1957.73035,1950,1951
2021-07-22,1954.88477,1958.49731,1950,1950
2021-07-23,1959.96057,1959.96057,1950,1951
2021-07-26,1957.41248,1958.27258,1950,1956.58936
2021-07-27,1955.45312,1958.31177,1950,1951
2021-07-28,1954.15149,1958.15784,1950,1950
2021-07-29,1951.46228,1958.73938,1951.46228,1955
2021-07-30,1957.28870,1958.73938,1957.28870,1958.73938
2021-08-02,1963.76355,1963.76355,1950,1958.34351
2021-08-03,1961.47498,1961.47498,1953,1953
2021-08-04,1962.96594,1962.96594,1953,1953
2021-08-05,1962.56104,1962.56104,1950,1953
2021-08-06,1962.14453,1962.14453,1950,1950
2021-08-09,1967.68018,1967.68018,1958.50635,1965.75647
2021-08-10,1961.49292,1961.49292,1958.50635,1958.50635
2021-08-11,1961.13550,1961.13550,1959.18884,1959.27869
2021-08-12,1954.47485,1959.18884,1954.47485,1959.18884
2021-08-13,1958.91577,1958.91577,1958.66541,1958.66541
2021-08-16,1951.47986,1959.21570,1951.47986,1958.83679
2021-08-17,1962.18860,1962.18860,1959.21570,1959.21570
2021-08-18,1959.96570,1959.96570,1959.36548,1959.36548
2021-08-19,1959.27173,1959.96570,1959.27173,1959.96570
2021-08-20,1657,1960.85901,1657,1959.27173
2021-08-23,1960.40576,1960.40576,1951,1957.29675
2021-08-24,1958.26819,1959.41345,1953,1953
2021-08-25,1959.19653,1960.61218,1951,1951
2021-08-26,1957.029663,1960.61218,1951,1960.61218
2021-08-27,1965.13599,1965.13599,1951,1951
2021-08-30,1952.64514,1960.81470,1952.64514,1960.092407
2021-08-31,1960.19165,1960.81470,1956.34583,1960.81470
2021-09-01,1966.31995,1966.31995,1959.57898,1959.57898
2021-09-02,1956.78052,1962.014404,1956.78052,1961.18408
2021-09-03,1957.011108,1962.014404,1957.011108,1962.014404
2021-09-06,1960.16211,1961.46729,1960.16211,1961.037109
2021-09-07,1961.77222,1961.77222,1961.46729,1961.46729
2021-09-08,1961.57080,1961.77222,1961.57080,1961.77222
2021-09-09,1962.28809,1962.28809,1961.57080,1961.57080
2021-09-10,1961.88464,1962.28809,1961.88464,1962.28809
2021-09-13,1966.41321,1966.41321,1950,1961.88464
2021-09-14,1956.62451,1968,1950,1950
2021-09-15,1961.89209,1968,1961.89209,1968
2021-09-16,1963.72852,1971,1961.98242,1969
2021-09-17,1963.38391,1971,1963.38391,1971
2021-09-20,1972.24438,1972.24438,1962.46423,1970
2021-09-21,1960.14612,1968,1960.14612,1968
2021-09-22,1965.50037,1969,1963.10950,1967
2021-09-23,1970.57556,1971,1963.41968,1969
2021-09-24,1958.020630,1971,1958.020630,1971
2021-09-27,1965.95605,1971,1963.29248,1970
2021-09-28,1966.19824,1971,1962.98474,1970
2021-09-29,1963.068726,1971,1963.068726,1971
2021-09-30,1972.71460,1972.71460,1963.25281,1971
2021-10-01,1964.11853,1970,1963.022583,1970
2021-10-04,1959.80005,1971,1959.80005,1971
2021-10-05,1965.16431,1971,1963.048340,1970
2021-10-06,1963.77637,1973,1963.026978,1971
2021-10-07,1960.071777,1973,1960.071777,1960.52136
2021-10-08,1964.096924,1973,1964.096924,1971
2021-10-11,1961.96912,1964.23767,1961.96912,1962.90186
2021-10-12,1967.010010,1971,1963.89697,1964.23767
2021-10-13,1965.85376,1971,1964.21606,1971
2021-10-14,1957.70508,1973,1957.70508,1964.21606
2021-10-15,1966.93994,1973,1964.67102,1971
2021-10-18,1968.83496,1973,1964.20959,1973
2021-10-19,1958.65930,1977,1958.65930,1975
2021-10-20,1968.95386,1979,1964.76843,1977
2021-10-21,1960.94238,1979,1960.94238,1979
2021-10-22,1967.43298,1979,1963.91650,1977
2021-10-25,1963.33472,1981,1963.33472,1963.42749
2021-10-26,1968.25159,1981,1965.18127,1981
2021-10-27,1968.70435,1980,1964.99792,1980
2021-10-28,1965.65894,1981,1965.19507,1981
2021-10-29,1952.18616,1970,1952.18616,1970
2021-11-01,1982.0091553,1982.0091553,1964.80298,1975
2021-11-02,1960.95728,1973,1960.95728,1970
2021-11-03,1972.19946,1973,1965.45605,1973
2021-11-04,1962.82214,1973,1962.82214,1970
2021-11-05,1966.44214,1973,1965.58850,1973
2021-11-08,1962.13513,1973,1962.13513,1971
2021-11-09,1964.48242,1973,1964.48242,1973
2021-11-10,1964.0014648,1971,1964.0014648,1971
2021-11-11,1977.94348,1977.94348,1965.29382,1971
2021-11-12,1970.95410,1973,1965.29382,1965.29382
2021-11-15,1964.40027,1973,1964.40027,1971
2021-11-16,1966.44421,1973,1966.44421,1973
2021-11-17,1965.78162,1971,1965.78162,1971
2021-11-18,1966.28503,1971,1965.89258,1969
2021-11-19,1964.11829,1971,1964.11829,1971
2021-11-22,1968.99792,1971,1964.98035,1964.98035
2021-11-23,1972.99219,1973,1966.078003,1969
2021-11-24,1967.29382,1973,1966.99170,1973
2021-11-25,1968.52747,1971,1966.29834,1971
2021-11-26,1967.060791,1973,1966.29834,1966.29834
2021-11-29,1965.87183,1974,1965.87183,1973
2021-11-30,1966.59729,1975,1966.59729,1974
2021-12-01,1972.15674,1977,1966.71960,1975
2021-12-02,1966.36365,1979,1966.36365,1977
2021-12-03,1974.89941,1979,1967.31311,1979
2021-12-06,1970.039062,1980,1966.50464,1966.50464
2021-12-07,1969.52734,1980,1967.94543,1980
2021-12-08,1963.63635,1978,1963.63635,1978
2021-12-09,1957.95215,1978,1957.95215,1977
2021-12-10,1967.51196,1979,1967.51196,1971.78772
2021-12-13,1961.75122,1981,1960.0087891,1960.0087891
2021-12-14,1966.93103,1983,1966.93103,1981
2021-12-15,1977.47583,1983,1968.57129,1983
2021-12-16,1965.66724,1983,1965.66724,1981
2021-12-17,1964.50781,1983,1964.50781,1983
2021-12-20,1982.71948,1982.71948,1968.85730,1982.38440
2021-12-21,1966.99866,1985,1966.99866,1985
2021-12-22,1975.49268,1983,1968.96814,1983
2021-12-23,1961.98047,1983,1961.98047,1981
2021-12-24,1968.93945,1983,1968.93945,1983
2021-12-27,1971.027222,1983,1971.027222,1981
2021-12-28,1968.70996,1983,1968.70996,1983
2021-12-29,1975.26611,1983,1970.87964,1983
2021-12-30,1962.10669,1981,1962.10669,1981
2021-12-31,1970.77869,1981,1970.21448,1980
2022-01-03,1963.11145,1983,1963.11145,1981
2022-01-04,1978.60632,1983,1969.19495,1983
2022-01-05,1968.31372,1982,1968.31372,1981
2022-01-06,1970.85388,1982,1970.32495,1982
2022-01-07,1972.42603,1981,1970.33667,1981
2022-01-10,1962.35071,1981,1960.50244,1960.50244
2022-01-11,1968.48206,1981,1968.48206,1981
2022-01-12,1965.17981,1980,1965.17981,1980
2022-01-13,1957.26941,1980,1957.26941,1979
2022-01-14,1970.31140,1981,1970.25806,1980
2022-01-17,1978.75684,1981,1970.55652,1981
2022-01-18,1969.78003,1981,1969.78003,1970.55652
2022-01-19,1981.86743,1981.86743,1970.74988,1980
2022-01-20,1966.69043,1990,1966.69043,1981
2022-01-21,1975.42688,1991,1972.040161,1990
2022-01-24,1970.17896,1993,1970.17896,1991
2022-01-25,1969.33679,1993,1969.33679,1993
2022-01-26,1965.81274,1995,1965.81274,1991
2022-01-27,1980.031128,1997,1970.79077,1995
2022-01-28,1973.73438,1999,1970.62866,1997
2022-01-31,1967.80237,1999,1900,1968.98486
2022-02-01,1960.31360,1972.44409,1900,1900
2022-02-02,1971.66577,1991,1971.66577,1991
2022-02-03,1975.44226,1990,1970.62305,1990
2022-02-04,1942.94446,1991,1942.94446,1991
2022-02-07,1979.33069,1991,1979.33069,1991
2022-02-08,1984.95886,1990,1973.46484,1990
2022-02-09,1974.0090332,1993,1973.40930,1973.46484
2022-02-10,1976.16541,1993,1973.64380,1993
2022-02-11,1978.81946,1994,1973.58374,1994
2022-02-14,1980.72827,1991,1974.10400,1981.44385
2022-02-15,1973.49304,1991,1973.49304,1991
2022-02-16,1972.73608,1997,1972.73608,1995
2022-02-17,1974.36414,1999,1972.85535,1997
2022-02-18,1973.65369,1999,1973.65369,1999
2022-02-21,1990.19666,1997,1973.87354,1997
2022-02-22,1981.69653,1997,1973.87354,1973.87354
2022-02-23,1976.17993,1999,1974.051514,1995
2022-02-24,1982.50293,1999,1974.50427,1999
2022-02-25,1968.74109,1996,1968.74109,1996
2022-02-28,1976.54675,1996,1959.55798,1959.55798
2022-03-01,1973.59363,1996,1973.59363,1996
2022-03-02,1973.63794,1997,1973.59363,1973.59363
2022-03-03,1972.97620,1999,1972.97620,1997
2022-03-04,1985.70239,1999,1975.61670,1977.92371
2022-03-07,1998.30286,1998.30286,1983.46619,1983.46619
2022-03-08,1991.22827,1995,1970.83191,1995
2022-03-09,1969.78467,1996,1969.78467,1996
2022-03-10,1959.90552,2023.91272,1959.90552,1995
2022-03-11,2034.28271,2034.28271,1993,1993
2022-03-14,2041.92371,2041.92371,1993,1995
2022-03-15,2026.85632,2026.85632,1990,1995
2022-03-16,2028.22351,2028.22351,1990,1990
2022-03-17,2019.37891,2027.097778,1991,2027.097778
2022-03-18,2018.45251,2024.45117,1990,1990
2022-03-21,2020.95947,2025.61169,1991,1991
2022-03-22,2031.93042,2031.93042,1991,1993
2022-03-23,2020.43384,2024.82275,1990,1991
2022-03-24,2020.26208,2027.12170,1990,1990
2022-03-25,2026.81641,2026.81641,1991,1991
2022-03-28,2034.43738,2034.43738,1993,2031.77966
2022-03-29,2028.26782,2028.26782,1993,1995
2022-03-30,2016.32788,2025.79761,1991,1993
2022-03-31,2017.81982,2024.43457,1990,1991
2022-04-01,2030.98315,2030.98315,1990,1990
2022-04-04,2029.84912,2030.16150,1990,2030.16150
2022-04-05,2030.90137,2030.90137,1990,1990
2022-04-06,2040.15515,2040.15515,1994,1995
2022-04-07,2026.19141,2026.19141,1994,1994
2022-04-08,2032.24951,2032.24951,1992,1995
2022-04-11,2025.71423,2028.45215,1992,1992
2022-04-12,2033.82471,2033.82471,1992,1995
2022-04-13,2035.91724,2035.91724,1993,1995
2022-04-14,2015.56201,2026.96130,1993,1993
2022-04-15,2044.69031,2044.69031,1995,1996
2022-04-18,2046.38464,2046.38464,1995,1995
2022-04-19,2050.63745,2050.63745,1996,1997
2022-04-20,2026.52820,2027.97876,1996,1996
2022-04-21,2031.066162,2031.066162,1997,1999
2022-04-22,2038.36304,2038.53235,1997,2038.53235
2022-04-25,2029.51941,2032.59570,1997,2032.59570
2022-04-26,2025.81653,2029.22534,1997,1997
2022-04-27,2036.74695,2036.74695,1995,1997
2022-04-28,2040.72400,2040.72400,1995,1995
2022-04-29,2023.66089,2027.14648,1996,1996
2022-05-02,2033.94238,2033.94238,1997,1997
2022-05-03,2027.42163,2028.019531,1997,1999
2022-05-04,2023.019775,2027.40991,1997,1999
2022-05-05,2011.20227,2030.50403,1997,1997
2022-05-06,2038.27600,2038.27600,2000,2000
2022-05-09,2040.93286,2040.93286,2001,2001
2022-05-10,2025.18408,2025.94104,2001,2002
2022-05-11,2031.88525,2031.88525,2001,2001
2022-05-12,2031.88733,2031.88733,2002,2002
2022-05-13,2038.77002,2038.77002,2005,2005
2022-05-16,2023.015991,2023.015991,2005,2006
2022-05-17,2026.15466,2026.15466,1990,2005
2022-05-18,2028.47693,2028.47693,1991,1991
2022-05-19,2029.47107,2029.47107,1991,1993
2022-05-20,2030.42517,2030.42517,1991,1991
2022-05-23,2030.20447,2030.20447,1992,1992
2022-05-24,2030.15039,2030.48682,1993,1993
2022-05-25,2026.73743,2029.40613,2003,2005
2022-05-26,2021.73767,2030.38049,2001,2003
2022-05-27,2028.022827,2028.022827,2001,2001
2022-05-30,2023.45825,2028.86096,2001,2001
2022-05-31,2035.16711,2035.16711,2001,2028.86096
2022-06-01,2023.58289,2029.49768,2003,2005
2022-06-02,2041.41919,2041.41919,2001,2003
2022-06-03,2017.78015,2030.90295,2001,2001
2022-06-06,2034.77844,2034.77844,2010,2034.15210
2022-06-07,2038.55383,2038.55383,2010,2010
2022-06-08,2026.49487,2029.77832,2011,2011
2022-06-09,2031.76794,2031.76794,2010,2029.77832
2022-06-10,2047.90442,2047.90442,2010,2010
2022-06-13,2050.89600,2050.89600,2010,2044.67578
2022-06-14,2038.84937,2038.84937,2011,2012
2022-06-15,2030.37366,2030.37366,2011,2011
2022-06-16,2035.94153,2035.94153,2012,2012
2022-06-17,2004.10754,2031.30664,2004.10754,2031.30664
2022-06-20,2035.45410,2035.45410,2031.47913,2034.72717
2022-06-21,2030.26416,2031.47913,2010,2031.47913
2022-06-22,2038.36108,2038.36108,2010,2010
2022-06-23,2020.51184,2031.59790,2013,2015
2022-06-24,2028.35278,2031.95593,2011,2013
2022-06-27,2027.37512,2031.69507,2011,2011
2022-06-28,2032.72266,2032.72266,2013,2013
2022-06-29,2042.84387,2042.84387,2030.41736,2031.85364
2022-06-30,2046.94543,2046.94543,2030.41736,2030.41736
2022-07-01,2017.49475,2030.89990,2017.49475,2030.88635
2022-07-04,2034.71509,2034.71509,2030.89990,2030.89990
2022-07-05,2034.87598,2034.87598,2031.038086,2031.13855
2022-07-06,2037.64539,2037.64539,2031.038086,2031.038086
2022-07-07,2032.48096,2032.48096,2030.77161,2031.28467
2022-07-08,2031.69861,2031.69861,2023.13953,2030.77161
2022-07-11,2027.65210,2034.68970,2021.62988,2021.62988
2022-07-12,2045.60144,2045.60144,2029.48132,2034.68970
2022-07-13,2028.61133,2030.76953,2028.61133,2029.48132
2022-07-14,2038.67139,2038.67139,2030.76953,2030.76953
2022-07-15,2029.88965,2031.59534,2029.88965,2030.92334
2022-07-18,2024.13708,2031.033081,2024.13708,2027.62280
2022-07-19,2036.57727,2036.57727,2031.033081,2031.033081
2022-07-20,2035.47852,2035.47852,2029.63269,2031.99780
2022-07-21,2033.94641,2033.94641,2029.63269,2029.63269
2022-07-22,2028.78943,2033.83508,2028.78943,2031.11804
2022-07-25,2030.010376,2031.92249,2023.68091,2023.68091
2022-07-26,2033.58118,2033.58118,2031.92249,2031.92249
2022-07-27,2034.63391,2034.63391,2020,2032.23901
2022-07-28,2025.51013,2033.27393,2013,2020
2022-07-29,2019.79675,2036.075073,2013,2020
2022-08-01,2037.071045,2037.071045,2020,2021
2022-08-02,2026.63245,2031.98035,2020,2020
2022-08-03,2047.20276,2047.20276,2020,2020
2022-08-04,2037.92163,2037.92163,2021,2021
2022-08-05,2025.37000,2034.43286,2020,2021
2022-08-08,2047.49048,2047.49048,2020,2044.022217
2022-08-09,2033.16162,2033.53979,2021,2023
2022-08-10,2037.35486,2037.35486,2021,2021
2022-08-11,2023.10352,2033.81311,2020,2020
2022-08-12,2038.88110,2038.88110,2020,2021
2022-08-15,2039.22388,2039.22388,2020,2021
2022-08-16,2043.97021,2043.97021,2020,2020
2022-08-17,2026.53052,2035.72241,2021,2021
2022-08-18,2031.56628,2035.72241,2020,2035.72241
2022-08-19,2053.085938,2053.085938,2020,2020
2022-08-22,2040.63599,2040.63599,2020,2037.35400
2022-08-23,2048.31226,2048.31226,2020,2020
2022-08-24,2027.66675,2032.94214,2020,2021
2022-08-25,2021.86182,2032.16003,2020,2020
2022-08-26,2037.38062,2037.38062,2021,2021
2022-08-29,2052.17700,2052.17700,2021,2044.79456
2022-08-30,2030.37537,2032.55933,2021,2021
2022-08-31,2035.63000,2035.63000,2023,2023
2022-09-01,2025.49817,2035.72339,2021,2021
2022-09-02,2047.78625,2047.78625,2021,2021
2022-09-05,2051.56885,2051.56885,2023,2024
2022-09-06,2027.94873,2033.65857,2023,2023
2022-09-07,2042.26379,2042.26379,1999,2023
2022-09-08,2017.68579,2035.40454,2017.68579,2023
2022-09-09,2028.63757,2038.15540,2021,2021
2022-09-12,2036.52649,2037.060059,2020.40881,2020.40881
2022-09-13,2036.97961,2036.97961,2024,2025
2022-09-14,2077.60791,2077.60791,2023,2024
2022-09-15,2043.13464,2043.13464,2023,2023
2022-09-16,2031.020630,2037.24402,2023,2024
2022-09-19,2012.56641,2037.63184,2011.63196,2011.63196
2022-09-20,2028.48169,2036.53027,2015,2025
2022-09-21,2045.72852,2045.72852,2006,2025
2022-09-22,2058.44824,2058.44824,2016,2016
2022-09-23,2043.46838,2043.46838,2024,2025
2022-09-26,2074.11035,2074.11035,2024,2049.29053
2022-09-27,2037.21729,2037.21729,2023,2024
2022-09-28,2047.70044,2047.70044,2023,2023
2022-09-29,2011.85706,2037.23206,2011.85706,2030
2022-09-30,2013.81165,2037.91296,2013.81165,2027
2022-10-03,2028.40149,2036.46570,2028,2028
2022-10-04,2027.24316,2038.29211,2027.24316,2030
2022-10-05,2019.33875,2037.97119,2019.33875,2029
2022-10-06,2039.38928,2045.14331,2030,2045.14331
2022-10-07,2056.60327,2056.60327,2030,2030
2022-10-10,2049.90894,2049.90894,2030,2049.21436
2022-10-11,2031.61682,2036.45691,2031,2031
2022-10-12,2039.88794,2039.88794,2030,2030
2022-10-13,2037.76941,2037.86023,2031,2033
2022-10-14,2028.21216,2038.21863,2028.21216,2031
2022-10-17,2035.32178,2038.67773,2031,2033
2022-10-18,2019.36914,2037.41626,2019.36914,2031
2022-10-19,2029.83374,2039.084351,2029.83374,2031
2022-10-20,2042.27966,2042.27966,2030,2030
2022-10-21,2046.13538,2046.13538,2031,2033
2022-10-24,2019.0045166,2039.23230,2015.82056,2015.82056
2022-10-25,2024.23755,2039.22900,2024.23755,2031
2022-10-26,2020.77905,2038.33997,2020.77905,2031
2022-10-27,2028.45935,2039.70105,2028.45935,2033
2022-10-28,2053.58594,2053.58594,2031,2031
2022-10-31,2039.71594,2040.99243,2030,2033
2022-11-01,2048.35571,2048.35571,2030,2030
2022-11-02,2049.50439,2049.50439,2031,2031
2022-11-03,2053.44678,2053.44678,2033,2033
2022-11-04,2034.26843,2040.12415,2031,2035
2022-11-07,2011.98193,2040.43848,2011.98193,2015.81812
2022-11-08,2033.60242,2040.10120,2031,2033
2022-11-09,2026.90564,2040.47620,2026.90564,2031
2022-11-10,2046.92920,2046.92920,2033,2033
2022-11-11,1995.44678,2040.88196,1995.44678,2034
2022-11-14,2034.38928,2042.63025,2025.24951,2025.24951
2022-11-15,2035.15613,2043.23718,2033,2033
2022-11-16,2055.70337,2055.70337,2031,2031
2022-11-17,2050.0090332,2050.0090332,2031,2033
2022-11-18,2037.82214,2040.76306,2031,2031
2022-11-21,2053.29102,2053.29102,2031,2033
2022-11-22,2037.25073,2043.56531,2031,2031
2022-11-23,2034.75439,2043.20520,2031,2033
2022-11-24,2022.66138,2043.79382,2022.66138,2031
2022-11-25,2042.10535,2043.79382,2033,2043.79382
2022-11-28,2051.53760,2051.53760,2033,2033
2022-11-29,2065.58496,2065.58496,2035,2035
2022-11-30,2050.38940,2050.38940,2033,2036
2022-12-01,2030.34766,2042.96436,2030.34766,2033
2022-12-02,2028.72229,2045.032104,2028.72229,2031
2022-12-05,2038.036987,2044.061646,2033,2044.061646
2022-12-06,2054.64941,2054.64941,2033,2033
2022-12-07,2052.98218,2052.98218,2031,2031
2022-12-08,2041.65930,2043.86462,2033,2033
2022-12-09,2030.44702,2043.90125,2030.44702,2040
2022-12-12,2052.47632,2052.47632,2043.27454,2045.64551
2022-12-13,2048.078857,2049.64331,2015,2015
2022-12-14,2025.84949,2046.089355,2025.84949,2041
2022-12-15,2042.79883,2045.94421,2041,2043
2022-12-16,2041.40747,2045.85535,2041,2041
2022-12-19,2050.70679,2051.98364,2041,2051.98364
2022-12-20,2045.67871,2046.67664,2040,2041
2022-12-21,2049.91431,2049.91431,2040,2040
2022-12-22,2041.28955,2045.29846,2041.28955,2043
2022-12-23,2048.40430,2048.40430,2041,2041
2022-12-26,2045.38000,2045.38000,2041,2043
2022-12-27,2038.66895,2047.0026855,2038.66895,2041
2022-12-28,2048.83032,2048.83032,2041,2043
2022-12-29,2050.12842,2050.12842,2041,2041
2022-12-30,2041.66943,2046.55542,2041.66943,2043
2023-01-02,2041.85986,2046.64185,2041,2041
2023-01-03,2051.26904,2051.26904,2041,2046.64185
2023-01-04,2038.71082,2047.17261,2038.71082,2043
2023-01-05,2043.51025,2047.64392,2041,2041
2023-01-06,2063.24609,2063.24609,2043,2043
2023-01-09,2013.29395,2046.16174,2013.29395,2043
2023-01-10,2037.10876,2048.081055,2037.10876,2041
2023-01-11,2047.83289,2048.15283,2041,2041
2023-01-12,2043.66321,2047.072998,2041,2043
2023-01-13,2029.48804,2047.79395,2029.48804,2041
2023-01-16,2036.87573,2047.86365,2036.87573,2040.71533
2023-01-17,2049.52954,2049.59106,2041,2047.86365
2023-01-18,2054.56494,2054.56494,2041,2041
2023-01-19,2052.97949,2052.97949,2043,2043
2023-01-20,2045.46863,2048.058105,2045,2045
2023-01-23,2035.26538,2049.86206,2035.26538,2048.058105
2023-01-24,2048.40210,2048.76611,2044,2044
2023-01-25,2043.67859,2048.83179,2043.67859,2045
2023-01-26,2038.40869,2051.033447,2038.40869,2044
2023-01-27,2051.28760,2051.28760,2043,2045
2023-01-30,2050.22119,2050.22119,2043,2049.91943
2023-01-31,2056.48584,2056.48584,2045,2046
2023-02-01,2045.011230,2051,2045.011230,2051
2023-02-02,2026.97864,2050,2026.97864,2050
2023-02-03,2069.45581,2069.45581,2049.52539,2050
2023-02-06,2076.97510,2076.97510,2048.56152,2068.68921
2023-02-07,2054.083008,2054.083008,2041,2043
2023-02-08,2045.46729,2048.70581,2041,2041
2023-02-09,2051.64771,2051.64771,2045,2045
2023-02-10,2055.37329,2055.37329,2050.093262,2051
2023-02-13,2056.012451,2056.012451,2043.51453,2049.24072
2023-02-14,2033.13416,2050,2033.13416,2050
2023-02-15,2053.46558,2053.46558,2045,2045
2023-02-16,2051.71851,2055.059082,2050,2055.059082
2023-02-17,2060.75171,2060.75171,2050,2050
2023-02-20,2040.94385,2051.46094,2038.94800,2038.94800
2023-02-21,2052.95996,2052.95996,2051,2051.46094
2023-02-22,2050.87329,2052.55835,2050,2052.55835
2023-02-23,2053.099121,2053.099121,2050,2050
2023-02-24,2051.66089,2051.98975,2048,2050
2023-02-27,2055.011475,2055.011475,2045,2049.98340
2023-02-28,2046.69312,2051.28442,2045,2045
2023-03-01,2056.45874,2056.45874,2049,2049
2023-03-02,2055.30469,2058.057861,2049,2050
2023-03-03,2054.87842,2055,2052.55518,2055
2023-03-06,2047.65393,2056,2047.65393,2055
2023-03-07,2043.073608,2056,2043.073608,2056
2023-03-08,2073.96240,2073.96240,2051.8125,2053
2023-03-09,2051.75391,2055,2051.75391,2054
2023-03-10,2047.75098,2055,2047.75098,2055
2023-03-13,2037.49353,2055,2037.49353,2042.66321
2023-03-14,2043.33752,2056,2043.33752,2055
2023-03-15,2050.12158,2056,2050.12158,2056
2023-03-16,2051.57739,2055,2051.57739,2055
2023-03-17,2059.050049,2059.62988,2055,2055
2023-03-20,2044.36035,2053.47803,2024.58142,2024.58142
2023-03-21,2051.61938,2053.67749,2051.61938,2053.47803
2023-03-22,2053.99902,2053.99902,2053.67749,2053.67749
2023-03-23,2051.97437,2053.99902,2051.97437,2053.99902
2023-03-24,2055.70117,2055.70117,2051.97437,2051.97437
2023-03-27,2053.12671,2055.70117,2050,2055.70117
2023-03-28,2053.62671,2055,2051,2055
2023-03-29,2054.10571,2054.10571,2051.012451,2051.012451
2023-03-30,2055.067871,2060,2051,2053
2023-03-31,2053.86865,2063,2050.41821,2060
2023-04-03,2055.77295,2063,2055.77295,2063
2023-04-04,2055.30957,2063,2055.30957,2063
2023-04-05,2056.95483,2063,2056.95483,2061
2023-04-06,2053.64185,2063,2053.64185,2063
2023-04-07,2055.90796,2061,2055.90796,2060
2023-04-10,2057.83960,2062,2041.37305,2041.37305
2023-04-11,2056.53101,2062,2056.53101,2062
2023-04-12,2055.78125,2063,2055.78125,2061
2023-04-13,2055.66504,2063,2055.66504,2063
2023-04-14,2057.92529,2061,2057.92529,2061
2023-04-17,2072.18628,2072.18628,2047.90845,2047.90845
2023-04-18,2066.98340,2066.98340,2057.40161,2061
2023-04-19,2055.72510,2063,2055.72510,2063
2023-04-20,2052.38892,2063,2052.38892,2057.21436
2023-04-21,2056.92920,2063,2055.59424,2063
2023-04-24,2051.30298,2063,2051.30298,2063
2023-04-25,2048.92651,2063,2048.92651,2050.58594
2023-04-26,2064.96680,2064.96680,2058.44385,2063
2023-04-27,2056.98096,2058.44385,2056.98096,2058.44385
2023-04-28,2059.29663,2066,2057.024170,2066
2023-05-01,2053.10864,2053.10864,2030.097534,2030.097534
2023-05-02,2054.26147,2064,2053.10864,2053.10864
2023-05-03,2046.075562,2063,2046.075562,2063
2023-05-04,2049.83984,2061,2049.83984,2061
2023-05-05,2064.39966,2064.39966,2057.87793,2061
2023-05-08,2057.86841,2064,2057.86841,2063
2023-05-09,2069.081543,2069.081543,2064,2064
2023-05-10,2066.36279,2069,2065.40601,2069
2023-05-11,2086.68994,2087.63989,2069,2069
2023-05-12,2792.97168,2795.32690,2086.89990,2086.89990
2023-05-15,2806.34985,2806.34985,2784.31372,2784.31372
2023-05-16,2798.80176,2798.80176,2793.53662,2795
2023-05-17,2799.76807,2799.76807,2790,2790
2023-05-18,2790.78345,2795,2790.78345,2793
2023-05-19,2804.63354,2804.63354,2790,2795
2023-05-22,2786.12573,2795,2786.12573,2786.34448
2023-05-23,2792.76685,2795,2790,2795
2023-05-24,2795.63696,2795.63696,2790,2790
2023-05-25,2794.80566,2795,2790,2795
2023-05-26,2794.047607,2794.79224,2790,2790
2023-05-29,2801.50562,2801.50562,2794.52100,2800.29102
2023-05-30,2795.38184,2795.38184,2790,2794.52100
2023-05-31,2794.35864,2794.53198,2790,2790
2023-06-01,2793.041504,2794.81567,2791,2791
2023-06-02,2782.090820,2796.67285,2782.090820,2794.81567
2023-06-05,2815.54224,2815.54224,2790,2806.88013
2023-06-06,2800.16797,2801.21362,2798.70337,2801.21362
2023-06-07,2795.83960,2795.90454,2791,2793
2023-06-08,2798.59375,2800,2795,2800
2023-06-09,2783.79346,2795.59595,2783.79346,2795
2023-06-12,2801.46289,2801.46289,2795,2796.15430
2023-06-13,2802.63184,2802.63184,2798,2798
2023-06-14,2800.055664,2800.055664,2790,2790
2023-06-15,2790.14185,2800.46143,2790.14185,2795
2023-06-16,2773.038086,2800,2773.038086,2800
2023-06-19,2801.36426,2801.36426,2793.85352,2793.85352
2023-06-20,2800.40283,2800.40283,2795,2800
2023-06-21,2802.68945,2802.68945,2795,2795
2023-06-22,2781.99927,2800.45068,2781.99927,2799.57861
2023-06-23,2813.053467,2813.053467,2795,2800
2023-06-26,2790.67432,2801,2782.95459,2782.95459
2023-06-27,2796.27881,2801.59668,2796.27881,2801
2023-06-28,2799.95972,2802.42212,2799.95972,2800
2023-06-29,2813.13599,2813.13599,2800,2801
2023-06-30,2815.24341,2815.24341,2800,2800
2023-07-03,2788.73706,2792.57471,2783.082275,2783.082275
2023-07-04,2790.87256,2800,2790.87256,2800
2023-07-05,2798.64600,2800.67993,2797.52832,2797.52832
2023-07-06,2809.18604,2809.18604,2800,2805
2023-07-07,2802.58521,2802.58521,2800,2800
2023-07-10,2783.76416,2802,2780.50562,2780.50562
2023-07-11,2781.48755,2807.76172,2781.48755,2805
2023-07-12,2799.79858,2803.82227,2799.79858,2800
2023-07-13,2773.79272,2803.16455,2773.79272,2802
2023-07-14,2790.96289,2802.40308,2790.96289,2800
2023-07-17,2802.92749,2803.34644,2797.083984,2797.083984
2023-07-18,2801.67578,2805.49146,2801.67578,2802
2023-07-19,2811.58716,2811.58716,2802,2805.49146
2023-07-20,2804.12915,2805.22900,2804.12915,2805
2023-07-21,2821.63867,2821.63867,2800,2800
2023-07-24,2804.83374,2817.36816,2803.23389,2803.23389
2023-07-25,2817.48926,2817.48926,2805,2808
2023-07-26,2803.47607,2808,2803.47607,2805
2023-07-27,2804.43042,2808,2804.43042,2808
2023-07-28,2846.12305,2846.12305,2802.10571,2805
2023-07-31,2798.35620,2810,2794.90771,2794.90771
2023-08-01,2814.91724,2814.91724,2805,2805
2023-08-02,2802.95386,2810.28979,2802.95386,2807.52417
2023-08-03,2816.55762,2816.55762,2805.56128,2810.28979
2023-08-04,2801.48975,2807.98438,2801.48975,2805
2023-08-07,2790.45044,2797.20532,2789.19653,2789.19653
2023-08-08,2793.79517,2807.022461,2793.79517,2796.87427
2023-08-09,2806.85571,2808.29321,2806.85571,2807.022461
2023-08-10,2809.40674,2809.40674,2808.29321,2808.29321
2023-08-11,2818.62036,2818.62036,2808.35864,2808.35864
2023-08-14,2823.13037,2823.13037,2805,2819.81738
2023-08-15,2825.57861,2825.57861,2809.25586,2810
2023-08-16,2816.93359,2816.93359,2805,2805
2023-08-17,2821.59082,2821.59082,2808,2810
2023-08-18,2810,2810,2808,2808
2023-08-21,2805.064697,2815,2801.90967,2801.90967
2023-08-22,2806.32886,2815,2806.32886,2815
2023-08-23,2819.74463,2819.74463,2809.52197,2810
2023-08-24,2793.89648,2810.12061,2793.89648,2805
2023-08-25,2825.84424,2825.84424,2809.57617,2813
2023-08-28,2811.072021,2812.022461,2803.90161,2812.022461
2023-08-29,2800.31421,2803.90161,2800.31421,2803.90161
2023-08-30,2787.38599,2806.45825,2787.38599,2803.18066
2023-08-31,2793.62256,2806.45825,2793.62256,2806.45825
2023-09-01,2813.61865,2813.61865,2804.74243,2804.74243
2023-09-04,2822.35181,2822.35181,2813.22583,2817.41138
2023-09-05,2816.52295,2816.52295,2806.31299,2815.98804
2023-09-06,2809.83398,2814,2803.14526,2809.087158
2023-09-11,2802.23267,2816,2802.23267,2802.25879
2023-09-12,2802.97119,2806.71460,2801.78442,2801.78442
2023-09-13,2794.85840,2817,2794.85840,2817
2023-09-14,2805.66821,2817,2805.66821,2817
2023-09-15,2831.28784,2831.28784,2806.78711,2818
2023-09-18,2802.52637,2806.45020,2802.079834,2802.079834
2023-09-19,2801.31714,2815,2801.31714,2815
2023-09-20,2811.37549,2817,2808.77710,2817
2023-09-21,2826.33228,2826.33228,2809.24097,2818
2023-09-22,2805.70874,2815,2805.70874,2815
2023-09-25,2802.56030,2818,2797.67651,2797.67651
2023-09-26,2821.96875,2821.96875,2808.027588,2818
2023-09-27,2817.66699,2820,2811.12769,2817
2023-09-28,2818.59985,2820,2808.92041,2820
2023-09-29,2801.70190,2820,2801.70190,2820
2023-10-02,2820.65845,2820.65845,2814.71680,2814.71680
2023-10-03,2832.62817,2832.62817,2809.98120,2818
2023-10-04,2809.88745,2818,2020,2818
2023-10-05,2804.43115,2832.93994,2020,2832.93994
2023-10-06,2800.28076,2810.35742,2798.55518,2798.55518
2023-10-09,2805.13403,2806.69092,2797.17041,2797.17041
2023-10-10,2795.81885,2811.66748,2795.81885,2806.69092
2023-10-11,2805.25513,2821,2805.25513,2821
2023-10-12,2804.91016,2821,2804.91016,2821
2023-10-13,2831.78198,2831.78198,2810.62378,2820
2023-10-16,2810.71729,2823,2810.71729,2811.81348
2023-10-17,2804.21387,2823,2804.21387,2823
2023-10-18,2808.015625,2821,2808.015625,2821
2023-10-19,2815.73193,2822,2810.36670,2811.34399
2023-10-20,2804.93213,2823,2804.93213,2820
2023-10-23,2811.25,2823,2806.54443,2806.54443
2023-10-24,2794.055664,2823,2021,2823
2023-10-25,2820.87842,2823,2021,2021
2023-10-26,2815.69849,2823,2812.87231,2821
2023-10-27,2807.21021,2823,2807.21021,2823
2023-10-30,2810.76929,2821,2806.46533,2806.46533
2023-10-31,2805.22168,2821,2020,2821
2023-11-01,2811.93555,2839.064941,2811.93555,2839.064941
2023-11-02,2798.81494,2811.93555,2798.81494,2811.93555
2023-11-03,2816.59521,2824,2808.87378,2808.87378
2023-11-06,2793.32788,2824,2790.77783,2790.77783
2023-11-07,2814.16748,2825,2812.088867,2824
2023-11-08,2809.60352,2824,2809.60352,2824
2023-11-09,2805.26514,2823,2805.26514,2822
2023-11-10,2819.11206,2823,2814.30981,2823
2023-11-13,2811.90063,2826,2804.81543,2804.81543
2023-11-14,2812.064697,2826,2812.064697,2826
2023-11-15,2775.86157,2826,2775.86157,2826
2023-11-16,2821.90210,2825,2817.87793,2825
2023-11-17,2816.047363,2826,2816.047363,2826
2023-11-20,2808.18311,2825,2802.69238,2802.69238
2023-11-21,2803.65649,2827,2802.082764,2827
2023-11-22,2823.69873,2826,2815.35059,2826
2023-11-23,2818.58057,2819.26685,2815.35059,2815.35059
2023-11-24,2820.80566,2826,2815.73047,2819.26685
2023-11-27,2809.17139,2825,2808.27368,2808.27368
2023-11-28,2816.55176,2828,2816.18042,2828
2023-11-29,2803.70679,2827,2803.70679,2827
2023-11-30,2822.58984,2826,2818.74268,2826
2023-12-01,2820.82324,2825,2819.52075,2825
2023-12-04,2825.10913,2825.10913,2820,2820.54346
2023-12-05,2826.47412,2826.47412,2818.77222,2825
2023-12-06,2825.86328,2825.88965,2028,2825
2023-12-07,2822.44653,2829,2821.29175,2822.65625
2023-12-08,2814.77979,2829,2814.77979,2829
2023-12-11,2823.46924,2828,2819.49365,2824.125
2023-12-12,2820.47583,2829,2818.98145,2829
2023-12-13,2820.73145,2820.73145,2819.97363,2819.97363
2023-12-14,2790.81714,2830,2790.81714,2820.21924
2023-12-15,2806.54004,2830,2806.54004,2830
2023-12-18,2839.70557,2839.70557,2820.77954,2836.24365
2023-12-19,2819.50073,2828,2818.86621,2828
2023-12-20,2812.87891,2831,2812.87891,2831
2023-12-21,2817.73730,2830,2817.73730,2830
2023-12-22,2817.12305,2831,2817.12305,2831
2023-12-25,2828.17529,2828.17529,2825.29932,2825.29932
2023-12-26,2830,2831,2827.19897,2827.19897
2023-12-27,2822.57739,2831,2822.57739,2831
2023-12-28,2808.92603,2830,2806.80469,2830
2023-12-29,2833.77710,2833.77710,2823.47852,2831
2024-01-01,2832.73706,2832.73706,2828.63745,2828.63745
2024-01-02,2824.44360,2831.19824,2824.44360,2831.19824
2024-01-03,2828.10571,2830,2822.29590,2830
2024-01-04,2825.24268,2832,2823.32422,2830
2024-01-05,2822.87305,2833,2822.87305,2832
2024-01-08,2815.15039,2834,2815.15039,2815.80640
2024-01-09,2817.74805,2834,2817.74805,2834
2024-01-10,2824.055664,2824.30859,2823.19043,2823.19043
2024-01-11,2816.076416,2833,2816.076416,2832
2024-01-12,2823.68799,2833,2823.68799,2833
2024-01-15,2825.93799,2825.93799,2820.93848,2820.93848
2024-01-16,2828.51294,2828.51294,2821.065186,2821.065186
2024-01-17,2828.99707,2835,2825.14282,2828.86694
2024-01-18,2820.65747,2836,2820.65747,2835
2024-01-19,2826.51245,2836,2826.51245,2836
2024-01-22,2822.038086,2835,2822.038086,2823.65674
2024-01-23,2824.31494,2834,2824.31494,2833
2024-01-24,2828.30322,2834,2825.92139,2834
2024-01-25,2830.18164,2836,2827.94141,2836
2024-01-26,2839.79370,2839.79370,2827.23853,2837
2024-01-29,2834.74731,2834.74731,2825.51978,2829.39844
2024-01-30,2823.83789,2837,2823.83789,2835
2024-01-31,2830.090332,2838,2822.31812,2837
2024-02-01,2835.30859,2835.30859,2825.65381,2833
2024-02-02,2810.84009,2834,2810.84009,2834
2024-02-05,2857.71313,2857.71313,2828.41895,2853.81812
2024-02-06,2830.19580,2838,2828.92920,2831.025635
2024-02-07,2821.34668,2838,2821.34668,2838
2024-02-08,2826.21997,2837,2826.023438,2837
2024-02-09,2824.52417,2834,2824.52417,2833
2024-02-12,2822.089844,2834,2822.089844,2825.85913
2024-02-13,2825.13989,2839,2825.13989,2839
2024-02-14,2846.42017,2846.42017,2828.99219,2838
2024-02-15,2823.50757,2837,2823.50757,2837
2024-02-16,2821.58960,2841,2821.58960,2840
2024-02-19,2828.95654,2829.69141,2828.95654,2829.69141
2024-02-20,2832.48804,2841,2829.019287,2829.019287
2024-02-21,2826.25171,2840,2826.25171,2840
2024-02-22,2823.20459,2839,2823.20459,2839
2024-02-23,2838.56543,2840,2831.39478,2840
2024-02-26,2833.61987,2841,2828.31177,2828.31177
2024-02-27,2831.48242,2841,2830.40234,2840
2024-02-28,2836.016357,2841,2831.098389,2841
2024-02-29,2827.73901,2841,2825.13037,2825.13037
2024-03-01,2835.16235,2842,2830.78394,2841
2024-03-04,2826.34473,2844,2822.60815,2822.60815
2024-03-05,2833.83789,2844,2833.16040,2844
2024-03-06,2833.97046,2844,2832.48975,2844
2024-03-07,2826.97974,2844,2826.97974,2844
2024-03-08,2818.96240,2844,2818.96240,2820.50806
2024-03-11,2831.81079,2844,2830.47827,2830.47827
2024-03-12,2835.33618,2844,2833.18628,2843
2024-03-13,2836.42822,2844,2833.52905,2844
2024-03-14,2832.079834,2834.74512,2043,2833.52905
2024-03-15,2867.15991,2870.060059,2844,2844
2024-03-18,2835.32690,2835.32690,2043,2835.0014648
2024-03-19,2843.68335,2843.68335,2834.78491,2842.31055
2024-03-20,2830.92334,2845,2830.92334,2843
2024-03-21,2810.79248,2845,2810.79248,2845
2024-03-22,2850.70459,2850.70459,2833.81616,2834.71558
2024-03-25,2835.021240,2844,2822.58740,2822.58740
2024-03-26,2831.49829,2846,2831.49829,2843
2024-03-27,2844.47314,2846,2836.50391,2846
2024-03-28,2836.55615,2845,2835.39600,2845
2024-03-29,2838.14575,2846,2836.98730,2845
2024-04-01,2835.89624,2847,2833.31030,2833.31030
2024-04-02,2836.53613,2847,2836.53613,2847
2024-04-03,2830.50415,2846,2830.50415,2846
2024-04-04,2819.65552,2846,2819.65552,2845
2024-04-05,2842.12134,2846,2837.41821,2846
2024-04-08,2839.46216,2845,2836.070068,2836.070068
2024-04-09,2831.79077,2846,2830.99561,2830.99561
2024-04-10,2840.95996,2846,2840.95996,2846
2024-04-11,2870.50732,2870.50732,2837.79883,2844
2024-04-12,2838.90991,2845,2836.81152,2837.79883
2024-04-15,2838.43701,2843,2831.38916,2831.38916
2024-04-16,2848.98999,2848.98999,2837.32251,2843
2024-04-17,2839.91357,2844,2836.72217,2844
2024-04-18,2830.74048,2844,2830.74048,2831.19141
2024-04-19,2849.17993,2849.17993,2839.52466,2849
2024-04-22,2837.57910,2842.12061,2833.13818,2833.13818
2024-04-23,2837.45435,2850,2836.50635,2850
2024-04-24,2825.42212,2850,2825.42212,2850
2024-04-25,2836.081543,2840.75757,2836.081543,2840.61987
2024-04-26,2839.80420,2850,2839.21582,2850
2024-04-29,2845.63135,2850,2840.43091,2847.82495
2024-04-30,2841.70337,2851,2841.70337,2851
2024-05-01,2859.018799,2860.30640,2840.79565,2850
2024-05-02,2829.86890,2850,2829.86890,2850
2024-05-03,2833.99268,2851,2833.99268,2851
2024-05-06,2835.10571,2838.098145,2835.10571,2836.42285
2024-05-07,2837.24219,2853,2837.24219,2852
2024-05-08,2847.59961,2853,2842.90552,2853
2024-05-09,2843.83179,2855,2843.033936,2855
2024-05-10,2830.69092,2855,2830.69092,2855
2024-05-13,2845.48169,2855,2843.22095,2845.058838
2024-05-14,2841.78491,2855,2841.78491,2853
2024-05-15,2837.50439,2855,2837.50439,2855
2024-05-16,2825.091064,2853,2825.091064,2853
2024-05-17,2845.36011,2851,2842.77734,2850
2024-05-20,2833.78394,2854,2828.14014,2828.14014
2024-05-21,2841.16235,2855,2841.16235,2841.55469
2024-05-22,2847.11597,2855,2846.041260,2855
2024-05-23,2847.77368,2854,2844.65503,2854
2024-05-24,2853.79932,2853.79932,2845.89722,2850
2024-05-27,2842.60498,2843.82056,2841.29541,2841.29541
2024-05-28,2842.77368,2856,2842.55200,2843.82056
2024-05-29,2852.047852,2852.047852,2848.78418,2850.32739
2024-05-30,2859.10107,2859.10107,2845.93066,2850
2024-05-31,2842.015869,2855,2842.015869,2855
2024-06-03,2844.23438,2855,2844.024902,2844.024902
2024-06-04,2826.40576,2855,2826.40576,2855
2024-06-05,2842.16724,2857,2842.16724,2857
2024-06-06,2843.45068,2855,2843.45068,2855
2024-06-07,2843.60571,2850,2843.14893,2843.14893
2024-06-10,2876.71924,2883.24658,2866.28149,2866.28149
2024-06-11,2865.72998,2870.87744,2851.54858,2870.87744
2024-06-12,2848.65332,2857,2848.022217,2857
2024-06-13,2834.24658,2855,2834.24658,2855
2024-06-14,2863.75586,2863.75586,2847.42383,2858
2024-06-17,2846.62573,2847.30103,2845.66846,2845.66846
2024-06-18,2840.93604,2857,2840.93604,2857
2024-06-19,2843.91797,2858,2843.61328,2858
2024-06-20,2850.19019,2870.65796,2848.79541,2870.65796
2024-06-21,2855.11475,2855.11475,2848.70508,2850
2024-06-24,2846.41357,2847.95605,2846.41357,2846.73315
2024-06-25,2846.84180,2874,2846.84180,2874
2024-06-26,2853.0085449,2859,2850.76392,2859
2024-06-27,2851.95190,2855,2851.56152,2855
2024-06-28,2848.77905,2860,2848.77905,2860
2024-07-01,2841.12280,2847.98730,2841.12280,2847.98730
2024-07-02,2849.49121,2861,2849.49121,2861
2024-07-03,2842.73682,2851.15820,2842.73682,2851.15820
2024-07-04,2842.35840,2860,2842.35840,2860
2024-07-05,2848.21313,2852.44653,2848.21313,2852.44653
2024-07-08,2852.61499,2854.36890,2852.53931,2854.36890
2024-07-09,2853.36938,2853.55371,2852.88184,2853.55371
2024-07-10,2855.16089,2855.16089,2852.28564,2854.50098
2024-07-11,2849.17920,2863,2845.017578,2863
2024-07-12,2845.88354,2863,2845.88354,2863
2024-07-15,2853.77100,2861,2845.12207,2845.12207
2024-07-16,2858.59863,2860,2854.33716,2860
2024-07-17,2853.93115,2853.93115,2853.027100,2853.68237
2024-07-18,2852.12720,2854.41138,2852.12720,2852.46631
2024-07-19,2864.48730,2864.48730,2853.52148,2854.41138
2024-07-22,2851.80591,2864,2851.80591,2854.13770
2024-07-23,2852.56470,2865,2852.56470,2865
2024-07-24,2858.55200,2860,2855.60107,2860
2024-07-25,2855.77222,2863,2855.60229,2863
2024-07-26,2854.45776,2855.54956,2854.45776,2855.54956
2024-07-29,2853.18481,2855.64258,2853.18481,2855.64258
2024-07-30,2859.044678,2860,2855,2860
2024-07-31,2859.94287,2860,2854.51953,2855
2024-08-01,2853.013428,2856,2853.013428,2855
2024-08-02,2854.12402,2856,2854.12402,2856
2024-08-05,2831.16772,2865,2830.014160,2830.014160
2024-08-06,2852.46460,2865,2852.46460,2865
2024-08-07,2850.80347,2860,2850.80347,2860
2024-08-08,2853.94019,2860,2853.94019,2856.29248
2024-08-09,2860.035645,2866,2858.44263,2865
2024-08-12,2857.46069,2866,2855.17261,2855.17261
2024-08-13,2856.41089,2865,2856.26685,2865
2024-08-14,2839.28491,2863,2839.28491,2860
2024-08-15,2861.36011,2863,2857.67480,2863
2024-08-16,2866.96948,2867.89697,2859.39111,2867.89697
2024-08-19,2849.57935,2863,2848.26245,2848.26245
2024-08-20,2842.55029,2860,2842.55029,2860
2024-08-21,2847.45020,2863.62012,2847.45020,2863
2024-08-22,2855.47681,2865.45483,2855.47681,2863
2024-08-23,2869.48706,2869.48706,2860,2860
2024-08-26,2844.54541,2863,2840.52271,2840.52271
2024-08-27,2856.55420,2864,2856.55420,2860
2024-08-28,2859.83911,2864,2859.83911,2864
2024-08-29,2861.68604,2871.13599,2861.68604,2864.014404
2024-08-30,2867.59888,2867.59888,2862.95752,2863
2024-09-02,2869.91187,2869.91187,2866.15308,2867.35669
2024-09-03,2867.66895,2867.66895,2860,2866.15308
2024-09-04,2859.75464,2864.79858,2859.75464,2860
2024-09-05,2856.39502,2863,2856.059814,2856.059814
2024-09-06,2859.55957,2863.79321,2859.55957,2860.010010
2024-09-09,2869.45190,2873,2862.35620,2866.64575
2024-09-10,2865.48291,2873,2864.041992,2864.041992
2024-09-11,2876.84717,2876.84717,2870,2870
2024-09-12,2882.46460,2882.46460,2872.69995,2873
2024-09-13,2854.96533,2872.74341,2854.96533,2871
2024-09-16,2872.71753,2876.47852,2870,2876.47852
2024-09-17,2872.47729,2874,2872.43848,2874
2024-09-18,2874.76978,2877.096680,2874.76978,2877.096680
2024-09-19,2887.78394,2887.78394,2873,2873
2024-09-20,2876.048340,2876.048340,2874.66113,2875
2024-09-23,2874.10718,2875,2869.32397,2869.32397
2024-09-24,2875.67871,2875.81470,2874,2874
2024-09-25,2858.17676,2875,2858.17676,2875
2024-09-26,2887.51709,2889.0087891,2875.11426,2889.0087891
2024-09-27,2870.86694,2875.11426,2870,2875.11426
2024-09-30,2870.89014,2875,2870,2870
2024-10-01,2890.082520,2890.082520,2875,2875
2024-10-02,2890.20435,2890.20435,2876,2876
2024-10-03,2897.36255,2897.36255,2874,2875
2024-10-04,2877.90918,2878.065674,2874.89746,2878.065674
2024-10-07,2891.067627,2891.067627,2875,2887.68506
2024-10-08,2879.60889,2879.60889,2875,2875
2024-10-09,2878.84106,2878.84106,2875,2876
2024-10-10,2883.022949,2925.53345,2875,2875
2024-10-11,2924.86475,2926.26465,2875,2875
2024-10-14,2928.51562,2928.51562,2920.77271,2920.77271
2024-10-15,2927.99854,2927.99854,2875,2925.12964
2024-10-16,2930.42480,2930.42480,2875,2876
2024-10-17,2884.32495,2884.32495,2875,2875
2024-10-18,2886.74634,2886.74634,2876,2876
2024-10-21,2876.86548,2876.86548,2873.81055,2873.81055
2024-10-22,2885.47314,2885.47314,2870,2870
2024-10-23,2886.59985,2886.59985,2875,2875
2024-10-24,2874.79321,2878.40332,2874.79321,2876
2024-10-25,2872.19238,2878.27271,2872.19238,2875
2024-10-28,2880.091553,2884.054688,2880,2884.054688
2024-10-29,2882.60791,2882.60791,2880,2880
2024-10-30,2873.70508,2885,2873.70508,2885
2024-10-31,2873.75391,2886,2873.75391,2885
2024-11-01,2876.37866,2880.24219,2876.37866,2880
2024-11-04,2871.21851,2882,2871.21851,2876.16602
2024-11-05,2880.79297,2885,2880,2880
2024-11-06,2924.73853,2924.73853,2880,2885
2024-11-07,2922.25513,2925.17261,2880,2880
2024-11-08,2918.36621,2928.0014648,2880,2880
2024-11-11,2943.85693,2943.85693,2926.083496,2942.88257
2024-11-12,2929.80713,2929.80713,2883,2926.083496
2024-11-13,2924.25879,2928.84155,2883,2883
2024-11-14,2949.30396,2950.53369,2886,2886
2024-11-15,2925.31030,2928.64990,2885,2885
2024-11-18,2936.73462,2936.73462,2928.32471,2935.56494
2024-11-19,2912.67822,2927.25195,2885,2885
2024-11-20,2916.50952,2927.34229,2885,2886
2024-11-21,2929.50757,2929.50757,2885,2885
2024-11-22,2940.86475,2940.86475,2885,2886
2024-11-25,2910.045410,2928.0024414,2886,2926.24414
2024-11-26,2934.45825,2934.45825,2886,2886
2024-11-27,2935.079102,2935.079102,2885,2885
2024-11-28,2919.15283,2927.41187,2886,2886
2024-11-29,2925.096924,2929.90259,2885,2927.41187
2024-12-02,2936.95605,2936.95605,2885,2922.37183
2024-12-03,2937.67114,2937.67114,2925,2925
2024-12-04,2932.44238,2932.44238,2885,2885
2024-12-05,2926.11230,2930.42212,2885,2885
2024-12-06,2919.52490,2929.60840,2886,2886
2024-12-09,2938.58984,2938.58984,2885,2932.060059
2024-12-10,2934.24585,2934.24585,2930.37671,2933.27271
2024-12-11,2927.94287,2927.94287,2888,2888
2024-12-12,2928.21509,2930.97046,2886,2886
2024-12-13,2939.38623,2939.84985,2927.75659,2930.97046
2024-12-16,2920.70093,2927.36377,2920.70093,2923.91138
2024-12-17,2920.74170,2929.59131,2920.74170,2927.36377
2024-12-18,2926.076904,2929.45264,2926.076904,2929.15869
2024-12-19,2962.65967,2962.65967,2929.45264,2929.45264
2024-12-20,2940.73364,2940.73364,2928.74634,2929.93384
2024-12-23,2917.085938,2933.15503,2917.085938,2917.81274
2024-12-24,2928.82690,2933.15503,2928.33008,2933.15503
2024-12-25,2926.54346,2928.33008,2925.41895,2928.33008
2024-12-26,2926.54346,2928.33008,2925.41895,2928.33008
2024-12-27,2930.47217,2930.47217,2925.41895,2925.41895
2024-12-30,2934.14038,2934.14038,2928.52539,2933.77441
2024-12-31,2940.46460,2940.46460,2928.52539,2928.52539
2025-01-02,2930.51221,2930.51221,2890,2928.52539
2025-01-03,2948.86523,2948.86523,2890,2890
2025-01-06,2926.27100,2933.60620,2890,2925.59009
2025-01-07,2942.28149,2942.28149,2892,2892
2025-01-08,2948.034424,2948.034424,2890,2890
2025-01-09,2925.90942,2930.56763,2891,2891
2025-01-10,2930.45386,2930.88721,2930.45386,2930.73828
2025-01-13,2947.99951,2947.99951,2890,2943.88916
2025-01-14,2915.48779,2934.46851,2890,2890
2025-01-15,2917.98755,2930.81348,2895,2895
2025-01-16,2934.47363,2934.47363,2896,2896
2025-01-17,2926.58325,2932.38330,2890,2890
2025-01-20,2935.51782,2935.51782,2931.44434,2931.44434
2025-01-21,2919.25415,2933.43921,2919.25415,2933.43921
2025-01-22,2915.90210,2932.66919,2890,2890
2025-01-23,2943.18359,2943.18359,2885,2885
2025-01-24,2928.45898,2933.47192,2885,2886
2025-01-27,2938.88281,2938.88281,2880,2927.13330
2025-01-28,2953.85864,2953.85864,2880,2880
2025-01-29,2931.63379,2934.75073,2890,2890
2025-01-30,2927.625,2930.98804,2893,2893
2025-01-31,2933.41406,2933.41406,2898,2898
2025-02-03,2972.80005,2979.24609,2895,2979.24609
2025-02-04,2913.0031738,2932.63208,2895,2905.95068
2025-02-05,2918.46826,2934.11963,2893,2893
2025-02-06,2936.55933,2936.55933,2895,2895
2025-02-07,2926.90674,2935.64282,2892,2895
2025-02-10,2973.92480,2983.34937,2922.5,2923
2025-02-11,2923,2965.91455,2923,2925
2025-02-12,2925,2961.14551,2925,2926
2025-02-13,2926,2965.44482,2926,2927
2025-02-14,2927,2962.26929,2926.5,2926.5
2025-02-15,2926.5,2926.5,2926.5,2926.5
2025-02-17,2952.42188,2961.13599,2950.44043,2961.13599
2025-02-18,2965.30908,2965.30908,2963.31006,2963.31006
2025-02-19,2965.70703,2965.70703,2959.94434,2959.94434
2025-02-20,2962.35864,2962.35864,2959.37695,2960.72827
2025-02-21,2947.89648,2962.95947,2947.89648,2962.95947
2025-02-24,2962.59131,2962.59131,2947.77563,2960.92554
2025-02-25,2962.59497,2962.59497,2959.38525,2959.38525
2025-02-26,2954.31958,2962.81104,2954.31958,2962.81104
2025-02-27,2965.63867,2965.63867,2960.87061,2960.87061
2025-03-03,2967.48389,2967.48389,2817.5,2912.5
2025-03-04,2951.95288,2962.084961,2912.5,2912.5
2025-03-05,2943.036133,2957.71289,2913.5,2913.5
2025-03-06,2924.78613,2962.57544,2924.78613,2962.57544
2025-03-07,2965.10156,2965.10156,2912.5,2912.5
2025-03-10,2961.45459,2963.81665,2912.5,2913.5
2025-03-11,2960.56836,2962.35840,2960.56836,2962.35840
2025-03-12,2962.18188,2965.13892,2912.5,2912.5
2025-03-13,2966.29614,2966.29614,2962.73096,2962.73096
2025-03-14,2967.034912,2967.034912,2961.11523,2961.11523
2025-03-17,2966.95166,2966.95166,2915.5,2915.5
2025-03-19,2957.77148,2962.45044,2957.77148,2962.45044
2025-03-20,2964.29761,2964.29761,2926,2926
2025-03-21,2962.72754,2963.40332,2926,2926
2025-03-24,2970.46533,2970.46533,2927.5,2927.5
2025-03-25,2972.27856,2972.27856,2925,2925
2025-03-26,2970.70068,2970.70068,2928,2928
2025-03-27,2971.50562,2971.50562,2925,2925
2025-03-28,2962.20459,2963.85693,2962.20459,2963.85693
2025-03-31,2944.88477,2971.88745,2926,2926
2025-04-01,2970.37744,2973.48755,2928,2928
2025-04-02,2974.20410,2974.20410,2926,2926
2025-04-03,2946.60864,2971.41211,2926.5,2926.5
2025-04-04,2969.89429,2969.89429,2961.47412,2961.47412
2025-04-07,2973.60327,2973.60327,2925.5,2925.5
2025-04-08,2976.85083,2976.85083,2925.5,2925.5
2025-04-09,2948.76733,2970.37598,2925,2925
2025-04-10,2985.54468,2985.54468,2928,2928
2025-04-11,2913.82642,2973.42236,2907.64990,2907.64990
2025-04-14,2907.64990,2907.87012,2900,2907.87012
2025-04-15,2907.87012,2907.87012,2907.87012,2907.87012
2025-04-16,2907.87012,2907.87012,2907.87012,2907.87012
2025-04-17,2907.87012,2907.87012,2905,2907.87012
2025-04-18,2907.87012,2908.84009,2906,2908.84009
2025-04-19,2908.84009,2908.84009,2908.84009,2908.84009
2025-04-21,2908.84009,2909.060059,2905,2909.060059
2025-04-22,2909.060059,2909.30005,2909.060059,2909.30005
2025-04-23,2909.30005,2909.53003,2906,2909.53003
2025-04-24,2909.53003,2909.75,2909,2909.75
2025-04-25,2909.75,2909.97998,2907,2909.97998
2025-04-26,2909.97998,2909.97998,2909.97998,2909.97998
2025-04-28,2909.97998,2910.22998,2903,2910.22998
2025-04-29,2910.22998,2910.42993,2910.22998,2910.42993
2025-04-30,2910.42993,2910.66992,2905,2910.66992
2025-05-01,2910.66992,2910.66992,2906,2910.66992
2025-05-02,2910.66992,2910.87988,2905,2905
2025-05-03,2910.87988,2910.87988,2910.87988,2910.87988
2025-05-05,2910.87988,2911.12012,2903,2911.12012
2025-05-06,2911.12012,2911.35010,2905,2911.35010
2025-05-07,2911.35010,2911.57007,2906,2911.57007
2025-05-08,2911.57007,2911.80005,2911.57007,2911.80005
2025-05-09,2911.80005,2912.020020,2905,2912.020020
2025-05-10,2912.020020,2912.020020,2912.020020,2912.020020
2025-05-12,2912.020020,2912.26001,2907,2907
2025-05-13,2912.26001,2912.51001,2906,2906
2025-05-14,2912.51001,2912.71997,2905,2905
2025-05-15,2912.71997,2912.94995,2910,2912.94995
2025-05-16,2912.94995,2913.15991,2909,2913.15991
2025-05-17,2913.15991,2913.15991,2913.15991,2913.15991
2025-05-19,2913.15991,2913.38989,2908,2913
2025-05-20,2913.38989,2913.62988,2912,2913.62988
2025-05-21,2913.62988,2913.86011,2913,2913.86011
2025-05-22,2913.86011,2914.11011,2912,2912
2025-05-23,2914.11011,2914.11011,2914.11011,2914.11011
2025-05-24,2914.11011,2914.11011,2914.11011,2914.11011
2025-05-26,2914.11011,2914.11011,2914.11011,2914.11011
2025-05-27,2914.11011,2914.11011,2914.11011,2914.11011
2025-05-28,2914.11011,2914.11011,2914.11011,2914.11011
2025-05-29,2914.11011,2915.040039,2914.11011,2915.040039
2025-05-30,2915.040039,2915.28003,2915.040039,2915.28003
2025-05-31,2915.28003,2915.28003,2915.28003,2915.28003
2025-06-02,2915.28003,2915.51001,2910,2915.51001
2025-06-03,2915.51001,2915.51001,2909,2915.51001
2025-06-04,2915.51001,2915.97998,2907,2915.97998
2025-06-05,2915.97998,2915.97998,2910,2915.97998
2025-06-06,2915.97998,2916,2915.97998,2915.97998
2025-06-07,2915.97998,2915.97998,2915.97998,2915.97998
2025-06-09,2915.97998,2915.97998,2915,2915.97998
2025-06-10,2915.97998,2916.21997,2915.97998,2916.21997
2025-06-11,2916.21997,2916.45996,2915,2916.45996
2025-06-12,2916.45996,2916.69995,2916,2916.69995
2025-06-13,2916.69995,2917,2616.92993,2616.92993
2025-06-14,2616.92993,2616.92993,2616.92993,2616.92993
2025-06-16,2616.92993,2917.15991,2616.92993,2917.15991
2025-06-17,2917.15991,2917.39990,2916,2917.39990
2025-06-18,2917.39990,2917.63989,2916,2917.63989
2025-06-19,2917.63989,2917.87988,2916,2916
2025-06-20,2917.87988,2918.11011,2915,2915
2025-06-21,2918.11011,2918.11011,2918.11011,2918.11011
2025-06-23,2918.11011,2918.32007,2915,2918.32007
2025-06-24,2918.32007,2918.54004,2915,2918.54004
2025-06-25,2918.54004,2918.77002,2869.71997,2869.71997
2025-06-26,2869.71997,2919.010010,2869.71997,2919.010010
2025-06-27,2919.010010,2919.010010,2915,2915
2025-06-28,2919.010010,2919.010010,2919.010010,2919.010010
2025-06-30,2919.010010,2919.010010,2916,2919.010010
2025-07-01,2919.010010,2919.010010,2916,2919.010010
2025-07-02,2919.010010,2919.70996,2916,2919.70996
2025-07-03,2919.70996,2919.70996,2915,2919.70996
2025-07-04,2919.70996,2919.70996,2919.70996,2919.70996
2025-07-05,2919.70996,2919.70996,2919.70996,2919.70996
2025-07-07,2919.70996,2920.41992,2916,2920.41992
2025-07-08,2920.41992,2920.64990,2916,2920.64990
2025-07-09,2920.64990,2920.88989,2916,2920.88989
2025-07-10,2920.88989,2921.12012,2920.88989,2921.12012
2025-07-11,2921.12012,2921.36011,2916,2921.36011
2025-07-12,2921.36011,2921.36011,2921.36011,2921.36011
2025-07-14,2921.36011,2921.59009,2815,2921.59009
2025-07-15,2921.59009,2921.79004,2815,2921.79004
2025-07-16,2921.79004,2922,2901,2922
2025-07-17,2922,2922.22998,2901,2922.22998
2025-07-18,2922.22998,2922.45996,2901,2922.45996
2025-07-19,2922.45996,2922.45996,2922.45996,2922.45996
2025-07-21,2922.45996,2922.45996,2905,2922.45996
2025-07-22,2922.45996,2922.91992,2912,2922.91992
2025-07-23,2922.91992,2922.91992,2905,2922.91992
2025-07-24,2922.91992,2923.37012,2906,2923.37012
2025-07-25,2923.37012,2923.37012,2923.37012,2923.37012
2025-07-26,2923.37012,2923.37012,2923.37012,2923.37012
2025-07-28,2923.37012,2923.82007,2910,2923.82007
2025-07-29,2923.82007,2924.020020,2920,2924.020020
2025-07-30,2924.020020,2924.23999,2920,2924.23999
2025-07-31,2924.23999,2924.46997,2920,2924.46997
2025-08-01,2924.46997,2924.65991,2920,2924.65991
2025-08-02,2924.65991,2924.65991,2924.65991,2924.65991
2025-08-04,2924.65991,2926,2924.65991,2924.87988
2025-08-05,2924.87988,2926,2924.87988,2925.020020
2025-08-06,2925.020020,2926,2925.020020,2925.31006
2025-08-07,2925.31006,2926,2925.31006,2925.52002
2025-08-08,2925.52002,2925.71997,2925.52002,2925.71997
2025-08-09,2925.71997,2925.71997,2925.71997,2925.71997
2025-08-11,2925.71997,2925.71997,2825.91992,2825.91992
2025-08-12,2825.91992,2925.91992,2825.91992,2925.91992
2025-08-13,2925.91992,2930,2920,2925.91992
2025-08-14,2925.91992,2930,2925.91992,2926.55005
2025-08-15,2926.55005,2935,2926.55005,2926.55005
2025-08-16,2926.55005,2926.55005,2926.55005,2926.55005
2025-08-18,2926.55005,2935,2926.55005,2935
2025-08-19,2926.76001,2939,2926.76001,2926.95996
2025-08-20,2926.95996,2939,2926.95996,2939
2025-08-21,2926.95996,2941,2926.95996,2927.38989
2025-08-22,2927.38989,2945,2927.38989,2927.60010
2025-08-23,2927.60010,2927.60010,2927.60010,2927.60010
2025-08-25,2927.60010,2943,2917,2927.72998
2025-08-26,2927.72998,2927.81006,2927.72998,2927.81006
2025-08-27,2927.81006,2931,2927.81006,2927.81006
2025-08-28,2927.81006,2927.81006,2828.22998,2828.22998
2025-08-29,2828.22998,2931,2828.22998,2928.42993
2025-08-30,2928.42993,2928.42993,2928.42993,2928.42993
2025-09-01,2928.42993,2928.42993,2828.62988,2828.62988
2025-09-02,2828.62988,2928.86011,2828.62988,2928.86011
2025-09-03,2928.86011,2929.070068,2915,2929.070068
2025-09-04,2929.070068,2930,2829.28003,2829.28003
2025-09-05,2829.28003,2929.5,2829.28003,2929.5
2025-09-06,2929.5,2929.5,2929.5,2929.5
2025-09-08,2929.5,2929.5,2925,2929.5
2025-09-09,2929.5,2929.5,2925,2929.5
2025-09-10,2929.5,2929.5,2829.28003,2925
2025-09-11,2829.28003,2926,2829.28003,2926
2025-09-12,2829.28003,2930.58008,2829.28003,2930.58008
2025-09-13,2930.58008,2930.58008,2930.58008,2930.58008
2025-09-15,2930.58008,2930.80005,2920,2930.80005
2025-09-16,2930.80005,2931.020020,2915,2915
2025-09-17,2931.020020,2931.23999,2910,2931.23999
2025-09-18,2931.23999,2931.45996,2910,2931.45996
2025-09-19,2931.45996,2931.45996,2931.45996,2931.45996
2025-09-20,2931.45996,2931.45996,2931.45996,2931.45996
2025-09-22,2931.45996,2931.91992,2905,2931.91992
2025-09-23,2931.91992,2932.12988,2906,2906
2025-09-24,2932.12988,2932.33008,2905,2905
2025-09-25,2932.33008,2932.56006,2900,2932.56006
2025-09-26,2932.56006,2932.76001,2895,2932.76001
2025-09-27,2932.76001,2932.76001,2932.76001,2932.76001
2025-09-29,2932.76001,2932.76001,2890,2932.76001
2025-09-30,2932.76001,2932.76001,2891,2932.76001
2025-10-01,2932.76001,2932.76001,2890,2932.76001
2025-10-02,2932.76001,2933.62012,2925,2933.62012
2025-10-03,2933.62012,2933.83008,2920,2933.83008
2025-10-04,2933.83008,2933.83008,2933.83008,2933.83008
2025-10-06,2933.83008,2934.050049,2915,2934.050049
2025-10-07,2934.050049,2934.29004,2930,2934.29004
2025-10-08,2934.29004,2934.48999,2925,2934.48999
2025-10-09,2934.48999,2934.70996,2925,2925
2025-10-10,2934.70996,2934.92993,2920,2934.92993
2025-10-11,2934.92993,2934.92993,2934.92993,2934.92993
2025-10-13,2934.92993,2934.92993,2934.92993,2934.92993
2025-10-14,2934.92993,2935.14990,2920,2920
2025-10-15,2935.14990,2935.37988,2920,2920
2025-10-16,2935.37988,2935.45996,2925,2935.45996
2025-10-17,2935.45996,2935.77002,2920,2935.77002
2025-10-20,2935.77002,2935.96997,2925,2935.96997
2025-10-21,2935.96997,2935.96997,2920,2935.96997
2025-10-22,2935.96997,2936.16992,2920,2920
2025-10-23,2936.16992,2936.39990,2915,2936.39990
2025-10-24,2936.39990,2936.60010,2925,2925
2025-10-25,2936.60010,2936.60010,2936.60010,2936.60010
2025-10-27,2936.60010,2936.80005,2920,2934
2025-10-28,2936.80005,2937,2936.80005,2937
2025-10-29,2937,2937.21997,2935,2937.21997
2025-10-30,2937.21997,2937.43994,2930,2937.43994
2025-10-31,2937.43994,2937.63989,2925,2937.63989
2025-11-03,2937.63989,2937.86011,2910,2910
2025-11-04,2937.86011,2938.080078,2930,2930
2025-11-05,2938.080078,2938.21997,2931,2931
2025-11-06,2938.21997,2938.46997,2930,2938.46997
2025-11-07,2938.46997,2938.64990,2938.46997,2938.46997
2025-11-08,2938.46997,2938.46997,2938.46997,2938.46997
2025-11-10,2938.46997,2938.88989,2938.46997,2938.88989
2025-11-11,2938.88989,2939.10010,2928,2939.10010
2025-11-12,2939.10010,2939.30005,2939.10010,2939.30005
2025-11-13,2939.30005,2939.48999,2925,2939.48999
2025-11-14,2920,2939.70996,2920,2921
2025-11-15,2939.70996,2939.70996,2939.70996,2939.70996
2025-11-17,2939.48999,2939.90991,2920,2939.90991
2025-11-18,2939.90991,2940,2921,2940
2025-11-19,2939.90991,2941,2939.90991,2941
2025-11-20,2940.32007,2940.52002,2940.32007,2940.52002
2025-11-21,2940.52002,2941,2940,2940.52002
2025-11-24,2940.70996,2965.55803,2940.70996,2956.18566
2025-11-25,2956.14397,2966.36012,2950.15841,2954.79955
2025-11-26,2954.75459,2965.54232,2941.08062,2963.65359
2025-11-27,2963.63473,2965.77548,2947.58226,2953.9745
2025-11-28,2953.90817,2967.14286,2949.3287,2958.01145
2025-11-29,2957.96894,2958.87234,2952.07111,2952.93296
2025-12-01,2950.42468,2966.67264,2941.55187,2965.35605
2025-12-02,2965.39185,2966.12765,2949.70258,2958.43617
2025-12-03,2958.60856,2967.28409,2950.51818,2957.44731
2025-12-04,2957.43331,2967.01138,2940,2962.98677
2025-12-05,2963.04436,2966.17685,2953.44696,2964.03432
2025-12-06,2964.04504,2965.75802,2962.86713,2964.61742
2025-12-08,2965.15537,2967.10448,2951.62668,2964.32991
2025-12-09,2964.3883,2968.20587,2953.22404,2967.00101
2025-12-10,2967.01212,2969.62995,2954.57713,2960.55336
2025-12-11,2960.19681,2966.84854,2936.78244,2959.54259
2025-12-12,2959.6078,2963.99171,2949.7132,2956.54342
2025-12-13,2956.36662,2958.36875,2955.10335,2957.77677
2025-12-15,2953.42965,2969.82296,2951.72259,2960.36037
2025-12-16,2960.19447,2967.70946,2951.46429,2959.76231
2025-12-17,2959.91432,2972.2276,2953.40098,2961.08749
2025-12-18,2961.05176,2967.44166,2949.35518,2961.40457
2025-12-19,2961.2042,2966.05759,2953.39131,2960.06336
2025-12-20,2959.94178,2962.02382,2957.0286,2958.23422
2025-12-22,2958.14924,2964.56437,2951.82628,2959.34377
2025-12-23,2959.31218,2965.22283,2942.5152,2962.75809
2025-12-24,2962.64564,2964.11702,2948.90313,2956.99787
2025-12-25,2957.75529,2958.68742,2956.40915,2958.24295
2025-12-26,2958.16148,2960.39195,2954.50215,2958.3721
2025-12-27,2958.28843,2959.47121,2957.74015,2958.51243
2025-12-29,2957.57457,2965.96363,2955.25932,2962.14795
2025-12-30,2961.86392,2967.81282,2953.45063,2960.34968
2025-12-31,2960.31068,2967.09254,2956.83238,2958.73128
2026-01-01,2962.32428,2963.77505,2959.71809,2963.60765
2026-01-02,2963.57201,2964.11861,2957.92511,2960.9595
2026-01-03,2961.13292,2963.73211,2958.79623,2962.42926
2026-01-05,2957.55951,2967.18655,2956.80417,2960.22579
2026-01-06,2960.17923,2965.43038,2953.36196,2960.67767
2026-01-07,2960.72591,2966.2722,2956.72263,2965.0343
2026-01-08,2964.93869,2968.18361,2957.96383,2960.13396
2026-01-09,2960.49747,2967.28068,2957.85332,2961.47417
2026-01-10,2961.38748,2964.10873,2958.40802,2959.16806
2026-01-11,2959.10405,2962.88871,2958.87027,2960.36631
2026-01-12,2960.30292,2966.8563,2954.90595,2958.95226
2026-01-13,2958.81463,2965.04732,2957.76943,2960.03126
2026-01-14,2959.98495,2968.70625,2958.58418,2960.06351
2026-01-15,2960.02458,2966.2273,2958.06509,2959.86177
2026-01-16,2959.80364,2967.04274,2955.18325,2956.63147
2026-01-17,2956.63831,2960.01667,2954.50233,2957.75899
2026-01-18,2957.76464,2967.14386,2956.24389,2963.40322
2026-01-19,2963.32871,2964.4309,2957.51069,2959.98352
2026-01-20,2959.90579,2962.27226,2949.91738,2952.11704
2026-01-21,2951.99146,2963.16619,2948.61345,2953.22944
2026-01-22,2953.23021,2966.08837,2950.77919,2960.76111
2026-01-23,2960.6978,2964.53527,2951.91688,2960.84624
2026-01-24,2960.88453,2963.09825,2956.12789,2957.78508
2026-01-25,2957.80436,2960.32229,2941.18394,2941.27491
2026-01-26,2941.17331,2963.8067,2934.43538,2959.89301
2026-01-27,2959.6949,2970.64406,2943.17662,2967.21083
2026-01-28,2967.18359,2973.08446,2940.90024,2960.75753
2026-01-29,2960.82441,2969.03916,2955.65787,2966.67197
2026-01-30,2966.56215,2971.82574,2958.75787,2965.43921
2026-01-31,2965.37936,2967.27888,2961.82305,2963.84969
2026-02-01,2963.86799,2986.81172,2963.24823,2985.76031
2026-02-02,2985.69789,2987.51874,2961.32196,2963.34009
2026-02-03,2963.23671,2984.94379,2951.76965,2963.62639
2026-02-04,2963.74548,2966.47917,2948.4003,2956.54704
2026-02-05,2956.52465,2969.75001,2952.0659,2960.40147
2026-02-06,2960.33563,2967.05341,2959.39719,2964.1475
2026-02-07,2964.1198,2964.54677,2954.9226,2959.09422
2026-02-08,2959.11024,2960.39461,2959.07017,2960.03845
2026-02-09,2951.58008,2963.85483,2951.58008,2959.15052
2026-02-10,2959.11215,2965.55183,2947.48012,2963.87283
2026-02-11,2964.00732,2967.13814,2952.14306,2960.32855
2026-02-12,2960.15027,2970.39442,2952.55227,2959.35074
2026-02-13,2959.18094,2970.38326,2947.36694,2962.98299
2026-02-14,2962.96848,2967.87747,2952.0113,2956.40169
2026-02-15,2956.33763,2962.35893,2944.03156,2946.9238
2026-02-16,2947.15507,2966.51894,2945.47791,2961.00401
2026-02-17,2960.88445,2967.86406,2957.50556,2965.60283
2026-02-18,2965.66442,2967.19977,2957.56096,2965.35144
2026-02-19,2965.31154,2976.84301,2963.53249,2966.5734
2026-02-20,2966.58086,2972.7923,2959.43445,2965.41062
2026-02-21,2965.45735,2966.67798,2959.8314,2960.0317
2026-02-22,2960.05138,2963.12052,2958.82952,2959.39389
2026-02-23,2959.4423,2967.67044,2948.8374,2959.0889
2026-02-24,2959.10615,2968.94082,2956.05907,2966.82334
2026-02-25,2966.84207,2969.23602,2956.72807,2966.16231
2026-02-26,2966.16616,2970.01816,2952.11161,2967.55256
2026-02-27,2967.51425,2969.74581,2959.13937,2966.94492
2026-02-28,2966.80528,2967.61954,2956.14892,2960.25587
2026-03-01,2960.27808,2966.7371,2955.65592,2963.67852
2026-03-02,2963.64119,2973.0041,2959.55025,2964.94259
2026-03-03,2964.94187,2977.74724,2954.52691,2966.03023
2026-03-04,2966.05377,2973.00267,2960.34436,2966.05754
2026-03-05,2966.16588,2970.15104,2955.76882,2966.68799
2026-03-06,2966.63455,2969.62608,2960.32334,2967.45967
2026-03-07,2967.48262,2968.80193,2965.25099,2966.84284
2026-03-08,2966.86349,2968.76259,2950.41527,2952.96635
2026-03-09,2952.96883,2979.7041,2948.29486,2967.51535
2026-03-10,2967.29293,2971.78737,2953.02032,2966.3547
2026-03-11,2966.38225,2973.77322,2962.87849,2969.37943
2026-03-12,2969.37546,2985.61737,2964.03374,2972.2829
2026-03-13,2972.51148,2980.99884,2964.16641,2968.45521
2026-03-14,2968.43946,2971.57083,2965.92417,2968.76007
2026-03-15,2968.75959,2970.36508,2967.93754,2968.05415
2026-03-16,2968.07485,2974.81305,2965.26712,2968.75213
2026-03-17,2968.74151,2971.56324,2961.03649,2964.60695
2026-03-18,2964.60293,2972.06551,2959.97435,2971.2269
2026-03-19,2971.25253,2986.11625,2967.06229,2969.27367
2026-03-20,2969.23453,2971.49297,2949.48647,2969.55387
2026-03-21,2969.53848,2972.30606,2961.39609,2963.40305
2026-03-22,2963.38825,2969.20691,2952.66544,2954.02095
2026-03-23,2954.0281,2971.1384,2952.68784,2967.99718
2026-03-24,2967.94892,2973.78273,2956.47453,2968.25509
2026-03-25,2968.16003,2973.42583,2962.1703,2969.84239
2026-03-26,2969.76642,2979.00328,2966.60002,2971.02704
2026-03-27,2971.04875,2972.56818,2963.03929,2970.93361
2026-03-28,2970.93381,2973.16877,2960.61137,2968.12911
2026-03-29,2968.14104,2970.06661,2959.5545,2961.79013
2026-03-30,2961.73996,2984.49706,2959.7587,2967.2609
2026-03-31,2967.23887,2989.81939,2963.52083,2968.64456
2026-04-01,2968.66719,2974.0669,2963.96344,2968.45378
2026-04-02,2968.3589,2975.27724,2964.22593,2971.26547
2026-04-03,2971.29354,2974.23602,2964.04316,2971.46104
2026-04-04,2971.41886,2972.67098,2968.05468,2970.73078
2026-04-05,2970.73027,2974.13717,2968.00073,2969.49401
2026-04-06,2969.48761,2973.77391,2968.36853,2971.14536
2026-04-07,2971.08227,2974.12038,2968.11632,2971.33985
2026-04-08,2971.30785,2974.24227,2938.80148,2971.87591
2026-04-09,2971.84458,2974.23531,2966.73225,2969.24763
2026-04-10,2969.39868,2974.46974,2967.45208,2970.81723
2026-04-11,2970.82184,2976.26913,2969.97659,2973.50065
2026-04-12,2973.43382,2974.55982,2954.32589,2967.49713
2026-04-13,2967.47824,3001.44562,2959.47339,2977.31345
2026-04-14,2976.81527,2988.89022,2964.31734,2971.15872
2026-04-15,2970.91279,3012.64561,2964.43369,2969.38456
