datetime,open,high,low,close
1991-10-24,22.80500,22.81200,22.80500,22.81200
1991-10-25,22.80500,22.81200,22.80500,22.81200
1991-10-28,22.81300,22.82000,22.81300,22.82000
1991-10-29,22.88400,22.89200,22.88400,22.89200
1991-10-30,22.92900,22.93600,22.92900,22.93600
1991-10-31,22.62000,22.62800,22.62000,22.62800
1991-11-01,22.62000,22.62800,22.62000,22.62800
1991-11-04,22.34700,22.35500,22.34700,22.35500
1991-11-05,22.37800,22.38600,22.37800,22.38600
1991-11-06,22.37800,22.38600,22.37800,22.38600
1991-11-07,22.32200,22.32900,22.32200,22.32900
1991-11-08,22.32800,22.33500,22.32800,22.33500
1991-11-11,22.41400,22.42200,22.41400,22.42200
1991-11-12,22.31800,22.32500,22.31800,22.32500
1991-11-13,22.31800,22.32500,22.31800,22.32500
1991-11-14,22.33900,22.34600,22.33900,22.34600
1991-11-15,22.31000,22.31700,22.31000,22.31700
1991-11-18,22.30500,22.31200,22.30500,22.31200
1991-11-19,22.087000,22.094999,22.087000,22.094999
1991-11-20,22.070000,22.077999,22.070000,22.077999
1991-11-21,22.094999,22.10200,22.094999,22.10200
1991-11-22,22.094999,22.10200,22.094999,22.10200
1991-11-25,21.97100,21.97900,21.97100,21.97900
1991-11-26,21.93700,21.94500,21.93700,21.94500
1991-11-27,22.033001,22.041000,22.033001,22.041000
1991-11-28,22.17000,22.17800,22.17000,22.17800
1991-11-29,22.17000,22.17800,22.17000,22.17800
1991-12-02,22.31200,22.32000,22.31200,22.32000
1991-12-03,22.12700,22.13400,22.12700,22.13400
1991-12-04,22.17200,22.18000,22.17200,22.18000
1991-12-05,22.10200,22.11000,22.10200,22.11000
1991-12-06,22.035000,22.042999,22.035000,22.042999
1991-12-09,21.96600,21.97400,21.96600,21.97400
1991-12-10,21.87100,21.87800,21.87100,21.87800
1991-12-11,21.87100,21.87800,21.87100,21.87800
1991-12-12,21.95600,21.96300,21.95600,21.96300
1991-12-13,21.95600,21.96300,21.95600,21.96300
1991-12-16,21.94800,21.95600,21.94800,21.95600
1991-12-17,21.83900,21.84600,21.83900,21.84600
1991-12-18,21.83900,21.84600,21.83900,21.84600
1991-12-19,21.80200,21.80900,21.80200,21.80900
1991-12-20,21.85000,21.85800,21.85000,21.85800
1991-12-23,21.71300,21.72100,21.71300,21.72100
1991-12-24,21.42300,21.43000,21.42300,21.43000
1991-12-25,21.42300,21.43000,21.42300,21.43000
1991-12-26,21.42300,21.43000,21.42300,21.43000
1991-12-27,21.42300,21.43000,21.42300,21.43000
1991-12-30,21.39600,21.40400,21.39600,21.40400
1991-12-31,21.38400,21.39200,21.38400,21.39200
1992-01-01,21.38400,21.39200,21.38400,21.39200
1992-01-02,21.38400,21.39200,21.38400,21.39200
1992-01-03,21.39900,21.40700,21.39900,21.40700
1992-01-06,21.43400,21.44200,21.43400,21.44200
1992-01-07,21.37400,21.38100,21.37400,21.38100
1992-01-08,21.33600,21.34300,21.33600,21.34300
1992-01-09,21.46700,21.47400,21.46700,21.47400
1992-01-10,21.46700,21.47400,21.46700,21.47400
1992-01-13,21.74600,21.75300,21.74600,21.75300
1992-01-14,21.80400,21.81100,21.80400,21.81100
1992-01-15,21.80400,21.81100,21.80400,21.81100
1992-01-16,22.19300,22.20000,22.19300,22.20000
1992-01-17,22.19300,22.20000,22.19300,22.20000
1992-01-20,22.25100,22.25800,22.25100,22.25800
1992-01-21,21.94600,21.95300,21.94600,21.95300
1992-01-22,21.91000,21.91800,21.91000,21.91800
1992-01-23,21.91000,21.91800,21.91000,21.91800
1992-01-24,21.97100,21.97900,21.97100,21.97900
1992-01-27,21.97100,21.97900,21.97100,21.97900
1992-01-28,21.97100,21.97900,21.97100,21.97900
1992-01-29,21.97100,21.97900,21.97100,21.97900
1992-01-30,21.97100,21.97900,21.97100,21.97900
1992-01-31,21.97100,21.97900,21.97100,21.97900
1992-02-03,22.080999,22.087999,22.080999,22.087999
1992-02-04,22.010000,22.017000,22.010000,22.017000
1992-02-05,22.010000,22.017000,22.010000,22.017000
1992-02-06,21.83900,21.84600,21.83900,21.84600
1992-02-07,21.83900,21.84600,21.83900,21.84600
1992-02-10,21.85200,21.86000,21.85200,21.86000
1992-02-11,21.94300,21.95000,21.94300,21.95000
1992-02-12,22.033001,22.041000,22.033001,22.041000
1992-02-13,22.033001,22.041000,22.033001,22.041000
1992-02-14,22.035000,22.042999,22.035000,22.042999
1992-02-17,22.18100,22.18900,22.18100,22.18900
1992-02-18,22.20300,22.21000,22.20300,22.21000
1992-02-19,22.38000,22.38700,22.38000,22.38700
1992-02-20,22.44100,22.44800,22.44100,22.44800
1992-02-21,22.44100,22.44800,22.44100,22.44800
1992-02-24,22.46300,22.47100,22.46300,22.47100
1992-02-25,22.39700,22.40400,22.39700,22.40400
1992-02-26,22.47000,22.47700,22.47000,22.47700
1992-02-27,22.47000,22.47700,22.47000,22.47700
1992-02-28,22.28300,22.29100,22.28300,22.29100
1992-03-02,22.28300,22.29100,22.28300,22.29100
1992-03-03,22.32200,22.32900,22.32200,22.32900
1992-03-04,22.44500,22.45300,22.44500,22.45300
1992-03-05,22.48800,22.49500,22.48800,22.49500
1992-03-06,22.59500,22.60200,22.59500,22.60200
1992-03-10,22.59500,22.60200,22.59500,22.60200
1992-03-11,22.59500,22.60200,22.59500,22.60200
1992-03-12,22.59500,22.60200,22.59500,22.60200
1992-03-13,22.59500,22.60200,22.59500,22.60200
1992-03-17,22.59500,22.60200,22.59500,22.60200
1992-03-18,22.59500,22.60200,22.59500,22.60200
1992-03-19,22.59500,22.60200,22.59500,22.60200
1992-03-20,22.59500,22.60200,22.59500,22.60200
1992-03-24,22.59500,22.60200,22.59500,22.60200
1992-03-25,22.59500,22.60200,22.59500,22.60200
1992-03-26,22.59500,22.60200,22.59500,22.60200
1992-03-27,22.59500,22.60200,22.59500,22.60200
1992-03-31,22.59500,22.60200,22.59500,22.60200
1992-04-01,22.59500,22.60200,22.59500,22.60200
1992-04-02,22.59500,22.60200,22.59500,22.60200
1992-04-03,22.59500,22.60200,22.59500,22.60200
1992-04-07,22.59500,22.60200,22.59500,22.60200
1992-04-08,22.59500,22.60200,22.59500,22.60200
1992-04-09,22.59500,22.60200,22.59500,22.60200
1992-04-10,22.59500,22.60200,22.59500,22.60200
1992-04-14,22.59500,22.60200,22.59500,22.60200
1992-04-15,22.59500,22.60200,22.59500,22.60200
1992-04-16,22.59500,22.60200,22.59500,22.60200
1992-04-17,22.59500,22.60200,22.59500,22.60200
1992-04-21,22.59500,22.60200,22.59500,22.60200
1992-04-22,22.59500,22.60200,22.59500,22.60200
1992-04-23,22.59500,22.60200,22.59500,22.60200
1992-04-24,22.59500,22.60200,22.59500,22.60200
1992-04-28,22.59500,22.60200,22.59500,22.60200
1992-04-29,22.59500,22.60200,22.59500,22.60200
1992-04-30,22.59500,22.60200,22.59500,22.60200
1992-05-01,22.41400,22.41700,22.41400,22.41700
1992-07-21,20.81000,20.81800,20.81000,20.81800
1992-07-22,21.14700,21.15500,21.14700,21.15500
1992-07-23,21.10200,21.10900,21.10200,21.10900
1992-07-24,21.080999,21.087999,21.080999,21.087999
1992-07-27,21.084999,21.091999,21.084999,21.091999
1992-07-28,21.058001,21.065001,21.058001,21.065001
1992-07-29,21.014000,21.021999,21.014000,21.021999
1992-07-30,20.96200,20.97000,20.96200,20.97000
1992-07-31,21.070000,21.077999,21.070000,21.077999
1992-08-03,21.0079994,21.014999,21.0079994,21.014999
1992-08-04,20.95200,20.95900,20.95200,20.95900
1992-08-05,20.98900,20.99700,20.98900,20.99700
1992-08-06,20.99500,21.0030003,20.99500,21.0030003
1992-08-07,21.062000,21.070000,21.062000,21.070000
1992-08-10,21.0020008,21.0090008,21.0020008,21.0090008
1992-08-11,20.93700,20.94500,20.93700,20.94500
1992-08-12,20.89800,20.90500,20.89800,20.90500
1992-08-13,20.95600,20.96300,20.95600,20.96300
1992-08-14,20.92700,20.93400,20.92700,20.93400
1992-08-17,20.89800,20.90500,20.89800,20.90500
1992-08-18,20.98500,20.99200,20.98500,20.99200
1992-08-19,20.89600,20.90300,20.89600,20.90300
1992-08-20,20.85200,20.85900,20.85200,20.85900
1992-08-21,20.83700,20.84500,20.83700,20.84500
1992-08-24,20.83700,20.84500,20.83700,20.84500
1992-08-25,20.58800,20.59500,20.58800,20.59500
1992-08-26,20.5,20.50800,20.5,20.50800
1992-08-27,20.50500,20.51200,20.50500,20.51200
1992-08-28,20.58600,20.59300,20.58600,20.59300
1992-08-31,20.5,20.50800,20.5,20.50800
1992-09-01,20.53600,20.54300,20.53600,20.54300
1992-09-02,20.45900,20.46600,20.45900,20.46600
1992-09-03,20.39400,20.40200,20.39400,20.40200
1992-09-04,20.40500,20.41200,20.40500,20.41200
1992-09-07,20.625,20.63300,20.625,20.63300
1992-09-08,20.48200,20.48900,20.48200,20.48900
1992-09-09,20.41300,20.42100,20.41300,20.42100
1992-09-10,20.49200,20.5,20.49200,20.5
1992-09-11,20.63600,20.64300,20.63600,20.64300
1992-09-14,20.72700,20.73500,20.72700,20.73500
1992-09-15,21.089001,21.096001,21.089001,21.096001
1992-09-16,21.089001,21.096001,21.089001,21.096001
1992-09-17,21.26600,21.27300,21.26600,21.27300
1992-09-18,21.70300,21.71000,21.70300,21.71000
1992-09-21,21.56300,21.57100,21.56300,21.57100
1992-09-22,21.48000,21.48800,21.48000,21.48800
1992-09-23,21.42400,21.43100,21.42400,21.43100
1992-09-24,21.42400,21.43100,21.42400,21.43100
1992-09-25,21.50100,21.50800,21.50100,21.50800
1992-09-28,21.39700,21.40400,21.39700,21.40400
1992-09-29,21.24500,21.25300,21.24500,21.25300
1992-09-30,21.052000,21.059000,21.052000,21.059000
1992-10-01,20.86600,20.87400,20.86600,20.87400
1992-10-02,20.88500,20.89300,20.88500,20.89300
1992-10-05,20.92300,20.93000,20.92300,20.93000
1992-10-06,20.87700,20.88400,20.87700,20.88400
1992-10-07,21.079000,21.086000,21.079000,21.086000
1992-10-08,21.17800,21.18600,21.17800,21.18600
1992-10-09,21.38700,21.39400,21.38700,21.39400
1992-10-12,21.35100,21.35900,21.35100,21.35900
1992-10-13,21.35100,21.35900,21.35100,21.35900
1992-10-14,21.33500,21.34200,21.33500,21.34200
1992-10-15,21.33500,21.34200,21.33500,21.34200
1992-10-16,21.26200,21.26900,21.26200,21.26900
1992-10-19,21.32000,21.32700,21.32000,21.32700
1992-10-20,21.54000,21.54800,21.54000,21.54800
1992-10-21,21.70100,21.70800,21.70100,21.70800
1992-10-22,21.80900,21.81600,21.80900,21.81600
1992-10-23,21.80900,21.81600,21.80900,21.81600
1992-10-26,21.67100,21.67900,21.67100,21.67900
1992-10-27,21.87700,21.88500,21.87700,21.88500
1992-10-28,21.91900,21.92700,21.91900,21.92700
1992-10-29,21.88400,21.89100,21.88400,21.89100
1992-10-30,21.88400,21.89100,21.88400,21.89100
1992-11-02,21.88400,21.89100,21.88400,21.89100
1992-11-03,21.88400,21.89100,21.88400,21.89100
1992-11-04,21.88400,21.89100,21.88400,21.89100
1992-11-05,21.88400,21.89100,21.88400,21.89100
1992-11-06,22.15200,22.15900,22.15200,22.15900
1992-11-09,22.27000,22.27800,22.27000,22.27800
1992-11-10,22.36400,22.37200,22.36400,22.37200
1992-11-11,22.38700,22.39500,22.38700,22.39500
1992-11-12,22.24800,22.25500,22.24800,22.25500
1992-11-13,22.24800,22.25500,22.24800,22.25500
1992-11-16,22.21000,22.21800,22.21000,22.21800
1992-11-17,22.26800,22.27600,22.26800,22.27600
1992-11-18,22.39300,22.40100,22.39300,22.40100
1992-11-19,22.31400,22.32200,22.31400,22.32200
1992-11-20,22.24800,22.25500,22.24800,22.25500
1992-11-23,22.32500,22.33200,22.32500,22.33200
1992-11-24,22.56000,22.56700,22.56000,22.56700
1992-11-25,22.56600,22.57300,22.56600,22.57300
1992-11-26,22.49700,22.50500,22.49700,22.50500
1992-11-27,22.43900,22.44700,22.43900,22.44700
1992-11-30,22.57200,22.58000,22.57200,22.58000
1992-12-01,22.58900,22.59600,22.58900,22.59600
1992-12-02,22.50300,22.51100,22.50300,22.51100
1992-12-03,22.43300,22.44000,22.43300,22.44000
1992-12-04,22.43300,22.44000,22.43300,22.44000
1992-12-07,22.48300,22.49000,22.48300,22.49000
1992-12-08,22.25800,22.26500,22.25800,22.26500
1992-12-09,22.32500,22.33200,22.32500,22.33200
1992-12-10,22.42900,22.43600,22.42900,22.43600
1992-12-11,22.42900,22.43600,22.42900,22.43600
1992-12-14,22.46400,22.47100,22.46400,22.47100
1992-12-15,22.35600,22.36300,22.35600,22.36300
1992-12-16,22.38100,22.38800,22.38100,22.38800
1992-12-17,22.31800,22.32600,22.31800,22.32600
1992-12-18,22.27300,22.28000,22.27300,22.28000
1992-12-21,22.36600,22.37400,22.36600,22.37400
1992-12-22,22.33700,22.34500,22.33700,22.34500
1992-12-23,22.42900,22.43600,22.42900,22.43600
1992-12-24,22.53000,22.53800,22.53000,22.53800
1992-12-25,22.53000,22.53800,22.53000,22.53800
1992-12-28,22.55800,22.56500,22.55800,22.56500
1992-12-29,22.64700,22.65400,22.64700,22.65400
1992-12-30,22.79300,22.80000,22.79300,22.80000
1992-12-31,22.77200,22.77900,22.77200,22.77900
1993-01-04,22.77400,22.78100,22.77400,22.78100
1993-01-05,22.92800,22.93500,22.92800,22.93500
1993-01-06,23.028000,23.035000,23.028000,23.035000
1993-01-07,22.93200,22.93900,22.93200,22.93900
1993-01-08,22.98000,22.98700,22.98000,22.98700
1993-01-11,23.061001,23.068001,23.061001,23.068001
1993-01-12,22.93600,22.94400,22.93600,22.94400
1993-01-13,22.84300,22.85000,22.84300,22.85000
1993-01-14,22.96500,22.97300,22.96500,22.97300
1993-01-15,22.84000,22.84800,22.84000,22.84800
1993-01-18,22.83400,22.84200,22.83400,22.84200
1993-01-19,22.87800,22.88500,22.87800,22.88500
1993-01-20,22.75100,22.75800,22.75100,22.75800
1993-01-21,22.68600,22.69400,22.68600,22.69400
1993-01-22,22.68600,22.69400,22.68600,22.69400
1993-01-25,22.68600,22.69400,22.68600,22.69400
1993-01-26,22.68600,22.69400,22.68600,22.69400
1993-01-27,22.42200,22.43000,22.42200,22.43000
1993-01-28,22.49500,22.50300,22.49500,22.50300
1993-01-29,22.49700,22.50500,22.49700,22.50500
1993-02-01,22.59700,22.60500,22.59700,22.60500
1993-02-02,22.92800,22.93500,22.92800,22.93500
1993-02-03,22.92400,22.93100,22.92400,22.93100
1993-02-04,23.013000,23.021000,23.013000,23.021000
1993-02-05,23.10100,23.10800,23.10100,23.10800
1993-02-08,23.16500,23.17200,23.16500,23.17200
1993-02-09,23.091999,23.10000,23.091999,23.10000
1993-02-10,23.091999,23.10000,23.091999,23.10000
1993-02-11,23.091999,23.10000,23.091999,23.10000
1993-02-12,23.16100,23.16800,23.16100,23.16800
1993-02-15,23.11900,23.12700,23.11900,23.12700
1993-02-16,23.20200,23.21000,23.20200,23.21000
1993-02-17,23.11700,23.125,23.11700,23.125
1993-02-18,22.99400,23.0020008,22.99400,23.0020008
1993-02-19,23.038000,23.046000,23.038000,23.046000
1993-02-22,23.049999,23.058001,23.049999,23.058001
1993-02-23,23.042000,23.049999,23.042000,23.049999
1993-02-24,23.023001,23.031000,23.023001,23.031000
1993-02-25,23.028000,23.035000,23.028000,23.035000
1993-02-26,23.052999,23.059999,23.052999,23.059999
1993-03-01,23.19400,23.20200,23.19400,23.20200
1993-03-02,23.21700,23.22400,23.21700,23.22400
1993-03-03,23.17300,23.18100,23.17300,23.18100
1993-03-04,23.10500,23.11200,23.10500,23.11200
1993-03-05,23.16900,23.17700,23.16900,23.17700
1993-03-08,23.29200,23.29900,23.29200,23.29900
1993-03-09,23.29200,23.29900,23.29200,23.29900
1993-03-10,23.30000,23.30900,23.30000,23.30900
1993-03-11,23.32900,23.33700,23.32900,23.33700
1993-03-12,23.35000,23.35800,23.35000,23.35800
1993-03-15,23.35600,23.36400,23.35600,23.36400
1993-03-16,23.35600,23.36400,23.35600,23.36400
1993-03-17,23.35600,23.36400,23.35600,23.36400
1993-03-18,23.35600,23.36400,23.35600,23.36400
1993-03-19,23.35600,23.36400,23.35600,23.36400
1993-03-22,23.22300,23.23100,23.22300,23.23100
1993-03-23,23.16300,23.17000,23.16300,23.17000
1993-03-24,23.16300,23.17000,23.16300,23.17000
1993-03-25,23.16300,23.17000,23.16300,23.17000
1993-03-26,23.15000,23.15800,23.15000,23.15800
1993-03-29,23.20900,23.21600,23.20900,23.21600
1993-03-30,23.10900,23.11600,23.10900,23.11600
1993-03-31,23.11300,23.12000,23.11300,23.12000
1993-04-01,22.99200,23,22.99200,23
1993-04-02,22.99200,23,22.99200,23
1993-04-05,22.81100,22.81900,22.81100,22.81900
1993-04-06,22.88000,22.88700,22.88000,22.88700
1993-04-07,22.88600,22.89400,22.88600,22.89400
1993-04-08,22.90900,22.91700,22.90900,22.91700
1993-04-09,22.94000,22.94800,22.94000,22.94800
1993-04-12,22.86300,22.87100,22.86300,22.87100
1993-04-13,22.81100,22.81900,22.81100,22.81900
1993-04-14,22.72200,22.72900,22.72200,22.72900
1993-04-15,22.63200,22.64000,22.63200,22.64000
1993-04-16,22.77400,22.78100,22.77400,22.78100
1993-04-19,22.80700,22.81500,22.80700,22.81500
1993-04-20,22.84000,22.84800,22.84000,22.84800
1993-04-21,22.63200,22.64000,22.63200,22.64000
1993-04-22,22.73200,22.74000,22.73200,22.74000
1993-04-23,22.73200,22.74000,22.73200,22.74000
1993-04-26,22.64900,22.65700,22.64900,22.65700
1993-04-27,22.64900,22.65700,22.64900,22.65700
1993-04-28,22.64900,22.65700,22.64900,22.65700
1993-04-29,22.64900,22.65700,22.64900,22.65700
1993-04-30,22.51600,22.52300,22.51600,22.52300
1993-05-03,22.55500,22.56300,22.55500,22.56300
1993-05-04,22.55300,22.56100,22.55300,22.56100
1993-05-05,22.47600,22.48400,22.47600,22.48400
1993-05-06,22.41600,22.42400,22.41600,22.42400
1993-05-07,22.49500,22.50300,22.49500,22.50300
1993-05-10,22.43300,22.44000,22.43300,22.44000
1993-05-11,22.52600,22.53400,22.52600,22.53400
1993-05-12,22.72200,22.72900,22.72200,22.72900
1993-05-13,22.76400,22.77100,22.76400,22.77100
1993-05-14,22.74900,22.75600,22.74900,22.75600
1993-05-17,22.75700,22.76500,22.75700,22.76500
1993-05-18,22.70900,22.71700,22.70900,22.71700
1993-05-19,22.88400,22.89200,22.88400,22.89200
1993-05-20,22.78200,22.79000,22.78200,22.79000
1993-05-21,22.79100,22.79800,22.79100,22.79800
1993-05-24,22.79500,22.80200,22.79500,22.80200
1993-05-25,22.91900,22.92700,22.91900,22.92700
1993-05-26,22.91700,22.92500,22.91700,22.92500
1993-05-27,22.87600,22.88300,22.87600,22.88300
1993-05-28,22.86700,22.875,22.86700,22.875
1993-05-31,22.86700,22.875,22.86700,22.875
1993-06-01,22.86700,22.875,22.86700,22.875
1993-06-02,22.64500,22.65200,22.64500,22.65200
1993-06-03,22.62400,22.63200,22.62400,22.63200
1993-06-04,22.66200,22.66900,22.66200,22.66900
1993-06-07,22.66200,22.66900,22.66200,22.66900
1993-06-08,22.85900,22.86700,22.85900,22.86700
1993-06-09,22.80700,22.81500,22.80700,22.81500
1993-06-10,22.87400,22.88100,22.87400,22.88100
1993-06-11,22.93000,22.93700,22.93000,22.93700
1993-06-14,22.85900,22.86700,22.85900,22.86700
1993-06-15,22.85900,22.86700,22.85900,22.86700
1993-06-16,22.84000,22.84800,22.84000,22.84800
1993-06-17,22.99000,22.99800,22.99000,22.99800
1993-06-18,23.087999,23.096001,23.087999,23.096001
1993-06-21,23.14400,23.15200,23.14400,23.15200
1993-06-22,23.14400,23.15200,23.14400,23.15200
1993-06-23,23.14400,23.15200,23.14400,23.15200
1993-06-24,23.43900,23.44700,23.43900,23.44700
1993-06-25,23.43900,23.44700,23.43900,23.44700
1993-06-28,23.48300,23.49100,23.48300,23.49100
1993-06-29,23.56400,23.57200,23.56400,23.57200
1993-06-30,23.56400,23.57200,23.56400,23.57200
1993-07-01,23.39000,23.39700,23.39000,23.39700
1993-07-02,23.51700,23.52400,23.51700,23.52400
1993-07-05,23.42900,23.43700,23.42900,23.43700
1993-07-06,23.47300,23.48000,23.47300,23.48000
1993-07-07,23.53900,23.54700,23.53900,23.54700
1993-07-08,23.53900,23.54700,23.53900,23.54700
1993-07-09,23.53900,23.54700,23.53900,23.54700
1993-07-12,23.70000,23.70700,23.70000,23.70700
1993-07-13,23.88500,23.89200,23.88500,23.89200
1993-07-14,23.80800,23.81500,23.80800,23.81500
1993-07-15,23.85800,23.86500,23.85800,23.86500
1993-07-16,23.81600,23.82300,23.81600,23.82300
1993-07-19,23.87400,23.88200,23.87400,23.88200
1993-07-20,23.87400,23.88200,23.87400,23.88200
1993-07-21,23.70400,23.71100,23.70400,23.71100
1993-07-22,23.70400,23.71100,23.70400,23.71100
1993-07-23,23.70400,23.71100,23.70400,23.71100
1993-07-26,23.86600,23.87300,23.86600,23.87300
1993-07-27,23.91200,23.91900,23.91200,23.91900
1993-07-28,23.89100,23.89800,23.89100,23.89800
1993-07-29,23.91600,23.92300,23.91600,23.92300
1993-07-30,23.83100,23.83800,23.83100,23.83800
1993-08-02,23.83100,23.83800,23.83100,23.83800
1993-08-03,24.30500,24.31200,24.30500,24.31200
1993-08-04,24.0090008,24.017000,24.0090008,24.017000
1993-08-05,23.87200,23.88000,23.87200,23.88000
1993-08-06,23.95100,23.95900,23.95100,23.95900
1993-08-09,23.96200,23.96900,23.96200,23.96900
1993-08-10,23.96800,23.97500,23.96800,23.97500
1993-08-11,24.066000,24.073000,24.066000,24.073000
1993-08-12,24.12200,24.12900,24.12200,24.12900
1993-08-13,24.13200,24.14000,24.13200,24.14000
1993-08-16,24.18800,24.19600,24.18800,24.19600
1993-08-17,24.17600,24.18300,24.17600,24.18300
1993-08-18,23.96400,23.97100,23.96400,23.97100
1993-08-19,23.91400,23.92100,23.91400,23.92100
1993-08-20,23.85100,23.85900,23.85100,23.85900
1993-08-23,23.85100,23.85900,23.85100,23.85900
1993-08-24,23.76000,23.76700,23.76000,23.76700
1993-08-25,23.81600,23.82300,23.81600,23.82300
1993-08-26,23.78900,23.79700,23.78900,23.79700
1993-08-27,23.78900,23.79700,23.78900,23.79700
1993-08-30,23.73700,23.74400,23.73700,23.74400
1993-08-31,23.71400,23.72200,23.71400,23.72200
1993-09-01,23.72000,23.72800,23.72000,23.72800
1993-09-02,23.73500,23.74200,23.73500,23.74200
1993-09-03,23.65800,23.66500,23.65800,23.66500
1993-09-06,23.66000,23.66800,23.66000,23.66800
1993-09-07,23.41000,23.41800,23.41000,23.41800
1993-09-08,23.36900,23.37600,23.36900,23.37600
1993-09-09,23.38500,23.39300,23.38500,23.39300
1993-09-10,23.38500,23.39300,23.38500,23.39300
1993-09-13,23.22100,23.22900,23.22100,23.22900
1993-09-14,23.14600,23.15400,23.14600,23.15400
1993-09-15,23.21100,23.21800,23.21100,23.21800
1993-09-16,23.13000,23.13700,23.13000,23.13700
1993-09-17,23.087999,23.096001,23.087999,23.096001
1993-09-20,23.23400,23.24100,23.23400,23.24100
1993-09-21,23.23400,23.24100,23.23400,23.24100
1993-09-22,23.20000,23.20800,23.20000,23.20800
1993-09-23,23.35600,23.36400,23.35600,23.36400
1993-09-24,23.35600,23.36400,23.35600,23.36400
1993-09-27,23.35600,23.36400,23.35600,23.36400
1993-09-28,23.40600,23.41400,23.40600,23.41400
1993-09-29,23.38700,23.39500,23.38700,23.39500
1993-09-30,23.30200,23.31000,23.30200,23.31000
1993-10-01,23.33500,23.34300,23.33500,23.34300
1993-10-04,23.52100,23.52800,23.52100,23.52800
1993-10-05,23.47100,23.47800,23.47100,23.47800
1993-10-06,23.36300,23.37000,23.36300,23.37000
1993-10-07,23.42500,23.43200,23.42500,23.43200
1993-10-08,23.41300,23.42000,23.41300,23.42000
1993-10-11,23.44200,23.44900,23.44200,23.44900
1993-10-12,23.24400,23.25200,23.24400,23.25200
1993-10-13,23.24800,23.25600,23.24800,23.25600
1993-10-14,23.23600,23.24300,23.23600,23.24300
1993-10-15,23.32500,23.33300,23.32500,23.33300
1993-10-18,23.46600,23.47400,23.46600,23.47400
1993-10-19,23.51200,23.52000,23.51200,23.52000
1993-10-20,23.60800,23.61600,23.60800,23.61600
1993-10-21,23.57900,23.58600,23.57900,23.58600
1993-10-22,23.60400,23.61100,23.60400,23.61100
1993-10-25,23.74100,23.74900,23.74100,23.74900
1993-10-26,23.78100,23.78800,23.78100,23.78800
1993-10-27,23.82200,23.83000,23.82200,23.83000
1993-10-28,23.82200,23.83000,23.82200,23.83000
1993-10-29,23.82200,23.83000,23.82200,23.83000
1993-11-01,23.82200,23.83000,23.82200,23.83000
1993-11-02,23.82200,23.83000,23.82200,23.83000
1993-11-03,23.82200,23.83000,23.82200,23.83000
1993-11-04,23.82200,23.83000,23.82200,23.83000
1993-11-05,23.91000,23.91700,23.91000,23.91700
1993-11-08,23.93300,23.94000,23.93300,23.94000
1993-11-09,23.93300,23.94000,23.93300,23.94000
1993-11-10,23.85100,23.85900,23.85100,23.85900
1993-11-11,23.92800,23.93600,23.92800,23.93600
1993-11-12,23.92800,23.93600,23.92800,23.93600
1993-11-15,23.97800,23.98600,23.97800,23.98600
1993-11-16,23.92200,23.93000,23.92200,23.93000
1993-11-17,23.95100,23.95900,23.95100,23.95900
1993-11-18,23.95100,23.95900,23.95100,23.95900
1993-11-19,24.028000,24.035999,24.028000,24.035999
1993-11-22,24.073999,24.080999,24.073999,24.080999
1993-11-23,24.097000,24.10400,24.097000,24.10400
1993-11-24,24.056999,24.065001,24.056999,24.065001
1993-11-25,24.025999,24.034000,24.025999,24.034000
1993-11-26,24.039000,24.046000,24.039000,24.046000
1993-11-29,24.086000,24.094000,24.086000,24.094000
1993-11-30,24.10700,24.11500,24.10700,24.11500
1993-12-01,24.077999,24.086000,24.077999,24.086000
1993-12-02,24.14700,24.15400,24.14700,24.15400
1993-12-03,24.17600,24.18300,24.17600,24.18300
1993-12-06,24.17600,24.18300,24.17600,24.18300
1993-12-07,24.041000,24.048000,24.041000,24.048000
1993-12-08,24.041000,24.048000,24.041000,24.048000
1993-12-09,23.98500,23.99200,23.98500,23.99200
1993-12-10,23.93500,23.94200,23.93500,23.94200
1993-12-13,23.90500,23.91300,23.90500,23.91300
1993-12-14,23.90500,23.91300,23.90500,23.91300
1993-12-15,23.96800,23.97500,23.96800,23.97500
1993-12-16,23.99900,24.0060005,23.99900,24.0060005
1993-12-17,24.00099945,24.0090008,24.00099945,24.0090008
1993-12-20,23.95900,23.96700,23.95900,23.96700
1993-12-21,23.97600,23.98400,23.97600,23.98400
1993-12-22,23.90300,23.91100,23.90300,23.91100
1993-12-23,23.90300,23.91100,23.90300,23.91100
1993-12-24,23.82600,23.83400,23.82600,23.83400
1993-12-27,23.78300,23.79000,23.78300,23.79000
1993-12-28,23.84900,23.85700,23.84900,23.85700
1993-12-29,23.84900,23.85700,23.84900,23.85700
1993-12-30,23.84900,23.85700,23.84900,23.85700
1993-12-31,23.84900,23.85700,23.84900,23.85700
1994-01-03,24.11600,24.12300,24.11600,24.12300
1994-01-04,24.12400,24.13100,24.12400,24.13100
1994-01-05,24.16600,24.17300,24.16600,24.17300
1994-01-06,24.10500,24.11300,24.10500,24.11300
1994-01-07,24.10500,24.11300,24.10500,24.11300
1994-01-10,24.10500,24.11300,24.10500,24.11300
1994-01-11,24.077999,24.086000,24.077999,24.086000
1994-01-12,24.12800,24.13600,24.12800,24.13600
1994-01-13,24.11800,24.125,24.11800,24.125
1994-01-14,24.11800,24.125,24.11800,24.125
1994-01-17,24.19200,24.20000,24.19200,24.20000
1994-01-18,24.18800,24.19600,24.18800,24.19600
1994-01-19,24.18800,24.19600,24.18800,24.19600
1994-01-20,24.18800,24.19600,24.18800,24.19600
1994-01-21,24.18800,24.19600,24.18800,24.19600
1994-01-24,24.18800,24.19600,24.18800,24.19600
1994-01-25,24.18400,24.19200,24.18400,24.19200
1994-01-26,24.17800,24.18500,24.17800,24.18500
1994-01-27,24.17800,24.18500,24.17800,24.18500
1994-01-28,24.17800,24.18500,24.17800,24.18500
1994-01-31,24.032000,24.040001,24.032000,24.040001
1994-02-01,24.076000,24.084000,24.076000,24.084000
1994-02-02,24.0070000,24.014999,24.0070000,24.014999
1994-02-03,23.99300,24,23.99300,24
1994-02-04,23.99300,24,23.99300,24
1994-02-07,24.072001,24.079000,24.072001,24.079000
1994-02-08,24.072001,24.079000,24.072001,24.079000
1994-02-09,24.18600,24.19400,24.18600,24.19400
1994-02-10,24.20700,24.21500,24.20700,24.21500
1994-02-11,24.20300,24.21000,24.20300,24.21000
1994-02-14,24.20300,24.21000,24.20300,24.21000
1994-02-15,24.20300,24.21000,24.20300,24.21000
1994-02-16,24.20300,24.21000,24.20300,24.21000
1994-02-17,24.020000,24.027000,24.020000,24.027000
1994-02-18,24.0030003,24.011000,24.0030003,24.011000
1994-02-21,23.91800,23.92500,23.91800,23.92500
1994-02-22,24.011999,24.018999,24.011999,24.018999
1994-02-23,24.011999,24.018999,24.011999,24.018999
1994-02-24,24.014000,24.021000,24.014000,24.021000
1994-02-25,23.93500,23.94200,23.93500,23.94200
1994-02-28,23.92600,23.93400,23.92600,23.93400
1994-03-01,23.92600,23.93400,23.92600,23.93400
1994-03-02,23.92600,23.93400,23.92600,23.93400
1994-03-03,23.92600,23.93400,23.92600,23.93400
1994-03-04,23.88300,23.89000,23.88300,23.89000
1994-03-07,23.88300,23.89000,23.88300,23.89000
1994-03-08,23.95500,23.96300,23.95500,23.96300
1994-03-09,23.95500,23.96300,23.95500,23.96300
1994-03-10,23.78900,23.79700,23.78900,23.79700
1994-03-11,23.78900,23.79700,23.78900,23.79700
1994-03-14,23.78900,23.79700,23.78900,23.79700
1994-03-15,23.76800,23.77600,23.76800,23.77600
1994-03-16,23.76800,23.77600,23.76800,23.77600
1994-03-17,23.72400,23.73200,23.72400,23.73200
1994-03-18,23.77200,23.78000,23.77200,23.78000
1994-03-21,23.94900,23.95600,23.94900,23.95600
1994-03-22,23.94000,23.94700,23.94000,23.94700
1994-03-23,24.15300,24.16000,24.15300,24.16000
1994-03-24,24.30600,24.31300,24.30600,24.31300
1994-03-25,24.30600,24.31300,24.30600,24.31300
1994-03-28,24.30600,24.31300,24.30600,24.31300
1994-03-29,25.375,25.38200,25.375,25.38200
1994-03-30,25.72900,25.73600,25.72900,25.73600
1994-03-31,25.93700,25.94500,25.93700,25.94500
1994-04-01,25.93700,25.94500,25.93700,25.94500
1994-04-04,25.72000,25.72800,25.72000,25.72800
1994-04-05,25.64100,25.64800,25.64100,25.64800
1994-04-06,25.79900,25.80700,25.79900,25.80700
1994-04-07,25.78000,25.78800,25.78000,25.78800
1994-04-08,25.67600,25.68400,25.67600,25.68400
1994-04-11,35.91100,35.91900,35.91100,35.91900
1994-04-12,36.021000,36.028000,36.021000,36.028000
1994-04-13,36.011002,36.019001,36.011002,36.019001
1994-04-14,35.96100,35.96900,35.96100,35.96900
1994-04-15,35.98000,35.98700,35.98000,35.98700
1994-04-18,35.97400,35.98100,35.97400,35.98100
1994-04-19,35.96400,35.97200,35.96400,35.97200
1994-04-20,36.035000,36.042000,36.035000,36.042000
1994-04-21,36.097000,36.10400,36.097000,36.10400
1994-04-22,36.14200,36.14900,36.14200,36.14900
1994-04-25,36.14100,36.14800,36.14100,36.14800
1994-04-26,36.17000,36.17700,36.17000,36.17700
1994-04-27,36.13500,36.14300,36.13500,36.14300
1994-04-28,36.14100,36.14800,36.14100,36.14800
1994-04-29,35.98700,35.99500,35.98700,35.99500
1994-05-02,35.98700,35.99500,35.98700,35.99500
1994-05-03,36.092999,36.099998,36.092999,36.099998
1994-05-04,36.11300,36.12000,36.11300,36.12000
1994-05-05,36.35700,36.36500,36.35700,36.36500
1994-05-06,36.51200,36.52000,36.51200,36.52000
1994-05-09,36.65400,36.66100,36.65400,36.66100
1994-05-10,36.80900,36.81700,36.80900,36.81700
1994-05-11,36.96300,36.97000,36.96300,36.97000
1994-05-12,36.89100,36.89800,36.89100,36.89800
1994-05-13,36.96600,36.97300,36.96600,36.97300
1994-05-16,37.0019989,37.0089989,37.0019989,37.0089989
1994-05-17,36.96300,36.97000,36.96300,36.97000
1994-05-18,36.85500,36.86300,36.85500,36.86300
1994-05-19,36.71800,36.72600,36.71800,36.72600
1994-05-20,36.67600,36.68300,36.67600,36.68300
1994-05-23,36.77800,36.78500,36.77800,36.78500
1994-05-24,36.87600,36.88400,36.87600,36.88400
1994-05-25,36.92900,36.93600,36.92900,36.93600
1994-05-26,37.014000,37.021999,37.014000,37.021999
1994-05-27,37.030998,37.037998,37.030998,37.037998
1994-05-30,36.99400,37.0019989,36.99400,37.0019989
1994-05-31,36.97800,36.98500,36.97800,36.98500
1994-06-01,37.047001,37.054001,37.047001,37.054001
1994-06-02,37.14400,37.15100,37.14400,37.15100
1994-06-03,37.32400,37.33100,37.32400,37.33100
1994-06-06,37.49200,37.5,37.49200,37.5
1994-06-07,37.43000,37.43700,37.43000,37.43700
1994-06-08,37.36700,37.37400,37.36700,37.37400
1994-06-09,37.40000,37.40700,37.40000,37.40700
1994-06-10,37.46400,37.47100,37.46400,37.47100
1994-06-13,37.46000,37.46800,37.46000,37.46800
1994-06-14,37.39500,37.40200,37.39500,37.40200
1994-06-15,37.48200,37.48900,37.48200,37.48900
1994-06-16,37.62100,37.62900,37.62100,37.62900
1994-06-17,37.82600,37.83300,37.82600,37.83300
1994-06-20,37.69800,37.70600,37.69800,37.70600
1994-06-21,37.87600,37.88300,37.87600,37.88300
1994-06-22,37.88900,37.89700,37.88900,37.89700
1994-06-23,38,38.0079994,38,38.0079994
1994-06-24,37.94600,37.95300,37.94600,37.95300
1994-06-27,37.89200,37.89900,37.89200,37.89900
1994-06-28,37.99600,38.0040016,37.99600,38.0040016
1994-06-29,38,38.0079994,38,38.0079994
1994-06-30,38.27000,38.27700,38.27000,38.27700
1994-07-01,38.43900,38.44700,38.43900,38.44700
1994-07-04,38.43900,38.44700,38.43900,38.44700
1994-07-05,38.43900,38.44700,38.43900,38.44700
1994-07-06,38.43900,38.44700,38.43900,38.44700
1994-07-07,38.10700,38.11500,38.10700,38.11500
1994-07-08,38.10700,38.11500,38.10700,38.11500
1994-07-11,38.10700,38.11500,38.10700,38.11500
1994-07-12,38.10700,38.11500,38.10700,38.11500
1994-07-13,38.10700,38.11500,38.10700,38.11500
1994-07-14,38.10700,38.11500,38.10700,38.11500
1994-07-15,38.10700,38.11500,38.10700,38.11500
1994-07-18,38.10700,38.11500,38.10700,38.11500
1994-07-19,38.10700,38.11500,38.10700,38.11500
1994-07-20,38.10700,38.11500,38.10700,38.11500
1994-07-21,38.10700,38.11500,38.10700,38.11500
1994-07-22,38.10700,38.11500,38.10700,38.11500
1994-07-25,38.10700,38.11500,38.10700,38.11500
1994-07-26,38.10700,38.11500,38.10700,38.11500
1994-07-27,38.10700,38.11500,38.10700,38.11500
1994-07-28,38.10700,38.11500,38.10700,38.11500
1994-07-29,38.10700,38.11500,38.10700,38.11500
1994-08-01,38.10700,38.11500,38.10700,38.11500
1994-08-02,38.10700,38.11500,38.10700,38.11500
1994-08-03,38.10700,38.11500,38.10700,38.11500
1994-08-04,38.10700,38.11500,38.10700,38.11500
1994-08-05,38.10700,38.11500,38.10700,38.11500
1994-08-08,38.10700,38.11500,38.10700,38.11500
1994-08-09,38.23600,38.24300,38.23600,38.24300
1994-08-10,38.16600,38.17400,38.16600,38.17400
1994-08-11,38.25300,38.26100,38.25300,38.26100
1994-08-12,37.99600,38.0040016,37.99600,38.0040016
1994-08-15,38.0070000,38.014000,38.0070000,38.014000
1994-08-16,38.0070000,38.014000,38.0070000,38.014000
1994-08-17,37.58400,37.83800,37.58400,37.83800
1994-08-18,37.83000,37.93300,37.83000,37.93300
1994-08-19,38.0060005,38.013000,38.0060005,38.013000
1994-08-22,38.0029984,38.0099983,38.0029984,38.0099983
1994-08-23,37.99200,38,37.99200,38
1994-08-24,38.12200,38.12900,38.12200,38.12900
1994-08-25,38.12200,38.12900,38.12200,38.12900
1994-08-26,38.12200,38.12900,38.12200,38.12900
1994-08-29,38.49600,38.50400,38.49600,38.50400
1994-08-30,38.49600,38.50400,38.49600,38.50400
1994-08-31,38.55900,38.56700,38.55900,38.56700
1994-09-01,38.55900,38.56700,38.55900,38.56700
1994-09-02,38.55900,38.56700,38.55900,38.56700
1994-09-05,38.875,38.88700,38.875,38.88700
1994-09-06,38.61400,38.62200,38.61400,38.62200
1994-09-07,38.61400,38.62100,38.61400,38.62100
1994-09-08,38.77900,38.78600,38.77900,38.78600
1994-09-09,38.77900,38.78600,38.77900,38.78600
1994-09-12,38.79300,38.80000,38.79300,38.80000
1994-09-13,38.81800,38.82500,38.81800,38.82500
1994-09-14,38.81800,38.82500,38.81800,38.82500
1994-09-15,38.77800,38.78500,38.77800,38.78500
1994-09-16,38.77800,38.78500,38.77800,38.78500
1994-09-19,38.77800,38.78500,38.77800,38.78500
1994-09-20,38.80000,38.90500,38.80000,38.90500
1994-09-21,39.091999,39.099998,39.091999,39.099998
1994-09-22,39.28700,39.29500,39.28700,39.29500
1994-09-23,39.49200,39.49900,39.49200,39.49900
1994-09-26,39.39300,39.40100,39.39300,39.40100
1994-09-27,39.58600,39.59400,39.58600,39.59400
1994-09-28,40.99100,40.99800,40.99100,40.99800
1994-09-29,40.88800,40.89600,40.88800,40.89600
1994-09-30,40.89500,40.90300,40.89500,40.90300
1994-10-03,40.79300,40.80000,40.79300,40.80000
1994-10-04,40.79300,40.80000,40.79300,40.80000
1994-10-05,40.79300,40.85100,40.79300,40.85100
1994-10-06,40.79300,40.85100,40.79300,40.85100
1994-10-07,40.79300,40.85100,40.79300,40.85100
1994-10-10,40.79300,40.85100,40.79300,40.85100
1994-10-11,40.79300,40.85100,40.79300,40.85100
1994-10-12,40.54700,40.65600,40.54700,40.65600
1994-10-13,40.74900,40.75600,40.74900,40.75600
1994-10-14,40.74900,40.75600,40.74900,40.75600
1994-10-17,40.74900,40.75600,40.74900,40.75600
1994-10-18,40.74900,40.75600,40.74900,40.75600
1994-10-19,40.74900,40.75600,40.74900,40.75600
1994-10-20,40.74900,40.75600,40.74900,40.75600
1994-10-21,40.74900,40.75600,40.74900,40.75600
1994-10-24,40.74900,40.75600,40.74900,40.75600
1994-10-25,40.74900,40.75600,40.74900,40.75600
1994-10-26,40.74900,40.75600,40.74900,40.75600
1994-11-14,41.49300,41.50100,41.49300,41.50100
1994-11-15,41.73400,41.74200,41.73400,41.74200
1994-11-16,41.93000,41.93800,41.93000,41.93800
1994-11-17,41.99200,42,41.99200,42
1994-11-18,42.17300,42.18100,42.17300,42.18100
1994-11-21,42.20300,42.21100,42.20300,42.21100
1994-11-22,42.10200,42.11000,42.10200,42.11000
1994-11-23,42.16700,42.17500,42.16700,42.17500
1994-11-24,42.28200,42.29000,42.28200,42.29000
1994-11-25,42.30400,42.31200,42.30400,42.31200
1994-11-28,42.45500,42.46200,42.45500,42.46200
1994-11-29,42.38900,42.39600,42.38900,42.39600
1994-11-30,42.49300,42.50100,42.49300,42.50100
1994-12-01,42.43900,42.44700,42.43900,42.44700
1994-12-02,42.43900,42.44700,42.43900,42.44700
1994-12-05,42.43900,42.44700,42.43900,42.44700
1994-12-06,42.43900,42.44700,42.43900,42.44700
1994-12-07,42.43900,42.44700,42.43900,42.44700
1994-12-08,42.43900,42.44700,42.43900,42.44700
1994-12-09,42.43900,42.44700,42.43900,42.44700
1994-12-12,42.43900,42.44700,42.43900,42.44700
1994-12-13,42.75500,42.76200,42.75500,42.76200
1994-12-14,42.76700,42.77500,42.76700,42.77500
1994-12-15,42.76700,42.77500,42.76700,42.77500
1994-12-16,42.88600,42.89300,42.88600,42.89300
1994-12-19,42.89100,42.89800,42.89100,42.89800
1994-12-20,42.89100,42.89800,42.89100,42.89800
1994-12-21,42.90100,42.90900,42.90100,42.90900
1994-12-22,42.90100,42.90900,42.90100,42.90900
1994-12-23,42.90100,42.90900,42.90100,42.90900
1994-12-26,42.90100,42.90900,42.90100,42.90900
1994-12-27,42.90100,42.90900,42.90100,42.90900
1994-12-28,43.092999,43.099998,43.092999,43.099998
1994-12-29,43.071999,43.080002,43.071999,43.080002
1994-12-30,43.071999,43.080002,43.071999,43.080002
1995-01-02,43.071999,43.080002,43.071999,43.080002
1995-01-03,42.94400,42.95100,42.94400,42.95100
1995-01-04,42.98300,42.99000,42.98300,42.99000
1995-01-05,42.93600,42.94300,42.93600,42.94300
1995-01-06,42.92000,42.92800,42.92000,42.92800
1995-01-09,42.92000,42.92800,42.92000,42.92800
1995-01-10,42.92000,42.92800,42.92000,42.92800
1995-01-11,42.73600,42.74400,42.73600,42.74400
1995-01-12,42.81100,42.81800,42.81100,42.81800
1995-01-13,42.81100,42.81800,42.81100,42.81800
1995-01-16,42.81100,42.81800,42.81100,42.81800
1995-01-17,42.81100,42.81800,42.81100,42.81800
1995-01-18,42.81100,42.81800,42.81100,42.81800
1995-01-19,42.79600,42.80300,42.79600,42.80300
1995-01-20,42.49800,42.50600,42.49800,42.50600
1995-01-23,42.44300,42.45000,42.44300,42.45000
1995-01-24,42.43800,42.44600,42.43800,42.44600
1995-01-25,42.41000,42.41700,42.41000,42.41700
1995-01-26,42.52700,42.53500,42.52700,42.53500
1995-01-27,42.51400,42.52200,42.51400,42.52200
1995-01-30,42.51600,42.52300,42.51600,42.52300
1995-01-31,42.59300,42.60000,42.59300,42.60000
1995-02-01,42.79700,42.80500,42.79700,42.80500
1995-02-02,42.99200,43,42.99200,43
1995-02-03,43.29200,43.30000,43.29200,43.30000
1995-02-06,43.29200,43.30000,43.29200,43.30000
1995-02-07,43.29200,43.30000,43.29200,43.30000
1995-02-08,43.29200,43.30000,43.29200,43.30000
1995-02-09,43.29200,43.30000,43.29200,43.30000
1995-02-10,43.29200,43.30000,43.29200,43.30000
1995-02-13,43.29200,43.30000,43.29200,43.30000
1995-02-14,43.29200,43.30000,43.29200,43.30000
1995-02-15,43.29200,43.30000,43.29200,43.30000
1995-02-16,43.29200,43.30000,43.29200,43.30000
1995-02-17,43.29200,43.30000,43.29200,43.30000
1995-02-20,43.29200,43.30000,43.29200,43.30000
1995-02-21,43.29200,43.30000,43.29200,43.30000
1995-02-22,43.29200,43.30000,43.29200,43.30000
1995-02-23,43.29200,43.30000,43.29200,43.30000
1995-02-24,43.29200,43.30000,43.29200,43.30000
1995-02-27,43.29200,43.30000,43.29200,43.30000
1995-02-28,43.29200,43.30000,43.29200,43.30000
1995-03-01,43.61100,43.61800,43.61100,43.61800
1995-03-02,43.61100,43.61800,43.61100,43.61800
1995-03-03,43.61100,43.61800,43.61100,43.61800
1995-03-06,43.015999,43.022999,43.015999,43.022999
1995-03-07,42.99200,43,42.99200,43
1995-03-08,42.51600,42.52300,42.51600,42.52300
1995-03-09,43.087002,43.095001,43.087002,43.095001
1995-03-10,43.070999,43.077999,43.070999,43.077999
1995-03-13,43.25100,43.25800,43.25100,43.25800
1995-03-14,43.30300,43.31000,43.30300,43.31000
1995-03-15,43.23900,43.24600,43.23900,43.24600
1995-03-16,43.23300,43.24000,43.23300,43.24000
1995-03-17,43.26600,43.27300,43.26600,43.27300
1995-03-20,43.39200,43.40000,43.39200,43.40000
1995-03-21,43.43400,43.44100,43.43400,43.44100
1995-03-22,43.44600,43.45300,43.44600,43.45300
1995-03-23,43.45800,43.46500,43.45800,43.46500
1995-03-24,43.49200,43.5,43.49200,43.5
1995-03-27,43.59300,43.60000,43.59300,43.60000
1995-03-28,43.50800,43.51500,43.50800,43.51500
1995-03-29,43.51300,43.52000,43.51300,43.52000
1995-03-30,43.56200,43.57000,43.56200,43.57000
1995-03-31,43.56200,43.57000,43.56200,43.57000
1995-04-03,43.56200,43.57000,43.56200,43.57000
1995-04-04,43.58100,43.58800,43.58100,43.58800
1995-04-05,43.58100,43.58800,43.58100,43.58800
1995-04-06,43.54200,43.55000,43.54200,43.55000
1995-04-07,43.61300,43.62000,43.61300,43.62000
1995-04-10,43.85300,43.86100,43.85300,43.86100
1995-04-11,44.068001,44.075001,44.068001,44.075001
1995-04-12,44.056999,44.064999,44.056999,44.064999
1995-04-13,44.14200,44.15000,44.14200,44.15000
1995-04-14,44.49200,44.5,44.49200,44.5
1995-04-17,44.49200,44.5,44.49200,44.5
1995-04-18,44.49700,44.50500,44.49700,44.50500
1995-04-19,44.47700,44.48500,44.47700,44.48500
1995-04-20,44.83700,44.84500,44.83700,44.84500
1995-04-21,45.042000,45.049999,45.042000,45.049999
1995-04-24,44.64200,44.65000,44.64200,44.65000
1995-04-25,44.68200,44.69000,44.68200,44.69000
1995-04-26,44.69600,44.70300,44.69600,44.70300
1995-04-27,44.69600,44.70300,44.69600,44.70300
1995-04-28,44.77600,44.78400,44.77600,44.78400
1995-05-01,44.77600,44.78400,44.77600,44.78400
1995-05-02,44.96300,44.97100,44.96300,44.97100
1995-05-03,44.77600,44.78400,44.77600,44.78400
1995-05-04,44.76400,44.77100,44.76400,44.77100
1995-05-05,44.76300,44.77000,44.76300,44.77000
1995-05-08,44.71200,44.72000,44.71200,44.72000
1995-05-09,44.76300,44.77000,44.76300,44.77000
1995-05-10,44.76300,44.77000,44.76300,44.77000
1995-05-11,44.76300,44.77000,44.76300,44.77000
1995-05-12,44.76300,44.77000,44.76300,44.77000
1995-05-15,45.72200,45.73000,45.72200,45.73000
1995-05-16,45.77400,45.78200,45.77400,45.78200
1995-05-17,45.72200,45.73000,45.72200,45.73000
1995-05-18,45.91500,45.92200,45.91500,45.92200
1995-05-19,45.94600,45.95300,45.94600,45.95300
1995-05-22,46.014000,46.021999,46.014000,46.021999
1995-05-23,45.98400,45.99200,45.98400,45.99200
1995-05-24,45.98400,45.99200,45.98400,45.99200
1995-05-25,45.98400,45.99200,45.98400,45.99200
1995-05-26,45.98400,45.99200,45.98400,45.99200
1995-05-29,45.98400,45.99200,45.98400,45.99200
1995-05-30,45.91400,45.92200,45.91400,45.92200
1995-05-31,45.91400,45.92200,45.91400,45.92200
1995-06-01,46.45500,46.46200,46.45500,46.46200
1995-06-02,46.17200,46.18000,46.17200,46.18000
1995-06-05,46.084999,46.092999,46.084999,46.092999
1995-06-06,46.24200,46.25,46.24200,46.25
1995-06-07,46.34300,46.35000,46.34300,46.35000
1995-06-08,46.80300,46.81100,46.80300,46.81100
1995-06-09,46.80300,46.81100,46.80300,46.81100
1995-06-12,47.49200,47.5,47.49200,47.5
1995-06-13,47.79200,47.80000,47.79200,47.80000
1995-06-14,47.88300,47.89000,47.88300,47.89000
1995-06-15,48.24200,48.25,48.24200,48.25
1995-06-16,48.79200,48.80000,48.79200,48.80000
1995-06-19,48.79200,48.80000,48.79200,48.80000
1995-06-20,48.82200,48.83000,48.82200,48.83000
1995-06-21,48.82200,48.83000,48.82200,48.83000
1995-06-22,48.79200,48.80000,48.79200,48.80000
1995-06-23,48.84300,48.85100,48.84300,48.85100
1995-06-26,48.99200,49,48.99200,49
1995-06-27,49.062000,49.070000,49.062000,49.070000
1995-06-28,49.091999,49.098999,49.091999,49.098999
1995-06-29,49.21400,49.22100,49.21400,49.22100
1995-06-30,49.20300,49.21000,49.20300,49.21000
1995-07-03,49.16300,49.17000,49.16300,49.17000
1995-07-04,49.24200,49.25,49.24200,49.25
1995-07-05,49.24200,49.25,49.24200,49.25
1995-07-06,49.23300,49.24000,49.23300,49.24000
1995-07-07,49.29200,49.30000,49.29200,49.30000
1995-07-10,49.37700,49.38500,49.37700,49.38500
1995-07-11,49.45800,49.46500,49.45800,49.46500
1995-07-12,49.50800,49.51500,49.50800,49.51500
1995-07-13,49.99200,50,49.99200,50
1995-07-14,49.75200,49.76000,49.75200,49.76000
1995-07-17,49.95300,49.96000,49.95300,49.96000
1995-07-18,49.94600,49.95300,49.94600,49.95300
1995-07-19,49.89200,49.90000,49.89200,49.90000
1995-07-20,49.79400,49.80200,49.79400,49.80200
1995-07-21,49.88300,49.89000,49.88300,49.89000
1995-07-24,49.82100,49.82800,49.82100,49.82800
1995-07-25,49.80700,49.81500,49.80700,49.81500
1995-07-26,49.93700,49.94400,49.93700,49.94400
1995-07-27,49.80700,49.81500,49.80700,49.81500
1995-07-28,49.80700,49.81500,49.80700,49.81500
1995-07-31,49.67800,49.68600,49.67800,49.68600
1995-08-01,49.69700,49.70500,49.69700,49.70500
1995-08-02,49.65400,49.66200,49.65400,49.66200
1995-08-03,49.71200,49.71900,49.71200,49.71900
1995-08-04,49.78800,49.79500,49.78800,49.79500
1995-08-07,49.78800,49.79500,49.78800,49.79500
1995-08-08,50.092999,50.10100,50.092999,50.10100
1995-08-09,50.092999,50.10100,50.092999,50.10100
1995-08-10,50.060001,50.068001,50.060001,50.068001
1995-08-11,50.33300,50.34000,50.33300,50.34000
1995-08-14,50.51400,50.52200,50.51400,50.52200
1995-08-15,50.70500,50.71200,50.70500,50.71200
1995-08-16,51.13000,51.13700,51.13000,51.13700
1995-08-17,51.27800,51.28500,51.27800,51.28500
1995-08-18,51.13500,51.14200,51.13500,51.14200
1995-08-21,51.13000,51.13800,51.13000,51.13800
1995-08-22,51.26400,51.27100,51.26400,51.27100
1995-08-23,51.26400,51.27100,51.26400,51.27100
1995-08-24,51.17800,51.18500,51.17800,51.18500
1995-08-25,51.16300,51.17100,51.16300,51.17100
1995-08-28,51.12600,51.13300,51.12600,51.13300
1995-08-29,51.17800,51.18500,51.17800,51.18500
1995-08-30,51.29200,51.30000,51.29200,51.30000
1995-08-31,51.071999,51.080002,51.071999,51.080002
1995-09-01,51.092999,51.099998,51.092999,51.099998
1995-09-04,50.99700,51.0050011,50.99700,51.0050011
1995-09-05,51.10200,51.10900,51.10200,51.10900
1995-09-06,51.22600,51.23300,51.22600,51.23300
1995-09-07,51.20700,51.21500,51.20700,51.21500
1995-09-08,51.20700,51.21500,51.20700,51.21500
1995-09-11,51.026001,51.033001,51.026001,51.033001
1995-09-12,51.22100,51.22800,51.22100,51.22800
1995-09-13,51.32600,51.33400,51.32600,51.33400
1995-09-14,51.35000,51.35800,51.35000,51.35800
1995-09-15,51.38300,51.39100,51.38300,51.39100
1995-09-18,51.30300,51.31000,51.30300,51.31000
1995-09-19,51.31200,51.32000,51.31200,51.32000
1995-09-20,51.22700,51.23400,51.22700,51.23400
1995-09-21,50.74500,50.75200,50.74500,50.75200
1995-09-22,50.45300,50.46100,50.45300,50.46100
1995-09-25,50.46800,50.47500,50.46800,50.47500
1995-09-26,50.58100,50.58900,50.58100,50.58900
1995-09-27,50.50100,50.50800,50.50100,50.50800
1995-09-28,50.32400,50.33100,50.32400,50.33100
1995-09-29,50.25700,50.26400,50.25700,50.26400
1995-10-02,50.46200,50.47000,50.46200,50.47000
1995-10-03,50.42900,50.43700,50.42900,50.43700
1995-10-04,50.58200,50.59000,50.58200,50.59000
1995-10-05,50.50200,50.51000,50.50200,50.51000
1995-10-06,50.50200,50.51000,50.50200,50.51000
1995-10-09,50.40100,50.40900,50.40100,50.40900
1995-10-10,50.48700,50.49500,50.48700,50.49500
1995-10-11,50.51700,50.52400,50.51700,50.52400
1995-10-12,50.49200,50.5,50.49200,50.5
1995-10-13,50.38800,50.39500,50.38800,50.39500
1995-10-16,50.40700,50.41400,50.40700,50.41400
1995-10-17,50.46800,50.47600,50.46800,50.47600
1995-10-18,50.39700,50.40400,50.39700,50.40400
1995-10-19,50.45500,50.46200,50.45500,50.46200
1995-10-20,50.35800,50.36600,50.35800,50.36600
1995-10-23,50.13500,50.14200,50.13500,50.14200
1995-10-24,50.048000,50.056000,50.048000,50.056000
1995-10-25,50.096001,50.10300,50.096001,50.10300
1995-10-26,50.099998,50.10800,50.099998,50.10800
1995-10-27,50.018002,50.026001,50.018002,50.026001
1995-10-30,50.99200,51,50.99200,51
1995-10-31,51.0019989,51.0099983,51.0019989,51.0099983
1995-11-01,51.0019989,51.0099983,51.0019989,51.0099983
1995-11-02,51.047001,51.055000,51.047001,51.055000
1995-11-03,51.12600,51.13300,51.12600,51.13300
1995-11-06,50.99200,51,50.99200,51
1995-11-07,51.032001,51.039001,51.032001,51.039001
1995-11-08,51.032001,51.039001,51.032001,51.039001
1995-11-09,51.032001,51.039001,51.032001,51.039001
1995-11-13,50.98700,50.99500,50.98700,50.99500
1995-11-14,51.10400,51.11200,51.10400,51.11200
1995-11-15,50.87100,50.87800,50.87100,50.87800
1995-11-16,50.87100,50.87800,50.87100,50.87800
1995-11-17,50.99200,51,50.99200,51
1995-11-20,51.18800,51.19500,51.18800,51.19500
1995-11-21,51.066002,51.073002,51.066002,51.073002
1995-11-22,51.041000,51.049000,51.041000,51.049000
1995-11-23,51.042000,51.049000,51.042000,51.049000
1995-11-24,51.056999,51.064999,51.056999,51.064999
1995-11-27,51.16600,51.17400,51.16600,51.17400
1995-11-28,51.42200,51.42900,51.42200,51.42900
1995-11-29,51.35500,51.36300,51.35500,51.36300
1995-11-30,51.45800,51.46500,51.45800,51.46500
1995-12-01,51.72500,51.73300,51.72500,51.73300
1995-12-04,51.65700,51.66400,51.65700,51.66400
1995-12-05,51.63600,51.64300,51.63600,51.64300
1995-12-06,51.48000,51.48700,51.48000,51.48700
1995-12-07,51.62100,51.62900,51.62100,51.62900
1995-12-08,51.65600,51.66300,51.65600,51.66300
1995-12-11,51.67000,51.67800,51.67000,51.67800
1995-12-12,51.66000,51.66800,51.66000,51.66800
1995-12-13,51.84600,51.85300,51.84600,51.85300
1995-12-14,51.73900,51.74600,51.73900,51.74600
1995-12-15,51.72200,51.73000,51.72200,51.73000
1995-12-18,51.75200,51.76000,51.75200,51.76000
1995-12-19,51.79200,51.80000,51.79200,51.80000
1995-12-20,51.86600,51.87300,51.86600,51.87300
1995-12-21,51.99200,52,51.99200,52
1995-12-22,51.99500,52.0029984,51.99500,52.0029984
1995-12-25,51.99500,52.0029984,51.99500,52.0029984
1995-12-26,51.99600,52.0040016,51.99600,52.0040016
1995-12-27,51.99800,52.0060005,51.99800,52.0060005
1995-12-28,52.092999,52.099998,52.092999,52.099998
1995-12-29,52.16700,52.17500,52.16700,52.17500
1996-01-02,52.15000,52.15800,52.15000,52.15800
1996-01-03,52.27000,52.27700,52.27000,52.27700
1996-01-04,52.55300,52.56000,52.55300,52.56000
1996-01-05,52.42300,52.43100,52.42300,52.43100
1996-01-08,52.34400,52.35200,52.34400,52.35200
1996-01-09,52.60000,52.60800,52.60000,52.60800
1996-01-10,52.64500,52.65300,52.64500,52.65300
1996-01-11,52.63900,52.64600,52.63900,52.64600
1996-01-12,52.75400,52.76100,52.75400,52.76100
1996-01-15,52.74400,52.75100,52.74400,52.75100
1996-01-16,53.096001,53.10400,53.096001,53.10400
1996-01-17,53.17100,53.17900,53.17100,53.17900
1996-01-18,53.24600,53.25400,53.24600,53.25400
1996-01-19,53.39700,53.40400,53.39700,53.40400
1996-01-22,53.48700,53.49500,53.48700,53.49500
1996-01-23,53.44200,53.44900,53.44200,53.44900
1996-01-24,53.61700,53.625,53.61700,53.625
1996-01-25,53.53700,53.54400,53.53700,53.54400
1996-01-26,53.76200,53.77000,53.76200,53.77000
1996-01-29,53.86300,53.87000,53.86300,53.87000
1996-01-30,53.75200,53.76000,53.75200,53.76000
1996-01-31,53.81800,53.82500,53.81800,53.82500
1996-02-01,53.67200,53.68000,53.67200,53.68000
1996-02-02,53.65700,53.66500,53.65700,53.66500
1996-02-05,53.44700,53.45400,53.44700,53.45400
1996-02-06,53.34700,53.35400,53.34700,53.35400
1996-02-07,53.45200,53.45900,53.45200,53.45900
1996-02-08,53.48700,53.49500,53.48700,53.49500
1996-02-09,53.39200,53.39900,53.39200,53.39900
1996-02-12,53.41200,53.41900,53.41200,53.41900
1996-02-13,53.45700,53.46400,53.45700,53.46400
1996-02-14,53.42200,53.42900,53.42200,53.42900
1996-02-15,53.40200,53.40900,53.40200,53.40900
1996-02-16,53.36200,53.36900,53.36200,53.36900
1996-02-20,53.21200,53.21900,53.21200,53.21900
1996-02-21,53.081001,53.089001,53.081001,53.089001
1996-02-22,53.070999,53.078999,53.070999,53.078999
1996-02-23,53.125,53.13300,53.125,53.13300
1996-02-26,53.16100,53.16800,53.16100,53.16800
1996-02-27,53.18600,53.19300,53.18600,53.19300
1996-02-28,53.24600,53.25400,53.24600,53.25400
1996-02-29,53.47300,53.48000,53.47300,53.48000
1996-03-01,53.60300,53.61100,53.60300,53.61100
1996-03-04,53.54300,53.55000,53.54300,53.55000
1996-03-05,53.59300,53.60100,53.59300,53.60100
1996-03-06,53.55800,53.56600,53.55800,53.56600
1996-03-07,53.60800,53.61600,53.60800,53.61600
1996-03-08,53.60300,53.61100,53.60300,53.61100
1996-03-11,53.68900,53.69600,53.68900,53.69600
1996-03-12,53.62300,53.63100,53.62300,53.63100
1996-03-13,53.52300,53.52500,53.52300,53.52500
1996-03-14,53.50800,53.51000,53.50800,53.51000
1996-03-15,53.52800,53.53500,53.52800,53.53500
1996-03-18,53.52800,53.53500,53.52800,53.53500
1996-03-19,53.50800,53.51500,53.50800,53.51500
1996-03-20,53.50800,53.51500,53.50800,53.51500
1996-03-21,53.52800,53.53500,53.52800,53.53500
1996-03-22,53.61400,53.62100,53.61400,53.62100
1996-03-25,53.52300,53.53000,53.52300,53.53000
1996-03-26,53.41200,53.41500,53.41200,53.41500
1996-03-27,53.67400,53.68100,53.67400,53.68100
1996-03-28,53.55300,53.56100,53.55300,53.56100
1996-03-29,53.48300,53.48500,53.48300,53.48500
1996-04-01,53.54300,53.55000,53.54300,53.55000
1996-04-02,53.57300,53.58100,53.57300,53.58100
1996-04-03,53.47800,53.48500,53.47800,53.48500
1996-04-04,53.48800,53.49500,53.48800,53.49500
1996-04-05,53.47300,53.48000,53.47300,53.48000
1996-04-08,53.41200,53.42000,53.41200,53.42000
1996-04-09,53.69900,53.70600,53.69900,53.70600
1996-04-10,53.81000,53.81700,53.81000,53.81700
1996-04-11,53.82500,53.83200,53.82500,53.83200
1996-04-12,53.86500,53.87300,53.86500,53.87300
1996-04-15,53.97800,53.98600,53.97800,53.98600
1996-04-16,53.98600,54.34300,53.98600,54.34300
1996-04-17,53.94000,53.94800,53.94000,53.94800
1996-04-18,53.94000,53.94800,53.94000,53.94800
1996-04-19,53.77400,53.78200,53.77400,53.78200
1996-04-22,53.93500,53.94300,53.93500,53.94300
1996-04-23,53.91500,53.92300,53.91500,53.92300
1996-04-24,54.0060005,54.013000,54.0060005,54.013000
1996-04-25,54.15200,54.15900,54.15200,54.15900
1996-04-26,54.19200,54.19900,54.19200,54.19900
1996-04-29,54.035999,54.043999,54.035999,54.043999
1996-04-30,54.25200,54.26000,54.25200,54.26000
1996-05-01,54.24700,54.25500,54.24700,54.25500
1996-05-02,54.22200,54.23000,54.22200,54.23000
1996-05-03,54.20700,54.21500,54.20700,54.21500
1996-05-06,54.12700,54.13400,54.12700,54.13400
1996-05-07,54.070999,54.078999,54.070999,54.078999
1996-05-08,53.95000,53.95800,53.95000,53.95800
1996-05-09,54.030998,54.037998,54.030998,54.037998
1996-05-10,54.026001,54.033001,54.026001,54.033001
1996-05-13,54.99400,55.00099945,54.99400,55.00099945
1996-05-14,55.14800,55.15600,55.14800,55.15600
1996-05-15,55.13300,55.14100,55.13300,55.14100
1996-05-16,55.18400,55.19200,55.18400,55.19200
1996-05-17,55.091999,55.099998,55.091999,55.099998
1996-05-20,55.10800,55.11500,55.10800,55.11500
1996-05-21,55.26100,55.26800,55.26100,55.26800
1996-05-22,55.13300,55.14100,55.13300,55.14100
1996-05-23,55.13300,55.14100,55.13300,55.14100
1996-05-27,55.13300,55.14100,55.13300,55.14100
1996-05-28,55.26000,55.27200,55.26000,55.27200
1996-05-29,55.26000,55.27200,55.26000,55.27200
1996-05-30,55.20000,55.23700,55.20000,55.23700
1996-05-31,55.20000,55.23700,55.20000,55.23700
1996-06-03,55.0089989,55.015999,55.0089989,55.015999
1996-06-04,55.12200,55.13000,55.12200,55.13000
1996-06-05,55.087002,55.094002,55.087002,55.094002
1996-06-06,55.021999,55.16200,55.021999,55.16200
1996-06-07,55,55.35000,55,55.35000
1996-06-10,55.22500,55.23200,55.22500,55.23200
1996-06-11,55.18900,55.19700,55.18900,55.19700
1996-06-12,55.22500,55.23200,55.22500,55.23200
1996-06-13,55.25,55.25800,55.25,55.25800
1996-06-14,55.029999,55.037998,55.029999,55.037998
1996-06-17,55.00099945,55.0079994,55.00099945,55.0079994
1996-06-18,55.050999,55.058998,55.050999,55.058998
1996-06-19,55.082001,55.089001,55.082001,55.089001
1996-06-20,55.15400,55.16100,55.15400,55.16100
1996-06-21,55.24600,55.25400,55.24600,55.25400
1996-06-24,55.30800,55.31500,55.30800,55.31500
1996-06-25,55.29800,55.30500,55.29800,55.30500
1996-06-26,55.23600,55.24300,55.23600,55.24300
1996-06-27,55.091999,55.099998,55.091999,55.099998
1996-06-28,55.091999,55.099998,55.091999,55.099998
1996-07-01,55.091999,55.099998,55.091999,55.099998
1996-07-02,55.15400,55.16100,55.15400,55.16100
1996-07-03,55.071999,55.078999,55.071999,55.078999
1996-07-04,55.082001,55.089001,55.082001,55.089001
1996-07-05,55.14400,55.59500,55.14400,55.59500
1996-07-08,55.18500,55.19200,55.18500,55.19200
1996-07-09,55.12300,55.13000,55.12300,55.13000
1996-07-10,55.15900,55.16600,55.15900,55.16600
1996-07-11,55.071999,55.078999,55.071999,55.078999
1996-07-12,55.041000,55.048000,55.041000,55.048000
1996-07-15,55.11800,55.125,55.11800,55.125
1996-07-16,54.98600,54.99300,54.98600,54.99300
1996-07-17,55.0060005,55.013000,55.0060005,55.013000
1996-07-18,55.094002,55.10200,55.094002,55.10200
1996-07-19,55.0060005,55.013000,55.0060005,55.013000
1996-07-22,54.98500,54.99300,54.98500,54.99300
1996-07-23,55.14400,55.15200,55.14400,55.15200
1996-07-24,55.10300,55.11000,55.10300,55.11000
1996-07-25,55.10300,55.11000,55.10300,55.11000
1996-07-26,55.032001,55.040001,55.032001,55.040001
1996-07-29,55.12000,55.12800,55.12000,55.12800
1996-07-30,55.10500,55.11200,55.10500,55.11200
1996-07-31,54.97700,54.98400,54.97700,54.98400
1996-08-01,54.96100,54.96800,54.96100,54.96800
1996-08-02,55.12200,55.13000,55.12200,55.13000
1996-08-05,55.14800,55.15600,55.14800,55.15600
1996-08-06,55.19500,55.20200,55.19500,55.20200
1996-08-07,55.26800,55.27500,55.26800,55.27500
1996-08-08,55.22600,55.23400,55.22600,55.23400
1996-08-09,55.19500,55.20200,55.19500,55.20200
1996-08-12,55.18400,55.19200,55.18400,55.19200
1996-08-13,55.19500,55.20200,55.19500,55.20200
1996-08-14,55.33000,55.33800,55.33000,55.33800
1996-08-15,55.28800,55.29600,55.28800,55.29600
1996-08-16,55.35100,55.35800,55.35100,55.35800
1996-08-19,55.35100,55.35800,55.35100,55.35800
1996-08-20,55.34000,55.34800,55.34000,55.34800
1996-08-21,55.23100,55.23900,55.23100,55.23900
1996-08-22,55.35600,55.36400,55.35600,55.36400
1996-08-23,55.28300,55.29100,55.28300,55.29100
1996-08-26,55.12700,55.13500,55.12700,55.13500
1996-08-27,55.16900,55.17600,55.16900,55.17600
1996-08-28,55.13300,55.14000,55.13300,55.14000
1996-08-29,55.23100,55.23900,55.23100,55.23900
1996-08-30,55.21100,55.21800,55.21100,55.21800
1996-09-02,55.28300,55.29100,55.28300,55.29100
1996-09-03,55.25200,55.26000,55.25200,55.26000
1996-09-04,55.27800,55.28600,55.27800,55.28600
1996-09-05,55.27200,55.27400,55.27200,55.27400
1996-09-06,55.25200,55.26000,55.25200,55.26000
1996-09-09,55.33500,55.34300,55.33500,55.34300
1996-09-10,55.65200,55.66000,55.65200,55.66000
1996-09-11,55.69900,55.70700,55.69900,55.70700
1996-09-12,55.75600,55.76400,55.75600,55.76400
1996-09-13,55.75200,55.75900,55.75200,55.75900
1996-09-16,55.62200,55.63000,55.62200,55.63000
1996-09-17,55.69000,55.69700,55.69000,55.69700
1996-09-18,55.64300,55.65100,55.64300,55.65100
1996-09-19,55.71600,55.72300,55.71600,55.72300
1996-09-20,55.67400,55.68200,55.67400,55.68200
1996-09-23,55.58100,55.58800,55.58100,55.58800
1996-09-24,55.54900,55.55700,55.54900,55.55700
1996-09-25,55.50800,55.51500,55.50800,55.51500
1996-09-26,55.69500,55.70200,55.69500,55.70200
1996-09-27,55.72100,55.72800,55.72100,55.72800
1996-09-30,55.76300,55.77000,55.76300,55.77000
1996-10-01,55.80900,55.81700,55.80900,55.81700
1996-10-02,55.78300,55.79100,55.78300,55.79100
1996-10-03,55.82000,55.82700,55.82000,55.82700
1996-10-04,55.86100,55.86900,55.86100,55.86900
1996-10-07,55.79900,55.80600,55.79900,55.80600
1996-10-08,55.75200,55.76000,55.75200,55.76000
1996-10-09,55.79900,55.80600,55.79900,55.80600
1996-10-10,55.82500,55.83200,55.82500,55.83200
1996-10-11,55.82500,55.83200,55.82500,55.83200
1996-10-14,55.82000,55.82700,55.82000,55.82700
1996-10-15,56.0019989,56.0089989,56.0019989,56.0089989
1996-10-16,56.012001,56.020000,56.012001,56.020000
1996-10-17,56.080002,56.087002,56.080002,56.087002
1996-10-18,56.042999,56.050999,56.042999,56.050999
1996-10-21,55.98100,55.98800,55.98100,55.98800
1996-10-22,55.90300,55.91000,55.90300,55.91000
1996-10-23,55.68400,55.69200,55.68400,55.69200
1996-10-24,55.69000,55.69700,55.69000,55.69700
1996-10-25,55.71600,55.72300,55.71600,55.72300
1996-10-28,55.60100,55.60900,55.60100,55.60900
1996-10-29,55.43000,55.43700,55.43000,55.43700
1996-10-30,55.37300,55.38000,55.37300,55.38000
1996-10-31,55.46600,55.47400,55.46600,55.47400
1996-11-01,55.56500,55.57200,55.56500,55.57200
1996-11-04,55.49700,55.50500,55.49700,55.50500
1996-11-05,55.50800,55.51500,55.50800,55.51500
1996-11-06,55.57500,55.58300,55.57500,55.58300
1996-11-07,55.44000,55.44800,55.44000,55.44800
1996-11-08,55.44500,55.45300,55.44500,55.45300
1996-11-11,55.21200,55.21900,55.21200,55.21900
1996-11-12,55.23200,55.24000,55.23200,55.24000
1996-11-13,55.36200,55.37000,55.36200,55.37000
1996-11-14,55.43000,55.43700,55.43000,55.43700
1996-11-15,55.34100,55.34900,55.34100,55.34900
1996-11-18,55.26900,55.27600,55.26900,55.27600
1996-11-19,55.26300,55.27100,55.26300,55.27100
1996-11-20,55.16500,55.17200,55.16500,55.17200
1996-11-21,55.20100,55.20900,55.20100,55.20900
1996-11-22,55.23700,55.24500,55.23700,55.24500
1996-11-25,55.53900,55.54700,55.53900,55.54700
1996-11-26,55.80400,55.81200,55.80400,55.81200
1996-11-27,55.67900,55.68700,55.67900,55.68700
1996-11-28,55.86100,55.86900,55.86100,55.86900
1996-11-29,55.89800,55.90500,55.89800,55.90500
1996-12-02,56.012001,56.020000,56.012001,56.020000
1996-12-03,56.47000,56.47700,56.47000,56.47700
1996-12-04,56.47000,56.47700,56.47000,56.47700
1996-12-05,56.30300,56.31100,56.30300,56.31100
1996-12-06,55.93900,55.94700,55.93900,55.94700
1996-12-09,56.24600,56.25400,56.24600,56.25400
1996-12-10,56.23000,56.23800,56.23000,56.23800
1996-12-11,56.033001,56.040001,56.033001,56.040001
1996-12-12,56.075001,56.082001,56.075001,56.082001
1996-12-13,56.012001,56.020000,56.012001,56.020000
1996-12-16,56.18900,56.19600,56.18900,56.19600
1996-12-17,56.058998,56.066002,56.058998,56.066002
1996-12-18,56.23000,56.23800,56.23000,56.23800
1996-12-19,56.34000,56.34700,56.34000,56.34700
1996-12-20,56.26700,56.27400,56.26700,56.27400
1996-12-23,56.17800,56.18600,56.17800,56.18600
1996-12-24,56.24100,56.24800,56.24100,56.24800
1996-12-25,56.24100,56.24800,56.24100,56.24800
1996-12-26,56.23000,56.23800,56.23000,56.23800
1996-12-27,56.19900,56.20700,56.19900,56.20700
1996-12-30,56.23000,56.23800,56.23000,56.23800
1996-12-31,55.92900,55.93600,55.92900,55.93600
1997-01-02,55.93900,55.94700,55.93900,55.94700
1997-01-03,56.063999,56.071999,56.063999,56.071999
1997-01-06,56.39700,56.40400,56.39700,56.40400
1997-01-07,56.42800,56.43500,56.42800,56.43500
1997-01-08,56.53700,56.54500,56.53700,56.54500
1997-01-09,56.61000,56.61700,56.61000,56.61700
1997-01-10,56.59400,56.60200,56.59400,56.60200
1997-01-13,56.78200,56.78900,56.78200,56.78900
1997-01-14,56.78200,56.78900,56.78200,56.78900
1997-01-15,56.97400,56.98100,56.97400,56.98100
1997-01-16,56.93800,56.94500,56.93800,56.94500
1997-01-17,57.073002,57.080002,57.073002,57.080002
1997-01-20,57.50900,57.51700,57.50900,57.51700
1997-01-21,57.53500,57.54300,57.53500,57.54300
1997-01-22,57.89900,57.90700,57.89900,57.90700
1997-01-23,57.91500,57.92200,57.91500,57.92200
1997-01-24,57.73800,57.74600,57.73800,57.74600
1997-01-27,57.91000,57.91700,57.91000,57.91700
1997-01-28,58.22200,58.22900,58.22200,58.22900
1997-01-29,58.023998,58.032001,58.023998,58.032001
1997-01-30,58.034000,58.042000,58.034000,58.042000
1997-01-31,57.19800,57.20500,57.19800,57.20500
1997-02-03,57.52100,57.52900,57.52100,57.52900
1997-02-04,57.11200,57.11900,57.11200,57.11900
1997-02-05,57.22900,57.23700,57.22900,57.23700
1997-02-06,57.24500,57.25200,57.24500,57.25200
1997-02-07,57.46400,57.47200,57.46400,57.47200
1997-02-10,57.33200,57.33900,57.33200,57.33900
1997-02-11,57.59900,57.60700,57.59900,57.60700
1997-02-12,57.91300,57.92000,57.91300,57.92000
1997-02-13,57.94300,57.95100,57.94300,57.95100
1997-02-14,57.48500,57.49300,57.48500,57.49300
1997-02-17,57.71800,57.72600,57.71800,57.72600
1997-02-18,57.70800,57.71600,57.70800,57.71600
1997-02-19,57.73900,57.74600,57.73900,57.74600
1997-02-20,57.18500,57.19200,57.18500,57.19200
1997-02-21,57.094002,57.10200,57.094002,57.10200
1997-02-24,56.73700,56.74500,56.73700,56.74500
1997-02-25,56.89800,56.90600,56.89800,56.90600
1997-02-26,57.078999,57.087002,57.078999,57.087002
1997-02-27,57.18000,57.18700,57.18000,57.18700
1997-02-28,57.23500,57.24200,57.23500,57.24200
1997-03-03,57.25500,57.26200,57.25500,57.26200
1997-03-04,57.45800,57.46600,57.45800,57.46600
1997-03-05,57.38300,57.39100,57.38300,57.39100
1997-03-06,57.48400,57.49100,57.48400,57.49100
1997-03-07,57.39400,57.40100,57.39400,57.40100
1997-03-10,57.19800,57.20600,57.19800,57.20600
1997-03-11,57.25800,57.26600,57.25800,57.26600
1997-03-12,57.26800,57.27600,57.26800,57.27600
1997-03-13,57.12800,57.13600,57.12800,57.13600
1997-03-14,57.30800,57.31600,57.30800,57.31600
1997-03-17,56.99800,57.0060005,56.99800,57.0060005
1997-03-18,56.93000,56.93400,56.93000,56.93400
1997-03-19,56.88800,56.89500,56.88800,56.89500
1997-03-20,56.88300,56.89100,56.88300,56.89100
1997-03-21,55.18000,57.93000,55.18000,57.93000
1997-03-24,57.0079994,57.015999,57.0079994,57.015999
1997-03-25,56.93800,56.94600,56.93800,56.94600
1997-03-26,57.053001,57.061001,57.053001,57.061001
1997-03-27,56.78300,56.79000,56.78300,56.79000
1997-03-28,56.65300,56.66000,56.65300,56.66000
1997-03-31,56.54300,56.55000,56.54300,56.55000
1997-04-01,56.50800,56.51500,56.50800,56.51500
1997-04-02,56.52300,56.53000,56.52300,56.53000
1997-04-03,56.46800,56.47500,56.46800,56.47500
1997-04-04,54.83000,57.21500,54.83000,57.21500
1997-04-07,57.23800,57.24600,57.23800,57.24600
1997-04-08,57.24300,57.25100,57.24300,57.25100
1997-04-09,57.42400,57.43100,57.42400,57.43100
1997-04-10,57.39400,57.40100,57.39400,57.40100
1997-04-11,55.71000,58.46000,55.71000,58.46000
1997-04-14,55.73000,58.51500,55.73000,58.51500
1997-04-15,55.86000,58.63500,55.86000,58.63500
1997-04-16,57.55500,57.57300,57.55500,57.57300
1997-04-17,57.55900,57.56600,57.55900,57.56600
1997-04-18,57.40400,57.41100,57.40400,57.41100
1997-04-21,57.18800,57.19600,57.18800,57.19600
1997-04-22,57.39400,57.40100,57.39400,57.40100
1997-04-23,55.70000,58.45000,55.70000,58.45000
1997-04-24,55.71000,58.46000,55.71000,58.46000
1997-04-25,55.75,58.52500,55.75,58.52500
1997-04-28,57.44500,57.45700,57.44500,57.45700
1997-04-29,55.86000,58.65000,55.86000,58.65000
1997-04-30,57.73400,57.74100,57.73400,57.74100
1997-05-01,57.63400,57.64100,57.63400,57.64100
1997-05-02,57.60400,57.61100,57.60400,57.61100
1997-05-05,55.98000,58.64000,55.98000,58.64000
1997-05-06,57.54400,57.55100,57.54400,57.55100
1997-05-07,57.0099983,59.75500,57.0099983,59.75500
1997-05-08,57.34900,57.35600,57.34900,57.35600
1997-05-09,56.89100,56.89900,56.89100,56.89900
1997-05-12,54.89000,57.60000,54.89000,57.60000
1997-05-13,55.090000,57.84000,55.090000,57.84000
1997-05-14,56.80700,56.81400,56.80700,56.81400
1997-05-15,57.0099983,59.53000,57.0099983,59.53000
1997-05-16,57,59.5,57,59.5
1997-05-19,57.11400,59.67700,57.11400,59.67700
1997-05-20,57,59.5,57,59.5
1997-05-21,56.56200,56.57000,56.56200,56.57000
1997-05-22,57.0099983,59.55500,57.0099983,59.55500
1997-05-23,56.62700,56.63500,56.62700,56.63500
1997-05-26,54.92000,57.66500,54.92000,57.66500
1997-05-27,56.80700,56.81400,56.80700,56.81400
1997-05-28,56.83100,56.83900,56.83100,56.83900
1997-05-29,55.21000,57.96000,55.21000,57.96000
1997-05-30,55.20000,57.95000,55.20000,57.95000
1997-06-02,55.48000,58.24000,55.48000,58.24000
1997-06-03,57.0099983,59.63000,57.0099983,59.63000
1997-06-04,55.71000,58.48000,55.71000,58.48000
1997-06-05,57.34000,57.34700,57.34000,57.34700
1997-06-06,57.020000,59.58500,57.020000,59.58500
1997-06-09,57.020000,59.58500,57.020000,59.58500
1997-06-10,55.41000,58.11000,55.41000,58.11000
1997-06-11,55.42000,58.12000,55.42000,58.12000
1997-06-12,57,59.5,57,59.5
1997-06-13,57.0099983,59.55500,57.0099983,59.55500
1997-06-16,57.37000,57.37700,57.37000,57.37700
1997-06-17,57,59.5,57,59.5
1997-06-18,57.31000,57.31800,57.31000,57.31800
1997-06-19,57,59.5,57,59.5
1997-06-20,56.5,59,56.5,59
1997-06-23,56.55100,59.076000,56.55100,59.076000
1997-06-24,56.51100,58.80600,56.51100,58.80600
1997-06-25,56.51000,58.80500,56.51000,58.80500
1997-06-26,57.30500,57.31200,57.30500,57.31200
1997-06-27,56.51000,58.80500,56.51000,58.80500
1997-06-30,55.88000,58.63000,55.88000,58.63000
1997-07-01,57.50400,57.51200,57.50400,57.51200
1997-07-02,56.42000,58.87000,56.42000,58.87000
1997-07-03,57.62400,57.63200,57.62400,57.63200
1997-07-04,56.5,58.75,56.5,58.75
1997-07-07,56.40000,58.90000,56.40000,58.90000
1997-07-08,56.40000,58.80000,56.40000,58.80000
1997-07-09,57.93800,57.94600,57.93800,57.94600
1997-07-10,56.049999,58.84000,56.049999,58.84000
1997-07-11,56,58.75,56,58.75
1997-07-14,56,58.75,56,58.75
1997-07-15,58.66600,58.67300,58.66600,58.67300
1997-07-16,58.60100,58.60800,58.60100,58.60800
1997-07-17,58.56600,58.57300,58.56600,58.57300
1997-07-18,58.61600,58.62300,58.61600,58.62300
1997-07-21,56.85000,59.62000,56.85000,59.62000
1997-07-22,58.82000,58.82800,58.82000,58.82800
1997-07-23,59.11900,59.12700,59.11900,59.12700
1997-07-24,59.21400,59.22100,59.21400,59.22100
1997-07-25,57.59000,60.41000,57.59000,60.41000
1997-07-28,57.51000,60.36000,57.51000,60.36000
1997-07-29,57.53000,60.38000,57.53000,60.38000
1997-07-30,56.40000,58.70000,56.40000,58.70000
1997-07-31,57.62000,60.37000,57.62000,60.37000
1997-08-01,58.29000,60.69500,58.29000,60.69500
1997-08-04,58.29000,60.64500,58.29000,60.64500
1997-08-05,60.26100,60.26800,60.26100,60.26800
1997-08-06,57.74000,60.49000,57.74000,60.49000
1997-08-07,58.60000,60.35000,58.60000,60.35000
1997-08-08,58.53000,61.43000,58.53000,61.43000
1997-08-11,58,60.5,58,60.5
1997-08-12,59,61,59,61
1997-08-13,59.38800,59.39600,59.38800,59.39600
1997-08-14,57.73000,60.61500,57.73000,60.61500
1997-08-15,58.60000,60.30000,58.60000,60.30000
1997-08-18,57.39000,60.25500,57.39000,60.25500
1997-08-19,59.41800,59.42600,59.41800,59.42600
1997-08-20,59.79700,59.80400,59.79700,59.80400
1997-08-21,58.60000,60.30000,58.60000,60.30000
1997-08-22,58.61000,59.90500,58.61000,59.90500
1997-08-25,58,60,58,60
1997-08-26,57.42000,60.27000,57.42000,60.27000
1997-08-27,58.86000,58.86700,58.86000,58.86700
1997-08-28,56.43000,59.17500,56.43000,59.17500
1997-08-29,58.60000,60.30000,58.60000,60.30000
1997-09-01,58.875,58.88200,58.875,58.88200
1997-09-02,56.17000,58.70000,56.17000,58.70000
1997-09-03,56.11000,58.61000,56.11000,58.61000
1997-09-04,58.60000,60.30000,58.60000,60.30000
1997-09-05,56.13000,58.63000,56.13000,58.63000
1997-09-08,56.13000,58.63000,56.13000,58.63000
1997-09-09,56.13000,58.63000,56.13000,58.63000
1997-09-10,58.68500,58.69300,58.68500,58.69300
1997-09-11,58.44600,58.45400,58.44600,58.45400
1997-09-12,56.14000,58.64000,56.14000,58.64000
1997-09-15,56.15000,58.65000,56.15000,58.65000
1997-09-16,56.11000,58.61000,56.11000,58.61000
1997-09-17,56.12000,58.62000,56.12000,58.62000
1997-09-18,58.60000,60.80000,58.60000,60.80000
1997-09-19,58.60000,60.80000,58.60000,60.80000
1997-09-22,56.15000,58.65000,56.15000,58.65000
1997-09-23,56.099998,58.60000,56.099998,58.60000
1997-09-24,56.11000,58.61000,56.11000,58.61000
1997-09-25,58.60100,60.80000,58.60100,60.80000
1997-09-26,56.099998,58.60000,56.099998,58.60000
1997-09-29,56.12000,58.62000,56.12000,58.62000
1997-09-30,56.22000,58.72000,56.22000,58.72000
1997-10-01,58.60100,60.80000,58.60100,60.80000
1997-10-02,56.22000,58.72000,56.22000,58.72000
1997-10-03,56.22000,58.72000,56.22000,58.72000
1997-10-06,57.89300,57.90100,57.89300,57.90100
1997-10-07,58.60000,60.80000,58.60000,60.80000
1997-10-08,56.24000,58.74000,56.24000,58.74000
1997-10-09,56.25,58.75,56.25,58.75
1997-10-10,56.25,58.75,56.25,58.75
1997-10-13,56.25,58.75,56.25,58.75
1997-10-14,56.24000,58.74000,56.24000,58.74000
1997-10-15,58.60000,60.80000,58.60000,60.80000
1997-10-16,56.24000,58.74000,56.24000,58.74000
1997-10-17,58.60100,60.85000,58.60100,60.85000
1997-10-20,58.60000,60.85000,58.60000,60.85000
1997-10-21,58.60100,60.85000,58.60100,60.85000
1997-10-22,56.24000,58.74000,56.24000,58.74000
1997-10-23,56.25,58.75,56.25,58.75
1997-10-24,58.60000,60.90000,58.60000,60.90000
1997-10-27,56.24000,58.74000,56.24000,58.74000
1997-10-28,56.91600,56.92400,56.91600,56.92400
1997-10-29,56,58.5,56,58.5
1997-10-30,58.60000,60.90000,58.60000,60.90000
1997-10-31,56.25,58.75,56.25,58.75
1997-11-03,58.60100,60.90100,58.60100,60.90100
1997-11-04,56.24000,58.74000,56.24000,58.74000
1997-11-05,56.25,58.75,56.25,58.75
1997-11-06,58.60200,60.90100,58.60200,60.90100
1997-11-07,56.67200,56.67900,56.67200,56.67900
1997-11-10,56.90600,56.91400,56.90600,56.91400
1997-11-11,56.76700,56.77400,56.76700,56.77400
1997-11-12,56.91100,56.91900,56.91100,56.91900
1997-11-13,56.24000,58.74000,56.24000,58.74000
1997-11-14,56.24000,58.74000,56.24000,58.74000
1997-11-17,57.23500,57.24300,57.23500,57.24300
1997-11-18,57.061001,57.068001,57.061001,57.068001
1997-11-19,57.19500,57.20300,57.19500,57.20300
1997-11-20,57.11600,57.12300,57.11600,57.12300
1997-11-21,55.42000,58.17500,55.42000,58.17500
1997-11-24,57.20000,57.20800,57.20000,57.20800
1997-11-25,58.60100,60.85000,58.60100,60.85000
1997-11-26,58.60200,60.85100,58.60200,60.85100
1997-11-27,58.60100,60.85000,58.60100,60.85000
1997-11-28,57.83800,57.84600,57.83800,57.84600
1997-12-01,56.060001,58.86000,56.060001,58.86000
1997-12-02,56.070000,58.87000,56.070000,58.87000
1997-12-03,56.060001,58.86000,56.060001,58.86000
1997-12-04,58.0079994,58.014999,58.0079994,58.014999
1997-12-05,56.049999,58.85000,56.049999,58.85000
1997-12-08,57,59.5,57,59.5
1997-12-09,56.090000,58.89000,56.090000,58.89000
1997-12-10,58.27500,58.42200,58.27500,58.42200
1997-12-11,56.070000,58.87000,56.070000,58.87000
1997-12-12,56,58,56,58
1997-12-15,56.080002,58.88000,56.080002,58.88000
1997-12-16,56.090000,58.89000,56.090000,58.89000
1997-12-17,57.96300,57.97000,57.96300,57.97000
1997-12-18,58.063000,58.070000,58.063000,58.070000
1997-12-19,57.95300,57.96000,57.95300,57.96000
1997-12-22,58.20200,58.21000,58.20200,58.21000
1997-12-23,58.092999,58.099998,58.092999,58.099998
1997-12-24,58.053001,58.060001,58.053001,58.060001
1997-12-25,58.033001,58.040001,58.033001,58.040001
1997-12-26,58.022999,58.029999,58.022999,58.029999
1997-12-29,56.080002,58.88000,56.080002,58.88000
1997-12-30,58.44100,58.44900,58.44100,58.44900
1997-12-31,58.51600,58.52400,58.51600,58.52400
1998-01-02,58.62600,58.63300,58.62600,58.63300
1998-01-05,58.88000,58.88700,58.88000,58.88700
1998-01-06,59.014000,59.021999,59.014000,59.021999
1998-01-07,59.089001,59.16900,59.089001,59.16900
1998-01-08,57,59,57,59
1998-01-09,56.090000,58.89000,56.090000,58.89000
1998-01-12,56,58.5,56,58.5
1998-01-13,58.90500,58.91200,58.90500,58.91200
1998-01-14,57,59,57,59
1998-01-15,57,59.5,57,59.5
1998-01-16,56,58.5,56,58.5
1998-01-19,59.42300,59.43100,59.42300,59.43100
1998-01-20,59.36800,59.37600,59.36800,59.37600
1998-01-21,59.28900,59.29600,59.28900,59.29600
1998-01-22,56,58.5,56,58.5
1998-01-23,58.53100,58.53800,58.53100,58.53800
1998-01-26,58.25200,58.25900,58.25200,58.25900
1998-01-27,58.40600,58.41400,58.40600,58.41400
1998-01-28,58.75,58.75800,58.75,58.75800
1998-01-29,58.84500,58.85200,58.84500,58.85200
1998-01-30,57,59.5,57,59.5
1998-02-02,59.17400,59.18100,59.17400,59.18100
1998-02-03,59.074001,59.081001,59.074001,59.081001
1998-02-04,57.055000,59.55500,57.055000,59.55500
1998-02-05,58.46600,58.47400,58.46600,58.47400
1998-02-06,57.15500,59.70500,57.15500,59.70500
1998-02-09,58.95500,58.96200,58.95500,58.96200
1998-02-10,57.15500,59.70500,57.15500,59.70500
1998-02-11,57.31000,57.34000,57.31000,57.34000
1998-02-12,57.67000,57.75500,57.67000,57.75500
1998-02-13,57.81000,57.89500,57.81000,57.89500
1998-02-16,59.078999,59.087002,59.078999,59.087002
1998-02-17,59.10900,59.11700,59.10900,59.11700
1998-02-18,59.063999,59.071999,59.063999,59.071999
1998-02-19,59.11900,59.12700,59.11900,59.12700
1998-02-20,59.039001,59.047001,59.039001,59.047001
1998-02-23,58.81000,58.81800,58.81000,58.81800
1998-02-24,58.71100,58.71800,58.71100,58.71800
1998-02-25,58.86500,58.87300,58.86500,58.87300
1998-02-26,58.89500,58.90200,58.89500,58.90200
1998-02-27,58.86000,58.86700,58.86000,58.86700
1998-03-02,58.85000,58.85800,58.85000,58.85800
1998-03-03,58.84000,58.84700,58.84000,58.84700
1998-03-04,59.0099983,59.016998,59.0099983,59.016998
1998-03-05,58.90000,58.90700,58.90000,58.90700
1998-03-06,59.25900,59.26600,59.25900,59.26600
1998-03-09,59.15900,59.16600,59.15900,59.16600
1998-03-10,57.95000,58.96500,57.95000,58.96500
1998-03-11,57.5,59.5,57.5,59.5
1998-03-12,57.5,60,57.5,60
1998-03-13,57.70000,60.20000,57.70000,60.20000
1998-03-16,59.014000,59.021999,59.014000,59.021999
1998-03-17,58.95000,58.95700,58.95000,58.95700
1998-03-18,59.098999,59.10700,59.098999,59.10700
1998-03-19,57.20000,59.70000,57.20000,59.70000
1998-03-20,57.30000,59.80000,57.30000,59.80000
1998-03-23,57.40000,59.90000,57.40000,59.90000
1998-03-24,59.15900,59.16600,59.15900,59.16600
1998-03-25,59.063999,59.071999,59.063999,59.071999
1998-03-26,59.11900,59.12700,59.11900,59.12700
1998-03-27,57,59.5,57,59.5
1998-03-30,59.45800,59.46500,59.45800,59.46500
1998-03-31,59.52800,59.53500,59.52800,59.53500
1998-04-01,57.80000,60.30000,57.80000,60.30000
1998-04-02,59.57800,59.58500,59.57800,59.58500
1998-04-03,57.5,59.60500,57.5,59.60500
1998-04-06,59.47800,59.48600,59.47800,59.48600
1998-04-07,57.5,60,57.5,60
1998-04-08,59.27400,59.28100,59.27400,59.28100
1998-04-09,57,59.5,57,59.5
1998-04-10,59.039001,59.047001,59.039001,59.047001
1998-04-13,59.16900,59.17600,59.16900,59.17600
1998-04-14,58.69600,58.70300,58.69600,58.70300
1998-04-15,58.59100,58.59800,58.59100,58.59800
1998-04-16,57,59.5,57,59.5
1998-04-17,57,59,57,59
1998-04-20,58.66600,58.67300,58.66600,58.67300
1998-04-21,58.42100,58.42900,58.42100,58.42900
1998-04-22,58.49100,58.49900,58.49100,58.49900
1998-04-23,58.61600,58.62300,58.61600,58.62300
1998-04-24,56.88000,59.48800,56.88000,59.48800
1998-04-27,56.71000,59.31800,56.71000,59.31800
1998-04-28,56.76000,59.31600,56.76000,59.31600
1998-04-29,56.82000,59.37600,56.82000,59.37600
1998-04-30,56.82000,59.37800,56.82000,59.37800
1998-05-01,56.82000,59.37800,56.82000,59.37800
1998-05-04,56.57000,59.12600,56.57000,59.12600
1998-05-05,56.37000,58.92800,56.37000,58.92800
1998-05-06,56.23000,58.78900,56.23000,58.78900
1998-05-07,56.22000,58.77600,56.22000,58.77600
1998-05-08,56.41000,58.96600,56.41000,58.96600
1998-05-11,56.51000,59.066002,56.51000,59.066002
1998-05-12,56.44000,58.99800,56.44000,58.99800
1998-05-13,56.54000,59.098999,56.54000,59.098999
1998-05-14,56.54000,59.096001,56.54000,59.096001
1998-05-15,56.59000,59.14500,56.59000,59.14500
1998-05-18,56.75,59.30500,56.75,59.30500
1998-05-19,56.69000,59.24500,56.69000,59.24500
1998-05-20,56.40000,58.95600,56.40000,58.95600
1998-05-21,56.14000,58.69900,56.14000,58.69900
1998-05-22,56.21000,58.76900,56.21000,58.76900
1998-05-25,56.33000,58.88900,56.33000,58.88900
1998-05-26,56.42000,58.97800,56.42000,58.97800
1998-05-27,56.58000,59.13800,56.58000,59.13800
1998-05-28,56.56000,59.11800,56.56000,59.11800
1998-05-29,56.65000,59.20800,56.65000,59.20800
1998-06-01,56.60000,59.15800,56.60000,59.15800
1998-06-02,56.61000,59.16500,56.61000,59.16500
1998-06-03,56.41000,58.96600,56.41000,58.96600
1998-06-04,56.24000,58.79700,56.24000,58.79700
1998-06-05,56.38000,58.93900,56.38000,58.93900
1998-06-08,56.40000,58.90000,56.40000,58.90000
1998-06-09,56.62000,59.17500,56.62000,59.17500
1998-06-10,56.92000,59.47700,56.92000,59.47700
1998-06-11,56.65000,59.025002,56.65000,59.025002
1998-06-12,56.63000,59.014999,56.63000,59.014999
1998-06-15,56.65000,59.025002,56.65000,59.025002
1998-06-16,56.60000,59,56.60000,59
1998-06-17,56.60000,59,56.60000,59
1998-06-18,56.24000,58.73800,56.24000,58.73800
1998-06-19,56.31000,58.81100,56.31000,58.81100
1998-06-22,58.55100,58.55900,58.55100,58.55900
1998-06-23,56.51000,59.0079994,56.51000,59.0079994
1998-06-24,56.49000,58.98800,56.49000,58.98800
1998-06-25,56.37000,58.87000,56.37000,58.87000
1998-06-26,56.41000,58.90800,56.41000,58.90800
1998-06-29,58.89500,58.90200,58.89500,58.90200
1998-06-30,58.73500,58.74300,58.73500,58.74300
1998-07-01,58.028999,58.53700,58.028999,58.53700
1998-07-02,59.084000,59.091999,59.084000,59.091999
1998-07-03,56.81000,59.31200,56.81000,59.31200
1998-07-06,57.67000,60.17200,57.67000,60.17200
1998-07-07,56.74000,59.24000,56.74000,59.24000
1998-07-08,59.039001,59.047001,59.039001,59.047001
1998-07-09,59.26900,59.27600,59.26900,59.27600
1998-07-10,59.10900,59.11700,59.10900,59.11700
1998-07-13,58.75500,58.76300,58.75500,58.76300
1998-07-14,58.67100,58.67800,58.67100,58.67800
1998-07-15,58.76500,58.77300,58.76500,58.77300
1998-07-16,58.21100,58.37400,58.21100,58.37400
1998-07-17,58.47600,58.48400,58.47600,58.48400
1998-07-20,56.049999,58.54800,56.049999,58.54800
1998-07-21,56.26000,58.75800,56.26000,58.75800
1998-07-22,56.32000,58.82000,56.32000,58.82000
1998-07-23,56.33000,58.82800,56.33000,58.82800
1998-07-24,56.40000,58.90000,56.40000,58.90000
1998-07-27,56.21000,58.71000,56.21000,58.71000
1998-07-28,56.099998,58.59700,56.099998,58.59700
1998-07-29,56.42000,58.92200,56.42000,58.92200
1998-07-30,56.47000,58.96800,56.47000,58.96800
1998-07-31,56.57000,59.068001,56.57000,59.068001
1998-08-03,56.56000,59.058998,56.56000,59.058998
1998-08-04,56.55000,59.048000,56.55000,59.048000
1998-08-05,58.61500,58.62300,58.61500,58.62300
1998-08-06,56.28000,58.77800,56.28000,58.77800
1998-08-07,56.34000,58.84100,56.34000,58.84100
1998-08-10,56.57000,59.070000,56.57000,59.070000
1998-08-11,56.56000,59.058998,56.56000,59.058998
1998-08-12,56.42000,58.91900,56.42000,58.91900
1998-08-13,56.96000,59.46300,56.96000,59.46300
1998-08-14,57.18000,59.67800,57.18000,59.67800
1998-08-17,57.17000,59.67100,57.17000,59.67100
1998-08-18,57.26000,59.76000,57.26000,59.76000
1998-08-19,57.33000,59.82800,57.33000,59.82800
1998-08-20,57.31000,59.81100,57.31000,59.81100
1998-08-21,57.42000,59.91900,57.42000,59.91900
1998-08-24,56.97000,59.18500,56.97000,59.18500
1998-08-25,57.47000,59.97000,57.47000,59.97000
1998-08-26,57.63000,60.13100,57.63000,60.13100
1998-08-27,57.73000,60.22800,57.73000,60.22800
1998-08-28,56.98000,59.19000,56.98000,59.19000
1998-08-31,56.80000,59.29800,56.80000,59.29800
1998-09-01,56.49000,58.99100,56.49000,58.99100
1998-09-02,56.54000,59.039001,56.54000,59.039001
1998-09-03,57.070000,59.23500,57.070000,59.23500
1998-09-04,56.36000,58.85800,56.36000,58.85800
1998-09-07,57.029999,59.21500,57.029999,59.21500
1998-09-08,56.78000,59.040001,56.78000,59.040001
1998-09-09,56.13000,58.63100,56.13000,58.63100
1998-09-10,56.78000,59.040001,56.78000,59.040001
1998-09-11,55.53000,58.029999,55.53000,58.029999
1998-09-14,55.86000,58.36200,55.86000,58.36200
1998-09-15,55.52000,58.020000,55.52000,58.020000
1998-09-16,57.81000,57.81800,57.81000,57.81800
1998-09-17,55.35000,57.84900,55.35000,57.84900
1998-09-18,55.59000,58.089001,55.59000,58.089001
1998-09-21,57.68300,57.69000,57.68300,57.69000
1998-09-22,55.53000,58.032001,55.53000,58.032001
1998-09-23,55.56000,58.062000,55.56000,58.062000
1998-09-24,55.43000,57.93100,55.43000,57.93100
1998-09-25,57.32600,57.33400,57.32600,57.33400
1998-09-28,57.72300,57.73100,57.72300,57.73100
1998-09-29,55.41000,57.90800,55.41000,57.90800
1998-09-30,55.33000,57.83200,55.33000,57.83200
1998-10-01,54.92000,57.41800,54.92000,57.41800
1998-10-02,54.61000,57.11200,54.61000,57.11200
1998-10-05,54.69000,57.18800,54.69000,57.18800
1998-10-06,54.86000,57.36100,54.86000,57.36100
1998-10-07,54.33000,56.83100,54.33000,56.83100
1998-10-08,54.26000,56.76100,54.26000,56.76100
1998-10-09,54.69000,57.18900,54.69000,57.18900
1998-10-12,55.040001,57.54100,55.040001,57.54100
1998-10-13,54.89000,57.39100,54.89000,57.39100
1998-10-14,54.87000,57.36900,54.87000,57.36900
1998-10-15,54.61000,57.11100,54.61000,57.11100
1998-10-16,54.31000,56.81100,54.31000,56.81100
1998-10-19,55.12000,57.61800,55.12000,57.61800
1998-10-20,55.38000,57.88000,55.38000,57.88000
1998-10-21,57.55600,57.56400,57.55600,57.56400
1998-10-22,57.65800,57.66500,57.65800,57.66500
1998-10-23,55.48000,57.98200,55.48000,57.98200
1998-10-26,55.60000,58.10200,55.60000,58.10200
1998-10-27,55.91000,58.40800,55.91000,58.40800
1998-10-28,55.69000,58.19000,55.69000,58.19000
1998-10-29,55.68000,58.17800,55.68000,58.17800
1998-10-30,55.60000,58.014999,55.60000,58.014999
1998-11-02,55.83000,58.32900,55.83000,58.32900
1998-11-03,56.21000,58.71000,56.21000,58.71000
1998-11-04,56.33000,58.83200,56.33000,58.83200
1998-11-05,56.13000,58.62800,56.13000,58.62800
1998-11-06,56.18000,58.68100,56.18000,58.68100
1998-11-09,56.56000,59.058998,56.56000,59.058998
1998-11-10,56.87000,59.36700,56.87000,59.36700
1998-11-11,56.91000,59.40800,56.91000,59.40800
1998-11-12,57.38000,59.22000,57.38000,59.22000
1998-11-13,56.96000,59.46200,56.96000,59.46200
1998-11-16,56.56000,59.058998,56.56000,59.058998
1998-11-17,57.049999,59.055000,57.049999,59.055000
1998-11-18,56.60000,59.10200,56.60000,59.10200
1998-11-19,56.74000,59.23900,56.74000,59.23900
1998-11-20,56.92000,59.41900,56.92000,59.41900
1998-11-23,57.34000,59.84000,57.34000,59.84000
1998-11-24,57.27000,59.77000,57.27000,59.77000
1998-11-25,59.53500,59.54200,59.53500,59.54200
1998-11-26,57.29000,59.79100,57.29000,59.79100
1998-11-27,57.21000,59.71000,57.21000,59.71000
1998-11-30,57.44000,59.93900,57.44000,59.93900
1998-12-01,59.55000,59.55800,59.55000,59.55800
1998-12-02,57.040001,59.53700,57.040001,59.53700
1998-12-03,57.070000,59.56900,57.070000,59.56900
1998-12-04,59.30300,59.31100,59.30300,59.31100
1998-12-07,57.15000,59.64800,57.15000,59.64800
1998-12-08,57.30000,59.79800,57.30000,59.79800
1998-12-09,57.39000,59.89200,57.39000,59.89200
1998-12-10,57.37000,59.87200,57.37000,59.87200
1998-12-11,57.42000,59.91900,57.42000,59.91900
1998-12-14,57.35000,59.84900,57.35000,59.84900
1998-12-15,57.48000,59.98100,57.48000,59.98100
1998-12-16,57.65000,60.15100,57.65000,60.15100
1998-12-17,57.89000,60.38800,57.89000,60.38800
1998-12-18,57.37000,59.21500,57.37000,59.21500
1998-12-21,57.95000,60.45000,57.95000,60.45000
1998-12-22,57.99000,60.49200,57.99000,60.49200
1998-12-23,57.95000,60.45300,57.95000,60.45300
1998-12-24,58.029999,60.53000,58.029999,60.53000
1998-12-25,58.11000,59.58500,58.11000,59.58500
1998-12-28,58.13000,60.63000,58.13000,60.63000
1998-12-29,58.14000,59.60000,58.14000,59.60000
1998-12-30,58.11000,60.61100,58.11000,60.61100
1998-12-31,58.25,60.75100,58.25,60.75100
1999-01-04,58,60.49900,58,60.49900
1999-01-05,58.099998,60.60200,58.099998,60.60200
1999-01-06,58.42000,59.74000,58.42000,59.74000
1999-01-07,58.51000,61.011002,58.51000,61.011002
1999-01-08,58.71000,61.21000,58.71000,61.21000
1999-01-11,59.0099983,61.51000,59.0099983,61.51000
1999-01-12,59.12000,61.61800,59.12000,61.61800
1999-01-13,58.60000,61.10100,58.60000,61.10100
1999-01-14,59.16000,61.66100,59.16000,61.66100
1999-01-15,59.12000,61.62200,59.12000,61.62200
1999-01-18,59.37000,61.86900,59.37000,61.86900
1999-01-19,59.32000,61.82000,59.32000,61.82000
1999-01-20,59.38000,60.72000,59.38000,60.72000
1999-01-21,59.25,61.74800,59.25,61.74800
1999-01-22,59.23000,61.73000,59.23000,61.73000
1999-01-25,59.46000,60.76000,59.46000,60.76000
1999-01-26,59.43000,61.93100,59.43000,61.93100
1999-01-27,59.66000,62.16000,59.66000,62.16000
1999-01-28,59.96000,62.46000,59.96000,62.46000
1999-01-29,59.99000,61.025002,59.99000,61.025002
1999-02-01,60.080002,62.57900,60.080002,62.57900
1999-02-02,60.42000,62.92200,60.42000,62.92200
1999-02-03,60.44000,62.94200,60.44000,62.94200
1999-02-04,60.64000,63.13800,60.64000,63.13800
1999-02-05,60.54000,61.65000,60.54000,61.65000
1999-02-08,63.085999,63.092999,63.085999,63.092999
1999-02-09,63.081001,63.088001,63.081001,63.088001
1999-02-10,63.087002,63.095001,63.087002,63.095001
1999-02-11,63.18100,63.18800,63.18100,63.18800
1999-02-12,63.39500,63.40200,63.39500,63.40200
1999-02-15,63.42200,63.43000,63.42200,63.43000
1999-02-16,63.60900,63.61600,63.60900,63.61600
1999-02-17,63.37300,63.38000,63.37300,63.38000
1999-02-18,61.5,63.080002,61.5,63.080002
1999-02-19,61.55000,63.10500,61.55000,63.10500
1999-02-22,62.090000,64.59000,62.090000,64.59000
1999-02-23,61.70000,63.18000,61.70000,63.18000
1999-02-24,64.52700,64.53400,64.52700,64.53400
1999-02-25,64.37300,64.38000,64.37300,64.38000
1999-02-26,62.070000,64.61800,62.070000,64.61800
1999-03-01,62.40000,64.53000,62.40000,64.53000
1999-03-02,62.74000,65.23900,62.74000,65.23900
1999-03-03,62.78000,65.28100,62.78000,65.28100
1999-03-04,63.060001,65.55900,63.060001,65.55900
1999-03-05,65.46800,65.47500,65.46800,65.47500
1999-03-08,63.27000,65.76900,63.27000,65.76900
1999-03-09,63.11000,65.61200,63.11000,65.61200
1999-03-10,62.76000,65.25900,62.76000,65.25900
1999-03-11,63.13000,65.63300,63.13000,65.63300
1999-03-12,62.86000,64.76000,62.86000,64.76000
1999-03-15,62.89000,64.77500,62.89000,64.77500
1999-03-16,62.87000,65.37000,62.87000,65.37000
1999-03-17,62.67000,65.16900,62.67000,65.16900
1999-03-18,62.62000,65.12300,62.62000,65.12300
1999-03-19,62.79000,65.29000,62.79000,65.29000
1999-03-22,63,65.49800,63,65.49800
1999-03-23,63.020000,65.52200,63.020000,65.52200
1999-03-24,62.79000,65.29000,62.79000,65.29000
1999-03-25,63.0099983,65.50800,63.0099983,65.50800
1999-03-26,65.54600,65.55300,65.54600,65.55300
1999-03-29,66.096001,66.10300,66.096001,66.10300
1999-03-30,63.44000,65.94100,63.44000,65.94100
1999-03-31,65.82600,65.83300,65.82600,65.83300
1999-04-01,63.64000,66.13800,63.64000,66.13800
1999-04-02,63.76000,66.26000,63.76000,66.26000
1999-04-05,63.96000,66.46000,63.96000,66.46000
1999-04-06,63.74000,66.24200,63.74000,66.24200
1999-04-07,65.89800,65.90600,65.89800,65.90600
1999-04-08,63.53000,66.030998,63.53000,66.030998
1999-04-09,65.98700,65.99500,65.98700,65.99500
1999-04-12,63.74000,66.23700,63.74000,66.23700
1999-04-13,63.99000,66.49100,63.99000,66.49100
1999-04-14,63.45000,65.055000,63.45000,65.055000
1999-04-15,63.97000,66.47100,63.97000,66.47100
1999-04-16,63.53000,65.095001,63.53000,65.095001
1999-04-19,64.67000,67.17200,64.67000,67.17200
1999-04-20,64.47000,66.96900,64.47000,66.96900
1999-04-21,64.57000,67.069000,64.57000,67.069000
1999-04-22,64.60000,67.10100,64.60000,67.10100
1999-04-23,64.60000,67.10100,64.60000,67.10100
1999-04-26,63.72000,65.19000,63.72000,65.19000
1999-04-27,64.55000,67.049004,64.55000,67.049004
1999-04-28,64.62000,67.12100,64.62000,67.12100
1999-04-29,64.77000,67.26900,64.77000,67.26900
1999-04-30,64.77000,67.27200,64.77000,67.27200
1999-05-03,64.89000,67.38800,64.89000,67.38800
1999-05-04,67.23900,67.24700,67.23900,67.24700
1999-05-05,64.46000,66.96200,64.46000,66.96200
1999-05-06,64.019997,66.52000,64.019997,66.52000
1999-05-07,64.040001,66.53800,64.040001,66.53800
1999-05-10,64.20000,65.43000,64.20000,65.43000
1999-05-11,64.28000,66.77900,64.28000,66.77900
1999-05-12,64.48000,66.98100,64.48000,66.98100
1999-05-13,67.14400,67.15100,67.14400,67.15100
1999-05-14,64.32000,65.49000,64.32000,65.49000
1999-05-17,64.37000,65.51500,64.37000,65.51500
1999-05-18,64.81000,67.31200,64.81000,67.31200
1999-05-19,64.88000,67.38000,64.88000,67.38000
1999-05-20,64.99000,67.48900,64.99000,67.48900
1999-05-21,64.98000,67.47800,64.98000,67.47800
1999-05-24,65.32000,67.81800,65.32000,67.81800
1999-05-25,67.21100,67.21900,67.21100,67.21900
1999-05-26,65.54000,68.042000,65.54000,68.042000
1999-05-27,65.61000,68.10800,65.61000,68.10800
1999-05-28,65.54000,68.038002,65.54000,68.038002
1999-05-31,65.69000,68.19000,65.69000,68.19000
1999-06-01,65.74000,68.23900,65.74000,68.23900
1999-06-02,65.99000,68.49200,65.99000,68.49200
1999-06-03,66.099998,68.60100,66.099998,68.60100
1999-06-04,65.86000,68.36000,65.86000,68.36000
1999-06-07,65.90000,68.40100,65.90000,68.40100
1999-06-08,65.70000,68.19900,65.70000,68.19900
1999-06-09,65.70000,68.19800,65.70000,68.19800
1999-06-10,67.65000,67.65700,67.65000,67.65700
1999-06-11,65.67000,68.16900,65.67000,68.16900
1999-06-14,65.80000,68.29700,65.80000,68.29700
1999-06-15,65.87000,68.37100,65.87000,68.37100
1999-06-16,66.070000,68.57200,66.070000,68.57200
1999-06-17,66.070000,68.56900,66.070000,68.56900
1999-06-18,66.089996,68.58800,66.089996,68.58800
1999-06-21,66.070000,68.57000,66.070000,68.57000
1999-06-22,66.040001,68.54000,66.040001,68.54000
1999-06-23,66.23000,68.73200,66.23000,68.73200
1999-06-24,66.19000,68.68900,66.19000,68.68900
1999-06-25,65.93000,68.43000,65.93000,68.43000
1999-06-28,66.14000,68.63800,66.14000,68.63800
1999-06-29,66.19000,68.68900,66.19000,68.68900
1999-06-30,66.24000,68.74200,66.24000,68.74200
1999-07-01,66.36000,68.86200,66.36000,68.86200
1999-07-02,66.36000,68.86200,66.36000,68.86200
1999-07-05,66.39000,68.89200,66.39000,68.89200
1999-07-06,66.37000,68.87000,66.37000,68.87000
1999-07-07,68.77300,68.78100,68.77300,68.78100
1999-07-08,66.46000,68.96200,66.46000,68.96200
1999-07-09,66.44000,68.93900,66.44000,68.93900
1999-07-12,66.56000,69.060997,66.56000,69.060997
1999-07-13,66.47000,68.96500,66.47000,68.96500
1999-07-14,66.39000,68.89000,66.39000,68.89000
1999-07-15,66.33000,68.82500,66.33000,68.82500
1999-07-16,66.37000,68.87000,66.37000,68.87000
1999-07-19,66.66000,68.81000,66.66000,68.81000
1999-07-20,65.60000,68.099998,65.60000,68.099998
1999-07-21,67.44000,69.68500,67.44000,69.68500
1999-07-22,65.83000,68.33000,65.83000,68.33000
1999-07-23,65.69000,68.19000,65.69000,68.19000
1999-07-26,64.47000,67.18500,64.47000,67.18500
1999-07-27,64.84000,67.34000,64.84000,67.34000
1999-07-28,64.86000,67.36000,64.86000,67.36000
1999-07-29,66.82400,66.83100,66.82400,66.83100
1999-07-30,64.75,67.25,64.75,67.25
1999-08-02,67.014999,67.022003,67.014999,67.022003
1999-08-03,64.79000,67.29000,64.79000,67.29000
1999-08-04,64.76000,67.26000,64.76000,67.26000
1999-08-05,64.79000,67.29000,64.79000,67.29000
1999-08-06,66.66000,68.66000,66.66000,68.66000
1999-08-09,66.86900,66.87600,66.86900,66.87600
1999-08-10,66.73400,66.74100,66.73400,66.74100
1999-08-11,66.99800,67.0049973,66.99800,67.0049973
1999-08-12,67.054001,67.061996,67.054001,67.061996
1999-08-13,66.97500,66.98300,66.97500,66.98300
1999-08-16,64.54000,67.040001,64.54000,67.040001
1999-08-17,67.59300,67.60100,67.59300,67.60100
1999-08-18,62.73000,65.23000,62.73000,65.23000
1999-08-19,67.10100,67.10900,67.10100,67.10900
1999-08-20,65.68000,68.18000,65.68000,68.18000
1999-08-23,62.67000,65.17000,62.67000,65.17000
1999-08-24,62.79000,65.29000,62.79000,65.29000
1999-08-25,62.97000,65.47000,62.97000,65.47000
1999-08-26,63.68000,66.18000,63.68000,66.18000
1999-08-27,63.65000,66.15000,63.65000,66.15000
1999-08-30,63.98000,66.48000,63.98000,66.48000
1999-08-31,63.81000,66.31000,63.81000,66.31000
1999-09-01,63.44000,65.94000,63.44000,65.94000
1999-09-02,63.31000,65.81000,63.31000,65.81000
1999-09-03,66.90200,66.91000,66.90200,66.91000
1999-09-06,67.30700,67.31400,67.30700,67.31400
1999-09-07,63.66000,66.16000,63.66000,66.16000
1999-09-08,67.24500,67.25300,67.24500,67.25300
1999-09-09,63.70000,66.20000,63.70000,66.20000
1999-09-10,63.73000,66.23000,63.73000,66.23000
1999-09-13,63.92000,66.42000,63.92000,66.42000
1999-09-14,63.87000,66.37000,63.87000,66.37000
1999-09-15,63.91000,66.41000,63.91000,66.41000
1999-09-16,63.67000,66.54500,63.67000,66.54500
1999-09-17,68.014999,68.022003,68.014999,68.022003
1999-09-20,63.93000,66.43000,63.93000,66.43000
1999-09-21,63.93000,66.43000,63.93000,66.43000
1999-09-22,63.67000,66.54500,63.67000,66.54500
1999-09-23,63.69000,66.55500,63.69000,66.55500
1999-09-24,63.78000,66.60000,63.78000,66.60000
1999-09-27,63.85000,66.63500,63.85000,66.63500
1999-09-28,63.84000,66.34000,63.84000,66.34000
1999-09-29,63.71000,66.21000,63.71000,66.21000
1999-09-30,64.29000,66.79000,64.29000,66.79000
1999-10-01,64.17000,66.67000,64.17000,66.67000
1999-10-04,64.11000,66.61000,64.11000,66.61000
1999-10-05,64.089996,66.59000,64.089996,66.59000
1999-10-06,64.15000,66.65000,64.15000,66.65000
1999-10-07,63.94000,66.44000,63.94000,66.44000
1999-10-08,64,66.5,64,66.5
1999-10-11,64.080002,66.58000,64.080002,66.58000
1999-10-12,63.99000,66.49000,63.99000,66.49000
1999-10-13,63.94000,66.44000,63.94000,66.44000
1999-10-14,66.54300,66.55000,66.54300,66.55000
1999-10-15,63.80000,66.30000,63.80000,66.30000
1999-10-18,63.82000,66.32000,63.82000,66.32000
1999-10-19,63.93000,66.43000,63.93000,66.43000
1999-10-20,63.95000,66.45000,63.95000,66.45000
1999-10-21,66.39100,66.39900,66.39100,66.39900
1999-10-22,64,66.5,64,66.5
1999-10-25,64.099998,66.60000,64.099998,66.60000
1999-10-26,64.13000,66.63000,64.13000,66.63000
1999-10-27,67.44700,67.45500,67.44700,67.45500
1999-10-28,67.53200,67.53900,67.53200,67.53900
1999-10-29,67.74500,67.75200,67.74500,67.75200
1999-11-01,67.26200,67.26900,67.26200,67.26900
1999-11-02,64.65000,67.15000,64.65000,67.15000
1999-11-03,64.70000,67.20000,64.70000,67.20000
1999-11-04,67.63800,67.64600,67.63800,67.64600
1999-11-05,64.82000,67.32000,64.82000,67.32000
1999-11-08,64.84000,67.34000,64.84000,67.34000
1999-11-09,67.86300,67.87000,67.86300,67.87000
1999-11-10,67.90100,67.91200,67.90100,67.91200
1999-11-11,65.070000,67.57000,65.070000,67.57000
1999-11-12,65.20000,67.70000,65.20000,67.70000
1999-11-15,65.28000,67.78000,65.28000,67.78000
1999-11-16,65.23000,67.73000,65.23000,67.73000
1999-11-17,65.14000,67.64000,65.14000,67.64000
1999-11-18,65.19000,67.69000,65.19000,67.69000
1999-11-19,65.28000,67.78000,65.28000,67.78000
1999-11-22,65.28000,67.78000,65.28000,67.78000
1999-11-23,65.28000,67.78000,65.28000,67.78000
1999-11-24,65.26000,67.76000,65.26000,67.76000
1999-11-25,65.46000,67.96000,65.46000,67.96000
1999-11-26,65.25,67.75,65.25,67.75
1999-11-29,65.61000,68.11000,65.61000,68.11000
1999-11-30,65.63000,68.13000,65.63000,68.13000
1999-12-01,65.68000,68.18000,65.68000,68.18000
1999-12-02,65.76000,68.26000,65.76000,68.26000
1999-12-03,65.68000,68.18000,65.68000,68.18000
1999-12-06,65.40000,67.90000,65.40000,67.90000
1999-12-07,65.51000,68.010002,65.51000,68.010002
1999-12-08,65.37000,67.87000,65.37000,67.87000
1999-12-09,65.46000,67.96000,65.46000,67.96000
1999-12-10,65.5,68,65.5,68
1999-12-13,65.65000,68.15000,65.65000,68.15000
1999-12-14,65.73000,68.23000,65.73000,68.23000
1999-12-15,65.79000,68.29000,65.79000,68.29000
1999-12-16,65.59000,68.089996,65.59000,68.089996
1999-12-17,65.55000,68.050003,65.55000,68.050003
1999-12-20,64.70000,67.20000,64.70000,67.20000
1999-12-21,69.25100,69.25800,69.25100,69.25800
1999-12-22,69.35700,69.36500,69.35700,69.36500
1999-12-23,69.20600,69.21300,69.20600,69.21300
1999-12-24,69.0090027,69.016998,69.0090027,69.016998
1999-12-27,65.53000,68.029999,65.53000,68.029999
1999-12-28,65.60000,68.099998,65.60000,68.099998
1999-12-29,65.61000,68.11000,65.61000,68.11000
1999-12-30,65.66000,68.16000,65.66000,68.16000
1999-12-31,69.35700,69.36500,69.35700,69.36500
2000-01-03,69.25100,69.25800,69.25100,69.25800
2000-01-04,68.32900,68.33700,68.32900,68.33700
2000-01-05,68.0090027,68.016998,68.0090027,68.016998
2000-01-06,68.065002,68.072998,68.065002,68.072998
2000-01-07,68.34100,68.34800,68.34100,68.34800
2000-01-10,64.75,67.25,64.75,67.25
2000-01-11,64.70000,67.20000,64.70000,67.20000
2000-01-12,68.38000,68.38700,68.38000,68.38700
2000-01-13,68.49800,68.50500,68.49800,68.50500
2000-01-14,68.57600,68.58400,68.57600,68.58400
2000-01-17,68.57600,68.58400,68.57600,68.58400
2000-01-18,68.57600,68.58400,68.57600,68.58400
2000-01-19,64.70000,67.20000,64.70000,67.20000
2000-01-20,64.70000,67.20000,64.70000,67.20000
2000-01-21,65.65000,68.15000,65.65000,68.15000
2000-01-24,65,67.25,65,67.25
2000-01-25,68,69.75,68,69.75
2000-01-26,64.70000,67.20000,64.70000,67.20000
2000-01-27,66.63000,69.13000,66.63000,69.13000
2000-01-28,66.83000,69.33000,66.83000,69.33000
2000-01-31,66.74000,69.24000,66.74000,69.24000
2000-02-01,65.80000,68.30000,65.80000,68.30000
2000-02-02,65.80000,68.30000,65.80000,68.30000
2000-02-03,65.80000,68.30000,65.80000,68.30000
2000-02-04,65.80000,68.30000,65.80000,68.30000
2000-02-07,66.87000,69.37000,66.87000,69.37000
2000-02-08,66.80000,69.30000,66.80000,69.30000
2000-02-09,66.70000,69.20000,66.70000,69.20000
2000-02-10,66.77000,69.27000,66.77000,69.27000
2000-02-11,66.85000,69.35000,66.85000,69.35000
2000-02-14,65.80000,68.30000,65.80000,68.30000
2000-02-15,66.96000,69.46000,66.96000,69.46000
2000-02-16,66.89000,69.39000,66.89000,69.39000
2000-02-17,66.74000,69.24000,66.74000,69.24000
2000-02-18,65.80000,68.30000,65.80000,68.30000
2000-02-21,70.98300,70.99000,70.98300,70.99000
2000-02-22,65.80000,68.30000,65.80000,68.30000
2000-02-23,65.80000,68.30000,65.80000,68.30000
2000-02-24,65.80000,68.30000,65.80000,68.30000
2000-02-25,65.80000,68.30000,65.80000,68.30000
2000-02-28,68.45000,70.95000,68.45000,70.95000
2000-02-29,68.57000,71.070000,68.57000,71.070000
2000-03-01,68.41000,70.91000,68.41000,70.91000
2000-03-02,69.38000,71.88000,69.38000,71.88000
2000-03-03,69.45000,71.95000,69.45000,71.95000
2000-03-06,65.80000,68.30000,65.80000,68.30000
2000-03-07,70.13000,72.63000,70.13000,72.63000
2000-03-08,70.31000,72.81000,70.31000,72.81000
2000-03-09,69.84000,72.34000,69.84000,72.34000
2000-03-10,69.83000,72.33000,69.83000,72.33000
2000-03-13,69.72000,72.22000,69.72000,72.22000
2000-03-14,69.75,72.25,69.75,72.25
2000-03-15,69.62000,72.12000,69.62000,72.12000
2000-03-16,69.62000,72.12000,69.62000,72.12000
2000-03-17,69.69000,72.19000,69.69000,72.19000
2000-03-20,69.73000,72.23000,69.73000,72.23000
2000-03-21,69.70000,72.20000,69.70000,72.20000
2000-03-22,70.23000,72.73000,70.23000,72.73000
2000-03-23,69.92000,72.42000,69.92000,72.42000
2000-03-24,69.72000,72.22000,69.72000,72.22000
2000-03-27,70.010002,72.51000,70.010002,72.51000
2000-03-28,70.20000,72.70000,70.20000,72.70000
2000-03-29,70.67000,73.17000,70.67000,73.17000
2000-03-30,70.67000,73.17000,70.67000,73.17000
2000-03-31,70.95000,73.45000,70.95000,73.45000
2000-04-03,70.78000,73.28000,70.78000,73.28000
2000-04-04,70.76000,73.26000,70.76000,73.26000
2000-04-05,70.45000,72.95000,70.45000,72.95000
2000-04-06,70.70000,73.20000,70.70000,73.20000
2000-04-07,70.90000,73.40000,70.90000,73.40000
2000-04-10,71,73.5,71,73.5
2000-04-11,70.73000,73.23000,70.73000,73.23000
2000-04-12,70.89000,73.39000,70.89000,73.39000
2000-04-13,71.070000,73.57000,71.070000,73.57000
2000-04-14,71.070000,73.57000,71.070000,73.57000
2000-04-17,71.050003,73.55000,71.050003,73.55000
2000-04-18,71.30000,73.80000,71.30000,73.80000
2000-04-19,71.74000,74.24000,71.74000,74.24000
2000-04-20,71.92000,74.42000,71.92000,74.42000
2000-04-21,71.98000,74.48000,71.98000,74.48000
2000-04-24,71.88000,74.38000,71.88000,74.38000
2000-04-25,72.47000,74.97000,72.47000,74.97000
2000-04-26,72.84000,75.34000,72.84000,75.34000
2000-04-27,73.20000,75.70000,73.20000,75.70000
2000-04-28,73.56000,76.059998,73.56000,76.059998
2000-05-01,73.16000,75.66000,73.16000,75.66000
2000-05-02,73.41000,75.91000,73.41000,75.91000
2000-05-03,74.41000,76.91000,74.41000,76.91000
2000-05-04,74.32000,76.82000,74.32000,76.82000
2000-05-05,74.099998,76.60000,74.099998,76.60000
2000-05-08,74.30000,76.80000,74.30000,76.80000
2000-05-09,73.80000,76.30000,73.80000,76.30000
2000-05-10,73.34000,75.84000,73.34000,75.84000
2000-05-11,73.82000,76.32000,73.82000,76.32000
2000-05-12,73.70000,76.20000,73.70000,76.20000
2000-05-15,73.059998,75.56000,73.059998,75.56000
2000-05-16,73.75,76.25,73.75,76.25
2000-05-17,74.089996,76.59000,74.089996,76.59000
2000-05-18,74.089996,76.59000,74.089996,76.59000
2000-05-19,74.089996,76.59000,74.089996,76.59000
2000-05-22,73.71000,76.21000,73.71000,76.21000
2000-05-23,73.5,76,73.5,76
2000-05-24,73.58000,76.080002,73.58000,76.080002
2000-05-25,73.57000,76.070000,73.57000,76.070000
2000-05-26,73.22000,75.72000,73.22000,75.72000
2000-05-29,72.51000,75.010002,72.51000,75.010002
2000-05-30,72.25,74.75,72.25,74.75
2000-05-31,72.40000,74.90000,72.40000,74.90000
2000-06-01,72.33000,74.83000,72.33000,74.83000
2000-06-02,72.11000,74.61000,72.11000,74.61000
2000-06-05,71.83000,74.33000,71.83000,74.33000
2000-06-06,71.12000,73.62000,71.12000,73.62000
2000-06-07,70.96000,73.46000,70.96000,73.46000
2000-06-08,71.23000,73.73000,71.23000,73.73000
2000-06-09,71.14000,73.64000,71.14000,73.64000
2000-06-12,71.24000,73.74000,71.24000,73.74000
2000-06-13,70.86000,73.36000,70.86000,73.36000
2000-06-14,70.91000,73.41000,70.91000,73.41000
2000-06-15,71.25,73.75,71.25,73.75
2000-06-16,71.070000,73.57000,71.070000,73.57000
2000-06-19,70.75,73.25,70.75,73.25
2000-06-20,71.14000,73.64000,71.14000,73.64000
2000-06-21,71.60000,74.099998,71.60000,74.099998
2000-06-22,71.87000,74.37000,71.87000,74.37000
2000-06-23,71.96000,74.46000,71.96000,74.46000
2000-06-26,72.13000,74.63000,72.13000,74.63000
2000-06-27,71.77000,74.27000,71.77000,74.27000
2000-06-28,71.71000,74.21000,71.71000,74.21000
2000-06-29,71.32000,73.82000,71.32000,73.82000
2000-06-30,70.98000,73.48000,70.98000,73.48000
2000-07-03,71.27000,73.77000,71.27000,73.77000
2000-07-04,71.33000,73.83000,71.33000,73.83000
2000-07-05,71.19000,73.69000,71.19000,73.69000
2000-07-06,71.14000,73.64000,71.14000,73.64000
2000-07-07,71.51000,74.010002,71.51000,74.010002
2000-07-10,71.21000,73.71000,71.21000,73.71000
2000-07-11,71.30000,73.80000,71.30000,73.80000
2000-07-12,71.68000,74.18000,71.68000,74.18000
2000-07-13,72.18000,74.68000,72.18000,74.68000
2000-07-14,72.24000,74.74000,72.24000,74.74000
2000-07-17,72.23000,74.73000,72.23000,74.73000
2000-07-18,72.36000,74.86000,72.36000,74.86000
2000-07-19,72.82000,75.32000,72.82000,75.32000
2000-07-20,72.92000,75.42000,72.92000,75.42000
2000-07-21,72.46000,74.96000,72.46000,74.96000
2000-07-24,72.51000,75.010002,72.51000,75.010002
2000-07-25,72.080002,74.58000,72.080002,74.58000
2000-07-26,72.11000,74.61000,72.11000,74.61000
2000-07-27,72.20000,74.70000,72.20000,74.70000
2000-07-28,72.51000,75.010002,72.51000,75.010002
2000-07-31,72.59000,75.089996,72.59000,75.089996
2000-08-01,72.82000,75.32000,72.82000,75.32000
2000-08-02,73.54000,76.040001,73.54000,76.040001
2000-08-03,74.099998,76.60000,74.099998,76.60000
2000-08-04,74.059998,76.56000,74.059998,76.56000
2000-08-07,73.80000,76.30000,73.80000,76.30000
2000-08-08,74.23000,76.73000,74.23000,76.73000
2000-08-09,74.38000,76.88000,74.38000,76.88000
2000-08-10,73.75,76.25,73.75,76.25
2000-08-11,73.25,75.75,73.25,75.75
2000-08-14,74.050003,76.55000,74.050003,76.55000
2000-08-15,73.28000,75.78000,73.28000,75.78000
2000-08-16,73.34000,75.84000,73.34000,75.84000
2000-08-17,73.51000,76.010002,73.51000,76.010002
2000-08-18,73.27000,75.77000,73.27000,75.77000
2000-08-21,73.57000,76.070000,73.57000,76.070000
2000-08-22,74.089996,76.59000,74.089996,76.59000
2000-08-23,74.32000,76.82000,74.32000,76.82000
2000-08-24,73.82000,76.32000,73.82000,76.32000
2000-08-25,74.13000,76.63000,74.13000,76.63000
2000-08-28,74.27000,76.77000,74.27000,76.77000
2000-08-29,74.26000,76.76000,74.26000,76.76000
2000-08-30,74.98000,77.48000,74.98000,77.48000
2000-08-31,74.73000,77.23000,74.73000,77.23000
2000-09-01,74.84000,77.34000,74.84000,77.34000
2000-09-04,74.010002,76.51000,74.010002,76.51000
2000-09-05,75.050003,77.55000,75.050003,77.55000
2000-09-06,75.24000,77.74000,75.24000,77.74000
2000-09-07,76.12000,78.62000,76.12000,78.62000
2000-09-08,75.82000,78.32000,75.82000,78.32000
2000-09-11,76.53000,79.029999,76.53000,79.029999
2000-09-12,76.58000,79.080002,76.58000,79.080002
2000-09-13,76.31000,78.81000,76.31000,78.81000
2000-09-14,76.44000,78.94000,76.44000,78.94000
2000-09-15,76.47000,78.97000,76.47000,78.97000
2000-09-18,76.47000,78.97000,76.47000,78.97000
2000-09-19,77.099998,79.60000,77.099998,79.60000
2000-09-20,77.42000,79.92000,77.42000,79.92000
2000-09-21,77.099998,79.60000,77.099998,79.60000
2000-09-22,74.61000,77.11000,74.61000,77.11000
2000-09-25,75.92000,78.42000,75.92000,78.42000
2000-09-26,75.51000,78.010002,75.51000,78.010002
2000-09-27,75.11000,77.61000,75.11000,77.61000
2000-09-28,75.13000,77.63000,75.13000,77.63000
2000-09-29,75.42000,77.92000,75.42000,77.92000
2000-10-02,75.12000,77.62000,75.12000,77.62000
2000-10-03,75.61000,78.11000,75.61000,78.11000
2000-10-04,75.75,78.25,75.75,78.25
2000-10-05,75.78000,78.28000,75.78000,78.28000
2000-10-06,75.90000,78.40000,75.90000,78.40000
2000-10-09,76.14000,78.64000,76.14000,78.64000
2000-10-10,76.14000,78.64000,76.14000,78.64000
2000-10-11,75.74000,78.24000,75.74000,78.24000
2000-10-12,76.52000,79.019997,76.52000,79.019997
2000-10-13,76.39000,78.89000,76.39000,78.89000
2000-10-16,77.059998,79.56000,77.059998,79.56000
2000-10-17,77.010002,79.51000,77.010002,79.51000
2000-10-18,76.75,79.25,76.75,79.25
2000-10-19,77.77000,80.27000,77.77000,80.27000
2000-10-20,77.55000,80.050003,77.55000,80.050003
2000-10-23,76.28000,78.78000,76.28000,78.78000
2000-10-24,76.019997,78.52000,76.019997,78.52000
2000-10-25,76.81000,79.31000,76.81000,79.31000
2000-10-26,76.93000,79.43000,76.93000,79.43000
2000-10-27,76.64000,79.14000,76.64000,79.14000
2000-10-30,75.78000,78.28000,75.78000,78.28000
2000-10-31,75.64000,78.14000,75.64000,78.14000
2000-11-01,75.28000,77.78000,75.28000,77.78000
2000-11-02,74.96000,77.46000,74.96000,77.46000
2000-11-03,74.12000,76.62000,74.12000,76.62000
2000-11-06,78.70300,78.71100,78.70300,78.71100
2000-11-07,79.084999,79.093002,79.084999,79.093002
2000-11-08,74.89000,77.39000,74.89000,77.39000
2000-11-09,75.059998,77.56000,75.059998,77.56000
2000-11-10,74.25,76.75,74.25,76.75
2000-11-13,74.61000,77.11000,74.61000,77.11000
2000-11-14,74.98000,77.48000,74.98000,77.48000
2000-11-15,74.76000,77.26000,74.76000,77.26000
2000-11-16,74.99000,77.49000,74.99000,77.49000
2000-11-17,75.15000,77.65000,75.15000,77.65000
2000-11-20,75.52000,78.019997,75.52000,78.019997
2000-11-21,75.54000,78.040001,75.54000,78.040001
2000-11-22,75.68000,78.18000,75.68000,78.18000
2000-11-23,80.24300,80.25,80.24300,80.25
2000-11-24,80.41600,80.42400,80.41600,80.42400
2000-11-27,75.61000,78.11000,75.61000,78.11000
2000-11-28,75.010002,77.51000,75.010002,77.51000
2000-11-29,74.58000,77.080002,74.58000,77.080002
2000-11-30,74.12000,76.62000,74.12000,76.62000
2000-12-01,73.84000,76.34000,73.84000,76.34000
2000-12-04,72.88000,75.38000,72.88000,75.38000
2000-12-05,73.45000,75.95000,73.45000,75.95000
2000-12-06,73.39000,75.89000,73.39000,75.89000
2000-12-07,72.72000,75.22000,72.72000,75.22000
2000-12-08,73.099998,75.60000,73.099998,75.60000
2000-12-11,77.94500,77.95300,77.94500,77.95300
2000-12-12,73.65000,76.15000,73.65000,76.15000
2000-12-13,73.69000,76.19000,73.69000,76.19000
2000-12-14,73.34000,75.84000,73.34000,75.84000
2000-12-15,72.48000,74.98000,72.48000,74.98000
2000-12-18,72.58000,75.080002,72.58000,75.080002
2000-12-19,72.95000,75.45000,72.95000,75.45000
2000-12-20,72.55000,75.050003,72.55000,75.050003
2000-12-21,71.5,74,71.5,74
2000-12-22,71.18000,73.68000,71.18000,73.68000
2000-12-25,70.91000,73.41000,70.91000,73.41000
2000-12-26,70.92000,73.42000,70.92000,73.42000
2000-12-27,70.92000,73.42000,70.92000,73.42000
2000-12-28,70.92000,73.42000,70.92000,73.42000
2000-12-29,70.92000,73.42000,70.92000,73.42000
2001-01-02,69.95000,72.45000,69.95000,72.45000
2001-01-03,69.73000,72.23000,69.73000,72.23000
2001-01-04,69.61000,72.11000,69.61000,72.11000
2001-01-05,69.47000,71.97000,69.47000,71.97000
2001-01-08,69.30000,71.80000,69.30000,71.80000
2001-01-09,69.40000,71.90000,69.40000,71.90000
2001-01-10,69.40000,71.90000,69.40000,71.90000
2001-01-11,69.40000,71.90000,69.40000,71.90000
2001-01-12,69.53000,72.029999,69.53000,72.029999
2001-01-15,69.98000,72.48000,69.98000,72.48000
2001-01-16,70.30000,72.80000,70.30000,72.80000
2001-01-17,70.41000,72.91000,70.41000,72.91000
2001-01-18,70.41000,72.91000,70.41000,72.91000
2001-01-19,69.94000,72.44000,69.94000,72.44000
2001-01-22,70.81000,73.31000,70.81000,73.31000
2001-01-23,71.91000,74.41000,71.91000,74.41000
2001-01-24,72.78000,75.28000,72.78000,75.28000
2001-01-25,73.070000,75.57000,73.070000,75.57000
2001-01-26,72.58000,75.080002,72.58000,75.080002
2001-01-29,72.98000,75.48000,72.98000,75.48000
2001-01-30,73.13000,75.63000,73.13000,75.63000
2001-01-31,72.57000,75.070000,72.57000,75.070000
2001-02-01,71.86000,74.36000,71.86000,74.36000
2001-02-02,70.34000,72.84000,70.34000,72.84000
2001-02-05,72.010002,74.51000,72.010002,74.51000
2001-02-06,72.37000,74.87000,72.37000,74.87000
2001-02-07,72.36000,74.86000,72.36000,74.86000
2001-02-08,71.61000,74.11000,71.61000,74.11000
2001-02-09,72.91000,75.41000,72.91000,75.41000
2001-02-12,72.59000,75.089996,72.59000,75.089996
2001-02-13,72.87000,75.37000,72.87000,75.37000
2001-02-14,73.080002,75.58000,73.080002,75.58000
2001-02-15,73.080002,75.58000,73.080002,75.58000
2001-02-16,71.43000,73.93000,71.43000,73.93000
2001-02-19,76.23800,76.24500,76.23800,76.24500
2001-02-20,71.72000,74.22000,71.72000,74.22000
2001-02-21,71.75,74.25,71.75,74.25
2001-02-22,73.87000,76.37000,73.87000,76.37000
2001-02-23,73.87000,76.37000,73.87000,76.37000
2001-02-26,73.69000,76.19000,73.69000,76.19000
2001-02-27,73.16000,75.66000,73.16000,75.66000
2001-02-28,71.33000,73.83000,71.33000,73.83000
2001-03-01,70.86000,73.36000,70.86000,73.36000
2001-03-02,70.89000,73.39000,70.89000,73.39000
2001-03-05,70.82000,73.32000,70.82000,73.32000
2001-03-06,72.71000,75.21000,72.71000,75.21000
2001-03-07,70.82000,73.32000,70.82000,73.32000
2001-03-08,70.86000,73.36000,70.86000,73.36000
2001-03-09,72.27000,74.77000,72.27000,74.77000
2001-03-12,72.58000,75.080002,72.58000,75.080002
2001-03-13,71.37000,73.87000,71.37000,73.87000
2001-03-14,70.93000,73.43000,70.93000,73.43000
2001-03-15,70.93000,73.43000,70.93000,73.43000
2001-03-16,74.56000,77.059998,74.56000,77.059998
2001-03-19,72.63000,75.13000,72.63000,75.13000
2001-03-20,72.33000,74.83000,72.33000,74.83000
2001-03-21,72.66000,75.16000,72.66000,75.16000
2001-03-22,74.82000,77.32000,74.82000,77.32000
2001-03-23,72.98000,75.48000,72.98000,75.48000
2001-03-26,72.95000,75.45000,72.95000,75.45000
2001-03-27,72.63000,75.13000,72.63000,75.13000
2001-03-28,74.56000,77.059998,74.56000,77.059998
2001-03-29,74.93000,77.43000,74.93000,77.43000
2001-03-30,75.27000,77.77000,75.27000,77.77000
2001-04-02,73.5,76,73.5,76
2001-04-03,75.010002,77.51000,75.010002,77.51000
2001-04-04,72.76000,75.26000,72.76000,75.26000
2001-04-05,74.40000,76.90000,74.40000,76.90000
2001-04-06,77.29700,77.30400,77.29700,77.30400
2001-04-09,74.099998,76.60000,74.099998,76.60000
2001-04-10,73,75.5,73,75.5
2001-04-11,75.19000,77.69000,75.19000,77.69000
2001-04-12,74.93000,77.43000,74.93000,77.43000
2001-04-13,77.47100,77.47800,77.47100,77.47800
2001-04-16,73.31000,75.81000,73.31000,75.81000
2001-04-17,73.59000,76.089996,73.59000,76.089996
2001-04-18,74,76.5,74,76.5
2001-04-19,73.5,76,73.5,76
2001-04-20,74.16000,76.66000,74.16000,76.66000
2001-04-23,72.66000,75.16000,72.66000,75.16000
2001-04-24,72.69000,75.19000,72.69000,75.19000
2001-04-25,72.56000,75.059998,72.56000,75.059998
2001-04-26,74.30000,76.80000,74.30000,76.80000
2001-04-27,72.40000,74.90000,72.40000,74.90000
2001-04-30,73.13000,75.63000,73.13000,75.63000
2001-05-01,73.33000,75.83000,73.33000,75.83000
2001-05-02,74.71000,77.21000,74.71000,77.21000
2001-05-03,74.57000,77.070000,74.57000,77.070000
2001-05-04,72.99000,75.49000,72.99000,75.49000
2001-05-07,72.96000,75.46000,72.96000,75.46000
2001-05-08,73.29000,75.79000,73.29000,75.79000
2001-05-09,73.36000,75.86000,73.36000,75.86000
2001-05-10,73.52000,76.019997,73.52000,76.019997
2001-05-11,75.35000,77.85000,75.35000,77.85000
2001-05-14,75.67000,78.17000,75.67000,78.17000
2001-05-15,78.21700,78.22500,78.21700,78.22500
2001-05-16,77.87600,77.88300,77.87600,77.88300
2001-05-17,77.97400,77.98200,77.97400,77.98200
2001-05-18,75.24600,77.74600,75.24600,77.74600
2001-05-21,75.32700,77.82700,75.32700,77.82700
2001-05-22,75.81900,78.31900,75.81900,78.31900
2001-05-23,76.36300,78.86300,76.36300,78.86300
2001-05-24,76.34600,78.84600,76.34600,78.84600
2001-05-25,76.58900,79.088997,76.58900,79.088997
2001-05-28,76.31100,78.81100,76.31100,78.81100
2001-05-29,76.71900,79.21900,76.71900,79.21900
2001-05-30,76.60400,79.10400,76.60400,79.10400
2001-05-31,77.084000,79.58400,77.084000,79.58400
2001-06-01,80.092003,80.099998,80.092003,80.099998
2001-06-04,76.78900,79.28900,76.78900,79.28900
2001-06-05,80.098000,80.10500,80.098000,80.10500
2001-06-06,79.75700,79.76400,79.75700,79.76400
2001-06-07,77.15300,79.65300,77.15300,79.65300
2001-06-08,77.031998,79.53200,77.031998,79.53200
2001-06-11,77.39100,79.89100,77.39100,79.89100
2001-06-12,77.096001,79.59600,77.096001,79.59600
2001-06-13,79.79700,79.80400,79.79700,79.80400
2001-06-14,76.84100,79.34100,76.84100,79.34100
2001-06-15,75.94400,78.44400,75.94400,78.44400
2001-06-18,76.37800,78.87800,76.37800,78.87800
2001-06-19,76.52800,79.028000,76.52800,79.028000
2001-06-20,76.87000,79.37000,76.87000,79.37000
2001-06-21,76.78900,79.28900,76.78900,79.28900
2001-06-22,76.82900,79.32900,76.82900,79.32900
2001-06-25,76.26800,78.76800,76.26800,78.76800
2001-06-26,76.33800,78.83800,76.33800,78.83800
2001-06-27,76.34400,78.34400,76.34400,78.34400
2001-06-28,76.62100,78.62200,76.62100,78.62200
2001-06-29,77.26900,79.27000,77.26900,79.27000
2001-07-02,77.44900,79.44900,77.44900,79.44900
2001-07-03,77.37900,79.38000,77.37900,79.38000
2001-07-04,77.44900,79.44900,77.44900,79.44900
2001-07-05,77.70400,79.70400,77.70400,79.70400
2001-07-06,77.90000,79.90100,77.90000,79.90100
2001-07-09,77.35500,79.85500,77.35500,79.85500
2001-07-10,76.83400,79.33400,76.83400,79.33400
2001-07-11,76.64300,79.14300,76.64300,79.14300
2001-07-12,76.86800,79.36800,76.86800,79.36800
2001-07-13,76.81900,79.31900,76.81900,79.31900
2001-07-16,76.80200,79.30200,76.80200,79.30200
2001-07-17,76.89100,79.39100,76.89100,79.39100
2001-07-18,75.96000,78.46000,75.96000,78.46000
2001-07-19,75.79800,78.29800,75.79800,78.29800
2001-07-20,75.60300,77.60300,75.60300,77.60300
2001-07-23,75.50300,78.0029984,75.50300,78.0029984
2001-07-24,75.76900,78.26900,75.76900,78.26900
2001-07-25,75.53800,78.038002,75.53800,78.038002
2001-07-26,75.29400,77.79400,75.29400,77.79400
2001-07-27,78.31600,78.32300,78.31600,78.32300
2001-07-30,75.64700,78.14700,75.64700,78.14700
2001-07-31,75.62600,77.62600,75.62600,77.62600
2001-08-01,75.26700,77.26700,75.26700,77.26700
2001-08-02,75.13300,77.63300,75.13300,77.63300
2001-08-03,75.26700,77.26700,75.26700,77.26700
2001-08-06,75.34800,77.34800,75.34800,77.34800
2001-08-07,75.58000,77.58000,75.58000,77.58000
2001-08-08,75.55100,77.55100,75.55100,77.55100
2001-08-09,74.94900,76.94900,74.94900,76.94900
2001-08-10,74.56700,76.56700,74.56700,76.56700
2001-08-13,74.16000,76.66000,74.16000,76.66000
2001-08-14,74.32200,76.82200,74.32200,76.82200
2001-08-15,73.85900,76.35900,73.85900,76.35900
2001-08-16,73.85900,76.35900,73.85900,76.35900
2001-08-17,73.33200,75.83200,73.33200,75.83200
2001-08-20,73.27500,75.77500,73.27500,75.77500
2001-08-21,73.43900,75.43900,73.43900,75.43900
2001-08-22,72.96400,74.96400,72.96400,74.96400
2001-08-23,73.46600,75.96600,73.46600,75.96600
2001-08-24,73.42500,75.92500,73.42500,75.92500
2001-08-27,73.71000,75.71100,73.71000,75.71100
2001-08-28,73.86500,76.36500,73.86500,76.36500
2001-08-29,74.98100,77.48100,74.98100,77.48100
2001-08-30,75.068001,77.56800,75.068001,77.56800
2001-08-31,73.34000,75.34000,73.34000,75.34000
2001-09-03,73.77400,75.77400,73.77400,75.77400
2001-09-04,74.40500,76.40500,74.40500,76.40500
2001-09-05,75.036003,77.036003,75.036003,77.036003
2001-09-06,74.85600,76.85700,74.85600,76.85700
2001-09-07,75.73700,78.23700,75.73700,78.23700
2001-09-10,74.22500,76.22600,74.22500,76.22600
2001-09-11,75.66800,78.16800,75.66800,78.16800
2001-09-12,73.92400,75.92400,73.92400,75.92400
2001-09-13,73.87900,75.87900,73.87900,75.87900
2001-09-14,73.24200,75.24200,73.24200,75.24200
2001-09-17,73.24200,75.24200,73.24200,75.24200
2001-09-18,73.097000,75.097000,73.097000,75.097000
2001-09-19,72.83100,74.83100,72.83100,74.83100
2001-09-20,72.81400,74.81400,72.81400,74.81400
2001-09-21,73.11400,75.11500,73.11400,75.11500
2001-09-24,73.46800,75.46800,73.46800,75.46800
2001-09-25,73.13800,75.13800,73.13800,75.13800
2001-09-26,73.17200,75.17300,73.17200,75.17300
2001-09-27,73.36900,75.36900,73.36900,75.36900
2001-09-28,73.35200,75.35200,73.35200,75.35200
2001-10-01,73.43300,75.43300,73.43300,75.43300
2001-10-02,73.48500,75.48500,73.48500,75.48500
2001-10-03,73.48500,75.48500,73.48500,75.48500
2001-10-04,73.48500,75.48500,73.48500,75.48500
2001-10-05,73.48500,75.48500,73.48500,75.48500
2001-10-08,73.10900,75.10900,73.10900,75.10900
2001-10-09,73.25300,75.25300,73.25300,75.25300
2001-10-10,73.25300,75.25400,73.25300,75.25400
2001-10-11,73.66100,76.16100,73.66100,76.16100
2001-10-12,73.66100,76.16100,73.66100,76.16100
2001-10-15,74.018997,76.51900,74.018997,76.51900
2001-10-16,74.33200,76.83200,74.33200,76.83200
2001-10-17,74.40700,76.90700,74.40700,76.90700
2001-10-18,74.50500,77.0049973,74.50500,77.0049973
2001-10-19,74.65600,77.15600,74.65600,77.15600
2001-10-22,75.13000,77.63000,75.13000,77.63000
2001-10-23,74.79900,76.79900,74.79900,76.79900
2001-10-24,75.13000,77.63000,75.13000,77.63000
2001-10-25,74.82400,77.32400,74.82400,77.32400
2001-10-26,75.055000,77.55500,75.055000,77.55500
2001-10-29,74.57500,77.074997,74.57500,77.074997
2001-10-30,74.40100,76.90100,74.40100,76.90100
2001-10-31,74.32600,76.82600,74.32600,76.82600
2001-11-01,74.32600,76.82600,74.32600,76.82600
2001-11-02,74.32600,76.82600,74.32600,76.82600
2001-11-05,74.32600,76.82600,74.32600,76.82600
2001-11-06,74.32600,76.82600,74.32600,76.82600
2001-11-07,74.32600,76.82600,74.32600,76.82600
2001-11-08,74.32600,76.82600,74.32600,76.82600
2001-11-09,74.32600,76.82600,74.32600,76.82600
2001-11-12,75.072998,77.57300,75.072998,77.57300
2001-11-13,75.73200,78.23200,75.73200,78.23200
2001-11-14,75.32500,77.32500,75.32500,77.32500
2001-11-15,75.63400,78.13400,75.63400,78.13400
2001-11-16,75.50700,78.0070038,75.50700,78.0070038
2001-11-19,75.50700,78.0070038,75.50700,78.0070038
2001-11-20,75.59400,78.094002,75.59400,78.094002
2001-11-21,75.70300,78.20300,75.70300,78.20300
2001-11-22,75.29600,77.29600,75.29600,77.29600
2001-11-23,75.70300,78.20300,75.70300,78.20300
2001-11-26,75.66900,78.16900,75.66900,78.16900
2001-11-27,75.26100,77.26200,75.26100,77.26200
2001-11-28,75.26200,77.26200,75.26200,77.26200
2001-11-29,74.85600,76.85700,74.85600,76.85700
2001-11-30,74.93200,76.93200,74.93200,76.93200
2001-12-03,74.52100,76.52100,74.52100,76.52100
2001-12-04,74.52100,76.52100,74.52100,76.52100
2001-12-05,74.52100,76.52100,74.52100,76.52100
2001-12-06,74.92800,77.42800,74.92800,77.42800
2001-12-07,75.0029984,77.50300,75.0029984,77.50300
2001-12-10,75.0029984,77.50300,75.0029984,77.50300
2001-12-11,74.72900,76.73000,74.72900,76.73000
2001-12-12,75.13600,77.63600,75.13600,77.63600
2001-12-13,74.72900,76.72900,74.72900,76.72900
2001-12-14,74.72900,76.72900,74.72900,76.72900
2001-12-17,74.93600,77.43600,74.93600,77.43600
2001-12-18,77.0019989,77.0090027,77.0019989,77.0090027
2001-12-19,74.30700,76.30700,74.30700,76.30700
2001-12-20,74.38800,76.38800,74.38800,76.38800
2001-12-21,74.46300,76.46300,74.46300,76.46300
2001-12-24,75.34200,77.34300,75.34200,77.34300
2001-12-25,75.40000,77.40100,75.40000,77.40100
2001-12-26,75.52800,77.52800,75.52800,77.52800
2001-12-27,75.19800,77.19800,75.19800,77.19800
2001-12-28,75.20900,77.21000,75.20900,77.21000
2001-12-31,74.86200,76.86200,74.86200,76.86200
2002-01-02,73.95400,75.95400,73.95400,75.95400
2002-01-03,74.11000,76.11000,74.11000,76.11000
2002-01-04,74.35300,76.35300,74.35300,76.35300
2002-01-07,74.68300,76.68300,74.68300,76.68300
2002-01-08,74.69400,76.69500,74.69400,76.69500
2002-01-09,74.72900,76.72900,74.72900,76.72900
2002-01-10,74.71200,76.71200,74.71200,76.71200
2002-01-11,75.51100,78.011002,75.51100,78.011002
2002-01-14,74.59600,76.59600,74.59600,76.59600
2002-01-15,74.64800,76.64800,74.64800,76.64800
2002-01-16,75.22700,77.22700,75.22700,77.22700
2002-01-17,75.25,77.25,75.25,77.25
2002-01-18,75.27300,77.27300,75.27300,77.27300
2002-01-21,75.74800,78.24800,75.74800,78.24800
2002-01-22,75.16300,77.16300,75.16300,77.16300
2002-01-23,75.082001,77.082001,75.082001,77.082001
2002-01-24,75.47000,77.47000,75.47000,77.47000
2002-01-25,75.59100,77.59100,75.59100,77.59100
2002-01-28,77.73200,79.32600,77.73200,79.32600
2002-01-29,77.48900,79.078003,77.48900,79.078003
2002-01-30,76.44200,78.44200,76.44200,78.44200
2002-01-31,76.32600,78.32700,76.32600,78.32700
2002-02-01,76.51200,78.51200,76.51200,78.51200
2002-02-04,76.26800,78.26800,76.26800,78.26800
2002-02-05,76.48300,78.85600,76.48300,78.85600
2002-02-06,76.90800,78.88800,76.90800,78.88800
2002-02-07,76.80200,78.77900,76.80200,78.77900
2002-02-08,75.76500,77.76600,75.76500,77.76600
2002-02-11,75.64900,77.65000,75.64900,77.65000
2002-02-12,75.51600,77.51600,75.51600,77.51600
2002-02-13,76.66800,78.64200,76.66800,78.64200
2002-02-14,76.93300,78.51100,76.93300,78.51100
2002-02-15,76.49300,78.99300,76.49300,78.99300
2002-02-18,76.60600,79.10600,76.60600,79.10600
2002-02-19,76.60000,79.099998,76.60000,79.099998
2002-02-20,76.67100,79.17100,76.67100,79.17100
2002-02-21,76.24600,78.24600,76.24600,78.24600
2002-02-22,76.51200,78.51200,76.51200,78.51200
2002-02-25,78.035004,79.63600,78.035004,79.63600
2002-02-26,76.82300,78.82300,76.82300,78.82300
2002-02-27,76.82500,78.82500,76.82500,78.82500
2002-02-28,76.86500,78.86500,76.86500,78.86500
2002-03-01,76.93800,78.93800,76.93800,78.93800
2002-03-04,77.74500,80.24500,77.74500,80.24500
2002-03-05,77.0019989,79.0029984,77.0019989,79.0029984
2002-03-06,76.62800,78.62800,76.62800,78.62800
2002-03-07,76.32900,78.32900,76.32900,78.32900
2002-03-08,76.37000,78.37000,76.37000,78.37000
2002-03-11,76.66300,78.66300,76.66300,78.66300
2002-03-12,78.028000,79.51300,78.028000,79.51300
2002-03-13,76.66900,78.66900,76.66900,78.66900
2002-03-14,76.35400,78.35400,76.35400,78.35400
2002-03-15,76.24200,78.24200,76.24200,78.24200
2002-03-18,76.95400,78.95400,76.95400,78.95400
2002-03-19,78.37100,79.99900,78.37100,79.99900
2002-03-20,78.53700,79.98100,78.53700,79.98100
2002-03-21,77.33900,79.33900,77.33900,79.33900
2002-03-22,78.62200,80.34300,78.62200,80.34300
2002-03-25,78.40200,80.90200,78.40200,80.90200
2002-03-26,77.37800,79.37900,77.37800,79.37900
2002-03-27,77.40100,79.40100,77.40100,79.40100
2002-03-28,77.41300,79.41300,77.41300,79.41300
2002-03-29,77.41300,79.41400,77.41300,79.41400
2002-04-01,79.041000,80.071999,79.041000,80.071999
2002-04-02,77.36600,79.36600,77.36600,79.36600
2002-04-03,77.38000,79.38100,77.38000,79.38100
2002-04-04,77.36900,79.36900,77.36900,79.36900
2002-04-05,79.036003,80.25300,79.036003,80.25300
2002-04-08,77.40700,79.40700,77.40700,79.40700
2002-04-09,79.032997,80.10500,79.032997,80.10500
2002-04-10,79.046997,80.23600,79.046997,80.23600
2002-04-11,77.39500,79.39500,77.39500,79.39500
2002-04-12,78.44600,80.94600,78.44600,80.94600
2002-04-15,77.39500,79.39500,77.39500,79.39500
2002-04-16,77.39500,79.39500,77.39500,79.39500
2002-04-17,77.37400,79.37400,77.37400,79.37400
2002-04-18,79.0059967,80.14000,79.0059967,80.14000
2002-04-19,77.36700,79.36700,77.36700,79.36700
2002-04-22,78.42000,80.92000,78.42000,80.92000
2002-04-23,78.41400,80.91400,78.41400,80.91400
2002-04-24,77.36600,79.36600,77.36600,79.36600
2002-04-25,78.39400,80.89400,78.39400,80.89400
2002-04-26,77.35500,79.35500,77.35500,79.35500
2002-04-29,77.32600,79.32700,77.32600,79.32700
2002-04-30,77.54600,80.045998,77.54600,80.045998
2002-05-01,80.13800,80.14500,80.13800,80.14500
2002-05-02,77.53400,80.033997,77.53400,80.033997
2002-05-03,77.52200,80.022003,77.52200,80.022003
2002-05-06,77.28500,79.28500,77.28500,79.28500
2002-05-07,77.52200,80.022003,77.52200,80.022003
2002-05-08,78.93100,80.26600,78.93100,80.26600
2002-05-09,78.58100,79.95200,78.58100,79.95200
2002-05-10,78.53400,79.92100,78.53400,79.92100
2002-05-13,78.60200,79.97100,78.60200,79.97100
2002-05-14,77.55200,80.052002,77.55200,80.052002
2002-05-15,77.53200,80.031998,77.53200,80.031998
2002-05-16,77.49800,79.99800,77.49800,79.99800
2002-05-17,78.42600,79.22700,78.42600,79.22700
2002-05-20,77.26000,79.26000,77.26000,79.26000
2002-05-21,77.25500,79.25600,77.25500,79.25600
2002-05-22,77.22500,79.22600,77.22500,79.22600
2002-05-23,77.24300,79.24300,77.24300,79.24300
2002-05-24,78.49600,79.80700,78.49600,79.80700
2002-05-27,77.24300,79.24400,77.24300,79.24400
2002-05-28,78.49800,79.91000,78.49800,79.91000
2002-05-29,78.45900,79.83600,78.45900,79.83600
2002-05-30,77.20200,79.20300,77.20200,79.20300
2002-05-31,77.20300,79.20400,77.20300,79.20400
2002-06-03,77.20200,79.20300,77.20200,79.20300
2002-06-04,78.46200,79.95400,78.46200,79.95400
2002-06-05,79.24000,79.79000,79.24000,79.79000
2002-06-06,77.21400,79.21400,77.21400,79.21400
2002-06-07,77.23200,79.23200,77.23200,79.23200
2002-06-10,77.21900,79.22000,77.21900,79.22000
2002-06-11,77.21900,79.22000,77.21900,79.22000
2002-06-12,79.31000,80,79.31000,80
2002-06-13,79.25,79.81500,79.25,79.81500
2002-06-14,79.25,79.92500,79.25,79.92500
2002-06-17,77.20400,79.20400,77.20400,79.20400
2002-06-18,77.20100,79.20100,77.20100,79.20100
2002-06-19,77.20300,79.20300,77.20300,79.20300
2002-06-20,79.050003,79.83000,79.050003,79.83000
2002-06-21,79.029999,79.69000,79.029999,79.69000
2002-06-24,78.97000,79.98500,78.97000,79.98500
2002-06-25,77.48700,79.98700,77.48700,79.98700
2002-06-26,78.92000,79.92000,78.92000,79.92000
2002-06-27,78.97000,79.66000,78.97000,79.66000
2002-06-28,78.94000,79.93000,78.94000,79.93000
2002-07-01,79.050003,79.72500,79.050003,79.72500
2002-07-02,77.42200,79.92200,77.42200,79.92200
2002-07-03,78.99000,79.81000,78.99000,79.81000
2002-07-04,79.040001,79.83000,79.040001,79.83000
2002-07-05,78.99000,79.83000,78.99000,79.83000
2002-07-08,79,79.57500,79,79.57500
2002-07-09,78.36000,79.77000,78.36000,79.77000
2002-07-10,78.36000,79.73000,78.36000,79.73000
2002-07-11,78.43000,79.78000,78.43000,79.78000
2002-07-12,78.41000,79.71500,78.41000,79.71500
2002-07-15,78.30000,79.76500,78.30000,79.76500
2002-07-16,78.34000,79.74000,78.34000,79.74000
2002-07-17,78.37000,79.74000,78.37000,79.74000
2002-07-18,78.37000,79.65000,78.37000,79.65000
2002-07-19,78.27000,79.74500,78.27000,79.74500
2002-07-22,78.35000,79.69500,78.35000,79.69500
2002-07-23,78.37000,79.92000,78.37000,79.92000
2002-07-24,78.34000,79.20000,78.34000,79.20000
2002-07-25,78.30000,79.64500,78.30000,79.64500
2002-07-26,78.36000,79.65000,78.36000,79.65000
2002-07-29,78.32000,80.28000,78.32000,80.28000
2002-07-30,78.34000,79.36500,78.34000,79.36500
2002-07-31,78.050003,79.85500,78.050003,79.85500
2002-08-01,77.98000,79.75,77.98000,79.75
2002-08-02,78,79.82000,78,79.82000
2002-08-05,77.98000,79.93000,77.98000,79.93000
2002-08-06,78.040001,79.79000,78.040001,79.79000
2002-08-07,77.52300,80.023003,77.52300,80.023003
2002-08-08,77.52300,80.023003,77.52300,80.023003
2002-08-09,77.51700,80.016998,77.51700,80.016998
2002-08-12,77.54500,80.044998,77.54500,80.044998
2002-08-13,77.59400,80.094002,77.59400,80.094002
2002-08-14,77.58900,80.088997,77.58900,80.088997
2002-08-15,77.60800,80.10800,77.60800,80.10800
2002-08-16,78.20000,79.68000,78.20000,79.68000
2002-08-19,77.58200,80.082001,77.58200,80.082001
2002-08-20,77.60900,80.10900,77.60900,80.10900
2002-08-21,77.15500,79.15600,77.15500,79.15600
2002-08-22,77.18500,79.18500,77.18500,79.18500
2002-08-23,77.19800,79.19900,77.19800,79.19900
2002-08-26,77.17900,79.18000,77.17900,79.18000
2002-08-27,77.14300,79.14300,77.14300,79.14300
2002-08-28,77.13700,79.13700,77.13700,79.13700
2002-08-29,77.11900,79.11900,77.11900,79.11900
2002-08-30,78.15000,79.85000,78.15000,79.85000
2002-09-02,77.14300,79.14300,77.14300,79.14300
2002-09-03,77.10800,79.10800,77.10800,79.10800
2002-09-04,77.11400,79.11400,77.11400,79.11400
2002-09-05,77.10800,79.10800,77.10800,79.10800
2002-09-06,77.10200,79.10200,77.10200,79.10200
2002-09-09,77.125,79.125,77.125,79.125
2002-09-10,77.14900,79.14900,77.14900,79.14900
2002-09-11,78.22000,79.70000,78.22000,79.70000
2002-09-12,77.071999,79.071999,77.071999,79.071999
2002-09-13,77.13800,79.13800,77.13800,79.13800
2002-09-16,78.21000,79.83000,78.21000,79.83000
2002-09-17,77.48100,79.98100,77.48100,79.98100
2002-09-18,77.13800,79.13800,77.13800,79.13800
2002-09-19,77.10800,79.10800,77.10800,79.10800
2002-09-20,77.11900,79.11900,77.11900,79.11900
2002-09-23,79,80.21000,79,80.21000
2002-09-24,78.51000,79.91500,78.51000,79.91500
2002-09-25,77.13100,79.13100,77.13100,79.13100
2002-09-26,77.13800,79.13800,77.13800,79.13800
2002-09-27,77.125,79.12600,77.125,79.12600
2002-09-30,77.088997,79.089996,77.088997,79.089996
2002-10-01,78.80000,80.010002,78.80000,80.010002
2002-10-02,79.070000,79.875,79.070000,79.875
2002-10-03,77.084000,79.084000,77.084000,79.084000
2002-10-04,77.089996,79.091003,77.089996,79.091003
2002-10-07,78.90000,79.90500,78.90000,79.90500
2002-10-08,77.13100,79.13100,77.13100,79.13100
2002-10-09,77.11300,79.11300,77.11300,79.11300
2002-10-10,77.10700,79.10700,77.10700,79.10700
2002-10-11,77.10800,79.10800,77.10800,79.10800
2002-10-14,77.10100,79.10100,77.10100,79.10100
2002-10-15,77.10100,79.10100,77.10100,79.10100
2002-10-16,77.11300,79.11300,77.11300,79.11300
2002-10-17,77.14300,79.14300,77.14300,79.14300
2002-10-18,77.14300,79.14300,77.14300,79.14300
2002-10-21,77.13700,79.13700,77.13700,79.13700
2002-10-22,78.96000,79.96500,78.96000,79.96500
2002-10-23,77.15000,79.15000,77.15000,79.15000
2002-10-24,78.74000,79.74500,78.74000,79.74500
2002-10-25,77.13800,79.13800,77.13800,79.13800
2002-10-28,77.12600,79.12600,77.12600,79.12600
2002-10-29,78.89000,79.89500,78.89000,79.89500
2002-10-30,77.10200,79.10200,77.10200,79.10200
2002-10-31,78.78000,79.78500,78.78000,79.78500
2002-11-01,77.066002,79.066002,77.066002,79.066002
2002-11-04,77.084000,79.084000,77.084000,79.084000
2002-11-05,77.058998,79.058998,77.058998,79.058998
2002-11-06,78.66000,79.65500,78.66000,79.65500
2002-11-07,78.44000,79.43000,78.44000,79.43000
2002-11-08,77.012001,79.012001,77.012001,79.012001
2002-11-11,77,79,77,79
2002-11-12,77.0059967,79.0059967,77.0059967,79.0059967
2002-11-13,78.79000,79.78500,78.79000,79.78500
2002-11-14,79.11000,80.11000,79.11000,80.11000
2002-11-15,77.029999,79.029999,77.029999,79.029999
2002-11-18,78.88000,79.875,78.88000,79.875
2002-11-19,77,79.00099945,77,79.00099945
2002-11-20,77.042999,79.042999,77.042999,79.042999
2002-11-21,78.91000,79.91000,78.91000,79.91000
2002-11-22,79.11000,80.11000,79.11000,80.11000
2002-11-25,77.066002,79.066002,77.066002,79.066002
2002-11-26,77.071999,79.071999,77.071999,79.071999
2002-11-27,79.010002,80.010002,79.010002,80.010002
2002-11-28,78.91000,79.91000,78.91000,79.91000
2002-11-29,77.078003,79.078003,77.078003,79.078003
2002-12-02,77.084000,79.084000,77.084000,79.084000
2002-12-03,77.042000,79.042000,77.042000,79.042000
2002-12-04,78.83000,80.029999,78.83000,80.029999
2002-12-05,78.67000,79.87000,78.67000,79.87000
2002-12-06,77.036003,79.036003,77.036003,79.036003
2002-12-09,78.52000,79.72000,78.52000,79.72000
2002-12-10,78.91000,80.11000,78.91000,80.11000
2002-12-11,78.72000,79.91500,78.72000,79.91500
2002-12-12,78.46000,79.65500,78.46000,79.65500
2002-12-13,76.98800,78.98800,76.98800,78.98800
2002-12-16,76.98800,78.98800,76.98800,78.98800
2002-12-17,78.78000,79.98000,78.78000,79.98000
2002-12-18,76.95900,78.95900,76.95900,78.95900
2002-12-19,76.95800,78.95800,76.95800,78.95800
2002-12-20,78.55000,79.74500,78.55000,79.74500
2002-12-23,76.95900,78.95900,76.95900,78.95900
2002-12-24,78.62000,79.81500,78.62000,79.81500
2002-12-25,78.53000,79.72500,78.53000,79.72500
2002-12-26,78.43000,79.625,78.43000,79.625
2002-12-27,78.36000,79.55000,78.36000,79.55000
2002-12-30,78.22000,79.41000,78.22000,79.41000
2002-12-31,76.91100,78.91100,76.91100,78.91100
2003-01-01,76.91200,78.91200,76.91200,78.91200
2003-01-02,76.92300,78.92300,76.92300,78.92300
2003-01-03,76.92900,78.92900,76.92900,78.92900
2003-01-06,78.62000,79.81500,78.62000,79.81500
2003-01-07,78.63000,79.82500,78.63000,79.82500
2003-01-08,78.029999,79.22000,78.029999,79.22000
2003-01-09,78.67000,79.87000,78.67000,79.87000
2003-01-10,76.88000,78.88100,76.88000,78.88100
2003-01-13,76.88000,78.88100,76.88000,78.88100
2003-01-14,76.88600,78.88700,76.88600,78.88700
2003-01-15,78.44000,79.63000,78.44000,79.63000
2003-01-16,78.39000,79.58000,78.39000,79.58000
2003-01-17,76.86200,78.86300,76.86200,78.86300
2003-01-20,76.86900,78.86900,76.86900,78.86900
2003-01-21,76.86900,78.86900,76.86900,78.86900
2003-01-22,78.39000,79.58500,78.39000,79.58500
2003-01-23,78.44000,79.63500,78.44000,79.63500
2003-01-24,78.30000,79.49000,78.30000,79.49000
2003-01-27,76.82200,78.82200,76.82200,78.82200
2003-01-28,76.81500,78.81500,76.81500,78.81500
2003-01-29,78.51000,79.70500,78.51000,79.70500
2003-01-30,78.40000,79.59000,78.40000,79.59000
2003-01-31,78.54000,79.73500,78.54000,79.73500
2003-02-03,76.83400,78.83400,76.83400,78.83400
2003-02-04,76.80000,78.80000,76.80000,78.80000
2003-02-05,78.55000,79.74500,78.55000,79.74500
2003-02-06,78.070000,79.66500,78.070000,79.66500
2003-02-07,78.010002,79.60500,78.010002,79.60500
2003-02-10,78.15000,79.74500,78.15000,79.74500
2003-02-11,78.099998,79.69000,78.099998,79.69000
2003-02-12,78.12000,79.71500,78.12000,79.71500
2003-02-13,78.099998,79.69000,78.099998,79.69000
2003-02-14,78.070000,79.66500,78.070000,79.66500
2003-02-17,78.089996,79.68000,78.089996,79.68000
2003-02-18,78.11000,79.70000,78.11000,79.70000
2003-02-19,78.12000,79.71500,78.12000,79.71500
2003-02-20,78.040001,79.63000,78.040001,79.63000
2003-02-21,78.18000,79.77500,78.18000,79.77500
2003-02-24,78.059998,79.65000,78.059998,79.65000
2003-02-25,78.54000,79.73500,78.54000,79.73500
2003-02-26,78.51000,79.70500,78.51000,79.70500
2003-02-27,78.53000,79.72500,78.53000,79.72500
2003-02-28,78.46000,79.65500,78.46000,79.65500
2003-03-03,78.42000,79.61500,78.42000,79.61500
2003-03-04,78.57000,79.76500,78.57000,79.76500
2003-03-05,78.44000,79.63500,78.44000,79.63500
2003-03-06,78.49000,79.68000,78.49000,79.68000
2003-03-07,78.5,79.69500,78.5,79.69500
2003-03-10,78.48000,79.67500,78.48000,79.67500
2003-03-11,78.48000,79.67000,78.48000,79.67000
2003-03-12,78.5,79.69500,78.5,79.69500
2003-03-13,78.60000,79.79500,78.60000,79.79500
2003-03-14,78.60000,79.79500,78.60000,79.79500
2003-03-17,78.67000,79.87000,78.67000,79.87000
2003-03-18,78.59000,79.78500,78.59000,79.78500
2003-03-19,78.60000,79.79500,78.60000,79.79500
2003-03-20,78.57000,79.77000,78.57000,79.77000
2003-03-21,78.64000,79.83500,78.64000,79.83500
2003-03-24,78.62000,79.81500,78.62000,79.81500
2003-03-25,79.69200,79.70000,79.69200,79.70000
2003-03-26,78.56000,79.75500,78.56000,79.75500
2003-03-27,78.59000,79.78500,78.59000,79.78500
2003-03-28,77.72000,79.71500,77.72000,79.71500
2003-03-31,79.64500,79.65200,79.64500,79.65200
2003-04-01,77.77000,79.76000,77.77000,79.76000
2003-04-02,77.77000,79.76500,77.77000,79.76500
2003-04-03,77.78000,79.77500,77.78000,79.77500
2003-04-04,77.78000,79.77500,77.78000,79.77500
2003-04-07,77.81000,79.80500,77.81000,79.80500
2003-04-08,77.76000,79.75,77.76000,79.75
2003-04-09,77.77000,79.76500,77.77000,79.76500
2003-04-10,77.74000,79.73500,77.74000,79.73500
2003-04-11,77.74000,79.73500,77.74000,79.73500
2003-04-14,77.73000,79.72500,77.73000,79.72500
2003-04-15,77.77000,79.76000,77.77000,79.76000
2003-04-16,77.71000,79.70000,77.71000,79.70000
2003-04-17,77.76000,79.75,77.76000,79.75
2003-04-18,77.75,79.74000,77.75,79.74000
2003-04-21,77.71000,79.70500,77.71000,79.70500
2003-04-22,77.72000,79.71000,77.72000,79.71000
2003-04-23,77.71000,79.70000,77.71000,79.70000
2003-04-24,77.65000,79.64000,77.65000,79.64000
2003-04-25,77.64000,79.63000,77.64000,79.63000
2003-04-28,77.73000,79.72000,77.73000,79.72000
2003-04-29,79.60300,79.61100,79.60300,79.61100
2003-04-30,76.76000,78.76000,76.76000,78.76000
2003-05-01,76.75,78.75,76.75,78.75
2003-05-02,79.52600,79.53300,79.52600,79.53300
2003-05-05,77.61000,79.59500,77.61000,79.59500
2003-05-06,77.5,79.49000,77.5,79.49000
2003-05-07,78.33000,79.52500,78.33000,79.52500
2003-05-08,78.37000,79.56000,78.37000,79.56000
2003-05-09,76.69000,78.69000,76.69000,78.69000
2003-05-12,78.34000,79.53500,78.34000,79.53500
2003-05-13,78.39000,79.58000,78.39000,79.58000
2003-05-14,76.68000,78.68000,76.68000,78.68000
2003-05-15,78.31000,79.50500,78.31000,79.50500
2003-05-16,78.27000,79.46500,78.27000,79.46500
2003-05-19,78.29000,79.48000,78.29000,79.48000
2003-05-20,78.27000,79.46000,78.27000,79.46000
2003-05-21,78.30000,79.49000,78.30000,79.49000
2003-05-22,78.30000,79.49000,78.30000,79.49000
2003-05-23,78.30000,79.49000,78.30000,79.49000
2003-05-26,78.30000,79.49000,78.30000,79.49000
2003-05-27,76.67000,78.67000,76.67000,78.67000
2003-05-28,76.67000,78.67000,76.67000,78.67000
2003-05-29,76.67000,78.67000,76.67000,78.67000
2003-05-30,76.67000,78.67000,76.67000,78.67000
2003-06-02,79.42400,79.43100,79.42400,79.43100
2003-06-03,79.42400,79.43100,79.42400,79.43100
2003-06-04,76.62000,78.625,76.62000,78.625
2003-06-05,79.41800,79.42500,79.41800,79.42500
2003-06-06,76.56000,78.56000,76.56000,78.56000
2003-06-09,76.56000,78.56000,76.56000,78.56000
2003-06-10,76.56000,78.56000,76.56000,78.56000
2003-06-11,76.56000,78.56000,76.56000,78.56000
2003-06-12,76.56000,78.56000,76.56000,78.56000
2003-06-13,76.56000,78.56000,76.56000,78.56000
2003-06-16,76.56000,78.56000,76.56000,78.56000
2003-06-17,76,76,76,76
2003-06-18,76,76,76,76
2003-06-19,76,76,76,76
2003-06-20,76,76,76,76
2003-06-23,76,76,76,76
2003-06-24,79.43000,79.43800,79.43000,79.43800
2003-06-25,78.54000,79.49000,78.54000,79.49000
2003-06-26,78.55000,79.50500,78.55000,79.50500
2003-06-27,77.63000,78.41500,77.63000,78.41500
2003-06-30,78.32800,78.33500,78.32800,78.33500
2003-07-01,75.57000,77.57000,75.57000,77.57000
2003-07-02,76.66000,77.83000,76.66000,77.83000
2003-07-03,76.26000,77.82000,76.26000,77.82000
2003-07-04,77.80900,77.81600,77.80900,77.81600
2003-07-07,76.36000,77.92000,76.36000,77.92000
2003-07-08,77.87400,77.88100,77.87400,77.88100
2003-07-09,76.43000,77.99000,76.43000,77.99000
2003-07-10,76.41000,77.97000,76.41000,77.97000
2003-07-11,76.80000,77.97000,76.80000,77.97000
2003-07-14,77.88100,77.88800,77.88100,77.88800
2003-07-15,75.099998,77.099998,75.099998,77.099998
2003-07-16,77.93200,77.94000,77.93200,77.94000
2003-07-17,76.86000,78.029999,76.86000,78.029999
2003-07-18,76.88000,78.044998,76.88000,78.044998
2003-07-21,76.89000,78.059998,76.89000,78.059998
2003-07-22,76.44000,78,76.44000,78
2003-07-23,76.40000,77.95500,76.40000,77.95500
2003-07-24,76.25,77.80500,76.25,77.80500
2003-07-25,76.28000,77.83500,76.28000,77.83500
2003-07-28,77.74000,77.74800,77.74000,77.74800
2003-07-29,74.88000,76.88000,74.88000,76.88000
2003-07-30,74.92000,76.92000,74.92000,76.92000
2003-07-31,74.97000,76.97000,74.97000,76.97000
2003-08-01,74.99000,76.99000,74.99000,76.99000
2003-08-04,74.95000,76.95000,74.95000,76.95000
2003-08-05,77.73300,77.74000,77.73300,77.74000
2003-08-06,77.73300,77.74000,77.73300,77.74000
2003-08-07,77.72700,77.73400,77.72700,77.73400
2003-08-08,77.72700,77.73400,77.72700,77.73400
2003-08-11,77.75,77.75800,77.75,77.75800
2003-08-12,77.75700,77.76400,77.75700,77.76400
2003-08-13,77.75,77.75800,77.75,77.75800
2003-08-14,77.75600,77.76300,77.75600,77.76300
2003-08-15,77.76100,77.76900,77.76100,77.76900
2003-08-18,76.26000,77.81500,76.26000,77.81500
2003-08-19,77.82000,77.82800,77.82000,77.82800
2003-08-20,77.80800,77.81600,77.80800,77.81600
2003-08-21,77.80800,77.81600,77.80800,77.81600
2003-08-22,77.80800,77.81600,77.80800,77.81600
2003-08-25,77.80800,77.81600,77.80800,77.81600
2003-08-26,77.80800,77.81600,77.80800,77.81600
2003-08-27,77.80800,77.81600,77.80800,77.81600
2003-08-28,77.80800,77.81600,77.80800,77.81600
2003-08-29,77.80800,77.81600,77.80800,77.81600
2003-09-01,77.80800,77.81600,77.80800,77.81600
2003-09-02,76.31000,77.86500,76.31000,77.86500
2003-09-03,76.78000,77.95000,76.78000,77.95000
2003-09-04,76.74000,77.90500,76.74000,77.90500
2003-09-05,76.80000,77.97000,76.80000,77.97000
2003-09-08,76.67000,77.83500,76.67000,77.83500
2003-09-09,76.63000,77.80000,76.63000,77.80000
2003-09-10,76.70000,77.87000,76.70000,77.87000
2003-09-11,76.64000,77.80500,76.64000,77.80500
2003-09-12,76.74000,77.90500,76.74000,77.90500
2003-09-15,76.59000,77.76000,76.59000,77.76000
2003-09-16,76.88000,77.85000,76.88000,77.85000
2003-09-17,76.87000,77.84500,76.87000,77.84500
2003-09-18,76.78000,77.75500,76.78000,77.75500
2003-09-19,76.79000,77.76500,76.79000,77.76500
2003-09-22,74.92100,77.42100,74.92100,77.42100
2003-09-23,76.5,77.46500,76.5,77.46500
2003-09-24,76.48000,77.44500,76.48000,77.44500
2003-09-25,76.48000,77.44500,76.48000,77.44500
2003-09-26,76.51000,77.48000,76.51000,77.48000
2003-09-29,76.54000,77.50500,76.54000,77.50500
2003-09-30,76.089996,77.050003,76.089996,77.050003
2003-10-01,76.16000,77.12000,76.16000,77.12000
2003-10-02,75.93000,76.89000,75.93000,76.89000
2003-10-03,75.97000,76.93500,75.97000,76.93500
2003-10-06,75.90000,76.86000,75.90000,76.86000
2003-10-07,75.72000,76.68000,75.72000,76.68000
2003-10-08,75.46000,76.41500,75.46000,76.41500
2003-10-09,75.54000,76.49500,75.54000,76.49500
2003-10-10,75.51000,76.46500,75.51000,76.46500
2003-10-13,75.46000,76.41500,75.46000,76.41500
2003-10-14,75.49000,76.44500,75.49000,76.44500
2003-10-15,75.49000,76.44500,75.49000,76.44500
2003-10-16,75.49000,76.44500,75.49000,76.44500
2003-10-17,75.49000,76.44500,75.49000,76.44500
2003-10-20,75.55000,76.50500,75.55000,76.50500
2003-10-21,75.55000,76.50500,75.55000,76.50500
2003-10-22,75.55000,76.50500,75.55000,76.50500
2003-10-23,75.55000,76.50500,75.55000,76.50500
2003-10-24,75.55000,76.50500,75.55000,76.50500
2003-10-27,73.57000,76.070000,73.57000,76.070000
2003-10-28,73.63600,76.13600,73.63600,76.13600
2003-10-29,74.48000,75.61000,74.48000,75.61000
2003-10-30,74.26000,75.39000,74.26000,75.39000
2003-10-31,74.67000,75.80500,74.67000,75.80500
2003-11-03,74.12000,75.24500,74.12000,75.24500
2003-11-04,72.39600,74.89600,72.39600,74.89600
2003-11-05,71.51800,74.017998,71.51800,74.017998
2003-11-06,70.82600,73.32600,70.82600,73.32600
2003-11-07,70.82600,73.32600,70.82600,73.32600
2003-11-10,69.44200,71.94200,69.44200,71.94200
2003-11-11,69.44200,71.94200,69.44200,71.94200
2003-11-12,68.95200,71.45200,68.95200,71.45200
2003-11-13,68.099998,70.099998,68.099998,70.099998
2003-11-14,67.62000,69.62000,67.62000,69.62000
2003-11-17,67.78100,70.28100,67.78100,70.28100
2003-11-18,67.78100,70.28100,67.78100,70.28100
2003-11-19,67.074997,69.57500,67.074997,69.57500
2003-11-20,67.070000,69.57000,67.070000,69.57000
2003-11-21,67.080002,69.58000,67.080002,69.58000
2003-11-24,66.79000,68.79000,66.79000,68.79000
2003-11-25,67.18000,69.68000,67.18000,69.68000
2003-11-26,66.87000,68.87000,66.87000,68.87000
2003-11-27,66.66000,68.66000,66.66000,68.66000
2003-11-28,66.94000,69.44000,66.94000,69.44000
2003-12-01,67.68000,70.18000,67.68000,70.18000
2003-12-02,67.72900,70.22900,67.72900,70.22900
2003-12-03,67.56600,70.066002,67.56600,70.066002
2003-12-04,67.54400,70.043999,67.54400,70.043999
2003-12-05,67.57900,70.079002,67.57900,70.079002
2003-12-08,67.24000,69.24000,67.24000,69.24000
2003-12-09,67.53100,70.030998,67.53100,70.030998
2003-12-10,67.50100,70.00099945,67.50100,70.00099945
2003-12-11,67.52800,70.028000,67.52800,70.028000
2003-12-12,67.50300,70.0029984,67.50300,70.0029984
2003-12-15,67.21000,69.21000,67.21000,69.21000
2003-12-16,67.61200,70.11200,67.61200,70.11200
2003-12-17,67.59500,70.095001,67.59500,70.095001
2003-12-18,67.60000,70.099998,67.60000,70.099998
2003-12-19,67.23000,69.23500,67.23000,69.23500
2003-12-22,67.30000,69.30000,67.30000,69.30000
2003-12-23,67.53600,70.036003,67.53600,70.036003
2003-12-24,67.22000,69.22000,67.22000,69.22000
2003-12-25,67.51300,70.013000,67.51300,70.013000
2003-12-26,67.84000,69.84500,67.84000,69.84500
2003-12-29,68.25,70.25,68.25,70.25
2003-12-30,69.62700,72.12700,69.62700,72.12700
2003-12-31,70.035004,72.53500,70.035004,72.53500
2004-01-02,69.45000,71.45000,69.45000,71.45000
2004-01-05,69.49700,71.99700,69.49700,71.99700
2004-01-06,69.10600,71.60600,69.10600,71.60600
2004-01-07,69.12200,71.62200,69.12200,71.62200
2004-01-08,68.80000,70.80000,68.80000,70.80000
2004-01-09,68.79000,70.79000,68.79000,70.79000
2004-01-12,69.056000,71.55600,69.056000,71.55600
2004-01-13,69.071999,71.57200,69.071999,71.57200
2004-01-14,69.11000,71.61000,69.11000,71.61000
2004-01-15,69.12000,71.62000,69.12000,71.62000
2004-01-16,69.14400,71.64400,69.14400,71.64400
2004-01-19,69.088997,71.58900,69.088997,71.58900
2004-01-20,69.040001,71.54000,69.040001,71.54000
2004-01-21,69.017998,71.51800,69.017998,71.51800
2004-01-22,68.99100,71.49100,68.99100,71.49100
2004-01-23,68.68000,70.68000,68.68000,70.68000
2004-01-26,69.028999,71.52900,69.028999,71.52900
2004-01-27,68.73000,70.73000,68.73000,70.73000
2004-01-28,69.017998,71.51800,69.017998,71.51800
2004-01-29,69.056000,71.55600,69.056000,71.55600
2004-01-30,69.077003,71.57700,69.077003,71.57700
2004-02-02,69.060997,71.56100,69.060997,71.56100
2004-02-03,68.73000,70.73000,68.73000,70.73000
2004-02-04,69.043999,71.54400,69.043999,71.54400
2004-02-05,68.72000,70.72000,68.72000,70.72000
2004-02-06,68.73000,70.73000,68.73000,70.73000
2004-02-09,68.97900,71.47900,68.97900,71.47900
2004-02-10,68.96900,71.46900,68.96900,71.46900
2004-02-11,68.68000,70.68000,68.68000,70.68000
2004-02-12,68.81400,71.31400,68.81400,71.31400
2004-02-13,68.83600,71.33600,68.83600,71.33600
2004-02-16,68.85300,71.35300,68.85300,71.35300
2004-02-17,70.88000,71.41500,70.88000,71.41500
2004-02-18,68.52000,70.52500,68.52000,70.52500
2004-02-19,68.86800,71.36800,68.86800,71.36800
2004-02-20,68.58000,70.58000,68.58000,70.58000
2004-02-23,68.58000,70.58000,68.58000,70.58000
2004-02-24,68.58000,70.58000,68.58000,70.58000
2004-02-25,68.88300,71.38300,68.88300,71.38300
2004-02-26,70.99000,71.53000,70.99000,71.53000
2004-02-27,68.65000,70.65000,68.65000,70.65000
2004-03-01,70.95000,71.48500,70.95000,71.48500
2004-03-02,71.010002,71.54500,71.010002,71.54500
2004-03-03,68.99300,71.49300,68.99300,71.49300
2004-03-04,68.67000,70.67000,68.67000,70.67000
2004-03-05,71.46600,71.47400,71.46600,71.47400
2004-03-08,68.91300,71.41300,68.91300,71.41300
2004-03-09,68.59000,70.59000,68.59000,70.59000
2004-03-10,68.96200,71.46200,68.96200,71.46200
2004-03-11,68.67000,70.67000,68.67000,70.67000
2004-03-12,68.97800,71.47800,68.97800,71.47800
2004-03-15,68.97900,71.47900,68.97900,71.47900
2004-03-16,68.94700,71.44700,68.94700,71.44700
2004-03-17,68.97300,71.47300,68.97300,71.47300
2004-03-18,68.94100,71.44100,68.94100,71.44100
2004-03-19,68.93600,71.43600,68.93600,71.43600
2004-03-22,71.12000,71.48000,71.12000,71.48000
2004-03-23,71.089996,71.45000,71.089996,71.45000
2004-03-24,71.17000,71.52500,71.17000,71.52500
2004-03-25,70.70000,71.56000,70.70000,71.56000
2004-03-26,70.66000,71.52000,70.66000,71.52000
2004-03-29,70.81000,71.52000,70.81000,71.52000
2004-03-30,70.83000,72.18100,68.67000,71.53500
2004-03-31,68.67000,72.16800,68.64000,71.46500
2004-04-01,70.80000,73.44300,68.61000,70.62000
2004-04-02,71.42100,73.92100,68.92000,71.42000
2004-04-05,71.42000,71.74600,68.90000,71.11000
2004-04-06,68.70000,71.73100,68.66000,71.070000
2004-04-07,70.85000,73.96000,68.93900,71.43900
2004-04-08,71.43800,73.96400,68.93800,71.45300
2004-04-09,71.45800,73.96000,68.95800,71.46000
2004-04-12,68.66000,71.79500,68.66000,71.029999
2004-04-13,70.83000,71.75700,68.70000,71.099998
2004-04-14,70.90000,71.78900,68.73000,71.095001
2004-04-15,70.83000,71.79500,68.72000,71.13000
2004-04-16,68.74000,71.77900,68.72000,71.070000
2004-04-19,70.81000,71.75300,68.69000,71.070000
2004-04-20,70.84000,71.77800,68.71000,71.16000
2004-04-21,70.94000,73.56000,68.74000,70.75
2004-04-22,68.74000,71.82000,68.70000,71.065002
2004-04-23,70.82000,73.53900,68.74000,70.74000
2004-04-26,70.96000,71.81500,68.73000,71.16500
2004-04-27,70.82000,71.77800,69.016998,71.099998
2004-04-28,68.72000,71.79500,68.72000,71.16000
2004-04-29,68.75,73.56100,68.74000,70.75
2004-04-30,68.74000,71.79000,68.74000,71.17000
2004-05-03,70.83000,71.79100,68.73000,71.12000
2004-05-04,70.87000,71.78500,68.70000,71.070000
2004-05-05,70.84000,71.74200,68.68000,71.089996
2004-05-06,70.88000,71.74700,68.68000,71.050003
2004-05-07,71.49600,73.49700,68.69000,70.69000
2004-05-10,71.54500,71.80600,68.75,71.12000
2004-05-11,68.73000,71.83300,68.73000,71.13000
2004-05-12,70.87000,71.81200,68.74000,71.17000
2004-05-13,68.75,71.81700,68.75,71.18000
2004-05-14,70.96000,73.58300,68.77000,70.78000
2004-05-17,70.85000,71.79000,69.52900,71.18000
2004-05-18,71.54000,73.62800,69.53900,71.62800
2004-05-19,68.75,73.52700,68.71000,71.51500
2004-05-20,70.85000,73.54700,68.73000,71.53100
2004-05-21,68.72000,73.51000,68.72000,71.50500
2004-05-24,70.88000,73.52000,68.71000,71.51400
2004-05-25,71.49100,73.49100,68.68000,70.68000
2004-05-26,71.47000,71.72000,68.67000,71.11000
2004-05-27,70.81000,71.68200,68.62000,71.059998
2004-05-28,70.80000,71.67700,68.63000,71.019997
2004-05-31,71.42700,71.68800,68.64000,71.019997
2004-06-01,70.79000,71.68800,68.61000,71.050003
2004-06-02,70.78000,71.67100,68.62000,71.070000
2004-06-03,70.79000,71.69200,68.64000,71.070000
2004-06-04,70.83000,71.68800,69.43100,71.059998
2004-06-07,71.40500,71.66600,68.61000,71.050003
2004-06-08,70.79000,73.42900,68.60000,71.42400
2004-06-09,71.41600,71.70400,68.64000,71.099998
2004-06-10,70.77000,71.71400,68.65000,71.050003
2004-06-11,70.84000,73.48100,68.67000,70.67500
2004-06-14,68.68000,71.75200,68.67000,71.089996
2004-06-15,70.86000,71.73600,68.66000,71.070000
2004-06-16,70.82000,71.73600,68.65000,71.059998
2004-06-17,70.87000,71.72000,68.66000,71.050003
2004-06-18,70.79000,71.73000,68.67000,71.070000
2004-06-21,70.78000,72.10200,68.65000,71.070000
2004-06-22,70.84000,71.72100,68.66000,71.040001
2004-06-23,70.77000,71.72700,68.65000,71.029999
2004-06-24,70.85000,71.72700,68.65000,71.059998
2004-06-25,70.75,71.71100,68.65000,71.089996
2004-06-28,70.82000,71.68100,68.63000,71.080002
2004-06-29,70.75,73.47700,69.44800,71.47700
2004-06-30,71.48100,73.48100,68.65000,70.66000
2004-07-01,70.80000,71.71000,68.65000,71.070000
2004-07-02,70.79000,71.71100,68.63000,71.050003
2004-07-05,70.81000,71.67100,68.62000,71.050003
2004-07-06,70.81000,71.75800,68.62000,70.99000
2004-07-07,70.75,71.65500,68.59000,71.029999
2004-07-08,70.70000,71.65000,68.58000,70.97000
2004-07-09,70.74000,71.64500,68.60000,70.95000
2004-07-12,70.69000,71.63500,68.58000,70.99000
2004-07-13,70.78000,72.010002,68.59000,70.68000
2004-07-14,70.019997,73.40100,68.59000,70.59000
2004-07-15,71.51100,73.51900,68.71000,71.51900
2004-07-16,71.58000,73.63100,68.78000,70.83000
2004-07-19,71.80200,73.85300,69.80200,71.85300
2004-07-20,71.88000,73.91800,69.010002,71.91800
2004-07-21,71.93800,73.98000,69.14000,71.18000
2004-07-22,69.010002,74.025002,69.010002,72.017998
2004-07-23,72.018997,74.029999,69.22000,72.029999
2004-07-26,72.029999,74.29600,69.23000,71.5
2004-07-27,72.39200,74.56800,69.59000,71.76500
2004-07-28,69.76000,72.75900,69.76000,72.46500
2004-07-29,72.33000,72.76700,69.81000,72.41500
2004-07-30,72.23000,72.76400,69.81000,72.43500
2004-08-02,72.29000,72.875,69.81000,72.30500
2004-08-03,72.019997,72.87600,69.81000,72.30000
2004-08-04,71.98000,72.87700,69.81000,72.29500
2004-08-05,72,72.89200,69.82000,72.24000
2004-08-06,72.029999,72.89400,70.61500,72.17500
2004-08-09,71.93000,72.87600,69.80000,72.27000
2004-08-10,71.97000,72.87600,69.80000,72.30000
2004-08-11,71.97000,72.90500,69.81000,72.24000
2004-08-12,72.010002,72.88300,69.80000,72.23000
2004-08-13,72.019997,74.61500,69.78000,71.78000
2004-08-16,72.58800,72.85800,69.79000,72.22000
2004-08-17,71.91000,72.87800,69.80000,72.24500
2004-08-18,71.93000,72.88400,69.80000,72.25
2004-08-19,71.98000,72.88000,69.79000,72.24500
2004-08-20,72.010002,72.88400,69.79000,72.22500
2004-08-23,72.029999,72.89700,71.94000,72.25500
2004-08-24,72.059998,72.89500,69.82000,72.26000
2004-08-25,71.99000,72.89900,69.82000,72.29500
2004-08-26,71.96000,72.89400,69.81000,72.27000
2004-08-27,71.94000,74.61400,69.81000,71.81000
2004-08-30,72.040001,72.88900,69.81000,72.25500
2004-08-31,72,72.87400,69.79000,72.20000
2004-09-01,71.97000,72.87400,70.59800,72.28500
2004-09-02,71.95000,72.87100,70.59800,72.27000
2004-09-03,71.94000,72.88700,69.80000,72.27000
2004-09-06,71.99000,72.88300,69.81000,72.24000
2004-09-07,71.97000,73.085999,70.60600,72.044998
2004-09-08,71.55000,73.081001,69.80000,72.080002
2004-09-09,71.52000,73.070000,69.79000,72.050003
2004-09-10,71.56000,73.065002,69.80000,71.98500
2004-09-13,71.56000,74.59000,69.78000,72.59000
2004-09-14,71.54000,74.59100,70.58300,72.59100
2004-09-15,69.78000,73.086998,69.78000,72.080002
2004-09-16,71.64000,73.10500,69.80000,72.35000
2004-09-17,71.82000,73.083000,69.79000,72.35000
2004-09-20,71.83000,72.91600,69.79000,72.15000
2004-09-21,69.80000,72.92600,69.78000,72.13000
2004-09-22,71.81000,74.60200,69.77000,72.59700
2004-09-23,69.79000,72.90300,69.77000,72.21500
2004-09-24,71.89000,72.90400,69.77000,72.125
2004-09-27,71.89000,72.90500,69.76000,72.20000
2004-09-28,71.78000,72.90000,69.76000,72.16000
2004-09-29,71.83000,72.90300,69.76000,72.14500
2004-09-30,71.82000,74.58400,69.75,72.55000
2004-10-01,69.74000,74.64600,69.74000,72.64600
2004-10-04,72.010002,73.089996,69.84000,72.46500
2004-10-05,72.15000,73.33500,70.040001,72.69500
2004-10-06,72.34000,73.33800,70.24000,72.71000
2004-10-07,72.33000,73.34400,70.24000,72.625
2004-10-08,72.36000,73.34400,70.24000,72.625
2004-10-11,73.035004,75.043999,71.035004,73.043999
2004-10-12,72.43000,72.72000,72.33000,72.63000
2004-10-13,72.43000,73.35400,72,72.71000
2004-10-14,72.38000,73.33800,70.23000,72.70500
2004-10-15,72.34000,75.044998,71.037003,73.044998
2004-10-18,70.24000,73.31800,70.21000,72.60500
2004-10-19,72.33000,73.32400,70.22000,72.60000
2004-10-20,72.40000,73.74300,70.22000,73.0090027
2004-10-21,72.74000,73.14400,70.23000,72.83000
2004-10-22,72.76000,73.56600,70.22000,72.81900
2004-10-25,72.27100,73.56400,70.22000,72.82700
2004-10-26,72.71000,73.56400,71.021004,72.84200
2004-10-27,72.30000,73.56700,70.22000,72.85200
2004-10-28,72.31200,73.57000,70.22000,72.83300
2004-10-29,72.39000,73.56400,71.021004,72.82200
2004-11-01,72.27600,73.56900,72.26900,72.83700
2004-11-02,72.29500,73.57000,72.29000,72.83400
2004-11-03,72.5,73.57200,72.80000,72.82400
2004-11-04,72.28200,73.21700,70.23000,72.75
2004-11-05,72.56000,73.22300,70.23000,72.67000
2004-11-08,72.27700,73.31900,70.23000,72.60000
2004-11-09,72.39000,73.58200,71.038002,72.85600
2004-11-10,72.31300,73.58000,70.22000,72.85200
2004-11-11,72.30900,73.58100,70.22000,72.83200
2004-11-12,72.29000,73.56500,72.27700,72.82100
2004-11-15,72.27900,73.57100,72.29900,72.83900
2004-11-16,72.29800,73.57700,72.29500,72.83700
2004-11-17,72.29500,73.56200,70.21000,72.82300
2004-11-18,72.28300,73.56300,70.21000,72.84500
2004-11-19,72.30200,73.57600,70.22000,72.82900
2004-11-22,73.012001,75.018997,70.21000,72.21000
2004-11-23,70.21000,73.55800,70.21000,72.14700
2004-11-24,71.60900,73.55700,71.010002,72.49000
2004-11-25,71.94900,73.29800,71.013000,72.61000
2004-11-26,72.29000,73.37600,71.015999,72.52500
2004-11-29,72.16000,73.38400,70.23000,72.56500
2004-11-30,72.23000,73.56400,70.22000,72.47600
2004-12-01,71.93900,73.56100,71.93000,72.47000
2004-12-02,71.92700,73.56400,70.21000,72.46900
2004-12-03,71.92900,73.52400,70.11000,72.33400
2004-12-06,71.79800,73.40400,70.059998,72.30400
2004-12-07,71.76400,73.32900,69.90000,72.13600
2004-12-08,71.60000,73.23100,69.88000,72.080002
2004-12-09,71.54300,73.14400,69.83000,72.051003
2004-12-10,71.51600,73.13600,69.80000,72.069000
2004-12-13,71.53700,74.55900,69.75,72.55500
2004-12-14,72.53500,72.95800,69.73000,72
2004-12-15,71.61000,72.95700,69.72000,71.93500
2004-12-16,71.52000,72.95200,69.70000,71.96500
2004-12-17,71.59000,72.96500,69.74000,71.99500
2004-12-20,71.55000,74.52500,69.72000,71.73000
2004-12-21,69.72000,72.97600,69.72000,72.025002
2004-12-22,71.61000,72.99500,69.77000,71.99500
2004-12-23,71.60000,73.0039978,69.77000,72.055000
2004-12-24,71.61000,73.096001,69.78000,72.10500
2004-12-27,71.71000,73.19500,69.93000,72.13000
2004-12-28,71.75,74.69900,69.87000,71.87000
2004-12-29,72.65500,73.080002,69.84000,72.055000
2004-12-30,71.62000,73.055000,69.82000,72.095001
2004-12-31,71.60000,73.030998,69.80000,72.025002
2005-01-03,71.65000,73.031998,69.79000,72.074997
2005-01-04,71.64000,72.80100,69.80000,72.35000
2005-01-05,72.089996,72.80900,69.81000,72.33000
2005-01-06,72.14000,72.81000,69.81000,72.28000
2005-01-07,72.099998,72.80700,69.81000,72.38000
2005-01-10,72.15000,72.81800,69.81000,72.28500
2005-01-11,72.11000,72.80800,69.82000,72.30500
2005-01-12,72.18000,72.82500,69.80000,72.32000
2005-01-13,72.080002,73.14900,69.81000,72.082001
2005-01-14,71.54600,73.16300,69.83000,72.11500
2005-01-17,71.57900,73.15700,69.81000,72.11100
2005-01-18,71.57400,73.16000,69.81000,72.12300
2005-01-19,71.58600,73.21900,69.79000,72.18800
2005-01-20,72.18000,73.040001,69.79000,72.55500
2005-01-21,72.35000,73.30600,69.90000,72.20100
2005-01-24,71.66500,73.19800,69.79000,72.15800
2005-01-25,71.62100,73.27500,69.94000,72.24900
2005-01-26,72.84500,73.38200,69.89000,72.18400
2005-01-27,71.64700,73.28900,69.80000,72.25100
2005-01-28,71.71200,73.26100,69.91000,72.22200
2005-01-31,72.089996,73.34800,69.89000,72.24100
2005-02-01,71.70300,73.31000,69.92000,72.27000
2005-02-02,71.73100,73.24000,69.84000,72.20300
2005-02-03,71.66700,73.34100,69.93000,72.31400
2005-02-04,71.77500,73.42900,70.070000,72.39300
2005-02-07,71.85700,73.67300,70.30000,72.65100
2005-02-08,72.11000,73.90100,70.070000,72.90100
2005-02-09,72.35900,73.80600,70.43000,72.80100
2005-02-10,72.25800,73.78200,70.38000,72.76400
2005-02-11,72.22300,73.61700,70.26000,72.59100
2005-02-14,72.047997,73.40100,70.019997,72.37400
2005-02-15,71.83300,73.36500,69.97000,72.26700
2005-02-16,71.72800,73.30600,69.90000,72.20300
2005-02-17,71.66600,73.47800,69.87000,72.74000
2005-02-18,71.98000,73.26100,69.86000,72.21700
2005-02-21,71.68400,73.41500,69.88000,72.76000
2005-02-22,71.63300,73.0049973,69.56000,71.82500
2005-02-23,71.29000,72.93600,69.57000,71.87300
2005-02-24,71.33800,72.91800,69.52000,71.85800
2005-02-25,71.32400,73.043999,69.61000,71.97500
2005-02-28,71.43900,72.83800,71.21000,71.77300
2005-03-01,71.24000,72.96400,69.5,71.90500
2005-03-02,71.37000,73.13800,69.5,72.063004
2005-03-03,71.52500,73.29900,69.70000,72.69500
2005-03-04,71.96000,73.33200,69.5,72.34000
2005-03-07,71.64000,72.95000,69.5,71.88800
2005-03-08,71.93000,73.0059967,69.36000,72.27000
2005-03-09,71.59000,72.65200,69.23000,71.48000
2005-03-10,71.54000,72.61700,69.14000,72.055000
2005-03-11,70.89200,72.52700,69.15000,71.43100
2005-03-14,71.43000,72.57600,69.16000,71.49300
2005-03-15,71.54000,74.096001,69.21000,71.21000
2005-03-16,70.93300,72.64600,69.21000,71.55400
2005-03-17,69.31000,72.58300,69.19000,71.49900
2005-03-18,70.96700,72.70200,69.23000,71.625
2005-03-21,71.093002,72.90100,69.37000,71.84600
2005-03-22,71.31300,72.99800,69.57000,71.88100
2005-03-23,71.34700,73.28200,69.59000,72.25200
2005-03-24,71.71400,73.36200,69.94000,72.34000
2005-03-25,71.80100,73.42500,70.019997,72.39900
2005-03-28,71.85900,73.58300,70.089996,72.56600
2005-03-29,72.025002,73.53000,70.12000,72.50800
2005-03-30,71.96800,73.45000,70.080002,72.40200
2005-03-31,71.86300,73.44900,70,72.36300
2005-04-01,71.82500,73.41500,70.050003,72.39700
2005-04-04,69.64000,75.098999,69.64000,72.29500
2005-04-05,73.19200,75.19200,70.29000,72.30000
2005-04-06,70.30000,75.098000,70.18000,72.30000
2005-04-07,69.64000,73.27000,69.64000,72.84000
2005-04-08,72.65000,73.44200,70.19000,72.75500
2005-04-11,72.44000,73.24800,70.050003,72.66500
2005-04-12,72.41000,74.87300,70.029999,72.059998
2005-04-13,70.059998,75.028999,70.059998,73.028999
2005-04-14,70.22000,73.49000,70.22000,72.99500
2005-04-15,70.41000,73.55100,70.28000,72.36000
2005-04-18,71.90000,73.072998,70.029999,72.32000
2005-04-19,72.059998,73.067001,69.98000,72.25
2005-04-20,72.059998,72.98300,69.90000,72.12000
2005-04-21,72.059998,72.84400,69.85000,72.20000
2005-04-22,72.010002,72.89600,69.85000,72.22000
2005-04-25,72.019997,73.056000,69.88000,72.30000
2005-04-26,72.080002,74.88600,70.010002,72.089996
2005-04-27,70.089996,74.98700,70.070000,72.070000
2005-04-28,70.070000,74.99700,70.070000,72.20000
2005-04-29,70.20000,74.88300,70.059998,72.059998
2005-05-02,73.098000,75.12600,71.067001,73.12600
2005-05-03,73.10500,75.10500,70.059998,72.26000
2005-05-04,70.26000,74.91800,70.080002,72.089996
2005-05-05,70.26000,74.90000,70.040001,72.099998
2005-05-06,70.099998,74.92100,70.080002,72.080002
2005-05-09,70.080002,75.18900,70.080002,73.16100
2005-05-10,70.35000,75.15000,70.27000,72.27000
2005-05-11,73.039001,75.20900,70.41000,72.41000
2005-05-12,70.41000,73.60000,70.41000,72.96000
2005-05-13,72.78000,73.76000,70.61000,73.050003
2005-05-16,72.87000,73.67500,70.77000,72.94500
2005-05-17,72.88000,73.79100,70.76000,73.13000
2005-05-18,72.98000,74.010002,70.79000,72.78500
2005-05-19,72.42000,73.99300,70.70000,72.90500
2005-05-20,72.5,73.99800,70.78000,73.080002
2005-05-23,72.70000,74.25900,70.82000,72.86500
2005-05-24,72.39000,75.71900,70.82000,72.88000
2005-05-25,73.71900,74.00099945,71.47900,73.055000
2005-05-26,72.79000,75.83700,70.5,73.040001
2005-05-27,70.84000,75.80500,70.5,72.5
2005-05-30,72.45000,74.19500,70.5,73.29500
2005-05-31,73.059998,76.25300,70.76000,73.37000
2005-06-01,71.37000,76.43300,70.98000,73.57000
2005-06-02,71.57000,74.63700,70.5,73.72000
2005-06-03,73.47000,76.34300,70.89000,73.54000
2005-06-06,71.54000,76.34600,70.88000,73.52000
2005-06-07,71.52000,76.30500,70.27000,72.52000
2005-06-08,71.31800,76.31800,70.52000,73.40000
2005-06-09,71.40000,74.75700,71.17000,73.81500
2005-06-10,73.56000,74.70600,71.26000,74.040001
2005-06-13,73.81000,76.89800,70.99000,74.89800
2005-06-14,72.089996,74.96500,71.29000,73.41500
2005-06-15,73.13000,75.98700,71.070000,73.88800
2005-06-16,71.080002,75.92500,70.97000,73.11000
2005-06-17,71.11000,75.80500,70.90000,72.90000
2005-06-20,70.90000,75.67100,70.78000,72.87000
2005-06-21,70.90000,75.25300,70.21000,72.21000
2005-06-22,70.21000,73.15300,70.11000,72.63000
2005-06-23,72.55000,74.059998,70.28000,72.80000
2005-06-24,72.76000,73.27800,70.34000,72.68000
2005-06-27,72.62000,73.77400,70,73.23000
2005-06-28,73.15000,73.89200,70.34000,73.44500
2005-06-29,73.36000,74.55300,71.010002,73.31500
2005-06-30,73.14000,74.10300,71.029999,73.32500
2005-07-04,73.59000,74.62400,71.11000,73.875
2005-07-05,71.63000,76.45300,71.62000,73.63000
2005-07-06,71.63000,76.40200,71.53000,73.53000
2005-07-07,71.53000,76.33700,71.42000,73.51000
2005-07-08,71.51000,76.39500,71.51000,73.59000
2005-07-11,71.59000,74.36500,71.21000,73.46000
2005-07-12,73.29000,74.094002,71.059998,73.21000
2005-07-13,73,74.35000,71.080002,73.57500
2005-07-14,73.42000,74.34200,71.25,73.82000
2005-07-15,73.65000,74.32300,71.25,73.91500
2005-07-18,73.79000,74.39800,71.35000,73.875
2005-07-19,73.73000,74.65500,71.41000,73.89500
2005-07-20,73.70000,74.59600,71,73.95500
2005-07-21,71.55000,76.0070038,71.070000,73.21000
2005-07-22,71.55000,75.99700,71.14000,73.20000
2005-07-25,71.55000,76.26800,71.20000,73.45000
2005-07-26,71.55000,76.36400,71.43000,73.51000
2005-07-27,71.55000,74.66000,71.49000,73.76500
2005-07-28,73.52000,74.53200,71.31000,73.63500
2005-07-29,73.36000,74.45700,71.28000,73.64500
2005-08-01,73.35000,74.21300,71.050003,73.50500
2005-08-02,73.22000,74.16700,71.040001,73.46000
2005-08-03,73.17000,75.87600,70.80000,72.80000
2005-08-04,70.80000,73.93800,70.70000,73.055000
2005-08-05,70.70000,75.52600,70.66000,72.72000
2005-08-08,70.72000,75.54600,70.68000,72.72000
2005-08-09,70.72000,75.56700,70.65000,72.77000
2005-08-10,70.72000,73.79500,70.61000,73.019997
2005-08-11,72.75,73.70400,70.51000,72.82500
2005-08-12,72.56000,73.54800,70.46000,72.88000
2005-08-15,72.58000,75.48800,70.47000,72.67000
2005-08-16,70.67000,75.61200,70.67000,73.56400
2005-08-17,70.67000,75.67400,70.27000,72.82000
2005-08-18,70.67000,75.87300,70.67000,73.070000
2005-08-19,71.070000,76.010002,71.070000,73.12000
2005-08-22,71.070000,75.91800,70.97000,72.97000
2005-08-23,70.97000,75.83500,70.96000,73.040001
2005-08-24,71.040001,75.92800,70.87000,72.87000
2005-08-25,70.87000,75.69900,70.79000,72.89500
2005-08-26,70.89000,75.60500,70.80000,72.81000
2005-08-29,73.54000,75.67700,70.74000,72.88000
2005-08-30,70.88000,75.89700,70.88000,73.099998
2005-08-31,71.099998,75.87700,70.85000,73.66000
2005-09-01,70.85000,75.55000,70.60000,72.60000
2005-09-02,70.60000,75.14100,70.21000,72.28000
2005-09-05,70.28000,75.039001,70.12000,72.12000
2005-09-06,70.12000,74.88800,69.99000,71.99000
2005-09-07,69.99000,74.96400,69.97000,72.96400
2005-09-08,69.99000,75.026001,69.99000,73.026001
2005-09-09,70.22000,75.045998,70.17000,72.25
2005-09-12,70.25,75.26800,70.25,72.44000
2005-09-13,70.44000,75.33000,70.44000,73.30300
2005-09-14,70.48000,75.29200,70.40000,72.42000
2005-09-15,70.42000,75.44600,70.42000,72.58000
2005-09-16,71.38100,75.34700,70.49000,72.55000
2005-09-19,70.55000,75.61000,70.30000,72.30000
2005-09-20,70.30000,75.28500,70.30000,72.46000
2005-09-21,70.45000,73.28800,70.33000,72.89500
2005-09-22,70.33000,75.28200,70.32000,72.48000
2005-09-23,70.48000,75.39900,70.37000,72.59500
2005-09-26,70.59000,75.61700,70.59000,73.59600
2005-09-27,70.59000,75.65300,70.59000,72.82000
2005-09-28,70.82000,75.65000,70.59000,72.82000
2005-09-29,70.82000,75.64000,70.73000,72.84000
2005-09-30,70.84000,75.62300,70.74000,72.74000
2005-10-03,70.74000,75.88900,70.74000,73.88900
2005-10-04,71.080002,75.86100,71.010002,73.010002
2005-10-05,71.010002,73.86900,70.70000,73.22000
2005-10-06,73.089996,75.29100,70.36000,72.36000
2005-10-07,70.36000,75.080002,70.27000,72.28000
2005-10-10,73.097000,73.37700,70.30000,73.019997
2005-10-11,72.93000,75.38600,70.36000,72.59000
2005-10-12,73.49800,75.49800,70.61000,72.61000
2005-10-13,70.36000,75.56200,70.36000,72.76000
2005-10-14,70.36000,75.46700,70.36000,72.67000
2005-10-17,70.67000,75.35500,70.43000,72.51000
2005-10-18,70.51000,75.59600,70.36000,72.80000
2005-10-19,70.80000,75.70200,70.72000,72.72000
2005-10-20,70.72000,75.51500,70.68000,72.70000
2005-10-21,70.70000,75.41000,70.53000,72.61000
2005-10-24,70.61000,73.67900,70.61000,73.24000
2005-10-25,70.72000,73.66200,70.48000,72.94000
2005-10-26,72.84000,73.39800,70.45000,73
2005-10-27,72.92000,73.22600,70.26000,72.86500
2005-10-28,72.76000,73.30000,70.26000,72.92000
2005-10-31,72.55000,75.39600,70.60000,72.60000
2005-11-01,72.86000,73.66700,70.60000,73.059998
2005-11-02,72.83000,73.67100,70.62000,72.93000
2005-11-03,72.70000,73.51400,71.29100,73.18000
2005-11-04,72.99000,73.80300,71.57300,73.47000
2005-11-07,73.88200,74.43600,71.86100,73.58000
2005-11-08,73.099998,74.37400,71.29000,73.53500
2005-11-09,73.23000,74.30600,71.97700,73.57500
2005-11-10,73.28000,74.31600,71.21000,73.73500
2005-11-11,73.46000,74.45200,72.14000,73.66500
2005-11-14,73.38000,74.41400,71.23000,73.73500
2005-11-15,73.48000,74.56400,71.33000,73.71500
2005-11-16,73.40000,74.56700,71.42000,73.81500
2005-11-17,73.55000,74.56700,72.19400,73.61500
2005-11-18,73.30000,73.875,71.39000,73.55500
2005-11-21,73,76.47400,71.875,73.88900
2005-11-22,73.11000,74.70100,71.080002,73.60000
2005-11-23,71.47000,74.97000,71.38000,72.91000
2005-11-24,71.47000,75.96000,71.080002,73.93700
2005-11-25,72,73.30000,71.99000,73.089996
2005-11-28,73.74000,75.97100,71.96000,72.99000
2005-11-29,71.92000,75.037003,71.85000,74.125
2005-11-30,73.84000,75.54400,71.60000,73.14000
2005-12-01,74.12900,74.49100,71.41000,73.70500
2005-12-02,73.43000,74.46300,71.35000,73.70500
2005-12-05,73.42000,75.16700,71.21000,73.14000
2005-12-06,72.099998,74.99700,71.18000,73.13000
2005-12-07,72.13000,74.29900,71.20000,73.59000
2005-12-08,73.38000,74.070000,71.19000,73.53500
2005-12-09,73.53000,73.94400,70.70000,73.13500
2005-12-12,73.21000,73.64300,70.41000,72.63000
2005-12-13,72.44000,73.40700,70.38000,72.68000
2005-12-14,72.46000,73.22500,70.40000,72.51000
2005-12-15,72.30000,73.26200,70.98700,72.57000
2005-12-16,72.39000,73.24200,70.99400,72.49000
2005-12-19,72.26000,73.25500,70.68000,72.52000
2005-12-20,72.31000,73.74400,71.079002,73
2005-12-21,72.58000,73.65000,70.44000,72.92000
2005-12-22,72.72000,73.64700,70.53000,72.84000
2005-12-23,72.66000,73.55600,70.57000,72.82000
2005-12-26,72.60000,73.90300,71.35900,73.080002
2005-12-27,70.57000,73.86900,70.57000,73.059998
2005-12-28,72.57000,73.78100,70.57000,73.089996
2005-12-29,72.57000,73.65900,70.43000,72.89500
2005-12-30,72.71000,73.27200,72.52000,72.88000
2006-01-02,72.68000,74.0080032,71.37600,73.64000
2006-01-03,73.092003,73.88200,71.25100,73.40400
2006-01-04,72.70000,74.025002,71.37600,73.64400
2006-01-05,73.097000,74.092003,71.48500,73.71800
2006-01-06,73.16800,74.29700,71.67100,73.91500
2006-01-09,73.36600,74.47700,70.95000,74.10200
2006-01-10,73.55100,74.50200,71.12000,74.10900
2006-01-11,73.55800,74.45100,71.12000,73.95300
2006-01-12,73.40300,74.49800,70.58000,73.57000
2006-01-13,73.022003,73.78600,70.099998,73.058998
2006-01-16,72.51100,73.31400,69.92000,72.94700
2006-01-17,72.40500,73.43300,69.95000,73.056999
2006-01-18,72.51400,73.37400,69.96000,72.87600
2006-01-19,72.33000,73.087997,69.89000,72.67500
2006-01-20,72.52000,73.031998,70.82900,72.61000
2006-01-23,72.41000,72.85000,69.59000,72.18000
2006-01-24,72.050003,72.59800,69.59000,72.25500
2006-01-25,72.11000,72.97100,69.61000,72.59000
2006-01-26,72.051003,73.039001,70.44700,72.68000
2006-01-27,72.010002,73.17500,69.70000,72.82800
2006-01-30,72.28400,73.375,70.019997,72.99400
2006-01-31,72.45100,73.30500,70.77500,72.61000
2006-02-01,72.39900,73.33800,69.61000,72.98300
2006-02-02,72.44000,73.081001,70.11000,72.69500
2006-02-03,72.52000,73.43000,69.92000,73.073997
2006-02-06,72.52700,73.64100,71.028000,73.27600
2006-02-07,72.73100,73.60700,70.30000,73.24500
2006-02-08,72.69900,73.69600,70.26000,73.30000
2006-02-09,72.75300,73.66100,70.28000,73.29100
2006-02-10,72.74600,73.63400,70.26000,73.28600
2006-02-13,72.74100,73.85100,70.27000,73.46800
2006-02-14,72.92200,73.84800,70.43000,73.47300
2006-02-15,72.84000,73.79400,73.21200,73.38700
2006-02-16,72.83900,73.93000,70.40000,73.55200
2006-02-17,73.0029984,73.85800,70.58000,73.47800
2006-02-20,72.93300,73.72200,70.51000,73.35600
2006-02-21,72.81000,73.80700,71.24100,73.42900
2006-02-22,72.93400,73.86500,72.93300,73.48100
2006-02-23,72.93500,73.78300,72.76800,73.31300
2006-02-24,72.76800,73.82100,70.33000,73.45900
2006-02-27,72.91300,74.60100,70.47000,74.22100
2006-02-28,73.66800,74.58500,71.24000,74.18500
2006-03-01,73.63400,74.59700,71.22000,74.23700
2006-03-02,73.68300,74.62400,71.24000,74.19100
2006-03-03,73.63900,74.57100,72.0080032,74.19400
2006-03-06,73.63900,74.65100,71.22000,72.91000
2006-03-07,73.72900,74.87000,71.30000,74.50400
2006-03-08,73.94900,74.74500,72.14000,74.35900
2006-03-09,73.80400,74.73500,71.22000,74.36500
2006-03-10,73.81200,74.74200,71.38000,74.36800
2006-03-13,73.81500,74.74200,72.58000,74.34600
2006-03-14,73.79200,74.67300,71.32000,74.28400
2006-03-15,73.73200,74.28100,70.27000,72.25
2006-03-16,72.35000,73.95000,70.27000,70.28500
2006-03-17,72.089996,74.23700,72,72.65000
2006-03-20,73.69900,74.24000,70.88000,72.58000
2006-03-21,70.94000,74.36700,70.94000,72.74000
2006-03-22,72.27000,74.44900,71.070000,72.78000
2006-03-23,73.95600,74.48300,72.34000,73.44000
2006-03-24,73.010002,74.69200,71.18000,73.46000
2006-03-27,71.39000,74.052002,71.22000,74.035004
2006-03-28,72.79000,74.55500,72.71000,73.29000
2006-03-29,72.92000,74.61000,71.21000,73.46000
2006-03-30,72.83000,74.48000,71.13000,73.13000
2006-03-31,72.68000,74.53800,71.13000,73.21000
2006-04-03,73.78000,74.53500,72.66000,73.18000
2006-04-04,72.69000,74.085999,71.15000,73.51000
2006-04-05,72.43000,73.72100,70.73000,72.84000
2006-04-06,72.65000,73.33500,70.25,72.98000
2006-04-07,72.79000,73.41000,72.58000,73.27000
2006-04-10,70.099998,73.58100,70.099998,73.23000
2006-04-11,73.010002,73.89400,70.59000,73.27000
2006-04-12,70.59000,73.66700,70.59000,73.13000
2006-04-13,72.82000,73.96600,70.53000,73.22500
2006-04-14,72.81000,73.88700,70.58000,73.31000
2006-04-17,72.71000,73.49500,70.58000,72.81500
2006-04-18,72.5,73.36900,70.24000,72.59500
2006-04-19,72.27000,73.40100,70.040001,72.66000
2006-04-20,72.12000,73.41400,70.059998,72.68500
2006-04-21,72.14500,73.50600,70.070000,72.67500
2006-04-24,72.12600,73.36000,70.070000,72.55800
2006-04-25,72.019997,73.021004,71.90800,72.39000
2006-04-26,72.12000,73.22200,71.89100,72.43600
2006-04-27,71.89600,73.19600,71.68000,72.22100
2006-04-28,71.91000,72.93000,71.82600,72.18300
2006-05-01,71.64900,72.74300,71.46700,72.026001
2006-05-02,71.49400,72.46000,69.089996,71.5
2006-05-03,71.22000,72.63200,68.87000,71.55900
2006-05-04,71.028999,72.60100,68.96000,71.41200
2006-05-05,70.88100,72.68000,70.86600,71.96600
2006-05-08,71.42800,72.69000,69.23000,71.85600
2006-05-09,71.32200,72.28300,70.83000,71.46600
2006-05-10,71.070000,72.047997,68.86000,71.28200
2006-05-11,71.010002,71.93400,68.87000,71.17500
2006-05-12,70.71300,71.94100,70.22000,71.15000
2006-05-15,70.61700,72.051003,70.49000,71.34200
2006-05-16,70.81000,72.16300,68.67000,71.27300
2006-05-17,70.74300,72.016998,68.55000,71.32300
2006-05-18,70.67000,72.90900,68.69000,71.78500
2006-05-19,71.52000,72.96100,68.86000,71.94500
2006-05-22,71.44000,73.012001,71.68000,71.70500
2006-05-23,71.47000,73.068001,71.27500,71.82300
2006-05-24,71.28900,72.90900,71.27800,71.93500
2006-05-25,71.64000,73.22700,71.37000,71.90900
2006-05-26,71.37100,73.56900,71.36600,72.85600
2006-05-29,72.31500,73.72600,72.30900,72.99200
2006-05-30,72.44900,73.15100,72.21100,72.76000
2006-05-31,72.58000,73.16100,72.14900,72.88000
2006-06-01,72.70000,73.75600,72.24500,72.83900
2006-06-02,72.29700,73.60700,72.28700,72.83400
2006-06-05,72.29000,73.31100,71.99300,72.59000
2006-06-06,72.051003,73.55900,72.043999,72.83200
2006-06-07,72.70000,73.34500,72.28400,72.98000
2006-06-08,72.75,73.52300,72.41300,73.25500
2006-06-09,73.070000,73.94900,72.60100,73.19500
2006-06-12,72.65600,73.74800,72.64700,73.36500
2006-06-13,73.18000,73.73800,72.76300,73.46500
2006-06-14,73.27000,74.42400,72.69900,73.25200
2006-06-15,72.70600,73.69500,72.69600,73.29000
2006-06-16,73.12000,73.58700,72.64500,73.26000
2006-06-19,72.66400,74.15500,72.66200,73.41500
2006-06-20,73.24000,73.81600,72.81300,73.38000
2006-06-21,73.19000,73.65300,72.66500,73.25
2006-06-22,73.029999,74.14800,72.66300,73.40700
2006-06-23,72.86300,74.27700,72.84800,73.53800
2006-06-26,72.99200,74.18300,72.85100,73.43700
2006-06-27,72.89200,74.14400,72.80600,73.40500
2006-06-28,73.23000,74.19000,72.85800,73.45100
2006-06-29,72.90500,74.23400,72.89300,73.44100
2006-06-30,72.89200,73.83700,72.53000,73.084999
2006-07-03,72.54000,73.70600,72.375,73.33500
2006-07-04,72.79000,74.026001,72.32900,73.67000
2006-07-05,72.77000,73.38000,72.27000,72.83000
2006-07-06,72.33000,74.26000,72.29000,73.74000
2006-07-07,72.29100,73.76000,71.84800,72.77000
2006-07-10,72.73000,73.70000,72.32900,73.17000
2006-07-11,72.68000,73.95500,72.34000,73.10500
2006-07-12,72.61000,73.96500,72.34400,73.23500
2006-07-13,72.91700,74.044998,72.38200,73.27500
2006-07-14,72.77000,74.10500,72.42100,73.36500
2006-07-17,73.017998,73.68000,72.46000,73.64000
2006-07-18,73.15000,74.27500,72.52000,73.071999
2006-07-19,72.57000,74.54000,72.56000,74.25
2006-07-20,73.75,75.081001,73.36800,74.47400
2006-07-21,73.37300,75.070000,73.35800,74.45900
2006-07-24,73.35700,74.61800,73.019997,74.18000
2006-07-25,73.089996,74.93000,72.45600,74.27000
2006-07-26,73.17000,74.90700,72.42900,74.21700
2006-07-27,73.12000,74.81300,72.40000,73.98500
2006-07-28,72.45500,74.49000,72.40900,73.41500
2006-07-31,72.87800,74.56200,72.40000,73.89800
2006-08-01,72.80600,74.49900,72.37000,73.68600
2006-08-02,72.59800,74.27600,72.29000,73.51000
2006-08-03,72.42400,74.10400,72.26500,73.35300
2006-08-04,72.26900,73.99400,72.26700,73.38100
2006-08-07,72.29500,73.96200,72.11400,73.20700
2006-08-08,72.12600,73.88300,72.080002,73.29300
2006-08-09,72.21300,73.89200,72.10300,73.22000
2006-08-10,72.13700,73.83200,71.83500,73.23600
2006-08-11,72.15400,73.85300,71.83400,73.27400
2006-08-14,72.18500,73.92200,71.86000,73.20100
2006-08-15,72.11800,73.78000,71.82500,73.065002
2006-08-16,71.83700,73.38200,71.67000,72.77000
2006-08-17,71.76300,73.21100,71.22000,72.78500
2006-08-18,71.78400,73.10700,71.77000,72.79000
2006-08-21,71.74300,71.94000,71.66700,71.91800
2006-08-22,72.050003,73.080002,70.78700,71.79800
2006-08-23,71.39000,73.37400,70.74000,71.80000
2006-08-24,70.80400,72.38300,70.73600,72.37700
2006-08-25,70.88900,72.41000,70.86700,72.38600
2006-08-28,70.85300,72.50800,70.82300,72.42500
2006-08-29,72.010002,72.88200,71.092003,72.55400
2006-08-30,71.94000,73.45100,71.19000,73.26100
2006-08-31,72.18300,73.57100,71.16000,73.52800
2006-09-01,72.45000,74.12400,72.42100,73.95700
2006-09-04,72.28200,73.29800,72.12000,72.12800
2006-09-05,72.035004,72.10700,72.035004,72.10700
2006-09-06,71.96800,72.046997,71.96800,71.99400
2006-09-07,71.90200,73.43300,71.010002,72.74500
2006-09-08,71.27000,73.022003,70.70500,72.098999
2006-09-11,71.31000,73.094002,70.72900,72.050003
2006-09-12,71.058998,72.43300,70.72600,72.099998
2006-09-13,71.75,72.47400,70.77300,72.099998
2006-09-14,71.036003,72.46700,70.66100,72.029999
2006-09-15,71.68000,72.47400,70.72600,72.14000
2006-09-18,71.77000,73.13800,70.79400,72.00099945
2006-09-19,71.014999,73.14100,70.74600,72.042000
2006-09-20,71.042999,73.36400,70.75600,72.0059967
2006-09-21,71.050003,72.98500,70.65700,71.95900
2006-09-22,70.95800,73.0049973,70.48700,71.93100
2006-09-25,70.92000,72.88900,70.56200,71.97100
2006-09-26,70.97800,73.036003,70.64700,72.085999
2006-09-27,71.094002,72.43800,70.74900,72.065002
2006-09-28,71.72000,73.059998,70.71200,72.038002
2006-09-29,71.050003,73.11400,70.81100,72.099998
2006-10-02,71.079002,72.79000,70.77100,71.96000
2006-10-03,70.96800,74.066002,70.63700,71.96600
2006-10-04,70.97700,73.91800,70.70200,73.90700
2006-10-05,73.17600,73.91200,70.73600,73.84700
2006-10-06,73.11600,74.20200,70.79400,72.21700
2006-10-09,71.23400,74.087997,70.95000,74.061996
2006-10-10,73.32900,74.23400,70.99800,74.22900
2006-10-11,73.49600,74.23100,71.0070038,74.13000
2006-10-12,73.39600,74.19200,71,74.11500
2006-10-13,73.37600,74.17600,71.045998,74.16900
2006-10-16,72.49000,74.17900,71.051003,74.17200
2006-10-17,73.43700,74.25,71.0070038,74.20100
2006-10-18,73.46800,74.25400,71.066002,74.24700
2006-10-19,73.51100,74.24700,71.045998,74.14200
2006-10-20,73.40900,74.14400,70.91300,74.054001
2006-10-23,73.32000,74.60400,70.98800,74.20400
2006-10-24,73.46900,74.22700,71.10700,74.21500
2006-10-25,71.25,74.21500,71.00099945,74.10700
2006-10-26,73.37400,74.10600,70.81400,73.91600
2006-10-27,73.18400,74.25300,70.88000,74.069000
2006-10-30,73.33700,74.24100,70.68100,73.82900
2006-10-31,73.10100,73.87800,70.63400,73.73300
2006-11-01,73.0019989,73.76300,70.63400,73.73500
2006-11-02,73.0049973,73.76700,70.66800,73.70600
2006-11-03,72.97500,73.72100,70.60000,73.71300
2006-11-06,72.29500,73.87400,72.028999,73.83200
2006-11-07,73.098999,73.83000,72.85000,73.63200
2006-11-08,72.90300,73.72200,72.90000,73.68600
2006-11-09,72.95600,73.71000,71.88400,73.66200
2006-11-10,72.93200,73.66000,71.71000,73.49800
2006-11-13,72.77000,73.60400,71.74100,73.60200
2006-11-14,72.87200,73.25,71.75100,71.74400
2006-11-15,71.52500,72.26400,71.82600,71.88200
2006-11-16,70.74000,72.87200,70.53000,71.81000
2006-11-17,70.87000,72.93000,70.60000,71.75
2006-11-20,70.75,73.053001,70.48000,71.73200
2006-11-21,71.82900,73.10800,70.53000,71.80900
2006-11-22,70.64000,72.73600,70.39200,71.45000
2006-11-23,70.45000,72.58700,70.21500,71.43000
2006-11-24,70.41000,72.78900,69.98700,71.23700
2006-11-27,69.93000,72.24600,69.89000,70.91000
2006-11-28,69.92000,72.18800,69.82300,70.96000
2006-11-29,69.96000,72.16800,69.77600,71.080002
2006-11-30,70.050003,72.085999,69.72000,70.81000
2006-12-01,69.81000,72.014000,69.64000,70.76000
2006-12-04,69.76000,71.86500,69.55100,70.77000
2006-12-05,69.73000,71.83800,69.46600,70.77000
2006-12-06,69.79000,71.14600,69.54100,70.81000
2006-12-07,70.57000,71.11500,69.54400,70.78000
2006-12-08,70.59000,71.92600,69.62300,71.080002
2006-12-11,71.091003,72.091003,69.78600,71.019997
2006-12-12,69.90000,72.79600,69.68700,72.78100
2006-12-13,72.059998,72.83300,69.80000,72.82700
2006-12-14,72.10700,72.82000,69.70400,71.90100
2006-12-15,71.19500,72.28800,69.87400,71.34000
2006-12-18,70.33000,72.28700,69.97000,71.32000
2006-12-19,70.31000,72.28700,70,71.059998
2006-12-20,70.050003,71.87900,69.77600,71.84600
2006-12-21,71.14000,71.90200,69.80600,71.83900
2006-12-22,71.12700,71.97500,69.77900,71.91700
2006-12-25,71.22000,71.77700,70.15000,71.73700
2006-12-26,70.26000,72.24300,70.21000,71.31000
2006-12-27,70.32000,72.22200,69.88100,71.27000
2006-12-28,70.27000,72.24600,69.74800,71.21000
2006-12-29,70.19000,72.17400,69.87400,71.11000
2007-01-01,70.11000,71.11000,70.11000,71.11000
2007-01-02,69.90000,71.99800,69.64300,70.86000
2007-01-03,69.88000,72.075996,69.70800,71.17000
2007-01-04,70.15000,72.32400,69.87100,71.37000
2007-01-05,70.38000,72.32800,70.014000,71.57000
2007-01-08,70.56000,72.53900,70.17400,71.53000
2007-01-09,70.54000,71.72100,70.11000,71.39000
2007-01-10,71.17000,71.80800,70.20800,71.54500
2007-01-11,71.30000,72.61400,70.26300,71.83000
2007-01-12,70.84000,72.68900,70.38500,71.76000
2007-01-15,70.72000,72.61700,70.29300,71.69000
2007-01-16,70.70000,72.60700,70.23500,71.73000
2007-01-17,70.72000,72.40000,70.32700,72.33600
2007-01-18,71.60400,72.42400,70.27600,72.30300
2007-01-19,71.57600,72.38800,70.25200,72.29200
2007-01-22,71.57800,72.36300,70.26300,72.31700
2007-01-23,71.60500,72.35700,70.17100,72.17400
2007-01-24,71.47100,72.33400,70.18100,72.30200
2007-01-25,71.58300,72.38800,70.22500,72.35300
2007-01-26,71.63300,72.46300,70.34800,72.39500
2007-01-29,71.66900,72.066002,70.37800,71.60200
2007-01-30,70.60000,71.95900,70.28700,71.58100
2007-01-31,71.22200,72,70.28700,71.44800
2007-02-01,71.095001,71.83700,70.16000,71.46300
2007-02-02,71.10500,71.83700,69.73100,71.58000
2007-02-05,71.22800,72.65100,70.28700,71.64000
2007-02-06,70.63000,72.011002,70.31700,71.54400
2007-02-07,71.18600,71.90100,70.21500,71.47200
2007-02-08,71.12100,71.89400,70.18800,71.45000
2007-02-09,71.089996,71.88800,70.18400,71.51000
2007-02-12,70.46000,71.96300,70.15400,71.58600
2007-02-13,71.23200,71.90600,70.13700,71.43400
2007-02-14,71.073997,71.71600,69.99700,71.25500
2007-02-15,70.89800,71.62000,69.90200,71.22200
2007-02-16,70.87000,71.61100,69.94300,71.23100
2007-02-19,70.84300,72.25600,69.92900,71.18000
2007-02-20,70.19000,72.23300,69.87100,71.21000
2007-02-21,70.22000,72.27300,69.91500,71.21000
2007-02-22,70.20000,72.35200,70.0070038,71.24000
2007-02-23,70.23000,72.018997,69.96300,71.90200
2007-02-26,71.19500,71.92700,69.86800,71.85800
2007-02-27,71.13900,71.90200,69.75900,71.73500
2007-02-28,71.025002,71.85900,69.77600,71.74900
2007-03-01,71.049004,71.90700,69.76900,71.85200
2007-03-02,71.14100,71.93000,69.85100,71.83500
2007-03-05,71.10600,72.065002,69.91600,72.025002
2007-03-06,71.31800,72.052002,69.98400,71.96400
2007-03-07,71.25300,71.99300,69.93300,71.86400
2007-03-08,71.15200,71.98900,69.86800,71.97000
2007-03-09,71.25300,72.053001,69.91200,72
2007-03-12,71.28400,72.0080032,69.87100,71.84800
2007-03-13,71.13900,71.90600,69.81300,71.83200
2007-03-14,71.11600,71.86800,69.78600,71.77000
2007-03-15,71.070999,71.83800,69.77200,71.75500
2007-03-16,71.049004,71.76800,69.57200,71.59800
2007-03-19,70.88200,71.66900,69.61600,71.63100
2007-03-20,70.91600,71.69800,69.61200,71.59100
2007-03-21,70.87700,71.64700,69.59200,71.45800
2007-03-22,70.75200,71.60200,69.47600,71.55900
2007-03-23,70.85500,71.66100,69.81500,71.65800
2007-03-26,70.93700,71.71300,69.81100,71.55800
2007-03-27,70.85200,71.58300,69.76900,71.51600
2007-03-28,70.81100,71.60700,69.77500,71.60200
2007-03-29,70.88500,71.61800,69.79300,71.55900
2007-03-30,70.85900,71.64700,69.70300,71.51900
2007-04-02,70.77200,71.56000,69.48400,71.49000
2007-04-03,70.78600,71.51900,69.49000,70.84600
2007-04-04,70.16200,71.51800,69.48700,70.77700
2007-04-05,70.074997,71.49700,69.37800,70.68400
2007-04-06,69.97800,71.40600,69.39500,70.76600
2007-04-09,70.070999,71.50100,69.49300,70.81500
2007-04-10,70.10900,71.40500,69.35700,70.65700
2007-04-11,69.96400,71.69800,69.37800,70.64700
2007-04-12,69.64700,71.63300,69.26900,70.53800
2007-04-13,69.50300,71.48000,69.15000,70.48300
2007-04-16,70.45000,71.70600,69.12900,70.40600
2007-04-17,70.14000,71.46300,69.084999,70.38100
2007-04-18,69.38300,71.39200,69.057999,70.36300
2007-04-19,69.36600,70.77600,69.046997,70.055000
2007-04-20,69.29300,71.079002,69.024002,71.072998
2007-04-23,70.34300,71.15900,69.070999,71.085999
2007-04-24,70.37800,71.13600,69.070999,70.96300
2007-04-25,70.26800,71.0080032,68.94500,70.97200
2007-04-26,70.26400,71.072998,68.97000,71.055000
2007-04-27,70.35600,71.070000,68.96900,70.95300
2007-04-30,70.28400,71.067001,68.92500,70.96000
2007-05-01,70.26700,71.057999,68.95500,71.030998
2007-05-02,70.32700,71.11400,69.046997,71.056000
2007-05-03,70.36500,71.43500,69.016998,70.41200
2007-05-04,70.43200,71.16600,69.11500,71.055000
2007-05-07,70.33400,71.056000,69.30700,71.041000
2007-05-08,70.33400,71.19500,69.037003,71.14800
2007-05-09,70.43700,72.43400,69.11200,72.41300
2007-05-10,71.17300,72.53600,69.39400,72.50100
2007-05-11,71.27500,71.82300,69.46000,70.29900
2007-05-14,69.75900,70.99600,69.40300,70.27000
2007-05-15,69.74900,70.97800,69.033997,70.16600
2007-05-16,69.64200,70.67200,69.043999,70.45000
2007-05-17,70.19000,70.82700,69.15300,70.46500
2007-05-18,70.18000,70.83900,69.22800,70.44000
2007-05-21,70.15000,71.14700,69.21800,70.38900
2007-05-22,69.87700,71.58700,69.27500,70.60300
2007-05-23,70.22000,71.14400,69.26900,70.39500
2007-05-24,70.21000,70.93000,69.29300,70.55000
2007-05-25,70.23000,70.93000,69.32600,70.54000
2007-05-28,69.89300,71.11400,69.28700,70.41200
2007-05-29,70.23000,71.12300,69.20700,70.42400
2007-05-30,70.14000,70.97800,69.30600,70.51500
2007-05-31,70.15000,70.96600,69.25800,70.47000
2007-06-01,70.13000,71.14100,69.30300,70.40900
2007-06-04,69.89400,70.92900,69.19000,70.39000
2007-06-05,70.040001,70.99300,69.14600,70.25900
2007-06-06,70.080002,70.74500,69.13900,70.43500
2007-06-07,69.76400,71.066002,69.24100,70.43400
2007-06-08,70.32000,71.19200,69.36700,70.53600
2007-06-11,70.36000,71.077003,69.46900,70.67000
2007-06-12,70.39000,71.30500,69.39400,70.57500
2007-06-13,70.052002,71.44600,69.20700,70.30500
2007-06-14,69.78300,70.65400,69.047997,70.29500
2007-06-15,70.019997,70.51500,68.91300,70.010002
2007-06-18,69.76000,70.078003,68.35200,69.63500
2007-06-19,69.43000,70.0070038,68.50200,69.81500
2007-06-20,69.64000,69.95500,68.47100,69.85000
2007-06-21,69.63500,70.86900,68.52900,70.63000
2007-06-22,69.64300,70.84800,68.50700,70.47200
2007-06-25,69.48000,70.95000,68.50100,70.47800
2007-06-26,69.47500,71.022003,68.61000,70.48000
2007-06-27,69.46600,71.044998,68.71800,70.47000
2007-06-28,69.47500,71.041000,68.66300,70.47400
2007-06-29,69.47400,70.30400,68.58300,69.69000
2007-07-02,69.80900,69.81600,68.41400,69.72200
2007-07-03,69.060997,70.70400,68.37700,70.081001
2007-07-04,69.087997,70.68000,68.37400,70.069000
2007-07-05,69.069000,70.65700,68.32000,70.094002
2007-07-06,69.092003,70.80900,68.46900,70.0049973
2007-07-09,69.0029984,70.58000,68.27700,70.0070038
2007-07-10,69.058998,70.47800,67.93300,69.72300
2007-07-11,68.66300,70.15600,67.79200,69.70600
2007-07-12,68.69800,69.99100,67.67000,69.55600
2007-07-13,68.56800,69.96100,67.59700,69.55400
2007-07-16,68.53000,69.59900,67.19600,69.53900
2007-07-17,68.53400,69.25400,67.21600,69.20900
2007-07-18,68.52900,69.26200,67.17300,69.17200
2007-07-19,68.37900,69.20400,67.16600,69.18200
2007-07-20,68.50300,69.22400,67.22300,69.13200
2007-07-23,68.42700,69.24000,67.17900,69.21200
2007-07-24,68.53100,69.23100,67.14900,69.12600
2007-07-25,68.43700,69.37000,67.19900,69.29300
2007-07-26,68.60200,69.34800,67.30600,69.25500
2007-07-27,68.58700,69.46800,67.34300,69.45600
2007-07-30,68.80500,69.81400,67.40900,69.51900
2007-07-31,68.67400,69.42700,67.36300,69.41100
2007-08-01,68.71500,69.81200,67.37900,68.88400
2007-08-02,68.70100,68.92000,67.41600,68.83400
2007-08-03,68.65500,68.86100,67.32300,68.69500
2007-08-06,68.5,68.68400,68.014999,68.67000
2007-08-07,68.49300,69.57300,68.087997,69.27900
2007-08-08,68.28000,69.58900,67.18300,69.12000
2007-08-09,68.12300,69.67900,67.22600,69.48100
2007-08-10,68.46400,69.70300,67.38300,69.39000
2007-08-13,68.38700,69.74900,67.40900,69.63200
2007-08-14,68.65100,69.88600,67.53900,69.86600
2007-08-15,68.86200,70.21500,67.61700,70.21500
2007-08-16,69.22100,70.35000,67.66500,70.21500
2007-08-17,69.23100,70.36100,67.53500,70.047997
2007-08-20,69.019997,70.099998,67.52200,70.036003
2007-08-21,69.051003,70.091003,67.51800,70.070000
2007-08-22,69.066002,70.10300,67.50500,69.78700
2007-08-23,68.78300,69.82400,67.38800,69.70300
2007-08-24,68.72200,69.75,67.32200,69.35500
2007-08-27,68.36900,69.58900,67.23200,69.44500
2007-08-28,68.45000,69.58500,67.23600,69.55500
2007-08-29,68.55500,69.69000,67.26900,69.29100
2007-08-30,68.29100,69.64200,67.29900,69.40500
2007-08-31,68.41500,69.80900,67.019997,68.41900
2007-09-03,68.59500,69.62900,67.28900,69.44600
2007-09-04,68.43400,69.71900,67.35200,69.48200
2007-09-05,68.49900,68.92500,67.26900,68.56000
2007-09-06,68.30000,69.52000,67.17900,68.5
2007-09-07,68.13900,70.21300,67.18600,69.37900
2007-09-10,67.79300,69.38000,66.99900,69.31900
2007-09-11,68.15000,68.54700,66.93300,68.21500
2007-09-12,68.23200,69.27100,66.84300,69.13700
2007-09-13,67.89000,69.21300,66.83300,69.20300
2007-09-14,68.18300,69.24500,66.85600,69.19100
2007-09-17,67.86000,68.40200,66.85600,68.20500
2007-09-18,68,69.26500,66.87600,69.0070038
2007-09-19,67.99500,69.11700,66.72000,69.067001
2007-09-20,66.97500,69.067001,66.46300,68.84400
2007-09-21,67.84400,68.90100,66.38600,68.81800
2007-09-24,67.58000,68.049004,66.33700,67.81000
2007-09-25,67.81100,68.046997,66.25200,67.73500
2007-09-26,67.54000,68.80300,66.21500,68.76900
2007-09-27,66.35000,68.78500,66.13500,68.72200
2007-09-28,67.55000,67.91200,66.018997,67.52500
2007-10-01,67.31000,67.92700,65.98000,67.70300
2007-10-02,67.40000,67.92100,66.0059967,67.73500
2007-10-03,67.52000,67.93800,66.16000,67.92200
2007-10-04,67.63000,68.044998,66.37600,67.72500
2007-10-05,67.56000,68.15400,66.36700,67.64500
2007-10-08,67.38000,68.89700,66.47300,68.86200
2007-10-09,67.84500,68.17800,66.51000,67.69000
2007-10-10,67.76100,68.036003,66.32800,67.65000
2007-10-11,67.39000,68.11700,66.098000,67.85000
2007-10-12,67.60600,67.88600,66.20100,67.66500
2007-10-15,67.46000,67.86900,66.24100,67.62000
2007-10-16,67.59100,67.89700,66.16600,67.69500
2007-10-17,67.47000,67.85700,66.17400,67.62000
2007-10-18,67.39000,67.79600,65.90100,67.47500
2007-10-19,67.31000,67.72700,65.85900,67.44500
2007-10-22,67.21000,67.90300,65.81700,67.65000
2007-10-23,67.43000,68.64800,66.036003,68.49300
2007-10-24,67.48100,68.61800,66.067001,68.48300
2007-10-25,67.47200,68.51900,65.82800,68.39900
2007-10-26,67.37600,68.40800,65.69500,68.27900
2007-10-29,67.23900,68.28800,65.5,66.51400
2007-10-30,65.52200,66.97800,65.30000,66.49000
2007-10-31,65.46900,66.89200,65.26900,66.32400
2007-11-01,65.32900,66.89800,65.32300,66.57500
2007-11-02,65.57500,66.60700,65.26200,66.27000
2007-11-05,65.27000,67.40000,65.25,67.074997
2007-11-06,66.81000,67.34400,65.13200,66.93500
2007-11-07,66.66000,67.12600,64.80400,66.78000
2007-11-08,66.52000,67.11200,65.50600,66.75
2007-11-09,66.48000,67.031998,65.46300,66.75
2007-11-12,66.48000,67.26900,65.097000,66.97000
2007-11-13,66.70000,67.20100,65.23300,66.86500
2007-11-14,66.60000,67.12700,65.060997,66.80500
2007-11-15,66.55000,67.21400,65.12100,66.875
2007-11-16,65.41400,67.20400,65.24800,66.81500
2007-11-19,66.52000,67.16600,65.20400,66.81000
2007-11-20,66.53000,67.028999,64.93800,66.55000
2007-11-21,66.26000,66.91100,64.84400,66.52500
2007-11-22,66.25,66.87300,64.84800,66.51000
2007-11-23,66.26000,66.89100,64.65100,66.53500
2007-11-26,66.30000,67.60300,64.89900,65.91100
2007-11-27,64.93700,67.64400,64.90000,66.11600
2007-11-28,65.13000,67.79700,65.050003,67.72000
2007-11-29,66.72000,67.0090027,65.39300,66.76000
2007-11-30,66.53000,67.011002,65.40300,66.95500
2007-12-03,66.72000,67.12400,65.53600,66.875
2007-12-04,66.65000,67.10600,65.33700,66.73000
2007-12-05,66.51000,67.11100,65.33000,66.99500
2007-12-06,66.76000,67.32600,65.65200,66.94000
2007-12-07,66.72000,67.22300,65.60600,66.92500
2007-12-10,66.70000,67.16000,65.45400,66.82500
2007-12-11,66.82900,67.13300,65.42700,66.91500
2007-12-12,66.69000,67.87600,65.46100,66.54700
2007-12-13,65.55500,67.88200,65.47800,66.74000
2007-12-14,65.73100,68.18200,65.67200,67.24300
2007-12-17,66.33200,67.61300,66.044998,67.29500
2007-12-18,67.070000,67.625,65.98100,67.25
2007-12-19,66.96000,67.61500,66.014999,67.30000
2007-12-20,67.019997,67.69600,66.060997,67.38500
2007-12-21,67.099998,67.66600,66.011002,67.34000
2007-12-24,67.040001,67.63800,66.26800,67.25
2007-12-25,66.99000,67.59800,66.26300,67.25
2007-12-26,66.98000,68.29300,66.046997,67.073997
2007-12-27,66.092003,67.45600,65.74200,66.93000
2007-12-28,66.64000,67.21000,65.55700,66.75
2007-12-31,66.48000,67.95000,65.48600,66.86900
2008-01-01,65.87600,67.60000,65.82800,66.86200
2008-01-02,65.86900,67.19500,65.51400,66.74500
2008-01-03,66.51000,67.11600,65.42900,66.74000
2008-01-04,66.47000,67.081001,65.38800,66.70500
2008-01-07,66.47000,67.13500,65.50600,66.89500
2008-01-08,66.70000,67.041000,65.51200,66.86500
2008-01-09,66.69000,66.99000,65.59300,66.95000
2008-01-10,66.76000,67.20500,65.42700,66.64500
2008-01-11,66.39000,66.99300,65.40800,66.67500
2008-01-14,66.42000,67.95000,65.21000,66.30400
2008-01-15,65.30400,66.85600,65.20900,66.70000
2008-01-16,66.5,67.014999,65.32500,66.91500
2008-01-17,66.71000,67.23000,65.64100,66.95000
2008-01-18,66.72000,68.010002,65.68500,67.95000
2008-01-21,66.79000,67.52500,65.86700,67.27000
2008-01-22,67.050003,67.74100,65.80300,66.80000
2008-01-23,66.47000,67.38500,65.69700,66.89500
2008-01-24,66.67000,67.38500,65.51100,66.67500
2008-01-25,66.46000,66.98800,65.45300,66.86500
2008-01-28,66.62000,66.875,65.47600,66.67500
2008-01-29,66.45000,66.98800,65.41900,66.65500
2008-01-30,66.38000,66.98400,65.25,66.48500
2008-01-31,66.24000,66.95300,65.26600,66.53500
2008-02-01,66.26000,67.70800,65.23600,66.51900
2008-02-04,65.50200,67.92600,65.25,66.5
2008-02-05,65.50700,67.13100,65.34600,66.86500
2008-02-06,66.60000,67.25,65.63200,66.89500
2008-02-07,66.60000,67.36700,65.61500,67.11500
2008-02-08,66.85000,67.45500,65.86200,67.050003
2008-02-11,66.098000,68.16500,65.76500,67.084999
2008-02-12,66.098000,68.14100,65.77500,66.97300
2008-02-13,65.98100,67.34600,65.68500,66.97000
2008-02-14,66.70000,67.25700,65.64500,66.85500
2008-02-15,66.60000,67.16600,65.47200,66.81000
2008-02-18,66.54000,67.45900,65.53100,66.84300
2008-02-19,66.35100,67.32200,65.48600,66.72400
2008-02-20,66.22300,67.47200,65.47000,66.75400
2008-02-21,66.25600,67.29900,65.35900,66.57700
2008-02-22,66.078003,67.18300,65.27200,66.56400
2008-02-25,66.036003,67.67900,65.29100,66.48500
2008-02-26,65.48000,67.66600,65.19400,66.21300
2008-02-27,65.19500,66.63500,64.89600,66.16500
2008-02-28,65.93000,66.64000,64.74400,66.040001
2008-02-29,65.82000,67.40000,64.75100,65.84700
2008-03-03,65.77000,66.625,64.70600,66.055000
2008-03-04,65.83000,66.62000,64.76400,66.040001
2008-03-05,65.81000,67.40000,64.69800,65.74000
2008-03-06,64.74900,66.95000,64.54700,65.58100
2008-03-07,64.53800,66.80100,64.46800,65.65000
2008-03-10,64.62200,67.40000,64.51800,65.70000
2008-03-11,64.68700,67.40000,64.43100,65.71400
2008-03-12,64.70500,66.83500,64.33100,65.33100
2008-03-13,64.34700,66.58200,64.21200,65.24300
2008-03-14,64.26200,66.58500,64.18200,65.18500
2008-03-17,64.086998,66.34200,63.82200,65.14800
2008-03-18,64.14700,66.30500,63.97600,65.32800
2008-03-19,64.34300,66.375,64.055000,65.33700
2008-03-20,64.64700,65.64700,64.64700,65.64700
2008-03-21,64.65000,66.76800,64.46800,65.65100
2008-03-24,64.65000,65.65000,64.65000,65.65000
2008-03-25,64.65100,67.40000,64.26500,65.36200
2008-03-26,64.35900,66.70000,64.014000,65.030998
2008-03-27,64.040001,66.40500,64.0049973,65.13900
2008-03-28,64.13900,66.36900,63.95200,65.13000
2008-03-31,64.10500,65.79600,63.94600,65.25
2008-04-01,64.30200,67,64.15900,65.41700
2008-04-02,64.40500,67,64.17800,65.28900
2008-04-03,64.29600,66.63200,64.24200,65.31200
2008-04-04,64.31200,66.42500,64.084999,65.23600
2008-04-07,64.24200,66.46900,64.11200,65.29300
2008-04-08,64.27100,66.76100,64.065002,65.30200
2008-04-09,64.30000,66.43200,64.064003,65.11500
2008-04-10,64.11200,66.30900,63.88900,65.24300
2008-04-11,64.24400,66.31600,63.95900,65.13400
2008-04-14,64.30600,66.35200,63.91900,65.10400
2008-04-15,64.11400,66.32900,63.93600,65.18200
2008-04-16,64.18700,66.26900,63.79900,64.95800
2008-04-17,63.97000,66.16900,63.78600,65.030998
2008-04-18,64.046997,66.22200,63.83600,65.16900
2008-04-21,64.17300,66.23900,63.85600,65.043999
2008-04-22,64.042000,66.057999,63.65800,64.92100
2008-04-23,63.92700,65.95000,63.36700,65.068001
2008-04-24,64.082001,65.20000,62.99800,64.45000
2008-04-25,64.19000,64.77500,62.33300,63.57000
2008-04-28,64.44800,64.73100,62.24900,63.53000
2008-04-29,63.30000,65.25,62.55500,63.85000
2008-04-30,63.60000,64.73800,62.57300,63.74000
2008-05-01,63.49000,64.86100,63.44000,63.90000
2008-05-02,63.65000,65.26000,63.5,63.87000
2008-05-05,63.60000,66,62.57000,65.45600
2008-05-06,64.45400,64.78800,62.46700,63.75500
2008-05-07,63.49000,64.84000,62.32600,63.65500
2008-05-08,63.40000,64.042999,62.36700,63.64000
2008-05-09,63.39000,64.055000,62.31300,63.52500
2008-05-12,63.30000,64.055000,62.24500,63.44500
2008-05-13,63.20000,63.91400,62.23600,63.54500
2008-05-14,63.24000,64.042999,62.31900,63.46000
2008-05-15,63.090000,63.97500,62.23900,63.50500
2008-05-16,63.15000,63.97200,62.28100,63.30000
2008-05-19,63.053001,64.0049973,62.12900,63.28000
2008-05-20,62.81000,63.89700,62.042000,63.084999
2008-05-21,62.64000,63.65000,61.90400,63.11000
2008-05-22,62.86000,63.66500,61.90100,63.20500
2008-05-23,62.95000,63.60000,61.95200,63.15000
2008-05-26,62.89000,63.47700,61.90100,63.15000
2008-05-27,62.89000,63.60000,61.92000,63.27000
2008-05-28,63.029999,63.30000,61.58800,62.93000
2008-05-29,62.67000,63.29700,61.45000,62.76000
2008-05-30,62.52000,63.33600,62.45000,62.72500
2008-06-02,62.47000,63.24500,61.32200,62.54500
2008-06-03,62.30000,63.34300,61.22400,62.69000
2008-06-04,62.45000,63.32900,61.19100,62.48000
2008-06-05,62.25,64.75,61.23600,63.67600
2008-06-06,62.69900,63.75400,61.042999,62.53100
2008-06-09,62.25800,63.55500,60.76800,63.50500
2008-06-10,62.50800,63.91700,61.081001,63.87300
2008-06-11,62.88900,63.89100,61.11900,63.64100
2008-06-12,62.63500,63.99900,61.26400,63.85900
2008-06-13,62.84900,64.17700,61.33700,64.012001
2008-06-16,62.94400,63.74500,62.049999,62.46500
2008-06-17,62.22000,63.034000,62.099998,62.41500
2008-06-18,62.17000,62.97500,62.12000,62.39000
2008-06-19,62.13000,63.71900,62.049999,63.61800
2008-06-20,62.45500,63.56800,62.20500,63.20400
2008-06-23,62.23500,62.83600,61.10300,62.45500
2008-06-24,62.27000,62.76200,61.023998,62.39000
2008-06-25,62.39000,62.62700,61.029999,62.24000
2008-06-26,62.060001,63.18900,60.68800,62.94900
2008-06-27,61.87600,63.012001,60.61200,62.75
2008-06-30,61.78500,63.20000,60.57800,62.80700
2008-07-01,61.80800,63.29500,60.57800,61.90500
2008-07-02,61.71000,62.38000,60.51100,61.79000
2008-07-03,61.61000,63.28000,60.49900,62.040001
2008-07-04,61.85000,62.16600,60.65700,61.97000
2008-07-07,61.80000,62.39500,60.64800,61.88500
2008-07-08,61.69000,62.34500,60.55600,61.96500
2008-07-09,61.77000,62.22000,60.50600,61.79000
2008-07-10,61.57000,62.056000,60.51900,61.73500
2008-07-11,61.51000,61.89900,60.34600,61.44500
2008-07-14,60.99400,61.875,60.25500,61.48500
2008-07-15,61.28000,61.78000,59.87700,61.24000
2008-07-16,61.0099983,62.32100,59.90000,62.26900
2008-07-17,61.27100,62.33900,59.83800,62.12200
2008-07-18,61.13900,62.55000,59.86300,62.14100
2008-07-21,61.16500,62.55000,59.81900,61.88500
2008-07-22,60.89100,62.33000,59.75600,62.27000
2008-07-23,61.24100,62.56900,59.86600,62.51800
2008-07-24,61.53600,62.74800,59.90000,61.71300
2008-07-25,60.71300,62.20900,59.86600,61.57900
2008-07-28,60.59400,62.20000,59.86300,61.21300
2008-07-29,60.23100,62.21900,59.86900,61.65900
2008-07-30,60.67300,62.41800,60.030998,61.65200
2008-07-31,60.65300,62.33400,59.94700,61.51400
2008-08-01,60.52200,62.42100,60.041000,61.32100
2008-08-04,60.29700,62.35000,59.99500,61.31900
2008-08-05,60.34600,62.35700,59.93100,61.34400
2008-08-06,60.36400,62.21400,59.84200,61.84500
2008-08-07,60.17700,62.23500,59.80500,61.41200
2008-08-08,60.42300,62.27900,59.62200,62.24400
2008-08-11,61.46500,62.41300,59.67700,62.067001
2008-08-12,61.14800,62.18800,59.67900,61.93000
2008-08-13,61.032001,62.055000,59.67800,61.90100
2008-08-14,60.98400,61.42400,59.57100,61.084999
2008-08-15,60.84000,62.20400,59.65000,62.10200
2008-08-18,60.054001,61.375,59.35400,61.095001
2008-08-19,60.86000,61.40000,59.15400,60.94500
2008-08-20,60.73000,61.32800,59.11500,60.99000
2008-08-21,60.76000,62,58.90200,60.87000
2008-08-22,59.86200,61.098999,59.56400,60.93500
2008-08-25,60.70000,61.24700,59.0040016,60.96000
2008-08-26,60.73000,61.43400,58.84900,61.064999
2008-08-27,60.84000,61.21300,59.61800,60.93000
2008-08-28,60.71000,61.20400,59.56400,60.97000
2008-08-29,60.74000,61.17300,59.61300,61
2008-09-01,60.73000,61.39900,59.50800,61.10500
2008-09-02,60.87000,61.48400,59.89300,61.14500
2008-09-03,60.89000,61.48600,59.84800,61.080002
2008-09-04,60.82000,61.43000,59.72900,61.36000
2008-09-05,61.16000,61.43900,59.86800,61.070000
2008-09-08,60.64000,61.42100,59.83400,61.25500
2008-09-09,61,62.26300,59.89400,61.35500
2008-09-10,60.31600,62.31700,59.93900,61.17100
2008-09-11,60.16800,62.56700,60.084999,61.73700
2008-09-12,60.72200,62.32000,59.99300,61.37300
2008-09-15,60.82500,62.21200,59.74400,61.31200
2008-09-16,60.31300,61.45900,59.76500,61.13000
2008-09-17,60.86000,62.23900,59.78900,61.30700
2008-09-18,60.55000,61.23000,59.40700,60.87000
2008-09-19,60.55000,61.44000,59.79200,60.64000
2008-09-22,60.30000,61.16500,59.23900,60.20500
2008-09-23,59.88000,60.97500,59.014000,60.39500
2008-09-24,60.099998,60.76800,58.99100,60.38000
2008-09-25,60.070000,60.66900,59.014999,60.36000
2008-09-26,60.049999,60.80700,59.18900,60.33500
2008-09-29,60.099998,61.80700,59.25300,61.21100
2008-09-30,60.20400,61.21000,59.45900,61.029999
2008-10-01,60.79000,61.22800,59.62900,61.10500
2008-10-02,60.82000,61.67400,60.15000,61.080002
2008-10-03,60.82000,61.68900,60.12600,61.10500
2008-10-06,61.029999,61.59900,60.035000,61.41000
2008-10-07,61.19000,61.65600,59.89000,61.27500
2008-10-08,60.96000,61.52200,59.80300,61.14500
2008-10-09,60.92000,61.41800,59.79700,61.26000
2008-10-10,61,61.54500,59.95500,61.30000
2008-10-13,60.5,62.24500,59.85900,61.54300
2008-10-14,60.5,61.36300,59.70200,61.13500
2008-10-15,60.88000,61.375,59.86500,61.375
2008-10-16,61.20000,61.56500,59.86100,61.24500
2008-10-17,61.080002,61.58400,59.94800,61.26000
2008-10-20,61.0099983,61.51600,59.87100,61.36000
2008-10-21,61.16000,61.74600,60.092999,61.69000
2008-10-22,61.45000,62.73700,60.91800,62.58500
2008-10-23,62.37000,63.18300,61,62.64500
2008-10-24,62.43000,64.20800,62.42000,63.81500
2008-10-27,63.72000,64.84000,63.20100,64.46000
2008-10-28,64.19000,64.73000,63.011002,64
2008-10-29,63.66000,64.79000,62.73200,64.53000
2008-10-30,64.29000,65.55800,63.51000,65.35500
2008-10-31,65.20000,67.23700,64.78000,66.95500
2008-11-03,66.70000,66.98800,65.44400,65.47500
2008-11-04,65.47000,66.97500,65.47000,65.67500
2008-11-05,65.67000,67.24900,65.58800,66.85000
2008-11-06,66.57000,67.5,65.74500,67.39500
2008-11-07,67.11000,67.61000,65.97800,67.38500
2008-11-10,67.029999,67.85300,65.92700,67.43000
2008-11-11,66.96000,67.71000,66.064003,66.24500
2008-11-12,66.24000,68.38500,66.24000,67.75
2008-11-13,67.65000,68.44400,66.91600,66.94300
2008-11-14,66.93800,68.21500,66.89400,66.94300
2008-11-17,66.93800,68.36300,66.93800,66.94300
2008-11-18,66.93800,68.38200,66.93800,67.083000
2008-11-19,67.078003,68.54500,67.078003,67.19700
2008-11-20,67.19200,69.085999,67.19200,68.69500
2008-11-21,68.44000,69.036003,67.33100,68.25
2008-11-24,68.44000,68.71000,67.15800,67.24600
2008-11-25,67.24100,68.55200,66.61500,68.41200
2008-11-26,68.41000,68.62000,67.27300,67.27800
2008-11-27,67.27300,71.16400,67.27300,69.86400
2008-11-28,68.036003,69.57100,67.90000,68.20000
2008-12-01,69.27100,70.59000,69.27100,70.5
2008-12-02,69.95900,71.37800,69.83500,69.92300
2008-12-03,69.91800,71.36500,69.89800,69.91300
2008-12-04,69.89800,71.42800,69.89800,70.028000
2008-12-05,70.022003,72.078003,69.82100,72
2008-12-08,69.82800,71.056000,69.55600,69.83100
2008-12-09,69.82500,71.0049973,69.59300,69.59800
2008-12-10,69.59300,69.59800,69.33100,69.45000
2008-12-11,69.44500,71.31500,68.81100,69.89500
2008-12-12,69.63000,70.36500,68.74600,69.95500
2008-12-15,69.66000,70.41700,68.61900,69.61500
2008-12-16,69.36000,70.58900,68.80000,69.66000
2008-12-17,69.48000,71.14600,69.080002,70.66000
2008-12-18,70.39000,71.74500,69.59300,71.69500
2008-12-19,71.36000,71.99500,69.86200,71.40500
2008-12-22,71.12000,71.69700,69.89000,71.26500
2008-12-23,70.98000,71.49400,69.90300,71.20000
2008-12-24,70.98000,71.73800,69.82500,71.35000
2008-12-25,71.125,71.13300,71.12200,71.12900
2008-12-26,71.12200,71.37200,69.78000,70.95000
2008-12-29,70.70000,71.60000,69.74700,71.20000
2008-12-30,69.75900,72.18800,68.96700,70.23900
2008-12-31,69.23900,71.75,69.050003,70.43800
2009-01-01,69.47400,70.51800,69.23500,70.41900
2009-01-02,69.41600,71.80000,69.26400,70.74900
2009-01-05,69.61800,72.31100,69.48800,71.38000
2009-01-06,70.36800,72.38500,70.024002,71.66100
2009-01-07,70.62400,71.67400,69.85000,71.5
2009-01-08,69.87400,72.21200,69.83700,71.18300
2009-01-09,70.22900,72.19800,69.82600,71.98700
2009-01-12,70.87200,72.34500,69.84600,72.14000
2009-01-13,71.14600,72.82300,69.87700,72.67200
2009-01-14,71.68200,73.031998,69.93900,72.84700
2009-01-15,71.78400,72.43600,69.92700,71.20500
2009-01-16,71.93700,72.20000,70.68000,71.014999
2009-01-19,71.43600,73.019997,69.76300,72.13200
2009-01-20,71.18100,72.96700,70.40600,72.86500
2009-01-21,71.59000,72.37200,70.51100,71.55500
2009-01-22,71.33000,72.98100,70.26600,72.72600
2009-01-23,71.41000,72.69000,70.75900,71.68000
2009-01-26,71.48000,73.20100,70.30000,72.30900
2009-01-27,71.25900,71.77000,69.82900,71.32000
2009-01-28,71.37900,71.86000,69.81200,71.40000
2009-01-29,71.15000,73.31100,70.14200,73.21200
2009-01-30,71.54000,73.94500,71.059998,73.85900
2009-02-02,72.99000,73.69100,70.59200,71.74500
2009-02-03,71.28000,72.32000,70.045998,71.19000
2009-02-04,70.15700,72.79900,69.99900,71.97200
2009-02-05,71.070000,72.91100,70.53600,72.21700
2009-02-06,71.17000,72.38300,70.40600,71.42500
2009-02-09,71.019997,72.74400,70.011002,71.33400
2009-02-10,70.32400,72.28400,70.066002,71.73000
2009-02-11,70.75700,72.85700,70.48000,71.88800
2009-02-12,71.37000,72.44300,69.81100,71.94500
2009-02-13,69.80300,72.57000,69.51200,70.78200
2009-02-16,69.88000,71.15100,69.88000,71.058998
2009-02-17,70.95000,72.70000,70.95000,71.40000
2009-02-18,71.38100,73.16100,71.029999,72.64500
2009-02-19,72.26000,73.68100,70.44100,71.84100
2009-02-20,71.97000,73.72800,70.095001,71.17100
2009-02-23,70.17100,72.92100,70.0049973,72.49000
2009-02-24,70.83400,73.019997,70.10100,72.25
2009-02-25,71.85000,72.97700,70,72.54500
2009-02-26,72.12000,73.61200,70.49900,71.84100
2009-02-27,71.94000,73.042000,70.76500,72.39500
2009-03-02,72.5,73.018997,71.40100,72.48500
2009-03-03,72.080002,73.017998,71.17700,72.51000
2009-03-04,72.14000,73.79800,71.35400,72.45600
2009-03-05,71.93000,73.35600,71.32900,73.050003
2009-03-06,71.55600,73.97200,70.99200,72.48400
2009-03-09,71.15000,72.93800,71.15000,72.67500
2009-03-10,71.70600,74.023003,70.76200,72.45600
2009-03-11,71.39100,74.28000,70.60500,71.76000
2009-03-12,70.71600,73.70000,70.29100,71.43700
2009-03-13,70.42400,73.65000,70.23300,71.41300
2009-03-16,70.52600,73.30700,69.97300,72.74500
2009-03-17,72.35000,73.41600,71.52200,72.70500
2009-03-18,72.31000,73.36600,71.47000,71.875
2009-03-19,71.48000,72.96300,70.93100,72.38000
2009-03-20,71.98000,73.38500,71.30000,72.83500
2009-03-23,72.34000,73.58200,71.53500,72.82500
2009-03-24,72.44000,73.61500,71.70000,73.019997
2009-03-25,71.72800,74.69900,71.72800,73.72300
2009-03-26,72.22300,74.56500,71.65900,74.070000
2009-03-27,72.55800,75.036003,71.74400,74.92100
2009-03-30,73.64900,75.58500,72.072998,75.30500
2009-03-31,73.78500,75.44000,71.80000,75.23600
2009-04-01,73.74000,75.48100,71.81000,73.36100
2009-04-02,71.88300,75.34200,70.69200,72.33400
2009-04-03,70.89800,72.83500,70.89800,71.53500
2009-04-06,72,73.31400,70.91000,72.78500
2009-04-07,71.45500,74.75600,71.42800,73.36300
2009-04-08,72.64000,73.77500,71.82500,73.050003
2009-04-09,72.64000,73.63100,71.60000,73.24000
2009-04-10,72.83000,73.85400,72.14500,73.17500
2009-04-13,72.77000,74.61600,71.80900,73.69400
2009-04-14,72.23000,73.44000,71.64100,72.81000
2009-04-15,72.41700,74.64400,71.70100,74.053001
2009-04-16,72.49000,73.57700,71.75,72.95500
2009-04-17,72.67700,73.79300,72.012001,73.23500
2009-04-20,72.82000,73.87000,72.12300,73.25500
2009-04-21,72.84000,73.79000,72.0049973,73.19000
2009-04-22,72.80000,73.81500,71.91500,73.095001
2009-04-23,72.70000,73.65300,71.83200,72.80000
2009-04-24,72.40000,73.82300,72.099998,72.63500
2009-04-27,72.099998,74.95600,71.67300,74.85900
2009-04-28,72.66000,73.84100,70.45700,72.79500
2009-04-29,72.42000,73.5,70.5,72.56000
2009-04-30,72.20000,74.47400,70.75900,72.33900
2009-05-01,70.83800,74.38600,70.73000,72.38600
2009-05-04,70.73000,74.42800,70.73000,72.82800
2009-05-05,71.33800,74.19300,70.92000,72.81000
2009-05-06,71.29700,73.088997,69.59100,71.82500
2009-05-07,70.33200,74.39600,70.23000,72.69500
2009-05-08,71.18400,73.11200,70.23000,72.050003
2009-05-11,71.63000,73.55600,70.54800,71.98000
2009-05-12,71.014999,73.45900,70.79000,71.94500
2009-05-13,71.070000,73.55300,70.88000,72.044998
2009-05-14,71.23000,74.24900,70.90000,72.70500
2009-05-15,71.20500,74.24900,70.60000,72.65300
2009-05-18,70.60000,73.47400,70.60000,72.38000
2009-05-19,71.83000,73.23700,71.11700,72.25500
2009-05-20,71.70000,72.96800,71.018997,72.36000
2009-05-21,71.98000,72.89800,70.93700,72.095001
2009-05-22,71.71000,72.75600,70.5,72.099998
2009-05-25,71.65000,72.70500,70.5,72.095001
2009-05-26,71.72000,72.87300,70.78300,72.16000
2009-05-27,70.92800,73.95800,70.85000,72.47800
2009-05-28,72.070000,73.11300,70.85000,72.46500
2009-05-29,72.070000,72.86100,70.82100,72.059998
2009-06-01,71.76000,72.87000,70.71500,72.21000
2009-06-02,71.87000,72.80100,70.60900,72.050003
2009-06-03,71.68000,74.32900,70.80600,72.82800
2009-06-04,71.33000,73.42600,71.099998,72.70000
2009-06-05,72.34000,73.33200,71.099998,73.16500
2009-06-08,72.84000,74.27300,71.44700,73.025002
2009-06-09,72.36000,74.093002,71.73700,72.68000
2009-06-10,72.019997,74.053001,71.63200,73.014999
2009-06-11,72.37000,74.084000,71.73600,72.75
2009-06-12,72.11000,74.065002,71.60000,72.95000
2009-06-15,72.34000,74.25700,71.60000,73.23000
2009-06-16,72.56000,74.0059967,71.60000,73.31000
2009-06-17,72.83000,74.052002,71.96600,73.11000
2009-06-18,72.64000,73.88600,71.77600,73.18500
2009-06-19,72.71000,73.88500,71.78900,73.11000
2009-06-22,72.61000,74.0070038,71.5,73.30500
2009-06-23,72.88000,74.98700,71.76400,73.27300
2009-06-24,71.77300,73.66900,71.20000,73.19000
2009-06-25,72.74000,74.97600,71.5,73.44800
2009-06-26,72.64000,73.68900,71.5,72.96500
2009-06-29,71.5,74.73200,71.5,73.26800
2009-06-30,71.76800,74.74700,71.54200,73.15400
2009-07-01,71.65400,74.67500,71.52500,73.030998
2009-07-02,71.53200,74.77200,71.53100,73.14800
2009-07-03,71.64900,74.81800,71.40000,73.30000
2009-07-06,71.80200,73.84700,71.70000,73.17000
2009-07-07,72.81000,73.82200,71.77800,73.31500
2009-07-08,71.77900,73.84700,71.77100,73.37000
2009-07-09,73.019997,74.88600,71.81300,73.34400
2009-07-10,72.72000,73.83500,71.81100,73.25
2009-07-13,72.86000,73.76300,71.85700,73.17000
2009-07-14,72.80000,73.62000,71.75300,73.30000
2009-07-15,73.059998,73.39600,71.77100,73.035004
2009-07-16,72.81000,74.61400,71.49500,73.0080032
2009-07-17,71.50900,74.58200,71.48400,73.046997
2009-07-20,71.58700,74.37800,71.29600,72.85800
2009-07-21,71.35700,74.35700,71.34300,72.86600
2009-07-22,71.36700,73.99300,71.35900,73.95000
2009-07-23,72.86700,74.37800,71.35000,72.85000
2009-07-24,71.35000,74.36400,71.34400,72.85700
2009-07-27,71.35500,74.35000,71.26700,72.79300
2009-07-28,71.29400,74.40700,71.21900,72.90300
2009-07-29,71.40300,74.59300,71.38600,73.10300
2009-07-30,71.60500,74.65000,71.56700,73.10400
2009-07-31,71.61100,74.53600,71.30700,72.83700
2009-08-03,71.32000,74.45000,70.96700,72.50300
2009-08-04,71.0049973,73.14000,70.98000,72.59000
2009-08-05,71.11200,74.42000,71.031998,72.55400
2009-08-06,72.34000,73.16000,71.14500,72.82000
2009-08-07,71.28100,73.19000,71.23400,73.14000
2009-08-10,72.91000,74.67500,71.55900,73.20900
2009-08-11,71.70600,74.77500,71.64200,73.21600
2009-08-12,71.72200,74.78200,71.54600,73.13500
2009-08-13,71.63100,73.51800,71.45100,72.71500
2009-08-14,72.25,73.53000,71.41200,72.86000
2009-08-17,72.42000,73.85600,71.68300,73.099998
2009-08-18,72.62000,74.80800,71.68700,73.21400
2009-08-19,71.71200,73.78600,71.48300,72.80500
2009-08-20,72.32000,74.58900,71.45700,73.0059967
2009-08-21,71.50500,74.5,71.30400,72.88400
2009-08-24,72.12000,73.48000,71.35600,72.67000
2009-08-25,71.43300,73.44000,71.36200,72.59000
2009-08-26,72.89600,73.58000,71.40700,72.79000
2009-08-27,72.32000,73.53900,71.28600,72.60500
2009-08-28,72.14000,73.46500,71.27600,72.67500
2009-08-31,72.20000,73.45200,71.31000,72.65000
2009-09-01,71.37600,73.44000,71.29700,72.84000
2009-09-02,71.57800,73.57900,71.45500,72.74500
2009-09-03,72.28000,74.52500,71.38300,73.028000
2009-09-04,72.29000,73.47200,71.37100,72.67500
2009-09-07,72.18000,74.36000,71.31900,72.86100
2009-09-08,71.36600,74.26600,71.088997,72.66800
2009-09-09,71.15900,74.19800,70.99600,72.55800
2009-09-10,71.041000,74.15000,70.95800,72.52200
2009-09-11,71.013000,72.80000,70.93600,72.80000
2009-09-14,71.81000,73.10800,70.94000,72.24500
2009-09-15,71.77000,73.044998,70.94000,72.20000
2009-09-16,71.73000,72.96500,70.87000,72.084999
2009-09-17,71.63000,73.014999,70.80700,72.044998
2009-09-18,70.82900,74.050003,70.82700,72.36200
2009-09-21,71.69000,72.96000,71.65000,72.19000
2009-09-22,71.72000,72.97500,71.48000,71.99500
2009-09-23,71.52000,72.96500,70.68000,72.084999
2009-09-24,70.86700,72.88400,70.74200,72.23000
2009-09-25,71.75,72.91400,70.85500,72.18500
2009-09-28,71.69000,73.44200,70.92000,71.87600
2009-09-29,71.83000,73.11100,70.96800,72.33000
2009-09-30,71.88000,73.037003,70.94000,72.24500
2009-10-01,71.047997,73.12600,70.94700,72.40500
2009-10-02,71.95000,73.14500,70.98000,72.35500
2009-10-05,71.86000,74.050003,70.95700,72.48300
2009-10-06,70.98300,73.90000,70.83700,72.39800
2009-10-07,70.89900,73.94300,70.84000,72.39900
2009-10-08,70.89900,73.83500,70.74600,72.28100
2009-10-09,70.77800,73.81700,70.77400,72.36000
2009-10-12,70.86900,73.91400,70.70000,72.25500
2009-10-13,70.74700,73.76700,70.62400,72.14900
2009-10-14,70.65400,72.65900,70.56900,71.86500
2009-10-15,71.36000,73.60700,70.55300,72.086998
2009-10-16,70.58600,73.66100,70.55500,72.14000
2009-10-19,71.43000,72.59500,70.52900,71.80500
2009-10-20,70.53500,72.60400,70.29900,71.88000
2009-10-21,71.40000,73.60000,70.44900,71.99000
2009-10-22,70.50600,72.56400,70.46100,71.75
2009-10-23,70.49100,73.50600,70.43200,72.010002
2009-10-26,71.36000,73.56200,70.45900,72.21000
2009-10-27,70.72000,73.91800,70.64100,72.30000
2009-10-28,70.79900,73.97200,70.76200,72.49300
2009-10-29,70.99200,74.011002,70.82000,72.34700
2009-10-30,70.84900,73.84600,70.82000,72.49400
2009-11-02,70.99400,73.98600,70.87400,72.46700
2009-11-03,70.96300,74.14800,70.92200,72.53500
2009-11-04,71.016998,73.97500,70.77700,72.31500
2009-11-05,70.82300,73.85000,70.72900,72.27600
2009-11-06,70.78700,72.53500,70.71700,72.40000
2009-11-09,70.69200,73.63700,70.56200,72.097000
2009-11-10,70.59200,73.60000,70.55800,72.10200
2009-11-11,70.59900,72.54500,70.52300,71.90500
2009-11-12,71.42000,73.72200,70.62800,72.33100
2009-11-13,70.82700,73.80800,70.72000,72.24000
2009-11-16,71.5,73.65000,70.54000,72.091003
2009-11-17,70.59400,73.40000,70.56000,72.21300
2009-11-18,70.70400,73.67100,70.57600,72.10700
2009-11-19,70.60800,73.83300,70.60400,72.26300
2009-11-20,70.75600,72.56500,70.74300,72.30000
2009-11-23,72.050003,72.84200,70.64600,72.13500
2009-11-24,71.45000,73.76100,70.66000,72.19400
2009-11-25,70.69500,72.74200,70.43000,71.85500
2009-11-26,70.44600,73.65000,70.43500,72.084000
2009-11-27,70.57200,74.045998,70.57100,72.13100
2009-11-30,71.55000,73.76500,70.59800,72.16100
2009-12-01,70.66300,72.94100,70.58900,72.12000
2009-12-02,71.43000,72.85300,70.60900,72.18500
2009-12-03,70.68600,73.71000,70.58800,72.16200
2009-12-04,71.53000,72.90900,70.64000,72.57500
2009-12-07,70.89700,73.37800,70.84800,72.60500
2009-12-08,71.99000,74.22300,70.13200,72.26800
2009-12-09,72.080002,74.29500,70.48400,72.042000
2009-12-10,70.54000,74.49000,70.18200,71.89000
2009-12-11,70.39000,74.49000,70.24800,71.86200
2009-12-14,72.23000,73.72400,70.34800,72.96500
2009-12-15,72.27000,74.67400,70.47000,72.20900
2009-12-16,70.70700,74.73500,70.65500,72.21200
2009-12-17,70.71200,74.19700,70.71000,73.51500
2009-12-18,72.82000,74.95900,70.85400,72.43000
2009-12-21,72.89000,75.059998,70.90400,72.50100
2009-12-22,71.0019989,75.067001,70.94800,72.54700
2009-12-23,71.044998,74.90000,71.0070038,72.57300
2009-12-24,71.064003,75.019997,70.89000,72.43100
2009-12-25,70.92700,74.57600,70.86100,72.40400
2009-12-28,70.90400,74.45200,70.69500,72.23100
2009-12-29,70.73700,74.26800,70.27900,72.067001
2009-12-30,70.56500,73.54900,70.46000,72.85000
2009-12-31,72.16000,74.27000,70.31000,71.92200
2010-01-01,70.41400,71.91800,70.41100,71.91400
2010-01-04,70.41400,74.41000,70.27600,71.85500
2010-01-05,70.35900,74.21300,70.16000,71.85700
2010-01-06,70.36100,74.34100,70.23000,71.75800
2010-01-07,70.26200,74.33800,70.21800,71.91800
2010-01-08,70.41800,74.40200,70.27900,71.80500
2010-01-11,71.95000,74.070000,70.040001,71.59100
2010-01-12,71.81000,74.10900,70.050003,71.61200
2010-01-13,70.12700,74.061996,69.96000,71.54400
2010-01-14,71.81000,73.24500,69.99100,72.49000
2010-01-15,70.055000,74.21600,70.042999,71.75400
2010-01-18,70.25400,74.23800,70.18600,71.74600
2010-01-19,70.25100,74.35600,70.21300,71.85200
2010-01-20,70.36300,74.66000,70.35600,72.19900
2010-01-21,72.5,74.85300,70.65600,72.27000
2010-01-22,70.77800,73.38500,70.66000,72.80000
2010-01-25,72.58000,74.68500,70.62700,72.18400
2010-01-26,70.68600,72.30300,70.64900,72.25800
2010-01-27,70.76300,72.36900,70.73000,72.33700
2010-01-28,70.83600,74,70.79500,72.43300
2010-01-29,70.92400,74.050003,70.90700,72.61600
2010-02-01,71.11700,75.029999,71.049004,72.58100
2010-02-02,72.74000,74.13200,71.026001,73.375
2010-02-03,71.040001,74.093002,70.95800,73.50500
2010-02-04,71.21900,75.13800,71.18900,73.028999
2010-02-05,71.52900,74.95900,71.45800,73.18000
2010-02-08,72.78000,75.11500,71.50100,73.17300
2010-02-09,71.67700,74.92900,71.31600,72.88200
2010-02-10,71.37400,74.89700,71.33500,72.94600
2010-02-11,71.44000,74.94000,71.35200,72.98700
2010-02-12,71.47300,75.11000,71.46900,73.049004
2010-02-15,71.56200,75.14900,71.53100,73.13000
2010-02-16,71.63100,75.056999,71.40000,72.91400
2010-02-17,71.41400,74.95700,71.33600,73.042999
2010-02-18,71.54700,75.21300,71.53400,73.14200
2010-02-19,71.73800,73.85700,71.53400,73.65000
2010-02-22,71.52000,74.91200,71.39000,72.93100
2010-02-23,71.43500,74.86300,71.31100,73.015999
2010-02-24,71.51200,75.054001,71.45100,73.073997
2010-02-25,72.040001,75.12800,71.50300,73.021004
2010-02-26,71.53000,75.014999,71.32000,72.89300
2010-03-01,71.39500,75.050003,71.34300,72.94800
2010-03-02,71.45000,75.12800,71.37000,72.89000
2010-03-03,71.38000,74.90000,71.24000,72.78100
2010-03-04,71.28700,74.95000,71.26800,72.89800
2010-03-05,71.40000,74.93300,71.34600,72.85700
2010-03-08,71.35700,74.90000,71.26000,72.83100
2010-03-09,71.32900,74.96900,71.32000,72.85000
2010-03-10,71.35200,74.96000,71.26500,72.78700
2010-03-11,71.29000,74.79400,71.25,72.77000
2010-03-12,71.27000,74.71600,71.13900,72.67000
2010-03-15,71.19400,74.72000,71.16700,72.74500
2010-03-16,71.24600,74.77300,71.12900,72.63700
2010-03-17,71.14400,74.57500,71.096001,72.66600
2010-03-18,71.17100,74.76200,71.16200,72.79100
2010-03-19,71.29300,74.93900,71.27000,72.86100
2010-03-22,71.36100,75.13000,71.34600,72.93400
2010-03-23,72.71600,73.88800,71.41800,73.19900
2010-03-24,71.53600,74.24400,71.53200,73.57700
2010-03-25,71.71500,75.41000,71.64800,73.25500
2010-03-26,71.75300,75.35400,71.60500,73.12800
2010-03-29,71.62800,75.19400,71.53300,73.057999
2010-03-30,71.55900,75.15500,71.50100,73.12100
2010-03-31,71.61700,75.091003,71.54000,73.075996
2010-04-01,72.46300,73.97800,71.49900,72.68400
2010-04-02,72.32000,74.99600,71.51500,73.075996
2010-04-05,71.58900,74.0039978,71.55000,72.86200
2010-04-06,71.59500,75.23300,71.58100,73.27400
2010-04-07,71.77800,75.38500,71.76700,73.33200
2010-04-08,71.83700,75.35900,71.80900,73.31400
2010-04-09,71.81600,75.15700,71.68000,73.18100
2010-04-12,71.52600,74.99000,71.32000,73.042000
2010-04-13,71.54500,75,71.30000,72.91900
2010-04-14,71.41000,75.050003,71.24800,72.77200
2010-04-15,71.27200,73.90000,71.25900,73.30000
2010-04-16,72.95000,73.77200,72.23300,72.72100
2010-04-19,72.35900,73.97800,72.35900,72.74400
2010-04-20,72.37600,73.87300,72.32400,72.82800
2010-04-21,72.46500,74.072998,71.88000,72.92400
2010-04-22,72.56100,74.21000,72.49400,73.43500
2010-04-23,72.93000,74.14200,72.5,73.75
2010-04-26,73.5,74.013000,72.55800,73.70000
2010-04-27,73.45000,74.20600,72.52100,73.75500
2010-04-28,73.35000,74.14300,73.13000,73.58000
2010-04-29,73.28000,74.12000,73.14000,73.55000
2010-04-30,73.20000,73.92900,73.010002,73.42000
2010-05-03,73.099998,74.091003,73.099998,73.75
2010-05-04,73.5,74.27200,73.33000,73.95000
2010-05-05,73.67000,74.31500,73.42000,74.095001
2010-05-06,73.78000,74.78800,73.5,74.43500
2010-05-07,74.17000,74.73800,73.45000,73.75
2010-05-10,73.45000,74.29500,73.45000,74.29500
2010-05-11,73.99000,74.83500,72.83000,74.42500
2010-05-12,74.15000,76.080002,72.38600,73.97100
2010-05-13,72.46200,76.32400,72.41300,74.16500
2010-05-14,72.67200,76.49200,72.62000,74.34500
2010-05-17,72.94000,76.76900,72.81800,74.33800
2010-05-18,72.83800,76.72000,72.70700,74.57100
2010-05-19,73.070000,77.19000,72.74700,74.25
2010-05-20,72.75300,76.875,72.74300,74.42700
2010-05-21,72.92700,76.55000,72.43800,73.97600
2010-05-24,73.97000,76.79000,72.53100,74.45400
2010-05-25,72.96300,77.14500,72.95100,74.48700
2010-05-26,72.97400,77.029999,72.95100,74.67600
2010-05-27,73.19200,77.067001,72.85700,74.39100
2010-05-28,72.90000,76.86100,72.65100,74.48100
2010-05-31,72.98100,76.94100,72.86800,74.39700
2010-06-01,72.89800,76.17800,72.85200,75.35500
2010-06-02,73.066002,76.48000,72.98200,74.52000
2010-06-03,74.89000,76.98300,72.90900,74.67000
2010-06-04,73.16300,77.14100,73.083000,74.96900
2010-06-07,73.53900,76.73400,73.47000,76.25
2010-06-08,73.58500,77.79700,73.48300,75.22800
2010-06-09,73.73100,77.55000,73.56900,75.21000
2010-06-10,73.71600,77.5,73.46000,75.014000
2010-06-11,73.51500,77.77000,73.45000,75.015999
2010-06-14,73.51500,77.41000,73.23900,74.86700
2010-06-15,73.37700,77.5,73.15800,74.69900
2010-06-16,73.20100,77.31000,73.15200,74.72500
2010-06-17,73.23900,77.34000,73.059998,74.60900
2010-06-18,73.10800,77.30000,73.052002,74.61200
2010-06-21,75.22000,77.014999,72.99300,74.74100
2010-06-22,75.46000,77.11000,72.97600,74.55500
2010-06-23,73.061996,77.070000,72.93000,74.47800
2010-06-24,72.97400,77.019997,72.91900,74.45000
2010-06-25,72.95700,76.80000,72.85000,74.39200
2010-06-28,72.89200,77.080002,72.87100,74.55100
2010-06-29,73.056000,76.92300,73.031998,74.72400
2010-06-30,73.21700,77.14000,73.028999,74.64700
2010-07-01,73.15300,77.070000,73.029999,75.096001
2010-07-02,73.59000,76.61200,73.44800,75.059998
2010-07-05,73.57800,76.59500,73.53700,75.070000
2010-07-06,73.57200,76.51300,72.47000,74.036003
2010-07-07,74.81000,75.82800,72.47500,75.60500
2010-07-08,74.79000,76.39000,72.40000,73.93000
2010-07-09,72.42500,76.43600,72.38200,74.019997
2010-07-12,72.52000,76.51700,72.52000,74.11100
2010-07-13,72.60900,75.88200,72.36700,75.40500
2010-07-14,72.39200,76.41100,72.30500,73.86600
2010-07-15,72.36900,75.17300,72.11600,74.68000
2010-07-16,74.62000,76.22800,72.13000,73.75700
2010-07-19,74.74000,76.29000,72.15500,73.74300
2010-07-20,72.23500,76.49000,72.097000,74.039001
2010-07-21,74.32000,76.60000,72.49200,74.25700
2010-07-22,72.76600,76.66100,72.47800,74.038002
2010-07-23,72.54700,75.35900,72.41400,74.73000
2010-07-26,74.39000,75.36600,72.44000,74.54000
2010-07-27,74.20000,76.44000,72.29700,73.88300
2010-07-28,72.37300,76.43300,72.30500,73.88600
2010-07-29,72.39400,76.27500,72.21500,73.76500
2010-07-30,72.25700,76.050003,72.23000,73.81100
2010-08-02,72.28900,76.20000,72.084999,73.60400
2010-08-03,72.11200,76,71.97700,73.54400
2010-08-04,72.037003,76,72.024002,73.66900
2010-08-05,72.17400,73.73200,72.047997,73.65000
2010-08-06,74.55000,76.050003,71.91900,73.50400
2010-08-09,71.98900,76.31000,71.96000,73.59000
2010-08-10,72.10500,76.47800,72.087997,73.69200
2010-08-11,72.19300,76.87800,72.17100,74.23700
2010-08-12,72.72200,77.95200,72.58600,74.89100
2010-08-13,73.38400,76.049004,73.26800,75.80000
2010-08-16,75.019997,77.025002,73.34000,74.90900
2010-08-17,73.41300,76.94000,73.29000,74.82700
2010-08-18,73.32700,76.93200,73.28200,74.88300
2010-08-19,73.38500,77.079002,73.32600,74.95000
2010-08-20,73.44900,75.17400,73.43000,75.16000
2010-08-23,73.66000,77.36000,73.59700,75.21500
2010-08-24,73.73100,77.46000,73.64000,75.27500
2010-08-25,73.77200,77.57300,73.63000,75.24300
2010-08-26,73.73900,77.37300,73.60600,75.16500
2010-08-27,73.67500,76.16400,73.60500,75.46500
2010-08-30,75.099998,77.33300,73.63700,75.26700
2010-08-31,73.76900,77.39800,73.66000,75.23900
2010-09-01,73.73100,77.25,73.53000,75.085999
2010-09-02,73.59900,77.25,73.56800,75.098999
2010-09-03,74.85000,75.59500,73.51800,75.055000
2010-09-06,74.72000,76.78800,73.50100,75.082001
2010-09-07,73.58200,77.072998,73.57800,75.30400
2010-09-08,73.80300,77.22300,73.73900,75.27900
2010-09-09,73.77800,77.19500,73.75500,75.32200
2010-09-10,73.82100,77.15600,73.77300,75.35000
2010-09-13,75.070000,77.050003,73.69000,75.20300
2010-09-14,74.78000,76.053001,73.63800,75.29500
2010-09-15,74.96000,77.16000,73.21200,75.13800
2010-09-16,73.63200,77.11000,73.58400,75.13300
2010-09-17,73.63200,77.023003,73.57800,75.15200
2010-09-20,73.63600,77.13200,73.089996,74.61200
2010-09-21,73.11400,76.97700,72.46500,74.29800
2010-09-22,72.79500,76.85000,72.65000,74.25100
2010-09-23,74.42000,76.80000,72.74200,74.37800
2010-09-24,74.57000,76.70000,72.79900,74.33400
2010-09-27,74.26000,76.80000,72.65000,74.18300
2010-09-28,74.38000,76.75,72.60600,74.10900
2010-09-29,74.18000,76.70000,72.59000,74.11500
2010-09-30,74.080002,76.23400,72.56900,74.096001
2010-10-01,72.59800,76.75,72.49000,73.99200
2010-10-04,73.76000,76.10100,72.50700,74.043999
2010-10-05,72.54600,75.92000,72.42000,73.93800
2010-10-06,73.68000,75.84600,72.34500,73.85200
2010-10-07,72.35700,75.70000,72.25,73.82200
2010-10-08,72.32800,75.79300,72.26000,73.79400
2010-10-11,72.29000,75.74200,72.25900,73.81500
2010-10-12,72.31700,76.12400,72.27000,73.77300
2010-10-13,72.28200,75.85000,72.20100,73.72900
2010-10-14,72.23400,74.56500,72.11000,73.875
2010-10-15,73.46000,74.23500,72.029999,73.91500
2010-10-18,73.48000,75.59600,71.43000,72.97400
2010-10-19,71.47100,75.73300,71.42700,73.77900
2010-10-20,72.28100,75.75400,72.050003,73.57000
2010-10-21,72.074997,75.44800,71.98300,73.58800
2010-10-22,72.084999,75.55000,72.025002,73.54100
2010-10-25,71.96200,75.33300,71.92600,73.50600
2010-10-26,73.31000,75.58900,71.99100,73.58900
2010-10-27,72.089996,75.83700,72.070999,73.66800
2010-10-28,72.17300,75.80800,72.068001,73.65300
2010-10-29,72.16100,75.79300,72.12800,73.62900
2010-11-01,72.080002,75.60000,72.066002,73.67000
2010-11-02,72.16500,75.48700,71.98600,73.50600
2010-11-03,72.0080032,75.37000,71.88000,73.40000
2010-11-04,71.90500,75.039001,71.74000,73.32400
2010-11-05,71.80700,75.40000,71.77500,73.48300
2010-11-08,73.22000,75.54800,72.039001,73.59000
2010-11-09,73.44000,75.73400,72.026001,73.73800
2010-11-10,72.23900,75.76300,72.18500,73.72900
2010-11-11,72.23000,75.86300,72.014000,73.86100
2010-11-12,72.35500,76.057999,72.23000,73.83000
2010-11-15,73.70000,76.065002,72.33100,73.94900
2010-11-16,72.44500,75.071999,72.36700,74.59500
2010-11-17,72.55600,76.15100,72.47000,74.021004
2010-11-18,72.51500,76.089996,72.35800,73.88900
2010-11-19,72.38200,75.96000,72.28600,73.86000
2010-11-22,72.36000,76.0039978,72.22300,73.91200
2010-11-23,72.41300,76.21000,72.39800,74.21500
2010-11-24,72.71800,76.25600,72.65000,74.25900
2010-11-25,72.75900,75.53400,72.72300,74.52500
2010-11-26,73.65000,75.62400,72.82500,74.76500
2010-11-29,73.89000,75.57500,72.80900,75.040001
2010-11-30,73.024002,76.20200,72.99100,74.70400
2010-12-01,73.20200,76.17700,72.96000,74.51100
2010-12-02,73.014999,76.13000,72.89700,74.42800
2010-12-03,72.92700,76.040001,72.71000,74.24500
2010-12-06,74.45000,76.054001,72.73600,74.34200
2010-12-07,72.83700,75.93200,72.72000,74.39500
2010-12-08,72.89900,76.040001,72.87600,74.40500
2010-12-09,72.90600,76.029999,72.82800,74.43100
2010-12-10,72.93600,76,72.88500,74.45700
2010-12-13,72.95700,76.040001,72.69700,74.25800
2010-12-14,72.75400,75.30500,72.61400,74.38000
2010-12-15,72.76600,75.91700,72.76000,74.51000
2010-12-16,73.0029984,75.70000,72.93200,74.47600
2010-12-17,72.97400,75.27900,72.81100,74.81000
2010-12-20,73.95000,75.81300,73.055000,74.64800
2010-12-21,73.14000,76.49000,73.037003,74.68500
2010-12-22,73.18800,75.20400,73.067001,75.029999
2010-12-23,73.18800,75.90100,73.11000,74.66100
2010-12-24,73.16800,75.11000,73.11900,75.070000
2010-12-27,74.20000,75.83700,72.70400,74.50400
2010-12-28,73.0029984,75.74000,72.85200,74.56900
2010-12-29,73.073997,75.17500,72.90000,74.81500
2010-12-30,72.92300,74.99500,72.81000,74.69500
2010-12-31,73.77000,74.96000,72.67500,74.46000
2011-01-03,73.66000,75.47900,72.66600,74.22000
2011-01-04,72.71800,75.42500,72.61000,74.28600
2011-01-05,72.78900,76.40000,72.76200,74.50400
2011-01-06,73.010002,75.70000,72.50900,74.20700
2011-01-07,73.68000,75.63500,72.50700,74.15500
2011-01-10,73.77000,75.64200,72.57700,74.10100
2011-01-11,72.59900,75.45100,72.53800,74.93000
2011-01-12,72.56400,75.30000,72.31800,73.83700
2011-01-13,72.33500,75.15500,71.39000,73.51200
2011-01-14,72.0070038,75.35000,71.24000,73.49000
2011-01-17,72.043999,75.30000,71.70000,73.61500
2011-01-18,72.10600,75.15500,71.86000,73.46700
2011-01-19,71.96800,75.15500,71.74000,73.34200
2011-01-20,71.83700,75.15500,71.76000,73.34200
2011-01-21,71.84400,75.15500,71.60000,73.11700
2011-01-24,72.36000,75.15500,71.5,73.074997
2011-01-25,71.58200,75.15500,71.46000,72.98600
2011-01-26,71.49600,75.15500,71.43000,72.97100
2011-01-27,71.44900,75.15500,71.36000,72.91700
2011-01-28,71.40400,73.78000,71.27600,73.050003
2011-01-31,71.97000,75.15500,71.29000,72.89100
2011-02-01,71.39500,75.15500,71.059998,72.59000
2011-02-02,71.094002,73.95000,71.025002,72.125
2011-02-03,71.12900,73.95000,71.093002,72.58500
2011-02-04,71.53600,73.24200,71.52500,72.66000
2011-02-07,72.36000,75.15500,71.57600,73.19500
2011-02-08,71.70100,75.15500,71.43800,73.089996
2011-02-09,71.61000,75.15500,71.29900,72.83600
2011-02-10,71.33600,75.15500,71.31800,73.24100
2011-02-11,71.73400,73.63700,71.66200,72.52500
2011-02-14,72.75,75.15500,71.76800,73.32700
2011-02-15,71.82300,75.15500,71.57000,73.25500
2011-02-16,71.75500,75.15500,71.52900,73.18600
2011-02-17,71.68900,75.15500,71.49000,73.035004
2011-02-18,71.51500,74.55000,71.28500,72.78500
2011-02-21,71.32100,75.15500,71.23400,72.81000
2011-02-22,71.30100,73.95000,71.28300,72.51500
2011-02-23,72.22000,74.080002,71.10700,72.57500
2011-02-24,72.099998,74.15500,71.99000,72.5
2011-02-25,71.99000,73.099998,71.96000,72.5
2011-02-28,72,74.15500,72,72.65000
2011-03-01,72.15000,74.15500,72,72.5
2011-03-02,72,74.15500,72,72.51000
2011-03-03,72.010002,72.95500,72,72.5
2011-03-04,71.95000,72.77500,71.80000,72.30000
2011-03-07,71.55000,72.51000,71.55000,71.92500
2011-03-08,71.62000,72.66000,71.62000,72.13000
2011-03-09,71.84000,72.74400,71.70000,72.080002
2011-03-10,71.78000,72.85400,71.78000,72.27000
2011-03-11,71.97000,72.91600,71.96000,72.26500
2011-03-14,72,72.82100,72,72.5
2011-03-15,72,72.87300,72,72.5
2011-03-16,72.23600,72.69600,72,72.375
2011-03-17,72.22200,72.60500,72.010002,72.38500
2011-03-18,72.15700,72.46600,71.52000,71.86500
2011-03-21,71.57000,71.87000,71.57000,71.87000
2011-03-22,71.51000,72.43500,71.45000,71.85500
2011-03-23,71.56000,72.71700,71.5,72.20000
2011-03-24,71.68000,72.77100,71.63000,72.20000
2011-03-25,72.14700,72.46700,71.56000,71.89500
2011-03-28,71.59000,72.69700,71.58000,72.014999
2011-03-29,71.72000,72.65800,71.64000,72.044998
2011-03-30,71.74000,72.66300,71.70000,72.080002
2011-03-31,71.78000,72.66800,71.49000,72.5
2011-04-01,72.15000,72.73000,72,72.5
2011-04-04,72,72.59000,71.48000,72.22500
2011-04-05,72,72.85600,71.20800,71.94800
2011-04-06,72,72.30000,70.78400,72
2011-04-07,72,72.28000,71.16000,72.25
2011-04-08,71.059998,72.43300,70.76600,71.70500
2011-04-11,72,72.65100,70.87400,71.82000
2011-04-12,71.27000,72.65800,70.82600,71.88000
2011-04-13,72,72.29000,70.81100,71.37000
2011-04-14,71.080002,72.65200,70.79600,71.74400
2011-04-15,71.093002,72.36700,70.87600,71.74500
2011-04-18,71.16500,72.67000,70.86700,71.82400
2011-04-19,71.19700,72.71400,70.90600,71.61500
2011-04-20,70.95900,72.66000,70.46200,71.31900
2011-04-21,70.66700,72.65900,70.21500,71.57400
2011-04-22,71.0019989,72.14000,70.77200,71.56900
2011-04-25,70.90500,72.25,70.73500,71.5
2011-04-26,70.66400,72.65800,70.51400,71.29000
2011-04-27,70.62800,72.65400,70.058998,70.75600
2011-04-28,70.091003,72.85100,69.52200,71.47100
2011-04-29,70.89500,71.95600,70.47800,71.76900
2011-05-02,72.19000,72.42900,70.42000,71.070000
2011-05-03,70.83000,72.65200,70.44900,71.39000
2011-05-04,70.78400,72.42400,70.39400,71.071999
2011-05-05,70.83400,72.43100,70.81000,71.49900
2011-05-06,71.25700,72.14600,70.75,71.67800
2011-05-09,72,72.49200,71.54600,72.027000
2011-05-10,71.78500,72.41600,71.48700,72.0039978
2011-05-11,71.79700,72.51400,71.51300,72.081001
2011-05-12,71.83000,72.79800,71.52700,72.25400
2011-05-13,72.030998,72.76800,71.11300,72.12200
2011-05-16,72.99100,73.39300,71.48900,72.14100
2011-05-17,71.82300,72.80200,71.62900,72.32300
2011-05-18,72.098000,72.73500,71.48300,72.20200
2011-05-19,71.74200,72.64500,71.44400,72.13200
2011-05-20,71.88900,72.55200,71.45100,72.15700
2011-05-23,72.35800,73.43000,71.72000,72.36800
2011-05-24,72.088997,72.87200,71.74100,72.23800
2011-05-25,71.96400,72.91200,71.81200,72.35600
2011-05-26,72.080002,72.88100,71.19900,72.45800
2011-05-27,71.88000,72.74300,71.19600,72.11600
2011-05-30,71.87400,72.38700,71.18600,72.021004
2011-05-31,71.73300,72.84200,70.96300,72.070999
2011-06-01,71.43900,72.25,71.32200,72.25
2011-06-02,71.75400,72.21600,70.95700,71.77200
2011-06-03,71.58400,72.052002,70.85000,71.68600
2011-06-06,71.49600,71.81300,70.53900,71.47000
2011-06-07,71.36200,72.16800,70.80000,71.37300
2011-06-08,71.20500,71.82100,71.039001,71.46100
2011-06-09,71.28800,72.32700,71.018997,71.85900
2011-06-10,71.32400,72.083000,71.15600,71.76500
2011-06-13,71.59600,72.26900,71.22000,71.86400
2011-06-14,71.69200,72.11200,71.13300,71.70300
2011-06-15,71.53100,72.95500,71.38800,72.84900
2011-06-16,71.86300,73.24200,71.47000,72.019997
2011-06-17,71.62300,72.52900,71.28500,72.25
2011-06-20,71.96700,72.40400,71.27800,71.72800
2011-06-21,71.47000,72.97800,71.024002,72.32700
2011-06-22,71.35100,72.85300,71.13300,72.29300
2011-06-23,71.31400,72.79600,71.18600,71.74600
2011-06-24,71.69300,72.39000,71.22100,72.25
2011-06-27,71.83900,72.88600,71.20000,71.89500
2011-06-28,71.49300,72.63900,71.0039978,72.014000
2011-06-29,71.62600,72.83500,71.077003,72.38100
2011-06-30,71.45600,72.32600,70.89900,71.66400
2011-07-01,71.22100,72.036003,70.97500,71.42900
2011-07-04,71.11800,72.38700,70.85300,72.34900
2011-07-05,71.60600,72.43700,71.072998,72.35800
2011-07-06,71.61200,72.79100,71.18000,72.69400
2011-07-07,71.45900,72.52700,71.27000,72.0049973
2011-07-08,71.54400,72.33800,71.34800,72.099998
2011-07-11,71.71600,73.098999,71.70000,72.59700
2011-07-12,72.042999,73.68000,71.95000,73.42800
2011-07-13,72.45000,73.55400,71.52800,73.059998
2011-07-14,72.25700,73.50400,71.24600,73.029999
2011-07-15,72.12300,72.86100,71.81800,72.65000
2011-07-18,72.62700,73.53800,72.0029984,73.25500
2011-07-19,72.46500,73.27900,71.47800,72.97200
2011-07-20,72.19100,72.83000,71.68500,72.27500
2011-07-21,71.78500,73.20600,71.096001,72.64700
2011-07-22,71.86800,72.78100,71.20200,72.61000
2011-07-25,71.59000,72.47800,70.87100,71.93900
2011-07-26,71.93600,72.74100,70.62200,72.46900
2011-07-27,71.69300,72.59400,71.36400,72.36400
2011-07-28,72.075996,73.47000,71.70300,72.77900
2011-07-29,71.96500,73.091003,70.98500,72.76500
2011-08-01,71.95500,73.029999,70.99000,72.91100
2011-08-02,72.16200,73.17000,71.76000,72.97000
2011-08-03,72.27300,73.041000,71.25700,72.12000
2011-08-04,72.010002,73.11600,71.41300,72.74300
2011-08-05,72.43900,73.48400,71.34000,72.96400
2011-08-08,70.91500,73.073997,70.90500,72.51000
2011-08-09,71.79700,73.035004,70.97600,71.65800
2011-08-10,70.94700,73.089996,70.94700,72.86200
2011-08-11,72.056000,73.67800,71.12000,72.85900
2011-08-12,71.90100,73.28000,71.71800,72.81200
2011-08-15,71.87200,73.17700,71.13700,72.51700
2011-08-16,71.60400,72.99000,71.52700,72.63900
2011-08-17,71.73000,72.81600,71.27000,72.48800
2011-08-18,71.69600,72.40400,71.59300,72.0049973
2011-08-19,71.73800,73.079002,71.27200,72.63500
2011-08-22,71.77400,72.84400,71.47500,72.60800
2011-08-23,71.76900,72.94400,71.125,72.53700
2011-08-24,71.64400,72.83000,71.20000,72.55200
2011-08-25,71.68600,72.96000,71.099998,72.62800
2011-08-26,71.74300,72.65200,71.040001,71.64600
2011-08-29,71.53300,72.73700,71.050003,72.38900
2011-08-30,71.50400,72.27100,71.38900,72.15000
2011-08-31,71.92900,72.23600,71.80000,72.074997
2011-09-01,72.21200,73.16200,71.65600,72.85700
2011-09-02,71.97900,73.11700,71.75,72.91800
2011-09-05,72.15800,73.081001,72.039001,72.73300
2011-09-06,72.28500,73.55100,71.21300,73.25700
2011-09-07,72.54400,73.38900,71.83100,72.50200
2011-09-08,72.28900,73.56500,71.93500,73.42000
2011-09-09,72.66800,74.041000,72.31900,73.99000
2011-09-12,73.93700,75.39100,72.31900,74.19100
2011-09-13,73.31400,74.53500,72.96900,74.13500
2011-09-14,73.29000,74.22400,72.60900,73.38200
2011-09-15,73.17200,74.29300,72.18600,73.80100
2011-09-16,72.54100,74.24600,72.54000,73.94600
2011-09-19,73.31300,74.18600,72.72700,73.38400
2011-09-20,73.29600,74.48500,72.84400,74.13700
2011-09-21,73.17500,74.27700,72.57000,74.21700
2011-09-22,73.43700,74.70400,73.060997,74.17500
2011-09-23,73.74900,75.11800,73.017998,74.55200
2011-09-26,73.63400,75.17300,73.24000,74.57400
2011-09-27,73.61500,74.84400,73.34000,74.36700
2011-09-28,73.48800,74.74400,73.30300,74.39800
2011-09-29,73.60900,74.96700,72.93900,74.35200
2011-09-30,73.51500,74.97700,73.43300,74.71500
2011-10-03,74.0059967,75.43800,73.43300,75.10800
2011-10-04,74.31800,75.98300,73.36900,75.0029984
2011-10-05,73.99800,74.73800,73.43300,74.36100
2011-10-06,73.97200,75.37900,73.43300,74.75800
2011-10-07,73.83200,74.95800,73.27900,74.71000
2011-10-10,73.86800,74.96700,72.87600,74.28600
2011-10-11,73.36700,74.74600,73.16500,74.33800
2011-10-12,73.44300,73.97900,72.34100,73.25
2011-10-13,73.070999,74.0049973,72.76600,73.26800
2011-10-14,72.90900,74.075996,72.48000,73.16500
2011-10-17,72.58000,74.16900,72.52900,73.70300
2011-10-18,73.39800,74.018997,72.50900,73.43000
2011-10-19,73.046997,74.50200,72.31300,73.84500
2011-10-20,72.77800,74.73600,72.59500,73.89800
2011-10-21,72.74500,74.79300,72.49000,73.77000
2011-10-24,72.75,74.25900,72.13700,73.83000
2011-10-25,72.91200,74.13700,72.63500,73.76600
2011-10-26,72.84800,73.61400,72.62000,73.24200
2011-10-27,72.89100,74.035004,71.65000,73.29600
2011-10-28,71.98300,73.96500,71.98300,73.31900
2011-10-31,72.40100,74.12200,72.36000,73.74200
2011-11-01,72.95500,74.74800,72.70000,73.87800
2011-11-02,73.24900,74.39300,72.73400,74.043999
2011-11-03,73.15600,74.10600,72.59000,73.19100
2011-11-04,72.93700,74.48300,72.83400,73.97200
2011-11-07,73.0080032,74.42500,73.0039978,73.97000
2011-11-08,73.10600,74.39900,72.85000,74.012001
2011-11-09,73.14200,74.46300,72.83200,74.32000
2011-11-10,74.0029984,75.074997,73.12900,74.37300
2011-11-11,73.52800,74.75600,73.15600,74.23200
2011-11-14,73.36000,74.55600,73.27600,74.32800
2011-11-15,73.46000,74.79900,73.40000,74.51200
2011-11-16,73.64200,74.91400,73.44100,74.64800
2011-11-17,73.80700,74.48200,73.45000,74.24500
2011-11-18,73.78100,74.48400,73.45000,74.19400
2011-11-21,73.68400,74.66200,73.62600,74.27300
2011-11-22,73.73000,74.50400,73.59600,74.21200
2011-11-23,73.71800,74.68000,73.67500,74.51500
2011-11-24,74.030998,74.78900,73.74300,74.53700
2011-11-25,74.042000,74.80000,73.75,74.050003
2011-11-28,73.89900,74.67400,73.73700,74.37200
2011-11-29,73.90000,74.66800,73.64400,74.38500
2011-11-30,73.87700,74.71500,73.51500,74.27700
2011-12-01,73.82700,74.46100,73.66000,74.20000
2011-12-02,73.80200,74.71000,73.73500,74.625
2011-12-05,73.51900,75.10900,73.48600,74.42200
2011-12-06,73.81900,75.13000,73.79300,74.5
2011-12-07,73.80200,75.12400,73.80200,74.77400
2011-12-08,74.21700,75.067001,73.80200,74.59900
2011-12-09,74.036003,74.99600,73.80200,74.5
2011-12-12,73.80200,75.18200,73,74.76500
2011-12-13,74.20600,75.27500,74,74.75700
2011-12-14,74.18700,74.85200,73.80200,74.54000
2011-12-15,74.33000,74.86600,74.18800,74.47100
2011-12-16,74.26000,75.065002,74.25,74.97500
2011-12-19,74.27900,74.87300,74.20000,74.48500
2011-12-20,74.27200,75.081001,73.93700,74.5
2011-12-21,74.013000,74.91300,74.013000,74.91000
2011-12-22,74.80000,75.26400,74.46800,74.87000
2011-12-23,74.56700,75.39000,74.56500,75.25
2011-12-26,74.56900,75.65800,74.56900,75.23300
2011-12-27,74.93700,75.71900,74.56900,75.31700
2011-12-28,75.017998,76.018997,74.56900,75.59500
2011-12-29,75.29000,76.38500,74.56900,75.97000
2011-12-30,75.66300,76.37800,74.56900,76.013000
2012-01-02,75.70500,76.34900,74.56900,75.92200
2012-01-03,75.62100,76.27200,74.56900,75.63600
2012-01-04,75.26000,76.37900,74.56900,75.81200
2012-01-05,75.43200,76.70500,74.56900,76.125
2012-01-06,75.74800,76.73800,74.56900,76.10500
2012-01-09,75.72700,76.94300,74.56900,76.31700
2012-01-10,75.93800,76.84200,74.56900,76.18900
2012-01-11,75.81100,77.019997,75.5,76.44000
2012-01-12,76.064003,77.73800,74.51000,75.59900
2012-01-13,74.51800,77.56400,74.34900,75.51300
2012-01-16,74.50200,77.49600,74.43800,76.59200
2012-01-17,76.049004,77.30100,75.74000,76.29600
2012-01-18,75.75300,77.082001,75.67000,76.37400
2012-01-19,75.98500,76.93300,75.68200,76.25
2012-01-20,75.86100,76.90300,75.74700,76.25
2012-01-23,75.85900,76.81000,75.60000,76
2012-01-24,75.60600,76.71100,75.50700,76.13400
2012-01-25,75.75,76.78900,75.57700,76.14300
2012-01-26,75.75800,76.39700,75.31000,75.70400
2012-01-27,75.31900,76.23400,74.88000,75.28200
2012-01-30,74.90000,76.18500,74.72400,75.34400
2012-01-31,74.96000,75.74000,74.74900,75.18500
2012-02-01,74.80000,75.78500,74.57000,74.99600
2012-02-02,74.61300,75.59800,74.55200,75.036003
2012-02-03,74.65300,75.41000,74.19600,74.77000
2012-02-06,74.38000,75.62300,74.36400,75.080002
2012-02-07,74.69500,75.46800,74.30000,74.73500
2012-02-08,74.31300,75.32000,74.12100,74.60000
2012-02-09,74.18500,75.26800,74.068001,74.53500
2012-02-10,74.12000,75.30600,74.11000,74.72500
2012-02-13,74.21800,75.25,74.16700,74.63900
2012-02-14,74.21800,75.43700,74.21200,74.81500
2012-02-15,74.39700,75.57000,74.20000,74.95000
2012-02-16,74.53700,75.57100,74,74.92900
2012-02-17,74.51000,75.29100,74.25,74.84500
2012-02-20,74.26800,75.27400,73.70000,74.27300
2012-02-21,73.70600,75.61700,73.54400,74.21900
2012-02-22,73.65100,75.61700,73.63300,74.23700
2012-02-23,73.67000,74.99500,73.49000,74.21300
2012-02-24,73.72100,74.80100,73.46000,74.030998
2012-02-27,73.54000,75.16800,73.53800,74.39400
2012-02-28,73.97400,75.46700,73.82900,74.29100
2012-02-29,73.87100,74.85500,73.78100,74.24900
2012-03-01,73.83600,75.13600,73.45000,74.54400
2012-03-02,74.12400,75.11600,74,74.51500
2012-03-05,74.093002,75.12800,73.98300,74.40900
2012-03-06,73.99100,75.10200,73.92000,74.36800
2012-03-07,73.95000,74.96700,73.89000,74.36900
2012-03-08,73.95000,74.87400,73.69000,74.11300
2012-03-09,73.69800,74.92800,73.69000,74.33200
2012-03-12,73.91100,74.96000,73.87100,74.36500
2012-03-13,73.94500,75.042999,73.81100,74.44300
2012-03-14,74.024002,75.082001,74,74.42500
2012-03-15,74.0080032,75.088997,74.00099945,74.49200
2012-03-16,74.070999,75.080002,74.059998,74.49500
2012-03-19,73.92700,74.87100,73.55900,74.18400
2012-03-20,73.76600,74.75900,73.70100,74.14000
2012-03-21,73.73900,74.69300,73.66000,74.15900
2012-03-22,73.77900,74.82300,73.70400,74.27400
2012-03-23,73.89400,74.68800,73.69000,74.094002
2012-03-26,73.72100,74.72600,73.55900,73.96000
2012-03-27,73.71800,74.61400,73.44600,74.070000
2012-03-28,73.54300,74.53400,73.45900,73.97800
2012-03-29,73.58000,74.63700,73.53200,74.079002
2012-03-30,73.67800,74.46900,73.49800,73.91500
2012-04-02,73.51500,74.59700,73.45000,73.99600
2012-04-03,73.59900,74.64700,73.51000,73.95200
2012-04-04,73.56000,74.73300,73.54400,74.050003
2012-04-05,73.91900,75.0049973,73.70000,74.49500
2012-04-06,74.12000,75.0090027,73.91900,74.46500
2012-04-09,74.078003,74.96800,73.78000,74.16800
2012-04-10,73.80300,74.81700,73.45000,74.056000
2012-04-11,73.69000,75.016998,73.62400,74.015999
2012-04-12,73.65000,74.57400,73.56000,73.93000
2012-04-13,73.64500,74.35000,73.42600,74.35000
2012-04-16,73.40200,75.29300,73.39000,74.098000
2012-04-17,73.80600,74.84800,73.40700,73.92900
2012-04-18,73.58200,74.77100,73.42000,73.79900
2012-04-19,73.48000,74.32200,73.26700,73.71900
2012-04-20,73.34800,74.21700,73.16700,73.59500
2012-04-23,73.35000,74.25600,73.16200,73.71800
2012-04-24,73.35200,75.39400,73,73.55100
2012-04-25,73.15900,74.64700,73.00099945,73.97700
2012-04-26,73.58000,74.89700,73.35000,73.99000
2012-04-27,73.59300,74.84700,73.35000,73.97700
2012-04-30,73.63200,74.66400,73.35000,74.084999
2012-05-01,73.68500,74.60700,73.35000,74.094002
2012-05-02,73.69600,74.83900,73.35000,74.24200
2012-05-03,73.84500,74.84200,73.35000,74.21500
2012-05-04,73.83500,74.91700,73.35000,74.22600
2012-05-07,73.76500,75.11500,73.35000,74.37400
2012-05-08,73.92000,75.15500,73.35000,74.46600
2012-05-09,74.0090027,75.28500,73.35000,74.58500
2012-05-10,74.12100,75.21200,73.35000,74.32500
2012-05-11,73.86500,75.059998,73.35000,74.33000
2012-05-14,73.35000,75.23100,73.35000,74.60900
2012-05-15,74.22500,75.36200,73.20800,74.50300
2012-05-16,74.14200,75.75400,73.35000,74.66500
2012-05-17,73.91300,75.095001,73.35000,74.54700
2012-05-18,74.21800,75.14100,73.35000,74.58500
2012-05-21,73.35000,75.34100,73.35000,74.42100
2012-05-22,73.78200,74.96900,73.35000,74.46300
2012-05-23,74.16700,75.14800,73.35000,74.56600
2012-05-24,74.24100,76.22800,73.35000,75.63800
2012-05-25,75.30700,76.49800,73.35000,75.90800
2012-05-28,75.56200,76.61600,73.35000,76.069000
2012-05-29,75.73700,76.63800,73.35000,76.049004
2012-05-30,75.71400,77.20100,73.35000,76.52900
2012-05-31,76.099998,77.83400,75.5,77.36900
2012-06-01,76.36400,77.84700,76.20000,77.33200
2012-06-04,76.97600,77.63500,76.30500,76.97700
2012-06-05,76.65900,78.14400,76.57000,77.74300
2012-06-06,76.74600,77.42100,76.5,76.98800
2012-06-07,76.71500,77.21800,76.39500,76.71000
2012-06-08,76.44500,77.57900,76.43700,77.14700
2012-06-11,76.63800,77.80600,76.44300,77.75100
2012-06-12,76.75200,77.73200,76.63800,77.30800
2012-06-13,76.94800,77.31100,76.63800,77.16300
2012-06-14,76.86100,77.56700,76.67400,77.375
2012-06-15,77.018997,78.37400,76.75700,78.078003
2012-06-18,77.41000,77.95800,77.12000,77.79900
2012-06-19,77.43700,77.81300,77.20000,77.62400
2012-06-20,77.33300,77.81000,77.17800,77.74400
2012-06-21,77.36300,77.97400,77.21000,77.92900
2012-06-22,77.59000,78.72000,77.47500,78.53000
2012-06-25,77.73900,78.31000,77.64000,78.24900
2012-06-26,77.89200,78.76000,77.68200,78.24900
2012-06-27,77.85100,79.13000,77.80700,78.91900
2012-06-28,78.83500,79.35200,78.29500,79.34600
2012-06-29,78.96400,78.98000,78.60000,78.72000
2012-07-02,78.39900,79.17200,78.22400,79.035004
2012-07-03,78.63200,79.20700,78.46200,79.14000
2012-07-04,78.73900,79.5,78.63200,79.42300
2012-07-05,79.13800,80.38900,79.094002,80.38900
2012-07-06,79.56700,80.89200,79.51000,80.89100
2012-07-09,79.68500,80.65100,79.68500,80.60700
2012-07-10,80.33500,81.64900,80.18500,81.61400
2012-07-11,80.60900,80.94400,80.42900,80.84400
2012-07-12,80.59300,81.16100,80.48800,81.060997
2012-07-13,80.77200,81.88000,80.62000,81.64400
2012-07-16,80.81100,81.15400,80.54000,80.88800
2012-07-17,80.78800,81.91200,80.45400,81.65900
2012-07-18,80.65100,81.30100,80.55000,81.16500
2012-07-19,80.95300,81.51100,80.64600,81.36200
2012-07-20,81.0080032,82.35600,81.00099945,82.32600
2012-07-23,81.39100,82.62100,81.13600,82.44300
2012-07-24,81.51500,81.90100,81.37600,81.77800
2012-07-25,81.56200,81.87400,81.20000,81.81400
2012-07-26,81.43900,82.55500,80.84500,82.094002
2012-07-27,81.0059967,81.83400,80.95400,81.67000
2012-07-30,81.33600,82.96200,81.26200,82.71600
2012-07-31,81.82200,82.21700,81.54400,82.014999
2012-08-01,81.70400,82.90100,81.53100,82.89000
2012-08-02,81.72000,82.35000,81.51200,82.35000
2012-08-03,81.98100,82.40000,81.61700,81.96900
2012-08-06,81.82100,82.11200,81.38000,81.75800
2012-08-07,81.56700,81.92300,81.33300,81.75900
2012-08-08,81.43600,82.80200,81.34900,82.53800
2012-08-09,81.68100,82.15900,81.46700,82.12200
2012-08-10,81.81800,82.22800,81.69200,82.11700
2012-08-13,81.89400,82.17800,81.44600,81.93100
2012-08-14,81.65800,82.072998,81.46100,82.031998
2012-08-15,81.76000,82.19400,81.56900,82.13900
2012-08-16,81.86700,82.27600,81.53000,82.054001
2012-08-17,81.56200,82.80000,81.079002,82.24800
2012-08-20,81.070999,81.39000,81,81.25
2012-08-21,80.93800,81.33300,80.25700,80.83400
2012-08-22,80.52600,80.86400,80.14000,80.66800
2012-08-23,80.23900,80.67800,79.84600,80.37600
2012-08-24,79.90100,80.58600,79.88800,80.53300
2012-08-27,80.094002,80.52800,79.81700,80.23500
2012-08-28,79.87300,81.045998,79.56900,80.60100
2012-08-29,79.80200,80.92400,79.58800,80.69000
2012-08-30,79.69200,80.095001,79.51200,80.071999
2012-08-31,79.68700,80.81700,79.40000,80.56700
2012-09-03,79.58800,80.14500,79.53400,80.13500
2012-09-04,79.69400,80.12800,79.54800,80.11500
2012-09-05,79.64900,80.79000,79.53000,80.57100
2012-09-06,79.60300,79.93600,79.5,79.85600
2012-09-07,79.53000,80.0070038,79.39000,79.82000
2012-09-10,79.33700,79.80400,79.30000,79.73100
2012-09-11,79.30500,79.78100,79.19000,79.52300
2012-09-12,79.19600,80.31200,78.99400,80.070999
2012-09-13,79.095001,80.13600,78.85700,79.87000
2012-09-14,79.055000,80.086998,78.48500,79.55300
2012-09-17,78.61100,78.95500,78.34200,78.81200
2012-09-18,78.45000,79.17000,78.38600,79.077003
2012-09-19,78.67100,79.033997,78.50100,79.0039978
2012-09-20,78.71000,79.38100,78.57600,79.32200
2012-09-21,78.76100,79.37200,78.59200,79.15400
2012-09-24,78.74300,79.41500,78.65800,79.39000
2012-09-25,78.84900,80.38200,78.75,80.37600
2012-09-26,79.38700,80.49400,79.14300,80.20000
2012-09-27,79.21500,79.75500,79.086998,79.54500
2012-09-28,79.11700,79.67400,78.97600,79.44600
2012-10-01,79.24200,79.70200,78.94700,79.46900
2012-10-02,79.15000,80.36300,78.94700,80.097000
2012-10-03,79.091003,79.61500,79.042999,79.53800
2012-10-04,79.16500,79.81800,78.81000,79.49700
2012-10-05,78.91600,79.45300,78.74800,79.16500
2012-10-08,78.87600,80.28900,78.82900,80
2012-10-09,79.25800,79.48500,78.95000,79.45500
2012-10-10,79.30400,79.70700,79.070000,79.61900
2012-10-11,79.37100,79.73600,78.92700,79.26000
2012-10-12,79.16800,79.95000,78.87000,79.76600
2012-10-15,79.094002,79.56600,79,79.31500
2012-10-16,79.13500,79.44500,78.78900,79.15500
2012-10-17,78.89800,79.20400,78.48500,78.95400
2012-10-18,78.71500,79.15200,78.51000,78.95100
2012-10-19,78.76300,79.22500,78.55400,79.15200
2012-10-22,78.89800,79.28400,78.68200,79.094002
2012-10-23,78.86600,79.57400,78.76900,79.43000
2012-10-24,78.97000,79.53200,78.92200,79.42500
2012-10-25,79.11900,79.85600,78.86600,79.78500
2012-10-26,79.029999,79.52900,78.95000,79.35300
2012-10-29,79.033997,79.67000,79.013000,79.55300
2012-10-30,79.22600,79.59400,78.95900,79.40400
2012-10-31,79.024002,79.46100,78.87800,79.28600
2012-11-01,78.97200,79.50600,78.95000,79.29100
2012-11-02,79.059998,79.58900,78.94600,79.32400
2012-11-05,78.95700,79.89700,78.95100,79.75100
2012-11-06,79.38500,80.29100,79.31600,80.058998
2012-11-07,79.40500,79.80500,79.16800,79.75100
2012-11-08,79.45700,80.19300,79.41500,80.042999
2012-11-09,79.51100,80.42000,79.40900,80.29000
2012-11-12,79.50800,80.46300,79.45700,80.30000
2012-11-13,79.57500,80.17600,79.45700,80.055000
2012-11-14,79.73000,80.36000,79.42300,80.14300
2012-11-15,79.63300,80.070999,79.48600,79.84600
2012-11-16,79.53200,80.52400,79.52000,80.35400
2012-11-19,79.68400,80.29700,79.44800,80.10700
2012-11-20,79.58200,80.22600,79.42700,79.96500
2012-11-21,79.43800,80.21100,79.41900,80.041000
2012-11-22,79.59900,79.89900,79.058998,79.35900
2012-11-23,79.10100,79.53700,78.85300,79.29200
2012-11-26,78.89400,79.69500,78.70000,79.33000
2012-11-27,78.71100,79.77500,78.65500,79.45300
2012-11-28,78.87800,79.60300,78.47300,79.18400
2012-11-29,78.47600,79.49700,78.40800,79.19000
2012-11-30,78.35100,79.26900,78.29000,79.016998
2012-12-03,78.31200,79.23600,78.17400,78.92800
2012-12-04,78.22200,79.054001,78.049004,78.78100
2012-12-05,78.078003,78.83900,78.010002,78.71600
2012-12-06,78.27900,78.82900,78.095001,78.71800
2012-12-07,78.28200,78.70800,78,78.30000
2012-12-10,78.28400,78.76800,78,78.65000
2012-12-11,78.19300,78.78000,77.93200,78.53200
2012-12-12,77.95300,78.82900,77.81200,78.55900
2012-12-13,77.97600,78.68700,77.80500,78.57300
2012-12-14,78.0070038,78.43000,77.80800,78.30000
2012-12-17,77.77800,78.68600,77.77000,78.56300
2012-12-18,78.097000,78.43400,77.81000,78.18700
2012-12-19,77.83200,78.60700,77.76000,78.49200
2012-12-20,78.019997,78.33000,77.78700,78.22300
2012-12-21,77.95000,78.78200,77.92400,78.72500
2012-12-24,77.95000,78.29600,77.90000,78.24800
2012-12-25,78.015999,78.39500,77.90000,78.27000
2012-12-26,77.97800,78.42100,77.78000,78.22000
2012-12-27,77.90000,78.32000,77.74200,78.15700
2012-12-28,77.89900,78.875,77.82200,78.65000
2012-12-31,78.052002,78.87400,77.70800,78.68800
2013-01-01,77.80200,78.38200,77.75400,78.20400
2013-01-02,77.84600,78.39000,77.67600,78.13200
2013-01-03,77.92800,78.61000,77.81600,78.60700
2013-01-04,78.32000,78.54500,78.15800,78.52500
2013-01-07,78.47300,78.86500,78,78.63600
2013-01-08,78.094002,79.036003,78,78.86200
2013-01-09,78.20200,78.62400,78.12400,78.56700
2013-01-10,78.27300,78.57600,77.77500,78.20300
2013-01-11,77.77800,78.61800,77.58000,78.23200
2013-01-14,77.87000,78.26200,77.53800,78.078003
2013-01-15,77.63400,78.51500,77.54000,78.41700
2013-01-16,77.71900,78.18700,77.67500,78.125
2013-01-17,77.85000,78.55900,77.49500,78.28700
2013-01-18,77.73400,78.50400,77.53600,78.41000
2013-01-21,77.70600,78.59700,77.5,78.42100
2013-01-22,77.82900,78.60100,77.46000,78.39400
2013-01-23,77.83200,78.54800,77.52000,78.39900
2013-01-24,77.76700,78.081001,77.5,77.98000
2013-01-25,77.75400,78.47500,77.39000,78.16000
2013-01-28,77.45600,78.375,77.41000,78.17700
2013-01-29,77.60600,78.0019989,77.33000,77.93500
2013-01-30,77.57400,77.94700,77.11000,77.75400
2013-01-31,77.40000,77.85600,77.14000,77.72300
2013-02-01,77.20900,77.75400,76.85000,77.53500
2013-02-04,77.17600,77.74300,76.99000,77.73300
2013-02-05,77.44000,77.82100,77.11000,77.58100
2013-02-06,77.41900,78.23500,77.17600,78.050003
2013-02-07,77.46300,78.053001,77.091003,77.95200
2013-02-08,77.67000,78.44500,77.36900,78.36500
2013-02-11,77.62400,78.056000,77.39900,77.89200
2013-02-12,77.59600,78.50900,77.45900,78.20200
2013-02-13,77.57100,77.94000,77.36000,77.77400
2013-02-14,77.5,78.24100,77.48000,78.16600
2013-02-15,77.67600,78.60500,77.61200,78.37000
2013-02-18,77.77800,78.24500,77.54500,78.12000
2013-02-19,77.71400,78.60000,77.54700,78.34600
2013-02-20,77.77300,78.29000,77.43700,78.12800
2013-02-21,77.88000,78.95400,77.54500,78.77100
2013-02-22,78.19500,78.97900,77.79700,78.77500
2013-02-25,78.15800,78.60000,77.625,78.26200
2013-02-26,77.86200,78.86800,77.79000,78.76600
2013-02-27,78.34300,79.15300,78.16000,78.88800
2013-02-28,78.18000,78.69000,78.13000,78.60200
2013-03-01,78.21400,78.93400,78.17200,78.87000
2013-03-04,78.53400,79.073997,78.30000,78.88800
2013-03-05,78.44200,78.96100,78.20000,78.80400
2013-03-06,78.37100,78.88900,78.32800,78.83300
2013-03-07,78.43900,78.92600,78.25,78.65600
2013-03-08,78.27400,79.31700,78.21500,79.22400
2013-03-11,78.51800,79.40200,78.34500,79.13300
2013-03-12,78.43000,79.40400,78.22000,79.15600
2013-03-13,78.38000,79.19700,78.33000,79.099998
2013-03-14,78.59100,79.52500,78.44900,79.21100
2013-03-15,78.71000,79.088997,78.26500,78.80000
2013-03-18,78.42100,79.18500,78.32600,79.055000
2013-03-19,78.68000,79.18400,78.45000,79.045998
2013-03-20,78.67100,79.22200,78.44000,79.012001
2013-03-21,78.63600,79.57900,78.44700,79.41700
2013-03-22,78.77400,79.25,78.36900,78.98100
2013-03-25,78.58100,79.55900,78.30700,79.50800
2013-03-26,78.80000,79.32500,78.54500,79.17300
2013-03-27,78.76800,79.43000,78.56000,79.39100
2013-03-28,78.95800,79.52300,78.69000,79.28800
2013-03-29,78.72800,79.31800,78.67900,79.19100
2013-04-01,78.90200,79.74400,78.68000,79.50400
2013-04-02,78.85400,79.31000,78.64000,79.22500
2013-04-03,78.88200,79.44400,78.58800,79.18200
2013-04-04,78.81200,79.38500,78.56500,79.014000
2013-04-05,78.63600,79.63100,78.28800,79.21800
2013-04-08,78.60200,79.38300,78.29000,79.20500
2013-04-09,78.52200,79.34500,78.17800,79.039001
2013-04-10,78.33500,78.89100,78.14700,78.77300
2013-04-11,78.40600,79.21000,78.087997,78.99500
2013-04-12,78.35100,78.84000,78.15100,78.70000
2013-04-15,78.42300,79.24900,78.23100,79.14200
2013-04-16,78.42500,79.20100,78.091003,78.84600
2013-04-17,78.17000,78.82900,78.074997,78.65400
2013-04-18,78.30900,78.99800,78.19900,78.81500
2013-04-19,78.41800,78.81800,78.19000,78.68500
2013-04-22,78.32200,78.92600,78.17500,78.82100
2013-04-23,78.56100,79.10700,78.33200,78.98000
2013-04-24,78.61400,79.46900,78.31200,79.21000
2013-04-25,78.50400,79.40600,78.17700,79.19900
2013-04-26,78.51700,79.063004,78.23800,78.91100
2013-04-29,78.51000,79.0039978,78.10300,78.72500
2013-04-30,78.29000,78.85400,77.98000,78.59500
2013-05-01,78.13900,78.54600,77.92000,78.40700
2013-05-02,78.125,79.20600,77.96700,79.059998
2013-05-03,78.43100,78.99100,78.059998,78.67800
2013-05-06,78.27500,78.81700,78.11200,78.73300
2013-05-07,78.37100,79.21800,78.099998,79.056000
2013-05-08,78.39400,78.84400,77.96500,78.59500
2013-05-09,78.20600,78.79000,78.011002,78.71100
2013-05-10,78.42500,78.98600,78.18100,78.90800
2013-05-13,78.62200,79.23500,78.33500,78.89600
2013-05-14,78.60700,79.19300,78.38300,79.068001
2013-05-15,78.73700,79.63900,78.49200,79.51800
2013-05-16,78.94000,80.0070038,78.70000,79.81500
2013-05-17,79.070999,79.84500,78.90400,79.74600
2013-05-20,79.19400,79.64100,78.95200,79.46800
2013-05-21,79.11500,80.073997,78.95800,79.78000
2013-05-22,79.070000,79.73900,78.72600,79.47500
2013-05-23,78.92400,79.99100,78.76500,79.73200
2013-05-24,79.092003,79.68600,78.78500,79.54400
2013-05-27,78.93700,79.44300,78.79200,79.32500
2013-05-28,79.016998,79.95200,78.93700,79.91200
2013-05-29,79.11700,79.58500,78.77800,79.26100
2013-05-30,79.0019989,79.39100,78.55700,79.028999
2013-05-31,78.75300,79.58200,78.67400,79.44300
2013-06-03,78.90500,79.35300,78.5,79.17000
2013-06-04,78.88200,79.25,78.51900,79.071999
2013-06-05,78.78300,79.64500,78.52000,79.34800
2013-06-06,78.70900,79.050003,78.18600,78.73600
2013-06-07,78.30900,79.16900,78.14000,79.035004
2013-06-10,78.31800,79.26900,78.11200,78.97000
2013-06-11,78.26300,78.80000,78.036003,78.55800
2013-06-12,78.12300,79.070999,77.89700,78.77500
2013-06-13,78.072998,78.93400,77.84600,78.83400
2013-06-14,78.15600,78.56000,77.86300,78.46200
2013-06-17,78.15300,78.50700,77.80000,78.34700
2013-06-18,77.91200,78.54000,77.74900,78.36900
2013-06-19,78.14300,78.88200,77.71000,78.66900
2013-06-20,78.070999,79.43800,77.84200,79.23700
2013-06-21,78.94600,79.41000,78.52900,79.38900
2013-06-24,79.028000,79.89800,78.53800,79.56400
2013-06-25,78.85700,79.81200,78.51200,79.31400
2013-06-26,78.80000,80.040001,78.79000,79.98000
2013-06-27,79.46300,80.070000,79.31300,79.87700
2013-06-28,79.60500,80.29000,79.36000,80.21000
2013-07-01,79.75600,80.31900,79.53000,80.015999
2013-07-02,79.69600,80.42000,79.39000,79.99800
2013-07-03,79.68000,80.61800,79.42700,80.40200
2013-07-04,79.73700,80.31900,79.47700,80.015999
2013-07-05,79.69900,80.24400,79.28100,79.85600
2013-07-08,79.58400,80.55300,79.34300,80.33200
2013-07-09,79.48800,80.011002,78.46900,79.057999
2013-07-10,78.71600,79.75200,78.48000,79.59400
2013-07-11,79.30000,79.75800,78.47800,79.096001
2013-07-12,78.81900,79.14700,78.45700,78.92500
2013-07-15,78.72300,79.61700,77.61200,78.59500
2013-07-16,77.90800,79.12700,77.5,79.042000
2013-07-17,78.80400,79.42100,78.56800,79.23700
2013-07-18,78.94400,80.22500,78.62800,79.17800
2013-07-19,78.68100,79.16100,78.087997,78.92300
2013-07-22,78.61600,79.31500,78.46800,79.12600
2013-07-23,78.84700,79.79700,78.57300,79.66900
2013-07-24,78.99500,79.91400,78.72400,79.81700
2013-07-25,79.16000,80.0049973,78.84600,79.90600
2013-07-26,79.23300,79.55000,78.70000,79.39000
2013-07-29,79.10800,79.92400,78.84100,79.82300
2013-07-30,79.16800,79.89400,78.84300,79.74800
2013-07-31,78.92800,79.60700,78.84800,79.42700
2013-08-01,79.13400,79.71100,79.089996,79.43400
2013-08-02,79.14000,79.71100,79.10800,79.50900
2013-08-05,79.40000,79.69900,78.82600,79.42300
2013-08-06,79.11400,79.94800,79.040001,79.89600
2013-08-07,79.61000,80.73000,79.44800,80.61500
2013-08-08,79.94900,80.31500,79.83900,80.14400
2013-08-09,80.0049973,80.83600,79.88100,80.83000
2013-08-12,79.99700,80.52600,79.74300,80.27600
2013-08-13,80.12000,80.79900,79.76700,80.67600
2013-08-14,80.18900,80.52000,79.49900,80.00099945
2013-08-15,79.68400,80.42300,79.30000,79.80300
2013-08-16,79.48500,80.59000,79.30900,80.48200
2013-08-19,80.19000,80.68800,79.89800,80.40300
2013-08-20,80.21800,80.93000,79.92600,80.67100
2013-08-21,80.31100,81.14000,80.073997,80.98000
2013-08-22,80.48300,81.34100,80.26200,81.086998
2013-08-23,80.54400,80.96200,80.28700,80.88900
2013-08-26,80.60100,81.075996,80.42800,80.87100
2013-08-27,80.58200,81.17300,80.45400,80.90800
2013-08-28,80.57700,81.22100,80.46800,81.028999
2013-08-29,80.70000,81.48300,80.58000,81.42000
2013-08-30,80.88000,81.70000,80.77000,81.52500
2013-09-02,81.20600,81.83300,80.89700,81.61900
2013-09-03,80.96100,81.90500,80.95100,81.83500
2013-09-04,81.29300,81.93400,81.030998,81.81200
2013-09-05,81.20000,82.28200,81.17700,82.26200
2013-09-06,81.63000,81.99900,81.32000,81.83000
2013-09-09,81.36300,82.051003,81.29700,82.041000
2013-09-10,81.71000,82.77300,81.50500,82.30900
2013-09-11,81.79200,82.12900,81.44700,81.95600
2013-09-12,81.63000,82.069000,81.42900,81.96600
2013-09-13,81.73000,82.28000,81.44700,82.26600
2013-09-16,81.78000,82.070000,81.29400,81.85500
2013-09-17,81.59700,82.058998,81.32500,81.92800
2013-09-18,81.76600,82.091003,81.35000,81.81500
2013-09-19,81.32700,81.61700,80.53800,81.40200
2013-09-20,81.11900,81.59500,80.87900,81.48000
2013-09-23,81.18600,81.68100,80.94700,81.58800
2013-09-24,81.15300,81.79000,81.024002,81.65800
2013-09-25,81.30800,81.70500,80.93800,81.52400
2013-09-26,81.24000,81.69700,81.088997,81.61000
2013-09-27,81.31900,81.86300,81.032997,81.80300
2013-09-30,81.21800,81.70700,80.87800,81.48500
2013-10-01,81.22000,81.56200,80.87200,81.43300
2013-10-02,81.099998,81.85100,80.84800,81.59900
2013-10-03,81.12100,81.33800,80.76000,81.125
2013-10-04,81.10800,81.62700,80.82100,81.40400
2013-10-07,81.10900,81.42900,80.90000,81.19200
2013-10-08,81.21200,81.65400,80.94400,81.45700
2013-10-09,81.34000,81.60300,80.91800,81.24500
2013-10-10,81.27700,81.83600,81.018997,81.53900
2013-10-11,81.36400,81.93700,80.99400,81.53500
2013-10-14,80.99900,81.62000,80.99900,81.57900
2013-10-15,81.43900,81.88800,80.99900,81.60200
2013-10-16,81.27700,81.83300,81.056999,81.58400
2013-10-17,81.25,81.69800,80.83600,81.33400
2013-10-18,81.021004,81.51300,80.79600,81.42900
2013-10-21,81.24800,81.63000,80.91500,81.55000
2013-10-22,81.075996,81.86800,80.88000,81.53200
2013-10-23,81.40400,81.84200,81.13800,81.53600
2013-10-24,81.41700,81.57500,81.042000,81.37300
2013-10-25,81.29800,81.92100,81.084999,81.62100
2013-10-28,81.33000,81.50900,80.76800,81.17500
2013-10-29,80.95100,81.25200,80.64000,81.013000
2013-10-30,80.95600,81.53200,80.62800,81.20200
2013-10-31,80.91100,81.56300,80.5,81.47100
2013-11-01,81.22800,81.75300,80.82800,81.42000
2013-11-04,81.12700,81.46900,80.88800,81.21500
2013-11-05,81.14600,81.56900,80.58700,81.085999
2013-11-06,80.79200,81.11300,80.46400,80.84600
2013-11-07,80.73600,81.039001,80.11800,80.61600
2013-11-08,80.48400,80.93300,79.91500,80.57200
2013-11-11,80.24200,80.50600,79.95500,80.34900
2013-11-12,80.25500,80.73000,79.99500,80.47800
2013-11-13,80.18800,80.71700,79.84700,80.42300
2013-11-14,80.17100,80.51000,79.81500,80.41200
2013-11-15,80.12300,80.53900,79.69300,80.36500
2013-11-18,80.096001,80.40900,79.62800,80.21000
2013-11-19,79.82300,80.39300,79.57300,80.21800
2013-11-20,79.91900,80.45900,79.67700,80.27800
2013-11-21,79.87300,80.39300,79.61000,80.17900
2013-11-22,79.92300,80.46000,79.63400,80.20000
2013-11-25,79.92500,80.31500,79.53100,80.125
2013-11-26,79.76500,79.99100,79.38600,79.65700
2013-11-27,79.58700,80.23500,79.32200,79.85200
2013-11-28,79.53300,79.94300,79.32800,79.91700
2013-11-29,79.76400,80.375,79.43800,80.00099945
2013-12-02,79.72900,80.18400,79.32500,79.94600
2013-12-03,79.62800,79.99400,79.44700,79.81800
2013-12-04,79.73200,79.92400,79.44600,79.66400
2013-12-05,79.62100,80.30400,79.028000,79.52300
2013-12-06,79.20500,79.78100,78.82700,79.32300
2013-12-09,78.98400,79.43700,78.77700,79.25
2013-12-10,78.92000,79.36000,78.46700,78.84100
2013-12-11,78.53400,79.075996,78.26900,78.45400
2013-12-12,78.24300,78.66000,77.82900,78.36000
2013-12-13,77.97700,78.71500,77.75900,78.29200
2013-12-16,78.10700,78.48500,77.69400,78.27900
2013-12-17,78.044998,78.40000,77.71700,78.13800
2013-12-18,77.78300,78.75800,77.71100,78.41800
2013-12-19,78.48000,78.95000,77.88700,78.59300
2013-12-20,78.11100,78.81700,77.86600,78.49300
2013-12-23,78.17400,78.74900,77.85100,78.57500
2013-12-24,78.14300,78.60500,77.87000,78.40200
2013-12-25,78.082001,78.57900,77.80600,78.56900
2013-12-26,78.19500,78.52600,77.71700,78.30800
2013-12-27,78.028000,78.5,77.21000,77.83700
2013-12-30,77.74400,78.34000,77.46900,78.16500
2013-12-31,78.026001,78.54100,77.70300,78.42200
2014-01-01,78.046997,78.48200,77.90000,78.42200
2014-01-02,78.046997,78.54400,77.68700,78.50400
2014-01-03,78.10200,78.48800,77.92500,78.20000
2014-01-06,77.94400,78.58900,77.85900,78.37600
2014-01-07,78.18400,78.55900,77.86100,78.43400
2014-01-08,78.13900,78.68100,77.92000,78.56700
2014-01-09,78.35300,78.62800,77.89700,78.58400
2014-01-10,78.16700,78.54100,77.90100,78.35000
2014-01-13,78.25,78.54100,77.80600,78.36100
2014-01-14,78.078003,78.40900,77.73900,78.31800
2014-01-15,77.99200,78.58700,77.76300,78.41900
2014-01-16,78.12200,78.55000,77.85500,78.42700
2014-01-17,78.17500,78.64600,77.96000,78.62400
2014-01-20,78.10600,78.53900,77.875,78.36500
2014-01-21,77.93000,78.58000,77.93000,78.43900
2014-01-22,78.15100,78.52000,77.76500,78.35100
2014-01-23,78.027000,78.42100,77.35800,77.83300
2014-01-24,77.55800,78.11800,77.34200,77.94600
2014-01-27,77.64800,78.042999,77.30200,77.93600
2014-01-28,77.64800,78.080002,77.39800,77.92000
2014-01-29,77.63000,78.13300,77.33800,77.86100
2014-01-30,77.57000,78.11300,77.28500,77.87100
2014-01-31,77.57000,78.52600,77.42500,78.36400
2014-02-03,77.90100,78.66000,77.71200,78.49400
2014-02-04,78.20400,78.63800,77.93300,78.35000
2014-02-05,78.16000,78.77600,77.97100,78.47500
2014-02-06,78.11500,78.69500,77.79000,78.26800
2014-02-07,77.83300,78.72400,77.81200,78.26900
2014-02-10,78.080002,78.46500,77.75700,78.32100
2014-02-11,78.036003,78.37400,77.70300,78.27600
2014-02-12,77.98600,78.51700,77.69800,78.30600
2014-02-13,78.015999,78.40700,77.53800,77.95100
2014-02-14,77.87200,78.15600,77.33900,77.77300
2014-02-17,77.63700,78.013000,77.35300,77.89800
2014-02-18,77.51500,78.029999,77.18000,77.66800
2014-02-19,77.50300,77.84700,77.14300,77.78800
2014-02-20,77.5,77.94500,77.16400,77.83500
2014-02-21,77.40100,77.88200,77.23200,77.65200
2014-02-24,77.30000,78.031998,77.15100,77.65900
2014-02-25,77.34800,77.84800,77.14100,77.66000
2014-02-26,77.33700,77.82500,77.17400,77.76700
2014-02-27,77.45000,77.99700,77.28400,77.84100
2014-02-28,77.40300,77.64000,77.33000,77.49400
2014-03-03,77.36300,77.76400,77.24000,77.67600
2014-03-04,77.43700,77.80600,77.26500,77.63800
2014-03-05,77.45000,77.88800,77.27900,77.74600
2014-03-06,77.34600,77.85800,77.094002,77.39100
2014-03-07,77.13000,77.81700,76.88800,77.29300
2014-03-10,77.072998,77.47800,76.92400,77.34400
2014-03-11,77.087997,77.51500,76.97700,77.38800
2014-03-12,77.11000,77.51100,76.74700,77.31100
2014-03-13,77.055000,77.35300,76.65300,77.23600
2014-03-14,76.98000,77.33000,76.71900,77.18900
2014-03-17,77.057999,77.37300,76.79100,77.17500
2014-03-18,77.016998,77.56800,76.72300,77.24600
2014-03-19,77.18000,77.45800,76.86600,77.25800
2014-03-20,77.16700,78.32200,76.94800,78.16600
2014-03-21,78,78.25200,77.67400,78.23000
2014-03-24,77.97800,78.40900,77.60800,77.94200
2014-03-25,77.88000,78.39500,77.59900,78.21000
2014-03-26,77.99200,78.30400,77.72300,78.28500
2014-03-27,78.014000,78.36300,77.75500,78.32400
2014-03-28,78.047997,78.71400,77.78900,78.57400
2014-03-31,78.36700,78.60400,78.010002,78.54200
2014-04-01,78.29500,78.66300,77.82500,78.46100
2014-04-02,78.32300,78.82500,78.10300,78.70000
2014-04-03,78.49500,78.98700,78.25800,78.89700
2014-04-04,78.65600,79.20600,78.30000,78.60000
2014-04-07,78.72300,79.025002,78.57800,78.86800
2014-04-08,78.64300,79.011002,78.44400,78.76100
2014-04-09,78.53500,78.94100,78.40700,78.72400
2014-04-10,78.53900,78.82200,78.26900,78.64600
2014-04-11,78.40600,78.62200,78.15700,78.61000
2014-04-14,78.36100,78.81600,78.093002,78.65000
2014-04-15,78.55400,78.84700,78.16200,78.65400
2014-04-16,78.41400,78.76000,78.11300,78.65800
2014-04-17,78.41800,78.65500,78.084999,78.50600
2014-04-18,78.26900,78.73700,78.14700,78.58500
2014-04-21,78.42600,78.75500,78.20700,78.65900
2014-04-22,78.38800,78.84700,78.32400,78.67900
2014-04-23,78.43900,78.82800,78.25100,78.66000
2014-04-24,78.42000,78.85100,78.29300,78.64300
2014-04-25,78.40500,78.70900,78.27300,78.57600
2014-04-28,78.38300,78.74000,78.19900,78.58200
2014-04-29,78.40100,78.80600,78.21700,78.66800
2014-04-30,78.40100,78.78000,78.21500,78.58100
2014-05-01,78.32300,78.65600,78.21900,78.44200
2014-05-02,78.27600,78.72900,78.22100,78.54400
2014-05-05,78.40200,78.69500,78.20100,78.49300
2014-05-06,78.26800,78.62700,77.98400,78.38000
2014-05-07,78.15500,78.57600,78.091003,78.40000
2014-05-08,78.23200,78.65200,77.98500,78.57700
2014-05-09,78.33600,78.72300,78.17200,78.72100
2014-05-12,78.17200,78.92300,78.17200,78.74700
2014-05-13,78.53400,78.93600,78.43500,78.84200
2014-05-14,78.53200,78.96300,78.51100,78.73500
2014-05-15,78.58700,79.27100,78.53200,79.023003
2014-05-16,78.78400,79.27400,78.68500,79.24100
2014-05-19,78.87900,79.15300,78.70000,78.97000
2014-05-20,78.73100,79.20200,78.65000,79.014999
2014-05-21,78.75100,79.17300,78.49300,79.038002
2014-05-22,78.80900,79.31400,78.68800,79.17900
2014-05-23,78.93100,79.37900,78.83000,79.23500
2014-05-26,78.99900,79.35300,78.82000,79.15100
2014-05-27,78.91500,79.35600,78.77800,79.23200
2014-05-28,78.87700,79.34600,78.77700,79.27300
2014-05-29,79.069000,79.37200,78.73600,79.15300
2014-05-30,79.066002,79.26900,78.74600,79.12300
2014-06-02,78.99200,79.29900,78.73600,79.20800
2014-06-03,79.00099945,79.37800,78.82200,79.11700
2014-06-04,78.85800,79.38000,78.84900,79.15600
2014-06-05,79.0080032,79.46200,78.76900,79.23900
2014-06-06,78.99300,79.45300,78.81300,79.21300
2014-06-09,79.038002,79.51000,78.89900,79.35800
2014-06-10,79.21600,79.50700,78.94300,79.35100
2014-06-11,79.14200,79.56700,79.097000,79.40100
2014-06-12,79.25800,79.62600,79.097000,79.42200
2014-06-13,79.21900,79.5,79.030998,79.42400
2014-06-16,79.24000,79.58300,79.053001,79.24500
2014-06-17,79.15400,79.60200,78.98400,79.37000
2014-06-18,79.20100,79.46900,79.011002,79.26200
2014-06-19,79.18400,79.44600,78.93400,79.32000
2014-06-20,79.18900,79.43900,79.059998,79.25
2014-06-23,79.20000,79.62300,79.058998,79.41400
2014-06-24,79.16800,79.56700,79.031998,79.41600
2014-06-25,79.15300,79.60900,79.012001,79.37000
2014-06-26,79.047997,79.59700,78.94300,79.42400
2014-06-27,79.19200,79.56700,79,79.37100
2014-06-30,79.15600,79.49800,78.91800,79.28400
2014-07-01,79.045998,79.40100,78.91100,79.21400
2014-07-02,79.028999,79.49000,78.94300,79.31900
2014-07-03,79.089996,79.46100,78.94300,79.32800
2014-07-04,79.20500,79.61600,79.054001,79.45100
2014-07-07,79.22000,79.49900,79.050003,79.32700
2014-07-08,79.19300,79.60300,79.078003,79.41500
2014-07-09,79.19600,79.46500,79.025002,79.24900
2014-07-10,79.17300,79.55800,79.010002,79.40300
2014-07-11,79.20000,79.61500,79.037003,79.44800
2014-07-14,79.18900,79.52200,79.032997,79.35800
2014-07-15,79.15300,79.56600,79.065002,79.37700
2014-07-16,79.18900,79.76700,79.13300,79.63200
2014-07-17,79.35500,79.65900,79.22000,79.52900
2014-07-18,79.40000,79.66300,79.22000,79.52600
2014-07-21,79.39300,79.73300,79.22000,79.57000
2014-07-22,79.40300,79.75900,79.22000,79.57400
2014-07-23,79.51000,79.87000,79.22900,79.68900
2014-07-24,79.52200,79.86100,79.25200,79.69300
2014-07-25,79.49900,79.87000,79.29600,79.77100
2014-07-28,79.68000,79.93100,79.5,79.74300
2014-07-29,79.54200,79.93100,79.51000,79.76200
2014-07-30,79.56100,80.065002,79.5,79.90300
2014-07-31,79.68600,80.045998,79.5,79.88500
2014-08-01,79.71200,80.0039978,79.49000,79.80200
2014-08-04,79.66100,79.95800,79.55500,79.81400
2014-08-05,79.62100,80.068001,79.59000,79.90600
2014-08-06,79.73300,80.13000,79.59800,79.90600
2014-08-07,79.71500,80.091003,79.58500,79.97600
2014-08-08,79.76300,80.0039978,79.51100,79.73900
2014-08-11,79.71300,80.041000,79.65600,79.88900
2014-08-12,79.66300,80.13900,79.63800,79.94900
2014-08-13,79.74300,80.098999,79.54700,79.94500
2014-08-14,79.77200,80.098999,79.54700,79.85600
2014-08-15,79.65500,80.053001,79.56100,79.87000
2014-08-18,79.69600,80.068001,79.58200,79.90600
2014-08-19,79.75100,80.12800,79.51600,80.00099945
2014-08-20,79.87400,80.25900,79.75600,80.18100
2014-08-21,79.97200,80.31700,79.80400,80.066002
2014-08-22,79.97100,80.29000,79.82500,80.21600
2014-08-25,80.0019989,80.45400,79.96500,80.40100
2014-08-26,80.10500,80.45300,79.99900,80.33500
2014-08-27,80.10400,80.50200,79.99500,80.35400
2014-08-28,80.14800,80.52700,79.92900,80.36500
2014-08-29,80.17000,80.49200,80.017998,80.40500
2014-09-01,80.11200,80.52500,80.016998,80.39200
2014-09-02,80.19800,80.59400,80.11200,80.43000
2014-09-03,80.20100,80.55900,80.11900,80.39300
2014-09-04,80.17700,80.87100,80.13800,80.65900
2014-09-05,80.61300,80.95900,80.44500,80.89700
2014-09-08,80.66300,81.027000,80.45600,80.99100
2014-09-09,80.64700,81.17800,80.62800,80.95500
2014-09-10,80.80600,81.12900,80.59400,80.96500
2014-09-11,80.69800,81.092003,80.60700,80.84600
2014-09-12,80.75600,81.086998,80.55400,80.84800
2014-09-15,80.73500,81.15700,80.61700,80.88800
2014-09-16,80.68700,81.072998,80.53000,80.85400
2014-09-17,80.66700,81.089996,80.54300,81.056999
2014-09-18,80.86600,81.17300,80.59800,80.95400
2014-09-19,80.81000,81.15000,80.69600,81.099998
2014-09-22,80.97400,81.54300,80.96200,81.40800
2014-09-23,81.24300,81.73600,81.12200,81.73400
2014-09-24,81.42600,82.21300,81.26000,82
2014-09-25,81.88900,82.49100,81.78500,82.36800
2014-09-26,82.069000,82.54400,81.96300,82.26100
2014-09-29,82.13300,82.66500,82.11800,82.42600
2014-09-30,82.27800,83.47600,82.17400,83.24100
2014-10-01,83.030998,83.55000,82.96200,83.34900
2014-10-02,83.081001,83.38700,82.89700,83.15600
2014-10-03,82.95700,83.78700,82.95400,83.67400
2014-10-06,83.50800,83.80200,83.068001,83.34500
2014-10-07,83.11600,83.71900,83.080002,83.42900
2014-10-08,83.10800,83.62400,82.97700,83.21200
2014-10-09,83.14900,83.57300,82.82800,83.36600
2014-10-10,83.21100,83.74700,83.15100,83.63600
2014-10-13,83.40800,83.76200,83.18200,83.48400
2014-10-14,83.20400,83.80800,83.092003,83.52300
2014-10-15,83.42100,83.80200,82.94000,83.29200
2014-10-16,83.097000,83.60000,82.88500,83.26100
2014-10-17,83.045998,83.32000,82.89300,83.28000
2014-10-20,83.025002,83.53000,82.96200,83.25700
2014-10-21,83.033997,83.49900,82.91400,83.33200
2014-10-22,83.24400,83.77600,83.14200,83.59200
2014-10-23,83.31900,83.82400,83.30000,83.62600
2014-10-24,83.43700,83.78900,83.30300,83.58200
2014-10-27,83.27500,83.77800,83.21000,83.42500
2014-10-28,83.34500,83.68100,83.055000,83.27800
2014-10-29,83.20800,83.60300,83.053001,83.59800
2014-10-30,83.42500,83.99600,83.11600,83.66000
2014-10-31,83.49600,83.92000,83.44200,83.84000
2014-11-03,83.75100,84.24600,83.58400,84.13600
2014-11-04,83.80000,84.20300,83.58200,83.96500
2014-11-05,83.66100,84.22300,83.65400,84.0090027
2014-11-06,83.82900,84.44700,83.70500,84.21900
2014-11-07,84.21200,84.39100,83.87000,84.19200
2014-11-10,83.97800,84.30800,83.75800,84.082001
2014-11-11,84.043999,84.47600,83.82200,84.22400
2014-11-12,84.014000,84.65300,83.81500,84.43900
2014-11-13,84.28400,84.74300,84.18500,84.49900
2014-11-14,84.37400,84.71700,84.20200,84.50800
2014-11-17,84.46400,84.95600,84.32500,84.73300
2014-11-18,84.58500,84.95500,84.34900,84.75700
2014-11-19,84.63300,84.91900,84.45500,84.75500
2014-11-20,84.63500,85.33000,84.47600,85.011002
2014-11-21,84.72600,85.71100,84.65300,85.70400
2014-11-24,85.44300,85.99500,85.25,85.77900
2014-11-25,85.49700,86.025002,85.44900,85.77300
2014-11-26,85.51100,86.082001,85.45400,85.86100
2014-11-27,85.68200,86.033997,85.47100,85.91600
2014-11-28,85.76300,86.25900,85.60000,86.10900
2014-12-01,85.78400,86.25700,85.71700,86.038002
2014-12-02,85.81600,86.42400,85.77400,86.15700
2014-12-03,86.21300,87.11900,85.94000,86.91100
2014-12-04,86.63700,87.21500,86.19800,86.81400
2014-12-05,86.53200,87.10400,86.48000,87.053001
2014-12-08,86.65800,87.37100,86.60300,87.058998
2014-12-09,86.89700,87.18800,86.28500,86.73100
2014-12-10,86.53300,87.0049973,86.38300,86.75400
2014-12-11,86.53000,86.93800,86.050003,86.39100
2014-12-12,86.19700,86.61300,86.010002,86.47100
2014-12-15,86.24600,86.65600,86.10900,86.53700
2014-12-16,86.25600,86.57400,85.53000,85.81100
2014-12-17,85.63300,86.33100,85.63300,86.22900
2014-12-18,85.90900,86.19300,85.84200,86.12700
2014-12-19,85.93700,87.43000,85.93700,87.38600
2014-12-22,86.98600,87.28500,86.92800,87.23000
2014-12-23,87.057999,87.69300,86.95200,87.45000
2014-12-24,87.41500,87.79700,87.23600,87.67500
2014-12-25,87.47100,87.79100,87.30300,87.58900
2014-12-26,87.42800,87.73400,87.23600,87.65000
2014-12-29,87.56000,87.98300,87.36900,87.80800
2014-12-30,87.64100,88.046997,87.5,87.96900
2014-12-31,87.79500,88.12400,87.66800,87.92000
2015-01-01,87.73000,87.99300,87.70100,87.92000
2015-01-02,87.72300,88.14400,87.63300,87.91900
2015-01-05,87.79600,88.14900,87.63100,88.075996
2015-01-06,87.82000,88.19600,87.57400,87.89700
2015-01-07,87.71700,88.31700,87.70200,88.20400
2015-01-08,87.98400,88.49300,87.80100,88.22100
2015-01-09,88.044998,88.53200,87.60800,87.98200
2015-01-12,87.68800,88.052002,87.45100,87.77000
2015-01-13,87.55100,88.017998,87.40300,87.84400
2015-01-14,87.62000,88.055000,87.38200,87.61800
2015-01-15,87.58500,88.36000,87.37600,87.97200
2015-01-16,88.014000,88.70900,87.69600,88.51100
2015-01-19,88.43900,88.61400,87.92100,88.32800
2015-01-20,88.086998,88.57300,87.93200,88.40100
2015-01-21,88.21500,88.68000,87.91600,88.33800
2015-01-22,88.15500,88.69600,87.92000,88.33900
2015-01-23,88.20600,91.73400,87.93200,91.51600
2015-01-26,91.41900,92.29700,91.16200,92.24400
2015-01-27,92.069000,92.53600,91.82800,92.30800
2015-01-28,92.045998,92.55300,91.77700,92.29600
2015-01-29,92.0080032,92.58700,91.86800,92.39500
2015-01-30,92.21800,93.081001,92.0039978,92.55000
2015-02-02,92.41600,93.14600,92.21700,92.96300
2015-02-03,92.72300,93.15200,92.25100,92.69300
2015-02-04,92.42800,93.48400,92.28400,93.15400
2015-02-05,93.066002,93.59300,92.74400,93.30500
2015-02-06,92.90800,93.51600,92.66100,93.15800
2015-02-09,92.79700,93.86900,92.79700,93.70700
2015-02-10,93.44400,94.33900,93.17000,94.074997
2015-02-11,93.81700,94.21900,93.66300,94.18700
2015-02-12,94.018997,94.27500,93.61200,94.071999
2015-02-13,93.75500,94.31000,93.55700,94.14600
2015-02-16,94.067001,94.33000,93.81600,94.24600
2015-02-17,94.067001,94.52900,93.81500,94.16200
2015-02-18,94.043999,94.48100,93.88800,94.30600
2015-02-19,94.086998,94.54500,93.79200,94.35700
2015-02-20,94.11800,94.67900,94.050003,94.48600
2015-02-23,94.28900,94.72300,94.13900,94.49300
2015-02-24,94.37300,94.84600,94.16300,94.56200
2015-02-25,94.38800,94.60600,93.95600,94.46100
2015-02-26,94.28600,94.89900,94.014999,94.78200
2015-02-27,94.68800,95.12400,94.43100,95.065002
2015-03-02,94.59100,95.088997,94.55500,94.76700
2015-03-03,94.81000,95.31200,94.58400,95
2015-03-04,94.73500,95.46100,94.71800,95.15100
2015-03-05,95.050003,95.72800,94.87600,95.53200
2015-03-06,95.41700,96.049004,95.25600,95.85000
2015-03-09,95.66200,96.29400,95.55700,96.13400
2015-03-10,96.019997,96.61100,95.89200,96.50900
2015-03-11,96.25700,97.47700,96.24800,97.42100
2015-03-12,97.15900,97.56100,96.78800,97.23900
2015-03-13,96.88800,97.69700,96.87600,97.34900
2015-03-16,97.14500,97.65100,96.93800,97.35600
2015-03-17,97.20500,97.48600,96.75100,97.15600
2015-03-18,96.87600,97.38700,96.72300,97.19000
2015-03-19,96.92800,97.51700,96.48100,96.96000
2015-03-20,96.72500,96.85500,96.14000,96.67800
2015-03-23,96.79300,96.90300,95.69500,96.0029984
2015-03-24,95.88600,96.30300,95.43800,96.10400
2015-03-25,95.88800,96.23500,95.45300,96.14500
2015-03-26,95.99300,96.83400,95.58800,96.75800
2015-03-27,96.55600,97.40000,96.30500,97.13300
2015-03-30,97.044998,97.40200,96.87300,97.27900
2015-03-31,97.077003,97.79800,96.97200,97.61700
2015-04-01,97.42000,97.82500,97.15000,97.55700
2015-04-02,97.26900,97.61600,96.81400,97.29600
2015-04-03,97.10100,97.31000,96.59200,96.99900
2015-04-06,96.98900,97.24000,96.66400,97.19100
2015-04-07,97.058998,97.68600,96.79100,97.44400
2015-04-08,97.18200,97.85300,96.98500,97.60800
2015-04-09,97.55700,98.37000,97.24900,98.26200
2015-04-10,98.097000,98.87200,97.84400,98.76700
2015-04-13,98.35700,99.031998,98.19600,98.76200
2015-04-14,98.65100,98.99200,97.88500,98.15000
2015-04-15,97.88700,99.13100,97.88700,98.68300
2015-04-16,98.25800,98.86200,97.60900,98.20800
2015-04-17,97.95200,98.55200,97.51500,97.99000
2015-04-20,97.70700,98.63700,97.57600,98.36200
2015-04-21,98.063004,98.68600,97.76400,98.27900
2015-04-22,98.033997,98.50400,97.75200,98.41700
2015-04-23,98.21300,98.81000,97.67900,98.25900
2015-04-24,97.98100,98.27700,97.35900,97.92500
2015-04-27,97.66800,98.27800,97.34000,97.79100
2015-04-28,97.60200,97.90200,97.092003,97.47900
2015-04-29,97.31400,97.69400,96.58600,97.096001
2015-04-30,96.83400,97.48500,96.55700,97.022003
2015-05-01,96.84000,97.38500,96.52200,97.25100
2015-05-04,96.91600,97.83300,96.69700,97.63000
2015-05-05,97.059998,97.68400,96.89900,97.44000
2015-05-06,97.12900,97.49800,96.24600,96.81000
2015-05-07,96.56600,97.79800,96.24000,97.56100
2015-05-08,97.22200,97.85800,97.19500,97.85100
2015-05-11,97.47900,98.39100,97.39400,98.22300
2015-05-12,97.84500,98.19700,97.48200,98.028000
2015-05-13,97.85200,98.25900,97.40300,97.79300
2015-05-14,97.53100,98.026001,97.38800,97.82300
2015-05-15,97.68700,98.25100,97.55500,98.11700
2015-05-18,97.69000,98.19500,97.28200,98.045998
2015-05-19,97.90100,98.96200,97.62900,98.76700
2015-05-20,98.47000,99.12800,98.31200,98.75400
2015-05-21,98.67200,99.28700,98.19300,98.88700
2015-05-22,98.61900,99.375,98.18600,99.32900
2015-05-25,98.94100,99.30300,98.85200,99.29600
2015-05-26,99.079002,99.99800,98.97100,99.89400
2015-05-27,99.35900,100.023003,99.26000,99.80900
2015-05-28,99.60900,99.84900,99.20000,99.54400
2015-05-29,99.25400,99.88000,99.031998,99.42900
2015-06-01,99.125,99.54500,99.094002,99.26600
2015-06-02,99.29400,99.59500,98.45400,98.92300
2015-06-03,98.71800,99.16800,98.21200,98.96900
2015-06-04,98.74900,99.22000,97.50500,97.95000
2015-06-05,97.90700,98.38300,97.47400,98.15100
2015-06-08,97.88000,98.73400,97.71600,98.16100
2015-06-09,97.98300,98.42300,97.53600,98.23900
2015-06-10,97.95800,98.15700,97.29900,97.69600
2015-06-11,97.61400,98.53900,97.42300,98.19100
2015-06-12,97.89100,98.49000,97.70200,98.22000
2015-06-15,98.088997,98.60400,97.80100,98.20300
2015-06-16,97.87700,98.47500,97.65600,98.30200
2015-06-17,98.038002,98.375,97.65300,98.086998
2015-06-18,97.95600,98.35400,97.62800,97.97900
2015-06-19,97.88900,98.61800,97.65300,98.36400
2015-06-22,98.00099945,98.21600,97.75900,98.13800
2015-06-23,97.96200,99.026001,97.78500,98.81400
2015-06-24,98.74900,98.96500,98.39900,98.76900
2015-06-25,98.59400,98.92000,98.47100,98.79400
2015-06-26,98.70500,99.13300,98.29400,98.875
2015-06-29,98.61100,99.42500,98.52200,99.017998
2015-06-30,98.68200,99.091003,98.33800,98.93000
2015-07-01,98.54300,99.40900,98.52300,99.17100
2015-07-02,98.95100,99.61100,98.81200,99.17200
2015-07-03,98.88100,99.23900,98.76700,98.94100
2015-07-06,98.76700,99.61000,98.76700,99.48300
2015-07-07,99.26300,99.86500,99.14400,99.81800
2015-07-08,99.47300,99.82100,98.99400,99.41200
2015-07-09,99.035004,99.48600,98.91600,99.47700
2015-07-10,99.27000,99.47600,98.50400,98.90300
2015-07-13,98.76700,99.61900,98.62900,99.39300
2015-07-14,99.092003,99.73500,98.95400,99.29100
2015-07-15,99.12200,99.88300,98.81300,99.71900
2015-07-16,99.40900,100.51700,99.39100,100.11900
2015-07-17,99.98500,100.30300,99.72000,100.18900
2015-07-20,99.96900,100.27100,99.73900,100.073997
2015-07-21,99.89900,100.51900,99.56500,99.77300
2015-07-22,99.65500,100.0059967,99.53500,99.85400
2015-07-23,99.65500,99.99600,99.13300,99.49500
2015-07-24,99.41500,100.011002,99.30000,99.58500
2015-07-27,99.47000,99.65500,98.64400,99.11500
2015-07-28,98.93500,99.30000,98.71900,99.26600
2015-07-29,99.079002,99.36600,98.75800,99.018997
2015-07-30,99.050003,99.5,98.80500,99.40700
2015-07-31,99.31300,99.80400,98.68600,99.31000
2015-08-03,99.073997,99.44400,98.99300,99.31800
2015-08-04,99.21700,99.87000,98.89400,99.59900
2015-08-05,99.29900,100.78100,99.22100,100.54600
2015-08-06,100.24500,101.041000,100.19800,100.87600
2015-08-07,100.56600,100.79900,100.39600,100.72400
2015-08-10,100.88400,101.19300,100.60400,101.00099945
2015-08-11,100.85200,101.54300,100.60400,101.36500
2015-08-12,101.36500,102.30100,100.89000,101.78300
2015-08-13,101.83700,104.46900,101.65000,103.94400
2015-08-14,103.76500,105.45700,103.40000,105.16600
2015-08-17,104.87800,105.84700,104.66000,105.43100
2015-08-18,105.13100,105.89200,104.91000,105.55400
2015-08-19,105.29000,105.94400,105.059998,105.48400
2015-08-20,105.50700,106.028000,104.73500,105.28900
2015-08-21,104.98800,105.42600,104.36000,104.90400
2015-08-24,104.49100,105.38500,103.72100,104.64900
2015-08-25,104.18000,105.45100,104.16000,105.045998
2015-08-26,104.85700,105.61500,104.30200,105.34700
2015-08-27,105.33100,106.36000,104.88000,105.94400
2015-08-28,105.64300,106.33000,104.81400,106.049004
2015-08-31,105.54500,106.41600,105.36000,106.20100
2015-09-01,105.87000,106.15600,105.15000,105.69900
2015-09-02,105.43100,106.27100,105.29000,105.95500
2015-09-03,105.73500,106.67900,105.38000,106.27500
2015-09-04,106.015999,106.17300,105.53500,105.97900
2015-09-07,106.34300,106.75600,105.33700,106.17900
2015-09-08,105.86000,106.58800,105.56000,106.10200
2015-09-09,105.82300,106.75500,105.55000,106.20000
2015-09-10,105.74400,106.49300,105.30000,106.00099945
2015-09-11,105.53600,106.059998,105.22000,105.37000
2015-09-14,105.36000,106.26500,104.96000,105.70800
2015-09-15,105.26000,105.93600,105.043999,105.59400
2015-09-16,105.36400,106.31900,105.20000,105.77400
2015-09-17,105.41800,106.016998,105.043999,105.41200
2015-09-18,105.29800,105.93000,104.64000,105.53100
2015-09-21,104.82600,106.29600,104.80800,105.98800
2015-09-22,105.81300,106.48000,105.40000,106.14400
2015-09-23,105.97200,106.42800,105.77800,105.82900
2015-09-24,105.82300,106.65100,105.69500,106.053001
2015-09-25,105.71400,106.58500,105.69500,106.5
2015-09-28,105.91900,106.49400,105.66600,105.91900
2015-09-29,105.67300,106.32700,105.52300,105.91600
2015-09-30,105.65100,106.59700,105.61900,106.19000
2015-10-01,105.92600,106.39300,105.74000,105.91200
2015-10-02,105.80800,106.51000,105.39400,105.86100
2015-10-05,105.60000,106.22000,105.28000,105.73300
2015-10-06,105.72700,106.10200,105.30000,105.58200
2015-10-07,105.57000,106.21500,105.38000,105.86500
2015-10-08,105.61300,106.28900,105.16000,105.84500
2015-10-09,105.35000,106.12100,104.97000,105.60900
2015-10-12,105.15600,105.95000,104.84000,105.27000
2015-10-13,105.010002,105.70000,104.81000,105.098999
2015-10-14,105.080002,105.57800,104.68000,105.23100
2015-10-15,104.86800,105.70800,104.62000,105.017998
2015-10-16,105.070000,105.76700,104.70000,105.55500
2015-10-19,105.32800,105.90900,105.010002,105.63600
2015-10-20,105.23500,105.70000,104.91000,105.18200
2015-10-21,105.17000,105.72500,104.92000,105.28500
2015-10-22,105.25,105.94300,105.029999,105.75200
2015-10-23,105.70100,107.0059967,105.17000,105.84500
2015-10-26,106.32200,107.028000,106.17000,106.64100
2015-10-27,106.48700,106.94300,106.11000,106.58000
2015-10-28,106.38900,106.86300,105.96000,106.43700
2015-10-29,106.19800,107.20400,105.97000,106.63900
2015-10-30,106.38000,107.12300,106.17000,107.10200
2015-11-02,106.93000,107.35600,106.029999,106.77200
2015-11-03,106.25700,107.39700,106.040001,106.83000
2015-11-04,106.55400,107.42300,106.32000,107.023003
2015-11-05,106.66200,107.61100,106.37900,107.19300
2015-11-06,106.91200,107.96500,106.68000,107.60200
2015-11-09,107.62100,108.13600,107.28900,107.875
2015-11-10,107.49700,108.40900,106.95000,107.99100
2015-11-11,107.41000,108.11100,106.97400,107.73400
2015-11-12,107.47000,108.069000,107.25,107.61800
2015-11-13,107.48100,107.90200,107.15000,107.85000
2015-11-16,107.21500,108.044998,106.97400,107.70100
2015-11-17,107.32000,108.52100,107.26000,108.0059967
2015-11-18,107.75,108.40500,107.49000,108.10100
2015-11-19,107.71600,108.42500,107.36000,107.80700
2015-11-20,107.50600,108.5,107.44400,108.25200
2015-11-23,108.029999,108.46500,107.66700,107.98400
2015-11-24,107.77100,108.45100,107.64200,107.87800
2015-11-25,107.69200,108.64200,107.56000,108.42000
2015-11-26,107.91100,108.64600,107.82500,108.19000
2015-11-27,108.041000,108.60300,107.69000,108.30000
2015-11-30,108.19500,108.95000,107.59500,108.056000
2015-12-01,108.15400,108.75500,107.59500,108.18500
2015-12-02,107.90900,108.84000,107.59500,108.41900
2015-12-03,108.16100,108.75300,106.72700,107.25800
2015-12-04,107.036003,107.81700,106.66300,107.25500
2015-12-07,106.89000,107.81800,106.87800,107.53400
2015-12-08,107.18800,107.63900,106.66000,107.23100
2015-12-09,106.90000,107.43600,106.33000,106.82600
2015-12-10,106.33000,107.32300,106.27000,106.85400
2015-12-11,106.37000,107.19500,106.36000,106.80500
2015-12-14,106.65500,107.28500,106.32100,106.70500
2015-12-15,106.53500,107.14800,106.070000,106.81300
2015-12-16,106.45000,107.46400,106.38000,107.11500
2015-12-17,106.86600,107.625,106.56000,107.26300
2015-12-18,107.022003,108.037003,106.85000,107.51300
2015-12-21,107.070999,107.66300,106.64100,107.029999
2015-12-22,106.88700,107.47300,106.47000,106.96200
2015-12-23,106.51000,107.60800,106.47000,107.28800
2015-12-24,106.74000,107.28900,106.45000,107.0080032
2015-12-25,106.78600,107.22300,106.47000,107.0070038
2015-12-28,107.00099945,107.22300,106.35000,106.92500
2015-12-29,106.54400,107.35100,106.32000,107.0019989
2015-12-30,106.66000,107.30900,106.52000,106.92800
2015-12-31,106.91900,107.34600,106.69700,107.10100
2016-01-01,106.88000,107.23200,106.87900,107.10200
2016-01-04,106.88000,107.69200,106.57500,107.51600
2016-01-05,107.029999,108.041000,106.69900,107.82600
2016-01-06,107.58500,108.28200,107,107.78000
2016-01-07,107.51000,108.035004,106.69900,107.20300
2016-01-08,106.92500,108.097000,106.82000,107.33100
2016-01-11,106.98300,107.875,106.69000,107.375
2016-01-12,107.051003,107.69600,106.57500,107.33000
2016-01-13,107.070000,107.90400,106.57500,107.35500
2016-01-14,107.069000,107.63900,106.63000,107.34200
2016-01-15,107.080002,107.73200,106.71100,107.70300
2016-01-18,106.94500,107.71000,106.57500,107.375
2016-01-19,107.11000,107.75300,106.79000,107.37800
2016-01-20,107.14900,107.58500,106.66000,107.23200
2016-01-21,106.92800,108.084000,106.75,107.68400
2016-01-22,107.36200,108.095001,106.85300,107.34200
2016-01-25,107.23200,107.82800,107,107.46200
2016-01-26,107.23700,107.94100,106.88000,107.42000
2016-01-27,106.92000,107.74400,106.73000,107.24100
2016-01-28,106.76000,107.42700,106.60000,106.97300
2016-01-29,106.92000,107.37400,106.72000,107.14000
2016-02-01,106.88400,107.68100,106.72000,107.15200
2016-02-02,107.059998,107.45000,106.62000,106.97800
2016-02-03,106.80400,107.65800,106.059998,106.68300
2016-02-04,106.19800,107.33900,105.52000,106.014000
2016-02-05,105.66500,106.84900,105.54600,106.46000
2016-02-08,105.81400,106.83000,105.63000,106.23000
2016-02-09,106.044998,106.49500,105.14500,105.64900
2016-02-10,105.36900,106.26900,105.15000,105.75200
2016-02-11,105.55000,106.26900,104.85000,105.43200
2016-02-12,105.050003,105.83500,104.85000,105.65000
2016-02-15,105.44300,106.39000,105.089996,106.070000
2016-02-16,105.86200,106.56400,105.46000,106.30300
2016-02-17,105.84100,106.49900,105.5,106.14100
2016-02-18,105.88000,107.014999,105.68000,106.33300
2016-02-19,106.012001,106.83000,105.84000,106.34100
2016-02-22,106.024002,107.14600,105.83000,106.67200
2016-02-23,106.43400,107.094002,105.92100,106.63000
2016-02-24,106.13000,107.63300,106.11000,107.051003
2016-02-25,106.69400,107.84900,106.62100,107.39700
2016-02-26,107.12100,108.22300,106.79000,107.89700
2016-02-29,107.5,108.93000,107,108.59200
2016-03-01,108.41800,109.053001,108.26000,108.67900
2016-03-02,108.43000,109.52200,108.28000,108.91900
2016-03-03,108.66800,109.34700,108.29600,108.90400
2016-03-04,108.57000,109.49600,107.54000,108.90500
2016-03-07,107.68300,109.36600,107.63000,108.79400
2016-03-08,108.53100,109.26200,108.059998,108.58600
2016-03-09,108.45300,109.20400,108.089996,108.84100
2016-03-10,108.65900,111.14700,108.38000,110.27500
2016-03-11,109.88600,110.75200,109.14000,110.18400
2016-03-14,110.15400,110.32900,109.44000,109.97300
2016-03-15,109.71000,110.56000,109.54000,110.15000
2016-03-16,109.85200,110.89500,109.48500,110.50500
2016-03-17,110.14900,110.89400,108.67000,109.85100
2016-03-18,109.70000,110.38300,109.37000,110.12800
2016-03-21,109.90000,110.38900,109.072998,109.76000
2016-03-22,109.53600,110.50500,109.51600,109.99400
2016-03-23,109.60500,110.20400,109.52900,109.85400
2016-03-24,109.61200,110.44600,109.48800,109.95100
2016-03-25,109.62400,110.34700,109.42000,109.85500
2016-03-28,109.46100,110.26200,108.78900,109.56000
2016-03-29,109.14600,110.18500,108.67000,109.41400
2016-03-30,108.92200,109.81200,108.099998,108.59800
2016-03-31,108.099998,108.93400,107.90000,108.47000
2016-04-01,108.24500,108.83400,107.63000,108.19900
2016-04-04,107.81500,108.78600,107.59000,108.16200
2016-04-05,107.80600,108.79100,107.58000,108.20900
2016-04-06,107.95000,108.67400,107.42000,108.029999
2016-04-07,107.55000,108.42800,107.33000,108.071999
2016-04-08,107.68900,108.65000,107,108.086998
2016-04-11,107.69100,108.51500,107,107.97500
2016-04-12,107.58100,108.86500,107.41000,108.46700
2016-04-13,107.95400,109.12300,107.83000,108.74400
2016-04-14,108.28000,109.13400,108,108.68700
2016-04-15,108.48700,109.37800,107.92400,108.88900
2016-04-18,108.73000,109.31000,108.29000,108.85100
2016-04-19,108.54300,109.10100,108.15000,108.54900
2016-04-20,108.29000,109.44700,108.18000,109.052002
2016-04-21,108.66200,109.48200,108.43300,109.12000
2016-04-22,108.89300,109.81200,108.43300,109.41700
2016-04-25,109.17700,109.86100,108.67000,109.38000
2016-04-26,108.92700,109.72400,108.65000,109.21900
2016-04-27,108.97200,109.54600,108.60000,109.27300
2016-04-28,108.93000,109.70900,108.55000,109.21600
2016-04-29,108.75,109.34700,108.30000,109.069000
2016-05-02,108.67900,109.37700,108.18000,108.74500
2016-05-03,108.44500,109.29600,107.89000,108.82200
2016-05-04,108.55900,109.43100,108.23000,108.96600
2016-05-05,108.60500,109.67600,108.41000,109.26800
2016-05-06,109.11600,109.63700,108.51000,109.28100
2016-05-09,108.93500,109.62400,108.76600,109.22300
2016-05-10,108.97900,109.68700,108.76600,109.28700
2016-05-11,109.10600,109.83200,108.76600,109.27700
2016-05-12,108.83500,109.61800,108.81200,109.27800
2016-05-13,109.015999,110.075996,108.89000,109.66300
2016-05-16,109.31100,110.125,108.66000,109.64100
2016-05-17,109.45100,110.14500,109.029999,109.68900
2016-05-18,109.29200,110.25600,109.20000,110.0019989
2016-05-19,109.67000,110.60000,109.21300,110.37700
2016-05-20,109.89600,110.76900,109.64000,110.19300
2016-05-23,110.028000,110.60200,109.66000,110.15000
2016-05-24,110.11900,110.88000,109.66000,110.57000
2016-05-25,110.051003,110.71400,109.83000,110.29300
2016-05-26,110.029999,110.88700,109.71000,110.23700
2016-05-27,110.053001,110.60500,109.71000,110.37100
2016-05-30,110.025002,110.99500,109.98500,110.51300
2016-05-31,110.10700,110.98200,109.98400,110.37000
2016-06-01,110.032997,110.94700,109.69800,110.41100
2016-06-02,110.042999,110.88900,109.84800,110.42900
2016-06-03,110.061996,111.10100,109.22000,110.45300
2016-06-06,109.62600,110.16600,108.66000,109.55400
2016-06-07,109.52700,110.17700,109.050003,109.68300
2016-06-08,109.35000,110.12600,108.92000,109.49500
2016-06-09,109.091003,110.26900,108.95000,109.78300
2016-06-10,109.42000,110.34900,109.28000,109.98200
2016-06-13,108.78100,110.49900,108.67000,110.16000
2016-06-14,109.77200,110.60800,109.53000,110.21600
2016-06-15,109.89600,110.70600,109.51300,110.053001
2016-06-16,109.86000,110.91500,109.49000,110.36000
2016-06-17,110.078003,110.56100,109.5,110.041000
2016-06-20,109.64200,110.29500,109.099998,109.49100
2016-06-21,109.23000,110.49000,109.12000,109.99700
2016-06-22,109.71300,110.32900,109.20000,109.73200
2016-06-23,109.53500,110.084999,108.86000,109.51300
2016-06-24,109.25,110.99700,109,110.46100
2016-06-27,110.16000,111.26600,109.96000,110.81500
2016-06-28,110.40600,111.097000,109.84000,110.51700
2016-06-29,110.22100,111.10700,108.69000,110.31800
2016-06-30,109.94200,110.61300,109.72000,110.25600
2016-07-01,110.019997,110.79800,109.80000,110.27800
2016-07-04,109.84000,110.79900,109.79700,110.17400
2016-07-05,109.81700,110.73700,109.78700,110.19300
2016-07-06,109.83600,111.019997,109.70000,110.53100
2016-07-07,110.19400,110.97100,109.87800,110.40900
2016-07-08,110.070999,111.10700,109.94500,110.49500
2016-07-11,110.25800,110.98500,110.012001,110.43500
2016-07-12,110.40900,110.92500,109.95700,110.625
2016-07-13,110.26900,111.071999,109.98300,110.49700
2016-07-14,110.30500,110.84400,109.82300,110.42400
2016-07-15,110.040001,110.84700,109.87100,110.58300
2016-07-18,110.20900,110.89700,110.040001,110.41100
2016-07-19,110.25700,111.14600,110.029999,110.69600
2016-07-20,110.34000,111.33500,110.13000,110.77800
2016-07-21,110.29200,111.23600,110,110.71300
2016-07-22,110.29700,111.30700,110.050003,110.76600
2016-07-25,110.38200,111.32100,110.15000,110.81100
2016-07-26,110.64300,111.26200,110.14000,110.78600
2016-07-27,110.54400,111.22800,110,110.75800
2016-07-28,110.14900,110.88500,109.66700,110.43900
2016-07-29,110.042000,110.87100,109.46000,110.19800
2016-08-01,109.96800,110.71300,109.26000,109.82500
2016-08-02,109.54400,110.18200,109.050003,109.625
2016-08-03,109.20200,110.24000,108.75,109.80100
2016-08-04,109.55900,110.39700,109.15000,109.87400
2016-08-05,109.57200,110.36800,109.18000,109.85500
2016-08-08,109.57400,110.43900,109.44900,110.065002
2016-08-09,109.88900,110.55400,109.59000,109.98000
2016-08-10,109.81600,110.60100,109.070000,109.74500
2016-08-11,109.29000,110.25700,109.099998,109.88700
2016-08-12,109.47700,110.35600,109,109.91000
2016-08-15,109.30800,110.030998,109.050003,109.47100
2016-08-16,109.21000,109.88500,108.20000,108.74200
2016-08-17,108.57600,109.125,108.20000,108.75100
2016-08-18,108.49000,109.20900,108.029999,108.66100
2016-08-19,108.24000,109.16300,108.050003,108.60400
2016-08-22,108.34100,109.30700,108.15000,108.74400
2016-08-23,108.35200,109.12800,108.070000,108.75100
2016-08-24,108.32600,109.57300,108.20000,109.11000
2016-08-25,108.59900,109.57300,108.34000,109.039001
2016-08-26,108.58600,109.46000,108.21000,109.34600
2016-08-29,108.85100,109.75,108.60800,109.21100
2016-08-30,108.98600,109.97700,108.77000,109.62300
2016-08-31,109.63300,110.098000,109.37000,109.58800
2016-09-01,109.40400,109.90100,109.031998,109.19500
2016-09-02,109.43200,109.92300,109.17700,109.56000
2016-09-05,109.76300,109.92400,109.34300,109.48400
2016-09-06,109.41200,109.87300,108.94000,109.055000
2016-09-07,108.96000,109.42400,108.85400,108.95400
2016-09-08,108.99700,109.31000,108.64800,108.70100
2016-09-09,108.73300,109.42400,108.71300,109.026001
2016-09-12,109.44200,109.65100,109.091003,109.12200
2016-09-13,109.31400,109.59100,109.19500,109.19500
2016-09-14,109.28500,109.61100,108.96000,109.051003
2016-09-15,109.15500,109.66200,109.0090027,109.18100
2016-09-16,109.10800,109.64800,108.94600,109.31100
2016-09-19,109.30200,109.87200,109.24100,109.33700
2016-09-20,109.22200,109.76800,109.13700,109.35800
2016-09-21,109.17600,109.73700,109.13100,109.32000
2016-09-22,109.53900,110.010002,109.083000,109.31100
2016-09-23,108.99800,109.43500,108.77300,109.25
2016-09-26,109.033997,109.40200,108.77100,109.058998
2016-09-27,109.072998,110.063004,109.043999,109.60700
2016-09-28,109.64900,110.031998,109.38000,109.61300
2016-09-29,109.57100,110.0080032,109.17400,109.44700
2016-09-30,109.57000,110.17600,109.43500,109.62000
2016-10-03,109.87900,110.10500,109.37900,109.43700
2016-10-04,109.54100,110.16200,109.25100,109.93600
2016-10-05,109.56700,110.10900,109.19800,109.72200
2016-10-06,109.48500,110.13700,109.45700,109.875
2016-10-07,109.72100,110.30800,109.56200,110.0049973
2016-10-10,109.69200,110.23000,109.59500,109.97200
2016-10-11,109.78600,110.50800,109.71300,110.29000
2016-10-12,110.45900,110.86800,110.19800,110.48200
2016-10-13,110.43800,110.95100,110.33500,110.38400
2016-10-14,110.64400,110.91200,110.33100,110.53200
2016-10-17,110.49900,110.89200,110.27400,110.31400
2016-10-18,110.082001,110.61500,109.98600,110.25700
2016-10-19,110.61600,110.88400,110.24400,110.41600
2016-10-20,110.46400,111.035004,110.13400,110.58500
2016-10-21,110.59400,111.099998,110.35400,110.43900
2016-10-24,110.63000,110.80200,110.045998,110.13500
2016-10-25,110.19300,110.69700,110.095001,110.22800
2016-10-26,110.098000,110.29600,109.70400,110.015999
2016-10-27,110.26000,110.60500,109.98900,110.27000
2016-10-28,109.92100,110.35600,109.75400,110.10500
2016-10-31,109.97500,110.61400,109.88500,109.95500
2016-11-01,109.95800,110.37300,109.71000,110.032997
2016-11-02,110.23700,110.23700,109.41100,109.62800
2016-11-03,109.55800,110.17700,109.48000,109.92000
2016-11-04,109.73700,110.17800,109.57700,109.90200
2016-11-07,109.99000,110.39700,109.74000,109.94700
2016-11-08,110.0029984,110.48500,109.90900,110.025002
2016-11-09,110.12900,110.70400,109.72100,110.26300
2016-11-10,110.54100,111.15500,110.30900,110.77800
2016-11-11,110.88900,111.18400,110.56800,110.91700
2016-11-14,110.89300,111.59400,110.23700,111.30500
2016-11-15,111.34900,111.63800,110.75700,110.99100
2016-11-16,111.30600,111.40400,110.52800,110.97200
2016-11-17,111.17800,111.47900,110.75400,110.87600
2016-11-18,110.91800,111.90800,110.44400,111.20700
2016-11-21,110.96300,111.37200,110.34900,110.93000
2016-11-22,110.80400,111.23600,110.58000,110.75400
2016-11-23,110.85900,111.32800,110.66000,111.14500
2016-11-24,111.065002,111.34200,110.63300,110.78800
2016-11-25,110.70700,111.28500,110.42800,110.73400
2016-11-28,110.93400,111.30600,110.48700,110.83400
2016-11-29,110.67000,111.13000,110.42500,110.74500
2016-11-30,110.83800,111.10800,110.54500,110.93500
2016-12-01,110.57200,111.0049973,110.42000,110.50400
2016-12-02,110.55700,111.025002,110.33700,110.72000
2016-12-05,110.63200,110.94800,110.010002,110.12000
2016-12-06,110.12100,110.92500,109.80800,110.22800
2016-12-07,110.32300,110.66200,110.0070038,110.064003
2016-12-08,110.074997,110.70700,109.51700,110.40200
2016-12-09,110.50200,111.096001,110.35500,110.98400
2016-12-12,110.70100,111.28800,110.15300,110.81500
2016-12-13,110.68800,111.13600,110.064003,110.72700
2016-12-14,110.62600,111.087997,110.18400,110.52100
2016-12-15,110.51200,111.99400,110.41700,111.29000
2016-12-16,111.23600,111.71500,111.036003,111.35700
2016-12-19,111.5,111.61300,110.99400,111.47000
2016-12-20,111.15600,111.69500,111.097000,111.29600
2016-12-21,111.28800,111.62300,110.96200,111.028999
2016-12-22,111.10300,111.51900,110.75800,111.18900
2016-12-23,111.28100,111.48500,110.88300,111.16600
2016-12-26,110.90600,111.40500,110.83800,110.90900
2016-12-27,110.85600,111.34400,110.73700,110.99200
2016-12-28,110.99200,111.21400,110.67200,110.95000
2016-12-29,110.94900,111.050003,110.44800,110.74100
2016-12-30,110.74100,110.96300,110.060997,110.39700
2017-01-02,110.39700,110.96400,110.17700,110.74500
2017-01-03,110.61400,111.33100,110.36600,110.85800
2017-01-04,111.041000,111.41300,110.57900,110.68700
2017-01-05,110.50400,110.76200,109.85700,110.12900
2017-01-06,109.97500,110.48100,109.78000,110.41000
2017-01-09,110.59900,110.79200,110.039001,110.34600
2017-01-10,110.14400,110.67500,109.83500,110.43100
2017-01-11,110.28400,110.69500,109.875,110.40000
2017-01-12,110.55600,110.66800,109.54800,109.78200
2017-01-13,109.71700,110.11000,109.41000,110.099998
2017-01-16,110.032997,110.49800,109.77000,109.99000
2017-01-17,109.88600,110.22900,109.23500,109.51000
2017-01-18,109.60800,110.22200,109.44800,110.0029984
2017-01-19,109.99900,110.42800,109.74000,109.92000
2017-01-20,109.55700,110.13200,109.44700,109.85000
2017-01-23,109.51800,109.98000,109.42300,109.52400
2017-01-24,109.53400,110.070999,109.34600,109.39000
2017-01-25,109.40000,109.89800,109.30000,109.42800
2017-01-26,109.37600,110.036003,109.28800,109.60500
2017-01-27,109.34600,109.85700,109.21100,109.55000
2017-01-30,109.81100,110.13900,109.51400,109.55900
2017-01-31,109.86100,110.0090027,109.12900,109.39000
2017-02-01,109.21200,109.69200,109.14300,109.33700
2017-02-02,109.23400,109.59000,108.91200,109.33000
2017-02-03,108.97300,109.76200,108.90200,109.53500
2017-02-06,109.62000,109.84000,109.35500,109.48800
2017-02-07,109.43500,110.082001,109.34800,109.72500
2017-02-08,109.66000,110.20400,109.57800,109.62900
2017-02-09,109.65900,110.063004,109.48500,109.83900
2017-02-10,109.65500,110.25500,109.47500,110.042999
2017-02-13,110.29700,110.33100,109.73000,109.92100
2017-02-14,109.98200,110.38600,109.84100,109.91100
2017-02-15,110.082001,110.72400,109.85900,110.30300
2017-02-16,109.99100,110.34500,109.63000,109.79900
2017-02-17,109.59600,110.010002,109.42900,110.010002
2017-02-20,110.097000,110.30900,109.78500,110.053001
2017-02-21,110.096001,110.66800,109.83600,110.27000
2017-02-22,110.28000,110.83700,110.20600,110.36500
2017-02-23,110.38600,110.74900,110.011002,110.069000
2017-02-24,110.11700,110.40000,109.81200,110.36000
2017-02-27,110.26000,110.51500,109.88900,110.097000
2017-02-28,110.14900,110.54100,109.90500,109.98800
2017-03-01,109.93400,110.63200,109.87200,110.50600
2017-03-02,110.63300,110.91000,110.30300,110.65200
2017-03-03,110.53000,110.96100,110.24000,110.31600
2017-03-06,110.77300,110.77300,109.92600,110.14500
2017-03-07,109.91900,110.45200,109.84700,110.32000
2017-03-08,110.21500,110.72000,110.18400,110.25500
2017-03-09,110.21200,110.67500,109.89100,110.29400
2017-03-10,110.29100,110.48300,109.75400,109.75500
2017-03-13,110.27800,110.33200,109.75200,110.069000
2017-03-14,109.97800,110.35900,109.71400,110.20700
2017-03-15,110.33900,110.49900,109.625,109.78900
2017-03-16,109.55700,110.092003,109.42200,109.49500
2017-03-17,109.39900,109.77900,109.21900,109.37100
2017-03-20,109.69300,109.81900,109.30500,109.40900
2017-03-21,109.40900,109.79900,109.18600,109.22000
2017-03-22,109.22400,109.51000,108.92300,109.36700
2017-03-23,109.26200,109.80900,109.24200,109.30600
2017-03-24,109.078003,109.25,108.99200,109.25
2017-03-27,109.65600,109.65600,108.98200,109.065002
2017-03-28,109.39800,109.75700,109.045998,109.27600
2017-03-29,109.072998,109.83400,109.063004,109.63200
2017-03-30,109.77400,110.14200,109.61700,109.68900
2017-03-31,109.71100,110.43400,109.64900,110.040001
2017-04-03,109.96400,110.49400,109.93500,109.97600
2017-04-04,109.98700,110.35900,109.93500,110.10100
2017-04-05,110.091003,110.52900,109.96500,110.067001
2017-04-06,110.030998,110.57400,109.86000,110.32600
2017-04-07,110.13300,110.65500,110.091003,110.54100
2017-04-10,110.74700,110.95900,110.33700,110.53400
2017-04-11,110.53800,110.82800,110.22100,110.47500
2017-04-12,110.21100,110.66900,110.13800,110.25900
2017-04-13,110.30000,110.71300,110.045998,110.42100
2017-04-14,110.13800,110.42300,109.92100,110.24700
2017-04-17,110.46400,110.62200,109.98200,110.061996
2017-04-18,110.29500,110.53300,109.83700,109.88500
2017-04-19,110.096001,110.34900,109.73200,109.84200
2017-04-20,110.063004,110.27300,109.57300,109.71700
2017-04-21,109.72800,110.32000,109.65600,109.90000
2017-04-24,109.83900,109.84400,109.10100,109.13600
2017-04-25,108.97600,109.50300,108.86800,109.20900
2017-04-26,109.37300,109.67000,108.93300,109.12100
2017-04-27,109.040001,109.64400,108.92100,109.20000
2017-04-28,109.20500,109.56500,108.90100,109.27500
2017-05-01,109.27700,109.44500,109.19900,109.24200
2017-05-02,109.24100,109.45000,108.89200,109.21200
2017-05-03,109.37800,109.61200,108.95800,109.19700
2017-05-04,109.17100,109.54200,108.85500,109.30000
2017-05-05,108.86100,109.45100,108.82500,109.30000
2017-05-08,109.47400,109.54100,108.98700,109.13300
2017-05-09,109.26300,109.88900,109.22700,109.62900
2017-05-10,109.62600,109.96100,109.40000,109.65700
2017-05-11,109.66000,110.056999,109.36600,109.71300
2017-05-12,109.51600,109.64700,109.10400,109.40000
2017-05-15,109.44800,109.44800,108.81100,109.063004
2017-05-16,109.13900,109.30000,108.50300,108.68900
2017-05-17,108.68800,109.098999,108.31100,108.50500
2017-05-18,108.65300,109.13500,108.54500,108.85700
2017-05-19,108.88400,109.022003,108.26800,108.45200
2017-05-22,108.46700,108.68900,107.97100,108.25100
2017-05-23,108.058998,108.55700,107.95700,108.41100
2017-05-24,108.63100,108.95500,108.40000,108.51400
2017-05-25,108.40100,108.53100,107.95700,108.34700
2017-05-26,108.30300,108.65600,108,108.47800
2017-05-29,108.77500,108.95000,108.46000,108.72300
2017-05-30,108.51100,108.79500,108.13000,108.48000
2017-05-31,108.48000,108.68000,107.96600,108.31300
2017-06-01,108.31500,108.54000,107.95400,108.36800
2017-06-02,108.36500,108.55500,107.86800,108.25200
2017-06-05,108.53100,108.53100,107.89400,108.21700
2017-06-06,108.50400,108.70500,108.13100,108.27700
2017-06-07,108.18000,108.53500,107.83400,108.21700
2017-06-08,108.51300,108.80400,108.21000,108.30500
2017-06-09,108.28600,108.65100,108.15200,108.30000
2017-06-12,108.78400,108.83500,108.34400,108.58000
2017-06-13,108.13700,108.55900,108.064003,108.37700
2017-06-14,108.54100,108.71600,107.94100,108.19400
2017-06-15,108.038002,108.77100,107.95700,108.60400
2017-06-16,108.60000,108.78500,108.21000,108.49700
2017-06-19,108.88800,108.88800,108.25100,108.49200
2017-06-20,108.32800,108.85700,108.28400,108.68000
2017-06-21,108.86100,109.17100,108.61800,108.75100
2017-06-22,108.65000,108.89100,108.25700,108.58000
2017-06-23,108.58100,108.78100,108.21700,108.53300
2017-06-26,109.0039978,109.0039978,108.64100,108.64100
2017-06-27,108.67600,108.92600,108.028000,108.11300
2017-06-28,107.82600,108.35700,107.49400,108.084999
2017-06-29,108.085999,108.15000,107.45900,107.77700
2017-06-30,107.77800,108.00099945,107.42000,107.78000
2017-07-03,107.52900,108.11700,107.49600,107.94600
2017-07-04,107.94700,108.24700,107.63900,108.063004
2017-07-05,108.065002,108.31900,107.68200,108.085999
2017-07-06,108.084999,108.30900,107.64500,108.077003
2017-07-07,108.077003,108.28500,107.75200,108.10900
2017-07-10,107.98200,108.38200,107.91500,108.17900
2017-07-11,108.26900,109.43000,108.079002,109.25
2017-07-12,109.0070038,109.80800,108.94900,109.45900
2017-07-13,109.45600,109.86600,109.28600,109.48700
2017-07-14,109.49400,109.85600,109.21300,109.23700
2017-07-17,109.25,109.57900,109.10600,109.17400
2017-07-18,108.88100,109.22600,108.56500,108.87100
2017-07-19,108.87100,109.14500,108.69200,108.95800
2017-07-20,109.24600,109.53300,108.64700,108.75600
2017-07-21,109.069000,109.16800,108.43400,109.099998
2017-07-24,108.62400,109.0039978,108.58600,108.88200
2017-07-25,108.80500,109.017998,108.57500,108.74800
2017-07-26,108.74000,108.96300,108.46200,108.57200
2017-07-27,108.86400,108.99100,108.37400,108.68700
2017-07-28,108.39400,108.72400,108.14600,108.39300
2017-07-31,108.55200,108.79600,108.0059967,108.35000
2017-08-01,108.067001,108.88000,108.049004,108.48900
2017-08-02,108.45000,108.85300,108.23900,108.39600
2017-08-03,108.37700,108.83300,108.26300,108.35000
2017-08-04,108.32400,108.85800,108.27600,108.35000
2017-08-07,109.20800,109.73100,109.050003,109.38700
2017-08-08,109.17400,109.77800,109.054001,109.38200
2017-08-09,109.44000,109.95400,109.27000,109.78400
2017-08-10,109.86900,110.11200,109.61500,109.61500
2017-08-11,109.78600,109.78600,109.55900,109.56300
2017-08-14,109.56500,109.69300,109.26100,109.46700
2017-08-15,109.38000,110.10900,109.31800,109.875
2017-08-16,109.79900,110.24100,109.68900,109.75400
2017-08-17,110.16200,110.63900,109.73800,110.14600
2017-08-18,110.14900,110.46500,109.92000,110.0039978
2017-08-21,109.98800,110.18300,109.52600,109.90600
2017-08-22,109.60200,110.17400,109.57200,110.12100
2017-08-23,110.19100,110.26400,109.63700,109.96900
2017-08-24,109.85200,110.067001,109.52600,109.82600
2017-08-25,109.82800,110.016998,109.30100,109.58900
2017-08-28,109.76300,109.76300,108.87400,109.64400
2017-08-29,109.88400,110.34400,109.32900,110.25500
2017-08-30,110.25500,111.018997,110.084999,110.95900
2017-08-31,110.71700,111.36000,110.42800,111.053001
2017-09-01,111.053001,111.24800,110.66000,111.10200
2017-09-04,110.92100,111.25,110.86600,111.12900
2017-09-05,111.12900,111.37800,110.78600,111.078003
2017-09-06,110.95800,111.12200,110.62900,110.91300
2017-09-07,110.91400,111.082001,110.33500,110.64500
2017-09-08,110.76400,111.0019989,110.26300,110.71900
2017-09-11,110.53800,111.0090027,110.43300,110.87100
2017-09-12,110.87100,111.32200,110.58100,111.074997
2017-09-13,110.88900,111.40300,110.72000,111.25900
2017-09-14,111.25800,111.65500,110.95800,111.28900
2017-09-15,111.29000,111.36000,110.72400,111.074997
2017-09-18,111.23100,111.65000,110.91100,111.46900
2017-09-19,111.17900,111.50800,110.96900,111.28300
2017-09-20,111.17200,111.58600,110.97800,111.47600
2017-09-21,111.48200,112.36100,111.16000,112.11900
2017-09-22,112.12700,112.31800,111.68000,112.24200
2017-09-25,112.20700,112.84400,112.079002,112.83000
2017-09-26,113.12100,113.62400,112.78400,113.12700
2017-09-27,112.84100,113.59300,112.82700,113.37200
2017-09-28,113.66300,113.82000,113.028000,113.079002
2017-09-29,112.79600,113.32000,112.77500,113.098000
2017-10-02,113.25800,113.73100,113.15800,113.28400
2017-10-03,113.56200,113.71500,113.16400,113.26800
2017-10-04,112.97800,113.43300,112.80500,113.27600
2017-10-05,113.27500,113.58600,112.99900,113.41000
2017-10-06,113.41200,113.72800,113.23400,113.64100
2017-10-09,113.37400,113.87700,113.22100,113.63800
2017-10-10,113.71900,113.93200,113.29000,113.35600
2017-10-11,113.061996,113.71800,112.94900,113.42500
2017-10-12,113.30600,113.91200,113.23100,113.54500
2017-10-13,113.40900,113.84600,113.15800,113.81800
2017-10-16,113.81500,114.044998,113.64100,113.87900
2017-10-17,113.89200,114.59600,113.80200,114.24700
2017-10-18,114.30300,114.55000,113.91000,114.24000
2017-10-19,114.23900,114.42300,113.82900,114.11500
2017-10-20,114.29000,114.55600,114.0080032,114.27800
2017-10-23,114.26600,114.77100,113.91000,114.57100
2017-10-24,114.66100,115.014999,114.37200,114.46300
2017-10-25,114.34800,114.86400,114.27900,114.30300
2017-10-26,114.13100,115.028000,114.019997,114.94000
2017-10-27,115.11500,115.75100,114.98900,115.30200
2017-10-30,115.24600,115.65000,115.037003,115.080002
2017-10-31,114.90700,115.32300,114.71300,115.11400
2017-11-01,115.24000,115.46100,114.99900,115.21700
2017-11-02,115.16400,115.38500,114.78600,115.10900
2017-11-03,115.11100,115.32900,114.80600,115.20600
2017-11-06,115.055000,115.53600,114.87100,115.31400
2017-11-07,115.31000,115.62400,115.060997,115.39300
2017-11-08,115.33600,115.68200,115.15800,115.29000
2017-11-09,115.45600,115.67200,115.028999,115.12600
2017-11-10,114.94700,115.35400,114.79900,115.078003
2017-11-13,115.23100,115.48000,114.91800,115.027000
2017-11-14,115.037003,115.42500,114.54200,114.75
2017-11-15,114.74900,115.094002,114.45400,114.52600
2017-11-16,114.49200,115.17300,114.49100,114.87300
2017-11-17,114.77900,115.125,114.60200,114.74000
2017-11-20,114.62000,115.083000,114.43600,114.87400
2017-11-21,114.91500,115.37900,114.83200,114.94400
2017-11-22,115.0049973,115.35600,114.85400,114.92400
2017-11-23,114.91000,114.99900,114.50700,114.71500
2017-11-24,114.69400,115.10600,114.36800,114.41500
2017-11-27,114.54300,114.94100,114.31400,114.51900
2017-11-28,114.41700,115.20700,114.34000,114.75100
2017-11-29,114.90300,115.095001,114.41000,115.028999
2017-11-30,114.79800,115.28300,114.50800,114.95400
2017-12-01,115.24100,115.28100,114.62300,114.77600
2017-12-04,114.81100,115.44800,114.71900,114.85000
2017-12-05,114.99800,115.43700,114.80500,114.97200
2017-12-06,115.12300,115.58300,114.95100,115.10100
2017-12-07,115.094002,115.65600,115.043999,115.20300
2017-12-08,115.23000,115.47800,114.89200,115.44800
2017-12-11,115.34100,115.76100,115.18800,115.33600
2017-12-12,115.23200,115.76700,115.19300,115.40400
2017-12-13,115.46100,115.83700,115.33800,115.55000
2017-12-14,115.55000,115.64900,115.10500,115.37400
2017-12-15,115.48700,115.85600,115.24900,115.24900
2017-12-18,115.50300,115.74600,115.16300,115.37400
2017-12-19,115.35500,115.52300,114.98400,115.23800
2017-12-20,115.23900,115.42600,114.93000,115.18200
2017-12-21,115.18400,115.49200,114.89700,115.15800
2017-12-22,115.15800,115.37900,114.94600,115.24300
2017-12-25,115.086998,115.31600,114.87600,115.21400
2017-12-26,115.32200,115.55900,115.019997,115.036003
2017-12-27,115.14700,115.29000,114.72000,115.021004
2017-12-28,115.023003,115.12300,114.60600,114.94400
2017-12-29,114.94800,115.035004,114.46200,114.76400
2018-01-01,114.76400,114.76400,114.76400,114.76400
2018-01-02,114.73300,115.10900,114.49300,114.59800
2018-01-03,114.50200,115.0070038,114.41700,114.66500
2018-01-04,114.39500,114.80800,114.22600,114.50100
2018-01-05,114.60700,115.041000,114.55900,114.64000
2018-01-08,114.52500,115.16200,114.49300,114.70300
2018-01-09,114.82900,115.47100,114.52500,115.010002
2018-01-10,114.92600,115.11900,114.59200,114.79600
2018-01-11,115.12600,115.20900,114.61800,114.71700
2018-01-12,114.71400,115.11400,114.23300,114.24000
2018-01-15,113.91600,114.37600,113.61200,114.050003
2018-01-16,114.17600,114.74200,113.96500,114.035004
2018-01-17,114.18800,114.70300,113.83600,114.32000
2018-01-18,114.57000,114.73900,114.14400,114.20300
2018-01-19,114.38800,114.59100,114.0070038,114.25600
2018-01-22,114.13400,114.62900,114.075996,114.24400
2018-01-23,113.93800,114.33100,113.71800,113.98800
2018-01-24,114.032997,114.32400,113.59200,113.79800
2018-01-25,113.61300,113.97700,113.16300,113.39200
2018-01-26,113.69400,113.875,113.30200,113.42100
2018-01-29,113.58100,113.80800,113.088997,113.60000
2018-01-30,113.89500,114.0059967,113.28600,113.46800
2018-01-31,113.43700,113.58100,112.90900,113.36300
2018-02-01,113.54300,113.93500,113.065002,113.41600
2018-02-02,113.25700,113.69400,113.078003,113.39100
2018-02-05,113.64300,113.87200,113.25400,113.57400
2018-02-06,113.74200,114.11500,113.37700,113.85700
2018-02-07,114.00099945,114.25500,113.56700,114.025002
2018-02-08,114.025002,114.54900,113.69700,114.054001
2018-02-09,114.056000,114.45300,113.85300,114.16600
2018-02-12,114.069000,114.26600,113.74200,114.014000
2018-02-13,114.015999,114.16400,113.45200,113.90300
2018-02-14,114.025002,114.62700,113.51200,113.76700
2018-02-15,113.52800,114.21800,113.28100,113.29400
2018-02-16,113.29000,113.84800,113.12800,113.60200
2018-02-19,113.48200,114.31900,113.48200,113.83400
2018-02-20,113.91900,114.45800,113.72200,114.15700
2018-02-21,114.15700,114.61500,113.90700,114.37300
2018-02-22,114.31200,114.71800,114.089996,114.25800
2018-02-23,114.26600,114.63600,113.99400,114.32300
2018-02-26,114.017998,114.20100,113.64700,114.0039978
2018-02-27,114.36500,114.60100,113.79800,114.24900
2018-02-28,114.24300,114.83100,114.22200,114.38900
2018-03-01,114.38100,114.86100,114.15400,114.17400
2018-03-02,113.88100,114.49300,113.62100,114.010002
2018-03-05,113.78100,114.23800,113.76400,114.023003
2018-03-06,113.98000,114.33300,113.53200,113.73700
2018-03-07,113.56500,113.89700,113.13700,113.68500
2018-03-08,113.53700,114.096001,113.42400,113.97500
2018-03-09,113.97500,114.35300,113.53000,114.125
2018-03-12,114.14700,114.48000,113.77800,114.033997
2018-03-13,113.98700,114.47900,113.75200,113.85200
2018-03-14,113.85200,114.25500,113.73400,113.91800
2018-03-15,114.060997,114.35400,113.81900,114.12400
2018-03-16,114.021004,114.24800,113.75600,114.072998
2018-03-19,114.24700,114.57000,113.76300,113.98100
2018-03-20,113.90100,114.41600,113.64600,114.25900
2018-03-21,114.28500,114.48900,113.87300,114.17800
2018-03-22,113.78100,114.18500,113.59400,114.019997
2018-03-23,114.15900,114.41900,113.90600,113.98500
2018-03-26,114.012001,114.11500,113.45600,113.72800
2018-03-27,113.46800,114.0080032,113.36200,113.82400
2018-03-28,113.81300,114.15900,113.50700,113.99200
2018-03-29,114.049004,114.39500,113.87100,114.049004
2018-03-30,113.92100,114.21600,113.78200,113.96000
2018-04-02,113.92000,114.36500,113.91400,114.070000
2018-04-03,114.054001,114.41000,113.78200,114.13300
2018-04-04,114.098000,114.37300,113.76100,114.085999
2018-04-05,113.98800,114.47600,113.90600,114.35000
2018-04-06,114.17600,114.56400,114.042000,114.36200
2018-04-09,114.39400,114.52400,113.95600,114.20900
2018-04-10,113.81400,114.27300,113.625,113.88500
2018-04-11,113.69800,114.13900,113.56600,113.81100
2018-04-12,113.99100,114.41400,113.79000,113.97400
2018-04-13,113.95800,114.32600,113.89500,114.21000
2018-04-16,113.96000,114.10300,113.63100,113.87900
2018-04-17,113.74500,114.12200,113.53000,113.77500
2018-04-18,113.76700,114.11300,113.58900,113.84000
2018-04-19,113.96300,114.15600,113.75700,113.98700
2018-04-20,113.72700,114.26600,113.62100,114.093002
2018-04-23,114.14000,114.60200,113.98200,114.42900
2018-04-24,114.27200,114.66500,114.14100,114.38300
2018-04-25,114.38300,114.73800,114.16300,114.56400
2018-04-26,114.50700,114.99600,114.33400,114.83700
2018-04-27,114.68300,115.20500,114.64200,114.92800
2018-04-30,114.78500,115.17200,114.67600,114.93400
2018-05-01,114.78500,115.12100,114.52800,115.083000
2018-05-02,115.23400,115.72900,115.010002,115.43100
2018-05-03,115.24600,115.57300,115.043999,115.40300
2018-05-04,115.11100,115.67300,115.086998,115.50300
2018-05-07,115.68400,115.94400,115.43800,115.54000
2018-05-08,115.40000,116.050003,115.34900,115.84700
2018-05-09,115.63800,116.11800,115.52600,115.80900
2018-05-10,115.68300,115.95600,115.26900,115.72000
2018-05-11,115.63700,115.75600,115.25500,115.52100
2018-05-14,115.44300,115.50600,115.049004,115.41300
2018-05-15,115.46700,116.10200,115.26600,115.90800
2018-05-16,115.74500,116.33900,115.68900,116.11300
2018-05-17,115.84700,116.25500,115.74500,116.079002
2018-05-18,115.85300,116.28200,115.75400,116.10700
2018-05-21,116.070999,116.51700,115.84000,116.19100
2018-05-22,116.079002,116.45600,115.93600,116.11200
2018-05-23,115.96900,116.65900,115.93300,116.55700
2018-05-24,116.40000,116.57000,116.070999,116.44800
2018-05-25,116.20100,116.76400,116.070999,116.62300
2018-05-28,116.61800,116.97900,116.30800,116.78300
2018-05-29,116.62600,117.32200,116.46000,117.070000
2018-05-30,117.022003,117.10200,116.40900,116.67300
2018-05-31,116.58800,116.99000,116.35000,116.45300
2018-06-01,116.52900,116.68500,116.19200,116.56200
2018-06-04,116.47200,116.64800,116.13800,116.44600
2018-06-05,116.30800,116.79500,116.20300,116.53100
2018-06-06,116.53100,116.66500,116.013000,116.20100
2018-06-07,116.20300,116.37900,115.80500,116.22200
2018-06-08,116.22300,116.65800,116.025002,116.55900
2018-06-11,116.56300,116.58600,115.92600,116.42400
2018-06-12,116.42200,116.51200,116.042999,116.38500
2018-06-13,116.38600,116.67300,116.21300,116.32900
2018-06-14,116.41600,117.14800,115.90600,117.019997
2018-06-15,117.27400,117.27400,117.27400,117.27400
2018-06-18,117.063004,117.37100,116.82900,117.14300
2018-06-19,117.18100,117.79700,117.086998,117.52400
2018-06-20,117.24900,117.71500,117.028999,117.40000
2018-06-21,117.44500,117.99800,117.19800,117.53800
2018-06-22,117.56000,117.79300,117.25100,117.29400
2018-06-25,117.45700,117.63700,117.094002,117.22500
2018-06-26,117.47400,117.76000,117.17100,117.42500
2018-06-27,117.59500,117.95000,117.33500,117.78500
2018-06-28,117.64700,118.041000,117.51900,117.82800
2018-06-29,117.83000,117.87000,117.24300,117.47900
2018-07-02,117.53900,117.88300,117.27300,117.65000
2018-07-03,117.65000,117.88200,117.26100,117.51100
2018-07-04,117.30900,117.76200,117.23000,117.51700
2018-07-05,117.59600,117.61700,117.025002,117.36600
2018-07-06,117.37000,117.61200,117.13200,117.34400
2018-07-09,117.57800,117.68700,117.025002,117.30500
2018-07-10,117.29300,117.73300,117.079002,117.48100
2018-07-11,117.46500,117.73100,117.15300,117.57600
2018-07-12,117.52600,117.93700,117.25500,117.73600
2018-07-13,117.73600,118.11200,117.40300,117.81500
2018-07-16,117.83200,117.83400,117.31200,117.53900
2018-07-17,117.37400,117.87400,117.052002,117.75400
2018-07-18,117.63600,118.23400,117.46200,117.96100
2018-07-19,117.77500,118.35600,117.66200,118.080002
2018-07-20,118.079002,118.20100,117.54000,117.75100
2018-07-23,117.38300,117.82300,117.23700,117.60900
2018-07-24,117.68100,117.94800,117.28200,117.72400
2018-07-25,117.51700,117.83900,117.29300,117.59100
2018-07-26,117.59600,117.92100,117.32300,117.80400
2018-07-27,117.80400,118.13300,117.64100,117.86000
2018-07-30,117.85100,118.022003,117.46000,117.73200
2018-07-31,117.51000,117.94200,117.35600,117.72500
2018-08-01,117.56700,117.98500,117.55200,117.82900
2018-08-02,117.68900,118.27100,117.65900,118.12400
2018-08-03,117.97500,118.39800,117.77400,118.15500
2018-08-06,118.14600,118.54600,117.97800,118.33400
2018-08-07,118.12900,118.43100,117.90400,118.11800
2018-08-08,117.93800,118.38700,117.83200,118.16100
2018-08-09,118.30500,118.52500,118.027000,118.38600
2018-08-10,118.51300,119.077003,118.19200,118.80200
2018-08-13,118.84300,119.33100,118.77600,118.86700
2018-08-14,118.85700,119.28900,118.77900,119.12000
2018-08-15,119.11800,119.59600,118.88700,119.16300
2018-08-16,119.37200,119.38500,118.84000,119.044998
2018-08-17,119.053001,119.28400,118.69300,118.81900
2018-08-20,118.85700,119.24000,118.59600,118.60800
2018-08-21,118.60900,118.99500,118.33600,118.33600
2018-08-22,118.88500,118.88500,118.053001,118.14800
2018-08-23,117.97100,118.48600,117.92800,118.25800
2018-08-24,118.17900,118.48100,117.88800,118.31000
2018-08-27,118.14800,118.44100,117.75500,117.86900
2018-08-28,117.75800,118.092003,117.43100,117.64600
2018-08-29,117.65700,118.14000,117.49900,117.64800
2018-08-30,117.58700,118.086998,117.55100,117.77600
2018-08-31,117.76900,118.20900,117.63800,118.026001
2018-09-03,117.66900,118.38300,117.66900,118.012001
2018-09-04,118.22700,118.89300,118.20900,118.41600
2018-09-05,118.097000,118.63500,117.87700,118.11300
2018-09-06,118.11200,118.30800,117.72500,118.11300
2018-09-07,117.94200,118.32900,117.82300,118.24700
2018-09-10,118.42200,118.50400,118.018997,118.19300
2018-09-11,118.084999,118.37700,117.90200,118.18900
2018-09-12,118.29500,118.68800,118.083000,118.23100
2018-09-13,118.48200,118.55500,117.87000,117.95800
2018-09-14,118.10400,118.40000,117.79100,118.16900
2018-09-17,118.11800,118.35900,117.76600,117.81700
2018-09-18,117.68300,118.18000,117.52800,117.86100
2018-09-19,117.93300,118.29700,117.68200,117.85600
2018-09-20,118.16900,118.34800,117.55700,117.64800
2018-09-21,117.58800,117.92500,117.49700,117.75400
2018-09-24,117.61700,118.068001,117.51000,117.75400
2018-09-25,117.74900,118.061996,117.60000,117.69600
2018-09-26,117.44300,117.87000,117.26900,117.74700
2018-09-27,117.67500,118.23900,117.55200,118.0070038
2018-09-28,118.18500,118.71900,118.085999,118.33000
2018-10-01,118.49300,118.64500,118.12600,118.41000
2018-10-02,118.23400,118.86000,118.22200,118.36700
2018-10-03,118.28700,118.63200,118.057999,118.55600
2018-10-04,118.63500,118.94500,118.41900,118.50600
2018-10-05,118.36700,118.82800,118.24900,118.50400
2018-10-08,118.44800,118.90600,118.44600,118.78700
2018-10-09,118.53000,119.033997,118.14700,118.73700
2018-10-10,118.43000,118.78900,118.20400,118.48400
2018-10-11,118.67100,118.75800,118.17700,118.19900
2018-10-12,118.061996,118.48400,117.99600,118.33200
2018-10-15,118.49200,118.77100,118.33000,118.42700
2018-10-16,118.31700,118.62100,118.078003,118.24500
2018-10-17,118.10500,118.65300,118.0019989,118.52700
2018-10-18,118.40100,118.80700,118.25200,118.70100
2018-10-19,118.60000,119.0019989,118.38600,118.66000
2018-10-22,118.74800,118.98400,118.37200,118.74500
2018-10-23,118.58800,118.96000,118.43300,118.83900
2018-10-24,118.75700,119.22500,118.53700,119.056000
2018-10-25,119.056000,119.29900,118.63000,119.13000
2018-10-26,119.38500,119.72000,119.13400,119.19000
2018-10-29,119.17600,119.31400,118.79700,119.084000
2018-10-30,118.98300,119.22700,118.85300,119.10800
2018-10-31,119.24100,119.44400,118.97900,119.20100
2018-11-01,118.94400,119.081001,118.42100,118.71400
2018-11-02,118.71500,118.80200,118.13200,118.44000
2018-11-05,118.53900,118.94600,118.30500,118.37000
2018-11-06,118.43500,118.53800,118.099998,118.32200
2018-11-07,118.46300,118.63300,118,118.26600
2018-11-08,118.14600,118.55900,117.89500,118.47400
2018-11-09,118.38900,118.77000,118.36700,118.64800
2018-11-12,118.64700,119.022003,118.50400,118.98100
2018-11-13,118.97900,119.21600,118.55600,118.79000
2018-11-14,118.77300,119.046997,118.31100,118.42700
2018-11-15,118.63200,118.86500,118.39300,118.51700
2018-11-16,118.26000,118.52500,117.89600,118.20000
2018-11-19,118.51400,118.51400,117.86100,117.90300
2018-11-20,117.89800,118.52100,117.83000,118.47400
2018-11-21,118.58600,118.92100,118.42200,118.63100
2018-11-22,118.61700,118.77000,118.27300,118.36400
2018-11-23,118.37900,118.82700,118.15900,118.64700
2018-11-26,118.91200,119.025002,118.40900,118.83800
2018-11-27,118.52000,118.95800,118.45300,118.79600
2018-11-28,118.81600,119.021004,118.29600,118.91000
2018-11-29,118.47500,119.022003,118.29500,118.34300
2018-11-30,118.46400,118.94200,118.43600,118.83200
2018-12-03,118.55200,118.84700,118.31700,118.69800
2018-12-04,118.83800,118.92700,118.35900,118.72000
2018-12-05,118.49100,118.83000,118.20300,118.57700
2018-12-06,118.62100,118.84600,118.17700,118.50200
2018-12-07,118.31200,118.70900,118.16600,118.46200
2018-12-10,118.51300,118.70900,118.12100,118.42800
2018-12-11,118.48000,118.90000,118.085999,118.77900
2018-12-12,118.76100,118.94700,118.23600,118.75700
2018-12-13,118.70000,119.029999,118.46000,118.70000
2018-12-14,118.91100,119.30300,118.67000,118.92000
2018-12-17,118.75900,119.20800,118.75,118.78000
2018-12-18,118.78000,119.024002,118.46000,118.72000
2018-12-19,118.72000,118.99200,118.41000,118.67000
2018-12-20,118.46600,118.57700,117.90300,118.24900
2018-12-21,118.50700,118.79300,118.30000,118.67000
2018-12-24,118.45500,118.88300,118.44500,118.59500
2018-12-25,118.49600,118.88900,118.34700,118.53800
2018-12-26,118.54000,118.85200,118.31900,118.58700
2018-12-27,118.48000,118.76800,118.11000,118.47100
2018-12-28,118.20200,118.53100,118.025002,118.41400
2018-12-31,118.23700,118.48300,118.00099945,118.25700
2019-01-01,117.99600,118.37600,117.71600,118.25900
2019-01-02,118.15900,118.87300,118.041000,118.62300
2019-01-03,118.75100,118.98900,118.38000,118.45400
2019-01-04,118.73200,118.73400,118.17700,118.40500
2019-01-07,118.60500,118.64400,118.037003,118.070000
2019-01-08,118.19500,118.44200,117.92800,118.32300
2019-01-09,118.18700,118.55000,117.75600,117.79800
2019-01-10,117.91800,118.39800,117.81200,118.11000
2019-01-11,117.79300,118.078003,117.64400,117.95900
2019-01-14,118.28400,118.75900,118.16000,118.22000
2019-01-15,118.20500,118.72500,118.14100,118.44500
2019-01-16,118.33500,118.76200,118.18100,118.39000
2019-01-17,118.30200,118.61000,118.17700,118.39400
2019-01-18,118.29300,118.58900,118.16300,118.43500
2019-01-21,118.68300,118.99400,118.49000,118.67000
2019-01-22,118.60300,119.045998,118.53200,118.70000
2019-01-23,118.91900,119.040001,118.54500,118.59500
2019-01-24,118.49400,118.82000,118.29300,118.70200
2019-01-25,118.81800,118.97400,118.33500,118.61000
2019-01-28,118.60500,118.92000,118.15000,118.19100
2019-01-29,118.19800,118.60500,118.075996,118.31100
2019-01-30,118.31100,118.63700,118.0039978,118.34800
2019-01-31,118.36800,118.37200,117.91200,118.084000
2019-02-01,118.00099945,118.23300,117.99900,118.0019989
2019-02-04,118.25400,118.39400,118.019997,118.12300
2019-02-05,117.99000,118.49500,117.87700,118.33400
2019-02-06,118.31700,118.76900,118.25500,118.50400
2019-02-07,118.73200,119.11000,118.36500,118.75500
2019-02-08,118.80000,119.16200,118.69300,118.83000
2019-02-11,118.96300,119.21000,118.88000,119.029999
2019-02-12,119.035004,119.34100,118.81500,118.86500
2019-02-13,118.88000,119.19400,118.81000,119.11000
2019-02-14,119.10500,119.37800,118.82000,118.98500
2019-02-15,118.67400,119.14800,118.63600,119.026001
2019-02-18,119.029999,119.23000,118.76300,118.92000
2019-02-19,118.80600,119.15300,118.57300,118.59200
2019-02-20,118.52500,118.93600,118.36800,118.76200
2019-02-21,118.61200,118.99600,118.48000,118.57900
2019-02-22,118.70600,119.098999,118.64400,118.80000
2019-02-25,118.97000,119.014999,118.56800,118.67000
2019-02-26,118.60700,118.96500,118.44600,118.55500
2019-02-27,118.30200,118.68800,118.14200,118.38800
2019-02-28,118.41200,118.71600,118.22500,118.36400
2019-03-01,118.35800,118.72700,118.17200,118.61000
2019-03-02,118.39550,118.39550,118.39550,118.39550
2019-03-04,118.38600,118.85900,118.35000,118.74100
2019-03-05,118.43400,118.87800,118.35300,118.70600
2019-03-06,118.70600,119.10600,118.49600,118.71900
2019-03-07,118.59400,119.29300,118.35300,119.19500
2019-03-08,119.19560,119.94700,119.12200,119.26000
2019-03-11,119.69000,119.85640,119.31135,119.18100
2019-03-12,119.48500,119.76370,119.14325,119.059998
2019-03-13,119.29250,119.59675,118.87385,118.71000
2019-03-14,119.11000,119.35965,118.80385,118.71900
2019-03-15,118.99650,119.30550,118.60775,118.87000
2019-03-18,118.95000,119.043900,118.49470,118.36400
2019-03-19,118.86500,119.0012970,118.48670,118.40000
2019-03-20,118.81500,118.98840,118.25235,118.029999
2019-03-21,118.45000,118.92565,118.23000,118.24200
2019-03-22,118.54850,119.18410,118.39200,118.62000
2019-03-25,118.97000,119.18490,118.5,118.56000
2019-03-26,118.79700,119.25200,118.5,118.83320
2019-03-27,119.14000,119.33600,118.79240,118.83000
2019-03-28,119.24500,119.53170,118.92365,118.95400
2019-03-29,119.24800,119.65070,119.093002,119.12000
2019-04-01,119.52500,119.64280,119.10195,119.051003
2019-04-02,119.35050,119.76395,119.21405,119.16000
2019-04-03,119.40100,119.67895,119.020050,119.21190
2019-04-04,119.27250,119.68525,119.098549,119.014000
2019-04-05,119.31550,119.56750,119.13420,119.18570
2019-04-08,119.35590,119.62675,119.012299,118.84000
2019-04-09,119.12000,119.46630,118.93680,118.90000
2019-04-10,119.13600,119.51690,118.92590,118.80100
2019-04-11,119.085999,119.49245,118.93250,118.95000
2019-04-12,119.17700,119.44260,118.79755,118.76000
2019-04-15,119.25650,119.30280,118.81800,118.90630
2019-04-16,118.96700,119.39025,118.82610,118.78900
2019-04-17,119.25,119.37710,118.78560,118.69700
2019-04-18,119.011002,119.59305,118.97235,118.97000
2019-04-19,119.28850,119.37680,118.67850,119.11870
2019-04-22,119.41000,119.58780,119.013901,118.96000
2019-04-23,119.36500,119.76655,118.99810,119.25190
2019-04-24,119.32050,119.89580,119.079803,119.39000
2019-04-25,119.78000,120.053299,119.37000,119.5
2019-04-26,119.73550,120.048851,119.50595,119.33100
2019-04-29,119.81645,119.95935,119.32030,119.55190
2019-04-30,119.50800,119.82505,119.087502,119.070000
2019-05-01,119.44465,119.57050,119.10055,119.12100
2019-05-02,119.38915,119.80500,119.22125,119.22800
2019-05-03,119.70000,119.95005,119.36690,119.20000
2019-05-06,119.81720,119.88005,119.29045,119.20000
2019-05-07,119.59500,119.87005,119.21985,119.20000
2019-05-08,119.44300,119.84005,119.25605,119.14300
2019-05-09,119.61000,119.78480,119.16815,119.058998
2019-05-10,119.47220,119.69500,119.14395,119.040001
2019-05-13,119.47000,119.58730,119.035400,119.098000
2019-05-14,119.28250,119.69290,119.10450,119.25610
2019-05-15,119.39800,119.83930,119.22880,119.19000
2019-05-16,119.39650,119.80770,119.23980,119.20300
2019-05-17,119.45800,119.77010,119.29500,119.40000
2019-05-20,119.53000,119.94175,119.38340,119.47560
2019-05-21,119.61740,120.0033493,119.37025,119.54920
2019-05-22,119.57900,119.95705,119.36755,119.47820
2019-05-23,119.82500,120.10500,119.40980,119.66360
2019-05-24,119.56100,119.91305,119.32195,119.42960
2019-05-27,119.65750,119.80820,119.28920,119.23000
2019-05-28,119.50340,119.86615,119.32150,119.39000
2019-05-29,119.80000,120.038651,119.45520,119.55000
2019-05-30,119.72450,120.079750,119.49000,119.60940
2019-05-31,119.73800,120.027847,119.46615,119.39000
2019-06-03,119.77500,119.90250,119.25990,119.089996
2019-06-04,119.47500,119.68965,119.10340,119.10310
2019-06-05,119.26270,119.79500,119.034798,119.070396
2019-06-06,119.22310,119.73180,118.89595,118.91000
2019-06-07,119.29500,119.68500,118.82450,118.69000
2019-06-10,119.11500,119.40390,118.80290,118.64900
2019-06-11,118.9375,119.26650,118.74230,118.70000
2019-06-12,118.86350,119.29415,118.71820,118.82000
2019-06-13,119.0070038,119.41840,118.85060,118.87000
2019-06-14,119.050003,119.57720,118.87955,119.010101
2019-06-17,119.23740,119.70345,119.12930,119.042000
2019-06-18,119.54500,119.79265,118.98310,119.32780
2019-06-19,119.44500,119.73400,118.98310,119.20810
2019-06-20,119.42760,119.47545,118.77700,118.80000
2019-06-21,118.98650,119.36575,118.71615,118.5
2019-06-24,118.85260,118.95590,118.41075,118.34000
2019-06-25,118.52550,118.96015,118.37910,118.44550
2019-06-26,118.61600,119.020248,118.48480,118.59770
2019-06-27,118.76060,119.032799,118.46555,118.61360
2019-06-28,118.79920,118.83780,118.55985,118.50070
2019-07-01,118.78500,119.40685,118.52905,118.72110
2019-07-02,118.93900,119.27175,118.60050,118.77000
2019-07-03,118.96250,119.32045,118.63400,118.67700
2019-07-04,119.17500,119.30285,118.79175,118.64400
2019-07-05,118.93850,119.33795,118.85435,118.95000
2019-07-08,119.40500,119.59895,118.96000,119.22950
2019-07-09,119.38030,119.65945,118.97240,119.12000
2019-07-10,119.49500,119.62330,118.97915,118.93000
2019-07-11,119.32460,119.47820,118.84575,118.78300
2019-07-12,119.23000,119.48085,118.89885,118.93960
2019-07-15,119.21010,119.44130,118.82530,118.74700
2019-07-16,119.12845,119.55605,118.91300,118.95300
2019-07-17,119.35050,119.58515,119.095497,119.11720
2019-07-18,119.36195,119.57895,118.94425,118.70800
2019-07-19,119.18000,119.46360,118.85910,119.050003
2019-07-22,119.36710,119.58895,119.079300,118.95000
2019-07-23,119.38280,119.76005,119.14800,119.21100
2019-07-24,119.51100,119.86775,119.20800,119.40560
2019-07-25,119.73060,119.96120,119.33475,119.39000
2019-07-26,119.65420,119.87330,119.36755,119.5
2019-07-29,119.68710,120.0045471,119.46665,119.57670
2019-07-30,119.57850,119.95165,119.43325,119.24800
2019-07-31,119.71500,120.070000,119.40225,119.54840
2019-08-01,120.010002,120.39225,119.69465,119.72000
2019-08-02,120.14840,120.22455,119.61985,119.63520
2019-08-05,120.14850,120.14850,119.20980,119.18000
2019-08-06,119.32250,119.71450,119.036598,119.033997
2019-08-07,119.54810,119.72155,119.11770,119.046997
2019-08-08,119.34700,119.65755,119.13780,119.28370
2019-08-09,119.59000,119.66575,119.20300,119.20000
2019-08-12,119.36000,119.62385,119.24125,119.11500
2019-08-13,119.55000,119.66415,119.20540,119.30000
2019-08-14,119.61500,119.89680,119.25530,119.47000
2019-08-15,119.77500,120.021751,119.41720,119.64300
2019-08-16,119.72600,120.17650,119.58900,119.66000
2019-08-19,120.14850,120.16860,119.61310,119.71000
2019-08-20,120.019997,120.19235,119.70995,119.63000
2019-08-21,120.14850,120.15540,119.70035,119.67000
2019-08-22,119.98000,120.19495,119.67715,119.67000
2019-08-23,119.98500,120.22925,119.64700,119.45000
2019-08-26,120.14850,120.15010,119.47785,119.57960
2019-08-27,119.90140,120.14850,119.53800,119.61670
2019-08-28,119.75050,120.17395,119.62460,119.68000
2019-08-29,119.81550,120.20470,119.67575,119.81160
2019-08-30,120.080002,120.48000,119.79400,119.93380
2019-09-02,119.95440,120.64485,119.93595,120.22190
2019-09-03,120.31800,120.76215,120.26010,120.27620
2019-09-04,120.60130,120.61040,119.88885,119.90900
2019-09-05,120.23270,120.33360,119.66225,119.74710
2019-09-06,119.95650,120.32390,119.78680,119.86950
2019-09-09,120.19640,120.33970,119.75240,119.79040
2019-09-10,119.90600,120.30500,119.74840,119.63900
2019-09-11,119.93650,120.44110,119.77705,119.77500
2019-09-12,120.070503,120.60000,119.72860,119.77520
2019-09-13,120.16700,120.30000,119.52380,119.64020
2019-09-16,119.83890,120.37280,119.73310,119.97000
2019-09-17,120.099503,120.36865,119.76050,119.52700
2019-09-18,119.82800,120.32650,119.72905,119.68600
2019-09-19,120.16000,120.30000,119.70165,119.75130
2019-09-20,119.92700,120.30000,119.68330,119.82730
2019-09-23,120.0014496,120.50250,119.91295,120.029999
2019-09-24,119.65000,120.43060,119.65000,119.91000
2019-09-25,120.22000,120.45260,119.87900,120.21000
2019-09-26,120.39000,120.77285,120.15835,120.28480
2019-09-27,120.60980,120.80815,120.28430,120.33150
2019-09-30,120.41550,120.77820,120.26800,120.44000
2019-10-01,120.56800,120.79480,120.34075,120.14600
2019-10-02,120.44250,120.80565,120.21845,120.18000
2019-10-03,120.55330,120.68895,120.026550,119.96200
2019-10-04,120.25850,120.57580,120.063400,120.097702
2019-10-07,120.51500,120.59490,119.97950,120.12480
2019-10-08,120.30000,120.58180,120.053650,120.18000
2019-10-09,120.31100,120.57755,120.030296,120.17510
2019-10-10,120.30000,120.52000,119.90145,119.98000
2019-10-11,120.11450,120.37290,119.81390,119.80000
2019-10-14,119.98500,120.33885,119.82225,119.68000
2019-10-15,119.98150,120.42885,119.81220,119.83000
2019-10-16,120.010002,120.26150,119.68930,119.71840
2019-10-17,119.83000,120.090103,119.39815,119.41000
2019-10-18,119.59500,119.70595,119.29365,119.20000
2019-10-21,119.35650,119.71370,119.18115,119.25
2019-10-22,119.39100,119.82440,119.27900,119.37000
2019-10-23,119.50400,119.90175,119.37435,119.21300
2019-10-24,119.51300,119.83375,119.34680,119.25100
2019-10-25,119.55300,119.81495,119.42555,119.39500
2019-10-28,119.66850,119.86550,119.49885,119.38000
2019-10-29,119.70425,120.014198,119.49140,119.35000
2019-10-30,119.73000,119.95940,119.36360,119.19000
2019-10-31,119.43400,119.82195,119.19410,119.16000
2019-11-01,119.39400,119.81930,119.24325,119.11000
2019-11-04,119.78500,119.81140,119.22845,119.32710
2019-11-05,119.65240,119.99250,119.34205,119.48000
2019-11-06,119.86500,120.049103,119.55110,119.47700
2019-11-07,119.95250,120.14140,119.57495,119.61000
2019-11-08,120,120.24645,119.72275,119.74000
2019-11-11,120.12000,120.29350,119.76975,119.81330
2019-11-12,119.94100,120.33730,119.76720,119.73600
2019-11-13,120.033501,120.36595,119.81190,119.75
2019-11-14,120.053001,120.40190,119.82775,119.75
2019-11-15,119.97900,120.30960,119.80400,119.66000
2019-11-18,119.87510,120.25835,119.62490,119.46200
2019-11-19,119.75850,120.081398,119.59800,119.49000
2019-11-20,119.72450,120.17245,119.63630,119.53000
2019-11-21,119.76150,120.086250,119.58075,119.50800
2019-11-22,119.87690,120.23310,119.65110,119.79900
2019-11-25,120.12020,120.39315,119.70585,119.79000
2019-11-26,120.18000,120.38615,119.77350,119.77000
2019-11-27,120.0059967,120.40875,119.90405,119.96570
2019-11-28,120.078499,120.40535,119.90095,119.94960
2019-11-29,120.20500,120.40860,119.92040,119.92980
2019-12-02,120.20000,120.34250,119.59205,119.52000
2019-12-03,119.91000,120.20000,119.50515,119.71360
2019-12-04,119.71650,120.20075,119.44710,119.5
2019-12-05,119.73150,120.0033035,119.44450,119.29900
2019-12-06,119.59600,119.98230,119.45680,119.48100
2019-12-09,119.97080,120.10325,119.61480,119.47200
2019-12-10,119.76850,120.040298,119.55005,119.41000
2019-12-11,119.67500,120.045502,119.44625,119.28000
2019-12-12,119.53500,119.99790,119.29785,119.23000
2019-12-13,119.5,119.67100,119.12265,119.24000
2019-12-16,119.38700,119.68030,119.26015,119.16000
2019-12-17,119.42500,119.61955,119.22515,119.22630
2019-12-18,119.41600,119.75795,119.30775,119.33000
2019-12-19,119.55900,119.73570,119.33015,119.28000
2019-12-20,119.51600,119.82535,119.40645,119.45000
2019-12-23,119.68500,119.92875,119.55545,119.37300
2019-12-24,119.67750,119.90340,119.56100,119.37400
2019-12-25,119.67050,119.89675,119.47775,119.33200
2019-12-26,119.62800,119.84910,119.48255,119.39000
2019-12-27,119.61750,119.73305,119.22745,118.99100
2019-12-30,119.68500,119.68500,119.0073013,118.94000
2019-12-31,119.20000,119.30905,118.92440,118.78600
2020-01-01,119.085999,119.11300,119.043999,118.78900
2020-01-02,119.082497,119.43545,118.95370,118.93600
2020-01-03,119.23150,119.59830,119.14620,119.010002
2020-01-06,119.31000,119.48630,119.022903,118.91000
2020-01-07,119.16500,119.62520,119.062698,119.36310
2020-01-08,119.32150,119.81855,119.17755,119.29000
2020-01-09,119.55500,119.92040,119.20000,119.31000
2020-01-10,119.58000,119.94680,119.43285,119.28000
2020-01-13,119.76090,119.83880,119.33940,119.15700
2020-01-14,119.45900,119.75255,119.31185,119.25
2020-01-15,119.47800,119.79000,119.26995,119.094002
2020-01-16,119.39150,119.74135,119.21315,119.19000
2020-01-17,119.48000,119.76120,119.31110,119.39000
2020-01-20,119.61750,120.022202,119.47720,119.39000
2020-01-21,119.68000,120.018951,119.39650,119.34300
2020-01-22,119.78100,120.034203,119.48505,119.40000
2020-01-23,119.60000,120.060654,119.47975,119.53000
2020-01-24,119.74500,120.14150,119.52500,119.66000
2020-01-27,119.875,120.13535,119.52500,119.88060
2020-01-28,120.068001,120.20495,119.79520,119.95600
2020-01-29,120.14375,120.24575,119.85215,119.99820
2020-01-30,120.18590,120.31350,119.78295,119.59600
2020-01-31,119.89300,120.24110,119.59950,119.86100
2020-02-03,120.048447,120.13425,119.47345,119.66070
2020-02-04,119.81000,120.21225,119.66795,119.70740
2020-02-05,119.93675,120.30625,119.72435,119.82670
2020-02-06,120.056198,120.35765,119.87755,119.98000
2020-02-07,120.11375,120.54040,119.96950,120.14000
2020-02-10,120.28000,120.64480,119.93300,120.29000
2020-02-11,120.42500,120.68130,120.13705,120.28000
2020-02-12,120.45000,120.71580,120.13715,120.46000
2020-02-13,120.58800,120.97225,120.37950,120.41700
2020-02-14,120.71000,121.044853,120.45500,120.61900
2020-02-17,120.75200,121.091248,120.58265,120.51000
2020-02-18,120.73000,121.18815,120.65550,120.68000
2020-02-19,120.89500,121.29725,120.64800,120.65000
2020-02-20,120.88000,121.34230,120.77250,120.77000
2020-02-21,120.99000,121.28670,120.54500,120.53000
2020-02-24,120.92650,121.19280,120.52500,120.48000
2020-02-25,120.71000,121.036049,120.44000,120.36000
2020-02-26,120.58000,120.92650,120.13375,120.36000
2020-02-27,120.58000,120.67975,120.053001,119.87000
2020-02-28,120.099998,120.33915,119.82200,119.74000
2020-03-02,119.74250,120.15465,119.30100,119.34990
2020-03-03,119.52500,119.85035,119.18000,119.34900
2020-03-04,119.64985,119.77660,119.25170,119.20700
2020-03-05,119.55450,119.74675,119.045753,118.81200
2020-03-06,119.096001,119.30360,118.79355,118.5
2020-03-09,118.35000,119.43430,118.31100,118.78000
2020-03-10,119.036003,119.80015,118.93650,119.43100
2020-03-11,119.72650,120.022697,119.35155,119.54000
2020-03-12,119.79450,120.75050,119.48600,119.97000
2020-03-13,120.22350,120.78835,119.68500,120.30000
2020-03-16,120.65980,120.83525,120.065002,120.046997
2020-03-17,120.33900,121.61070,120.27300,120.91000
2020-03-18,121.055000,122.14775,120.84000,121.33900
2020-03-19,121.63800,123.40950,121.29600,122.98000
2020-03-20,123.22650,123.77650,122.59400,123.25
2020-03-23,123.31500,123.93320,123.033997,123.26000
2020-03-24,123.50500,123.55700,122.75150,122.90600
2020-03-25,123.21750,123.65715,122.87900,123.39100
2020-03-26,123.21750,124.092148,122.92350,123.23600
2020-03-27,123.55650,124.29105,123.32850,123.5
2020-03-30,123.69750,124.35755,123.58350,123.77000
2020-03-31,124,125.089996,123.88500,124.44000
2020-04-01,124.68000,125.48750,124.61050,124.76900
2020-04-02,125.065002,126.19300,125.014153,125.76000
2020-04-03,125.98000,126.90785,125.92050,126.40000
2020-04-06,126.74600,126.97095,126.40000,126.71040
2020-04-07,126.87665,127.11450,126.35400,126.23400
2020-04-08,126.55550,127.12490,126.50850,126.51600
2020-04-09,126.82250,127.23250,126.48700,126.30000
2020-04-10,126.62000,127.050003,126.52450,126.69900
2020-04-13,126.59350,127.3125,126.59350,126.61900
2020-04-14,127.0074997,127.35000,126.88100,126.64700
2020-04-15,126.96750,127.66940,126.92150,127.043999
2020-04-16,127.37050,128.23430,127.35550,127.73000
2020-04-17,127.95500,128.55450,127.79000,127.78400
2020-04-20,128.31000,128.45065,127.95100,127.88000
2020-04-21,128.10001,128.64999,128.0075073,128.12000
2020-04-22,128.34500,128.70670,128.14314,128.24001
2020-04-23,128.46001,128.96629,128.32750,128.47000
2020-04-24,128.71600,129.090256,128.33650,128.25999
2020-04-27,128.74500,128.75500,128.15199,128.20000
2020-04-28,128.45000,128.54581,128.034805,128.20000
2020-04-29,128.44850,128.70000,128.12575,127.90600
2020-04-30,128.22549,128.64999,127.76500,127.61000
2020-05-01,127.83000,128.64999,127.73000,128
2020-05-04,128.54420,128.84390,128.22000,128.27699
2020-05-05,128.57800,129.053802,128.22000,128.65030
2020-05-06,128.66299,129.23676,128.50110,128.71651
2020-05-07,128.85550,129.21594,128.62164,128.69670
2020-05-08,128.70700,129.12495,128.50775,128.55589
2020-05-11,128.87700,129.13905,128.55040,128.50200
2020-05-12,128.82150,129.10416,128.41850,128.50980
2020-05-13,128.63499,129.010193,128.36035,128.43500
2020-05-14,128.75999,129.22870,128.64404,128.49500
2020-05-15,128.81149,129.13055,128.57570,128.66229
2020-05-18,129.0012970,129.11784,128.22400,128.10001
2020-05-19,128.34650,128.85490,128.12700,128.34000
2020-05-20,128.53000,128.82550,128.11200,128.10001
2020-05-21,128.28999,128.74800,128.13091,128.30000
2020-05-22,128.52000,129.16685,128.37000,128.51401
2020-05-25,128.76500,128.94949,128.71950,128.87399
2020-05-26,128.88150,129.012253,128.31700,128.093002
2020-05-27,128.41750,128.83560,128.072556,128.11000
2020-05-28,128.44901,128.80350,128.15150,127.89600
2020-05-29,128.21400,128.74075,128.060501,128.39999
2020-06-01,128.46600,128.71075,128.24300,128.026001
2020-06-02,128.34801,128.66270,128.053452,128.026001
2020-06-03,128.34000,128.75114,128.15395,128.32990
2020-06-04,128.36400,128.86960,128.052002,128.36971
2020-06-05,128.14951,128.74249,127.94830,128.13049
2020-06-08,128.33080,128.80894,128.17450,128.23090
2020-06-09,128.39000,128.84825,128.10451,128.29289
2020-06-10,128.49310,128.53415,127.90960,127.86900
2020-06-11,128.19949,128.65135,127.99050,128.20799
2020-06-12,128.52451,128.91750,128.29926,128.30000
2020-06-15,128.83611,129.31564,128.42775,128.16299
2020-06-16,128.48151,129.065857,128.28011,128.38901
2020-06-17,128.71201,129.22560,128.46761,128.50800
2020-06-18,128.82750,129.47031,128.75751,128.94501
2020-06-19,129.25951,129.40045,128.90720,128.94099
2020-06-22,128.99950,129.51559,128.79256,128.59200
2020-06-23,128.90950,129.12054,128.41396,128.34000
2020-06-24,128.66299,129.078354,128.51280,128.58701
2020-06-25,128.91251,129.36005,128.63000,128.72600
2020-06-26,129.052002,129.41940,128.88370,128.74200
2020-06-29,129.022507,129.37085,128.69325,128.63100
2020-06-30,128.97050,129.38429,128.83376,128.66400
2020-07-01,128.98750,129.36235,128.73650,128.92999
2020-07-02,128.91051,129.21091,128.63811,128.94000
2020-07-03,129.050003,129.26360,128.77901,128.92999
2020-07-06,129.024994,129.15935,128.46249,128.66000
2020-07-07,128.77000,129.18800,128.56970,128.80000
2020-07-08,128.82201,129.15170,128.44299,128.57001
2020-07-09,128.58850,129.11050,128.35091,128.71001
2020-07-10,128.83000,129.12900,128.48151,128.67999
2020-07-13,128.77409,128.97549,128.31750,128.46001
2020-07-14,128.58000,128.87691,128.20865,128.28000
2020-07-15,128.44501,128.59300,127.98945,128.20000
2020-07-16,128.36000,128.64980,128.077301,128.34000
2020-07-17,128.36900,128.55785,128.086197,128.17000
2020-07-18,128.16200,128.16200,128.16200,128.16200
2020-07-20,128.16200,128.47890,127.91160,128.059998
2020-07-21,128.12050,128.42590,127.70450,128.0057068
2020-07-22,128.20551,128.22865,127.50035,127.55000
2020-07-23,127.63000,128.050003,127.40800,127.22400
2020-07-24,127.68000,128.087997,127.37700,127.49500
2020-07-27,127.56350,128.32890,127.48920,127.47000
2020-07-28,127.68000,128.091599,127.49920,127.69000
2020-07-29,127.875,128.11330,127.53930,127.38000
2020-07-30,127.92670,128.27940,127.68000,127.41000
2020-07-31,127.82500,128.47005,127.625,127.75
2020-08-03,127.95000,129.12395,127.95000,128.44000
2020-08-04,128.64999,128.91666,128.25465,128.43829
2020-08-05,128.67090,128.76300,127.92130,127.96000
2020-08-06,128.17500,128.58411,127.93870,127.74400
2020-08-07,128.23500,128.60249,128.15590,128.39999
2020-08-10,128.45399,128.82835,128.34010,128.60001
2020-08-11,128.71001,128.94775,128.29836,128.57001
2020-08-12,128.75999,128.95305,128.26315,128.39999
2020-08-13,128.59500,128.74165,128.085800,128.28999
2020-08-14,128.35001,128.73915,128.27385,128.17000
2020-08-17,128.36501,128.59550,127.94900,127.89400
2020-08-18,128.36501,128.41800,127.49200,127.48500
2020-08-19,127.80800,128.20930,127.62715,127.83400
2020-08-20,128.15750,128.32100,127.80200,127.77500
2020-08-21,128.092499,128.51849,128.0054932,128.035004
2020-08-24,128.17850,128.70000,128.045395,128.38000
2020-08-25,128.67000,128.69000,128.048294,128.0030060
2020-08-26,128.31000,128.69299,128.074356,128.10001
2020-08-27,128.26500,128.51665,127.97765,127.86000
2020-08-28,128.23000,128.26550,127.76365,127.50600
2020-08-31,128.076508,128.19576,127.60780,127.34500
2020-09-01,127.92950,127.98785,127.54425,127.40900
2020-09-02,127.92950,127.98000,127.82050,127.38200
2020-09-03,127.87100,128.31850,127.87100,127.91400
2020-09-04,128.31850,128.31850,128.31850,127.91400
2020-09-07,128.31850,128.78030,128.28481,128.53999
2020-09-08,128.63499,129.067993,128.44810,128.60001
2020-09-09,128.70900,129.13194,128.48344,128.44299
2020-09-10,128.75999,128.93394,128.21815,128.61000
2020-09-11,128.72000,128.83910,128.35429,128.40849
2020-09-14,128.53081,128.77235,128.22121,128.41000
2020-09-15,128.51500,128.75549,128.17751,128.22301
2020-09-16,128.51750,128.83900,128.20496,128.60001
2020-09-17,128.71001,129.020004,128.63519,128.60001
2020-09-18,128.77499,128.90300,128.46425,128.39301
2020-09-21,128.77499,129.073853,128.44640,128.24300
2020-09-22,128.78650,129.078506,128.77901,128.54201
2020-09-23,128.78650,129.53940,128.78650,129.30000
2020-09-24,129.41499,129.68185,129.21950,129.30000
2020-09-25,129.52480,129.73265,129.17896,129.091003
2020-09-28,129.52480,129.73599,129.14571,129.35001
2020-09-29,129.52480,129.69016,128.93390,128.74200
2020-09-30,129.14160,129.38091,128.90955,129.059998
2020-10-01,129.17999,129.30209,128.74561,128.58200
2020-10-02,129.0099945,129.42580,128.86475,128.59200
2020-10-05,129.29649,129.41130,128.62296,128.64999
2020-10-06,128.88000,129.29649,128.60555,128.86000
2020-10-07,129.070007,129.35036,128.70151,128.77000
2020-10-08,128.98000,129.17000,128.70946,128.87000
2020-10-09,129.029999,129.10300,128.59476,128.59000
2020-10-12,129.070007,129.080002,128.59680,128.50999
2020-10-13,128.71001,129.20860,128.57269,128.78999
2020-10-14,129,129.29770,128.61079,128.32800
2020-10-15,128.94501,129.45485,128.83955,128.80000
2020-10-16,128.94501,129.31210,128.85605,128.91000
2020-10-19,128.94501,129.26385,128.66879,128.74001
2020-10-20,128.88000,129.13464,128.52800,128.59000
2020-10-21,128.88000,128.97000,128.31415,128.39999
2020-10-22,128.58501,128.91615,128.32220,128.45000
2020-10-23,128.76500,128.84825,128.32285,128.30000
2020-10-26,128.62730,128.92935,128.36975,128.42000
2020-10-27,128.73000,128.91185,128.45039,128.39999
2020-10-28,128.56500,129.34509,128.56500,128.58000
2020-10-29,128.56500,129.22459,128.56500,128.64999
2020-10-30,129.095505,129.58585,128.89999,128.70000
2020-11-02,129.095505,129.55000,129.095505,129.14999
2020-11-03,129.375,129.41930,128.93825,128.95000
2020-11-04,129.13499,129.49440,128.94405,128.80000
2020-11-05,129.13499,129.18864,128.41245,128.33000
2020-11-06,128.66000,129,128.36885,128.75
2020-11-09,128.49719,128.88000,128.048294,128.20000
2020-11-10,128.49719,128.99644,128.29884,128.093002
2020-11-11,128.49719,129.079300,128.40385,128.31300
2020-11-12,128.49719,128.97830,128.30885,128.15300
2020-11-13,128.49719,128.95000,128.42935,128.70000
2020-11-16,128.49719,129,128.33440,128.19000
2020-11-17,128.51500,128.92500,128.20345,128.14301
2020-11-18,128.5,128.69485,128.16895,128.16000
2020-11-19,128.52499,128.83325,128.29884,128.35001
2020-11-20,128.49719,128.72784,128.30470,128.39999
2020-11-23,128.49719,128.73985,128.10330,128.21001
2020-11-24,128.52000,128.71284,128.19705,128.21001
2020-11-25,128.49719,128.63185,128.029495,128.11000
2020-11-26,128.49719,128.62990,128.13811,128.21001
2020-11-27,128.42999,129.17000,128.32236,128.75999
2020-11-30,128.49719,129.31149,128.36736,129
2020-12-01,128.49719,129.49100,128.49719,128.70000
2020-12-02,128.92000,129.37550,128.49719,128.83000
2020-12-03,129.13499,129.94000,128.49719,129.35001
2020-12-07,130.75999,130.75999,130.68500,130.28999
2020-12-08,130.75916,130.92999,130.69914,130.5
2020-12-09,130.90500,131.089996,130.76500,130.67000
2020-12-10,131.12199,131.18500,131.039993,130.63000
2020-12-11,131.52209,131.81430,131.30830,131.30000
2020-12-14,131.51711,131.89330,131.23735,131.089996
2020-12-15,131.49001,131.92999,131.41000,131.47000
2020-12-16,131.85500,131.97000,131.82001,131.5
2020-12-17,131.64999,131.85500,131.63499,131.28999
2020-12-18,131.71001,131.90950,131.68500,131.40401
2020-12-21,132.14999,132.63000,132.070007,131.73000
2020-12-22,132.14000,132.60831,131.98640,132.30000
2020-12-23,132.37030,132.53391,132.23790,132.10001
2020-12-24,132.27029,132.51970,132.0068970,131.73599
2020-12-25,132.29500,132.35550,132.29500,132.34801
2020-12-28,132.21590,132.49216,131.96675,131.73599
2020-12-29,132.25,132.42845,131.91385,131.96620
2020-12-30,132.085953,132.35815,131.89970,131.95140
2020-12-31,132.14999,132.41080,131.80969,131.56000
2021-01-01,132.070007,132.089996,132.070007,131.57001
2021-01-04,132.26750,132.48199,132.0039978,131.73599
2021-01-05,132.30070,132.46910,131.99995,132
2021-01-06,132.25150,132.37199,132.10526,132
2021-01-07,132.21510,132.60690,131.97929,131.73599
2021-01-08,132.51230,132.66290,132.20000,132.050003
2021-01-11,132.20000,132.78200,132.20000,132.23500
2021-01-12,132.70660,133.0071564,132.47455,132.70000
2021-01-13,132.47031,132.90746,132.35640,132.30000
2021-01-14,132.77930,133.039597,132.55000,132.55000
2021-01-15,132.75520,132.95715,132.63135,132.70000
2021-01-18,133.045898,133.18950,132.78670,132.57001
2021-01-19,132.93080,133.11165,132.55650,132.70000
2021-01-20,132.76720,133.14020,132.63734,132.64999
2021-01-21,132.80360,132.89806,132.61920,132.64999
2021-01-22,132.70061,132.88506,132.46021,132.28500
2021-01-25,132.64000,132.93291,132.44125,132.23500
2021-01-26,132.90060,133.013550,132.46851,132.80000
2021-01-27,132.67641,133.11960,132.45946,132.23500
2021-01-28,132.98540,133.14294,132.52600,132.5
2021-01-29,132.91879,133.066147,132.68585,132.89999
2021-02-01,132.83380,133.0034943,132.67065,132.60001
2021-02-02,133.088303,133.27040,132.75,133
2021-02-03,133.22760,133.49960,132.98755,133.10001
2021-02-04,133.28999,133.71774,133.039993,133.30000
2021-02-05,133.45000,133.64850,133.11700,132.83400
2021-02-08,133.45000,133.49500,132.89999,133
2021-02-09,133.27499,133.45000,132.875,132.89999
2021-02-10,132.92000,133.17000,132.67500,132.55000
2021-02-11,132.76500,133.024994,132.66000,132.48000
2021-02-12,132.89000,133.12000,132.70500,132.56000
2021-02-15,132.92500,133,132.84000,132.49001
2021-02-16,132.95000,132.99001,132.66499,132.55000
2021-02-17,132.77499,133.050003,132.77499,132.80000
2021-02-18,133.30000,133.35001,132.83000,132.37000
2021-02-19,132.83000,132.85001,132.57001,132.14000
2021-02-22,133.25,133.26350,132.95000,132.70000
2021-02-23,132.85100,132.98351,132.61749,132.5
2021-02-24,132.67000,132.81500,132.45000,132.39999
2021-02-25,132.67999,132.74001,132.67999,132.24001
2021-02-26,132.71001,132.96500,132.45500,132.71001
2021-03-01,133.19000,133.26500,132.55000,132.39999
2021-03-02,133.34000,133.43500,132.92000,132.58000
2021-03-03,132.93500,133.45000,132.87000,133
2021-03-04,133.45000,133.45500,133.059998,133
2021-03-05,133.45000,133.45450,133.016998,132.63400
2021-03-08,133.45000,133.68500,133.016998,132.63400
2021-03-09,133.45000,133.62000,133.30499,133.0099945
2021-03-10,133.45000,133.45000,133.45000,133.45000
2021-03-11,133.45000,133.53500,133.054993,132.71001
2021-03-12,133.089996,133.56500,133.065002,132.87000
2021-03-15,133.45000,133.70000,133.25500,132.96001
2021-03-16,133.33000,133.77499,132.92999,133.070007
2021-03-17,133.40500,133.80000,133.25500,133.17999
2021-03-18,133.45000,133.80000,133.21001,132.97000
2021-03-19,133.45000,133.71249,133.41650,133.5
2021-03-22,133.45000,133.85001,133.23500,132.94000
2021-03-23,133.31000,133.90750,133.25500,133.33299
2021-03-24,133.45000,134.0099945,133.45000,133.49001
2021-03-25,133.94501,134.089996,133.45000,133.63000
2021-03-29,133.45000,133.97501,133.45000,133.39999
2021-03-30,133.45000,133.94000,133.45000,133.52000
2021-03-31,133.92999,133.98000,133.38000,133.28000
2021-04-01,133.78999,133.86000,133.28999,132.99001
2021-04-02,133.5,133.67000,133.27499,132.96001
2021-04-05,133.45000,133.72501,132.98000,132.52000
2021-04-06,133.029999,133.089996,132.67999,132.19000
2021-04-07,133.0099945,133.070007,132.46001,132.14000
2021-04-08,132.64999,132.67999,132.48000,131.98000
2021-04-12,132.64000,132.75500,132.35001,131.94000
2021-04-13,132.45000,132.79500,132.23000,131.80000
2021-04-14,132.30000,132.77499,132.15500,132.029999
2021-04-15,132.34500,132.55000,132.17999,131.92000
2021-04-16,132.28000,132.55499,132.17000,131.85001
2021-04-19,132.28999,132.55499,132.080002,131.80000
2021-04-20,132.25,132.64000,132.065002,132.080002
2021-04-21,132.20000,132.91850,132.14999,132.28000
2021-04-22,132.68500,133.28600,132.58501,132.70000
2021-04-23,133.13800,133.13800,132.75,132.55000
2021-04-26,133.14500,133.50349,132.61501,132.87000
2021-04-27,133.22000,133.50050,132.95000,133.039993
2021-04-28,133.31000,133.63550,133.19701,133.39999
2021-04-29,133.20500,133.55150,133.091995,133.30000
2021-04-30,133.26350,133.65700,133.13699,132.84700
2021-05-03,133.55499,133.73351,133.22350,133.19000
2021-05-04,133.48500,133.78500,133.30499,133.60001
2021-05-05,133.64000,133.81351,133.24200,132.88400
2021-05-06,133.58501,133.69000,133.22501,132.89000
2021-05-10,133.27000,133.55000,133.13000,132.99001
2021-05-11,133.5,133.53000,133.050003,132.72000
2021-05-12,133.17999,133.44501,133.085007,133.0099945
2021-05-13,133.42000,133.50999,133.28000,133.0099945
2021-05-14,133.42000,133.46001,133.11000,132.73000
2021-05-17,133.15500,133.22000,133.039993,132.69000
2021-05-18,133.065002,133.26500,132.92999,132.86000
2021-05-19,133.24001,133.43500,133.125,133.020004
2021-05-20,133.38000,133.39999,133.12000,132.81000
2021-05-24,133.29500,133.59500,133.14000,133.36000
2021-05-25,133.38499,133.52000,132.99001,132.78000
2021-05-26,133.18500,133.625,133.080002,133.029999
2021-05-27,133.44501,133.63181,133.25500,133.020004
2021-05-28,133.34000,133.58501,133.30000,133.35001
2021-05-31,133.34500,133.39000,133.17999,132.88000
2021-06-01,133.25500,133.52910,133.12000,132.92000
2021-06-02,133.28000,133.62430,133.23000,132.96001
2021-06-03,133.32001,133.89450,133.24500,133.31000
2021-06-04,133.56500,134.0019073,133.35001,133.17000
2021-06-07,133.88831,133.92650,133.24500,133.039993
2021-06-08,133.29500,133.71840,133.27499,133.40089
2021-06-09,133.69420,133.73735,133.28999,133.33130
2021-06-10,133.67999,133.96001,133.65500,133.53000
2021-06-11,133.83501,134.12000,133.74001,133.77000
2021-06-14,134.074997,134.089996,133.79500,133.34000
2021-06-15,133.83501,133.87000,133.67000,133.70500
2021-06-16,133.67999,133.76500,133.66499,133.36000
2021-06-17,133.82500,134.050003,133.51500,133.12000
2021-06-18,133.67999,134.39999,133.60001,133.77000
2021-06-21,134.024994,134.054993,133.88000,133.36000
2021-06-22,134.070007,134.10500,133.78000,133.28000
2021-06-23,133.84000,134.024994,133.73000,133.48000
2021-06-24,133.94000,134.039993,133.72501,133.60001
2021-06-28,133.89999,134.11000,133.75500,133.61000
2021-06-29,134.029999,134.24001,134.0050049,133.72000
2021-06-30,134.085007,134.35500,134.059998,133.92999
2021-07-01,134.36000,134.42500,134.23000,133.96001
2021-07-02,134.37000,134.57001,134.28999,133.92000
2021-07-06,134.42000,134.53999,134.27499,134.089996
2021-07-07,134.42000,134.69000,134.38000,134.20000
2021-07-12,134.56000,134.64000,134.45500,134.22000
2021-07-13,134.52499,134.82001,134.46001,134.38000
2021-07-14,134.79500,134.81000,134.36501,133.81000
2021-07-15,134.37000,134.70000,134.31500,133.94000
2021-07-16,134.82790,134.87610,134.79590,134.75841
2021-07-19,134.55499,134.57500,134.52499,134.020004
2021-07-20,134.53999,134.71500,134.50999,134.089996
2021-07-21,134.61000,134.73000,134.52000,134.050003
2021-07-22,134.57001,134.67999,134.28680,134.12000
2021-07-23,134.62000,134.71001,134.55000,134.12000
2021-07-26,134.60001,134.60500,134.41000,133.95000
2021-07-27,134.59500,134.93500,134.45500,134.55000
2021-07-28,134.85500,134.92000,134.71001,134.63000
2021-07-29,134.64500,134.81555,134.46001,134.38341
2021-07-30,134.67841,134.73010,134.59891,134.39931
2021-08-02,134.70760,134.71700,134.33501,134.34000
2021-08-03,134.59000,134.60500,134.45500,134.19000
2021-08-04,134.64500,134.83000,134.54500,134.5
2021-08-05,134.80499,135.18159,134.63000,134.86140
2021-08-06,135.16020,135.38370,135.15070,135.071396
2021-08-09,135.074997,135.33501,135,135.17000
2021-08-11,135.18500,135.46500,135.095001,135
2021-08-12,135.26500,135.32500,135.21500,134.98000
2021-08-16,135.25999,135.25999,135.25999,134.98000
2021-08-17,135.17500,135.39999,135.059998,135.13000
2021-08-18,135.39500,135.42999,135.28000,135.17000
2021-08-23,135.30000,135.43500,135.26500,135.080002
2021-08-24,135.27499,135.35001,135.17500,134.96001
2021-08-25,135.22000,135.33000,135.17500,135.0099945
2021-08-26,135.22000,135.57930,135.13000,135.27470
2021-08-27,135.56799,135.59380,135.46320,135.18539
2021-08-30,135.085007,135.25,134.93500,134.78000
2021-08-31,135.14000,135.59590,134.80000,135.27589
2021-09-01,135.57100,135.69450,135.059998,135.32130
2021-09-02,135.61630,135.62410,135.11000,134.85001
2021-09-03,135.25999,135.75,135.21500,135.25999
2021-09-06,135.51500,135.92999,135.51500,135.47000
2021-09-07,135.88000,136.020004,135.81000,135.59000
2021-09-08,136.0099945,136.14000,135.95500,135.73000
2021-09-09,136.13499,136.15500,135.98981,135.98981
2021-09-15,135.98959,135.98959,135.31619,135.31619
2021-09-16,135.77040,135.77040,135.10240,134.85240
2021-09-17,135.75410,137.056000,136.38710,136.36600
2021-09-20,137.18350,137.27010,136.39410,136.18700
2021-09-21,136.87199,137.086548,136.32111,136.18201
2021-09-22,136.87100,137.17239,136.32886,136.35899
2021-09-23,137.048996,137.18056,136.28101,136.10899
2021-09-24,136.78050,137.083801,136.29980,136.20700
2021-09-27,136.99750,137.019501,136.91901,136.31100
2021-09-28,136.99750,137.15150,136.40500,136.11000
2021-09-29,136.53000,137.49800,136.48500,136.48000
2021-09-30,137.46800,137.64301,136.84000,136.89000
2021-10-01,137.55750,137.63901,137.42500,136.80800
2021-10-04,137.44150,137.46700,136.74001,136.34000
2021-10-05,136.85001,137.61580,136.84500,136.47000
2021-10-06,137.44450,137.83044,136.90500,137.15990
2021-10-07,137.63000,137.75900,136.98000,137.15759
2021-10-08,137.45461,137.78020,137.24049,137.10280
2021-10-11,137.38210,137.72490,136.92999,136.66000
2021-10-12,137.63750,137.84344,136.98500,137.22200
2021-10-13,137.74800,137.83705,136.94501,136.76199
2021-10-14,137.46249,137.60835,136.73000,136.94119
2021-10-15,137.41650,137.54794,137.039703,136.91580
2021-10-18,137.21671,137.60330,136.78500,136.89830
2021-10-19,137.19141,137.47121,136.80850,136.55400
2021-10-20,137.23650,137.40565,136.62000,136.48500
2021-10-21,137.17650,137.31050,136.61000,136.31000
2021-10-22,136.77000,137.37634,136.63000,136.74030
2021-10-25,137.00010681,137.49815,136.61501,136.65500
2021-10-26,137.35150,137.44200,136.75,136.46001
2021-10-27,137.38251,137.47800,136.78999,136.39999
2021-10-28,136.83501,137.47400,136.42500,136.070007
2021-10-29,136.47501,137.63400,136.43500,136.94901
2021-11-01,137.16451,137.60800,137.16451,136.72501
2021-11-02,137.40050,137.54750,136.80000,136.44000
2021-11-03,137.47800,137.55750,136.82500,136.70700
2021-11-04,137.39549,138.12579,137.0050049,137.46800
2021-11-05,137.93950,138.22591,137.61929,137.51160
2021-11-08,137.98250,137.98250,137.21001,137.11200
2021-11-09,137.80251,137.95750,137.21500,137.15601
2021-11-10,137.85400,138.37849,137.18500,137.67700
2021-11-11,138.36951,138.58949,137.74500,137.87000
2021-11-12,138.55000,138.62000,138.19350,137.58800
2021-11-15,138.22400,138.65849,137.58000,137.89900
2021-11-16,138.58000,139.12000,138.19090,138.43910
2021-11-17,138.73039,139.19991,138.64011,138.52060
2021-11-18,138.81360,139.15041,138.52071,138.38550
2021-11-19,138.77550,139.32750,138.52640,138.50101
2021-11-22,139.24249,139.37206,138.77045,138.71480
2021-11-23,139.013901,139.42255,138.53000,138.30000
2021-11-24,139.081497,139.70399,138.625,138.81500
2021-11-25,139.42850,139.64549,138.98599,138.78400
2021-11-26,139.47400,139.47800,139.095993,139.095993
2021-11-29,139.19350,139.38651,138.60851,138.70000
2021-11-30,139.087997,139.41499,138.31351,138.27901
2021-12-01,138.97000,139.27750,138.53300,138.37900
2021-12-02,139.076004,139.26550,138.56450,138.67999
2021-12-03,138.89000,139.44450,138.64999,138.62000
2021-12-06,139.25349,139.43500,138.70700,138.54500
2021-12-07,139.24249,139.59750,138.74350,138.61000
2021-12-08,139.31200,139.42999,138.60651,138.58710
2021-12-09,138.96651,139.35899,138.62399,138.66890
2021-12-10,138.92000,139.43851,138.75850,138.71060
2021-12-13,139.0036926,139.50600,138.78101,138.79021
2021-12-14,139.081100,139.48100,138.66650,138.67300
2021-12-15,139.36200,139.59250,138.75700,138.53101
2021-12-16,139.26401,139.37300,138.52550,138.55409
2021-12-17,138.84911,139.031906,138.80859,138.72650
2021-12-20,139.38651,139.56500,138.87151,138.62100
2021-12-21,139.30949,139.49350,138.80701,138.57100
2021-12-22,139.28600,139.52200,138.65050,138.38699
2021-12-23,139.087006,139.3125,138.62151,138.63071
2021-12-24,139.034500,139.24460,138.61650,138.83060
2021-12-27,139.056503,139.15550,139.021500,138.35201
2021-12-28,139.039505,139.20151,139.0065002,138.42101
2021-12-29,139.10851,139.28700,138.86200,138.25900
2021-12-30,138.94550,139.16701,138.89700,138.35400
2021-12-31,139.050003,139.14301,138.80550,138.11501
2022-01-03,138.97650,139.23770,138.62041,138.45599
2022-01-04,139.16150,139.32001,139.063507,138.53900
2022-01-05,139.22701,139.27150,138.94400,138.40199
2022-01-06,139.089996,139.39951,139.029495,138.64799
2022-01-07,139.35899,139.71500,139.27000,139.49300
2022-01-10,139.53700,139.86450,138.98500,138.98300
2022-01-11,139.69501,139.85500,139.11501,138.92999
2022-01-12,139.61349,139.78799,138.92500,138.71001
2022-01-13,138.98000,139.86176,138.81500,139.011002
2022-01-14,139.70200,139.97749,139.57950,139.26801
2022-01-17,140.028000,140.14075,139.38000,139.21001
2022-01-18,139.57001,140.16576,139.50301,139.54939
2022-01-19,139.91100,140.12900,139.53500,139.44270
2022-01-20,139.73981,140.29390,139.41969,139.64729
2022-01-21,139.94460,140.29234,139.76370,139.36900
2022-01-24,140.15950,140.40950,139.68350,139.39000
2022-01-25,139.71001,140.53799,139.65950,139.44000
2022-01-26,140.12601,140.41150,139.75,139.70000
2022-01-27,140.065002,140.71049,139.95500,139.89700
2022-01-28,140.60150,140.70599,140.48599,139.82700
2022-01-31,140.51700,140.75,139.94000,139.65900
2022-02-01,140.35300,140.71700,139.63499,139.60001
2022-02-02,140.020004,140.65649,139.86000,139.62000
2022-02-03,140.60699,140.76250,139.63000,139.66901
2022-02-04,140.37250,140.73599,140.22749,139.92500
2022-02-07,140.66051,140.75349,140.55400,139.91299
2022-02-08,140.60750,140.82350,140.19000,140.050003
2022-02-09,140.75900,140.8125,140.11000,140.0010071
2022-02-10,140.69600,140.99451,139.93500,139.92000
2022-02-11,140.23500,140.93150,140.21500,140.13000
2022-02-14,141.067505,141.22569,140.35500,140.20000
2022-02-15,140.76880,141.095703,140.22501,140.041000
2022-02-16,140.75050,140.86896,140.074997,139.86000
2022-02-17,140.17999,140.93021,140.125,140.19960
2022-02-18,140.70100,140.94286,140.34140,140.28610
2022-02-21,140.62250,141.035202,140.17000,140.40120
2022-02-22,140.93900,141.12265,140.33000,140.36790
2022-02-23,140.66499,141.030807,140.26500,140.36140
2022-02-24,140.65840,141.79390,140.57651,141.089905
2022-02-25,141.38600,141.73680,140.94395,140.88000
2022-02-28,141.37340,141.78575,140.70000,141.027893
2022-03-01,141.32330,142.21135,141.11301,141.47250
2022-03-02,141.76540,142.48421,141.48500,141.39500
2022-03-03,142.084000,142.54295,141.76945,141.83060
2022-03-04,142.34500,143.22050,142.017746,142.32420
2022-03-07,142.71449,143.71339,142.59570,142.50880
2022-03-08,143.12199,143.19031,142.32050,142.42380
2022-03-09,142.96700,143.090897,142.10651,142.14520
2022-03-10,142.54900,143.071945,142.15085,142.39940
2022-03-11,142.98550,143.23520,142.46980,142.43401
2022-03-14,143.23650,143.30409,142.33000,141.91000
2022-03-15,142.41000,143.21941,142.095001,142.28900
2022-03-16,143.0045013,143.098450,142.25101,141.90199
2022-03-17,142.60750,142.86411,142.12440,141.67799
2022-03-18,142.39549,142.99535,142.17305,142.53300
2022-03-21,142.69200,142.93300,142.24001,141.71001
2022-03-22,142.89999,143.23000,142.21001,141.67999
2022-03-23,142.28500,143.27155,142.22000,141.78000
2022-03-24,142.42999,143.29030,142.35500,142.58530
2022-03-25,142.48000,143.20895,142.30499,141.91000
2022-03-28,143.22749,143.39435,142.50999,142.69580
2022-03-29,142.99510,143.31985,142.12000,142.35690
2022-03-30,142.64970,143.0095978,142.080002,142.15160
2022-03-31,142.44881,143.16444,142.21741,142.51270
2022-04-01,143.054504,143.27800,142.70474,142.47701
2022-04-04,143.26849,143.54100,142.56500,142.20000
2022-04-05,142.81000,143.74651,142.71001,142.44000
2022-04-06,143.039993,143.86600,142.57500,142.16000
2022-04-07,142.78999,143.71860,142.59500,142.94870
2022-04-08,142.85001,143.83430,142.82001,143.092804
2022-04-11,143.50150,143.68546,142.92000,143.025894
2022-04-12,143.31650,143.86435,143.070007,143.10960
2022-04-13,143.41119,143.92575,143.00050354,143.10760
2022-04-14,143.41141,143.98300,142.80804,142.98100
2022-04-15,143.70050,143.84351,143.68600,143.061996
2022-04-18,143.82050,144.0050049,143.089996,143.22600
2022-04-19,143.94701,144.048492,143.085007,143.24699
2022-04-20,143.95799,143.99190,143.23615,143.16589
2022-04-21,143.46310,143.87755,142.81000,143.15401
2022-04-22,143.44009,144.29585,143.34550,143.59950
2022-04-25,144.41051,144.63901,144.19420,144.29089
2022-04-26,144.56100,144.82420,144.11301,144.18320
2022-04-27,144.47659,144.96616,144.014999,144.33411
2022-04-28,144.62061,144.80800,144.050003,144.45100
2022-04-29,144.74879,144.97995,144.37915,144.45531
2022-05-05,144.48500,145.17500,144.46001,144.52000
2022-05-06,145.044998,145.19000,144.92000,144.53999
2022-05-09,146.27550,146.29550,145.49084,145.32449
2022-05-10,145.62180,146.023895,145.34555,145.37180
2022-05-11,145.92799,146.051804,145.35895,145.34090
2022-05-12,145.63589,146.79526,145.52264,145.89200
2022-05-13,146.35040,146.86530,146.12375,146.10249
2022-05-16,146.41409,146.72740,146.031403,145.61099
2022-05-17,146.35400,146.37399,145.34695,145.21100
2022-05-18,145.50140,146.10429,145.31265,145.37900
2022-05-19,145.67641,146.16879,145.27930,144.95599
2022-05-20,145.66051,145.82449,145.60950,145.024002
2022-05-23,145.37531,145.93350,144.87000,144.55000
2022-05-24,145.25101,145.78210,144.80200,144.98360
2022-05-25,145.27631,146.046402,145.15085,145.33730
2022-05-26,145.63010,145.98415,145.31975,144.78300
2022-05-27,145.53101,145.64250,145.33701,144.74200
2022-05-30,145.35400,145.59050,145.30901,144.61900
2022-05-31,145.35201,145.95860,145.16565,145.20020
2022-06-01,145.59300,146.20164,145.050003,144.75
2022-06-02,145.75681,146.051605,144.83000,144.28000
2022-06-03,144.87000,145.80499,144.85001,145.11510
2022-06-06,145.65700,145.86450,145.035004,144.52000
2022-06-07,145.17500,146.089493,145.13000,145.10699
2022-06-08,145.84750,145.99550,145.050003,144.45000
2022-06-09,145.11000,146.31900,145.065002,145.56100
2022-06-10,146.29401,146.57401,146.073502,145.78900
2022-06-13,146.65950,146.89940,145.92999,145.99699
2022-06-14,146.76199,146.95500,146.14000,146.25340
2022-06-15,146.54601,146.90340,145.93069,145.75301
2022-06-16,146.49200,146.79100,145.77049,145.29500
2022-06-17,146.026505,146.48700,145.96750,145.52200
2022-06-20,146.037704,146.35985,145.61000,145.62891
2022-06-21,145.91930,146.27866,145.43500,145.53340
2022-06-22,145.83080,146.37720,145.5,145.49910
2022-06-23,145.79179,146.42705,145.59035,145.57240
2022-06-24,145.86279,146.24835,145.58990,145.48590
2022-06-27,145.81551,145.99451,145.36845,145.31630
2022-06-28,145.61360,146.35851,145.39445,145.40100
2022-06-29,146.13800,146.65945,145.77315,145.85800
2022-06-30,146.58200,146.93401,146.19099,145.56700
2022-07-01,146.30450,146.84950,146.28450,145.82401
2022-07-04,146.55350,146.70915,146.035004,146.059906
2022-07-05,146.35030,147.020096,146.026001,145.94000
2022-07-06,146.60001,147.32574,146.47000,146.98511
2022-07-07,147.27769,147.30290,146.90469,146.73830
2022-07-08,147.030899,147.26355,146.62195,146.40820
2022-07-11,146.56500,146.92000,146.55000,146.53000
2022-07-12,146.75,147.28185,146.71500,146.79460
2022-07-13,147.039398,147.28030,146.97470,146.98489
2022-07-14,147.27991,147.28020,147.15491,146.86031
2022-07-18,146.070007,146.53600,146.024002,145.68201
2022-07-19,146.41550,146.55070,145.38870,145.15100
2022-07-20,145.88699,146.28149,145.33885,145.46400
2022-07-21,145.74899,146.38695,145.29250,145.67529
2022-07-22,145.96030,146.51955,145.66360,145.28200
2022-07-25,146.070496,146.17349,145.72200,145.18700
2022-07-26,145.91850,146.56206,145.49815,145.86530
2022-07-27,146.48750,146.66115,145.75999,145.37000
2022-07-28,146.065506,146.57719,145.42500,145.30600
2022-07-29,146.037506,146.068497,145.70750,145.19200
2022-08-01,145.84550,145.91800,145.48050,144.83299
2022-08-02,145.54700,146.084000,145.22501,144.98000
2022-08-03,145.63000,146.39850,145.38635,145.19000
2022-08-04,146.18550,146.23151,144.57950,143.95000
2022-08-05,144.67950,144.81149,144.24049,143.81700
2022-08-08,144.40849,144.52600,144.013504,143.27499
2022-08-09,143.80550,143.90700,143.75450,143.14000
2022-08-10,143.85100,143.90700,142.99350,142.63000
2022-08-11,143.33299,143.61099,142.82750,142.31599
2022-08-12,143.037506,143.22749,142.65050,142.14500
2022-08-16,142.66701,142.78850,142.18050,141.58800
2022-08-17,142.32150,142.40750,141.98900,141.33299
2022-08-18,142.024506,142.20551,141.53200,141.093994
2022-08-19,141.78450,141.88100,141.46001,140.91200
2022-08-22,141.74451,141.85201,141.26100,140.97600
2022-08-23,141.67599,141.89301,141.12300,140.62300
2022-08-24,141.33150,141.50600,141.12199,140.44000
2022-08-25,141.13750,141.19250,140.81850,140.36800
2022-08-26,141.059998,141.20750,140.24249,140.13600
2022-08-29,140.42700,140.62151,140.11600,139.86000
2022-08-30,140.42000,140.92250,140.22000,140.22000
2022-08-31,140.61250,141.011505,140.17349,139.60001
2022-09-01,140.27299,141.20950,140.27299,140.49001
2022-09-02,140.82001,141.054504,140.33200,140.031998
2022-09-05,141.024994,141.059006,140.19984,140.089203
2022-09-06,140.38420,141.15785,140.093399,140.40370
2022-09-07,140.33189,141.012802,140.020203,139.76891
2022-09-08,140.15649,141.038544,140.021103,140.14140
2022-09-09,140.70775,140.97945,139.94350,140.36740
2022-09-12,140.49400,141.060745,140.071396,140.28461
2022-09-13,140.57961,141.67261,140.18394,140.86400
2022-09-14,141.54300,141.69360,140.25896,140.18480
2022-09-15,140.83980,140.99680,140.028656,139.79330
2022-09-16,140.44701,140.79449,140.015594,140.11259
2022-09-19,140.40660,140.75806,140.10229,140.018494
2022-09-20,140.31351,140.93700,139.96225,140.19640
2022-09-21,140.58501,141.32030,140.29210,140.49020
2022-09-22,141.061996,141.28951,140.25784,140.077103
2022-09-23,140.71774,141.29900,140.38080,140.29050
2022-09-26,140.89600,141.14900,140.44115,140.26360
2022-09-27,140.55949,141.22650,140.46490,140.26460
2022-09-28,142.57671,142.90256,142.36020,142.066193
2022-09-29,142.36259,142.36270,140.19475,140.15849
2022-09-30,140.45430,141.38699,140.19560,140.12300
2022-10-03,140.83560,141.042252,140.15300,140.10150
2022-10-04,140.43175,140.70285,139.60310,139.79539
2022-10-05,139.89896,141.079956,139.70670,140.16920
2022-10-06,140.46420,141.050797,140.089005,140.27100
2022-10-07,140.41420,141.053345,140.29311,140.13890
2022-10-10,140.35460,140.81415,140.19855,140.14380
2022-10-11,140.43761,140.85930,140.056854,140.11639
2022-10-12,140.66209,140.92889,140.16521,140.25270
2022-10-13,140.72600,141.0070038,139.79675,139.48750
2022-10-14,140.058594,140.79565,139.82201,140.11070
2022-10-17,140.40570,140.83385,139.93840,139.96021
2022-10-18,140.10660,140.69310,139.86160,139.76730
2022-10-19,140.20770,140.93550,140.034897,140.15990
2022-10-20,140.46855,140.86411,140.12785,140.030594
2022-10-21,140.67599,140.97549,140.21550,140.25140
2022-10-24,140.77499,140.80060,139.88625,139.90350
2022-10-25,140.32600,140.69009,139.66756,139.80830
2022-10-26,140.37465,140.68460,139.73476,139.27100
2022-10-27,139.98750,140.96680,139.89040,140.11301
2022-10-28,140.82401,140.99350,140.010147,139.94110
2022-10-31,140.34500,140.77879,140.14275,139.82401
2022-11-01,140.50800,140.79750,140.19250,140.0099945
2022-11-02,140.71001,140.89101,140.012543,140.17400
2022-11-03,140.86501,141.35100,140.10550,140.16209
2022-11-04,140.45711,140.67661,140.0035553,139.94839
2022-11-07,140.25900,140.56020,139.84630,139.27901
2022-11-08,140.19411,140.48985,139.64024,139.90590
2022-11-09,140.20090,140.70645,139.76750,140.094803
2022-11-10,140.48590,140.87605,139.083694,138.58600
2022-11-11,139.14404,139.59151,138.81935,138.26801
2022-11-14,139.031006,139.37450,138.66721,138.42400
2022-11-15,139.0019989,139.31944,138.016357,138.26660
2022-11-16,138.89775,138.98135,138.075806,137.76100
2022-11-17,138.46001,139.20650,138.40250,138.23981
2022-11-18,138.90575,139.11220,138.52350,138.39610
2022-11-21,139.14700,139.56889,138.31470,139.46339
2022-11-22,139.34599,139.47810,138.96985,138.96985
2022-11-23,138.96864,139.019501,138.61150,138.69800
2022-11-24,138.48300,138.73550,138.24420,138.34151
2022-11-25,138.34599,138.61900,138.24100,138.41150
2022-11-28,138.49800,138.74400,137.92500,138.66100
2022-11-29,138.65601,138.87000,138.21941,138.84599
2022-11-30,138.82150,139.13750,138.42799,138.42799
2022-12-01,138.42349,138.60515,137.99150,138.077148
2022-12-02,138.076004,138.64896,137.95441,138.14709
2022-12-05,138.21919,138.39880,137.68500,138.34175
2022-12-06,138.34535,138.42740,137.95700,138.015701
2022-12-07,138.015701,138.61230,137.94350,138.33690
2022-12-08,138.33690,138.43166,137.80299,138.079147
2022-12-09,138.084946,138.30615,137.69550,138.11990
2022-12-12,137.98351,138.17995,137.72749,138.10210
2022-12-13,138.10445,138.19299,137.28650,137.59995
2022-12-14,137.61035,137.85291,137.12601,137.48579
2022-12-15,137.48930,137.77255,136.94099,137.38960
2022-12-16,137.38969,137.625,137.26300,137.49600
2022-12-19,137.38390,137.55580,137.38380,137.55560
2022-12-20,137.55560,137.60500,137.29050,137.52040
2022-12-21,137.45300,137.69279,137.32001,137.46400
2022-12-22,137.46800,137.79601,137.25800,137.74680
2022-12-23,137.74680,137.76555,137.32001,137.53461
2022-12-26,137.53470,137.74484,137.40350,137.48151
2022-12-27,137.48151,137.50101,137.21201,137.44640
2022-12-28,137.44640,137.48100,137.19749,137.37460
2022-12-29,137.37450,137.50529,137.15100,137.20650
2022-12-30,137.21049,137.43500,137.082001,137.35190
2023-01-02,137.15601,137.55589,137.091003,137.51765
2023-01-03,137.51884,138.10425,137.24800,137.53830
2023-01-04,137.53944,137.66119,137.058502,137.16051
2023-01-05,137.16550,137.84509,137.039993,137.77435
2023-01-06,137.76845,138.062851,137.29601,137.30174
2023-01-09,137.31575,137.31575,136.87570,136.87590
2023-01-10,136.87590,136.87660,136.53870,136.53920
2023-01-11,136.53920,136.56889,136.52130,136.52161
2023-01-12,136.52161,136.52190,136.45020,136.45140
2023-01-13,136.45140,136.45239,136.45140,136.45230
2023-01-17,135.98050,136.15050,135.80299,136.11900
2023-01-18,136.082993,136.082993,135.69099,135.93100
2023-01-19,135.93100,136.16650,135.93080,136.055405
2023-01-20,136.055405,136.055695,135.84100,135.99651
2023-01-23,135.99651,136.30009,135.55901,136.038651
2023-01-24,135.70700,136.11481,135.63950,135.77240
2023-01-25,135.77240,135.99860,135.54449,135.56650
2023-01-26,135.70171,136.011703,135.5,135.66570
2023-01-27,135.66580,135.89200,135.60699,135.64191
2023-01-30,135.80150,135.91785,135.54550,135.74249
2023-01-31,136.0045013,136.098999,135.66165,135.92485
2023-02-01,135.92261,136.076508,135.49600,135.60190
2023-02-02,135.59970,135.76865,135.12950,135.42371
2023-02-03,135.42380,136.0054932,135.38451,135.52029
2023-02-06,136.11501,136.62199,135.75400,136.36681
2023-02-07,136.36681,136.93076,136.36670,136.68671
2023-02-08,136.68660,136.68700,136.36169,136.52730
2023-02-09,136.52730,136.62801,136.17810,136.17810
2023-02-10,136.17810,136.80650,136.17780,136.54961
2023-02-13,136.71851,136.93315,136.60550,136.74895
2023-02-14,136.75740,136.81700,136.16251,136.50050
2023-02-15,136.52130,137.096649,136.47301,136.82300
2023-02-16,136.81850,136.96796,136.62550,136.83000
2023-02-17,136.99651,137.19550,136.83000,136.84399
2023-02-20,136.81650,136.99570,136.64101,136.92195
2023-02-21,136.91965,137.17210,136.77950,136.99651
2023-02-22,136.91020,137.22400,136.77135,137.21950
2023-02-23,136.97440,137.30499,136.64255,136.76445
2023-02-24,136.75975,137.12000,136.56020,136.77245
2023-02-27,137.050003,137.10049,136.61650,136.71400
2023-02-28,136.71410,136.77451,136.43140,136.52910
2023-03-01,136.43140,136.56880,136.25600,136.26711
2023-03-02,136.26711,136.8125,136.26711,136.71774
2023-03-03,136.71774,136.76601,136.46954,136.47650
2023-03-06,136.44600,136.69600,136.22350,136.35020
2023-03-07,136.31551,136.91800,136.22800,136.85899
2023-03-08,136.86134,137.069504,136.37199,136.91225
2023-03-09,136.90759,136.93851,136.64900,136.70950
2023-03-10,136.68190,136.75410,136.14349,136.58279
2023-03-13,136.58389,136.58389,135.73331,135.83099
2023-03-14,135.84700,136.11560,135.75549,135.80840
2023-03-15,135.80840,136.94850,135.70100,136.71660
2023-03-16,136.65469,136.79295,136.34450,136.42850
2023-03-17,136.45930,136.45990,136.10670,136.22459
2023-03-20,136.22650,136.23151,135.80800,135.81970
2023-03-21,135.81970,136.25385,135.52049,135.76785
2023-03-22,135.76215,135.93245,135.26601,135.75751
2023-03-23,135.75751,135.89896,135.26100,135.47710
2023-03-24,135.83121,136.26900,135.47560,136.11400
2023-03-27,136.067993,136.21124,135.87296,135.87746
2023-03-28,135.87746,135.92300,135.63306,135.67551
2023-03-29,135.70500,135.81799,135.55540,135.70061
2023-03-30,135.70175,135.78999,135.37790,135.52480
2023-03-31,135.51814,135.93851,135.43449,135.90344
2023-04-03,136.011505,136.033997,135.57765,135.63901
2023-04-04,135.67261,135.75250,135.33949,135.63181
2023-04-05,135.63229,135.64500,135.33250,135.38271
2023-04-06,135.38319,135.69749,135.38271,135.65540
2023-04-07,135.65540,135.78516,135.54550,135.75826
2023-04-10,135.77165,136.15170,135.5625,135.93539
2023-04-11,135.99651,136.11780,135.64580,135.64590
2023-04-12,135.72701,135.92995,135.37050,135.45000
2023-04-13,135.44550,135.53270,135.10150,135.35950
2023-04-14,135.37910,135.47900,135.070999,135.38049
2023-04-17,135.39850,136.060150,135.35851,135.99284
2023-04-18,135.99284,136.0063019,135.49451,135.51849
2023-04-19,135.51849,135.92516,135.51830,135.67850
2023-04-20,135.82104,135.83885,135.49350,135.52440
2023-04-21,135.58250,135.75720,135.48100,135.49400
2023-04-24,135.64815,135.69250,135.22250,135.46045
2023-04-25,135.39529,135.80376,135.14799,135.42320
2023-04-26,135.42320,135.79480,135.016998,135.24100
2023-04-27,135.60045,135.61365,135.14400,135.43629
2023-04-28,135.43649,135.61951,135.29601,135.45990
2023-05-02,135.50999,135.98814,135.47400,135.66100
2023-05-03,135.66119,135.73586,135.18150,135.41240
2023-05-04,135.42114,135.51241,135.072006,135.32330
2023-05-05,135.32370,135.51500,135.22791,135.22900
2023-05-08,135.21350,135.37849,135.13451,135.14580
2023-05-09,135.14600,135.79185,135.14590,135.55389
2023-05-10,135.55389,135.85851,135.42751,135.66209
2023-05-11,135.47150,136.063599,135.47000,135.99409
2023-05-12,135.99185,136.14400,135.73300,136.14400
2023-05-15,136.016998,136.14500,135.75,136.069000
2023-05-16,136.069000,136.18478,135.95000,136.11386
2023-05-17,136.11386,136.41003,136.083496,136.35042
2023-05-18,136.35042,136.62300,136.24300,136.36000
2023-05-19,136.36000,136.62100,136.30000,136.35812
2023-05-22,136.35500,136.49330,136.098709,136.40205
2023-05-23,136.40205,136.68201,136.28900,136.63901
2023-05-24,136.63901,136.75600,136.44200,136.63142
2023-05-25,136.63142,136.88919,136.62000,136.76604
2023-05-26,136.76604,136.88699,136.55000,136.76199
2023-05-29,136.76781,136.88300,136.67987,136.84245
2023-05-30,136.88277,136.97501,136.5,136.72900
2023-05-31,136.72900,137.125,136.5,136.85899
2023-06-01,136.85899,136.90579,136.33600,136.38564
2023-06-02,136.38564,136.56400,136.25795,136.56400
2023-06-05,136.31473,136.81987,136.31473,136.57262
2023-06-06,136.57262,137.11325,136.42500,136.80106
2023-06-07,136.80106,136.81244,136.39729,136.41521
2023-06-08,136.41521,136.61200,136.25700,136.25700
2023-06-09,136.25700,136.39400,135.80000,136.31073
2023-06-12,136.11165,136.36752,136.11165,136.27434
2023-06-13,136.27434,136.37300,136.045822,136.17500
2023-06-14,136.17500,136.25,135.97353,135.98286
2023-06-15,135.98286,136.059998,135.625,135.64690
2023-06-16,135.64690,135.68469,135.5,135.63434
2023-06-19,135.28795,135.90199,135.28795,135.50378
2023-06-20,135.50378,135.89998,135.45000,135.59634
2023-06-21,135.59634,135.84900,135.45000,135.50653
2023-06-22,135.50653,135.64999,135.13300,135.37604
2023-06-23,135.37604,135.87920,135.33823,135.68669
2023-06-26,135.17809,135.72701,135.17809,135.57329
2023-06-27,135.57329,135.61980,135.45551,135.46840
2023-06-28,135.46840,135.62819,135.41281,135.54269
2023-06-29,135.54269,135.61449,135.48416,135.57376
2023-06-30,135.57376,135.96889,135.50600,135.94574
2023-07-03,135.80904,136.084976,135.58488,135.59988
2023-07-04,135.59988,135.84023,135.57245,135.79500
2023-07-05,135.79500,135.91000,135.35001,135.90312
2023-07-06,135.90312,135.99066,135.35001,135.95268
2023-07-07,135.95268,135.96053,135.48801,135.74471
2023-07-10,135.64108,135.80501,135.25301,135.27318
2023-07-11,135.27318,135.75,135.13901,135.41144
2023-07-12,135.41144,135.41945,134.89101,134.90933
2023-07-13,134.90933,134.91251,134.64000,134.71136
2023-07-14,134.71136,134.72339,134.28101,134.41728
2023-07-17,134.19034,134.46529,134.19034,134.44272
2023-07-18,134.44272,134.46301,134.22600,134.36929
2023-07-19,134.36929,134.42992,134.34525,134.37871
2023-07-20,134.37871,134.86914,134.31299,134.82922
2023-07-21,134.82922,134.86400,134.25,134.74181
2023-07-24,134.65080,134.98000,134.25,134.90497
2023-07-25,134.90497,135.45000,134.85001,135.18338
2023-07-26,135.18338,135.21439,134.91315,135.086151
2023-07-27,135.086151,135.67578,134.74500,135.55661
2023-07-28,135.55661,135.79955,135.47600,135.74649
2023-07-31,135.76900,135.79515,135.42200,135.57600
2023-08-01,135.57600,135.82210,135.35001,135.67966
2023-08-02,135.67966,135.97501,135.64352,135.80499
2023-08-03,135.80499,136.063995,135.74162,135.87885
2023-08-04,135.87885,136.0023041,135.51479,135.53954
2023-08-07,135.54100,135.82387,135.53093,135.72334
2023-08-08,135.72334,135.96600,135.69293,135.87802
2023-08-09,135.87802,135.91553,135.77400,135.82700
2023-08-10,135.82700,135.84012,135.41499,135.60823
2023-08-11,135.60823,135.94098,135.60561,135.93936
2023-08-14,135.94000,136.29263,135.76881,135.89484
2023-08-15,135.89484,136.11600,135.79300,135.88699
2023-08-16,135.88699,136.20300,135.80000,135.96300
2023-08-17,135.96300,136.34399,135.80000,135.96426
2023-08-18,135.96426,135.96426,135.89999,135.89999
2023-08-21,136.34000,136.34000,136.13931,136.29997
2023-08-22,136.29997,136.51401,136.10899,136.44836
2023-08-23,136.44836,136.65700,135.92647,136.44617
2023-08-24,136.44617,136.60739,135.73280,136.60423
2023-08-25,136.60423,136.88678,136.57219,136.86565
2023-08-28,136.88300,136.88469,136.64767,136.71370
2023-08-29,136.71370,136.81917,136.68542,136.77515
2023-08-30,136.77515,136.79778,136.070816,136.074738
2023-08-31,136.074738,136.51175,136.047821,136.50864
2023-09-01,136.50864,136.82500,136.33151,136.81599
2023-09-04,136.81100,136.81584,136.64700,136.70175
2023-09-05,136.70175,137.060867,136.45000,137.051559
2023-09-06,137.051559,137.11208,136.93367,137.020187
2023-09-07,137.020187,137.29440,136.99030,137.25821
2023-09-08,137.25821,137.27150,137.12000,137.21100
2023-09-11,137.21100,137.27486,136.80000,136.94901
2023-09-12,136.94901,137.36301,136.80000,137.16400
2023-09-13,137.16400,137.32541,137.033997,137.10342
2023-09-14,137.10342,137.69501,136.62354,137.45338
2023-09-15,137.45338,137.70367,137.14999,137.27835
2023-09-18,137.28200,137.36000,137.097641,137.25
2023-09-19,137.25,137.30908,136.95000,137.093002
2023-09-20,137.093002,137.20515,136.90700,137.0059204
2023-09-21,137.0059204,137.40244,136.96535,137.36053
2023-09-22,137.36053,137.38417,137.23419,137.30513
2023-09-25,137.30600,137.62100,136.89999,137.56349
2023-09-26,137.56349,137.62100,136.89999,137.41789
2023-09-27,137.41789,137.71234,137.10313,137.54790
2023-09-28,137.54790,137.73192,137.50826,137.70183
2023-09-29,137.70183,137.70724,137.34241,137.36407
2023-10-02,137.36301,137.90500,137.35001,137.82257
2023-10-03,137.82300,138.027786,137.64346,138.025070
2023-10-04,138.025070,138.055771,137.69868,137.69983
2023-10-05,137.69983,137.90387,137.68927,137.71983
2023-10-06,137.72701,137.80000,137.46329,137.59100
2023-10-09,137.60400,137.81799,137.55400,137.58073
2023-10-10,137.58073,137.66737,136.375,137.35637
2023-10-11,137.35637,137.39586,136.375,137.14133
2023-10-12,137.14388,137.57300,137.10001,137.55624
2023-10-13,137.55624,137.89069,137.52997,137.88663
2023-10-16,137.88600,137.88989,137.55000,137.78192
2023-10-17,137.78192,137.80161,137.54466,137.59969
2023-10-18,137.59969,137.83267,137.57410,137.82608
2023-10-19,137.82608,137.84106,137.5,137.67300
2023-10-20,137.67300,137.67300,137.39999,137.55153
2023-10-23,137.54500,137.55003,136.91600,137.27260
2023-10-24,137.27260,137.27661,136.17696,136.96651
2023-10-25,136.96651,136.98100,136.79201,136.94955
2023-10-26,136.94955,137.029999,136.76199,136.86371
2023-10-27,136.86371,136.91638,136.25500,136.29596
2023-10-30,136.28799,136.50301,135.92900,136.054077
2023-10-31,136.054077,136.20000,135.74341,135.98199
2023-11-01,135.98199,136.19701,135.85158,136.0088654
2023-11-02,136.0088654,136.13142,135.62038,135.71707
2023-11-03,135.71707,136.050003,135.028000,135.45586
2023-11-06,135.45599,135.45755,134.60609,134.81847
2023-11-07,134.81847,135.031006,134.55679,134.55679
2023-11-08,134.55679,135.22980,134.55013,135.089844
2023-11-09,135.089844,135.093613,134.59619,134.96800
2023-11-10,134.96800,135.14600,134.60001,134.61099
2023-11-13,134.60201,134.87801,134.50700,134.62601
2023-11-14,134.62601,134.75400,133.82755,134.51300
2023-11-15,134.51300,134.55000,133.73900,134.45900
2023-11-16,134.45900,134.52940,133.94000,134.45000
2023-11-17,134.45000,134.47701,134.091995,134.34616
2023-11-20,134.35201,134.35437,133.92700,133.96500
2023-11-21,133.96500,134.39101,133.87091,134.095001
2023-11-22,134.095001,134.51700,134.074005,134.36099
2023-11-23,134.36099,134.50121,134.16600,134.41499
2023-11-24,134.41499,134.46400,134.039993,134.25569
2023-11-27,134.25800,134.25800,133.97635,133.98700
2023-11-28,133.98700,134.35500,133.93585,134.20793
2023-11-29,134.20793,134.30000,134.013260,134.24300
2023-11-30,134.24300,134.67999,134.14999,134.65816
2023-12-01,134.65816,134.90602,134.35001,134.90114
2023-12-04,134.90300,134.91499,134.50400,134.62048
2023-12-05,134.62048,134.81964,134.19980,134.62088
2023-12-06,134.62088,134.73640,134.31116,134.67572
2023-12-07,134.67572,134.84531,134.27400,134.70932
2023-12-08,134.70932,134.72566,134.41916,134.69937
2023-12-11,134.70100,134.84000,134.46666,134.50900
2023-12-12,134.50900,134.76732,134.35394,134.59198
2023-12-13,134.59198,134.71623,134.35339,134.60614
2023-12-14,134.60614,134.61555,134.38222,134.38699
2023-12-15,134.38699,134.45494,134.091995,134.34735
2023-12-18,134.34700,134.61240,134.31949,134.54401
2023-12-19,134.54401,134.59561,134.39999,134.45815
2023-12-20,134.45815,134.46928,134.25,134.39870
2023-12-21,134.39870,134.50203,134.15401,134.49509
2023-12-22,134.49509,134.50597,134.082993,134.34444
2023-12-25,134.099579,134.099579,134.099579,134.099579
2023-12-26,134.099579,134.31865,134.099579,134.14999
2023-12-27,134.14999,134.36501,133.875,134.33400
2023-12-28,134.33400,134.36078,133.83794,134.26311
2023-12-29,134.24551,134.52699,134.066238,134.29739
2024-01-01,134.32600,134.32600,134.32600,134.32600
2024-01-02,134.32600,134.80701,134.10001,134.67900
2024-01-03,134.67900,134.71400,134.5,134.70599
2024-01-04,134.70599,134.71025,134.24899,134.51730
2024-01-05,134.51730,134.61200,134.19701,134.37700
2024-01-08,134.40401,134.69800,134.13168,134.18268
2024-01-09,134.18268,134.54700,134.10324,134.53000
2024-01-10,134.53000,134.54617,134.15601,134.53883
2024-01-11,134.53883,134.66989,134.085007,134.65866
2024-01-12,134.65866,134.67026,134.25,134.27000
2024-01-15,134.59000,134.71899,134.27873,134.67883
2024-01-16,134.67883,134.80663,134.27000,134.79900
2024-01-17,134.79900,134.89000,134.60001,134.87038
2024-01-18,134.87038,134.88777,134.60001,134.81300
2024-01-19,134.81300,134.81349,134.34599,134.34599
2024-01-22,134.33299,134.60001,134.25670,134.29962
2024-01-23,134.30200,134.71300,134.16901,134.68845
2024-01-24,134.68845,134.68845,134.23296,134.46700
2024-01-25,134.46700,134.75700,134.20052,134.71201
2024-01-26,134.71201,134.80200,134.39999,134.60332
2024-01-29,134.60100,134.77499,134.39999,134.70392
2024-01-30,134.70392,134.82817,134.53101,134.59100
2024-01-31,134.59100,134.94292,134.37900,134.51552
2024-02-01,134.51552,135.026535,134.41100,134.88733
2024-02-02,134.88733,134.89360,134.27721,134.51915
2024-02-05,134.51801,134.98109,134.51801,134.71732
2024-02-06,134.71732,134.98834,134.64999,134.78383
2024-02-07,134.78383,134.98721,134.34546,134.58034
2024-02-08,134.58034,134.72400,134.32571,134.72017
2024-02-09,134.72017,134.74524,134.33052,134.64853
2024-02-10,134.64812,134.65149,134.33459,134.34338
2024-02-12,134.33800,134.70798,134.33437,134.70023
2024-02-13,134.70023,134.80701,134.18800,134.55600
2024-02-14,134.55600,134.95828,134.39799,134.89799
2024-02-15,134.89799,134.89978,134.21184,134.75256
2024-02-16,134.75256,134.75800,134.21700,134.57829
2024-02-17,134.57829,134.58006,134.55818,134.57927
2024-02-19,134.57899,134.59959,134.39606,134.59598
2024-02-20,134.40462,134.63690,134.32494,134.55449
2024-02-21,134.55449,134.68376,134.30632,134.33492
2024-02-22,134.33492,134.57947,134.23399,134.47127
2024-02-23,134.47127,134.73232,134.30000,134.49928
2024-02-24,134.49928,134.73167,134.49707,134.49742
2024-02-26,134.49800,134.71201,134.38600,134.56013
2024-02-27,134.56013,134.63773,134.27409,134.52000
2024-02-28,134.52000,134.84357,134.37601,134.80559
2024-02-29,134.80962,134.80962,134.25500,134.68727
2024-03-01,134.68727,134.80315,134.33600,134.79346
2024-03-02,134.79346,134.79346,134.77884,134.77884
2024-03-04,134.79300,134.79413,134.34100,134.61792
2024-03-05,134.61792,134.63100,134.35800,134.60800
2024-03-06,134.60800,134.78297,134.29401,134.59241
2024-03-07,134.59241,134.66068,134.30283,134.64690
2024-03-08,134.64690,134.65176,134.35001,134.54805
2024-03-09,134.54805,134.55467,134.54805,134.54977
2024-03-11,134.55499,134.60201,134.089005,134.39500
2024-03-12,134.39500,134.69501,134.30299,134.36301
2024-03-13,134.36301,134.69547,134.22200,134.34064
2024-03-14,134.34064,134.61069,134.24800,134.58446
2024-03-15,134.58446,134.67200,134.32500,134.39989
2024-03-16,134.39989,134.40114,134.39679,134.39679
2024-03-18,134.39799,134.65500,134.32500,134.62886
2024-03-19,134.62886,134.83607,134.36400,134.60001
2024-03-20,134.60001,136.080002,134.23199,134.64700
2024-03-21,134.64700,134.67874,133.42003,134.54300
2024-03-22,134.54300,134.85933,134.20000,134.74210
2024-03-23,134.74210,134.74210,134.74164,134.74164
2024-03-25,134.74200,134.88200,134.20000,134.64400
2024-03-26,134.64400,134.82767,134.41701,134.60300
2024-03-27,134.60300,134.89519,134.50999,134.89301
2024-03-28,134.89301,134.94202,134.58015,134.69299
2024-03-29,134.69299,134.93201,134.67500,134.67500
2024-03-30,134.67500,134.67500,134.67500,134.67500
2024-04-01,134.54890,135.31369,134.42000,135.29607
2024-04-02,135.29607,135.36348,134.42000,134.70700
2024-04-03,134.70700,134.77400,134.37601,134.70712
2024-04-04,134.70712,134.71010,134.33200,134.56599
2024-04-05,134.56599,134.75197,134.33144,134.74657
2024-04-06,134.74657,134.74657,134.51199,134.51382
2024-04-08,134.74500,134.88054,134.41499,134.50632
2024-04-09,134.50632,134.61057,134.28900,134.59207
2024-04-10,134.59207,134.65700,134.39380,134.63324
2024-04-11,134.63324,134.83682,134.39186,134.59726
2024-04-12,134.59726,135.044006,134.42999,134.68201
2024-04-15,134.68100,134.89775,134.42999,134.89775
2024-04-16,134.89775,134.89775,134.63000,134.80453
2024-04-17,134.80453,134.84047,134.68034,134.76532
2024-04-18,134.76532,134.82683,134.31500,134.47408
2024-04-19,134.47408,134.85284,134.31000,134.59515
2024-04-22,134.59300,134.87480,134.31500,134.80701
2024-04-23,134.80701,134.80901,134.22484,134.54022
2024-04-24,134.54022,134.64342,134.18958,134.61607
2024-04-25,134.61607,134.70134,134.29359,134.47000
2024-04-26,134.47000,134.70317,134.28177,134.28500
2024-04-29,134.17651,134.54300,134.013718,134.40788
2024-04-30,134.40788,134.68100,134.21681,134.64548
2024-05-01,134.64548,134.81407,134.42999,134.43500
2024-05-02,134.43500,134.85100,134.12813,134.39700
2024-05-03,134.39700,134.73000,134.22856,134.59462
2024-05-06,134.57468,134.59300,134.25229,134.48563
2024-05-07,134.48563,134.61900,134.24896,134.36301
2024-05-08,134.36301,134.75890,134.35997,134.68051
2024-05-09,134.68051,134.81305,134.39706,134.63948
2024-05-10,134.63948,134.64200,134.30881,134.33586
2024-05-13,134.60385,134.65601,134.25314,134.27219
2024-05-14,134.27219,134.72099,134.25182,134.33151
2024-05-15,134.33151,134.64101,134.21700,134.21700
2024-05-16,134.21700,134.65199,134.19000,134.42200
2024-05-17,134.42200,134.66701,134.23500,134.41400
2024-05-20,134.37383,134.64198,134.25999,134.57088
2024-05-21,134.57088,134.59000,134.25999,134.34572
2024-05-22,134.34572,134.73314,134.29430,134.67363
2024-05-23,134.67363,134.73701,134.34000,134.68628
2024-05-24,134.68628,134.77499,134.44049,134.45599
2024-05-27,134.38338,134.60699,134.38338,134.59500
2024-05-28,134.59500,134.62497,134.30499,134.52800
2024-05-29,134.52800,134.81000,134.30499,134.80499
2024-05-30,134.80499,134.85699,134.51500,134.67572
2024-05-31,134.67572,134.76199,134.45399,134.57721
2024-06-03,134.30901,134.77257,134.30901,134.36099
2024-06-04,134.36099,134.78117,134.24500,134.40401
2024-06-05,134.40401,134.56799,134.24500,134.47701
2024-06-06,134.47701,134.48306,134.28500,134.46960
2024-06-07,134.46960,134.79201,134.28500,134.46568
2024-06-10,134.48764,135.28365,134.48329,134.77684
2024-06-11,134.77684,134.94945,134.57001,134.74849
2024-06-12,134.74849,134.96014,134.49393,134.54604
2024-06-13,134.54604,135.14101,134.48700,135.13600
2024-06-14,135.13600,135.34399,134.57500,134.73100
2024-06-17,134.83821,134.86026,134.67999,134.82280
2024-06-18,134.82280,134.83665,134.54643,134.58926
2024-06-19,134.58926,134.75600,134.36717,134.39101
2024-06-20,134.39101,134.80623,134.36974,134.54201
2024-06-21,134.54201,134.82100,134.46272,134.48582
2024-06-24,134.34578,134.62782,134.31874,134.33701
2024-06-25,134.33701,134.78400,134.31099,134.53128
2024-06-26,134.53128,134.89871,134.39999,134.86501
2024-06-27,134.86501,134.88733,134.48195,134.48199
2024-06-28,134.48199,134.82700,134.46196,134.72099
2024-07-01,134.57344,134.77000,134.24907,134.59200
2024-07-02,134.59200,134.80099,134.31000,134.44701
2024-07-03,134.44701,134.67900,134.23645,134.23645
2024-07-04,134.23645,134.45734,134.20816,134.43658
2024-07-05,134.43658,134.48517,134.19099,134.45000
2024-07-08,134.53722,134.53722,134.17770,134.37700
2024-07-09,134.37700,134.52499,134.17424,134.44600
2024-07-10,134.44600,134.52499,134.27898,134.34300
2024-07-11,134.34300,134.51524,134.17599,134.18100
2024-07-12,134.18100,134.42014,134.14931,134.39900
2024-07-15,134.28925,134.69685,134.093185,134.35455
2024-07-16,134.35455,134.51021,134.12074,134.33299
2024-07-17,134.33299,134.49632,134.11900,134.26401
2024-07-18,134.26401,134.54390,134.20599,134.52600
2024-07-19,134.52600,134.75363,134.22000,134.61092
2024-07-22,134.58974,134.75200,134.22501,134.61700
2024-07-23,134.61700,134.88699,134.52621,134.65500
2024-07-24,134.65500,134.86099,134.50343,134.51123
2024-07-25,134.51123,134.73599,134.39609,134.41479
2024-07-26,134.41479,134.61000,134.32466,134.33910
2024-07-29,134.19453,134.78400,134.19453,134.70300
2024-07-30,134.70300,134.84784,134.46001,134.64301
2024-07-31,134.64301,134.73801,134.42500,134.58600
2024-08-01,134.58600,134.84152,134.42500,134.68900
2024-08-02,134.68900,134.79601,134.14594,134.22600
2024-08-05,134.10612,134.69600,133.91000,134.64301
2024-08-06,134.64301,134.90901,134.39999,134.67601
2024-08-07,134.67601,134.78482,134.66200,134.72200
2024-08-08,134.72200,134.84399,134.48500,134.61954
2024-08-09,134.61954,134.80499,134.47211,134.47400
2024-08-12,134.32442,134.62520,134.32442,134.55901
2024-08-13,134.55901,134.62421,134.26163,134.26323
2024-08-14,134.26323,134.50200,134.11392,134.35014
2024-08-15,134.35014,134.55226,134.11626,134.17500
2024-08-16,134.17500,134.53908,134.17500,134.35800
2024-08-19,134.13348,134.36501,133.94496,133.94890
2024-08-20,133.94890,134.32631,133.76360,134.10759
2024-08-21,134.10759,134.11095,133.76553,133.77457
2024-08-22,133.77457,134.26241,133.74744,133.98071
2024-08-23,133.98071,134.38655,133.34000,134.37631
2024-08-26,134.19370,134.38132,133.34000,134.17999
2024-08-27,134.17999,134.37154,133.83905,133.92799
2024-08-28,133.92799,134.020996,133.62000,133.86400
2024-08-29,133.86400,134.022995,133.62000,133.92599
2024-08-30,133.92599,133.96500,133.72301,133.88000
2024-09-02,133.71628,133.88811,133.54083,133.65880
2024-09-03,133.65880,133.89000,132.99631,133.0079956
2024-09-04,133.0079956,133.23900,132.87399,133.19768
2024-09-05,133.19768,133.20695,132.49020,132.50084
2024-09-06,132.50084,132.625,132.30211,132.51700
2024-09-09,132.41246,132.67441,132.41000,132.57263
2024-09-10,132.57263,132.67416,132.41000,132.57304
2024-09-11,132.57304,132.70700,132.40500,132.54529
2024-09-12,132.54529,132.70070,132.40500,132.46246
2024-09-13,132.46246,132.60001,132.21600,132.37128
2024-09-16,132.34041,132.60001,132.16736,132.23900
2024-09-17,132.23900,132.33299,132.20900,132.25700
2024-09-18,132.25700,132.46786,132.12973,132.13901
2024-09-19,132.13901,132.55170,132.12956,132.24800
2024-09-20,132.24800,132.43900,132.21867,132.29442
2024-09-23,132.13887,132.75832,132.13000,132.57503
2024-09-24,132.57503,132.66116,132.26936,132.26936
2024-09-25,132.26936,132.61354,132.16125,132.43999
2024-09-26,132.43999,132.61700,132.15411,132.35825
2024-09-27,132.35825,132.66353,132.17323,132.48781
2024-09-30,132.19099,132.64999,132.055038,132.27274
2024-10-01,132.27274,132.98155,132.24950,132.75632
2024-10-02,132.75632,133.076782,132.39999,132.88300
2024-10-03,132.88300,133.26401,132.64999,133.022003
2024-10-04,133.022003,133.48500,132.84000,133.25952
2024-10-07,133.33759,133.49377,132.84000,133.059998
2024-10-08,133.059998,133.21800,132.83000,132.89746
2024-10-09,132.89746,133.31500,132.83000,133.027359
2024-10-10,133.027359,133.47583,132.97501,133.27782
2024-10-11,133.27782,133.31281,133.034363,133.23671
2024-10-12,133.23671,133.23732,133.10201,133.10201
2024-10-14,133.10800,133.60899,133.10635,133.59471
2024-10-15,133.59471,133.67101,133.13499,133.46700
2024-10-16,133.46700,133.73599,133.21059,133.63300
2024-10-17,133.63300,133.94800,133.38499,133.73100
2024-10-18,133.73100,133.89500,133.31551,133.55099
2024-10-19,133.55099,133.55099,133.33600,133.33640
2024-10-21,133.42619,133.73801,133.27011,133.60201
2024-10-22,133.60201,133.76698,133.28395,133.28395
2024-10-23,133.28395,133.78136,133.28395,133.74100
2024-10-24,133.74100,133.74100,133.40984,133.46800
2024-10-25,133.46800,133.57500,133.30807,133.31480
2024-10-26,133.31480,133.59612,133.31480,133.59612
2024-10-28,133.49132,133.55222,133.31265,133.52499
2024-10-29,133.52499,133.64897,133.36789,133.37711
2024-10-30,133.37711,133.63336,133.28500,133.36678
2024-10-31,133.35400,133.45300,133.087463,133.25822
2024-11-01,133.25822,133.52499,133.089249,133.46001
2024-11-02,133.46001,133.47301,133.23199,133.23199
2024-11-04,132.66370,133.24805,132.43550,133.018997
2024-11-05,133.018997,133.24500,132.98000,132.98390
2024-11-06,132.98390,134.084122,132.98390,133.54297
2024-11-07,133.54297,133.84406,133.37378,133.375
2024-11-08,133.375,133.93700,133.35616,133.81500
2024-11-09,133.81500,133.81500,133.39301,133.62784
2024-11-11,133.32401,134.25999,133.32401,133.81752
2024-11-12,133.81752,134.31799,133.41399,133.44386
2024-11-13,133.44386,134.11000,133.41487,134.098007
2024-11-14,134.098007,134.24100,133.49678,133.62000
2024-11-15,133.62000,133.90428,133.34155,133.65800
2024-11-16,133.65800,133.74713,133.65800,133.68500
2024-11-18,133.18477,133.74600,133.18477,133.39973
2024-11-19,133.39973,133.74001,133.24300,133.40800
2024-11-20,133.40800,133.86301,133.21248,133.73050
2024-11-21,133.73050,133.95700,133.36000,133.57718
2024-11-22,133.57718,134.45529,133.47501,134.0088348
2024-11-23,134.0088348,134.32201,134.0088348,134.014069
2024-11-25,134.22141,134.56961,133.47501,133.66582
2024-11-26,133.66582,134.12399,133.42851,133.96001
2024-11-27,133.96001,133.96600,133.42300,133.48572
2024-11-28,133.48572,133.63499,133.47301,133.52901
2024-11-29,133.52901,133.72501,133.34300,133.36099
2024-11-30,133.36099,133.36230,133.35443,133.36000
2024-12-02,133.31349,133.98007,133.31349,133.83299
2024-12-03,133.83299,133.87805,133.56442,133.79144
2024-12-04,133.79144,134.022995,133.625,133.82840
2024-12-05,133.82840,133.85800,133.37718,133.39400
2024-12-06,133.39400,133.56200,133.23756,133.56200
2024-12-07,133.56200,133.56200,133.31566,133.46300
2024-12-09,133.42159,133.71999,133.27089,133.29103
2024-12-10,133.29103,133.83900,133.27271,133.60152
2024-12-11,133.60152,133.95305,133.44501,133.71663
2024-12-12,133.71663,133.95930,133.58110,133.73781
2024-12-13,133.73781,134.039337,133.71153,133.80057
2024-12-14,133.80057,133.81387,133.80057,133.80684
2024-12-16,133.76160,133.96260,133.61473,133.82462
2024-12-17,133.82462,134.099060,133.77972,133.92012
2024-12-18,133.92012,134.35699,133.72600,134.35699
2024-12-19,134.35699,134.625,133.75214,134.15500
2024-12-20,134.15500,135.076004,134.13904,134.87700
2024-12-21,134.87700,134.87904,134.55800,134.86600
2024-12-23,134.80519,134.98199,134.30190,134.82509
2024-12-24,134.82509,135.33400,134.73051,135.21466
2024-12-25,135.042984,135.042984,134.84871,134.84871
2024-12-26,134.84871,135.23001,134.84871,135.098770
2024-12-27,135.098770,135.59036,135.018341,135.58002
2024-12-28,135.58002,135.58168,135.32585,135.58093
2024-12-30,135.54884,135.89114,135.17101,135.76500
2024-12-31,135.76500,135.79401,135.45200,135.55901
2025-01-01,135.75301,135.75301,135.75301,135.75301
2025-01-02,135.75301,136.37100,135.70442,136.35100
2025-01-03,136.35100,136.81348,135.87199,136.12300
2025-01-04,136.12300,136.12300,135.85300,136.085007
2025-01-06,135.76228,135.95476,135.31400,135.38499
2025-01-07,135.38499,135.73300,135.030533,135.38300
2025-01-08,135.38300,136.11200,135.33501,135.87578
2025-01-09,135.87578,136.15199,135.62953,135.74423
2025-01-10,135.74423,136.26700,135.72005,136.011246
2025-01-11,136.011246,136.42317,136.011246,136.39700
2025-01-13,135.87189,136.53923,135.87189,136.36900
2025-01-14,136.36900,136.36900,135.66098,135.66098
2025-01-15,135.66098,135.98000,135.53200,135.73500
2025-01-16,135.73500,136.018005,135.54311,135.68500
2025-01-17,135.68500,135.72000,135.57410,135.72000
2025-01-18,135.72000,135.72000,135.72000,135.72000
2025-01-20,135.60719,135.79695,135.55348,135.55348
2025-01-21,135.55348,135.72000,134.90448,135.28999
2025-01-22,135.28999,135.28999,134.69113,135.095001
2025-01-23,135.095001,135.42868,134.93758,135.17500
2025-01-24,135.17500,135.17500,134.50348,135.17500
2025-01-25,135.17500,135.17500,135.17500,135.17500
2025-01-27,134.21541,135.17500,134.21541,134.66772
2025-01-28,134.66772,135.47630,134.65292,134.96700
2025-01-29,134.96700,135.33051,134.94133,135.18889
2025-01-30,135.18889,135.26500,134.89400,134.90475
2025-01-31,134.90475,135.39700,134.88139,135.26700
2025-02-01,135.26700,135.31799,135.23000,135.27100
2025-02-03,137.23447,137.23447,135.28906,135.79300
2025-02-04,135.79300,135.87601,135.080978,135.63547
2025-02-05,135.63547,135.64072,135.0042419,135.15282
2025-02-06,135.15282,135.51675,134.97813,135.49896
2025-02-07,135.49896,135.58623,135.11000,135.16187
2025-02-08,135.16310,135.55972,135.15988,135.55972
2025-02-10,135.052979,136.20300,135.052979,135.69797
2025-02-11,135.69797,135.75400,135.47786,135.49400
2025-02-12,135.49400,135.75746,135.21800,135.74753
2025-02-13,135.74753,135.75911,134.96001,134.96001
2025-02-14,134.96001,135.39600,134.96001,135.35078
2025-02-15,135.35078,135.35078,135.34663,135.34663
2025-02-17,135.26218,135.26218,134.60086,134.76184
2025-02-18,134.76765,134.96408,134.64999,134.75641
2025-02-19,134.91701,135.13606,134.69501,135.014313
2025-02-20,135.083725,135.084351,134.59200,134.71544
2025-02-21,134.57899,134.97301,134.51199,134.73399
2025-02-22,134.63901,134.82600,134.63901,134.63901
2025-02-24,134.79433,134.96219,134.076660,134.85001
2025-02-25,134.74600,134.93700,134.46329,134.46600
2025-02-26,134.57001,134.78400,134.35057,134.52942
2025-02-27,134.51147,135.17700,134.47501,134.88000
2025-02-28,135.18300,135.78058,134.59000,135.38100
2025-03-01,135.076004,135.30901,134.59000,135.29700
2025-03-03,135.25603,135.30850,134.59000,134.90227
2025-03-04,134.90591,134.90947,134.15408,134.15408
2025-03-05,134.23642,134.55000,133.58720,133.83519
2025-03-06,133.83495,134.063004,132.43669,133.51353
2025-03-07,133.51167,133.95500,133.25354,133.37914
2025-03-08,133.26323,133.41177,133.23593,133.41177
2025-03-10,133.38945,133.72099,133.055374,133.48000
2025-03-11,133.67120,133.68900,133.15648,133.39771
2025-03-12,133.43300,133.63045,133.13145,133.22501
2025-03-13,133.33333,133.80594,133.21303,133.48174
2025-03-14,133.76300,133.76300,133.26483,133.59552
2025-03-17,133.60379,133.63097,133.11818,133.47162
2025-03-18,133.12100,133.65494,133.089996,133.47313
2025-03-19,133.45268,133.88957,133.089996,133.33731
2025-03-20,133.33640,134.084000,133.28999,133.96899
2025-03-21,133.90974,134.15694,133.42999,133.84639
2025-03-22,134.12843,134.12843,133.42999,133.86400
2025-03-24,133.70158,134.18900,133.42999,134.13699
2025-03-25,133.89999,134.23399,133.55894,134.17400
2025-03-26,134.18900,134.24600,133.75195,134.20200
2025-03-27,134.18401,134.31984,133.82912,133.85899
2025-03-28,133.85735,134.21001,133.66901,133.98000
2025-03-29,133.72200,133.98000,133.69400,133.98000
2025-03-31,133.58206,134.21001,133.58206,133.77158
2025-04-01,133.77217,134.089554,133.73766,134.085403
2025-04-02,134.082474,134.087418,133.625,134.010117
2025-04-03,134.016006,134.18437,132.82262,132.82262
2025-04-04,133.22569,133.68001,132.82008,133.33900
2025-04-05,133.34064,133.64200,133.34064,133.54686
2025-04-07,133.33900,133.96201,133.21500,133.96201
2025-04-08,133.42000,133.93500,133.21500,133.53352
2025-04-09,133.70599,133.78900,133.016861,133.78900
2025-04-10,133.23927,133.64049,132.44501,132.76523
2025-04-11,132.60600,133.20500,131.45900,131.54686
2025-04-14,130.96899,132.37000,130.82401,132.070999
2025-04-15,131.89799,132.30499,131.78101,132.20599
2025-04-16,132.20200,132.33400,131.63699,131.72099
2025-04-17,131.71700,132.34500,131.64799,131.84599
2025-04-18,131.84599,132.34399,131.68201,131.72501
2025-04-19,131.72501,131.72501,131.72501,131.72501
2025-04-21,131.72501,131.72501,130.92799,131.17799
2025-04-22,131.17799,131.86000,131.0099945,131.55000
2025-04-23,131.55400,132.12000,131.48199,132.11600
2025-04-24,132.057999,132.30901,131.70200,131.77100
2025-04-25,132.098999,132.41901,131.71899,131.87801
2025-04-26,131.88200,132.21001,131.88200,132.21001
2025-04-28,132.21001,132.39600,131.58299,132.29401
2025-04-29,131.62199,132.39999,131.59599,131.75600
2025-04-30,132.22600,132.35600,131.67300,132.14500
2025-05-01,132.014999,132.51500,131.95799,132.19501
2025-05-02,132.30299,132.54201,131.80299,132.17400
2025-05-05,132.11700,132.59000,131.86800,132.16901
2025-05-06,132.16901,132.56500,131.75700,132.33099
2025-05-07,132.12199,132.38000,131.76700,132.11800
2025-05-08,132.074997,132.74100,131.94901,132.36700
2025-05-09,132.58000,132.89301,132.22301,132.41000
2025-05-10,132.68300,132.68300,132.68300,132.68300
2025-05-12,132.68300,133.63000,132.44000,133.21001
2025-05-13,133.26100,133.59000,132.70799,132.77600
2025-05-14,132.78000,133.20300,132.37700,132.77600
2025-05-15,132.77600,133.14000,132.50500,132.82899
2025-05-16,132.69299,133.14000,132.55499,133.11700
2025-05-19,132.90401,132.90500,132.13200,132.35600
2025-05-20,132.74100,132.92999,132.14799,132.18401
2025-05-21,132.18800,132.86800,131.63901,131.79700
2025-05-22,131.79201,132.41499,131.71001,132.0050049
2025-05-23,132.0090027,132.018005,131.55299,131.61301
2025-05-26,132.024002,132.024994,131.29401,131.67000
2025-05-27,131.87700,131.87700,131.27299,131.85600
2025-05-28,131.79800,131.99001,131.51401,131.99001
2025-05-29,131.99001,132.11800,131.43201,132.089005
2025-05-30,132.089005,132.089005,131.41901,131.88499
2025-06-02,131.88499,131.88499,130.86099,131.36501
2025-06-03,131.36501,131.53000,130.82899,131.37700
2025-06-04,131.12801,131.61000,130.88200,131.34801
2025-06-05,131.34700,131.61000,130.74200,131.19400
2025-06-06,131.19400,131.52000,130.71700,131.19400
2025-06-07,131.19400,131.19400,131.19400,131.19400
2025-06-09,131.19400,131.34000,130.77901,130.85699
2025-06-10,130.85201,131.41600,130.67500,130.77000
2025-06-11,130.77000,131.47000,130.41299,130.48599
2025-06-12,130.48199,131.33000,129.20100,129.34399
2025-06-13,129.32899,130.5,129.21700,129.48100
2025-06-14,129.48100,129.48100,129.48100,129.48100
2025-06-16,129.48100,129.89999,129.19501,129.61400
2025-06-17,129.73100,129.92000,129.35899,129.65800
2025-06-18,129.65800,130.18201,129.57401,129.77299
2025-06-19,130.18100,130.36000,129.73399,130.067993
2025-06-20,129.97099,130.35001,129.53799,129.86000
2025-06-21,129.83600,129.83600,129.83600,129.83600
2025-06-23,129.83600,130.30000,129.40800,129.86600
2025-06-24,129.86600,129.86600,129.15401,129.60001
2025-06-25,129.24200,131.82700,129.22099,129.45599
2025-06-26,129.45599,129.48000,128.91800,129.19000
2025-06-27,129.21001,129.48000,128.98300,129.12300
2025-06-28,129.12300,129.12300,129.12300,129.12300
2025-06-30,129.12300,129.36000,129.12300,129.33299
2025-07-01,129.33299,129.34000,129.031998,129.031998
2025-07-02,129.031998,129.36000,129.031998,129.091995
2025-07-03,129.091995,129.38000,129.048004,129.18300
2025-07-04,129.23801,129.25301,129.10699,129.10699
2025-07-05,129.10699,129.10699,129.10699,129.10699
2025-07-07,129.10699,129.53999,129.10699,129.36200
2025-07-08,129.36200,129.50999,129.25200,129.39700
2025-07-09,129.39700,129.69000,129.028000,129.039993
2025-07-10,129.044006,129.72301,128.92799,129.51801
2025-07-11,129.51801,129.73500,129.50101,129.50101
2025-07-12,129.50101,129.50101,129.50101,129.50101
2025-07-14,129.50101,129.81000,129.17300,129.54201
2025-07-15,129.30901,129.85400,129.19299,129.61099
2025-07-16,129.85400,130.13000,129.49100,130.13000
2025-07-17,129.91200,130.24001,129.62300,129.65100
2025-07-18,129.65100,130.23000,129.32600,129.52299
2025-07-19,129.52299,129.52299,129.52299,129.52299
2025-07-21,129.51500,130.020004,129.51500,129.71500
2025-07-22,129.71500,129.81000,129.48399,129.48399
2025-07-23,129.48399,129.66000,129.36301,129.36301
2025-07-24,129.36301,129.36301,129.17999,129.17999
2025-07-25,129.17999,129.39000,129.16200,129.22000
2025-07-26,129.22000,129.22000,129.22000,129.22000
2025-07-28,129.22000,129.74899,129.22000,129.61900
2025-07-29,129.61900,130.33299,129.61900,130.12801
2025-07-30,130.12801,130.59900,129.98900,130.39301
2025-07-31,130.39301,130.77499,130.39301,130.65401
2025-08-01,130.65401,130.74100,130.65401,130.74001
2025-08-02,130.74001,130.74001,130.74001,130.74001
2025-08-04,130.74001,130.74001,129.88499,129.88499
2025-08-05,129.88499,130.28999,129.88499,130.076004
2025-08-06,130.076004,130.095993,129.83299,129.83299
2025-08-07,130.033997,130.035004,129.47400,129.52100
2025-08-08,129.52000,129.83000,129.52000,129.63600
2025-08-09,129.63600,129.63600,129.63600,129.63600
2025-08-11,129.63600,129.89400,129.21700,129.37601
2025-08-12,129.38800,129.96001,129.048996,129.14500
2025-08-13,129.60100,129.80499,128.89500,129.48801
2025-08-14,129.28300,129.69000,129.020004,129.20399
2025-08-15,129.20399,129.69000,128.93300,129.39301
2025-08-16,129.0050049,129.0050049,129.0050049,129.0050049
2025-08-18,129.39301,129.67300,129.054993,129.17500
2025-08-19,129.17500,129.72000,129.039001,129.24200
2025-08-20,129.24200,129.85001,129.13600,129.24899
2025-08-21,129.23700,129.84000,129.19200,129.42500
2025-08-22,129.42500,129.85001,128.90700,129.82100
2025-08-23,129.0099945,129.0099945,129.0099945,129.0099945
2025-08-25,129.0099945,129.82100,128.99001,129.40500
2025-08-26,129.40500,129.95000,129,129.57800
2025-08-27,129.57800,130.031998,129.24600,129.29800
2025-08-28,129.29800,129.82700,129.0079956,129.45700
2025-08-29,129.063995,129.87000,128.96600,129.057999
2025-08-30,129.057999,129.057999,129.057999,129.057999
2025-09-01,129.47501,129.48199,128.87199,128.95399
2025-09-02,129.30701,129.85001,128.91800,129.84000
2025-09-03,129.63600,129.86400,129.12100,129.20100
2025-09-04,129.60201,129.91000,129.17300,129.23500
2025-09-05,129.23100,129.83000,128.79401,128.96001
2025-09-06,128.96001,128.96001,128.96001,128.96001
2025-09-08,128.96001,129.80499,128.89999,128.96100
2025-09-09,128.96100,129.46300,128.89101,129.14101
2025-09-10,129.13699,129.62000,129.085999,129.23399
2025-09-11,129.23399,129.64000,129.022995,129.059006
2025-09-12,129.054993,129.64999,129.039993,129.074997
2025-09-13,129.078995,129.078995,129.078995,129.078995
2025-09-15,129.078995,129.46001,128.89600,129.33600
2025-09-16,129.33600,129.33600,128.45200,128.49800
2025-09-17,128.49400,128.67799,128.47501,128.59000
2025-09-18,128.59000,129.21500,128.078995,128.83900
2025-09-19,128.83900,129.084000,128.81900,129.0079956
2025-09-20,129.0079956,129.0079956,129.0079956,129.0079956
2025-09-22,129.0079956,129.35001,128.51100,128.79500
2025-09-23,128.78700,128.91901,128.72400,128.74500
2025-09-24,128.74500,129.25,128.69901,129.24899
2025-09-25,129.24899,129.63901,128.61400,129.43100
2025-09-26,129.43100,129.56000,129.12000,129.50800
2025-09-27,129.50800,129.50800,128.41901,128.41901
2025-09-29,128.41901,129.53999,128.41901,129.23199
2025-09-30,129.14999,129.46001,128.99001,129.10699
2025-10-01,129.10300,129.44701,128.92500,129.098007
2025-10-02,129.24300,129.53999,128.98199,129.16701
2025-10-03,129.17500,129.42000,129.0079956,129.076004
2025-10-04,129.074997,129.074997,128.46400,128.46400
2025-10-06,128.46400,129.78999,128.46400,129.39799
2025-10-07,129.39700,129.81200,129.32201,129.60699
2025-10-08,129.60699,130.037994,129.49699,130.011002
2025-10-09,130.011002,130.10899,129.63699,129.91200
2025-10-10,129.91200,130.22400,129.65199,129.70700
2025-10-11,129.70700,130.22099,129.64400,129.67900
2025-10-13,128.97301,130.22900,128.97301,130.018997
2025-10-14,130.018997,130.34000,129.70300,129.74400
2025-10-15,129.74300,130.20500,129.56599,129.66701
2025-10-16,129.66600,129.92000,129.42999,129.56599
2025-10-17,129.77000,129.92000,129.29401,129.72400
2025-10-18,129.72301,129.73700,128.44299,128.44299
2025-10-20,128.43700,129.86400,128.43700,129.86000
2025-10-21,129.86400,130.054993,129.71700,129.81400
2025-10-22,129.81300,130.17000,129.68500,129.81599
2025-10-23,129.81700,130.17000,129.70300,129.81700
2025-10-24,129.83900,130.11000,129.65199,129.71700
2025-10-25,129.71700,129.76500,129.43401,129.43401
2025-10-27,129.43401,130.070007,129.43401,129.74400
2025-10-28,129.75200,129.91000,129.56400,129.64101
2025-10-29,129.64200,130.0099945,128.65800,128.65800
2025-10-30,128.65800,130.11000,128.65800,129.64000
2025-10-31,129.64000,129.64000,129.64000,129.64000
2025-11-03,129.64000,130.53000,129.63901,130.035995
2025-11-04,130.035995,130.54900,129.98000,130.34200
2025-11-05,130.34100,130.71001,130.12000,130.67500
2025-11-06,130.46899,130.67500,129.89799,130.20300
2025-11-07,129.92799,130.43800,129.73801,130.39101
2025-11-08,129.86700,130.39000,129.83501,130.39000
2025-11-10,129.83900,130.28799,129.75700,129.84599
2025-11-11,129.84599,130.32001,129.67300,129.76199
2025-11-12,130.18900,130.18900,129.71201,130.098999
2025-11-13,130.098999,130.27000,129.44901,129.85600
2025-11-14,129.52901,129.86200,129.47301,129.86200
2025-11-15,129.61700,130.14999,129.59200,129.60500
2025-11-17,129.60500,130.17700,129.60500,130.17700
2025-11-18,129.75700,130.17999,129.66499,129.76199
2025-11-19,129.76199,130.32899,129.74001,130.32899
2025-11-20,130.029007,130.55299,129.91901,129.99899
2025-11-21,129.99899,130.60001,129.94099,130.10001
2025-11-22,130.10001,130.11700,130.072006,130.10699
2025-11-24,130.31300,131.01941,129.96201,130.61346
2025-11-25,130.6138,131.19702,130.30108,130.54875
2025-11-26,130.53904,130.87431,130.2626,130.48058
2025-11-27,130.48466,130.81413,130.17613,130.39082
2025-11-28,130.39519,130.66016,130.26132,130.38412
2025-11-29,130.38455,130.49387,130.22945,130.41031
2025-12-01,130.64554,130.74865,129.95629,130.19884
2025-12-02,130.1925,130.48888,129.98968,130.20437
2025-12-03,130.20159,130.4702,129.84681,130.10087
2025-12-04,130.09805,130.31785,129.41000,130.14173
2025-12-05,130.14142,130.37956,129.91778,130.06502
2025-12-06,130.06295,130.24758,129.96534,130.07092
2025-12-08,129.82042,130.30017,129.63894,130.07402
2025-12-09,130.0715,130.32391,129.93217,130.18029
2025-12-10,130.17825,130.36108,130.00408,130.01831
2025-12-11,130.01574,130.11368,129.75862,129.79269
2025-12-12,129.79092,129.83659,129.70118,129.76231
2025-12-13,129.76168,129.77412,129.71418,129.76187
2025-12-15,129.48668,129.82756,129.06511,129.64183
2025-12-16,129.63859,130.04416,129.44555,129.46006
2025-12-17,129.45758,129.49998,129.43816,129.46141
2025-12-18,129.45725,129.79464,129.43824,129.70407
2025-12-19,129.69821,129.77948,129.67063,129.74942
2025-12-20,129.7459,129.77657,129.72809,129.74698
2025-12-22,129.43596,129.95684,129.36866,129.71647
2025-12-23,129.71512,129.74289,129.58941,129.63866
2025-12-24,129.63365,129.69178,129.5288,129.59678
2025-12-25,129.59321,129.64484,129.50649,129.60288
2025-12-26,129.60601,129.65437,129.34631,129.52006
2025-12-27,129.51686,129.53949,129.50867,129.52064
2025-12-29,129.24257,129.80357,129.23603,129.51019
2025-12-30,129.50961,129.56133,129.48381,129.52472
2025-12-31,129.52454,129.87306,129.40337,129.6296
2026-01-01,129.56735,129.76634,129.34877,129.52056
2026-01-02,129.51294,129.88006,129.33701,129.70756
2026-01-03,129.70707,129.74862,129.68651,129.72593
2026-01-05,129.44726,130.28863,129.33117,129.8877
2026-01-06,129.88583,130.1366,129.5351,129.85747
2026-01-07,129.85858,130.11414,129.66063,129.86186
2026-01-08,129.85649,130.22733,129.63647,130.11416
2026-01-09,130.11605,130.34262,129.8104,130.09945
2026-01-10,130.09466,130.35177,129.92276,130.2545
2026-01-11,130.25389,130.25957,129.72082,129.74512
2026-01-12,129.7456,130.68965,129.59974,129.9683
2026-01-13,129.96713,130.30056,129.74696,130.04246
2026-01-14,130.04167,130.38464,129.82556,130.02438
2026-01-15,130.02441,130.5949,129.70817,130.26945
2026-01-16,130.26946,130.79135,129.91645,130.34061
2026-01-17,130.34073,130.5009,130.06623,130.36286
2026-01-18,130.36306,130.49076,129.91727,129.97339
2026-01-19,129.98193,130.47612,129.70581,130.12359
2026-01-20,130.12373,130.31266,129.5543,129.79857
2026-01-21,129.80508,130.06456,129.55781,129.91383
2026-01-22,129.91781,130.20017,129.52081,129.72585
2026-01-23,129.72968,129.9457,129.30473,129.5014
2026-01-24,129.50922,129.81342,129.26482,129.7337
2026-01-25,129.7346,129.90077,129.5786,129.63791
2026-01-26,129.63658,129.85848,129.05593,129.23112
2026-01-27,129.23287,129.69533,128.71624,129.30139
2026-01-28,129.2833,129.75318,128.40935,129.23048
2026-01-29,129.22786,129.59679,129.03775,129.10041
2026-01-30,129.10713,129.89745,129.09983,129.62875
2026-01-31,129.62901,129.95169,129.43002,129.6342
2026-02-01,129.63437,130.12761,129.20859,129.49681
2026-02-02,129.49615,130.32351,129.11836,130.03157
2026-02-03,130.0277,130.19315,129.70386,129.91057
2026-02-04,129.91737,130.10275,129.6419,129.79898
2026-02-05,129.79913,130.27336,129.68896,130.02683
2026-02-06,130.02758,130.25325,129.78631,129.95545
2026-02-07,129.95479,130.11049,129.73847,130.03224
2026-02-08,130.03213,130.08963,130.03037,130.07939
2026-02-09,129.25999,129.64000,128.79201,129.51881
2026-02-10,129.51563,129.75439,129.24386,129.47171
2026-02-11,129.47133,129.89161,129.17601,129.5968
2026-02-12,129.59535,129.81831,129.39775,129.64908
2026-02-13,129.64592,129.88436,129.29989,129.6381
2026-02-14,129.63652,129.86778,129.52092,129.77088
2026-02-15,129.76921,129.89768,129.28402,129.56977
2026-02-16,129.56768,129.89833,129.37486,129.75333
2026-02-17,129.75123,130.05812,129.56527,129.79616
2026-02-18,129.79431,130.12947,129.58033,130.06799
2026-02-19,130.0639,130.24446,129.76354,130.06419
2026-02-20,130.06178,130.3472,129.86536,130.15141
2026-02-21,130.14849,130.23387,129.89126,130.07164
2026-02-22,130.06951,130.31373,129.22837,129.24775
2026-02-23,129.24479,130.35051,129.1816,130.09382
2026-02-24,130.09146,130.30653,129.81727,129.98313
2026-02-25,129.97892,130.25337,129.75792,129.97664
2026-02-26,129.97472,130.19765,129.7682,129.92088
2026-02-27,129.91896,130.16181,129.73888,129.94832
2026-02-28,129.95311,130.1904,129.74945,130.01871
2026-03-01,130.01588,130.26017,129.60402,129.83504
2026-03-02,129.83212,130.61903,129.62602,130.38568
2026-03-03,130.38284,131.19716,130.30617,130.90806
2026-03-04,130.90621,131.41107,130.56904,130.71642
2026-03-05,130.71421,131.09579,130.53698,130.98512
2026-03-06,130.98286,131.69577,130.68445,131.38969
2026-03-07,131.38733,131.52615,131.12195,131.42929
2026-03-08,131.4275,131.56124,129.26557,129.97617
2026-03-09,129.90236,132.12108,129.22153,131.56741
2026-03-10,131.56571,131.83291,131.23184,131.57809
2026-03-11,131.57574,131.79174,131.30055,131.58852
2026-03-12,131.58646,132.32633,131.42846,132.19642
2026-03-13,132.19322,132.80397,131.79274,132.63943
2026-03-14,132.63978,133.36158,132.47474,132.87275
2026-03-15,132.87264,132.9606,129.14082,130.06979
2026-03-16,130.06687,133.82957,129.23576,132.31863
2026-03-17,132.31809,132.53498,132.01313,132.10979
2026-03-18,132.11083,132.62382,131.96774,132.57386
2026-03-19,132.57506,132.83509,132.0207,132.2811
2026-03-20,132.2801,132.7173,131.88903,132.17365
2026-03-21,132.17157,132.71232,131.56209,132.31865
2026-03-22,132.31643,132.59168,129.08707,130.19286
2026-03-23,130.08438,132.87866,129.08165,132.46046
2026-03-24,132.45819,132.79609,132.32207,132.67777
2026-03-25,132.67553,133.19925,132.32155,132.74664
2026-03-26,132.74443,133.33143,132.49481,133.09939
2026-03-27,133.09976,133.30574,132.86871,133.14827
2026-03-28,133.14692,133.31002,132.97296,133.23049
2026-03-29,133.22886,133.31298,129.14282,129.95213
2026-03-30,129.9509,133.58734,129.05358,133.40001
2026-03-31,133.39983,133.58027,132.94345,133.02384
2026-04-01,133.02141,133.72635,132.53053,132.88767
2026-04-02,132.88845,133.31993,132.64988,133.0307
2026-04-03,133.02718,133.39397,132.87298,133.13659
2026-04-04,133.13252,133.34707,132.89237,133.31745
2026-04-05,133.31469,133.32942,132.88341,133.0063
2026-04-06,133.00332,133.46427,132.81513,133.02229
2026-04-07,133.01984,133.23083,132.75798,132.84198
2026-04-08,132.84147,132.93326,132.21985,132.51545
2026-04-09,132.52183,132.7942,132.11312,132.35159
2026-04-10,132.345,132.57956,132.11507,132.22241
2026-04-11,132.21798,132.38623,132.17081,132.31748
2026-04-12,132.31552,132.5361,131.67884,132.26314
2026-04-13,132.25681,132.55327,131.87513,132.21145
2026-04-14,132.18525,132.73941,132.01548,132.21009
2026-04-15,132.20483,132.44262,131.91578,132.14501
2026-04-16,132.12889,132.38069,131.97208,132.20056
2026-04-17,132.1847,132.42561,131.9373,132.29847
2026-04-18,132.29206,132.47228,132.11625,132.35005
2026-04-19,132.34911,133.06866,131.89676,132.77611
2026-04-20,132.78264,132.98728,131.95847,132.22714
2026-04-21,132.22762,132.51488,132.04112,132.28409
2026-04-22,132.28258,132.76428,132.07084,132.58937
2026-04-23,132.59603,132.81046,132.31409,132.58808
2026-04-24,132.59237,132.88744,132.22593,132.61459
2026-04-25,132.61322,132.72551,132.39368,132.7203
2026-04-26,132.71975,132.95361,132.17873,132.61532
2026-04-27,132.615,132.86653,132.06073,132.45361
2026-04-28,132.45333,132.80302,132.27029,132.47305
2026-04-29,132.47375,132.93117,132.31146,132.61983
2026-04-30,132.61693,133.03944,132.29919,132.46533
2026-05-01,132.50702,132.96908,132.27227,132.48113
2026-05-02,132.57022,132.69331,132.36859,132.52061
2026-05-03,132.52128,132.74383,132.29383,132.34004
2026-05-04,132.33289,132.77258,132.27719,132.46026
2026-05-05,132.49765,132.73911,132.33206,132.58919
2026-05-06,132.57833,132.66745,132.12895,132.29818
2026-05-07,132.27367,132.48017,132.06248,132.15458
2026-05-08,132.16123,132.6166,132.04314,132.17107
2026-05-09,132.19188,132.76929,131.98516,132.56048
2026-05-10,132.56104,132.71476,131.70777,132.00575
2026-05-11,132.00572,132.4238,131.76171,132.19405
2026-05-12,132.22492,132.50113,132.08379,132.36246
2026-05-13,132.3587,132.60917,132.19658,132.45538
2026-05-14,132.45424,132.77779,132.26914,132.53072
2026-05-15,132.54206,132.97591,132.16755,132.64645
2026-05-16,132.62382,132.90143,132.2817,132.2817
2026-05-17,132.28151,132.77101,132.23473,132.66014
2026-05-18,132.63977,133.06202,132.21882,132.72559
2026-05-19,132.73331,133.32489,132.55033,132.95249
2026-05-20,132.94895,133.28116,132.39251,132.80611
2026-05-21,132.79509,133.02654,132.45778,132.72719
2026-05-22,132.75876,133.04769,132.52921,132.68398
2026-05-23,132.7138,133.30505,132.57653,133.26349
2026-05-24,133.26444,133.6009,132.352,133.11926
2026-05-25,133.04144,133.41405,132.27551,133.16693
2026-05-26,133.12101,133.53183,132.36848,132.87993
2026-05-27,132.8437,133.546,132.33499,132.81758
2026-05-28,132.78129,133.52988,132.45661,132.87216
2026-05-29,132.8233,133.43913,132.43233,132.58129
2026-05-30,132.67091,133.25357,132.41342,133.22065
2026-05-31,133.22151,133.22751,132.46743,132.94437
2026-06-01,132.89794,133.39966,132.33627,133.01722
2026-06-02,133.05992,133.51116,132.40603,133.23568
2026-06-03,133.26369,133.66055,133.15029,133.44484
2026-06-04,133.45022,133.62999,133.1218,133.39775
2026-06-05,133.40705,133.89771,133.12613,133.50334
2026-06-06,133.52905,133.97203,133.15635,133.51372
2026-06-07,133.51432,134.84684,133.18806,133.94114
2026-06-08,134.15661,134.95914,133.04352,133.60643
2026-06-09,133.66513,134.12462,133.46568,133.74461
2026-06-10,133.72259,133.96869,133.44513,133.65182
2026-06-11,133.66854,133.89898,133.20639,133.33883
2026-06-12,133.33011,133.61067,133.10909,133.22801
2026-06-13,133.2284,133.39703,133.14229,133.34586
2026-06-14,133.34466,133.41198,133.04545,133.18102
2026-06-15,133.17909,133.38364,132.83089,132.93907
2026-06-16,132.97864,133.33612,132.79617,132.95947
2026-06-17,132.98256,133.64539,132.81459,133.50824
2026-06-18,133.51854,133.79791,133.25939,133.49299
2026-06-19,133.50369,133.87227,133.07849,133.51177
2026-06-20,133.53624,134.03939,133.16079,133.91995
2026-06-21,133.91873,133.9713,133.18244,133.43479
2026-06-22,133.4273,133.93812,133.08738,133.5927
2026-06-23,133.57402,133.89537,133.34735,133.72492
2026-06-24,133.67666,134.0043,133.30383,133.51177
2026-06-25,133.52015,133.71665,133.29113,133.49428
2026-06-26,133.48305,133.60977,133.16055,133.41212
