datetime,open,high,low,close
2003-12-01,14.94100,14.94100,14.94100,14.94100
2003-12-02,14.92100,14.92100,14.92100,14.92100
2003-12-03,14.93600,14.93600,14.93600,14.93600
2003-12-04,14.95000,14.95000,14.95000,14.95000
2003-12-05,14.93500,14.93500,14.93500,14.93500
2003-12-08,14.94000,14.94000,14.94000,14.94000
2003-12-09,14.94500,14.94500,14.94500,14.94500
2003-12-10,14.94200,14.94200,14.94200,14.94200
2003-12-11,14.96500,14.96500,14.96500,14.96500
2003-12-12,14.97200,14.97200,14.97200,14.97200
2003-12-15,14.96700,14.96700,14.96700,14.96700
2003-12-16,14.99300,14.99300,14.99300,14.99300
2003-12-17,15.013000,15.013000,15.013000,15.013000
2003-12-18,14.99900,14.99900,14.99900,14.99900
2003-12-19,14.97000,14.97000,14.97000,14.97000
2003-12-22,14.98500,14.98500,14.98500,14.98500
2003-12-23,14.98800,14.98800,14.98800,14.98800
2003-12-29,15.030000,15.030000,15.030000,15.030000
2003-12-30,15.030000,15.030000,15.030000,15.030000
2003-12-31,14.88500,14.88500,14.88500,14.88500
2004-01-02,15.035000,15.035000,15.032000,15.032000
2004-01-05,15.034000,15.034000,15.034000,15.034000
2004-01-06,15.031000,15.031000,15.031000,15.031000
2004-01-07,15.038000,15.038000,15.038000,15.038000
2004-01-08,15.023000,15.023000,15.023000,15.023000
2004-01-09,15.060000,15.060000,15.060000,15.060000
2004-01-12,15.054000,15.054000,15.054000,15.054000
2004-01-13,15.051000,15.051000,15.051000,15.051000
2004-01-14,15.049000,15.049000,15.049000,15.049000
2004-01-15,15.049000,15.049000,15.049000,15.049000
2004-01-16,15.073000,15.073000,15.073000,15.073000
2004-01-19,15.030000,15.030000,15.030000,15.030000
2004-01-20,15.050000,15.050000,15.050000,15.050000
2004-01-21,15.061000,15.066000,15.061000,15.066000
2004-01-22,15.085000,15.085000,15.085000,15.085000
2004-01-23,15.10500,15.10500,15.10500,15.10500
2004-01-26,15.087000,15.087000,15.087000,15.087000
2004-01-27,15.077000,15.077000,15.077000,15.077000
2004-01-28,15.11800,15.11800,15.11800,15.11800
2004-01-29,15.11500,15.11500,15.11500,15.11500
2004-01-30,15.091000,15.091000,15.091000,15.091000
2004-02-02,15.088000,15.088000,15.088000,15.088000
2004-02-03,15.12200,15.12200,15.12200,15.12200
2004-02-04,15.12200,15.12200,15.12200,15.12200
2004-02-05,15.11500,15.11500,15.11500,15.11500
2004-02-06,15.11900,15.11900,15.11900,15.11900
2004-02-09,15.125,15.19300,15.125,15.19300
2004-02-10,15.12900,15.12900,15.12900,15.12900
2004-02-11,15.12400,15.12400,15.12400,15.12400
2004-02-12,15.14500,15.14500,15.14500,15.14500
2004-02-13,15.14600,15.14600,15.14600,15.14600
2004-02-16,15.14700,15.14700,15.14700,15.14700
2004-02-17,15.15200,15.15200,15.15200,15.15200
2004-02-18,15.15700,15.15700,15.15700,15.15700
2004-02-19,15.14500,15.14500,15.14500,15.14500
2004-02-20,15.15600,15.15600,15.15600,15.15600
2004-02-23,15.16000,15.16000,15.16000,15.16000
2004-02-24,15.15700,15.15700,15.15700,15.15700
2004-02-25,15.17900,15.17900,15.17900,15.17900
2004-02-26,15.15200,15.15200,15.15200,15.15200
2004-02-27,15.15100,15.15100,15.15100,15.15100
2004-03-01,15.16100,15.16100,15.16100,15.16100
2004-03-02,15.17600,15.17600,15.17600,15.17600
2004-03-03,15.18900,15.18900,15.18900,15.18900
2004-03-04,15.18000,15.18000,15.18000,15.18000
2004-03-05,15.16100,15.16100,15.16100,15.16100
2004-03-08,15.18600,15.18600,15.18600,15.18600
2004-03-09,15.18000,15.18000,15.18000,15.18000
2004-03-10,15.18000,15.18000,15.16600,15.16600
2004-03-11,15.17000,15.17000,15.17000,15.17000
2004-03-12,15.19900,15.19900,15.19900,15.19900
2004-03-15,15.19900,15.19900,15.19900,15.19900
2004-03-16,15.18800,15.18800,15.18800,15.18800
2004-03-17,15.19000,15.19000,15.19000,15.19000
2004-03-18,15.22200,15.22200,15.22200,15.22200
2004-03-19,15.21800,15.21800,15.21800,15.21800
2004-03-22,15.21200,15.21200,15.21200,15.21200
2004-03-23,15.21000,15.21000,15.21000,15.21000
2004-03-24,15.22100,15.22100,15.22100,15.22100
2004-03-25,15.20200,15.20200,15.20200,15.20200
2004-03-26,15.20900,15.20900,15.20900,15.20900
2004-03-29,15.22900,15.22900,15.22900,15.22900
2004-03-30,15.23100,15.23100,15.23100,15.23100
2004-03-31,15.21600,15.21600,15.21600,15.21600
2004-04-01,15.24800,15.24800,15.24800,15.24800
2004-04-02,15.24200,15.24200,15.24200,15.24200
2004-04-05,15.24000,15.24000,15.24000,15.24000
2004-04-06,15.23600,15.23600,15.23600,15.23600
2004-04-07,15.22200,15.22200,15.22200,15.22200
2004-04-08,15.24100,15.24100,15.24100,15.24100
2004-04-13,15.22800,15.22800,15.22800,15.22800
2004-04-14,15.23300,15.23300,15.23300,15.23300
2004-04-15,15.23700,15.23700,15.23700,15.23700
2004-04-16,15.23100,15.23100,15.23100,15.23100
2004-04-19,15.23700,15.23700,15.23700,15.23700
2004-04-20,15.23100,15.24000,15.23100,15.24000
2004-04-21,15.23200,15.23200,15.23200,15.23200
2004-04-22,15.23100,15.23100,15.23100,15.23100
2004-04-23,15.25100,15.25100,15.25100,15.25100
2004-04-26,15.25200,15.25200,15.25200,15.25200
2004-04-27,15.26700,15.26700,15.26700,15.26700
2004-04-28,15.24300,15.24300,15.24300,15.24300
2004-04-29,15.24600,15.24600,15.24600,15.24600
2004-04-30,15.26000,15.26000,15.21300,15.21300
2004-05-03,15.26600,15.26600,15.26600,15.26600
2004-05-04,15.26600,15.26600,15.26600,15.26600
2004-05-05,15.27500,15.27500,15.27500,15.27500
2004-05-06,15.31000,15.31000,15.31000,15.31000
2004-05-07,15.28400,15.28400,15.28400,15.28400
2004-05-10,15.30100,15.30100,15.30100,15.30100
2004-05-11,15.29900,15.29900,15.29900,15.29900
2004-05-12,15.30500,15.30500,15.30500,15.30500
2004-05-13,15.30100,15.30100,15.30100,15.30100
2004-05-14,15.31300,15.31300,15.31300,15.31300
2004-05-17,15.33300,15.33300,15.33300,15.33300
2004-05-18,15.32300,15.32300,15.32300,15.32300
2004-05-19,15.33600,15.33600,15.33600,15.33600
2004-05-21,15.33100,15.34300,15.33100,15.34300
2004-05-24,15.34100,15.34100,15.34100,15.34100
2004-05-25,15.34600,15.34600,15.34600,15.34600
2004-05-26,15.34700,15.34700,15.34700,15.34700
2004-05-27,15.35400,15.35400,15.35400,15.35400
2004-05-28,15.36100,15.36100,15.36100,15.36100
2004-06-01,15.36000,15.36000,15.36000,15.36000
2004-06-02,15.36400,15.36400,15.36400,15.36400
2004-06-03,15.35700,15.35700,15.35700,15.35700
2004-06-04,15.36500,15.36500,15.36500,15.36500
2004-06-07,15.37300,15.37300,15.37300,15.37300
2004-06-08,15.36500,15.42500,15.36500,15.42500
2004-06-09,15.36400,15.38700,15.36400,15.38700
2004-06-10,15.37800,15.38600,15.37800,15.38600
2004-06-11,15.42700,15.42700,15.35500,15.35500
2004-06-14,15.39900,15.39900,15.38000,15.38000
2004-06-15,15.30800,15.38100,15.30800,15.38100
2004-06-16,15.38400,15.38400,15.38400,15.38400
2004-06-17,15.38400,15.38400,15.38400,15.38400
2004-06-18,15.46500,15.46500,15.38900,15.38900
2004-06-21,15.25400,15.40100,15.25400,15.40100
2004-06-22,15.39300,15.39300,15.39300,15.39300
2004-06-23,15.32400,15.39500,15.30100,15.39500
2004-06-24,15.41200,15.41200,15.39300,15.39300
2004-06-25,15.38700,15.38700,15.38700,15.38700
2004-06-28,15.35900,15.39400,15.35900,15.39400
2004-06-29,15.38500,15.39400,15.38500,15.39400
2004-06-30,15.48400,15.48400,15.39900,15.39900
2004-07-01,15.41700,15.41700,15.41700,15.41700
2004-07-02,15.39600,15.39600,15.39600,15.39600
2004-07-05,15.18700,15.41700,15.18700,15.41700
2004-07-06,15.42300,15.42300,15.42300,15.42300
2004-07-07,15.38800,15.42300,15.38800,15.42300
2004-07-08,15.41400,15.41400,15.41400,15.41400
2004-07-09,15.35200,15.42900,15.35200,15.42900
2004-07-12,15.43300,15.44200,15.43300,15.44200
2004-07-13,15.43600,15.43600,15.43600,15.43600
2004-07-14,15.43500,15.43500,15.43500,15.43500
2004-07-15,15.43100,15.46500,15.41000,15.46500
2004-07-16,15.43400,15.43400,15.43400,15.43400
2004-07-19,15.44600,15.44600,15.44600,15.44600
2004-07-20,15.46100,15.46100,15.46100,15.46100
2004-07-21,15.44000,15.44000,15.44000,15.44000
2004-07-22,15.43900,15.43900,15.43900,15.43900
2004-07-23,15.43100,15.43100,15.43100,15.43100
2004-07-26,15.5,15.5,15.44300,15.44300
2004-07-27,15.43500,15.43500,15.43500,15.43500
2004-07-28,15.56800,15.56800,15.40400,15.40400
2004-07-29,15.45400,15.45400,15.45400,15.45400
2004-07-30,15.45800,15.45800,15.45800,15.45800
2004-08-02,15.46700,15.46700,15.46700,15.46700
2004-08-03,15.44900,15.44900,15.44900,15.44900
2004-08-04,15.46100,15.46100,15.46100,15.46100
2004-08-05,15.47700,15.47700,15.47700,15.47700
2004-08-06,15.44800,15.46600,15.44800,15.46600
2004-08-09,15.48100,15.48100,15.48100,15.48100
2004-08-10,15.48700,15.48700,15.48700,15.48700
2004-08-11,15.5,15.5,15.5,15.5
2004-08-12,15.48700,15.48700,15.48700,15.48700
2004-08-13,15.53200,15.53200,15.49200,15.49200
2004-08-16,15.49700,15.49700,15.49700,15.49700
2004-08-17,15.50700,15.50700,15.50700,15.50700
2004-08-18,15.49900,15.49900,15.49900,15.49900
2004-08-19,15.50100,15.50100,15.50100,15.50100
2004-08-20,15.52100,15.52100,15.52100,15.52100
2004-08-23,15.52400,15.52400,15.52400,15.52400
2004-08-24,15.66900,15.66900,15.51900,15.51900
2004-08-25,15.50400,15.50400,15.50400,15.50400
2004-08-26,15.52500,15.52500,15.52500,15.52500
2004-08-27,15.52400,15.52400,15.52400,15.52400
2004-08-30,15.51900,15.51900,15.51900,15.51900
2004-08-31,15.51300,15.51300,15.51300,15.51300
2004-09-01,15.53100,15.53100,15.53100,15.53100
2004-09-02,15.52900,15.52900,15.52900,15.52900
2004-09-03,15.53500,15.53500,15.53500,15.53500
2004-09-06,15.68600,15.68600,15.53800,15.53800
2004-09-07,15.54200,15.54200,15.52600,15.52600
2004-09-08,15.56800,15.57400,15.53200,15.53200
2004-09-09,15.55500,15.55500,15.55500,15.55500
2004-09-10,15.54700,15.54700,15.54700,15.54700
2004-09-13,15.56400,15.56400,15.56400,15.56400
2004-09-14,15.55500,15.55500,15.55500,15.55500
2004-09-15,15.55200,15.55200,15.55200,15.55200
2004-09-16,15.66300,15.66300,15.54800,15.54800
2004-09-17,15.54700,15.59200,15.54700,15.59200
2004-09-20,15.58100,15.58100,15.58100,15.58100
2004-09-21,15.60100,15.60100,15.60100,15.60100
2004-09-22,15.58900,15.58900,15.58900,15.58900
2004-09-23,15.59700,15.59700,15.59700,15.59700
2004-09-24,15.59400,15.59400,15.59400,15.59400
2004-09-27,15.60900,15.60900,15.60900,15.60900
2004-09-28,15.55900,15.61300,15.55900,15.61300
2004-09-29,15.60300,15.60300,15.60300,15.60300
2004-09-30,15.57600,15.60300,15.57600,15.60300
2004-10-01,15.50500,15.61900,15.50500,15.61900
2004-10-04,15.65300,15.65300,15.65300,15.65300
2004-10-05,15.63200,15.63200,15.63200,15.63200
2004-10-06,15.58700,15.63800,15.58700,15.63800
2004-10-07,15.64900,15.64900,15.64900,15.64900
2004-10-08,15.63900,15.63900,15.63900,15.63900
2004-10-11,15.65400,15.65400,15.65400,15.65400
2004-10-12,15.64100,15.64100,15.62600,15.62600
2004-10-13,15.63300,15.64900,15.63300,15.64900
2004-10-14,15.66400,15.66400,15.66400,15.66400
2004-10-15,15.66600,15.66600,15.66600,15.66600
2004-10-18,15.67500,15.67500,15.67500,15.67500
2004-10-19,15.67000,15.67000,15.67000,15.67000
2004-10-20,15.66800,15.66800,15.66800,15.66800
2004-10-21,15.67700,15.67700,15.67700,15.67700
2004-10-22,15.67500,15.68000,15.67500,15.68000
2004-10-25,15.68700,15.68700,15.68700,15.68700
2004-10-26,15.68000,15.68300,15.68000,15.68300
2004-10-27,15.69300,15.69300,15.69300,15.69300
2004-10-28,16.090000,16.090000,16.090000,16.090000
2004-10-29,15.70900,15.70900,15.61700,15.69400
2004-11-01,15.65400,15.69900,15.65400,15.69900
2004-11-02,15.70800,15.71300,15.70800,15.71300
2004-11-03,15.73600,15.74000,15.70600,15.70600
2004-11-04,15.71300,15.71300,15.71300,15.71300
2004-11-05,15.73900,15.73900,15.73900,15.73900
2004-11-08,14.75,14.75,14.75,14.75
2004-11-09,15.73700,15.73700,15.73700,15.73700
2004-11-10,15.73500,15.73500,15.73500,15.73500
2004-11-11,15.74200,15.74200,15.74200,15.74200
2004-11-12,15.74200,15.74200,15.74200,15.74200
2004-11-15,15.74700,15.74700,15.74700,15.74700
2004-11-16,15.75600,15.75600,15.71900,15.71900
2004-11-17,15.75100,15.75100,15.75100,15.75100
2004-11-18,15.75700,15.76800,15.75700,15.76800
2004-11-19,15.76200,15.76200,15.76200,15.76200
2004-11-22,15.74400,15.74400,15.74400,15.74400
2004-11-23,15.76000,15.76000,15.76000,15.76000
2004-11-24,15.76500,15.76500,15.76500,15.76500
2004-11-25,15.73300,15.77300,15.73300,15.77300
2004-11-26,15.68900,15.77100,15.68900,15.77100
2004-11-29,15.77300,15.77300,15.77300,15.77300
2004-11-30,15.76700,15.78300,15.76700,15.78300
2004-12-01,15.78900,15.78900,15.78900,15.78900
2004-12-02,15.78000,15.78000,15.78000,15.78000
2004-12-03,15.78200,15.78200,15.78200,15.78200
2004-12-06,15.60400,15.79300,15.60400,15.79300
2004-12-07,15.80200,15.80200,15.80200,15.80200
2004-12-08,15.79500,15.79500,15.79500,15.79500
2004-12-09,15.84500,15.84500,15.79400,15.79400
2004-12-10,15.77100,15.77100,15.77100,15.77100
2004-12-13,15.79300,15.79300,15.79300,15.79300
2004-12-14,15.80200,15.80200,15.80200,15.80200
2004-12-15,15.81000,15.81000,15.72700,15.72700
2004-12-16,15.78000,15.78000,15.78000,15.78000
2004-12-17,15.90300,15.90300,15.90300,15.90300
2004-12-20,15.85500,15.85500,15.85500,15.85500
2004-12-21,15.80100,15.80100,15.80100,15.80100
2004-12-22,15.85500,15.85500,15.76000,15.76000
2004-12-23,15.79300,15.79300,15.79300,15.79300
2004-12-24,16.17000,16.17000,16.17000,16.17000
2004-12-27,15.81800,15.81800,15.81800,15.81800
2004-12-28,15.81500,15.81500,15.81500,15.81500
2004-12-29,15.81000,15.81000,15.81000,15.81000
2004-12-30,15.82900,15.82900,15.82900,15.82900
2004-12-31,15.79200,15.80500,15.79200,15.80500
2005-01-03,15.94900,15.94900,15.81800,15.81800
2005-01-04,15.85300,15.86200,15.83300,15.83300
2005-01-05,15.94900,15.94900,15.81600,15.81600
2005-01-06,15.83200,15.83200,15.82600,15.82600
2005-01-07,15.82000,16.0079994,15.82000,16.0079994
2005-01-10,15.53100,15.53100,15.53100,15.53100
2005-01-11,15.52800,15.52800,15.52800,15.52800
2005-01-12,15.52200,15.52200,15.52200,15.52200
2005-01-13,15.53100,15.53100,15.53100,15.53100
2005-01-14,15.67300,15.67300,15.52200,15.52200
2005-01-17,15.52700,15.52700,15.49000,15.49000
2005-01-18,15.49400,15.49400,15.49400,15.49400
2005-01-19,15.53300,15.53300,15.48700,15.48700
2005-01-20,15.48700,15.48700,15.48700,15.48700
2005-01-21,15.50500,15.50500,15.50500,15.50500
2005-01-24,15.50200,15.50200,15.50200,15.50200
2005-01-25,15.49500,15.49500,15.49500,15.49500
2005-01-26,15.57300,15.57300,15.48600,15.48600
2005-01-27,15.49400,15.49400,15.49400,15.49400
2005-01-28,15.52200,15.52200,15.49200,15.49200
2005-01-31,15.50400,15.50400,15.49200,15.49200
2005-02-01,15.49000,15.49000,15.49000,15.49000
2005-02-02,15.43500,15.49800,15.43500,15.49800
2005-02-03,15.50800,15.50800,15.50800,15.50800
2005-02-04,15.56300,15.56300,15.48900,15.48900
2005-02-07,15.48400,15.48400,15.48400,15.48400
2005-02-08,15.60200,15.60200,15.47700,15.47700
2005-02-09,15.49100,15.49100,15.49100,15.49100
2005-02-10,15.49000,15.49000,15.49000,15.49000
2005-02-11,15.50200,15.50200,15.50200,15.50200
2005-02-14,15.52000,15.52000,15.52000,15.52000
2005-02-15,15.51200,15.51200,15.51200,15.51200
2005-02-16,15.45200,15.53200,15.45200,15.53200
2005-02-17,15.53800,15.53800,15.53800,15.53800
2005-02-18,15.54200,15.54200,15.49100,15.49100
2005-02-21,15.54100,15.54100,15.54100,15.54100
2005-02-22,15.55000,15.55000,15.55000,15.55000
2005-02-23,15.54900,15.54900,15.54900,15.54900
2005-02-24,15.55200,15.56300,15.55200,15.56300
2005-02-25,15.62000,15.62000,15.55900,15.55900
2005-02-28,15.54900,15.54900,15.54900,15.54900
2005-03-01,15.62400,15.62400,15.56400,15.56400
2005-03-02,15.55200,15.55200,15.55200,15.55200
2005-03-03,15.53900,15.54500,15.53900,15.54500
2005-03-04,15.59900,15.59900,15.40100,15.40100
2005-03-07,15.55300,15.55300,15.55300,15.55300
2005-03-08,15.56500,15.56500,15.56500,15.56500
2005-03-09,15.58500,15.58500,15.58500,15.58500
2005-03-10,15.52200,15.56600,15.52200,15.56600
2005-03-11,15.56100,15.56900,15.56100,15.56900
2005-03-14,15.56100,15.56100,15.55700,15.55700
2005-03-15,15.58500,15.58500,15.58500,15.58500
2005-03-16,15.57300,15.57300,15.57300,15.57300
2005-03-17,15.58600,15.58600,15.58600,15.58600
2005-03-18,15.57800,15.57800,15.57800,15.57800
2005-03-21,15.64500,15.64500,15.56700,15.56700
2005-03-22,15.56700,15.56700,15.56700,15.56700
2005-03-23,15.70000,15.70000,15.57100,15.57100
2005-03-24,15.54700,15.54700,15.54700,15.54700
2005-03-28,16.27000,16.27000,16.27000,16.27000
2005-03-29,15.57400,15.57400,15.57400,15.57400
2005-03-30,15.57900,15.57900,15.57900,15.57900
2005-03-31,15.60800,15.60800,15.57400,15.57400
2005-04-01,15.57500,15.57500,15.57500,15.57500
2005-04-04,15.57200,15.57200,15.57200,15.57200
2005-04-05,15.57000,15.57000,15.57000,15.57000
2005-04-06,15.49200,15.57500,15.49200,15.57500
2005-04-07,15.58200,15.58200,15.58200,15.58200
2005-04-08,15.56500,15.56500,15.56500,15.56500
2005-04-11,15.47700,15.57900,15.47700,15.57900
2005-04-12,15.59000,15.59000,15.59000,15.59000
2005-04-13,15.57700,15.57700,15.57700,15.57700
2005-04-14,15.57300,15.57300,15.57300,15.57300
2005-04-15,15.59900,15.59900,15.59900,15.59900
2005-04-18,15.52700,15.61600,15.52700,15.61600
2005-04-19,15.56000,15.59600,15.56000,15.59600
2005-04-20,15.62100,15.62100,15.55100,15.55100
2005-04-21,15.61300,15.61300,15.61300,15.61300
2005-04-22,15.68000,15.68000,15.60900,15.60900
2005-04-25,15.61000,15.61000,15.61000,15.61000
2005-04-26,15.61600,15.61600,15.61600,15.61600
2005-04-27,15.59300,15.59300,15.59300,15.59300
2005-04-28,15.61400,15.61400,15.61400,15.61400
2005-04-29,15.60400,15.60400,15.60400,15.60400
2005-05-02,15.73200,15.73200,15.61100,15.61100
2005-05-03,15.60600,15.60600,15.60600,15.60600
2005-05-04,15.60700,15.61900,15.60700,15.61900
2005-05-05,16.30000,16.31000,16.30000,16.31000
2005-05-06,15.60800,15.60800,15.60800,15.60800
2005-05-09,15.61300,15.61300,15.61300,15.61300
2005-05-10,15.60500,15.60500,15.60500,15.60500
2005-05-11,15.61300,15.72600,15.61300,15.72600
2005-05-12,15.61400,15.72700,15.61400,15.72700
2005-05-13,15.72900,15.73200,15.60000,15.60000
2005-05-16,16.32000,16.32000,16.32000,16.32000
2005-05-17,15.60500,15.60500,15.60500,15.60500
2005-05-18,15.60400,15.60400,15.60400,15.60400
2005-05-19,15.60900,15.60900,15.60900,15.60900
2005-05-20,15.61200,15.61200,15.61200,15.61200
2005-05-23,15.70100,15.70100,15.60300,15.60300
2005-05-24,15.60300,15.63300,15.60300,15.63300
2005-05-25,15.63100,15.63100,15.55100,15.55100
2005-05-26,15.60400,15.64000,15.60400,15.64000
2005-05-27,15.59800,15.59800,15.59800,15.59800
2005-05-30,15.62400,15.62400,15.62400,15.62400
2005-05-31,15.58900,15.58900,15.58900,15.58900
2005-06-01,15.57400,15.57400,15.57400,15.57400
2005-06-02,15.64200,15.64200,15.58400,15.58400
2005-06-03,15.57200,15.57200,15.57200,15.57200
2005-06-06,15.60000,15.60000,15.59500,15.59500
2005-06-07,15.59300,15.60900,15.59300,15.60900
2005-06-08,15.59400,15.59400,15.59400,15.59400
2005-06-09,15.59700,15.62200,15.59700,15.61700
2005-06-10,15.59200,15.73400,15.59200,15.73400
2005-06-13,15.81500,15.81500,15.59600,15.59600
2005-06-14,15.59700,15.59800,15.59700,15.59800
2005-06-15,15.59300,15.59300,15.59300,15.59300
2005-06-16,15.59700,15.61400,15.59700,15.61400
2005-06-17,15.58500,15.58500,15.58500,15.58500
2005-06-20,15.62400,15.62400,15.62400,15.62400
2005-06-21,15.62100,15.62100,15.62100,15.62100
2005-06-22,15.60500,15.60500,15.60500,15.60500
2005-06-23,15.62900,15.62900,15.62900,15.62900
2005-06-24,15.61600,15.61600,15.61600,15.61600
2005-06-27,15.54700,15.64900,15.51200,15.64600
2005-06-28,15.65800,15.73100,15.62600,15.67200
2005-06-29,15.62300,15.62300,15.60500,15.60500
2005-06-30,15.62300,15.62300,15.56700,15.56700
2005-07-01,15.62700,15.62700,15.62700,15.62700
2005-07-04,15.62100,15.62100,15.61200,15.61200
2005-07-05,15.61000,15.61000,15.61000,15.61000
2005-07-06,15.62000,15.62000,15.59100,15.59100
2005-07-07,15.63800,15.63800,15.63500,15.63500
2005-07-08,15.61500,15.61500,15.61500,15.61500
2005-07-11,15.63400,15.63400,15.63400,15.63400
2005-07-12,15.63000,15.63000,15.53500,15.53500
2005-07-13,15.63100,15.75700,15.63100,15.75700
2005-07-14,15.61200,15.61200,15.61200,15.61200
2005-07-15,15.59600,15.62800,15.59600,15.62800
2005-07-18,15.62200,15.62200,15.62200,15.62200
2005-07-19,15.62200,15.62200,15.61300,15.61300
2005-07-20,15.61800,15.62200,15.61800,15.62200
2005-07-21,15.60400,15.60400,15.60400,15.60400
2005-07-22,15.58600,15.62300,15.58600,15.62300
2005-07-25,15.61700,15.61700,15.61700,15.61700
2005-07-26,15.66400,15.69000,15.62600,15.62600
2005-07-27,15.61500,15.61500,15.61500,15.61500
2005-07-28,15.61600,15.61600,15.61600,15.61600
2005-07-29,15.62200,15.62200,15.62200,15.62200
2005-08-01,15.63100,15.63100,15.63100,15.63100
2005-08-02,15.62600,15.66300,15.62600,15.66300
2005-08-03,15.64000,15.64000,15.64000,15.64000
2005-08-04,15.64800,15.64800,15.57800,15.57800
2005-08-05,15.63800,15.64800,15.62800,15.64800
2005-08-08,15.61700,15.61700,15.60000,15.60000
2005-08-09,15.64200,15.64200,15.64200,15.64200
2005-08-10,15.64500,15.64500,15.64500,15.64500
2005-08-11,15.63500,15.63500,15.63500,15.63500
2005-08-12,15.65000,15.65000,15.65000,15.65000
2005-08-15,15.64000,15.64000,15.64000,15.64000
2005-08-16,15.64400,15.64400,15.64400,15.64400
2005-08-17,15.63900,15.68300,15.63900,15.68300
2005-08-18,15.63600,15.63600,15.63600,15.63600
2005-08-19,15.63200,15.63200,15.63200,15.63200
2005-08-22,15.63600,15.63600,15.61200,15.61200
2005-08-23,15.59800,15.63500,15.59800,15.63500
2005-08-24,15.63200,15.63200,15.63200,15.63200
2005-08-25,15.63600,15.63600,15.63500,15.63500
2005-08-26,15.64600,15.64600,15.64600,15.64600
2005-08-29,15.64100,15.71000,15.64100,15.71000
2005-08-30,15.63500,15.63500,15.60800,15.60800
2005-08-31,15.63500,15.63500,15.61500,15.61500
2005-09-01,15.63300,15.63300,15.50600,15.50600
2005-09-02,15.66300,15.67000,15.66300,15.67000
2005-09-05,15.65200,15.65200,15.65200,15.65200
2005-09-06,15.75700,15.75700,15.64900,15.64900
2005-09-07,15.65400,15.70500,15.65400,15.70500
2005-09-08,15.63400,15.63400,15.63400,15.63400
2005-09-09,15.63200,15.64300,15.63200,15.64300
2005-09-12,15.625,15.65600,15.625,15.65600
2005-09-13,15.63800,15.63800,15.63800,15.63800
2005-09-14,15.63500,15.63500,15.63500,15.63500
2005-09-15,15.63300,15.63300,15.63300,15.63300
2005-09-16,15.64200,15.65900,15.64200,15.65900
2005-09-19,15.625,15.625,15.61200,15.61200
2005-09-20,15.62700,15.62700,15.62700,15.62700
2005-09-21,16.37000,16.37000,16.37000,16.37000
2005-09-22,15.62900,15.62900,15.61300,15.62800
2005-09-23,15.72800,15.72800,15.62600,15.62600
2005-09-26,15.62300,15.62300,15.58400,15.58400
2005-09-27,15.62100,15.62100,15.62100,15.62100
2005-09-28,15.62000,15.62000,15.62000,15.62000
2005-09-29,15.62600,15.62600,15.62600,15.62600
2005-09-30,15.61700,15.65900,15.61700,15.65900
2005-10-03,15.77500,15.77500,15.77500,15.77500
2005-10-04,15.61400,15.61400,15.61300,15.61300
2005-10-05,15.61900,15.61900,15.61900,15.61900
2005-10-06,15.48700,15.62300,15.48700,15.62300
2005-10-07,15.625,15.625,15.625,15.625
2005-10-10,15.62800,15.62800,15.62800,15.62800
2005-10-11,15.62000,15.62000,15.62000,15.62000
2005-10-12,15.61600,15.61600,15.61600,15.61600
2005-10-13,15.62300,15.62300,15.62300,15.62300
2005-10-14,15.62200,15.62200,15.50900,15.50900
2005-10-17,15.625,15.625,15.625,15.625
2005-10-18,15.60900,15.60900,15.60900,15.60900
2005-10-19,15.625,15.625,15.625,15.625
2005-10-20,15.61600,15.61600,15.61600,15.61600
2005-10-21,15.61800,15.61800,15.61800,15.61800
2005-10-24,15.61300,15.61300,15.56300,15.56300
2005-10-25,15.625,15.625,15.625,15.625
2005-10-26,15.61500,15.61500,15.61500,15.61500
2005-10-27,15.62900,15.62900,15.61500,15.61600
2005-10-28,15.62700,15.62700,15.62700,15.62700
2005-10-31,16.025999,16.025999,16.025999,16.025999
2005-11-01,16.028000,16.028000,16.028000,16.028000
2005-11-02,16.013000,16.013000,16.013000,16.013000
2005-11-03,16.014000,16.014000,16.014000,16.014000
2005-11-04,16.021000,16.021000,16.021000,16.021000
2005-11-07,16.011000,16.042000,16.011000,16.035000
2005-11-08,15.98900,15.98900,15.98900,15.98900
2005-11-09,15.99700,15.99700,15.99700,15.99700
2005-11-10,16.0049992,16.0049992,16.0049992,16.0049992
2005-11-11,15.99900,15.99900,15.94800,15.94800
2005-11-14,16.0030003,16.0030003,16.0030003,16.0030003
2005-11-15,16.013000,16.013000,16.0020008,16.0020008
2005-11-16,15.99600,15.99600,15.98600,15.98600
2005-11-17,16.0020008,16.0020008,16.0020008,16.0020008
2005-11-18,15.99700,15.99700,15.99700,15.99700
2005-11-21,16.044001,16.044001,16.044001,16.044001
2005-11-22,16.039000,16.044001,15.87800,15.87800
2005-11-23,16.028999,16.028999,16.028999,16.028999
2005-11-24,16.042000,16.042000,16.042000,16.042000
2005-11-25,16.048000,16.048000,16.048000,16.048000
2005-11-28,16.11800,16.11800,15.85500,15.85500
2005-11-29,16.037001,16.037001,16.037001,16.037001
2005-11-30,16.045000,16.045000,16.045000,16.045000
2005-12-01,16.042000,16.042000,16.042000,16.042000
2005-12-02,16.035999,16.035999,16.035999,16.035999
2005-12-05,15.18400,15.18400,15.18400,15.18400
2005-12-06,15.17600,15.17600,15.16300,15.16300
2005-12-07,15.18600,15.18600,15.18100,15.18100
2005-12-08,15.17500,15.19200,15.17500,15.19200
2005-12-09,15.16400,15.18600,15.16000,15.18400
2005-12-12,15.68800,15.68800,15.68800,15.68800
2005-12-13,15.59400,15.69400,15.59400,15.69400
2005-12-14,15.70800,15.70800,15.70800,15.70800
2005-12-15,15.69800,15.69800,15.69800,15.69800
2005-12-16,15.70200,15.70200,15.70200,15.70200
2005-12-19,15.70500,15.71200,15.70500,15.71200
2005-12-20,15.74500,15.74500,15.70300,15.70300
2005-12-21,15.69400,15.69400,15.69400,15.69400
2005-12-22,15.69500,15.69500,15.69500,15.69500
2005-12-23,15.67600,15.67600,15.67600,15.67600
2005-12-26,15.68500,15.68500,15.68300,15.68300
2005-12-27,15.70200,15.70200,15.70200,15.70200
2005-12-28,15.68700,15.68700,15.68700,15.68700
2005-12-29,15.68800,15.68800,15.68800,15.68800
2005-12-30,15.70100,15.70100,15.70100,15.70100
2006-01-02,15.68700,15.68700,15.68700,15.68700
2006-01-03,15.62100,15.69100,15.62100,15.69100
2006-01-04,15.69600,15.69600,15.64000,15.67200
2006-01-05,15.70200,15.70200,15.69400,15.69400
2006-01-06,15.70100,15.70100,15.62200,15.62200
2006-01-09,15.70800,15.70800,15.70800,15.70800
2006-01-10,15.71300,15.71300,15.71300,15.71300
2006-01-11,15.70000,15.70000,15.70000,15.70000
2006-01-12,15.70800,15.72600,15.70800,15.72600
2006-01-13,16.34100,16.34100,16.34100,16.34100
2006-01-16,16.35000,16.35000,16.35000,16.35000
2006-01-17,16.35200,16.35200,16.35200,16.35200
2006-01-18,16.26800,16.26800,16.26800,16.26800
2006-01-19,16.33900,16.33900,16.33900,16.33900
2006-01-20,16.34200,16.34200,16.34000,16.34000
2006-01-23,16.36500,16.36500,16.36400,16.36400
2006-01-24,16.35400,16.35400,16.35400,16.35400
2006-01-25,16.36600,16.36600,16.36600,16.36600
2006-01-26,16.36100,16.36100,16.36100,16.36100
2006-01-27,16.36000,16.47200,16.36000,16.47200
2006-01-30,16.36100,16.36100,16.36100,16.36100
2006-01-31,16.35000,16.35000,16.33600,16.33600
2006-02-01,16.35800,16.38000,16.35800,16.38000
2006-02-02,16.38300,16.38300,16.38300,16.38300
2006-02-03,16.38300,16.38300,16.38300,16.38300
2006-02-06,16.38000,16.39600,16.38000,16.39600
2006-02-07,16.39000,16.39100,16.39000,16.39100
2006-02-08,16.37700,16.37700,16.37700,16.37700
2006-02-09,16.37900,16.37900,16.37900,16.37900
2006-02-10,16.39500,16.39500,16.39500,16.39500
2006-02-13,16.39100,16.39100,16.38100,16.38100
2006-02-14,16.39400,16.39400,16.39400,16.39400
2006-02-15,16.36500,16.39000,16.36500,16.39000
2006-02-16,16.38800,16.38800,16.36100,16.36100
2006-02-17,16.39200,16.39200,16.34500,16.34500
2006-02-20,16.39500,16.39500,16.38200,16.38200
2006-02-21,16.39300,16.39300,16.39300,16.39300
2006-02-22,16.39500,16.39500,16.39500,16.39500
2006-02-23,16.39400,16.39400,16.39400,16.39400
2006-02-24,16.39200,16.39200,16.39200,16.39200
2006-02-27,16.44300,16.44300,16.37900,16.40300
2006-02-28,16.38800,16.38800,16.38800,16.38800
2006-03-01,16.39600,16.39600,16.39600,16.39600
2006-03-02,16.41600,16.41600,16.39800,16.39800
2006-03-03,16.40100,16.40100,16.40100,16.40100
2006-03-06,16.34100,16.42200,16.34100,16.42200
2006-03-07,16.50200,16.50200,16.39200,16.39200
2006-03-08,16.40000,16.40000,16.37800,16.37800
2006-03-09,16.37200,16.39300,16.37200,16.39300
2006-03-10,16.39500,16.39500,16.39500,16.39500
2006-03-13,16.36600,16.40300,16.34300,16.35200
2006-03-14,16.40800,16.40800,16.40800,16.40800
2006-03-15,16.30400,16.41400,16.30400,16.35800
2006-03-16,16.41500,16.41500,16.27800,16.27800
2006-03-17,16.42300,16.42300,16.39700,16.39700
2006-03-20,16.41700,16.41700,16.41700,16.41700
2006-03-21,16.41600,16.41600,16.41600,16.41600
2006-03-22,16.41700,16.41700,16.41700,16.41700
2006-03-23,16.41300,16.41300,16.41300,16.41300
2006-03-24,16.41200,16.41200,16.41200,16.41200
2006-03-27,16.41200,16.41200,16.41200,16.41200
2006-03-28,16.43700,16.48100,16.41100,16.48100
2006-03-29,16.41100,16.41100,16.41100,16.41100
2006-03-30,16.41600,16.41600,16.29100,16.29100
2006-03-31,16.41400,16.41600,16.41400,16.41600
2006-04-03,16.39700,16.41400,16.39700,16.41400
2006-04-04,16.29800,16.41900,16.29800,16.41900
2006-04-05,16.42300,16.42300,16.37400,16.37600
2006-04-06,16.42200,16.54000,16.42200,16.54000
2006-04-07,16.41600,16.41600,16.38200,16.38200
2006-04-10,16.52700,16.52700,16.36000,16.36000
2006-04-11,16.39200,16.39200,16.36100,16.36100
2006-04-12,16.36500,16.36900,16.36500,16.36900
2006-04-13,16.41900,16.41900,16.36600,16.36600
2006-04-14,16.35200,16.35600,16.35200,16.35600
2006-04-17,16.31900,16.31900,16.31900,16.31900
2006-04-18,16.15800,16.37700,16.15800,16.37700
2006-04-19,16.25400,16.38400,16.25400,16.38400
2006-04-20,16.38700,16.38700,16.38700,16.38700
2006-04-21,16.42600,16.42600,16.38500,16.38500
2006-04-24,16.32600,16.38600,16.32200,16.38600
2006-04-25,16.37700,16.37700,16.32200,16.32200
2006-04-26,16.33300,16.39300,16.33300,16.36600
2006-04-27,16.32700,16.38400,16.32700,16.38400
2006-04-28,16.25300,16.40000,16.25300,16.40000
2006-05-01,16.28400,16.28400,16.28400,16.28400
2006-05-02,16.35000,16.41100,16.35000,16.41100
2006-05-03,16.38600,16.39500,16.38600,16.39500
2006-05-04,16.40700,16.40700,16.25900,16.25900
2006-05-05,16.25800,16.40200,16.25800,16.40200
2006-05-08,16.34000,16.50300,16.34000,16.50300
2006-05-09,16.51500,16.51500,16.41200,16.41200
2006-05-10,16.32400,16.43100,16.32400,16.43100
2006-05-11,16.47900,16.51500,16.26800,16.26800
2006-05-12,16.23900,16.43600,16.23900,16.43600
2006-05-15,16.45400,16.47200,16.44400,16.46000
2006-05-16,16.43600,16.43600,16.40600,16.40600
2006-05-17,16.45900,16.68000,16.45900,16.68000
2006-05-18,16.44500,16.44500,16.33800,16.35200
2006-05-19,16.45500,16.45500,16.44000,16.44000
2006-05-22,16.46200,16.46200,16.38500,16.38500
2006-05-23,16.57300,16.57300,16.57300,16.57300
2006-05-24,16.51000,16.64600,16.51000,16.64600
2006-05-25,16.60200,16.60200,16.56800,16.56800
2006-05-26,16.49300,16.58700,16.49300,16.58700
2006-05-29,16.49400,16.51300,16.49400,16.51300
2006-05-30,16.50100,16.50200,16.50100,16.50200
2006-05-31,16.51100,16.57100,16.51100,16.57100
2006-06-01,16.50600,16.50600,16.43700,16.43700
2006-06-02,16.49400,16.49400,16.36900,16.36900
2006-06-05,16.38400,16.38400,16.38400,16.38400
2006-06-06,16.47700,16.53800,16.47700,16.53800
2006-06-07,16.47700,16.49100,16.47700,16.49100
2006-06-08,16.47300,16.61800,16.47300,16.61800
2006-06-09,16.48500,16.50700,16.48500,16.50700
2006-06-12,16.46900,16.49000,16.46900,16.49000
2006-06-13,16.45900,16.51700,16.45900,16.51700
2006-06-14,16.50600,16.50600,16.41400,16.41400
2006-06-15,16.42100,16.47000,16.42100,16.47000
2006-06-16,16.47200,16.48900,16.47200,16.48900
2006-06-19,16.56300,16.56300,16.47500,16.47500
2006-06-20,16.45900,16.45900,16.43700,16.43700
2006-06-21,16.39900,16.41500,16.39900,16.41500
2006-06-22,16.41800,16.48100,16.41800,16.48100
2006-06-23,16.45800,16.48700,16.45800,16.48700
2006-06-26,16.46300,16.46300,16.43800,16.43800
2006-06-27,16.45800,16.45800,16.44100,16.44100
2006-06-28,16.46600,16.49600,16.46600,16.49600
2006-06-29,16.46400,16.46400,16.27900,16.27900
2006-06-30,16.47100,16.47100,16.38500,16.38500
2006-07-03,16.48200,16.48300,16.48200,16.48300
2006-07-04,16.44500,16.49700,16.44500,16.49700
2006-07-05,16.47700,16.53600,16.47700,16.53600
2006-07-06,16.47700,16.47700,16.42000,16.42000
2006-07-07,16.46900,16.46900,16.41600,16.41600
2006-07-10,16.48800,16.50600,16.48800,16.50600
2006-07-11,16.46800,16.46800,16.45100,16.45100
2006-07-12,16.47300,16.50600,16.47300,16.50600
2006-07-13,16.47100,16.47100,16.47000,16.47000
2006-07-14,16.48200,16.51400,16.48200,16.51400
2006-07-17,16.61500,16.61500,16.48200,16.48200
2006-07-18,16.46100,16.50900,16.46100,16.50900
2006-07-19,16.45700,16.45700,16.33600,16.33600
2006-07-20,16.46000,16.46000,16.45500,16.45500
2006-07-21,16.45900,16.46400,16.45900,16.46400
2006-07-24,16.45800,16.45800,16.44700,16.44700
2006-07-25,16.48400,16.56100,16.48000,16.56100
2006-07-26,16.55500,16.55500,16.46200,16.46200
2006-07-27,16.30100,16.54700,16.30100,16.54700
2006-07-28,16.55200,16.55200,16.38100,16.38100
2006-07-31,16.36100,16.46500,16.36100,16.46500
2006-08-01,16.47100,16.48400,16.40900,16.40900
2006-08-02,16.40500,16.49200,16.40500,16.49200
2006-08-03,16.45100,16.45100,16.42200,16.42200
2006-08-04,16.42000,16.42000,16.34800,16.34800
2006-08-07,16.36400,16.54200,16.36400,16.54200
2006-08-08,16.54900,16.54900,16.50300,16.50300
2006-08-09,16.57600,16.57600,16.54300,16.54300
2006-08-10,16.54000,16.58900,16.54000,16.58900
2006-08-11,16.60300,16.60300,16.56000,16.56000
2006-08-14,16.54900,16.54900,16.5,16.5
2006-08-15,16.48600,16.48900,16.48600,16.48900
2006-08-16,16.40900,16.42300,16.40900,16.42300
2006-08-17,16.40500,16.54400,16.40500,16.54400
2006-08-18,16.55200,16.55200,16.50100,16.50100
2006-08-21,16.48100,16.50300,16.48100,16.50300
2006-08-22,16.52900,16.52900,16.49300,16.49300
2006-08-23,16.54600,16.54600,16.49600,16.49600
2006-08-24,16.54700,16.54700,16.49800,16.49800
2006-08-25,16.58300,16.58300,16.49600,16.49600
2006-08-28,16.5,16.50600,16.5,16.50600
2006-08-29,16.50600,16.56300,16.50600,16.56300
2006-08-30,16.47000,16.48700,16.47000,16.48700
2006-08-31,16.48100,16.49600,16.48100,16.49600
2006-09-01,16.55900,16.55900,16.51000,16.51000
2006-09-04,16.45200,16.49800,16.45200,16.49800
2006-09-05,16.53100,16.53100,16.5,16.5
2006-09-06,16.52100,16.98100,16.52100,16.98100
2006-09-07,16.96300,17.025000,16.96300,17.025000
2006-09-08,17.025000,17.025000,17.0090008,17.0090008
2006-09-11,17.017000,17.018000,17.017000,17.018000
2006-09-12,17.018000,17.018000,17.011000,17.011000
2006-09-13,17.0090008,17.0090008,16.95500,16.95500
2006-09-14,16.95700,16.95700,16.95300,16.95300
2006-09-15,16.97300,17.018000,16.97300,17.018000
2006-09-18,17.018999,17.018999,16.90600,16.90600
2006-09-19,16.93200,16.95100,16.93200,16.95100
2006-09-20,16.94100,16.94900,16.94100,16.94900
2006-09-21,16.93300,16.93300,16.89500,16.89500
2006-09-22,16.88100,17.0090008,16.88100,17.0090008
2006-09-25,17.023001,17.023001,17.00099945,17.00099945
2006-09-26,17.00099945,17.00099945,16.97400,16.98300
2006-09-27,16.97100,16.97100,16.96000,16.96000
2006-09-28,16.93000,17.00099945,16.93000,17.00099945
2006-09-29,16.99000,16.99000,16.97200,16.97900
2006-10-02,16.95700,16.95700,16.87800,16.87800
2006-10-03,16.88700,16.88700,16.87800,16.87800
2006-10-04,16.97800,16.97800,16.91800,16.91800
2006-10-05,16.92900,17.0039997,16.92900,17.0039997
2006-10-06,17.0039997,17.12200,17.0039997,17.12200
2006-10-09,17.13500,17.13500,17.024000,17.024000
2006-10-10,17.034000,17.087999,17.034000,17.087999
2006-10-11,17.013000,17.044001,17.013000,17.044001
2006-10-12,17.042999,17.042999,16.98900,16.98900
2006-10-13,17.017000,17.086000,17.017000,17.086000
2006-10-16,17.035000,17.035000,17.031000,17.031000
2006-10-17,16.99500,17.00099945,16.99500,17.00099945
2006-10-18,17.0030003,17.040001,17.0030003,17.040001
2006-10-19,17.034000,17.034000,16.94300,16.94300
2006-10-20,16.92900,17.023001,16.92900,17.023001
2006-10-23,17.013000,17.033001,17.013000,17.027000
2006-10-24,17.033001,17.033001,16.98700,16.98700
2006-10-25,16.99700,16.99700,16.97000,16.97000
2006-10-26,16.96200,17.025000,16.96200,16.98800
2006-10-27,16.97900,17.035000,16.97900,17.035000
2006-10-30,17.062000,17.16300,17.062000,17.16100
2006-10-31,17.16300,17.16300,17.048000,17.048000
2006-11-01,17.049999,17.13500,17.049999,17.13500
2006-11-02,17.15900,17.15900,17.14600,17.14600
2006-11-03,17.14600,17.24900,17.14600,17.24900
2006-11-06,17.24300,17.24300,17.12200,17.12200
2006-11-07,17.11300,17.13000,17.11300,17.13000
2006-11-08,17.17400,17.19800,17.17400,17.19800
2006-11-09,17.22300,17.22300,17.10100,17.10100
2006-11-10,17.097000,17.21100,17.097000,17.21100
2006-11-13,17.19800,17.22200,17.19800,17.22200
2006-11-14,17.22300,17.22300,17.20100,17.20100
2006-11-15,17.19800,17.19800,17.052999,17.052999
2006-11-16,17.059000,17.12700,17.059000,17.12700
2006-11-17,17.13700,17.13700,17.0049992,17.0049992
2006-11-20,17.031000,17.031000,15.63300,15.63300
2006-11-21,15.61800,15.64800,15.61800,15.64800
2006-11-22,15.64900,17.11600,15.64900,17.11600
2006-11-23,15.64900,17.22600,15.64900,17.22600
2006-11-24,17.22300,17.24000,17.22300,17.24000
2006-11-27,17.17200,17.21100,17.17200,17.21100
2006-11-28,17.19800,17.19800,17.16800,17.16800
2006-11-29,17.16600,17.25200,17.16600,17.25200
2006-11-30,17.25400,17.25400,17.18000,17.18000
2006-12-01,17.16500,17.16500,17.11500,17.11500
2006-12-04,17.12600,17.22300,17.12600,17.22300
2006-12-05,17.23900,17.26600,17.23900,17.26600
2006-12-06,17.26100,17.26100,17.079000,17.079000
2006-12-07,17.069000,17.087000,17.069000,17.084999
2006-12-08,17.10000,17.35600,17.10000,17.35600
2006-12-11,17.41700,17.41700,17.20200,17.20200
2006-12-12,17.20000,17.21400,17.20000,17.21400
2006-12-13,17.22500,17.35100,17.22500,17.35100
2006-12-14,17.36400,17.36400,17.29900,17.29900
2006-12-15,17.33200,17.33200,17.30200,17.30200
2006-12-18,17.30200,17.30200,17.27800,17.27800
2006-12-19,17.27100,17.27100,17.24400,17.24400
2006-12-20,17.20600,17.34300,17.20600,17.34300
2006-12-21,17.34300,17.34300,17.29500,17.29600
2006-12-22,17.28600,17.38200,17.28600,17.38200
2006-12-25,17.38200,17.38200,17.37400,17.37400
2006-12-26,17.42200,17.42200,17.42200,17.42200
2006-12-27,17.35000,17.35500,17.31200,17.35500
2006-12-28,17.37000,17.37000,17.22000,17.22000
2006-12-29,17.20500,17.20500,17.19400,17.19400
2007-01-01,17.19400,17.19400,17.17500,17.17500
2007-01-02,17.22000,17.22000,17.21200,17.21200
2007-01-03,17.20000,17.40100,17.20000,17.40100
2007-01-04,17.39900,17.39900,17.34500,17.34500
2007-01-05,17.34800,17.44200,17.34800,17.44200
2007-01-08,17.33200,17.33200,17.30800,17.30800
2007-01-09,17.28300,17.37400,17.28300,17.37400
2007-01-10,17.41400,17.41400,17.40900,17.40900
2007-01-11,17.40900,17.41000,17.39900,17.39900
2007-01-12,17.42400,17.42400,17.30400,17.30400
2007-01-15,17.31300,17.34000,17.31300,17.34000
2007-01-16,17.34900,17.42000,17.34900,17.42000
2007-01-17,17.42000,17.42000,17.30500,17.30500
2007-01-18,17.30600,17.31600,17.30600,17.31600
2007-01-19,17.30900,17.34400,17.30900,17.34400
2007-01-22,17.33900,17.36700,17.33900,17.36700
2007-01-23,17.37400,17.37400,17.36900,17.36900
2007-01-24,17.37100,17.42600,17.37100,17.42600
2007-01-25,17.43000,17.45300,17.43000,17.45300
2007-01-26,17.32700,17.32700,17.28900,17.28900
2007-01-29,17.32200,17.34700,17.32200,17.34700
2007-01-30,17.33200,17.37300,17.33200,17.37300
2007-01-31,17.37900,17.38000,17.25900,17.25900
2007-02-01,17.24500,17.38000,17.24500,17.38000
2007-02-02,17.38500,17.47800,17.38500,17.47800
2007-02-05,17.48200,17.48200,17.40000,17.40000
2007-02-06,17.39900,17.39900,17.34800,17.34800
2007-02-07,17.35500,17.36700,17.35500,17.36700
2007-02-08,17.36600,17.36600,17.34200,17.34200
2007-02-09,17.34400,17.40600,17.34400,17.40600
2007-02-12,17.40600,17.40600,17.40300,17.40300
2007-02-13,17.40200,17.40200,17.37800,17.37800
2007-02-14,17.38500,17.39900,17.34900,17.34900
2007-02-15,17.34600,17.43300,17.34600,17.42300
2007-02-16,17.43200,17.43200,17.41600,17.41600
2007-02-19,17.39600,17.39600,17.34400,17.34400
2007-02-20,17.34700,17.34800,17.33900,17.34800
2007-02-21,17.33400,17.38700,17.33400,17.38700
2007-02-22,17.36800,17.39700,17.36800,17.39700
2007-02-23,17.40300,17.40300,17.37900,17.37900
2007-02-26,17.34800,17.41400,17.34800,17.41400
2007-02-27,17.42700,17.46700,17.42700,17.43700
2007-02-28,17.45500,17.46400,17.41200,17.41200
2007-03-01,17.41200,17.53000,17.41200,17.53000
2007-03-02,17.52600,17.54200,17.52600,17.54200
2007-03-05,17.53800,17.53800,17.48400,17.48400
2007-03-06,17.46900,17.46900,17.45900,17.45900
2007-03-07,17.46900,17.46900,17.40100,17.40100
2007-03-08,17.41500,17.49800,17.41500,17.49800
2007-03-09,17.48300,17.53300,17.48300,17.53300
2007-03-12,17.53300,17.53300,17.43100,17.43100
2007-03-13,17.43600,17.43600,17.43600,17.43600
2007-03-14,17.44300,17.44300,17.39100,17.39100
2007-03-15,17.39100,17.40700,17.39100,17.40700
2007-03-16,17.33900,17.45600,17.33900,17.45600
2007-03-19,17.51700,17.51700,17.48900,17.48900
2007-03-20,17.51200,17.51200,17.50400,17.50400
2007-03-21,17.48900,17.48900,17.36700,17.36700
2007-03-22,17.36900,17.44900,17.36900,17.44900
2007-03-23,17.45200,17.49200,17.45200,17.49200
2007-03-26,17.52700,17.52700,17.45100,17.45100
2007-03-27,17.45300,17.51500,17.45300,17.51500
2007-03-28,17.52400,17.57100,17.52400,17.57100
2007-03-29,17.58700,17.58700,17.56400,17.56400
2007-03-30,17.57700,17.57700,17.46100,17.46100
2007-04-02,17.55100,17.55100,17.53300,17.53300
2007-04-03,17.52900,17.59600,17.52900,17.59600
2007-04-04,17.58800,17.58800,17.52700,17.52700
2007-04-05,17.53500,17.53500,17.47400,17.47400
2007-04-06,17.48000,17.51400,17.48000,17.51400
2007-04-09,17.56900,17.56900,17.56900,17.56900
2007-04-10,17.57500,17.57500,17.55400,17.55400
2007-04-11,17.56700,17.56700,17.55800,17.55800
2007-04-12,17.55500,17.58000,17.53900,17.53900
2007-04-13,17.51000,17.61500,17.51000,17.61500
2007-04-16,17.54200,17.63100,17.54200,17.63100
2007-04-17,17.59700,17.59700,17.56500,17.56500
2007-04-18,17.54100,17.59900,17.54100,17.59900
2007-04-19,17.59800,17.59800,17.56200,17.56200
2007-04-20,17.56200,17.61400,17.56200,17.61400
2007-04-23,17.61100,17.61100,17.57900,17.57900
2007-04-24,17.59100,17.59100,17.55700,17.55700
2007-04-25,17.55100,17.63400,17.55100,17.63400
2007-04-26,17.63500,17.64500,17.63500,17.64500
2007-04-27,17.65500,17.65500,17.59900,17.59900
2007-04-30,17.63400,17.63400,17.57700,17.57700
2007-05-01,17.58700,17.64600,17.58700,17.64600
2007-05-02,17.62800,17.62800,17.59600,17.59600
2007-05-03,17.59900,17.71800,17.59900,17.71800
2007-05-04,17.71600,17.71600,17.61200,17.61200
2007-05-07,17.64800,17.65800,17.64800,17.65800
2007-05-08,17.65900,17.68100,17.65900,17.68100
2007-05-09,17.67000,17.67000,17.65700,17.65700
2007-05-10,17.64900,17.73300,17.64900,17.73300
2007-05-11,17.74100,17.74100,17.60500,17.60500
2007-05-14,17.66400,17.67900,17.66400,17.67900
2007-05-15,17.68100,17.68100,17.57100,17.57100
2007-05-16,17.58300,17.77300,17.58300,17.77300
2007-05-17,17.76300,17.80600,17.76300,17.80600
2007-05-18,17.67200,17.67200,17.625,17.625
2007-05-21,17.57000,17.57000,17.55200,17.55200
2007-05-22,17.55800,17.55800,17.55300,17.55300
2007-05-23,17.56900,17.68300,17.56900,17.68300
2007-05-24,17.68500,17.99400,17.68500,17.99400
2007-05-25,18.0049992,18.0049992,17.96800,17.96800
2007-05-28,17.97100,17.97100,17.97100,17.97100
2007-05-29,17.99700,18.048000,17.99700,18.048000
2007-05-30,18.058001,18.058001,17.99200,17.99200
2007-05-31,17.98800,17.98800,17.98000,17.98000
2007-06-01,17.97800,17.97800,17.90200,17.90200
2007-06-04,18.0049992,18.0049992,17.97500,17.97500
2007-06-05,17.97100,18,17.97100,18
2007-06-06,18,18.040001,18,18.040001
2007-06-07,18.039000,18.039000,17.97200,17.97200
2007-06-08,18.087000,18.087000,17.88500,17.88500
2007-06-11,17.88900,18.00099945,17.88900,18.00099945
2007-06-12,18.00099945,18.00099945,17.95600,17.95600
2007-06-13,17.97600,17.97600,17.97600,17.97600
2007-06-14,17.97400,18.030001,17.97400,18.030001
2007-06-15,18.027000,18.027000,17.91800,17.91800
2007-06-18,17.91600,18.032000,17.91600,18.032000
2007-06-19,18.013000,18.037001,18.0090008,18.0090008
2007-06-20,18.021999,18.090000,18.021999,18.090000
2007-06-21,18.10500,18.10500,18.037001,18.037001
2007-06-22,18.042000,18.042000,17.99900,17.99900
2007-06-25,18.011000,18.070999,18.011000,18.070999
2007-06-26,18.070999,18.070999,18.066000,18.070000
2007-06-27,18.086000,18.086000,18.045000,18.045000
2007-06-28,18.046000,18.066999,18.046000,18.066999
2007-06-29,18.10200,18.10200,18.0060005,18.0060005
2007-07-02,18.0049992,18.0049992,17.93200,17.93200
2007-07-03,17.94200,18.0020008,17.94200,18.0020008
2007-07-04,17.99900,18.086000,17.99900,18.086000
2007-07-05,18.077000,18.16000,18.077000,18.16000
2007-07-06,18.15700,18.15700,18.047001,18.047001
2007-07-09,18.014999,18.021999,18.014999,18.021999
2007-07-10,18.020000,18.020000,17.94300,17.94300
2007-07-11,17.97500,18.11300,17.97500,18.11300
2007-07-12,18.12100,18.12100,18.11400,18.11400
2007-07-13,18.12700,18.12700,18.091999,18.091999
2007-07-16,18.11500,18.15000,18.11500,18.15000
2007-07-17,18.14500,18.19600,18.14500,18.19600
2007-07-18,18.15200,18.15200,18.096001,18.096001
2007-07-19,18.10100,18.15300,18.10100,18.15300
2007-07-20,18.15200,18.15200,18.077999,18.077999
2007-07-23,18.14000,18.14000,18.13000,18.13000
2007-07-24,18.13000,18.13000,18.12200,18.12200
2007-07-25,18.14600,18.15200,18.14600,18.15200
2007-07-26,18.16000,18.16300,18.11500,18.11500
2007-07-27,18.11100,18.15100,18.11100,18.15100
2007-07-30,18.14900,18.14900,18.11300,18.11300
2007-07-31,18.097000,18.17800,18.093000,18.17800
2007-08-01,18.21200,18.21200,17.98500,17.98500
2007-08-02,18.0020008,18.11700,18.0020008,18.11700
2007-08-03,18.10900,18.11200,18.042999,18.042999
2007-08-06,18.31000,18.33400,18.31000,18.33400
2007-08-07,18.31500,18.31600,18.24000,18.24000
2007-08-08,18.22300,18.23700,18.12900,18.12900
2007-08-09,18.13600,18.26000,18.13600,18.26000
2007-08-10,18.28400,18.28400,18.14000,18.14000
2007-08-13,18.19600,18.24400,18.19600,18.24400
2007-08-14,18.24600,18.24700,18.24600,18.24700
2007-08-15,18.26100,18.26700,18.26100,18.26700
2007-08-16,18.28800,18.28800,18.13800,18.13800
2007-08-17,18.14900,18.14900,18.13600,18.13600
2007-08-20,18.20500,18.21700,18.20500,18.21700
2007-08-21,18.22900,18.26300,18.22900,18.26300
2007-08-22,18.26500,18.26500,18.11900,18.11900
2007-08-23,18.12800,18.23900,18.12000,18.23900
2007-08-24,18.23700,18.23700,18.14200,18.14200
2007-08-27,18.22100,18.25,18.22100,18.25
2007-08-28,18.25200,18.32500,18.25200,18.32500
2007-08-29,18.34900,18.34900,18.16900,18.16900
2007-08-30,18.19400,18.20000,18.19400,18.20000
2007-08-31,18.15900,18.26800,18.15900,18.26800
2007-09-03,18.24700,18.25900,18.24700,18.25900
2007-09-04,18.27100,18.27100,18.19700,18.19700
2007-09-05,18.18400,18.18400,18.16400,18.16400
2007-09-06,18.16500,18.19200,18.16500,18.19200
2007-09-07,18.19700,18.31900,18.19700,18.31900
2007-09-11,18.25700,18.25700,18.24200,18.24200
2007-09-12,18.24900,18.24900,18.22300,18.22300
2007-09-13,18.24200,18.28600,18.24200,18.28600
2007-09-14,18.27600,18.27600,18.27000,18.27000
2007-09-17,18.46100,18.47700,18.46100,18.47700
2007-09-18,18.47200,18.47200,18.12300,18.12300
2007-09-19,18.14600,18.27200,18.14600,18.27200
2007-09-20,18.26300,18.26300,18.17600,18.17600
2007-09-21,18.15700,18.26400,18.15700,18.26400
2007-09-24,18.30100,18.35900,18.30100,18.35900
2007-09-25,18.36500,18.36500,18.24100,18.24100
2007-09-26,18.25900,18.31700,18.25900,18.31700
2007-09-27,18.31400,18.32000,18.31400,18.32000
2007-09-28,18.30700,18.30700,18.21800,18.21800
2007-10-01,18.32000,18.32800,18.32000,18.32800
2007-10-02,18.32200,18.32200,18.32100,18.32100
2007-10-03,18.31400,18.39000,18.31400,18.39000
2007-10-04,18.39100,18.39100,18.31000,18.31000
2007-10-05,18.29900,18.29900,18.29200,18.29200
2007-10-08,18.33100,18.37900,18.33100,18.37900
2007-10-09,18.39100,18.39100,18.24700,18.24700
2007-10-10,18.23500,18.33000,18.23500,18.33000
2007-10-11,18.34800,18.34900,18.34800,18.34900
2007-10-12,18.34000,18.36600,18.34000,18.36600
2007-10-15,18.36400,18.39700,18.36400,18.39700
2007-10-16,18.41300,18.41300,18.33600,18.33600
2007-10-17,18.34100,18.34100,18.30600,18.30600
2007-10-18,18.32200,18.49200,18.32200,18.49200
2007-10-19,18.49000,18.49000,18.35800,18.35800
2007-10-22,18.36800,18.41400,18.36800,18.41400
2007-10-23,18.40100,18.40100,18.31800,18.31800
2007-10-24,18.33400,18.33400,18.31200,18.31200
2007-10-25,18.32000,18.35500,18.32000,18.35500
2007-10-26,18.35400,18.36000,18.35400,18.36000
2007-10-29,18.31200,18.31200,18.31200,18.31200
2007-10-30,18.33300,18.33300,18.26500,18.26500
2007-10-31,18.26600,18.32300,18.26600,18.32300
2007-11-01,18.33800,18.33900,18.33800,18.33900
2007-11-02,18.34100,18.34100,18.30200,18.30200
2007-11-05,18.40400,18.40400,18.39900,18.39900
2007-11-06,18.39800,18.39800,18.39800,18.39800
2007-11-07,18.40600,18.49300,18.40600,18.49300
2007-11-08,18.46000,18.62200,18.46000,18.60900
2007-11-09,18.54000,18.54000,18.45300,18.45300
2007-11-12,18.43800,18.47200,18.43800,18.47200
2007-11-13,18.42100,18.43000,18.40500,18.40500
2007-11-14,18.39800,18.66900,18.39800,18.66900
2007-11-15,18.63900,18.63900,18.63300,18.63300
2007-11-16,18.62400,18.62400,18.37200,18.37200
2007-11-19,18.42200,18.42200,18.42200,18.42200
2007-11-20,18.44500,18.53800,18.44500,18.53800
2007-11-21,18.55500,18.55500,18.39300,18.39300
2007-11-22,18.38100,18.43700,18.38100,18.43700
2007-11-23,18.41700,18.45500,18.41700,18.45500
2007-11-27,18.45500,18.51100,18.45500,18.51100
2007-11-28,18.51000,18.51000,18.35900,18.35900
2007-11-29,18.37700,18.45800,18.37700,18.45800
2007-11-30,18.45200,18.58700,18.45200,18.58700
2007-12-03,18.48600,18.48600,18.47500,18.47500
2007-12-04,18.48200,18.59900,18.48200,18.59900
2007-12-05,18.61300,18.62900,18.61300,18.62900
2007-12-06,18.62000,18.62000,18.57700,18.57700
2007-12-07,18.57500,18.58000,18.57500,18.58000
2007-12-10,18.49500,18.49500,18.47200,18.47200
2007-12-11,18.47700,18.52400,18.47700,18.52400
2007-12-12,18.52100,18.65100,18.52100,18.65100
2007-12-13,18.66800,18.66800,18.60600,18.60600
2007-12-14,18.60400,18.60400,18.59200,18.59200
2007-12-17,18.48800,18.48800,18.48800,18.48800
2007-12-19,18.50100,18.58900,18.50100,18.54400
2007-12-20,18.54200,18.54200,18.52900,18.52900
2007-12-21,18.50400,18.51600,18.50400,18.51600
2007-12-24,18.50600,18.50600,18.50600,18.50600
2007-12-25,18.49800,18.49800,18.49800,18.49800
2007-12-27,18.68600,18.68600,18.55800,18.55800
2007-12-28,18.57800,18.57800,18.54000,18.54000
2007-12-31,18.68300,18.83900,18.68300,18.83900
2008-01-01,18.83700,18.83700,18.83700,18.83700
2008-01-02,18.62400,18.62400,18.62400,18.62400
2008-01-03,18.65300,18.72900,18.65300,18.72900
2008-01-04,18.73400,18.73400,18.64100,18.64100
2008-01-07,18.59000,18.59000,18.59000,18.59000
2008-01-08,18.58800,18.58800,18.58200,18.58200
2008-01-09,18.58300,18.64300,18.58300,18.64300
2008-01-10,18.62100,18.62100,18.41500,18.41500
2008-01-11,18.42800,18.58000,18.42800,18.58000
2008-01-14,18.60400,18.64500,18.60400,18.64500
2008-01-15,18.63100,18.70900,18.63100,18.70900
2008-01-16,18.68600,18.75900,18.68600,18.75900
2008-01-17,18.73100,18.875,18.73100,18.875
2008-01-18,18.89000,18.89000,18.61500,18.61500
2008-01-21,18.60500,18.67700,18.60500,18.67700
2008-01-22,18.69600,18.69600,18.41300,18.41300
2008-01-23,18.45500,18.54400,18.45500,18.54400
2008-01-24,18.57400,18.57400,18.54900,18.54900
2008-01-25,18.51500,18.85300,18.51500,18.85300
2008-01-28,18.81200,18.81200,18.73600,18.73600
2008-01-29,18.75,18.75,18.66100,18.66100
2008-01-30,18.66100,18.66100,18.58400,18.58400
2008-01-31,18.60700,18.66400,18.60700,18.66400
2008-02-01,18.65000,18.65900,18.65000,18.65900
2008-02-04,18.84400,18.84400,18.83700,18.83700
2008-02-05,18.85400,18.88100,18.85400,18.88100
2008-02-06,18.89000,18.89000,18.83800,18.83800
2008-02-07,18.84600,18.84600,18.67800,18.83300
2008-02-08,18.84100,18.84100,18.62400,18.62400
2008-02-11,18.54800,18.71000,18.54800,18.71000
2008-02-12,18.72400,18.72400,18.53000,18.53000
2008-02-13,18.55000,18.69300,18.55000,18.69300
2008-02-14,18.69900,18.88800,18.69900,18.88800
2008-02-15,18.89300,18.89300,18.68500,18.68500
2008-02-18,18.68600,18.68600,18.64800,18.64800
2008-02-19,18.64700,18.70500,18.64700,18.70500
2008-02-20,18.70400,18.70400,18.63100,18.63100
2008-02-21,18.62900,18.62900,18.56300,18.56300
2008-02-22,18.59000,18.71500,18.59000,18.71500
2008-02-25,18.72000,18.72000,18.68800,18.68800
2008-02-26,18.69500,18.71000,18.54600,18.54600
2008-02-27,18.71400,18.71400,18.62800,18.62800
2008-02-28,18.65000,18.65000,18.60600,18.60600
2008-02-29,18.61900,18.73100,18.61900,18.73100
2008-03-03,18.68700,18.96400,18.68700,18.96400
2008-03-04,18.96600,18.96600,18.75,18.75
2008-03-05,18.75700,18.75700,18.73900,18.73900
2008-03-06,18.63300,18.74400,18.63300,18.74400
2008-03-07,18.67700,18.75100,18.67700,18.75100
2008-03-10,18.69800,18.69800,18.69100,18.69100
2008-03-11,18.70600,18.86600,18.70600,18.86600
2008-03-12,18.84300,18.84300,18.61700,18.61700
2008-03-13,18.60700,18.70600,18.60700,18.70600
2008-03-14,18.69100,18.69100,18.63500,18.63500
2008-03-17,18.79000,18.79000,18.79000,18.79000
2008-03-18,18.83300,18.83300,18.72100,18.72100
2008-03-19,18.89300,18.89300,18.70000,18.78800
2008-03-20,18.85900,18.85900,18.71000,18.71500
2008-03-21,18.75500,18.75500,18.41900,18.41900
2008-03-24,18.82500,18.82500,18.73600,18.73600
2008-03-25,18.73500,18.73500,18.69700,18.69700
2008-03-26,18.66600,18.66600,18.62400,18.62400
2008-03-27,18.63600,18.73500,18.63600,18.73500
2008-03-28,18.77300,18.83900,18.76700,18.83900
2008-03-31,19.0079994,19.070999,19.0079994,19.070999
2008-04-02,18.84200,18.84200,18.77100,18.77100
2008-04-03,18.78900,18.78900,18.67600,18.67600
2008-04-04,18.68700,18.82000,18.68700,18.82000
2008-04-07,18.84300,18.84300,18.83400,18.83400
2008-04-08,18.73800,18.87200,18.73800,18.87200
2008-04-09,18.85500,18.85500,18.70300,18.70300
2008-04-10,18.70900,19.16100,18.70900,19.16100
2008-04-11,19.16100,19.16100,18.84300,18.84300
2008-04-14,18.83500,18.84600,18.83500,18.84600
2008-04-15,18.83800,18.88900,18.83800,18.88900
2008-04-16,18.89600,19.12600,18.89600,19.11100
2008-04-17,19.13300,19.15900,19.13300,19.15900
2008-04-18,19.16600,19.16600,18.86400,18.86400
2008-04-21,19.049000,19.049000,19.028000,19.028000
2008-04-22,19.028000,19.028000,18.81000,18.81000
2008-04-23,18.82300,18.86800,18.82300,18.86800
2008-04-24,18.96500,19.23000,18.96500,19.23000
2008-04-25,19.21000,19.21000,18.81900,18.81900
2008-04-28,18.87800,18.90300,18.87800,18.90300
2008-04-29,18.89500,18.90000,18.89500,18.90000
2008-04-30,18.89000,18.89000,18.79300,18.79300
2008-05-02,18.90000,18.92400,18.90000,18.92400
2008-05-05,18.85100,19.077999,18.85100,19.077999
2008-05-06,19.058001,19.15600,19.058001,19.10900
2008-05-07,18.90200,18.93200,18.90200,18.93200
2008-05-08,19.011999,19.011999,18.84100,18.84100
2008-05-09,18.83500,19.16200,18.83500,19.16200
2008-05-12,19.056999,19.056999,19.056999,19.056999
2008-05-13,19.0090008,19.0090008,19.0090008,19.0090008
2008-05-14,19.011000,19.12400,19.011000,19.10800
2008-05-15,19.11900,19.24500,19.11900,19.24500
2008-05-16,19.21900,19.21900,18.91400,18.91400
2008-05-19,19.18800,19.26500,19.18800,19.26500
2008-05-20,19.25100,19.25100,18.94000,18.94000
2008-05-21,18.93600,18.93600,18.91900,18.91900
2008-05-22,18.91500,18.97600,18.91500,18.97600
2008-05-23,19.0049992,19.14000,19.0049992,19.14000
2008-05-26,18.96000,18.96000,18.92800,18.92800
2008-05-27,18.91400,19.056000,18.91400,19.056000
2008-05-28,19.059000,19.059000,19.021999,19.021999
2008-05-29,18.99400,19.24500,18.99400,19.24500
2008-05-30,19.26300,19.26300,18.96300,18.96300
2008-06-02,18.90600,18.97500,18.90400,18.96500
2008-06-03,18.95700,19.16500,18.95700,19.16500
2008-06-04,19.16000,19.16000,19.025999,19.025999
2008-06-05,19.018999,19.046000,18.98100,18.98100
2008-06-06,18.97100,18.98700,18.97100,18.98700
2008-06-09,19.0030003,19.17900,19.0030003,19.17900
2008-06-10,19.25900,19.25900,19.042999,19.042999
2008-06-11,19.025999,19.025999,18.97100,18.97100
2008-06-12,18.93500,18.95800,18.93500,18.95800
2008-06-13,18.96100,19.0060005,18.96100,19.0060005
2008-06-16,19.011999,19.011999,18.99600,18.99600
2008-06-17,19.0079994,19.0079994,19.0020008,19.0020008
2008-06-18,18.98200,19.024000,18.95300,18.95300
2008-06-19,18.90100,18.99800,18.90100,18.99800
2008-06-20,19.0049992,19.0070000,19.0049992,19.0070000
2008-06-23,19.031000,19.031000,19.028999,19.028999
2008-06-24,19.025999,19.025999,18.98600,18.98600
2008-06-25,19.0039997,19.20600,19.0039997,19.18800
2008-06-26,19.18100,19.18100,18.95200,18.95200
2008-06-27,18.96600,19.051001,18.96600,19.051001
2008-06-30,19.0060005,19.0060005,19.0060005,19.0060005
2008-07-02,19.084000,19.17600,19.084000,19.17600
2008-07-03,19.18600,19.28800,19.18600,19.28800
2008-07-04,19.28800,19.28800,19.020000,19.020000
2008-07-07,19.31800,19.31800,19.24800,19.24800
2008-07-08,19.24100,19.24100,18.98600,18.98600
2008-07-09,19.038000,19.038000,18.97700,18.97700
2008-07-10,18.94400,18.96700,18.94400,18.96700
2008-07-11,18.86600,19.18600,18.86600,19.18600
2008-07-14,19.094999,19.094999,19.037001,19.037001
2008-07-15,19.028000,19.22400,19.028000,19.22400
2008-07-16,19.20100,19.30600,19.20100,19.30600
2008-07-17,19.28500,19.28500,19.089001,19.089001
2008-07-18,19.11100,19.37300,19.11100,19.37300
2008-07-21,19.18600,19.18600,19.18600,19.18600
2008-07-22,19.10900,19.32600,19.10900,19.32600
2008-07-23,19.50500,19.50500,19.16100,19.16100
2008-07-24,19.22400,19.22400,19.10300,19.10300
2008-07-25,19.10700,19.12400,19.10700,19.12400
2008-07-28,19.16300,19.18300,19.16300,19.18300
2008-07-29,19.18200,19.54900,19.18200,19.54900
2008-07-30,19.55700,19.55700,19.18600,19.18600
2008-07-31,19.16600,19.17400,19.16600,19.17400
2008-08-26,19.17400,19.17400,19.097000,19.097000
2008-08-27,19.025000,19.41800,19.025000,19.41800
2008-08-28,19.37100,19.37100,19.29900,19.29900
2008-08-29,19.27600,19.27600,19.25300,19.25300
2008-09-01,19.41400,19.45200,19.41400,19.45200
2008-09-02,19.45700,19.45700,19.36900,19.36900
2008-09-03,19.39800,19.39800,19.30600,19.30600
2008-09-04,19.25700,19.71800,19.25700,19.71800
2008-09-05,19.68800,19.68800,19.31000,19.31000
2008-09-08,19.18700,19.34900,19.18700,19.34900
2008-09-09,19.32100,19.49000,19.32100,19.49000
2008-09-10,19.47900,19.47900,19.46100,19.46100
2008-09-11,19.48700,19.48700,19.12100,19.12100
2008-09-12,19.12600,19.12600,19.091999,19.091999
2008-09-15,19.40100,19.40100,19.27900,19.27900
2008-09-16,19.34500,19.34500,19.31900,19.31900
2008-09-17,19.19300,19.36600,19.19300,19.36600
2008-09-18,19.35400,19.44000,19.23900,19.44000
2008-09-19,19.53600,19.53600,18.95300,18.95300
2008-09-22,18.74800,18.96100,18.74800,18.96100
2008-09-23,18.92100,19.56700,18.92100,19.56700
2008-09-24,19.54400,19.54400,19.30000,19.30000
2008-09-25,19.25200,19.48100,19.25200,19.48100
2008-09-26,19.44700,19.44700,19.23700,19.23700
2008-09-29,19.26700,19.26700,19.21500,19.21500
2008-09-30,19.21700,19.60400,19.21700,19.60400
2008-10-01,19.61600,19.61600,19.32900,19.5
2008-10-02,19.60800,19.60800,19.44200,19.44200
2008-10-03,19.41900,19.46200,19.41900,19.46200
2008-10-06,19.66600,19.66600,19.47400,19.47400
2008-10-07,19.45700,19.45700,19.22900,19.22900
2008-10-08,19.28700,19.37900,19.28700,19.37900
2008-10-09,19.40700,19.56500,19.40700,19.56500
2008-10-10,19.59000,19.59000,19.58500,19.58500
2008-10-13,19.34900,19.36200,19.34900,19.36200
2008-10-14,19.25200,19.49000,19.25200,19.49000
2008-10-15,19.59400,19.70800,19.59400,19.70800
2008-10-16,19.65500,19.65500,19.40500,19.40500
2008-10-17,19.36000,19.36000,19.23600,19.23600
2008-10-20,19.16600,19.51300,19.16600,19.51300
2008-10-21,19.47000,19.51900,19.29500,19.51900
2008-10-22,19.56000,19.56000,19.30900,19.30900
2008-10-23,19.32100,19.32100,19.049999,19.049999
2008-10-24,19.19400,19.21400,19.19400,19.21400
2008-10-27,19.28300,19.28300,19.22300,19.22300
2008-10-28,19.39700,19.39700,18.86100,18.86100
2008-10-29,18.99900,19.11900,18.99900,19.11900
2008-10-30,18.82300,19.63000,18.82300,19.63000
2008-10-31,19.72000,19.72000,19.37300,19.37300
2008-11-03,19.29900,19.66100,19.29900,19.66100
2008-11-04,19.66900,19.66900,18.95200,18.95200
2008-11-05,19.051001,19.39900,19.051001,19.39900
2008-11-06,19.50100,19.68100,19.50100,19.68100
2008-11-07,19.71000,19.71000,19.40600,19.40600
2008-11-10,19.36600,19.61900,19.36600,19.61900
2008-11-11,19.68600,19.68600,19.68400,19.68400
2008-11-12,19.57600,19.57600,19.51900,19.51900
2008-11-13,19.48300,19.48300,18.96400,18.96400
2008-11-14,19.017000,19.53400,19.017000,19.53400
2008-11-17,19.35900,19.35900,19.34800,19.34800
2008-11-18,19.32500,19.32500,19.32100,19.32100
2008-11-19,19.33500,19.57500,19.33500,19.57500
2008-11-20,19.53900,19.53900,19.32700,19.46500
2008-11-21,19.49300,19.49300,19.32100,19.32100
2008-11-24,19.25400,19.26500,18.97300,18.97300
2008-11-25,19.10300,19.11800,19.10300,19.11800
2008-11-26,19.14400,19.50500,19.14400,19.50500
2008-11-27,19.45800,19.45800,19.35900,19.35900
2008-11-28,19.36900,19.51300,19.36900,19.51300
2008-12-01,19.35500,19.44500,19.35500,19.44500
2008-12-02,19.45900,19.45900,19.27600,19.27600
2008-12-03,19.28400,19.28400,19.25800,19.25800
2008-12-04,19.26500,19.34600,19.16100,19.16100
2008-12-05,19.19000,19.33600,19.19000,19.33600
2008-12-08,19.17200,19.26800,19.17200,19.26800
2008-12-09,19.33500,19.33500,19.24700,19.24700
2008-12-10,19.28800,19.28800,19.25700,19.25700
2008-12-11,19.24900,19.35300,19.16000,19.16000
2008-12-12,19.16700,19.36700,19.16700,19.36700
2008-12-15,19.39300,19.39300,19.077000,19.077000
2008-12-16,19.051001,19.051001,18.84000,18.84000
2008-12-17,18.85000,19.025999,18.85000,19.025999
2008-12-18,19.025999,19.86500,19.025999,19.86500
2008-12-19,19.92600,19.92600,19.50200,19.50200
2008-12-22,19.35600,19.43800,19.35600,19.43800
2008-12-23,19.42000,19.56500,19.42000,19.56500
2008-12-24,19.53700,19.53700,19.45400,19.45400
2008-12-25,19.44000,19.44000,19.44000,19.44000
2008-12-26,19.42500,19.42500,19.42500,19.42500
2008-12-29,19.47600,20.025999,19.47600,20.025999
2008-12-30,19.82400,19.82400,19.45600,19.45600
2008-12-31,19.47700,19.47700,19.40000,19.40000
2009-01-01,19.40800,19.40800,19.38000,19.38000
2009-01-02,19.39600,19.41900,19.39600,19.41900
2009-01-05,19.39200,19.40200,19.39200,19.40200
2009-01-06,19.47500,19.47500,19.12300,19.12300
2009-01-07,19.19800,19.45300,19.19800,19.45300
2009-01-08,19.52400,19.52400,19.30300,19.30300
2009-01-09,19.37100,19.89500,19.37100,19.89500
2009-01-12,19.49900,19.61000,19.49900,19.61000
2009-01-13,19.63800,19.66300,19.63800,19.66300
2009-01-14,19.58700,19.58900,19.58700,19.58900
2009-01-15,19.57700,19.57700,19.57000,19.57000
2009-01-16,19.50100,19.51100,19.50100,19.51100
2009-01-19,19.51700,19.78200,19.51700,19.78200
2009-01-20,19.83400,19.83400,19.67900,19.67900
2009-01-21,19.63400,19.63400,19.33800,19.33800
2009-01-22,19.45200,19.50300,19.45200,19.50300
2009-01-23,19.54500,19.54500,19.26100,19.26100
2009-01-26,19.53900,19.53900,19.18900,19.18900
2009-01-27,19.26300,19.53800,19.26300,19.53800
2009-01-28,19.54900,19.72500,19.54500,19.72500
2009-01-29,19.78400,19.84500,19.78400,19.84500
2009-01-30,19.89600,19.89600,19.51200,19.51200
2009-02-02,19.57300,19.57300,19.57300,19.57300
2009-02-03,19.47700,19.55100,19.47700,19.55100
2009-02-04,19.33900,19.56500,19.33900,19.56500
2009-02-05,19.61300,19.61300,19.5,19.5
2009-02-06,19.65700,19.65700,19.54600,19.54600
2009-02-09,19.54000,19.54000,19.54000,19.54000
2009-02-10,19.72700,19.72700,19.52300,19.52300
2009-02-11,19.56900,19.56900,19.56900,19.56900
2009-02-12,19.63000,19.63000,19.52500,19.52500
2009-02-13,19.46300,19.53600,19.46300,19.53600
2009-02-16,19.53900,19.53900,19.52800,19.52800
2009-02-17,19.66200,19.66200,19.55900,19.55900
2009-02-18,19.62800,19.62800,19.57500,19.57500
2009-02-19,19.61700,19.61700,19.57700,19.57700
2009-02-20,19.57500,19.57500,19.25300,19.25300
2009-02-23,19.58300,19.58300,19.58300,19.58300
2009-02-24,19.76700,19.76700,19.60400,19.60400
2009-02-25,19.50800,19.59900,19.50800,19.59900
2009-02-26,19.66200,19.66200,19.61100,19.61100
2009-02-27,19.70000,19.70000,19.53900,19.53900
2009-03-02,19.63400,19.63400,19.63400,19.63400
2009-03-03,19.65000,19.65000,19.59600,19.59600
2009-03-04,19.59200,19.59200,19.59200,19.59200
2009-03-05,19.49100,19.61000,19.49100,19.61000
2009-03-06,19.59900,19.625,19.59900,19.625
2009-03-09,19.52600,19.52600,19.52600,19.52600
2009-03-10,19.45000,19.53700,19.45000,19.53700
2009-03-11,19.53100,19.53500,19.53100,19.53500
2009-03-12,19.51800,19.52900,19.51800,19.52900
2009-03-13,19.38500,19.52500,19.38500,19.52500
2009-03-16,19.32900,19.63800,19.32900,19.63800
2009-03-17,19.60000,19.60000,19.55700,19.55700
2009-03-18,19.51100,19.55100,19.51100,19.55100
2009-03-19,18.92900,19.69200,18.92900,19.69200
2009-03-20,19.62600,19.62600,19.53800,19.53800
2009-03-23,19.35800,19.55500,19.35800,19.55500
2009-03-24,19.52200,19.54800,19.52200,19.54800
2009-03-25,19.69400,19.69400,19.56900,19.56900
2009-03-26,19.40200,19.54000,19.40200,19.54000
2009-03-27,19.62000,19.62000,19.53400,19.53400
2009-03-30,19.68000,19.68000,19.68000,19.68000
2009-03-31,19.65800,19.71200,19.65800,19.71200
2009-04-01,19.87900,19.87900,19.52500,19.52500
2009-04-02,19.53700,19.53700,19.53100,19.53100
2009-04-03,19.36900,19.52900,19.36900,19.52900
2009-04-06,19.54000,19.54000,19.54000,19.54000
2009-04-07,19.81600,19.81600,19.54200,19.54200
2009-04-08,19.52800,19.73100,19.52800,19.73100
2009-04-09,19.72600,19.72900,19.72600,19.72900
2009-04-10,19.95300,19.96600,19.95300,19.96600
2009-04-14,19.61700,19.61700,19.53400,19.53400
2009-04-15,19.54500,19.76400,19.54500,19.76400
2009-04-16,19.80900,19.80900,19.75,19.75
2009-04-17,19.71500,19.75600,19.71500,19.75600
2009-04-20,19.89700,19.89700,19.50700,19.50700
2009-04-21,19.61700,19.61700,19.51900,19.51900
2009-04-22,19.54000,19.54000,19.52500,19.52500
2009-04-23,19.41800,19.41800,19.22700,19.22700
2009-04-24,19.12400,19.12400,18.95300,18.95300
2009-04-27,18.92500,18.92500,18.92500,18.92500
2009-04-28,18.93400,18.93400,18.93400,18.93400
2009-04-29,18.76100,18.97300,18.76100,18.97300
2009-04-30,18.95900,18.95900,18.95900,18.95900
2009-05-01,18.98100,18.98900,18.98100,18.98900
2009-05-04,18.95100,18.95100,18.95100,18.95100
2009-05-05,18.74600,19.79400,18.74600,19.79400
2009-05-06,19.81100,19.81100,19.81100,19.81100
2009-05-07,19.81400,19.81400,19.81300,19.81300
2009-05-08,19.76000,19.79900,19.76000,19.79900
2009-05-11,19.82000,19.82000,19.82000,19.82000
2009-05-12,19.84700,19.84700,19.84700,19.84700
2009-05-13,19.81800,19.91500,19.81800,19.91500
2009-05-14,19.83600,19.83600,19.83600,19.83600
2009-05-15,19.83000,19.83000,19.83000,19.83000
2009-05-18,19.84000,19.84200,19.83700,19.83700
2009-05-19,19.84900,19.84900,19.84900,19.84900
2009-05-20,19.86700,19.86700,19.86700,19.86700
2009-05-21,19.67500,19.68900,19.67500,19.68900
2009-05-22,19.88500,19.88500,19.88500,19.88500
2009-05-25,19.87800,19.87800,19.87400,19.87400
2009-05-26,19.86200,19.86200,19.86200,19.86200
2009-05-27,19.89100,19.89100,19.89100,19.89100
2009-05-28,19.88600,19.88600,19.88600,19.88600
2009-05-29,19.85700,19.85700,19.85700,19.85700
2009-06-02,19.83000,19.83000,19.83000,19.83000
2009-06-03,19.90000,19.90000,19.90000,19.90000
2009-06-04,19.94100,19.94100,19.94100,19.94100
2009-06-05,19.88200,19.90800,19.88200,19.90800
2009-06-08,19.89300,19.89300,19.89300,19.89300
2009-06-09,19.90900,19.90900,19.90900,19.90900
2009-06-10,19.91800,19.91800,19.91800,19.91800
2009-06-11,19.93900,19.93900,19.93900,19.93900
2009-06-12,19.92400,19.92400,19.92400,19.92400
2009-06-15,19.96700,19.96700,19.96700,19.96700
2009-06-16,19.91900,19.91900,19.91900,19.91900
2009-06-17,19.92900,19.92900,19.92900,19.92900
2009-06-18,19.76800,19.98700,19.74200,19.98100
2009-06-19,19.93500,19.93500,19.93500,19.93500
2009-06-22,19.91500,19.91500,19.91500,19.91500
2009-06-23,19.91300,19.91300,19.40800,19.40800
2009-06-24,19.24600,19.40700,19.24000,19.40700
2009-06-25,19.59300,19.59900,19.41400,19.41400
2009-06-26,19.26600,19.40900,19.26600,19.40900
2009-06-29,19.41600,19.41600,19.375,19.375
2009-06-30,19.41300,19.41300,19.41300,19.41300
2009-07-01,19.41900,19.41900,19.41900,19.41900
2009-07-02,19.33100,19.43500,19.32700,19.41800
2009-07-03,19.42500,19.42500,19.42500,19.42500
2009-07-06,19.43800,19.43800,19.43800,19.43800
2009-07-07,19.43400,19.43400,19.43400,19.43400
2009-07-08,19.43900,19.43900,19.43800,19.43800
2009-07-09,19.50100,19.50100,19.43600,19.43600
2009-07-10,19.42900,19.43300,19.42900,19.43300
2009-07-13,19.45200,19.46400,19.43000,19.43000
2009-07-14,19.43000,19.43000,19.41700,19.41700
2009-07-15,19.43800,19.43800,19.43800,19.43800
2009-07-16,19.40800,19.45400,19.38500,19.39300
2009-07-17,19.43200,19.43200,19.43200,19.43200
2009-07-20,19.48900,19.48900,19.48900,19.48900
2009-07-21,19.49500,19.49500,19.49500,19.49500
2009-07-22,19.49900,19.50400,19.49900,19.50400
2009-07-23,19.5,19.5,19.5,19.5
2009-07-24,19.59300,19.59500,19.48500,19.48500
2009-07-27,19.48600,19.48600,19.48600,19.48600
2009-07-28,19.49500,19.49500,19.49500,19.49500
2009-07-29,19.65900,19.65900,19.49500,19.49500
2009-07-30,19.50100,19.50100,19.50100,19.50100
2009-07-31,19.49500,19.50800,19.49500,19.50800
2009-08-03,19.52200,19.52200,19.52200,19.52200
2009-08-04,19.53400,19.53400,19.53400,19.53400
2009-08-05,19.95900,19.95900,19.95900,19.95900
2009-08-06,20.070999,20.091999,20.070999,20.091999
2009-08-07,20.098000,20.098000,20.098000,20.098000
2009-08-10,19.53100,19.53100,19.53100,19.53100
2009-08-11,20.10400,20.10400,20.084000,20.084000
2009-08-12,20.12700,20.12700,19.53600,19.53600
2009-08-13,19.46600,19.54200,19.46600,19.54200
2009-08-14,20.087999,20.087999,20.087999,20.087999
2009-08-17,19.56700,19.56700,19.56700,19.56700
2009-08-18,19.58500,19.58500,19.58100,19.58100
2009-08-19,19.51000,20.11400,19.51000,19.93500
2009-08-20,19.95200,19.95500,19.59400,19.59400
2009-08-21,19.58500,19.58500,19.58500,19.58500
2009-08-24,19.57100,19.58900,19.57100,19.58900
2009-08-25,19.56500,19.56500,19.56500,19.56500
2009-08-26,19.56300,19.58200,19.56300,19.58200
2009-08-27,19.65400,19.65400,19.57700,19.57700
2009-08-28,19.65800,19.65800,19.65800,19.65800
2009-08-31,19.60800,19.60800,19.60800,19.60800
2009-09-01,19.52900,20.13700,19.52900,20.13700
2009-09-02,19.62200,19.62200,19.62200,19.62200
2009-09-03,19.62200,19.62200,19.62200,19.62200
2009-09-04,19.60900,19.60900,19.60900,19.60900
2009-09-07,19.51500,19.62400,19.51500,19.62400
2009-09-08,19.625,19.625,19.625,19.625
2009-09-09,19.63600,19.63600,19.63600,19.63600
2009-09-10,19.63000,19.63000,19.56900,19.57100
2009-09-11,19.62700,19.62700,19.62700,19.62700
2009-09-14,19.625,19.625,19.625,19.625
2009-09-15,19.64100,19.64100,19.57200,19.57200
2009-09-16,19.61700,19.61700,19.61700,19.61700
2009-09-17,19.62900,19.62900,19.61200,19.61400
2009-09-18,19.62800,19.62800,19.62600,19.62600
2009-09-21,19.62800,19.62800,19.60100,19.60100
2009-09-22,19.62600,19.62600,19.62600,19.62600
2009-09-23,19.625,19.62800,19.62300,19.62300
2009-09-24,19.62600,19.77700,19.62600,19.77700
2009-09-25,19.63700,19.64300,19.63100,19.64300
2009-09-28,19.62900,19.64000,19.62900,19.64000
2009-09-29,19.62300,19.62300,19.58000,19.58000
2009-09-30,19.62800,19.62800,19.62800,19.62800
2009-10-01,19.62900,19.64000,19.62000,19.64000
2009-10-02,19.55400,19.55400,19.55400,19.55400
2009-10-05,19.63400,19.63400,19.63400,19.63400
2009-10-06,19.60300,19.63300,19.60300,19.63100
2009-10-07,18.64000,18.64000,18.64000,18.64000
2009-10-08,20.27000,20.27000,20.27000,20.27000
2009-10-09,20.27600,20.27600,19.75,19.75
2009-10-12,19.77400,19.77400,19.77400,19.77400
2009-10-13,19.26000,19.26000,19.23700,19.23700
2009-10-14,19.27400,19.27400,19.27400,19.27400
2009-10-15,20.29100,20.29100,20.29100,20.29100
2009-10-16,19.70900,19.70900,19.70900,19.70900
2009-10-19,19.79300,19.79300,19.79300,19.79300
2009-10-20,19.29600,19.29600,19.29600,19.29600
2009-10-21,18.74100,18.74100,18.74100,18.74100
2009-10-22,18.29400,18.29400,18.29400,18.29400
2009-10-23,17.79500,17.83500,17.79500,17.83500
2009-10-26,17.49200,17.49200,17.49200,17.49200
2009-10-27,16.80400,16.80400,16.80400,16.80400
2009-10-28,16.87200,16.87200,16.31000,16.37600
2009-10-29,16.39600,20.32100,16.39600,20.16800
2009-10-30,20.32300,20.43200,20.32300,20.43200
2009-11-02,20.33600,20.33600,20.33500,20.33500
2009-11-03,20.31400,20.32400,20.31400,20.31800
2009-11-04,20.15700,20.15700,20.15700,20.15700
2009-11-05,20.35700,20.35700,20.35700,20.35700
2009-11-06,20.35200,20.35200,20.35200,20.35200
2009-11-09,20.35200,20.35200,20.35200,20.35200
2009-11-10,20.35500,20.35500,20.35500,20.35500
2009-11-11,20.36400,20.36400,20.36400,20.36400
2009-11-12,20.36200,20.36200,20.36200,20.36200
2009-11-13,20.36400,20.36400,20.33900,20.33900
2009-11-16,20.37200,20.37200,20.37200,20.37200
2009-11-17,20.40000,20.41900,20.40000,20.41900
2009-11-18,20.38200,20.38800,20.38200,20.38800
2009-11-19,20.38600,20.38600,20.38600,20.38600
2009-11-20,20.39800,20.39800,20.39800,20.39800
2009-11-23,20.38300,20.38300,20.38300,20.38300
2009-11-24,20.40100,20.40100,20.40100,20.40100
2009-11-25,20.40900,20.40900,20.39400,20.39400
2009-11-26,20.33100,20.41100,20.33100,20.41100
2009-11-27,20.40900,20.40900,20.40900,20.40900
2009-11-30,20.42300,20.42300,20.42300,20.42300
2009-12-01,20.42200,20.42200,20.39300,20.39300
2009-12-02,20.43200,20.48300,20.43200,20.48300
2009-12-03,20.43000,20.43000,20.43000,20.43000
2009-12-04,20.42500,20.42500,20.42500,20.42500
2009-12-07,20.68700,20.68700,20.42300,20.42300
2009-12-08,20.44100,20.44100,20.44100,20.44100
2009-12-09,20.43700,20.43700,20.43700,20.43700
2009-12-10,20.44200,20.44200,20.44200,20.44200
2009-12-11,20.44400,20.65700,20.44400,20.65700
2009-12-14,20.44000,20.44000,20.44000,20.44000
2009-12-15,20.44700,20.44700,20.44700,20.44700
2009-12-16,20.44800,20.44800,20.44800,20.44800
2009-12-17,20.45300,20.45300,20.45300,20.45300
2009-12-18,20.45000,20.45000,20.45000,20.45000
2009-12-21,20.45100,20.45100,20.45100,20.45100
2009-12-22,20.53800,20.53800,20.45300,20.45300
2009-12-23,20.48300,20.48300,20.46400,20.46400
2009-12-24,20.46900,20.46900,20.46900,20.46900
2009-12-28,20.47100,20.47100,20.47100,20.47100
2009-12-29,20.49400,20.49400,20.49400,20.49400
2009-12-30,20.65300,20.65300,20.47500,20.47500
2009-12-31,20.48200,20.48200,20.48200,20.48200
2010-01-04,20.64900,20.64900,20.45600,20.45700
2010-01-05,20.50700,20.50700,20.50700,20.50700
2010-01-06,20.53100,20.61400,20.50200,20.50300
2010-01-07,20.39900,20.51600,20.39900,20.50200
2010-01-08,20.52500,20.52500,20.52500,20.52500
2010-01-11,20.52700,20.52700,20.52700,20.52700
2010-01-12,20.52700,20.52700,20.52700,20.52700
2010-01-13,20.53200,20.53200,20.53200,20.53200
2010-01-14,20.52500,20.54200,20.52500,20.54200
2010-01-15,20.53800,20.53800,20.53800,20.53800
2010-01-18,20.55000,20.55000,20.55000,20.55000
2010-01-19,20.53700,20.53700,20.53700,20.53700
2010-01-20,20.55100,20.55100,20.55100,20.55100
2010-01-21,20.57400,20.57400,20.53300,20.53300
2010-01-22,20.48700,20.54400,20.48700,20.54400
2010-01-25,20.47700,20.59500,20.47700,20.58000
2010-01-26,20.55700,20.55700,20.55700,20.55700
2010-01-27,20.55000,20.55000,20.55000,20.55000
2010-01-28,20.55500,20.55500,20.55500,20.55500
2010-01-29,20.56700,20.56700,20.56700,20.56700
2010-02-01,20.56600,20.56600,20.56600,20.56600
2010-02-02,20.56300,20.56300,20.56200,20.56200
2010-02-03,20.54700,20.58200,20.54700,20.58200
2010-02-04,20.57200,20.57200,20.57200,20.57200
2010-02-05,20.57000,20.57000,20.57000,20.57000
2010-02-08,20.57000,20.57000,20.57000,20.57000
2010-02-09,20.57900,20.57900,20.57900,20.57900
2010-02-10,20.58400,20.58400,20.58400,20.58400
2010-02-11,20.59600,20.59600,20.59600,20.59600
2010-02-12,20.58500,20.58500,20.58500,20.58500
2010-02-15,20.58900,20.58900,20.58900,20.58900
2010-02-16,20.59300,20.59300,20.59300,20.59300
2010-02-17,20.61500,20.61500,20.61500,20.61500
2010-02-18,20.60400,20.60400,20.60000,20.60000
2010-02-19,20.60300,20.60300,20.59400,20.59400
2010-02-22,20.61100,20.61100,20.61100,20.61100
2010-02-23,20.60800,20.62300,20.60800,20.62300
2010-02-24,20.62300,20.62300,20.60700,20.61700
2010-02-25,20.62100,20.62100,20.62100,20.62100
2010-02-26,20.61100,20.61100,20.61100,20.61100
2010-03-01,20.61800,20.71300,20.61800,20.71300
2010-03-02,20.62800,20.62800,20.54100,20.54100
2010-03-03,20.64800,20.64800,20.64800,20.64800
2010-03-04,20.64400,20.64400,20.64400,20.64400
2010-03-05,20.66100,20.66100,20.66100,20.66100
2010-03-08,20.65600,20.65600,20.65600,20.65600
2010-03-09,20.70300,20.70300,20.64900,20.64900
2010-03-10,20.65400,20.65400,20.65400,20.65400
2010-03-11,20.65800,20.65800,20.65800,20.65800
2010-03-12,20.68200,20.68200,20.68200,20.68200
2010-03-15,20.67700,20.67700,20.67700,20.67700
2010-03-16,20.68000,20.68000,20.68000,20.68000
2010-03-17,20.69100,20.69100,20.69100,20.69100
2010-03-18,20.77700,20.77700,20.68500,20.68500
2010-03-19,20.70100,20.70100,20.70100,20.70100
2010-03-22,20.68800,20.68800,20.68800,20.68800
2010-03-23,20.62200,20.69200,20.62200,20.69200
2010-03-24,20.69900,20.69900,20.69900,20.69900
2010-03-25,20.72000,20.74300,20.70700,20.70700
2010-03-26,20.71000,20.71000,20.71000,20.71000
2010-03-29,20.70300,20.70300,20.70300,20.70300
2010-03-30,20.69700,20.71700,20.69700,20.71700
2010-03-31,20.71700,20.71700,20.71700,20.71700
2010-04-01,20.73100,20.73100,20.73100,20.73100
2010-04-02,20.60900,20.63800,20.60900,20.63800
2010-04-05,20.74100,20.74100,20.74100,20.74100
2010-04-06,20.83600,20.83600,20.73300,20.73300
2010-04-07,20.73200,20.73200,20.73200,20.73200
2010-04-08,20.75400,20.75400,20.74000,20.74000
2010-04-09,20.73600,20.73600,20.73600,20.73600
2010-04-12,20.74600,20.76700,20.74600,20.76700
2010-04-13,20.78000,20.78000,20.72900,20.72900
2010-04-14,20.75500,20.75500,20.75500,20.75500
2010-04-15,20.75700,20.75700,20.75700,20.75700
2010-04-16,20.75200,20.80900,20.75200,20.80900
2010-04-19,20.76800,20.76800,20.76800,20.76800
2010-04-20,20.77300,20.77300,20.77300,20.77300
2010-04-21,20.78700,20.78700,20.78700,20.78700
2010-04-22,20.77200,20.77200,20.77200,20.77200
2010-04-23,20.78500,20.78500,20.78500,20.78500
2010-04-26,20.79100,20.79100,20.79100,20.79100
2010-04-27,20.78500,20.78500,20.78500,20.78500
2010-04-28,20.98700,20.98700,20.79000,20.79000
2010-04-29,20.79800,20.79800,20.79800,20.79800
2010-04-30,20.79800,20.79800,20.79800,20.79800
2010-05-03,20.80700,20.80700,20.80700,20.80700
2010-05-04,20.79600,20.79600,20.79600,20.79600
2010-05-05,20.82300,20.82300,20.82300,20.82300
2010-05-06,20.82100,20.82100,20.82100,20.82100
2010-05-07,20.83200,20.83200,20.82600,20.82600
2010-05-10,20.82600,20.82600,20.82600,20.82600
2010-05-11,20.81500,20.81500,20.81500,20.81500
2010-05-12,20.80000,20.80000,20.80000,20.80000
2010-05-13,20.78100,20.80500,20.78100,20.80500
2010-05-14,20.79700,20.79700,20.79700,20.79700
2010-05-17,20.80100,20.80100,20.69200,20.69200
2010-05-18,20.82500,20.82500,20.82500,20.82500
2010-05-19,20.80400,20.80400,20.40900,20.58900
2010-05-20,20.81500,20.81500,20.81500,20.81500
2010-05-21,20.52100,20.81400,20.52100,20.81400
2010-05-24,20.82400,20.82400,20.82400,20.82400
2010-05-25,20.84100,20.84100,20.84100,20.84100
2010-05-26,20.83100,20.83100,20.83100,20.83100
2010-05-27,21.055000,21.055000,20.84300,20.84300
2010-05-28,20.82200,20.88300,20.82200,20.88300
2010-05-31,20.84300,20.84300,20.84300,20.84300
2010-06-01,20.82100,20.82100,20.82100,20.82100
2010-06-02,20.84600,20.84600,20.84600,20.84600
2010-06-03,20.86000,20.86000,20.86000,20.86000
2010-06-04,20.99700,20.99700,20.99700,20.99700
2010-06-07,20.85400,20.85400,20.85400,20.85400
2010-06-08,20.85500,20.85500,20.85500,20.85500
2010-06-09,20.85900,20.85900,20.85900,20.85900
2010-06-10,20.87700,20.87700,20.87700,20.87700
2010-06-11,20.88000,20.88000,20.88000,20.88000
2010-06-14,20.88800,20.88800,20.88800,20.88800
2010-06-15,20.86000,20.86000,20.86000,20.86000
2010-06-16,20.91000,20.91000,20.88500,20.88500
2010-06-17,20.89800,20.89800,20.89800,20.89800
2010-06-18,20.91100,20.91100,20.91100,20.91100
2010-06-21,20.90600,20.96700,20.90600,20.96700
2010-06-22,20.91200,20.91200,20.91200,20.91200
2010-06-23,20.91300,20.91300,20.91300,20.91300
2010-06-24,20.91900,20.91900,20.91900,20.91900
2010-06-25,20.88400,20.93000,20.88400,20.93000
2010-06-28,20.92400,20.92400,20.92400,20.92400
2010-06-29,20.94000,20.94000,20.94000,20.94000
2010-06-30,20.94400,20.94400,20.94400,20.94400
2010-07-01,20.94900,20.94900,20.94900,20.94900
2010-07-02,20.63400,20.94600,20.63400,20.94400
2010-07-05,20.96400,20.96400,20.96400,20.96400
2010-07-06,20.96900,20.96900,20.96900,20.96900
2010-07-07,20.97400,20.97400,20.97400,20.97400
2010-07-08,20.97100,20.97300,20.97100,20.97300
2010-07-09,20.97500,20.97500,20.97500,20.97500
2010-07-12,20.97500,20.97500,20.97500,20.97500
2010-07-13,20.99000,20.99000,20.99000,20.99000
2010-07-14,20.75600,20.99600,20.75600,20.94200
2010-07-15,20.99600,20.99600,20.99600,20.99600
2010-07-16,20.83000,20.97800,20.83000,20.97800
2010-07-19,21.0020008,21.0020008,21.0020008,21.0020008
2010-07-20,21.011000,21.011000,21.011000,21.011000
2010-07-21,21.013000,21.013000,21.013000,21.013000
2010-07-22,21.027000,21.027000,21.027000,21.027000
2010-07-23,21.034000,21.034000,21.034000,21.034000
2010-07-26,21.031000,21.031000,21.031000,21.031000
2010-07-27,21.035000,21.035000,21.035000,21.035000
2010-07-28,21.034000,21.034000,21.034000,21.034000
2010-07-29,21.056000,21.056000,21.056000,21.056000
2010-07-30,21.052999,21.052999,21.052999,21.052999
2010-08-02,21.055000,21.055000,21.055000,21.055000
2010-08-03,21.059999,21.059999,21.059999,21.059999
2010-08-04,21.072001,21.072001,21.059999,21.059999
2010-08-05,21.072001,21.072001,21.072001,21.072001
2010-08-06,21.073999,21.073999,21.072001,21.072001
2010-08-09,21.073000,21.073000,20.89200,20.89200
2010-08-10,21.080999,21.080999,21.073000,21.073000
2010-08-11,21.087000,21.087000,21.080999,21.080999
2010-08-12,21.079000,21.087000,21.079000,21.087000
2010-08-13,21.079000,21.079000,21.079000,21.079000
2010-08-16,21.082001,21.13100,21.082001,21.13100
2010-08-17,21.10200,21.10200,21.082001,21.082001
2010-08-18,21.096001,21.10200,21.096001,21.10200
2010-08-19,21.10000,21.10000,21.096001,21.096001
2010-08-20,21.084999,21.10000,21.084999,21.10000
2010-08-23,21.12100,21.12100,21.11200,21.11200
2010-08-24,21.22200,21.22700,21.11000,21.12100
2010-08-25,21.12200,21.12200,21.11000,21.11000
2010-08-26,21.12400,21.12400,21.12200,21.12200
2010-08-27,21.11600,21.12400,21.11600,21.12400
2010-08-30,21.11600,21.11600,21.040001,21.040001
2010-08-31,21.13300,21.13300,21.11600,21.11600
2010-09-01,21.13900,21.13900,21.13300,21.13300
2010-09-02,21.12300,21.13900,21.12300,21.13900
2010-09-03,21.14300,21.14300,21.12300,21.12300
2010-09-06,21.15300,21.15300,21.073999,21.073999
2010-09-07,21.15900,21.15900,21.15300,21.15300
2010-09-08,21.15200,21.15900,21.15200,21.15900
2010-09-09,21.15900,21.15900,21.15200,21.15200
2010-09-10,21.16100,21.16100,21.15900,21.15900
2010-09-13,21.16800,21.16800,21.16100,21.16100
2010-09-14,21.18300,21.18300,21.16800,21.16800
2010-09-15,21.17100,21.18300,21.17100,21.18300
2010-09-16,21.20000,21.20000,21.17100,21.17100
2010-09-17,21.18700,21.20000,21.18700,21.20000
2010-09-20,21.19700,21.26900,21.19700,21.26900
2010-09-21,21.20700,21.20700,21.19700,21.19700
2010-09-22,21.23000,21.23000,21.20700,21.20700
2010-09-23,21.21000,21.21000,21.18800,21.18800
2010-09-24,21.22400,21.22400,21.21000,21.21000
2010-09-27,21.22400,21.22400,21.12000,21.12000
2010-09-28,21.22600,21.22600,21.22400,21.22400
2010-09-29,21.23300,21.23300,21.22600,21.22600
2010-09-30,21.23700,21.23700,21.23300,21.23300
2010-10-01,21.23800,21.23800,21.23700,21.23700
2010-10-04,21.25100,21.25100,21.19400,21.19400
2010-10-05,21.26400,21.26400,21.25100,21.25100
2010-10-06,21.30200,21.30200,21.26400,21.26400
2010-10-07,21.27600,21.30200,21.27600,21.30200
2010-10-08,21.25400,21.27600,21.25400,21.27600
2010-10-11,21.28000,21.28000,21.21300,21.21300
2010-10-12,21.28200,21.35300,21.28200,21.35300
2010-10-13,21.29800,21.29800,21.28200,21.28200
2010-10-14,21.29500,21.29800,21.29500,21.29800
2010-10-15,21.30200,21.30200,21.29500,21.29500
2010-10-18,21.29600,21.45700,21.29600,21.45700
2010-10-19,21.31200,21.31200,21.19200,21.19200
2010-10-20,21.31600,21.31600,21.31200,21.31200
2010-10-21,21.31500,21.31600,21.31500,21.31600
2010-10-22,21.32200,21.32200,21.31500,21.31500
2010-10-25,21.31700,21.32800,20.39200,21.32800
2010-10-26,21.33400,21.33400,20.39200,20.39200
2010-10-27,21.32900,21.33400,21.32900,21.33400
2010-10-28,21.33600,21.33600,21.32900,21.32900
2010-10-29,21.34600,21.34600,21.33600,21.33600
2010-11-01,21.35200,21.35200,21.28700,21.28700
2010-11-02,21.34500,21.35200,21.34500,21.35200
2010-11-03,21.35800,21.35800,21.34500,21.34500
2010-11-04,21.24300,21.36400,21.17400,21.35800
2010-11-05,21.35100,21.38000,21.33300,21.33300
2010-11-08,21.36400,21.38000,21.33300,21.38000
2010-11-09,21.34700,21.34700,21.33300,21.33300
2010-11-10,21.35900,21.35900,21.34700,21.34700
2010-11-11,21.36900,21.36900,21.35900,21.35900
2010-11-12,21.38300,21.38300,21.36900,21.36900
2010-11-15,21.40800,21.40800,21.36700,21.36700
2010-11-16,21.37800,21.37800,21.37200,21.37200
2010-11-17,21.53000,21.55500,21.37600,21.37800
2010-11-18,21.39000,21.39000,21.37600,21.37600
2010-11-19,21.38700,21.39000,21.38700,21.39000
2010-11-22,21.40400,21.44000,21.35400,21.35400
2010-11-23,21.39900,21.44000,21.39900,21.44000
2010-11-24,21.38200,21.39900,21.38200,21.39900
2010-11-25,21.39800,21.39800,21.38200,21.38200
2010-11-26,21.40800,21.40800,21.39800,21.39800
2010-11-29,21.39900,21.40800,21.39900,21.40800
2010-11-30,21.42100,21.42100,21.40000,21.40000
2010-12-01,21.41600,21.42100,21.41600,21.42100
2010-12-02,21.41900,21.41900,21.41600,21.41600
2010-12-03,21.41400,21.41900,21.41400,21.41900
2010-12-06,21.39900,21.39900,21.23800,21.23800
2010-12-07,21.42900,21.42900,21.39900,21.39900
2010-12-08,21.43500,21.43500,21.42900,21.42900
2010-12-09,21.44800,21.44800,21.43500,21.43500
2010-12-10,21.42600,21.44800,21.40500,21.44800
2010-12-13,21.45200,21.45200,21.38700,21.40500
2010-12-14,21.45900,21.45900,21.38700,21.38700
2010-12-15,21.45700,21.45900,21.45700,21.45900
2010-12-16,21.45100,21.45700,21.45100,21.45700
2010-12-17,21.47300,21.47300,21.45100,21.45100
2010-12-20,21.45700,21.66200,21.45700,21.66200
2010-12-21,21.47000,21.47000,21.45700,21.45700
2010-12-22,21.51000,21.51000,21.46600,21.47000
2010-12-23,21.46900,21.46900,21.46600,21.46600
2010-12-24,21.41400,21.47900,21.41400,21.46900
2010-12-27,21.48800,21.48800,21.47900,21.47900
2010-12-28,21.48700,21.48800,21.48700,21.48800
2010-12-29,21.49300,21.49300,21.48700,21.48700
2010-12-30,21.49000,21.49300,21.49000,21.49300
2010-12-31,21.5,21.5,21.49000,21.49000
2011-01-03,21.50300,21.69200,21.50300,21.69200
2011-01-04,21.50600,21.50600,21.50300,21.50300
2011-01-05,21.51600,21.51600,21.50600,21.50600
2011-01-06,21.49300,21.51600,21.49300,21.51600
2011-01-07,21.50400,21.50400,21.49300,21.49300
2011-01-10,21.51600,21.56100,21.51600,21.56100
2011-01-11,21.53300,21.53300,21.51600,21.51600
2011-01-12,21.47100,21.52800,21.47100,21.49900
2011-01-13,21.54400,21.54400,21.25800,21.25800
2011-01-14,21.58000,21.58000,21.53200,21.53200
2011-01-17,21.55200,21.60000,21.55200,21.60000
2011-01-18,21.55400,21.55400,21.55200,21.55200
2011-01-19,21.57200,21.57200,21.55400,21.55400
2011-01-20,21.58100,21.58100,21.57200,21.57200
2011-01-21,21.63400,21.63400,21.47500,21.62000
2011-01-24,21.56800,21.56800,21.46900,21.46900
2011-01-25,21.59000,21.59000,21.56800,21.56800
2011-01-26,21.47800,21.59000,21.47800,21.59000
2011-01-27,21.59400,21.61600,21.59400,21.61600
2011-01-28,21.58300,21.59400,21.58300,21.59400
2011-01-31,21.59900,21.78100,21.59900,21.78100
2011-02-01,21.60600,21.60600,21.59900,21.59900
2011-02-02,21.61700,21.61700,21.60600,21.60600
2011-02-03,21.60700,21.62400,21.59500,21.61700
2011-02-04,21.61100,21.62400,21.61100,21.62400
2011-02-07,21.61500,21.68500,21.61500,21.68500
2011-02-08,21.64200,21.64200,21.54500,21.54500
2011-02-09,21.63100,21.64200,21.63100,21.64200
2011-02-10,21.65000,21.65000,21.63100,21.63100
2011-02-11,21.63500,21.65000,21.63500,21.65000
2011-02-14,21.63500,21.63500,21.63400,21.63400
2011-02-15,21.64600,21.64600,21.63500,21.63500
2011-02-16,21.66400,21.66400,21.64600,21.64600
2011-02-17,21.65000,21.66400,21.65000,21.66400
2011-02-18,21.57600,21.65000,21.57600,21.65000
2011-02-21,21.66100,21.66100,21.46100,21.46100
2011-02-22,21.65700,21.66100,21.65700,21.66100
2011-02-23,21.59000,21.68000,21.59000,21.65800
2011-02-24,21.68700,21.68700,21.68000,21.68000
2011-02-25,21.67100,21.68700,21.67100,21.68700
2011-02-28,21.68200,21.68200,21.67100,21.67100
2011-03-01,21.70400,21.70400,21.68200,21.68200
2011-03-02,21.69500,21.70400,21.69500,21.70400
2011-03-03,21.70500,21.70500,21.69500,21.69500
2011-03-04,21.69900,21.70500,21.69900,21.70500
2011-03-07,21.71000,21.71000,21.68300,21.68300
2011-03-08,21.79700,21.79700,21.71000,21.71000
2011-03-09,21.71400,21.72300,21.71400,21.72300
2011-03-10,21.72800,21.72800,21.71400,21.71400
2011-03-11,21.72800,21.72800,21.72000,21.72000
2011-03-14,21.74300,21.74300,21.58800,21.58800
2011-03-15,21.74100,21.74300,21.74100,21.74300
2011-03-16,21.75,21.75,21.74100,21.74100
2011-03-17,21.75100,21.75100,21.75,21.75
2011-03-18,21.75500,21.75500,21.75100,21.75100
2011-03-21,21.68300,21.75700,21.68300,21.69400
2011-03-22,21.65100,21.77100,21.65100,21.70000
2011-03-23,21.75800,21.83200,21.75800,21.83200
2011-03-24,21.75300,21.79300,21.75300,21.79300
2011-03-25,21.70300,21.77600,21.70300,21.75300
2011-03-28,21.92700,21.92700,21.77700,21.92000
2011-03-29,21.78300,21.78300,21.77700,21.77700
2011-03-30,21.79200,21.79200,21.78300,21.78300
2011-03-31,21.68400,21.79200,21.68400,21.79200
2011-04-01,21.84600,21.84600,21.78700,21.78700
2011-04-04,21.79300,21.79300,21.67000,21.67000
2011-04-05,21.82800,21.82800,21.79400,21.79400
2011-04-06,21.81100,21.81100,21.80000,21.80000
2011-04-07,21.80100,21.84500,21.80100,21.81100
2011-04-08,21.63900,21.81600,21.63900,21.80200
2011-04-11,21.83500,21.83500,21.77900,21.77900
2011-04-12,21.92900,21.92900,21.83500,21.83500
2011-04-13,21.84300,21.84300,21.80100,21.80100
2011-04-14,21.84700,21.86400,21.83400,21.84300
2011-04-18,21.84200,21.85700,21.84200,21.85700
2011-04-19,21.85000,21.85000,21.84200,21.84200
2011-04-20,21.86300,21.86300,21.85000,21.85000
2011-04-21,21.73000,21.88100,21.73000,21.86300
2011-04-22,21.73000,21.88100,21.73000,21.86300
2011-04-25,21.95400,21.95400,21.88100,21.88100
2011-04-26,21.88700,21.95400,21.88700,21.95400
2011-04-27,21.78900,21.89000,21.78900,21.89000
2011-04-28,21.63400,21.89900,21.62900,21.88600
2011-04-29,21.86200,21.89900,21.86100,21.89900
2011-05-02,21.89500,21.95400,21.89500,21.95400
2011-05-03,21.98200,21.98200,21.89200,21.89500
2011-05-04,21.85200,21.91000,21.84300,21.89200
2011-05-05,21.91200,21.91200,21.91000,21.91000
2011-05-06,22.30500,22.30500,21.91200,21.91200
2011-05-09,22.11200,22.11200,21.90400,21.96900
2011-05-10,21.91100,21.91100,21.90400,21.90400
2011-05-11,21.92000,21.92000,21.91100,21.91100
2011-05-12,21.90000,21.92000,21.90000,21.92000
2011-05-13,21.92800,21.92800,21.90000,21.90000
2011-05-16,21.92100,22.18400,21.92100,22.18400
2011-05-17,21.93600,21.93600,21.92100,21.92100
2011-05-18,21.83800,21.93800,21.82600,21.91600
2011-05-19,21.91200,21.93800,21.91200,21.93800
2011-05-20,21.86700,21.93500,21.86700,21.93500
2011-05-23,21.94000,22.055000,21.94000,22.055000
2011-05-24,21.95600,21.95600,21.94000,21.94000
2011-05-25,22.056000,22.056000,21.95600,21.95600
2011-05-26,21.96400,21.96400,21.95700,21.95700
2011-05-27,21.96600,21.96600,21.96400,21.96400
2011-05-30,21.96400,21.96400,21.86300,21.86300
2011-05-31,21.98200,21.98200,21.96400,21.96400
2011-06-01,21.98800,21.98800,21.98200,21.98200
2011-06-02,22.014000,22.014000,21.98800,21.98800
2011-06-03,21.99200,21.99200,21.98900,21.98900
2011-06-06,21.76500,21.99000,21.76500,21.82100
2011-06-07,22.0070000,22.0070000,21.99000,21.99000
2011-06-08,22.0079994,22.0079994,22.0070000,22.0070000
2011-06-09,22.0079994,22.011000,21.98300,22.0079994
2011-06-10,22.17300,22.17300,22.00099945,22.011000
2011-06-13,22.19600,22.19600,22.013000,22.15500
2011-06-14,21.90600,22.021999,21.90600,22.013000
2011-06-15,22.041000,22.041000,22.011000,22.021999
2011-06-16,22.0090008,22.011000,22.0090008,22.011000
2011-06-17,22.031000,22.031000,22.0090008,22.0090008
2011-06-20,22.11100,22.11100,21.96500,21.96500
2011-06-21,21.84200,22.044001,21.84200,22.041000
2011-06-22,22.047001,22.047001,22.044001,22.044001
2011-06-23,22.030001,22.047001,22.030001,22.047001
2011-06-24,22.032000,22.032000,22.030001,22.030001
2011-06-27,22.14700,22.14900,22.045000,22.070999
2011-06-28,22.061001,22.061001,21.96200,21.96200
2011-06-29,22.051001,22.061001,22.051001,22.061001
2011-06-30,22.076000,22.076000,22.051001,22.051001
2011-07-01,21.99000,22.072001,21.99000,22.0070000
2011-07-04,22.077999,22.077999,22.042000,22.042000
2011-07-05,22.089001,22.089001,22.077999,22.077999
2011-07-06,22.089001,22.089001,22.089001,22.089001
2011-07-07,22.094000,22.094000,22.089001,22.089001
2011-07-08,22.090000,22.094000,22.090000,22.094000
2011-07-11,22.22500,22.27300,22.10600,22.12100
2011-07-12,22.31800,22.37200,22.096001,22.10600
2011-07-13,22.11100,22.11100,22.096001,22.096001
2011-07-14,22.10300,22.11100,22.10300,22.11100
2011-07-15,22.10400,22.10400,22.10300,22.10300
2011-07-18,22.089001,22.091999,22.084999,22.091999
2011-07-19,22.11700,22.11700,22.084999,22.084999
2011-07-20,22.15400,22.15400,22.11700,22.11700
2011-07-21,22.056000,22.16000,22.056000,22.16000
2011-07-22,22.13900,22.18300,22.13000,22.13000
2011-07-25,22.13600,22.19600,22.13600,22.19600
2011-07-26,21.93600,22.15000,21.93600,22.13600
2011-07-27,22.15400,22.15400,22.15000,22.15000
2011-07-28,22.32000,22.33500,22.15400,22.15400
2011-07-29,22.15900,22.16400,22.15900,22.16400
2011-08-01,22.16000,22.16000,21.93400,21.93400
2011-08-02,22.16300,22.16300,22.077999,22.16000
2011-08-03,22.17200,22.19400,21.97300,22.098000
2011-08-04,22.12700,22.33900,22.11400,22.18300
2011-08-05,22.17200,22.33900,22.16700,22.33900
2011-08-08,21.89800,22.19700,21.89800,22.18200
2011-08-09,22.19200,22.19700,22.19000,22.19700
2011-08-10,22.059000,22.19400,22.049999,22.19000
2011-08-11,22.20800,22.20800,22.19400,22.19400
2011-08-12,22.18900,22.20800,22.18900,22.20800
2011-08-15,22.073000,22.20300,21.97400,22.18800
2011-08-16,22.052999,22.20700,21.97800,21.97800
2011-08-17,22.18800,22.25900,22.091999,22.17900
2011-08-18,22.21500,22.22200,22.21500,22.22200
2011-08-19,22.21100,22.21500,22.21100,22.21500
2011-08-22,22.073000,22.22800,22.073000,22.084000
2011-08-23,22.23200,22.23200,22.22800,22.22800
2011-08-24,22.23300,22.23300,22.23200,22.23200
2011-08-25,22.23800,22.23800,22.23300,22.23300
2011-08-26,22.24400,22.24400,22.23800,22.23800
2011-08-29,22.082001,22.24800,22.082001,22.20200
2011-08-30,22.25400,22.25400,22.24800,22.24800
2011-08-31,22.20300,22.25400,22.20300,22.25400
2011-09-01,22.26000,22.26000,22.25300,22.25300
2011-09-02,22.29000,22.29000,22.25300,22.26000
2011-09-05,22.26300,22.33800,22.26300,22.33800
2011-09-06,22.25700,22.26300,22.25700,22.26300
2011-09-07,22.47000,22.47000,22.23900,22.25700
2011-09-08,22.27800,22.27800,22.23900,22.23900
2011-09-09,22.28100,22.28100,22.27800,22.27800
2011-09-12,22.67800,22.67800,22.26400,22.50100
2011-09-13,22.28400,22.28400,22.26400,22.26400
2011-09-14,22.25,22.28400,22.25,22.28400
2011-09-15,22.30000,22.30000,22.25,22.25
2011-09-16,22.28800,22.30000,22.28800,22.30000
2011-09-19,22.28400,22.28800,22.28400,22.28800
2011-09-20,22.29000,22.29000,22.28400,22.28400
2011-09-21,22.30100,22.30100,22.29000,22.29000
2011-09-22,22.28900,22.30100,22.28900,22.30100
2011-09-23,22.29000,22.29000,22.28900,22.28900
2011-09-26,22.27700,22.27700,22.20500,22.20500
2011-09-27,22.31700,22.31700,22.25200,22.27700
2011-09-28,22.32400,22.32400,22.25200,22.25200
2011-09-29,22.40300,22.40300,22.32400,22.32400
2011-09-30,22.32500,22.33700,22.32500,22.32500
2011-10-03,22.31800,22.33700,22.31800,22.33700
2011-10-04,22.32400,22.32400,22.31800,22.31800
2011-10-05,22.33300,22.44900,22.049999,22.049999
2011-10-06,22.34300,22.44900,22.33900,22.44900
2011-10-07,22.32500,22.35500,22.32500,22.35500
2011-10-10,22.35200,22.35200,22.22100,22.22100
2011-10-11,22.35200,22.35200,22.35200,22.35200
2011-10-12,22.36500,22.36500,22.29100,22.29100
2011-10-13,22.38800,22.38800,22.36500,22.36500
2011-10-14,22.37300,22.38800,22.37300,22.38800
2011-10-17,22.27100,22.38800,22.22900,22.26600
2011-10-18,22.38900,22.38900,22.38800,22.38800
2011-10-19,22.39100,22.39100,22.38900,22.38900
2011-10-20,22.41300,22.42500,22.39100,22.39100
2011-10-21,22.44500,22.44500,22.38400,22.42500
2011-10-24,22.39000,22.39000,22.19900,22.19900
2011-10-25,22.40200,22.40200,22.37900,22.37900
2011-10-26,22.41700,22.41700,22.40200,22.40200
2011-10-27,22.42900,22.42900,22.41700,22.41700
2011-10-28,22.42800,22.42900,22.42800,22.42900
2011-10-31,22.42700,22.43300,22.41600,22.41600
2011-11-01,22.82800,22.82800,22.43300,22.43300
2011-11-02,22.43200,22.44100,22.43200,22.44100
2011-11-03,22.41100,22.43200,22.41100,22.43200
2011-11-04,22.46000,22.46000,22.41100,22.41100
2011-11-07,22.64400,22.64400,22.43500,22.57200
2011-11-08,22.44000,22.44000,22.43500,22.43500
2011-11-09,22.46300,22.46300,22.44000,22.44000
2011-11-10,22.42100,22.46300,22.42100,22.46300
2011-11-11,22.41800,22.44100,22.375,22.42100
2011-11-14,22.26800,22.47600,22.26700,22.26700
2011-11-15,22.45800,22.46700,22.45800,22.46700
2011-11-16,22.45800,22.45800,22.45800,22.45800
2011-11-17,22.50400,22.50400,22.45800,22.45800
2011-11-18,22.50500,22.50500,22.50400,22.50400
2011-11-21,22.47900,22.60000,22.47900,22.60000
2011-11-22,22.5,22.5,22.47900,22.47900
2011-11-23,22.48300,22.5,22.48300,22.5
2011-11-24,22.49800,22.49800,22.48300,22.48300
2011-11-25,22.48200,22.49800,22.48200,22.49800
2011-11-28,22.37300,22.50100,22.36200,22.49300
2011-11-29,22.54400,22.59200,22.54400,22.59200
2011-11-30,22.49700,22.56500,22.49700,22.56500
2011-12-01,22.25900,22.53800,22.25900,22.49700
2011-12-02,22.51500,22.53800,22.46700,22.53800
2011-12-05,22.51900,22.70800,22.51900,22.70800
2011-12-06,22.51500,22.51900,22.51500,22.51900
2011-12-07,22.52500,22.52500,22.51500,22.51500
2011-12-08,22.53100,22.53100,22.52500,22.52500
2011-12-09,22.53200,22.53200,22.52900,22.53100
2011-12-12,22.64500,22.64500,22.52400,22.59400
2011-12-13,22.62300,22.66300,22.53900,22.66300
2011-12-14,22.53800,22.77100,22.53800,22.77100
2011-12-15,22.52300,22.53800,22.48700,22.53800
2011-12-16,22.48300,22.53700,22.46400,22.48700
2011-12-19,22.55500,22.55500,22.55000,22.55000
2011-12-20,22.56900,22.56900,22.55500,22.55500
2011-12-21,22.56000,22.56900,22.56000,22.56900
2011-12-22,22.54300,22.56000,22.54300,22.56000
2011-12-23,22.51100,22.56100,22.51100,22.54300
2011-12-26,22.60700,22.60700,22.56100,22.56100
2011-12-27,22.57600,22.60700,22.57600,22.60700
2011-12-28,22.58200,22.58200,22.57600,22.57600
2011-12-29,22.57200,22.58200,22.57200,22.58200
2011-12-30,22.57900,22.57900,22.47800,22.47800
2012-01-02,22.59100,22.59100,22.54600,22.54600
2012-01-03,22.48800,22.60100,22.48800,22.59100
2012-01-04,22.61300,22.61300,22.59600,22.60100
2012-01-05,22.68700,22.68700,22.59600,22.59600
2012-01-06,22.70500,22.70500,22.59700,22.60500
2012-01-09,22.59900,22.73400,22.59900,22.73400
2012-01-10,22.61800,22.61800,22.59900,22.59900
2012-01-11,22.62700,22.62700,22.61800,22.61800
2012-01-12,22.61400,22.62700,22.61400,22.62700
2012-01-13,22.63600,22.63600,22.49300,22.49300
2012-01-16,22.61800,22.80400,22.61800,22.80400
2012-01-17,22.63700,22.63700,22.61800,22.61800
2012-01-18,22.65000,22.65000,22.63700,22.63700
2012-01-19,22.66200,22.66200,22.65000,22.65000
2012-01-20,22.66200,22.66200,22.65000,22.65000
2012-01-23,22.67000,22.67100,22.57200,22.57200
2012-01-24,22.65100,22.66100,22.65100,22.66100
2012-01-25,22.65000,22.65100,22.65000,22.65100
2012-01-26,22.66400,22.66400,22.65000,22.65000
2012-01-27,22.66400,22.67500,22.53700,22.53700
2012-01-30,22.67800,22.67800,22.58300,22.58300
2012-01-31,22.64600,22.67800,22.53700,22.53700
2012-02-01,22.64600,22.67800,22.64600,22.67800
2012-02-02,22.73700,22.73700,22.70200,22.70200
2012-02-03,22.70600,22.73700,22.70600,22.73700
2012-02-06,22.70000,22.79600,22.70000,22.79600
2012-02-07,22.72400,22.72400,22.70000,22.70000
2012-02-08,22.72600,22.72600,22.72400,22.72400
2012-02-09,22.72100,22.75500,22.72100,22.75500
2012-02-10,22.73300,22.73300,22.72100,22.72100
2012-02-13,22.72600,22.80200,22.72600,22.80200
2012-02-14,22.73400,22.73400,22.72600,22.72600
2012-02-15,22.79300,22.79300,22.73200,22.73400
2012-02-16,22.74900,22.74900,22.73200,22.73200
2012-02-17,22.74700,22.74900,22.74700,22.74900
2012-02-20,22.75100,22.75100,22.72000,22.72000
2012-02-21,22.79700,22.79700,22.74400,22.78900
2012-02-22,22.69500,22.76300,22.69500,22.74400
2012-02-23,22.76100,22.76300,22.76100,22.76300
2012-02-24,22.76800,22.76800,22.76100,22.76100
2012-02-27,22.76000,22.76000,22.70400,22.70400
2012-02-28,22.77900,22.77900,22.76000,22.76000
2012-02-29,22.76700,22.77900,22.76700,22.77900
2012-03-01,22.78200,22.78200,22.76700,22.76700
2012-03-02,22.82100,22.82100,22.78200,22.78200
2012-03-05,22.85700,22.85700,22.78600,22.84500
2012-03-06,22.78800,22.78800,22.78600,22.78600
2012-03-07,22.79700,22.79700,22.78800,22.78800
2012-03-08,22.80600,22.80600,22.79700,22.79700
2012-03-09,22.81100,22.81100,22.80600,22.80600
2012-03-12,22.80700,22.81100,22.80700,22.81100
2012-03-13,22.80900,22.80900,22.80700,22.80700
2012-03-14,22.82100,22.82100,22.80900,22.80900
2012-03-15,22.83000,22.83000,22.82100,22.82100
2012-03-16,22.82400,22.83000,22.82400,22.83000
2012-03-19,22.82800,22.82800,22.65100,22.65100
2012-03-20,22.84600,22.84600,22.82800,22.82800
2012-03-21,22.84000,22.84600,22.84000,22.84600
2012-03-22,22.84000,22.84000,22.84000,22.84000
2012-03-23,22.85100,22.85100,22.84000,22.84000
2012-03-26,22.84700,22.84700,22.72300,22.78100
2012-03-27,22.87700,22.87700,22.72300,22.72300
2012-03-28,22.87000,22.87700,22.87000,22.87700
2012-03-29,22.87300,22.87300,22.87000,22.87000
2012-03-30,22.87100,22.87300,22.87100,22.87300
2012-04-02,22.87100,22.87100,22.85800,22.85800
2012-04-03,22.88700,22.94100,22.87100,22.87100
2012-04-04,22.89100,22.94100,22.89100,22.94100
2012-04-05,22.88500,22.89100,22.88500,22.89100
2012-04-06,22.88500,22.89100,22.88500,22.89100
2012-04-09,22.89200,22.89200,22.89200,22.89200
2012-04-10,22.90100,22.90100,22.89200,22.89200
2012-04-11,22.91400,22.91400,22.90100,22.90100
2012-04-12,22.90600,22.91400,22.90600,22.91400
2012-04-13,22.91600,22.91600,22.90600,22.90600
2012-04-16,22.91200,23.061001,22.91200,23.061001
2012-04-17,22.92700,22.92700,22.91200,22.91200
2012-04-18,22.92900,22.94800,22.91800,22.92700
2012-04-19,22.93200,22.97200,22.93200,22.94800
2012-04-20,22.93500,22.97200,22.93500,22.97200
2012-04-23,22.94300,22.94300,22.88700,22.88700
2012-04-24,22.94700,22.94700,22.94300,22.94300
2012-04-25,22.95300,22.95300,22.94700,22.94700
2012-04-26,22.95800,22.95800,22.95300,22.95300
2012-04-27,22.95000,22.99300,22.95000,22.99300
2012-04-30,22.90000,22.96400,22.90000,22.90800
2012-05-01,22.90000,22.96400,22.90000,22.90800
2012-05-02,22.96700,22.96700,22.96400,22.96400
2012-05-03,22.87300,22.96600,22.85200,22.96600
2012-05-04,22.88300,22.88300,22.85200,22.85200
2012-05-07,22.89100,22.96900,22.89100,22.96900
2012-05-08,22.89000,22.89100,22.89000,22.89100
2012-05-09,22.90200,22.90200,22.89000,22.89000
2012-05-10,22.92800,22.92800,22.90200,22.90200
2012-05-11,22.90200,22.92800,22.90200,22.92800
2012-05-14,22.90500,22.92900,22.90500,22.92900
2012-05-15,22.90900,22.90900,22.90500,22.90500
2012-05-16,22.91000,22.91000,22.90900,22.90900
2012-05-17,22.85800,22.92000,22.85800,22.91000
2012-05-18,22.88700,22.92500,22.88700,22.92500
2012-05-21,22.73300,22.91500,22.73300,22.75100
2012-05-22,22.92800,22.92800,22.84000,22.84000
2012-05-23,22.93400,23.065001,22.93400,23.065001
2012-05-24,23.10900,23.10900,22.94000,23.068001
2012-05-25,22.93500,23.00099945,22.93500,23.00099945
2012-05-28,22.89900,23.035999,22.89900,23.035999
2012-05-29,23.028999,23.028999,22.94400,23.018999
2012-05-30,22.89600,23.030001,22.89600,23.030001
2012-05-31,22.94400,23.058001,22.94400,23.058001
2012-06-01,22.94600,23.011999,22.94600,23.011999
2012-06-04,22.78200,23.049000,22.74500,22.74500
2012-06-05,23.059999,23.059999,22.93400,22.93400
2012-06-06,23.059000,23.059000,23.025999,23.025999
2012-06-07,23.091999,23.091999,22.92100,22.92100
2012-06-08,23.27000,23.27000,23.066999,23.12800
2012-06-11,23.076000,23.077999,22.96000,22.96000
2012-06-12,23.083000,23.24100,23.083000,23.24100
2012-06-13,23.090000,23.090000,23.075001,23.075001
2012-06-14,23.091000,23.098000,23.021999,23.021999
2012-06-15,23.091000,23.091000,22.97900,22.97900
2012-06-18,22.90500,23.11900,22.90500,23.052999
2012-06-19,23.090000,23.18600,23.090000,23.18600
2012-06-20,23.10500,23.10500,22.95700,22.95700
2012-06-21,23.11900,23.11900,23.083000,23.083000
2012-06-22,23.35000,23.35000,23.34500,23.34500
2012-06-25,23.15600,23.15600,23.077000,23.077000
2012-06-26,23.11800,23.11800,23.083000,23.083000
2012-06-27,23.125,23.12600,23.125,23.12600
2012-06-28,23.13400,23.17400,23.13400,23.17400
2012-06-29,23.13900,23.13900,23.10400,23.10400
2012-07-02,23.061001,23.14300,22.98400,22.98400
2012-07-03,23.14000,23.21000,23.14000,23.21000
2012-07-04,23.15400,23.15400,23.10100,23.10100
2012-07-05,23.14600,23.21700,23.14600,23.21700
2012-07-06,23.15600,23.38900,23.15600,23.38900
2012-07-09,23.32500,23.33300,23.15600,23.32000
2012-07-10,23.16200,23.16200,23.13300,23.13300
2012-07-11,23.15700,23.27300,23.15700,23.27300
2012-07-12,23.16900,23.25200,23.16900,23.25200
2012-07-13,23.19300,23.19300,23.14500,23.14500
2012-07-16,23.10800,23.17000,23.087000,23.087000
2012-07-17,23.17500,23.17500,23.010000,23.010000
2012-07-18,23.19900,23.19900,23.16800,23.16800
2012-07-19,23.20000,23.22800,23.091999,23.091999
2012-07-20,23.19100,23.23700,23.19100,23.23700
2012-07-23,23.40300,23.40500,23.19400,23.33800
2012-07-24,23.18600,23.22100,23.18600,23.22100
2012-07-25,23.16300,23.25600,23.16300,23.25600
2012-07-26,23.16600,23.19400,23.16600,23.19400
2012-07-27,23.23400,23.23400,23.10400,23.10400
2012-07-30,23.22300,23.22300,23.20200,23.20200
2012-07-31,23.23000,23.23000,23.22500,23.22500
2012-08-01,23.23400,23.23400,23.19800,23.19800
2012-08-02,23.23300,23.38600,23.23300,23.38600
2012-08-03,23.23800,23.40100,23.23800,23.40100
2012-08-06,23.24200,23.24200,23.052000,23.052000
2012-08-07,23.25500,23.25500,23.16500,23.16500
2012-08-08,23.25200,23.28800,23.25200,23.28800
2012-08-09,23.24700,23.24700,23.24000,23.24000
2012-08-10,23.26700,23.27400,23.26700,23.27400
2012-08-13,23.26800,23.26800,23.22300,23.22300
2012-08-14,23.27800,23.27800,23.27600,23.27600
2012-08-15,23.27700,23.33500,23.27000,23.33500
2012-08-16,23.27200,23.27700,23.27200,23.27700
2012-08-17,23.29500,23.29500,23.13400,23.13400
2012-08-20,23.28800,23.33500,23.28800,23.33500
2012-08-21,23.19300,23.30000,23.19300,23.24100
2012-08-22,23.31200,23.31200,23.19900,23.19900
2012-08-23,23.33400,23.33400,23.17000,23.17000
2012-08-24,23.32200,23.32200,23.28700,23.28700
2012-08-27,23.30900,23.33100,23.30900,23.33100
2012-08-28,23.33500,23.36400,23.33500,23.36400
2012-08-29,23.32500,23.32500,23.28400,23.28400
2012-08-30,23.33200,23.37700,23.33200,23.37700
2012-08-31,23.34400,23.39500,23.32700,23.39500
2012-09-03,23.33700,23.35100,23.33700,23.35100
2012-09-04,23.34800,23.34800,23.30100,23.30100
2012-09-05,23.35000,23.38300,23.35000,23.38300
2012-09-06,23.35500,23.35500,23.24900,23.24900
2012-09-07,23.35800,23.35800,23.31700,23.31900
2012-09-10,23.17300,23.36900,23.13200,23.13200
2012-09-11,23.37800,23.41800,23.37800,23.41800
2012-09-12,23.38500,23.38500,23.27400,23.27400
2012-09-13,23.38400,23.42000,23.38400,23.42000
2012-09-14,23.17500,23.37100,23.17500,23.24400
2012-09-17,23.40400,23.40900,23.34300,23.34300
2012-09-18,23.41800,23.41800,23.40900,23.40900
2012-09-19,23.40000,23.44200,23.40000,23.44200
2012-09-20,23.40600,23.40600,23.33100,23.33100
2012-09-21,23.41400,23.41400,23.38400,23.38400
2012-09-24,23.40600,23.46200,23.40600,23.46200
2012-09-25,23.40700,23.40700,23.37100,23.37100
2012-09-26,23.73100,23.73100,23.42600,23.42600
2012-09-27,23.69700,23.71400,23.41900,23.71400
2012-09-28,23.44400,23.44400,23.34100,23.34100
2012-10-01,23.43600,23.55300,23.43600,23.55300
2012-10-02,23.44500,23.45700,23.44500,23.45700
2012-10-03,23.45000,23.45000,23.44900,23.44900
2012-10-04,23.42900,23.45900,23.38300,23.45000
2012-10-05,23.45700,23.45700,23.32800,23.32800
2012-10-08,23.45800,23.45800,23.40400,23.40400
2012-10-09,23.45700,23.45700,23.43200,23.43200
2012-10-10,23.47400,23.56000,23.47400,23.56000
2012-10-11,23.47300,23.47300,23.46400,23.46400
2012-10-12,23.49100,23.49100,23.44900,23.44900
2012-10-15,23.48200,23.51000,23.48200,23.51000
2012-10-16,23.50300,23.51200,23.50300,23.51200
2012-10-17,23.49800,23.49800,23.35700,23.35700
2012-10-18,23.51700,23.52900,23.50900,23.50900
2012-10-19,23.51600,23.58200,23.51600,23.58200
2012-10-22,23.50800,23.55700,23.50800,23.55700
2012-10-23,23.51600,23.52100,23.51600,23.52100
2012-10-24,23.52000,23.55500,23.51800,23.55500
2012-10-25,23.52000,23.52900,23.46300,23.46300
2012-10-26,23.67100,23.72100,23.51900,23.62200
2012-10-29,23.52600,23.52600,23.44200,23.44200
2012-10-30,23.53100,23.53100,23.50900,23.50900
2012-10-31,23.54400,23.54400,23.50300,23.50300
2012-11-01,23.54600,23.63500,23.54600,23.63500
2012-11-02,23.67500,23.67500,23.54400,23.58400
2012-11-05,23.54600,23.63100,23.54600,23.63100
2012-11-06,23.55900,23.55900,23.53100,23.53100
2012-11-07,23.57000,23.57000,23.54900,23.54900
2012-11-08,23.55600,23.63700,23.55600,23.63700
2012-11-09,23.55400,23.55700,23.55400,23.55700
2012-11-12,23.57500,23.57500,23.57400,23.57400
2012-11-13,23.56400,23.57400,23.56400,23.57400
2012-11-14,23.58200,23.59500,23.58200,23.59500
2012-11-15,23.59100,23.59300,23.59100,23.59200
2012-11-16,23.58600,23.58600,23.55900,23.55900
2012-11-19,23.52600,23.59100,23.52600,23.57300
2012-11-20,23.59800,23.59800,23.58200,23.58200
2012-11-21,23.60300,23.60300,23.59800,23.59800
2012-11-22,23.60300,23.60300,23.56000,23.56000
2012-11-23,23.62200,23.62200,23.59900,23.59900
2012-11-26,23.61700,23.61700,23.47400,23.47400
2012-11-27,23.61900,23.61900,23.55000,23.55000
2012-11-28,23.62100,23.64500,23.62100,23.64500
2012-11-29,23.62800,23.62800,23.51100,23.51100
2012-11-30,23.63600,23.64800,23.63600,23.64800
2012-12-03,23.63800,23.67200,23.63800,23.67200
2012-12-04,23.65700,23.65700,23.59500,23.59500
2012-12-05,23.66400,23.66400,23.63000,23.63000
2012-12-06,23.64700,23.67400,23.64700,23.67400
2012-12-07,23.65800,23.82700,23.65800,23.82700
2012-12-10,23.66100,23.66200,23.66100,23.66200
2012-12-11,23.66400,23.66400,23.60400,23.60400
2012-12-12,23.65100,23.65100,23.63600,23.63600
2012-12-13,23.65300,23.65300,23.58000,23.58000
2012-12-14,23.97000,23.97000,23.63900,23.63900
2012-12-17,23.84500,23.98900,23.83600,23.83600
2012-12-18,23.86000,23.98200,23.86000,23.98200
2012-12-19,23.82400,23.82400,23.79000,23.79000
2012-12-20,23.84700,23.93500,23.84700,23.93500
2012-12-21,23.70000,23.86600,23.70000,23.86600
2012-12-24,23.70900,23.73600,23.70900,23.73600
2012-12-25,23.70900,23.77600,23.70900,23.73600
2012-12-26,23.77900,23.77900,23.77600,23.77600
2012-12-27,24.040001,24.040001,23.70300,23.70300
2012-12-28,23.97200,24.089001,23.97200,24.089001
2012-12-31,23.73700,23.90200,23.73700,23.90200
2013-01-01,23.67800,23.71200,23.67800,23.71200
2013-01-02,23.91900,23.91900,23.68700,23.68700
2013-01-03,23.98100,24.038000,23.98100,24.038000
2013-01-04,23.98800,24.10000,23.98800,24.10000
2013-01-07,23.96200,23.96300,23.87300,23.87300
2013-01-08,23.76400,23.81200,23.76400,23.81200
2013-01-09,23.95200,23.95200,23.84300,23.84300
2013-01-10,23.84400,23.93500,23.84300,23.93500
2013-01-11,23.87000,23.87000,23.52800,23.52800
2013-01-14,23.91800,23.91800,23.70700,23.70700
2013-01-15,23.88800,23.92400,23.86300,23.89600
2013-01-16,23.93200,23.96100,23.93000,23.96100
2013-01-17,23.93000,23.97800,23.93000,23.97800
2013-01-18,23.80800,23.89800,23.80800,23.89800
2013-01-21,23.86600,23.92700,23.86600,23.86600
2013-01-22,23.82500,23.91700,23.82500,23.91700
2013-01-23,23.80800,23.85300,23.80800,23.85300
2013-01-24,24.16700,24.16700,23.86800,23.86800
2013-01-25,23.81600,24.084000,23.81600,24.084000
2013-01-28,24.17700,24.17700,23.77800,23.77800
2013-01-29,24.22800,24.22800,24.15800,24.15800
2013-01-30,24.18000,24.18000,24.12400,24.12400
2013-01-31,24.19400,24.19400,24.14000,24.14000
2013-02-01,24.17800,24.17800,24.14500,24.14500
2013-02-04,24.20900,24.21100,24.13900,24.18500
2013-02-05,24.12400,24.22900,24.12400,24.22400
2013-02-06,24.23000,24.24700,24.094999,24.094999
2013-02-07,23.87900,24.24600,23.87900,24.24600
2013-02-08,23.87100,24.18900,23.87100,24.18900
2013-02-11,24.21200,24.21200,23.95800,23.95800
2013-02-12,24.19000,24.19400,24.19000,24.19400
2013-02-13,23.89000,24.16100,23.89000,24.16100
2013-02-14,24.11100,24.11100,23.97400,23.97400
2013-02-15,24.12200,24.12200,24.048000,24.048000
2013-02-18,24.10600,24.16500,24.054001,24.054001
2013-02-19,24.17600,24.17600,24.16000,24.16000
2013-02-20,24.17500,24.17500,24.084000,24.084000
2013-02-21,24.50900,24.51500,24.18300,24.34900
2013-02-22,24.16100,24.16500,24.16100,24.16500
2013-02-25,23.91400,24.13300,23.91400,24.13300
2013-02-26,24.16900,24.29300,24.16900,24.29300
2013-02-27,24.22000,24.22000,24.19500,24.19500
2013-02-28,24.20100,24.20100,24.17500,24.17500
2013-03-01,24.20700,24.30800,24.20700,24.30800
2013-03-04,23.93900,24.18600,23.93900,24.18600
2013-03-05,24.16100,24.16100,23.88900,23.88900
2013-03-06,24.17800,24.17800,24.13900,24.13900
2013-03-07,24.18500,24.28800,24.18500,24.28800
2013-03-08,24.19400,24.19400,24.032000,24.032000
2013-03-11,24.36300,24.38900,23.94600,24.38900
2013-03-12,24.21500,24.21500,23.88500,23.88500
2013-03-13,24.21500,24.21500,24.17900,24.17900
2013-03-14,24.21000,24.30200,24.21000,24.30200
2013-03-15,24.20200,24.20200,24.038000,24.038000
2013-03-18,23.78100,24.17300,23.78100,24.17300
2013-03-19,23.78200,23.78200,23.77000,23.77000
2013-03-20,23.78900,23.93100,23.78900,23.93100
2013-03-21,24.16000,24.16000,23.74900,23.74900
2013-03-22,24.19100,24.20900,24.19100,24.20900
2013-03-25,23.79500,24.11800,23.79500,24.11800
2013-03-26,23.80500,24.044001,23.80500,24.044001
2013-03-27,23.83700,23.83700,23.79800,23.79800
2013-03-28,24.20900,24.20900,23.81100,23.81100
2013-03-29,24.20900,24.20900,23.81100,23.81100
2013-04-01,24.20300,24.20300,24.20300,24.20300
2013-04-02,24.23000,24.23000,24.20300,24.20300
2013-04-03,23.85400,24.25500,23.85400,24.25500
2013-04-04,23.66900,23.80100,23.66900,23.80100
2013-04-05,23.82700,23.82700,23.43700,23.43700
2013-04-08,24.21800,24.21800,23.69900,23.69900
2013-04-09,24.19200,24.26200,24.19200,24.23300
2013-04-10,24.25900,24.25900,24.17500,24.17500
2013-04-11,23.84800,24.31300,23.84800,24.31300
2013-04-12,24.26300,24.26300,23.90400,23.90400
2013-04-15,24.075001,24.17400,24.062000,24.17400
2013-04-16,24.20400,24.20400,24.13400,24.13400
2013-04-17,23.87800,24.068001,23.87800,24.068001
2013-04-18,23.88200,24.077999,23.87600,24.077999
2013-04-19,23.875,24.041000,23.83500,24.041000
2013-04-22,24.087999,24.087999,23.90000,23.90000
2013-04-23,24.22000,24.22000,24.048000,24.048000
2013-04-24,23.87200,24.21000,23.87200,24.21000
2013-04-25,23.88200,23.89100,23.87700,23.87700
2013-04-26,23.98300,24.25500,23.98300,23.99800
2013-04-29,23.91700,24.20700,23.91700,24.20700
2013-04-30,24.31600,24.31600,23.89800,23.89800
2013-05-01,24.33200,24.33200,24.14600,24.14600
2013-05-02,23.96000,24.375,23.96000,24.375
2013-05-03,23.74300,24.15100,23.74300,24.15100
2013-05-06,23.98700,23.98700,23.73900,23.73900
2013-05-07,24.15100,24.15100,24.039000,24.039000
2013-05-08,24.15300,24.24300,24.15300,24.24300
2013-05-09,24.33800,24.33800,24.10100,24.10100
2013-05-10,24.32900,24.53400,24.28900,24.53400
2013-05-13,24.36500,24.36500,23.83300,24.33000
2013-05-14,24.16700,24.16700,23.84500,23.84500
2013-05-15,23.83500,24.23800,23.83500,24.23800
2013-05-16,23.87900,23.87900,23.79800,23.79800
2013-05-17,23.86300,23.86300,23.84000,23.84000
2013-05-20,23.86900,23.90500,23.86900,23.90500
2013-05-21,24.22700,24.22700,23.81900,23.81900
2013-05-22,24.018999,24.14800,24.018999,24.14800
2013-05-23,23.64900,24.15800,23.64900,24.15800
2013-05-24,23.51500,23.56400,23.51500,23.56400
2013-05-27,24.30000,24.30000,23.93000,23.93000
2013-05-28,24.023001,24.31600,24.023001,24.31600
2013-05-29,23.76700,24.16700,23.76700,24.16700
2013-05-30,24.040001,24.040001,23.79300,23.79300
2013-05-31,23.78300,23.92700,23.78300,23.92700
2013-06-03,24.049999,24.049999,23.77000,23.77000
2013-06-04,23.77300,23.94000,23.77300,23.94000
2013-06-05,23.83100,23.83100,23.79600,23.79600
2013-06-06,24.42000,24.42000,23.78300,23.78300
2013-06-07,23.84100,24.17900,23.84100,24.17900
2013-06-10,23.84100,24.17900,23.84100,24.17900
2013-06-11,23.84100,24.17900,23.84100,24.17900
2013-06-12,23.84100,24.17900,23.84100,24.17900
2013-06-13,23.98500,24.097000,23.98500,23.99100
2013-06-14,24.032000,24.25200,24.023001,24.023001
2013-06-17,24.19800,24.20200,23.68500,24.20200
2013-06-18,24.12600,24.12600,23.64300,23.64300
2013-06-19,23.64700,24.089001,23.64700,24.089001
2013-06-20,24.16300,24.16300,23.82400,23.82400
2013-06-21,24.10000,24.12900,23.70100,24.12900
2013-06-24,23.86100,24.22600,23.86100,23.86100
2013-06-25,24.24300,24.24300,24.19400,24.19400
2013-06-26,24.22400,24.33300,24.22400,24.33300
2013-06-27,24.24900,24.25600,23.78200,24.25600
2013-06-28,23.76100,24.31900,23.75,23.75
2013-07-01,24.42600,24.46600,24.42600,24.43100
2013-07-02,24.42100,24.42400,24.31100,24.42400
2013-07-03,24.14500,24.40400,24.14500,24.40400
2013-07-04,24.059000,24.56500,24.055000,24.055000
2013-07-05,24.34300,24.75200,24.34300,24.75200
2013-07-08,24.44700,24.58700,24.43500,24.43500
2013-07-09,24.55800,24.55800,24.049000,24.55800
2013-07-10,24.60100,24.60100,24.19900,24.19900
2013-07-11,24.65700,24.65700,24.28800,24.28800
2013-07-12,24.58700,24.74700,24.58700,24.59700
2013-07-15,24.17500,24.67100,24.17500,24.67100
2013-07-16,24.11900,24.11900,24.0039997,24.11500
2013-07-17,24.69500,24.69500,23.92500,23.92500
2013-07-18,24.74900,24.74900,24.73000,24.73000
2013-07-19,24.75,24.75,24.72600,24.72600
2013-07-22,24.70500,24.81100,24.70500,24.71500
2013-07-23,24.21900,24.79100,24.21900,24.79100
2013-07-24,23.88600,24.13200,23.88600,24.13200
2013-07-25,24.11900,24.11900,23.94900,23.94900
2013-07-26,24.10900,24.10900,23.97500,23.97500
2013-07-29,24.13100,24.13100,24.10600,24.10600
2013-07-30,24.11300,24.16900,24.11300,24.16900
2013-07-31,24.37900,24.37900,24.13600,24.13600
2013-08-01,24.61400,24.61400,24.29200,24.29200
2013-08-02,24.61400,24.68100,24.61400,24.68100
2013-08-05,24.62700,24.62700,24.47200,24.47200
2013-08-06,24.75300,24.75300,24.64900,24.64900
2013-08-07,24.74500,24.74500,24.68100,24.68100
2013-08-08,24.12600,24.67200,24.12600,24.67200
2013-08-09,24.46800,24.46800,24.084000,24.084000
2013-08-12,24.71500,24.72100,24.52800,24.52800
2013-08-13,24.74700,24.74700,24.71700,24.71700
2013-08-14,24.74500,24.81500,24.74500,24.81500
2013-08-15,24.72800,24.72800,24.72500,24.72500
2013-08-16,24.74500,24.74500,24.60900,24.60900
2013-08-19,24.74600,24.75700,24.74600,24.75700
2013-08-20,24.73700,24.78900,24.73700,24.78900
2013-08-21,24.11400,24.66100,24.11400,24.66100
2013-08-22,24.81600,24.81600,24.18700,24.18700
2013-08-23,24.51900,24.72200,24.51900,24.72200
2013-08-26,24.81700,24.81700,24.46900,24.46900
2013-08-27,24.82800,24.82800,24.80600,24.80600
2013-08-28,24.85300,24.85300,24.74100,24.74100
2013-08-29,24.12100,24.86100,24.12100,24.86100
2013-08-30,24.86300,24.86300,24.16100,24.16100
2013-09-02,24.88000,24.94100,24.88000,24.94100
2013-09-03,24.12400,24.93800,24.12400,24.93800
2013-09-04,24.11400,24.13100,24.11400,24.13100
2013-09-05,24.125,24.125,24.077000,24.077000
2013-09-06,24.11300,24.29400,24.11300,24.29400
2013-09-09,24.12100,24.12100,24.00099945,24.00099945
2013-09-10,24.12800,24.12800,24.0090008,24.0090008
2013-09-11,24.12000,24.12000,24.084999,24.084999
2013-09-12,24.12600,24.12700,24.020000,24.020000
2013-09-13,24.12400,24.12400,24.12200,24.12200
2013-09-16,23.98900,24.58100,23.96900,23.96900
2013-09-17,24.12800,24.59800,24.12800,24.59800
2013-09-18,24.12300,24.12900,24.12300,24.12900
2013-09-19,24.12200,24.12200,23.83500,23.83500
2013-09-20,24.12100,24.16300,24.12100,24.16300
2013-09-23,24.12200,24.15400,24.12200,24.15400
2013-09-24,24.13100,24.16700,24.13100,24.16700
2013-09-25,24.13100,24.15200,24.13100,24.15200
2013-09-26,24.13200,24.13200,24.10600,24.10600
2013-09-27,24.47200,24.47500,24.16400,24.16400
2013-09-30,24.51400,24.51400,24.12800,24.44800
2013-10-01,24.51200,24.51200,24.086000,24.086000
2013-10-02,24.12700,24.54900,24.12700,24.54900
2013-10-03,24.13100,24.13100,24.023001,24.023001
2013-10-04,24.61300,24.61300,24.082001,24.082001
2013-10-07,24.68100,24.68100,24.53700,24.65500
2013-10-09,24.28400,24.51800,24.28400,24.51800
2013-10-10,24.12600,24.27600,24.12600,24.27600
2013-10-11,24.13300,24.13300,24.13200,24.13200
2013-10-14,24.14100,24.17900,24.12400,24.17900
2013-10-15,24.13000,24.13600,24.13000,24.13600
2013-10-16,24.12400,24.12400,24.058001,24.058001
2013-10-17,24.13200,24.16700,24.13200,24.16700
2013-10-18,24.54700,24.54700,24.056000,24.056000
2013-10-21,24.62800,24.62800,24.56100,24.56100
2013-10-22,24.62300,24.63700,24.62300,24.63700
2013-10-23,24.13100,24.43800,24.13000,24.43800
2013-10-24,24.65100,24.65100,24.076000,24.076000
2013-10-25,24.125,24.66000,24.125,24.66000
2013-10-28,24.13800,24.13800,24.12800,24.12800
2013-10-29,24.15600,24.17500,24.14000,24.16300
2013-10-30,24.13900,24.15500,24.13900,24.15500
2013-10-31,24.18900,24.18900,24.12600,24.18900
2013-11-01,24.72400,24.72400,24.23200,24.23200
2013-11-04,24.13300,24.77200,24.13300,24.77200
2013-11-05,24.13400,24.13400,24.12100,24.12100
2013-11-06,24.12200,24.16600,24.10700,24.16600
2013-11-07,24.12200,24.12200,24.12000,24.12000
2013-11-08,24.12900,24.29000,24.12900,24.29000
2013-11-11,24.12900,24.21800,24.12900,24.21800
2013-11-12,24.14300,24.62700,24.11200,24.11200
2013-11-13,24.62900,24.62900,24.53500,24.53500
2013-11-14,24.63400,24.63400,24.49500,24.49500
2013-11-15,24.64000,24.64000,24.60900,24.60900
2013-11-18,24.12800,24.56000,24.12800,24.56000
2013-11-19,24.12800,24.56000,24.12800,24.56000
2013-11-20,24.12800,24.56000,24.12800,24.56000
2013-11-21,24.75400,24.75400,24.12800,24.12800
2013-11-22,24.75400,24.75400,24.12800,24.12800
2013-11-25,24.81000,24.81000,24.055000,24.055000
2013-11-26,24.77600,24.81000,24.77600,24.81000
2013-11-27,24.77600,24.81000,24.77600,24.81000
2013-11-28,24.88500,24.88500,24.77600,24.77600
2013-11-29,24.85800,24.88500,24.85000,24.88500
2013-12-02,24.88300,25.024000,24.86800,24.88300
2013-12-03,25.031000,25.031000,25.0090008,25.020000
2013-12-04,24.98700,25.035999,24.98500,25.0090008
2013-12-05,25.038000,25.075001,25.035999,25.035999
2013-12-06,24.93200,25.079000,24.93200,25.075001
2013-12-09,25.023001,25.084999,25.023001,25.023001
2013-12-10,25.042000,25.13600,25.042000,25.084999
2013-12-11,25.11300,25.16000,25.11300,25.13600
2013-12-12,25.14100,25.19700,25.14100,25.16000
2013-12-13,25.26000,25.26000,24.63400,25.19700
2013-12-16,24.60800,24.60800,24.13400,24.60300
2013-12-17,24.18500,24.18500,24.13400,24.13400
2013-12-18,24.89500,24.89500,24.18500,24.18500
2013-12-19,24.86800,24.86800,24.73400,24.73500
2013-12-20,24.81300,24.87000,24.73400,24.73400
2013-12-23,24.82500,24.90000,24.80300,24.83500
2013-12-24,24.90100,24.90100,24.75,24.90000
2013-12-25,24.90100,24.90100,24.75,24.90000
2013-12-26,24.72700,24.75,24.72700,24.75
2013-12-27,24.71400,24.95700,24.71400,24.72700
2013-12-30,25.15300,25.17200,24.97200,25.17200
2013-12-31,24.91100,25.010000,24.91100,24.97200
2014-01-01,25.054001,25.054001,25.010000,25.010000
2014-01-02,25.030001,25.084000,25.030001,25.054001
2014-01-03,25.084999,25.084999,25.034000,25.084000
2014-01-06,25.13400,25.14100,25.069000,25.13800
2014-01-07,25.031000,25.069000,24.78500,25.069000
2014-01-08,24.84500,24.84500,24.60400,24.83500
2014-01-09,24.62400,24.79900,24.60400,24.60400
2014-01-10,24.78900,24.80300,24.78900,24.79200
2014-01-13,24.66800,25.044001,24.66800,24.66800
2014-01-14,25.044001,25.077000,25.041000,25.041000
2014-01-15,25.16100,25.16100,24.81800,25.077000
2014-01-16,24.86100,24.98800,24.81100,24.81800
2014-01-17,24.97200,25.059999,24.97200,24.98800
2014-01-20,25.18800,25.21300,25.096001,25.16500
2014-01-21,25.10700,25.10700,24.83500,25.096001
2014-01-22,24.75200,24.83900,24.75200,24.83500
2014-01-23,24.85900,25.076000,24.83900,24.83900
2014-01-24,24.97700,25.076000,24.84400,25.076000
2014-01-27,24.91500,24.98900,24.91500,24.92500
2014-01-28,24.98200,24.98900,24.86200,24.98900
2014-01-29,24.82000,24.91100,24.82000,24.86200
2014-01-30,24.88200,24.91100,24.67100,24.91100
2014-01-31,24.75800,25.25400,24.67100,24.67100
2014-02-03,25.25,25.25100,24.88000,25.24600
2014-02-04,24.85100,24.89000,24.85100,24.88000
2014-02-05,24.87800,24.89700,24.84300,24.89000
2014-02-06,24.86700,24.89100,24.84300,24.84300
2014-02-07,24.75600,25.031000,24.75600,24.89100
2014-02-10,24.93900,25.077000,24.91200,24.91200
2014-02-11,25.0060005,25.16500,25.0060005,25.077000
2014-02-12,25.18800,25.18800,24.89800,25.16500
2014-02-13,24.87700,24.92000,24.87700,24.89800
2014-02-14,24.88700,24.89300,24.72400,24.89300
2014-02-17,24.74600,24.93900,24.73000,24.76000
2014-02-18,24.94000,25.125,24.93900,24.93900
2014-02-19,25.061001,25.14200,25.061001,25.125
2014-02-20,25.15200,25.15200,25.11900,25.14200
2014-02-21,25.097000,25.13400,25.097000,25.11900
2014-02-24,25.075001,25.077999,24.95600,25.073999
2014-02-25,24.95800,24.95800,24.95600,24.95600
2014-02-26,24.96600,24.98900,24.95600,24.95600
2014-02-27,25.087000,25.12800,24.98900,24.98900
2014-02-28,25.032000,25.12800,24.90400,25.12800
2014-03-03,24.94900,24.94900,24.89700,24.89700
2014-03-04,24.97300,24.99900,24.91600,24.91600
2014-03-05,25.035999,25.035999,24.99900,24.99900
2014-03-06,25.033001,25.033001,24.91300,25.033001
2014-03-07,24.72300,25.0039997,24.72300,24.91300
2014-03-10,25.048000,25.084000,25.048000,25.048000
2014-03-11,25.093000,25.11200,25.084000,25.084000
2014-03-12,25.094999,25.13200,25.094999,25.10100
2014-03-13,25.082001,25.14100,25.082001,25.13200
2014-03-14,25.31100,25.31100,25.14100,25.14100
2014-03-17,25.15600,25.16700,24.96400,25.14100
2014-03-18,24.88200,25.051001,24.88200,24.96400
2014-03-19,25.046000,25.051001,24.98000,25.051001
2014-03-20,25.16200,25.16200,24.98000,24.98000
2014-03-21,24.96300,25.17900,24.96300,24.98400
2014-03-24,25.18500,25.18500,24.98200,25.17300
2014-03-25,24.85000,24.99200,24.85000,24.98200
2014-03-26,24.97100,25.044001,24.96500,24.96500
2014-03-27,25.049000,25.21300,25.044001,25.044001
2014-03-28,25.24700,25.26200,25.21300,25.21300
2014-03-31,25.22900,25.26400,25.22600,25.22600
2014-04-01,25.30600,25.30600,25.24000,25.26400
2014-04-02,25.24500,25.28300,25.24000,25.24000
2014-04-03,25.29000,25.32000,25.29000,25.32000
2014-04-04,25.36000,25.36000,25.28000,25.29000
2014-04-07,25.28700,25.28700,25.27900,25.27900
2014-04-08,25.25700,25.28500,25.25700,25.28200
2014-04-09,25.23700,25.30300,25.23700,25.28500
2014-04-10,25.21700,25.31600,25.21700,25.30300
2014-04-11,25.27700,25.31700,25.27700,25.31600
2014-04-14,25.39800,25.40300,25.31100,25.40100
2014-04-15,25.34000,25.34000,25.29900,25.31100
2014-04-16,25.28200,25.32600,25.28200,25.29900
2014-04-17,25.35700,25.35700,25.32600,25.32600
2014-04-18,25.40200,25.40200,25.33100,25.33100
2014-04-21,25.40200,25.40200,25.38600,25.40200
2014-04-22,25.44200,25.44200,25.34300,25.38600
2014-04-23,25.37100,25.37100,25.34300,25.34300
2014-04-24,25.40300,25.40300,25.34700,25.35500
2014-04-25,25.33200,25.36400,25.33200,25.34700
2014-04-28,25.36900,25.42700,25.36400,25.36400
2014-04-29,25.45600,25.45600,25.37400,25.42700
2014-04-30,25.45800,25.47000,25.37400,25.37400
2014-05-01,25.36500,25.43900,25.33500,25.43900
2014-05-02,25.36700,25.38200,25.33500,25.33500
2014-05-05,25.36000,25.39000,25.36000,25.38200
2014-05-06,25.38700,25.39800,25.37400,25.37400
2014-05-07,25.40500,25.40500,25.39800,25.39800
2014-05-08,25.43700,25.43700,25.40300,25.40300
2014-05-09,25.60000,25.60000,25.40700,25.40700
2014-05-12,25.47700,25.47700,25.37100,25.41500
2014-05-13,25.36900,25.38200,25.36900,25.37100
2014-05-14,25.38500,25.40300,25.38200,25.38200
2014-05-15,25.38600,25.42700,25.38600,25.40300
2014-05-16,25.31600,25.42700,25.31600,25.42700
2014-05-19,25.41100,25.42500,25.34300,25.42500
2014-05-20,25.35500,25.44000,25.34300,25.34300
2014-05-21,25.42900,25.46300,25.42900,25.44000
2014-05-22,25.45000,25.46300,25.44700,25.46300
2014-05-23,25.48600,25.48600,25.44300,25.44700
2014-05-26,25.43700,25.45300,25.43700,25.44300
2014-05-27,25.46500,25.46500,25.45300,25.45300
2014-05-28,25.46800,25.48500,25.46800,25.48500
2014-05-29,25.51800,25.51800,25.33500,25.46800
2014-05-30,25.36000,25.36000,25.33500,25.33500
2014-06-02,25.31100,25.40600,25.31100,25.34700
2014-06-03,25.43000,25.48400,25.40600,25.40600
2014-06-04,25.45900,25.48400,25.42700,25.48400
2014-06-05,25.47400,25.50400,25.42700,25.42700
2014-06-06,25.53000,25.53000,25.41000,25.41000
2014-06-09,25.50600,25.51400,25.50600,25.51400
2014-06-10,25.56200,25.56200,25.50600,25.50600
2014-06-11,25.52300,25.62400,25.51000,25.51000
2014-06-12,25.61700,25.64200,25.43300,25.62400
2014-06-13,25.38900,25.47900,25.38900,25.43300
2014-06-16,25.48500,25.49800,25.45900,25.47900
2014-06-17,25.46500,25.52800,25.44300,25.44300
2014-06-18,25.56000,25.58700,25.52800,25.52800
2014-06-19,25.54100,25.63200,25.54100,25.58700
2014-06-20,25.66700,25.66700,25.625,25.63200
2014-06-23,25.63300,25.63300,25.60600,25.60600
2014-06-24,25.63900,25.63900,25.60400,25.60400
2014-06-25,25.66800,25.66800,25.63100,25.63900
2014-06-26,25.58700,25.64400,25.58700,25.63100
2014-06-27,25.64900,25.64900,25.63000,25.64400
2014-06-30,25.57200,25.63300,25.56000,25.63000
2014-07-01,25.55300,25.63500,25.55300,25.63300
2014-07-02,25.63500,25.65300,25.63500,25.65300
2014-07-03,25.65400,25.65400,25.63500,25.63500
2014-07-04,25.73900,25.73900,25.64300,25.65400
2014-07-07,25.62600,25.64300,25.59700,25.64300
2014-07-08,25.57500,25.63700,25.57500,25.59700
2014-07-09,25.58500,25.65300,25.58500,25.63700
2014-07-10,25.62700,25.62700,25.59200,25.59200
2014-07-11,25.65400,25.65500,25.62700,25.62700
2014-07-14,25.64600,25.65500,25.64600,25.65500
2014-07-15,25.65900,25.65900,25.62900,25.64800
2014-07-16,25.71400,25.71400,25.62900,25.62900
2014-07-17,25.64200,25.64200,25.63100,25.63100
2014-07-18,25.65000,25.65000,25.63400,25.63600
2014-07-21,25.62000,25.64200,25.62000,25.62000
2014-07-22,25.64000,25.65500,25.64000,25.64200
2014-07-23,25.62800,25.68700,25.62800,25.68700
2014-07-24,25.66500,25.66500,25.62800,25.62800
2014-07-25,25.68100,25.68100,25.64800,25.66500
2014-07-28,25.69000,25.69000,25.63700,25.67100
2014-07-29,25.64000,25.64000,25.63700,25.63700
2014-07-30,25.68900,25.68900,25.63900,25.63900
2014-07-31,25.64800,25.64800,25.63300,25.63900
2014-08-01,25.63100,25.63300,25.63100,25.63300
2014-08-04,25.56500,25.63100,25.56500,25.63100
2014-08-05,25.56500,25.63100,25.56500,25.63100
2014-08-06,25.67900,25.70500,25.67900,25.70500
2014-08-07,25.60700,25.67900,25.60700,25.67900
2014-08-08,25.68600,25.68600,25.63900,25.65700
2014-08-11,25.61800,25.64200,25.61800,25.63900
2014-08-12,25.65800,25.65800,25.62100,25.64200
2014-08-13,25.57500,25.72500,25.57500,25.62100
2014-08-14,25.71500,25.72500,25.66400,25.72500
2014-08-15,25.70500,25.70500,25.65200,25.66400
2014-08-18,25.67600,25.67600,25.66000,25.66000
2014-08-19,25.74200,25.74900,25.67600,25.67600
2014-08-20,25.80200,25.80200,25.74500,25.74900
2014-08-21,25.78400,25.78400,25.74500,25.74500
2014-08-22,25.72100,25.75,25.72100,25.74800
2014-08-25,25.88400,25.88400,25.74800,25.75
2014-08-26,25.77400,25.77400,25.76100,25.76100
2014-08-27,25.82700,25.82700,25.76600,25.76600
2014-08-28,25.75,25.75400,25.75,25.75100
2014-08-29,25.75800,25.78400,25.75800,25.75900
2014-09-01,25.88700,25.88700,25.77500,25.88700
2014-09-02,25.79000,25.79700,25.79000,25.79100
2014-09-03,25.76400,25.78600,25.75800,25.75800
2014-09-04,25.77900,25.80700,25.77900,25.78600
2014-09-05,26.19300,26.19300,25.79900,26.17700
2014-09-08,25.80000,25.83800,25.79900,25.80200
2014-09-09,25.90800,25.95800,25.79900,25.79900
2014-09-10,25.85000,25.89000,25.85000,25.85000
2014-09-11,25.94200,25.99700,25.94200,25.95200
2014-09-12,25.98900,25.99700,25.35800,25.99700
2014-09-15,25.29800,25.31800,25.28000,25.28000
2014-09-16,25.27400,25.83800,25.27400,25.28100
2014-09-17,25.81600,26.011999,25.81500,25.81500
2014-09-18,26.21200,26.23800,25.89000,26.23800
2014-09-19,25.82200,25.88600,25.81200,25.81200
2014-09-22,25.88200,25.95900,25.88200,25.95900
2014-09-23,25.86600,25.90500,25.86600,25.87200
2014-09-24,25.98700,25.99100,25.85900,25.99100
2014-09-25,25.99000,25.99000,25.86000,25.98700
2014-09-26,25.79100,25.87100,25.78600,25.78600
2014-09-29,25.99500,25.99500,25.82800,25.98200
2014-09-30,25.82700,25.84100,25.82000,25.82000
2014-10-01,25.73600,25.75300,25.73500,25.73500
2014-10-02,25.67100,25.68000,25.66100,25.68000
2014-10-03,25.62700,25.67100,25.62200,25.67100
2014-10-06,25.82600,25.92500,25.82500,25.83100
2014-10-07,25.74300,25.93500,25.70400,25.70400
2014-10-08,25.78900,26.22500,25.77400,25.77400
2014-10-09,26.075001,26.22500,26.075001,26.22500
2014-10-10,26.38800,26.38800,26.28300,26.38300
2014-10-13,26.34100,26.36400,26.27300,26.36400
2014-10-14,26.20900,26.25600,26.16000,26.16000
2014-10-15,26.28100,26.28100,26.21800,26.25300
2014-10-16,25.86800,26.21500,25.83300,25.85500
2014-10-17,26.10500,26.23100,26.097000,26.11100
2014-10-20,26.36500,26.36500,26.22400,26.23100
2014-10-21,26.18400,26.23400,26.18400,26.22400
2014-10-22,26.31800,26.31800,26.19000,26.31700
2014-10-23,26.32500,26.32500,26.19000,26.19000
2014-10-24,26.26400,26.27000,26.23100,26.27000
2014-10-27,26.15400,26.21900,26.15400,26.19500
2014-10-28,26.16500,26.22800,26.15900,26.18100
2014-10-29,26.15800,26.23000,26.15500,26.15500
2014-10-30,26.45700,26.45700,26.24700,26.43200
2014-10-31,26.18600,26.24700,26.18600,26.24700
2014-11-03,26.45700,26.45700,26.34800,26.34800
2014-11-04,26.21800,26.40700,26.21800,26.40700
2014-11-05,26.13400,26.21900,26.13400,26.15300
2014-11-06,26.20900,26.23100,26.13300,26.20100
2014-11-07,26.52000,26.52400,26.22800,26.52400
2014-11-10,26.094000,26.22600,26.065001,26.091999
2014-11-11,26.33700,26.35700,26.20200,26.35700
2014-11-12,26.12700,26.23000,26.094000,26.094000
2014-11-13,26.27600,26.28000,26.23000,26.28000
2014-11-14,26.22200,26.22200,26.20100,26.20100
2014-11-17,26.044001,26.22500,26.044001,26.055000
2014-11-18,26.27300,26.30900,26.22000,26.30900
2014-11-19,26.22100,26.22100,26.20600,26.22000
2014-11-20,26.22400,26.22700,26.21700,26.21700
2014-11-21,26.20000,26.20900,26.17600,26.20900
2014-11-24,26.32000,26.32000,26.20500,26.20500
2014-11-25,26.17700,26.21800,26.16000,26.16000
2014-11-26,26.12100,26.18900,26.12100,26.13600
2014-11-27,26.10700,26.20000,26.097000,26.097000
2014-11-28,26.26900,26.26900,26.17800,26.23500
2014-12-01,26.28600,26.28600,26.20300,26.25200
2014-12-02,26.19100,26.20300,26.19100,26.20300
2014-12-03,26.30700,26.31200,26.18500,26.31200
2014-12-04,26.20300,26.20300,26.18400,26.18500
2014-12-05,26.020000,26.18400,26.020000,26.18400
2014-12-08,26.26100,26.26100,26.13700,26.15000
2014-12-09,26.052000,26.13700,26.052000,26.13700
2014-12-10,26.062000,26.10700,26.062000,26.097000
2014-12-11,25.85300,26.10700,25.85300,26.10700
2014-12-12,26.20900,26.20900,26.077999,26.089001
2014-12-15,26.072001,26.077999,26.062000,26.077999
2014-12-16,26.041000,26.062000,26.041000,26.062000
2014-12-17,26.13800,26.13800,26.018999,26.051001
2014-12-18,26.27900,26.27900,26.018999,26.018999
2014-12-19,26.077000,26.077000,25.96600,26.018999
2014-12-22,26.044001,26.044001,25.95900,25.96600
2014-12-23,26.035999,26.035999,25.95800,25.95900
2014-12-24,26.028999,26.028999,25.91600,25.95800
2014-12-25,26.028999,26.028999,25.91600,25.95800
2014-12-26,26.028999,26.028999,25.91600,25.95800
2014-12-29,25.94600,25.94600,25.88900,25.91600
2014-12-30,25.96500,26.14100,25.88900,25.88900
2014-12-31,26.12800,26.14100,26.087000,26.14100
2015-01-01,26.20600,26.20600,26.087000,26.087000
2015-01-02,26.27600,26.27600,26.059000,26.20500
2015-01-05,26.26200,26.26200,26.059000,26.059000
2015-01-06,26.094999,26.17100,26.094999,26.17100
2015-01-07,26.19700,26.19700,26.10900,26.15100
2015-01-08,26.097000,26.10900,26.097000,26.10900
2015-01-09,26.040001,26.10700,26.040001,26.10700
2015-01-12,25.92800,26.048000,25.92800,26.040001
2015-01-13,25.93300,26.048000,25.93300,26.048000
2015-01-14,26.084999,26.084999,26.018999,26.030001
2015-01-15,25.97800,26.031000,25.97800,26.018999
2015-01-16,26.18800,26.18800,25.98500,26.031000
2015-01-19,26.051001,26.051001,25.97400,25.98500
2015-01-20,26.0049992,26.0049992,25.97400,25.97400
2015-01-21,26.056000,26.16400,25.98300,25.98300
2015-01-22,26.10100,26.16400,26.084999,26.16400
2015-01-23,26.70700,26.70700,26.084999,26.084999
2015-01-26,26.12900,26.14500,26.035000,26.059000
2015-01-27,26.11900,26.14500,26.10000,26.14500
2015-01-28,25.95900,26.10000,25.95900,26.10000
2015-01-29,26.26400,26.26400,26.083000,26.098000
2015-01-30,26.045000,26.089001,26.045000,26.089001
2015-02-02,26.11900,26.18100,26.070000,26.18100
2015-02-03,26.028000,26.070000,26.028000,26.070000
2015-02-04,25.79000,26.15200,25.79000,26.034000
2015-02-05,26.36000,26.36000,26.15200,26.15200
2015-02-06,26.084000,26.17500,26.084000,26.17500
2015-02-09,26.46700,26.46700,26.14400,26.16900
2015-02-10,26.11100,26.15800,26.11100,26.14400
2015-02-11,26.066000,26.15800,26.066000,26.15800
2015-02-12,26.16300,26.16700,26.12800,26.15800
2015-02-13,26.039000,26.19500,26.039000,26.12800
2015-02-16,26.20900,26.20900,26.18700,26.19500
2015-02-17,26.38300,26.38300,26.18700,26.18700
2015-02-18,26.26700,26.26700,26.17700,26.21700
2015-02-19,26.11900,26.19500,26.11900,26.17700
2015-02-20,26.26000,26.26000,26.15800,26.19500
2015-02-23,26.058001,26.18100,26.058001,26.15800
2015-02-24,26.12300,26.18100,26.12300,26.18100
2015-02-25,26.11700,26.18100,26.11700,26.17300
2015-02-26,26.14100,26.19200,26.14100,26.18100
2015-02-27,26.50800,26.50800,26.16900,26.19200
2015-03-02,26.30800,26.30800,26.16900,26.16900
2015-03-03,26.27800,26.27800,26.17400,26.17600
2015-03-04,26.12400,26.17400,26.12400,26.17400
2015-03-05,26.29300,26.29300,26.17200,26.17200
2015-03-06,26.24200,26.24200,26.14100,26.17200
2015-03-09,26.38100,26.38100,26.14100,26.14100
2015-03-10,26.23000,26.23000,26.13500,26.15900
2015-03-11,26.23100,26.23100,26.13500,26.13500
2015-03-12,26.27900,26.27900,26.14900,26.14900
2015-03-13,26.22500,26.23100,26.14100,26.16500
2015-03-16,26.32500,26.32500,26.13600,26.14100
2015-03-17,26.062000,26.13600,26.062000,26.13600
2015-03-18,26.17600,26.17600,26.11500,26.11500
2015-03-19,25.43900,26.19600,25.43900,26.13000
2015-03-20,26.24700,26.24700,26.10300,26.19600
2015-03-23,25.94000,26.15600,25.94000,26.10300
2015-03-24,26.062000,26.16300,26.062000,26.15600
2015-03-25,26.062000,26.16300,26.062000,26.15600
2015-03-26,26.18400,26.18400,26.16300,26.16300
2015-03-27,26.41500,26.41500,26.14900,26.16300
2015-03-30,26.15900,26.15900,26.12200,26.14900
2015-03-31,26.17200,26.17200,26.14400,26.14400
2015-04-01,26.13500,26.16300,26.13500,26.16300
2015-04-02,26.10900,26.13600,26.10900,26.13500
2015-04-03,26.034000,26.034000,26.023001,26.023001
2015-04-06,25.75200,26.034000,25.74300,26.034000
2015-04-07,25.86700,26.15600,25.79100,25.79100
2015-04-08,26.24200,26.24200,26.15600,26.15600
2015-04-09,26.37200,26.37200,26.14500,26.16800
2015-04-10,26.39600,26.39600,26.14000,26.14500
2015-04-13,26.075001,26.14800,26.075001,26.14000
2015-04-14,26.028000,26.14900,26.028000,26.14800
2015-04-15,25.96900,26.14900,25.96900,26.14900
2015-04-16,25.91800,26.14500,25.91800,26.13500
2015-04-17,26.18000,26.18000,26.025000,26.025000
2015-04-20,26.12200,26.19500,26.12200,26.19500
2015-04-21,26.094000,26.15100,26.094000,26.12200
2015-04-22,26.0090008,26.16300,26.0090008,26.15100
2015-04-23,26.26300,26.26300,26.15800,26.16300
2015-04-24,25.98800,26.27800,25.98800,26.15800
2015-04-27,26.33300,26.33300,26.17000,26.17000
2015-04-28,26.23900,26.33300,26.23900,26.33300
2015-04-29,26.24100,26.32200,26.24100,26.32200
2015-04-30,26.020000,26.30500,26.020000,26.30500
2015-05-01,26.037001,26.083000,26.014000,26.083000
2015-05-04,26.091000,26.091000,26.014000,26.014000
2015-05-05,26.045000,26.059000,26.045000,26.059000
2015-05-06,25.92400,26.073000,25.92400,26.052000
2015-05-07,25.83400,26.11200,25.83400,26.073000
2015-05-08,26.29900,26.29900,26.062000,26.11200
2015-05-11,26.10800,26.10800,26.062000,26.062000
2015-05-12,26.087999,26.087999,26.062000,26.062000
2015-05-13,26.15600,26.15600,26.086000,26.086000
2015-05-14,25.875,26.20800,25.875,26.15500
2015-05-15,26.24200,26.24200,26.17400,26.20800
2015-05-18,25.99300,26.19700,25.97700,26.17400
2015-05-19,26.39900,26.39900,26.15400,26.19700
2015-05-20,26.30500,26.30500,26.14300,26.15400
2015-05-21,26.14100,26.18400,26.14100,26.14300
2015-05-22,26.30900,26.30900,26.15600,26.18400
2015-05-25,26.61400,26.61400,26.15600,26.15600
2015-05-26,26.18200,26.18200,26.15300,26.16200
2015-05-27,26.23100,26.23100,26.14200,26.15300
2015-05-28,26.12000,26.17200,26.12000,26.14200
2015-05-29,26.091999,26.17200,26.091999,26.17200
2015-06-01,26.17000,26.18700,26.15600,26.15600
2015-06-02,26.15900,26.16800,26.13600,26.16800
2015-06-03,25.87300,26.17700,25.87300,26.13600
2015-06-04,25.84800,26.19400,25.84800,26.17700
2015-06-05,26.50400,26.50400,26.16600,26.19400
2015-06-08,26.46000,26.48500,26.15900,26.16600
2015-06-09,25.84100,26.26900,25.84100,26.15900
2015-06-10,26.22100,26.28200,26.22100,26.26900
2015-06-11,26.24900,26.28800,26.23100,26.28200
2015-06-12,26.34100,26.34100,26.27400,26.28800
2015-06-15,26.18400,26.29400,26.18400,26.27400
2015-06-16,26.15700,26.29400,26.15700,26.29400
2015-06-17,26.30300,26.30300,26.26100,26.26100
2015-06-18,26.028999,26.27200,26.028999,26.26400
2015-06-19,26.34900,26.34900,26.26800,26.27200
2015-06-22,26.13000,26.59900,26.13000,26.15500
2015-06-23,26.60900,26.60900,26.29100,26.55700
2015-06-24,26.38100,26.38100,26.28500,26.29100
2015-06-25,26.27400,26.28600,26.27400,26.28500
2015-06-26,26.27300,26.29800,26.27300,26.28600
2015-06-29,26.81400,26.81400,26.29600,26.29800
2015-06-30,26.075001,26.29600,26.075001,26.29600
2015-07-01,26.39900,26.39900,26.27300,26.29300
2015-07-02,26.44400,26.44400,26.27300,26.27300
2015-07-03,26.30000,26.30000,26.24300,26.24300
2015-07-06,26.5,26.5,26.27200,26.30000
2015-07-07,26.24300,26.31200,26.24300,26.27200
2015-07-08,26.21900,26.31200,26.21900,26.31200
2015-07-09,26.14100,26.26600,26.12600,26.26600
2015-07-10,26.23300,26.26600,26.23300,26.26600
2015-07-13,26.43300,26.43300,26.24500,26.25300
2015-07-14,26.46600,26.46600,26.24500,26.24500
2015-07-15,26.32200,26.32200,26.25600,26.25600
2015-07-16,26.47000,26.47000,26.26200,26.27700
2015-07-17,26.28600,26.28600,26.26200,26.26200
2015-07-20,26.39800,26.39800,26.27200,26.39800
2015-07-21,26.28200,26.28200,26.26900,26.27200
2015-07-22,26.082001,26.27300,26.082001,26.26900
2015-07-23,26.27300,26.27300,26.25500,26.27300
2015-07-24,26.28700,26.28700,26.27300,26.27300
2015-07-27,26.22700,26.28200,26.22700,26.28200
2015-07-28,26.22500,26.60200,26.22500,26.25500
2015-07-29,26.52500,26.63900,26.52500,26.60200
2015-07-30,26.79200,26.79200,26.59400,26.63900
2015-07-31,26.64300,26.64300,26.59400,26.59400
2015-08-03,26.60600,26.62700,26.60600,26.61300
2015-08-04,26.63800,26.63800,26.57700,26.61100
2015-08-05,26.81900,26.81900,26.57700,26.57700
2015-08-06,26.50900,26.59100,26.49500,26.49500
2015-08-07,26.54100,26.59100,26.54100,26.59100
2015-08-10,26.52500,26.59100,26.49700,26.59100
2015-08-11,26.37100,26.57400,26.37100,26.57400
2015-08-12,26.55100,26.57400,26.54600,26.57400
2015-08-13,26.53000,26.54600,26.53000,26.54600
2015-08-14,26.45500,26.70300,26.45500,26.54300
2015-08-17,26.75800,26.75800,26.56000,26.70300
2015-08-18,26.57900,26.57900,26.56000,26.56000
2015-08-19,26.65300,26.65300,26.55300,26.57400
2015-08-20,26.59400,26.59400,26.36400,26.36400
2015-08-21,26.43900,26.59400,26.43900,26.59400
2015-08-24,26.38300,26.59200,26.27600,26.59200
2015-08-25,26.375,26.56600,26.375,26.55900
2015-08-26,26.45100,26.58400,26.45100,26.56600
2015-08-27,26.77800,26.77800,26.58200,26.58400
2015-08-28,26.68400,26.68400,26.58200,26.58200
2015-08-31,26.74400,26.74400,26.55300,26.58300
2015-09-01,26.51200,26.55300,26.51200,26.55300
2015-09-02,26.49800,26.52500,26.49800,26.52500
2015-09-03,26.59000,26.59000,26.49200,26.49800
2015-09-04,26.47600,26.71700,26.47600,26.71700
2015-09-07,26.44800,26.47600,26.44700,26.47600
2015-09-08,26.43400,26.44700,26.41300,26.44700
2015-09-09,26.30700,26.41300,26.30700,26.41300
2015-09-10,26.22500,26.39300,26.22500,26.39300
2015-09-11,26.16200,26.38500,26.16200,26.38500
2015-09-14,26.19600,26.39500,26.14300,26.38000
2015-09-15,26.40800,26.40800,26.375,26.39500
2015-09-16,26.45700,27.23000,26.375,26.375
2015-09-17,27.042999,27.23000,27.042999,27.23000
2015-09-18,26.94000,27.18000,26.94000,27.18000
2015-09-21,27.48600,27.48600,27.16200,27.16700
2015-09-22,27.38300,27.38300,27.13700,27.16200
2015-09-23,27.23700,27.23700,27.10700,27.13700
2015-09-24,27.042999,27.11600,27.042999,27.10700
2015-09-25,27.26000,27.26000,27.11600,27.11600
2015-09-28,27.066999,27.14000,27.066999,27.14000
2015-09-29,26.94800,27.11300,26.88800,27.11300
2015-09-30,27.013000,27.076000,27.013000,27.076000
2015-10-01,27.15200,27.15200,27.0020008,27.031000
2015-10-02,26.90300,27.0020008,26.90300,27.0020008
2015-10-05,26.83100,26.98100,26.83100,26.98100
2015-10-06,27.10000,27.10000,26.94600,26.97600
2015-10-07,26.89800,26.89800,26.82600,26.82600
2015-10-08,26.94200,26.94200,26.89800,26.89800
2015-10-09,26.92200,26.92200,26.87900,26.90200
2015-10-12,26.85800,26.87100,26.85800,26.87100
2015-10-13,26.89300,26.89300,26.85800,26.85800
2015-10-14,26.84400,26.86200,26.80000,26.86200
2015-10-15,26.65100,26.80000,26.65100,26.80000
2015-10-16,26.95900,26.95900,26.75,26.77500
2015-10-19,26.72000,26.75,26.72000,26.75
2015-10-20,26.72300,26.74000,26.72200,26.72200
2015-10-21,26.80100,26.80100,26.73200,26.74000
2015-10-22,26.74900,26.74900,26.68500,26.73200
2015-10-23,26.68600,27.26600,26.68600,27.26600
2015-10-26,26.81300,26.81300,26.64100,26.68600
2015-10-27,26.56300,26.64100,26.56300,26.64100
2015-10-28,26.68600,26.68600,26.60800,26.61500
2015-10-29,26.96000,26.96900,26.57000,26.60800
2015-10-30,26.50500,26.70200,26.50500,26.57000
2015-11-02,26.68700,26.70200,26.67000,26.70200
2015-11-03,26.67900,26.67900,26.66600,26.67000
2015-11-04,26.71000,26.71000,26.61800,26.66600
2015-11-05,26.79600,26.85400,26.61800,26.61800
2015-11-06,26.59300,26.63400,26.59300,26.63400
2015-11-09,26.92500,26.92500,26.58000,26.62100
2015-11-10,26.64200,26.65900,26.56900,26.65900
2015-11-11,26.55100,26.56900,26.54800,26.56900
2015-11-12,26.43400,26.52600,26.43400,26.47300
2015-11-13,26.31700,26.51500,26.30100,26.30100
2015-11-16,26.67800,26.67800,26.51500,26.51500
2015-11-17,26.63800,26.63800,26.47800,26.51600
2015-11-18,26.53700,26.53700,26.42800,26.52200
2015-11-19,26.39600,26.44100,26.39600,26.42800
2015-11-20,26.43400,26.44100,26.43400,26.44100
2015-11-23,26.53800,26.53800,26.36700,26.50900
2015-11-24,26.35000,26.35000,26.34600,26.34600
2015-11-25,26.33700,26.35000,26.32400,26.35000
2015-11-26,26.26800,26.34500,26.26600,26.26600
2015-11-27,26.37100,26.37100,26.33900,26.36200
2015-11-30,26.34400,27.66900,26.31000,26.31000
2015-12-01,27.68900,27.68900,27.65200,27.66900
2015-12-02,27.58000,27.61900,27.57800,27.57800
2015-12-03,27.59700,27.62900,27.59200,27.59200
2015-12-04,26.66100,27.56700,26.66100,26.66400
2015-12-07,27.63900,27.63900,27.58900,27.61000
2015-12-08,27.51600,27.54200,27.51500,27.51500
2015-12-09,27.48400,27.51800,27.45000,27.45000
2015-12-10,27.28300,27.39000,27.27200,27.27200
2015-12-11,27.44700,27.51600,27.39000,27.39000
2015-12-14,27.46400,27.46400,27.43300,27.43300
2015-12-15,27.41800,27.45400,27.39800,27.39800
2015-12-16,27.62900,27.64600,27.44200,27.64600
2015-12-17,27.55500,27.55500,27.36900,27.45600
2015-12-18,27.38600,27.44700,27.38600,27.40600
2015-12-21,27.36000,27.43000,27.36000,27.38000
2015-12-22,27.32700,27.42700,27.31200,27.31200
2015-12-23,27.40200,27.40200,27.38800,27.38800
2015-12-24,27.42100,27.44700,27.37700,27.44700
2015-12-25,27.32600,27.32600,27.32600,27.32600
2015-12-28,27.30500,27.35000,27.29300,27.29300
2015-12-29,27.36900,27.39800,27.34000,27.39800
2015-12-30,27.44400,27.45900,27.30800,27.45900
2015-12-31,27.28600,27.31200,27.28600,27.31200
2016-01-01,27.38000,27.38000,27.38000,27.38000
2016-01-04,27.40900,27.40900,27.29300,27.37300
2016-01-05,27.51000,27.52100,27.26200,27.52100
2016-01-06,27.31000,27.31000,27.22600,27.30500
2016-01-07,27.17300,27.26700,27.17300,27.23000
2016-01-08,27.11800,27.24300,27.10200,27.10200
2016-01-11,27.084000,27.20100,27.084000,27.10500
2016-01-12,27.32600,27.32600,27.17000,27.29100
2016-01-13,27.21800,27.21800,27.15400,27.17000
2016-01-14,26.96300,27.15500,26.96300,27.0070000
2016-01-15,27.29600,27.29600,27.10200,27.15500
2016-01-18,27.082001,27.75,27.082001,27.75
2016-01-19,27.12100,27.40000,27.065001,27.10200
2016-01-20,26.93200,28.10000,26.93200,26.97300
2016-01-21,27.15400,28,27.056999,27.11100
2016-01-22,27.19200,27.19200,27.044001,27.13100
2016-01-25,27.125,27.125,26.98800,27.11700
2016-01-26,26.91500,26.97800,26.91400,26.91400
2016-01-27,26.90800,27.40000,26.88100,26.88100
2016-01-28,26.91000,26.94800,26.90500,26.90500
2016-01-29,26.89200,27.20000,26.87800,26.87800
2016-02-01,27.10400,27.20000,26.91400,27.12400
2016-02-02,26.84500,27.20000,26.84500,26.85600
2016-02-03,26.85900,26.88900,26.83900,26.88900
2016-02-04,26.36000,27.76400,26.36000,26.43400
2016-02-05,27.69700,27.73200,27.56000,27.56000
2016-02-08,27.84900,27.84900,27.68900,27.80000
2016-02-09,27.47900,27.91000,27.47900,27.91000
2016-02-10,27.48300,27.69800,27.48300,27.49500
2016-02-11,27.53500,27.90000,27.53500,27.90000
2016-02-12,27.73400,27.90000,27.64900,27.90000
2016-02-15,27.75800,27.75800,27.61800,27.70500
2016-02-16,27.68400,28.10000,27.61800,27.61800
2016-02-17,27.89200,28.15000,27.80000,28.15000
2016-02-18,27.83100,27.85800,27.80200,27.85800
2016-02-19,27.75100,27.77000,27.70700,27.77000
2016-02-22,27.72400,27.85000,27.66500,27.66500
2016-02-23,27.72200,27.74100,27.69600,27.74100
2016-02-24,27.64300,27.86000,27.64300,27.86000
2016-02-25,27.55700,27.66600,27.54700,27.54700
2016-02-26,27.85000,27.85000,27.61600,27.69100
2016-02-29,27.92200,27.92200,27.65400,27.90700
2016-03-01,27.77000,28.049999,27.65000,27.67700
2016-03-02,27.65100,27.96700,27.65100,27.66600
2016-03-03,27.92500,28,27.87400,28
2016-03-04,27.68600,27.875,27.68100,27.68100
2016-03-07,27.84000,27.85300,27.81200,27.81200
2016-03-08,27.69900,28.042000,27.69900,27.85300
2016-03-09,28.076000,28.076000,28.0070000,28.047001
2016-03-10,27.97900,28.0070000,27.97900,28.0070000
2016-03-11,27.45400,27.98000,27.45400,27.98000
2016-03-14,27.86400,28.25,27.86400,27.88000
2016-03-15,28.20000,28.20000,27.90900,27.98600
2016-03-16,27.20000,28.15000,27.20000,27.20000
2016-03-17,27.59400,27.95400,27.59400,27.60300
2016-03-18,27.93500,28.15000,27.875,27.94000
2016-03-21,27.89400,28,27.89400,27.91600
2016-03-22,27.97600,28,27.86800,28
2016-03-23,27.89300,28.049999,27.89300,28.049999
2016-03-24,27.89900,28.20000,27.82900,28.20000
2016-03-25,27.81900,28,27.81800,28
2016-03-28,27.84200,28.059999,27.82400,28.059999
2016-03-29,27.74000,28,27.74000,28
2016-03-30,27.59100,28,27.59100,28
2016-03-31,27.74400,27.75500,27.74400,27.75500
2016-04-01,27.75300,27.95000,27.72100,27.95000
2016-04-04,27.75,27.90000,27.69000,27.90000
2016-04-05,27.62600,27.81000,27.62600,27.80000
2016-04-06,27.63200,27.81000,27.63200,27.80000
2016-04-07,27.59000,27.70300,27.54100,27.54100
2016-04-08,27.61100,27.63800,27.61100,27.63800
2016-04-11,27.51600,27.80000,27.51000,27.80000
2016-04-12,27.53500,27.80000,27.53500,27.70000
2016-04-13,27.62200,27.75,27.51600,27.75
2016-04-14,27.60100,27.73000,27.49300,27.65000
2016-04-15,27.52600,27.70000,27.45900,27.70000
2016-04-18,27.43600,27.71000,27.42900,27.71000
2016-04-19,27.45300,27.81000,27.45300,27.80000
2016-04-20,27.39400,27.70000,27.39400,27.70000
2016-04-21,27.59400,27.67000,27.41700,27.67000
2016-04-22,27.38300,27.46100,27.38300,27.46100
2016-04-25,27.49000,27.60000,27.37200,27.60000
2016-04-26,27.35600,28,27.35600,28
2016-04-27,27.88900,28.18600,27.85000,27.85000
2016-04-28,28.29900,28.29900,28,28.16100
2016-04-29,28.26500,28.27100,28,28
2016-05-02,28.10800,28.32900,28.10800,28.14700
2016-05-03,28.21300,28.32900,28.21300,28.32900
2016-05-04,28.30600,28.50600,28.049999,28.50600
2016-05-05,28.32500,28.32500,28.010000,28.010000
2016-05-06,28.39300,28.39300,28.17000,28.17000
2016-05-09,28.42200,28.42200,28.19000,28.19000
2016-05-10,28.35200,28.35200,27.70000,27.75
2016-05-11,28.31700,28.31700,28.049999,28.049999
2016-05-12,28.011000,28.12000,28,28
2016-05-13,28.13100,28.21000,28.079000,28.10000
2016-05-16,28.16300,28.25,28.011999,28.25
2016-05-17,28.086000,28.086000,28.031000,28.031000
2016-05-18,28.10700,28.30000,28.059999,28.22000
2016-05-19,28.21300,28.30000,28.080999,28.30000
2016-05-20,28.087999,28.22000,28.086000,28.22000
2016-05-23,28.066999,28.32000,28.066999,28.32000
2016-05-24,28.058001,28.37000,28.058001,28.35000
2016-05-25,28.19600,28.30000,28.084000,28.30000
2016-05-26,28.047001,28.20000,28.047001,28.20000
2016-05-27,28.038000,28.23000,28.038000,28.23000
2016-05-30,28.25900,28.25900,28.080000,28.20000
2016-05-31,28.058001,28.20000,28.058001,28.080000
2016-06-01,28.12100,28.30000,28.087999,28.25
2016-06-02,28.00099945,28.31000,28.00099945,28.31000
2016-06-03,28.20200,28.25,28.076000,28.20500
2016-06-06,27.56400,28.25,27.56400,28.25
2016-06-07,28.018000,28.20000,28.018000,28.20000
2016-06-08,28.093000,28.35000,28.079000,28.30000
2016-06-09,28.013000,28.31000,28.013000,28.30000
2016-06-10,28.16900,28.36000,28.070000,28.35000
2016-06-13,28.21000,28.35000,28.069000,28.35000
2016-06-14,28.40000,28.40000,28.069000,28.40000
2016-06-15,28.11500,28.35000,28.072001,28.30000
2016-06-16,27.98200,28.30000,27.98200,27.98600
2016-06-17,27.97700,28.15000,27.97700,28.15000
2016-06-20,28.094000,28.30000,27.88100,27.88100
2016-06-21,28.10200,28.25,28.10200,28.12100
2016-06-22,28.28300,28.31000,28.083000,28.27200
2016-06-23,28.011000,28.28000,27.95100,27.95100
2016-06-24,28.26900,28.26900,28.030001,28.13800
2016-06-27,28.12600,28.12600,27.90800,27.90800
2016-06-28,28.072001,28.40000,28.061001,28.061001
2016-06-29,28.11600,28.30000,28.087000,28.13900
2016-06-30,28,28.066000,27.99300,27.99300
2016-07-01,28.18200,28.35000,28.032000,28.18800
2016-07-04,28.059999,28.073999,28.040001,28.040001
2016-07-05,28.035000,28.45000,28.0090008,28.0090008
2016-07-06,28.30500,28.40000,28.068001,28.29300
2016-07-07,28.013000,28.35000,27.99900,27.99900
2016-07-08,28.10500,28.40000,28.066000,28.12100
2016-07-11,28.13100,28.35000,28.077999,28.11400
2016-07-12,28.059999,28.35000,28.042000,28.042000
2016-07-13,28.17100,28.35000,28.089001,28.15800
2016-07-14,28.049999,28.35000,28.049999,28.055000
2016-07-15,28.061001,28.25,28.0079994,28.046000
2016-07-18,28.19900,28.26400,28.066999,28.26400
2016-07-19,28.032000,28.089001,28.0090008,28.0090008
2016-07-20,28.19900,28.31000,28.18100,28.18100
2016-07-21,28.16300,28.35000,28.16300,28.17200
2016-07-22,28.14000,28.35000,28.13800,28.15400
2016-07-25,28.26100,28.30000,28.15500,28.25
2016-07-26,28.14800,28.43800,28.13200,28.13200
2016-07-27,28.46500,28.47100,28.32600,28.47100
2016-07-28,28.13000,28.44300,28.13000,28.17000
2016-07-29,28.45900,28.48000,28.35000,28.46600
2016-08-01,28.30200,28.46000,28.29000,28.29000
2016-08-02,28.44700,28.46200,28.30000,28.45700
2016-08-03,28.30000,28.44500,28.25,28.38500
2016-08-04,28.58100,28.58100,28.38000,28.57800
2016-08-05,28.44500,28.44500,28.30000,28.30000
2016-08-08,28.60500,28.60500,28.38000,28.60100
2016-08-09,28.43800,28.46000,28.43800,28.44100
2016-08-10,28.34400,28.55800,28.34400,28.37200
2016-08-11,28.53300,28.55900,28.45000,28.55000
2016-08-12,28.58600,28.59400,28.37000,28.59400
2016-08-15,28.54500,28.57200,28.35000,28.54600
2016-08-16,28.54400,28.54400,28.39000,28.53300
2016-08-17,28.57900,28.59800,28.40000,28.57800
2016-08-18,28.52600,28.61000,28.30000,28.30000
2016-08-19,28.59800,28.59800,28.40000,28.54800
2016-08-22,28.66800,28.66800,28.41000,28.43000
2016-08-23,28.55300,28.60000,28.40000,28.53600
2016-08-24,28.68900,28.68900,28.42000,28.68200
2016-08-25,28.65500,28.65500,27.42000,28.64700
2016-08-26,28.61000,28.625,27.41000,28.625
2016-08-29,28.84100,28.85500,28.60800,28.85500
2016-08-30,28.58200,28.60700,28.57900,28.57900
2016-08-31,28.61000,28.65200,28.61000,28.65200
2016-09-01,28.56200,28.60700,28.56200,28.56400
2016-09-02,28.48400,28.60300,28.48100,28.48100
2016-09-05,28.67600,28.68600,28.40000,28.68600
2016-09-06,28.64800,28.65200,28.45000,28.65200
2016-09-07,28.40600,28.62000,28.40100,28.40100
2016-09-08,28.63800,28.63900,28.47000,28.63900
2016-09-09,28.68400,28.68600,28.43000,28.68600
2016-09-12,28.60600,28.67900,28.43000,28.67900
2016-09-13,28.57300,28.61900,28.49000,28.57700
2016-09-14,28.65100,28.65300,28.47000,28.65300
2016-09-15,28.56300,28.60700,28.5,28.55700
2016-09-16,28.59200,28.63300,28.5,28.5
2016-09-19,28.78800,28.78800,28.51000,28.78800
2016-09-20,28.61200,28.65300,28.51000,28.51000
2016-09-21,28.72300,28.72400,28.60000,28.72400
2016-09-22,28.61000,28.66100,28.53300,28.53900
2016-09-23,28.72300,28.72300,28.43000,28.72300
2016-09-26,28.61300,28.65600,28.48000,28.64900
2016-09-27,28.64200,28.68300,28.45000,28.63500
2016-09-28,28.74400,28.74400,28.45000,28.73800
2016-09-29,28.63800,28.65800,28.45000,28.65200
2016-09-30,28.65400,28.65400,28.5,28.65300
2016-10-03,28.47900,28.71400,28.45700,28.45700
2016-10-04,28.78300,28.78900,28.45000,28.77800
2016-10-05,28.61300,28.69800,28.47000,28.62200
2016-10-06,28.74700,28.74900,28.49000,28.74900
2016-10-07,28.85400,28.85400,28.49000,28.83600
2016-10-10,28.49200,28.64400,28.47800,28.47800
2016-10-11,28.70300,28.70300,28.5,28.70100
2016-10-12,28.68600,28.70200,28.53000,28.70200
2016-10-13,28.64500,28.64500,28.5,28.5
2016-10-14,28.59800,28.63000,28.55000,28.57900
2016-10-17,28.75200,28.76500,28.5,28.75200
2016-10-18,28.58700,28.65300,28.45000,28.61900
2016-10-19,28.73600,28.73600,28.66200,28.72700
2016-10-20,28.67300,28.67500,28.47000,28.67500
2016-10-21,28.76400,28.76800,28.49000,28.76800
2016-10-24,28.67000,28.67000,28.63700,28.65600
2016-10-25,28.69600,28.69600,28.63600,28.68200
2016-10-26,28.62200,28.64100,28.61800,28.61800
2016-10-27,28.67600,28.67800,28.63400,28.67800
2016-10-28,28.71500,28.71500,28.63400,28.71200
2016-10-31,28.49500,28.68100,28.45000,28.45500
2016-11-01,28.62800,28.70200,28.53000,28.61900
2016-11-02,28.60600,28.67800,28.47000,28.59800
2016-11-03,28.66500,28.68900,28.49000,28.68000
2016-11-04,28.60700,28.66800,28.53000,28.59300
2016-11-07,28.69000,28.79600,28.5,28.58200
2016-11-08,28.74600,28.74600,28.55000,28.73200
2016-11-09,28.80500,28.80500,28.59000,28.75100
2016-11-10,29.11300,29.11300,28.5,28.5
2016-11-11,28.70300,28.70300,28.67400,28.69900
2016-11-14,28.85000,28.88700,28.55000,28.71600
2016-11-15,28.72800,28.78700,28.56000,28.78700
2016-11-16,28.74000,28.78200,28.60000,28.78200
2016-11-17,28.64400,28.74800,28.60000,28.65400
2016-11-18,29.061001,29.061001,28.60000,29.034000
2016-11-21,28.81200,28.83500,28.72200,28.83500
2016-11-22,28.71600,28.74000,28.65000,28.73300
2016-11-23,28.74600,28.74600,28.66000,28.73900
2016-11-24,28.95300,28.95300,28.70700,28.92400
2016-11-25,28.75700,28.75700,28.65000,28.74700
2016-11-28,28.61100,28.72700,28.55100,28.70600
2016-11-29,28.71600,28.72200,28.70000,28.70700
2016-11-30,28.59200,28.76200,28.58800,28.58800
2016-12-01,28.90400,28.90400,28.74100,28.75
2016-12-02,28.64500,28.76200,28.64500,28.64900
2016-12-05,28.97800,28.97800,28.67000,28.71400
2016-12-06,28.65000,28.76200,28.60800,28.60800
2016-12-07,28.82600,28.82600,28.69000,28.69000
2016-12-08,28.68100,28.76300,28.67000,28.67900
2016-12-09,29.22000,29.22900,28.69000,29.22900
2016-12-12,28.86100,28.86100,28.71000,28.79500
2016-12-13,28.66800,28.73600,28.65000,28.68100
2016-12-14,28.69000,28.75600,28.59000,28.70100
2016-12-15,29.20400,29.20400,28.57000,28.57000
2016-12-16,28.71700,28.96200,28.57000,28.74200
2016-12-19,28.96200,28.97300,28.57000,28.97300
2016-12-20,29.051001,29.051001,28.57000,28.59000
2016-12-21,28.94200,28.94200,28.58000,28.58000
2016-12-22,28.90000,28.98600,28.61000,28.61000
2016-12-23,29.011000,29.011000,28.61000,29.010000
2016-12-26,28.97800,28.97800,28.59000,28.59000
2016-12-27,28.99900,28.99900,28.96700,28.96700
2016-12-28,28.94100,28.99200,28.94100,28.95900
2016-12-29,28.95100,28.98600,28.59000,28.98600
2016-12-30,28.71300,28.96900,28.71300,28.88200
2017-01-02,29.084999,29.084999,28.99000,29.084999
2017-01-03,29.017000,29.017000,28.99700,29.010000
2017-01-04,28.97800,28.99800,28.91200,28.94800
2017-01-05,28.68600,28.95300,28.68600,28.82700
2017-01-06,28.71800,28.99800,28.59000,28.67500
2017-01-09,29.12800,29.12800,28.68000,28.68000
2017-01-10,28.80100,29.0079994,28.80100,28.82600
2017-01-11,29.063000,29.063999,29.037001,29.063999
2017-01-12,28.83300,28.98800,28.83300,28.83300
2017-01-13,29.125,29.125,29.0079994,29.10500
2017-01-16,29.056000,29.056000,28.59000,28.59000
2017-01-17,28.97400,29.042999,28.97400,28.97900
2017-01-18,29.014000,29.034000,28.60000,29.0090008
2017-01-19,29.025999,29.025999,28.93000,28.93000
2017-01-20,29.046000,29.046000,29.028999,29.028999
2017-01-23,28.81200,29.038000,28.75,28.86700
2017-01-24,28.96100,29.040001,28.94000,28.94000
2017-01-25,29.066999,29.066999,28.97000,28.97000
2017-01-26,29.0060005,29.054001,28.95000,29.044001
2017-01-27,29.16500,29.17500,28.90000,29.17500
2017-01-30,28.94900,29.084000,28.79000,29.016001
2017-01-31,28.91400,29.010000,28.77000,28.90300
2017-02-01,28.89400,29.014000,28.89000,28.90000
2017-02-02,29.069000,29.11900,28.93000,29.11900
2017-02-03,29.13400,29.13400,28.95000,28.95000
2017-02-06,28.87200,29.0039997,28.86400,28.86400
2017-02-07,29.031000,29.031000,28.95000,28.98600
2017-02-08,28.99400,29.0049992,28.90000,28.98000
2017-02-09,28.90400,29.030001,28.90000,28.90000
2017-02-10,29.10600,29.10600,28.90000,29.10400
2017-02-13,29.090000,29.090000,28.96000,29.035999
2017-02-14,29.15300,29.22300,29.091999,29.16800
2017-02-15,29.25400,29.25400,28.98000,29.23300
2017-02-16,28.91200,29.052999,28.91200,28.97400
2017-02-17,28.96600,29.40000,28.95400,28.95400
2017-02-20,29.13500,29.14300,29.051001,29.14300
2017-02-21,29.15300,29.15300,29.091999,29.091999
2017-02-22,29.083000,29.35000,29.077999,29.35000
2017-02-23,28.93800,29.40000,28.93100,28.93100
2017-02-24,29.027000,29.35000,29.027000,29.35000
2017-02-27,29.20800,29.21900,29.091000,29.21900
2017-02-28,29.097000,29.31000,29.091999,29.31000
2017-03-01,29.19700,29.35000,29.10600,29.35000
2017-03-02,29.065001,29.30000,29.047001,29.047001
2017-03-03,29.10400,29.35000,29.073000,29.12900
2017-03-06,28.88500,29.28000,28.85500,28.85500
2017-03-07,29.10000,29.25,29.096001,29.25
2017-03-08,29.096001,29.29000,29.084999,29.11500
2017-03-09,29.14800,29.35000,29.083000,29.13700
2017-03-10,29.014000,29.70000,29.014000,29.042999
2017-03-13,28.88500,29.34000,28.81500,28.90500
2017-03-14,29.18300,29.31000,29.10400,29.18900
2017-03-15,29.16300,29.34000,29.094999,29.17900
2017-03-16,28.80500,29.35000,28.80500,28.81400
2017-03-17,28.99500,29.12000,28.98800,28.98800
2017-03-20,29.072001,29.44000,29.0070000,29.10500
2017-03-21,29.20100,29.26600,29.079000,29.26600
2017-03-22,29.091000,29.25,29.011999,29.076000
2017-03-23,29.013000,29.39000,28.99500,28.99500
2017-03-24,29.16600,29.33000,29.12200,29.12200
2017-03-27,29.011999,29.35000,28.94700,29.13600
2017-03-28,29.13100,29.33000,29.12000,29.12000
2017-03-29,29.22000,29.26000,29.11500,29.22800
2017-03-30,29.19100,29.34000,29.10800,29.17400
2017-03-31,29.25900,29.27900,29.11000,29.27900
2017-04-03,29.14700,29.33000,29.11400,29.18300
2017-04-04,29.070000,29.33000,29.070000,29.075001
2017-04-05,29.011999,29.30000,29.011999,29.018000
2017-04-06,29.10700,29.31000,29.10000,29.12300
2017-04-07,29.16700,29.31000,29.11900,29.16800
2017-04-10,29.24500,29.41000,29.11300,29.21800
2017-04-11,29.11100,29.41000,29.11100,29.41000
2017-04-12,29.11300,29.41000,29.10200,29.41000
2017-04-13,28.92200,29.41000,28.92200,29.41000
2017-04-14,29.17300,29.41000,29.17300,29.40000
2017-04-17,29.18800,29.40000,29.14700,29.18100
2017-04-18,29.096001,29.098000,29.079000,29.084999
2017-04-19,28.93900,29.43000,28.93000,28.93000
2017-04-20,29.14500,29.45000,29.12600,29.40000
2017-04-21,29.22900,29.46000,29.10400,29.21900
2017-04-24,28.65300,29.12800,28.65300,29.045000
2017-04-25,29.10100,29.41000,29.039000,29.096001
2017-04-26,28.99100,29.41000,28.99100,28.99400
2017-04-27,29.080000,29.11500,29.080000,29.089001
2017-04-28,29.20600,29.41000,29.14600,29.18900
2017-05-01,29.21000,29.45000,29.21000,29.23600
2017-05-02,29.20200,29.21600,29.12100,29.21600
2017-05-03,29.073999,29.51000,29.073999,29.091000
2017-05-04,29.18200,29.5,29.13600,29.18900
2017-05-05,28.98900,29.48000,28.98700,28.98700
2017-05-08,29.10800,29.47000,29.017000,29.017000
2017-05-09,29.18500,29.43000,29.10700,29.19800
2017-05-10,29.15000,29.40000,29.15000,29.18500
2017-05-11,29.32500,29.41000,29.31900,29.41000
2017-05-12,29.33800,29.33800,26.41000,26.41000
2017-05-15,29.18200,29.55000,29.17100,29.17100
2017-05-16,29.29700,29.55000,29.29700,29.30400
2017-05-17,29.21700,29.33400,29.21700,29.22000
2017-05-18,29.21500,29.31100,29.19000,29.19000
2017-05-19,29.38400,29.60000,29.32200,29.41400
2017-05-22,29.22800,29.57000,29.21600,29.21600
2017-05-23,29.31000,29.55000,29.30700,29.30700
2017-05-24,29.49300,29.59000,29.34700,29.48600
2017-05-25,29.23000,29.53000,29.23000,29.26300
2017-05-26,29.35100,29.66000,29.33800,29.35600
2017-05-29,29.45700,29.45700,29.32900,29.43900
2017-05-30,29.47800,29.55000,29.34300,29.38800
2017-05-31,29.28300,29.5,29.25100,29.25100
2017-06-01,29.26600,29.33600,29.26200,29.26200
2017-06-02,29.36900,29.61000,29.33000,29.37200
2017-06-05,29.18100,29.59000,29.16800,29.16800
2017-06-06,29.29700,29.44000,29.29700,29.30100
2017-06-07,29.28200,29.46000,29.26300,29.26300
2017-06-08,29.24000,29.40000,29.22900,29.22900
2017-06-09,29.41700,29.57000,29.29300,29.39200
2017-06-12,29.23600,29.55000,29.20000,29.24800
2017-06-13,29.50500,29.71000,29.26400,29.48700
2017-06-14,29.25100,29.59000,29.23300,29.25400
2017-06-15,29.21800,29.65000,29.21800,29.65000
2017-06-16,29.25200,29.60000,29.19700,29.60000
2017-06-19,29.12000,29.61000,29.12000,29.58000
2017-06-20,29.34100,29.63000,29.15400,29.33000
2017-06-21,29.18900,29.63000,29.13400,29.19600
2017-06-22,29.080000,29.65000,29.080000,29.080000
2017-06-23,29.16800,29.69000,29.16200,29.16200
2017-06-26,29.24500,29.63000,29.24500,29.25900
2017-06-27,29.47800,29.49900,29.47200,29.47200
2017-06-28,29.31400,29.59000,29.31400,29.31600
2017-06-29,29.44500,29.63000,29.44500,29.44500
2017-06-30,29.39100,29.44900,29.39000,29.39000
2017-07-03,29.40300,29.69000,29.40100,29.40100
2017-07-04,29.42600,29.63500,29.42600,29.44500
2017-07-05,29.59600,29.73000,29.59600,29.625
2017-07-06,29.54700,29.73000,29.53900,29.53900
2017-07-07,29.51500,29.73000,29.51500,29.71000
2017-07-10,29.66000,29.73000,29.61700,29.66400
2017-07-12,29.36500,29.75,29.36500,29.38900
2017-07-13,29.62800,29.71000,29.62800,29.64200
2017-07-14,29.59600,29.61900,29.59600,29.60400
2017-07-17,29.46000,29.69000,29.46000,29.47300
2017-07-18,29.54900,29.69000,29.54000,29.54000
2017-07-19,29.59500,29.69000,29.57000,29.57800
2017-07-20,29.56300,29.71000,29.52900,29.59000
2017-07-21,29.23200,29.73000,29.21600,29.21600
2017-07-24,29.54500,29.69000,29.54500,29.59000
2017-07-25,29.63900,29.90000,29.56000,29.63400
2017-07-26,29.59600,29.59600,26.59000,26.59000
2017-07-27,29.34700,29.70000,29.30900,29.30900
2017-07-28,29.57600,29.60600,29.50600,29.60600
2017-07-31,29.41800,29.71000,29.41300,29.41300
2017-08-01,29.26700,29.73000,29.26700,29.71000
2017-08-02,29.47600,29.75,29.43900,29.48900
2017-08-03,29.37400,29.79000,29.36200,29.36200
2017-08-04,29.53100,29.77000,29.53100,29.55500
2017-08-07,29.85700,29.86800,29.58100,29.86800
2017-08-09,29.79900,29.80600,29.62600,29.80600
2017-08-10,29.56000,29.57100,29.31700,29.57100
2017-08-11,29.19300,29.26900,29.19300,29.19600
2017-08-14,29.11700,29.63800,29.11700,29.12800
2017-08-15,29.67500,29.67500,29.63600,29.66300
2017-08-16,29.67600,29.68200,29.60700,29.68200
2017-08-17,29.43600,29.61300,29.43600,29.44100
2017-08-18,29.55300,29.56500,29.53100,29.53100
2017-08-21,29.55000,29.57900,29.52500,29.54000
2017-08-22,29.40900,29.51400,29.40300,29.40300
2017-08-23,29.5,29.79000,29.49200,29.5
2017-08-24,29.41700,29.56000,29.41700,29.55000
2017-08-25,29.46400,29.55000,29.46200,29.46300
2017-08-28,29.14100,29.55000,29.14100,29.21200
2017-08-29,29.38900,29.78000,29.35800,29.35800
2017-08-30,29.63900,29.78000,29.43900,29.77000
2017-08-31,29.57800,29.79000,29.43100,29.57700
2017-09-01,29.28400,29.80000,29.26500,29.26500
2017-09-04,29.47700,29.63000,29.47700,29.52800
2017-09-05,29.66400,29.91000,29.65000,29.65000
2017-09-06,29.59000,30.21800,29.59000,29.61500
2017-09-07,30.22100,30.23400,30.21900,30.23400
2017-09-08,30.093000,30.18100,30.090000,30.11000
2017-09-11,30.30300,30.30300,28.95000,30.25700
2017-09-12,29.93200,29.95000,28.85000,29.94700
2017-09-13,29.84000,29.96000,29.84000,29.86800
2017-09-14,30.14000,30.14200,29.88000,30.14200
2017-09-15,29.85400,29.93200,29.85400,29.86600
2017-09-18,29.97900,29.97900,29.88000,29.95700
2017-09-19,29.94200,29.95800,29.87000,29.95800
2017-09-20,29.92200,29.92200,29.84900,29.91200
2017-09-21,30.18000,30.18000,29.85600,30.14500
2017-09-22,29.74100,29.89000,29.74100,29.88000
2017-09-25,29.92500,29.92500,29.83300,29.87200
2017-09-26,29.88900,29.95300,29.88000,29.91200
2017-09-27,29.95700,29.98000,29.93500,29.98000
2017-09-28,29.90700,29.98000,29.89700,29.93100
2017-09-29,29.88400,29.98000,29.87700,29.87700
2017-10-02,29.95200,30.11800,29.94100,30.11800
2017-10-03,29.96600,29.96800,29.88600,29.96800
2017-10-04,29.91100,29.93500,29.90000,29.93500
2017-10-05,29.93600,29.95000,29.90000,29.93400
2017-10-06,29.97200,29.98000,29.86900,29.97400
2017-10-09,29.77900,29.88200,29.77900,29.80200
2017-10-10,29.89100,29.98000,29.86300,29.89300
2017-10-11,29.77900,30.29000,29.77900,29.79000
2017-10-12,29.78600,30.33000,29.78600,29.79900
2017-10-13,29.94200,30.34000,29.89400,29.94100
2017-10-16,29.91300,29.91300,29.85500,29.89700
2017-10-17,29.88000,30.31000,29.85700,29.87000
2017-10-18,29.82400,30.32600,29.82400,29.82900
2017-10-19,30.21600,30.32300,30.21600,30.22100
2017-10-20,30.26400,30.32400,30.26400,30.27100
2017-10-23,30.46000,30.46000,30.31000,30.38300
2017-10-24,30.29900,30.31300,30.29900,30.31300
2017-10-25,30.31900,30.33000,30.31000,30.31000
2017-10-26,30.21000,30.32600,30.21000,30.22000
2017-10-27,30.76800,30.76800,30.32000,30.72900
2017-10-30,30.35400,30.35400,30.30700,30.35200
2017-10-31,30.26800,30.35300,30.26800,30.26800
2017-11-01,30.34400,30.34400,30.32100,30.32100
2017-11-02,30.35500,30.40200,30.27300,30.40200
2017-11-03,30.29300,30.47000,30.29200,30.29200
2017-11-06,30.41500,30.45000,30.32400,30.41100
2017-11-07,30.27400,30.40000,30.27400,30.27600
2017-11-08,30.26500,30.41000,30.26500,30.28200
2017-11-09,30.34100,30.47000,29.81700,30.32600
2017-11-10,29.76400,30.46000,29.76400,29.79300
2017-11-13,30.29800,30.55000,30.25400,30.25400
2017-11-14,30.26400,30.42000,30.26400,30.28300
2017-11-15,30.14800,30.40000,30.12800,30.12800
2017-11-17,30.29500,30.41000,30.29500,30.34300
2017-11-20,30.47900,30.48300,30.34900,30.35800
2017-11-21,30.43400,30.59000,30.34000,30.45700
2017-11-22,30.30000,30.58000,30.30000,30.31600
2017-11-23,30.55000,30.55000,30.16300,30.16300
2017-11-24,30.35700,30.55000,30.34600,30.34600
2017-11-27,30.20300,30.60000,30.16200,30.16200
2017-11-28,30.43100,30.61000,30.35900,30.45200
2017-11-29,30.61000,30.61000,30.34200,30.45500
2017-11-30,30.32100,30.61000,30.32100,30.33000
2017-12-01,30.19200,30.61000,30.19200,30.23300
2017-12-04,30.48300,30.60000,30.41400,30.41400
2017-12-05,30.37100,30.60000,30.37100,30.38100
2017-12-06,30.51900,30.60000,30.40400,30.50400
2017-12-07,30.44400,30.70000,30.42400,30.42800
2017-12-08,30.46200,30.71000,30.41500,30.43900
2017-12-11,30.40800,30.70000,30.31600,30.31600
2017-12-12,30.45200,30.70000,30.40000,30.46300
2017-12-13,30.47300,30.71000,30.39900,30.49500
2017-12-14,30.14300,30.71000,30.14300,30.17600
2017-12-15,30.50500,30.70000,30.38600,30.53600
2017-12-18,30.50500,30.65000,30.38200,30.50500
2017-12-19,30.40100,30.63000,30.37300,30.63000
2017-12-20,30.30500,30.71000,30.30500,30.31400
2017-12-21,30.29500,30.70000,30.29500,30.30200
2017-12-22,30.44800,30.44800,30.38500,30.38500
2017-12-25,30.40200,30.40200,30.33700,30.36700
2017-12-26,30.35000,30.68000,30.34000,30.34000
2017-12-27,30.36600,30.38700,30.36600,30.37700
2017-12-28,30.67000,30.69000,30.36900,30.38500
2017-12-29,30.37800,30.68000,30.37800,30.38900
2018-01-01,30.35400,30.35400,30.35400,30.35400
2018-01-02,30.32500,30.67000,30.29000,30.32900
2018-01-03,30.40100,30.67000,30.40100,30.40800
2018-01-04,30.65000,30.66000,30.43500,30.43700
2018-01-05,30.39500,30.66000,30.39500,30.41500
2018-01-08,30.42500,30.65000,30.39500,30.45800
2018-01-09,30.43500,30.62000,30.37900,30.44400
2018-01-10,30.35700,30.69000,30.18100,30.35800
2018-01-11,30.52800,30.71000,30.40100,30.55800
2018-01-12,30.11900,30.71000,30.11900,30.17800
2018-01-15,30.42200,30.57900,30.37900,30.39000
2018-01-16,30.57700,30.75,30.56700,30.56800
2018-01-17,30.37000,30.71000,30.37000,30.47600
2018-01-18,30.63500,30.71000,30.56000,30.64600
2018-01-19,30.57400,30.68000,30.56400,30.56400
2018-01-22,30.64100,30.69100,30.59400,30.69100
2018-01-23,30.55900,30.70000,30.55900,30.63000
2018-01-24,30.47200,30.71000,30.47200,30.71000
2018-01-25,30.49000,30.71000,30.49000,30.70000
2018-01-26,30.62800,30.71000,30.62200,30.70000
2018-01-29,30.67700,30.71000,30.66400,30.71000
2018-01-30,30.75400,30.95000,30.73700,30.95000
2018-01-31,30.75800,30.96000,30.68700,30.96000
2018-02-01,30.80800,30.99000,30.70800,30.90000
2018-02-02,30.55100,30.97000,30.55100,30.97000
2018-02-05,30.79700,30.96000,30.72600,30.96000
2018-02-06,30.87200,30.87200,30.73100,30.82000
2018-02-07,30.67700,30.95000,30.67700,30.95000
2018-02-08,30.90200,30.91000,30.69300,30.91000
2018-02-09,30.65100,30.91000,30.65100,30.91000
2018-02-12,30.63100,30.93000,30.63100,30.90000
2018-02-13,30.64700,30.91000,30.64700,30.91000
2018-02-14,30.66200,30.91000,30.66200,30.90000
2018-02-15,30.40800,30.91000,30.40800,30.90000
2018-02-16,30.62200,30.91000,30.62200,30.90000
2018-02-19,30.85300,30.93600,30.70200,30.90000
2018-02-20,30.74600,30.90000,30.68400,30.70200
2018-02-21,30.73100,30.87000,30.72000,30.87000
2018-02-22,30.82400,30.87000,30.71700,30.87000
2018-02-23,30.61500,30.88000,30.61500,30.88000
2018-02-26,30.75700,30.87000,30.70900,30.74900
2018-02-27,30.72900,30.80000,30.71600,30.80000
2018-02-28,30.93400,31,30.71700,31
2018-03-01,30.78800,30.91000,30.71200,30.90000
2018-03-02,30.49300,30.91000,30.49300,30.90000
2018-03-05,30.64000,30.91000,30.64000,30.91000
2018-03-06,30.58700,30.91000,30.58700,30.91000
2018-03-07,30.65800,30.90000,30.65800,30.90000
2018-03-08,30.71200,30.90000,30.70100,30.85000
2018-03-09,30.88400,30.91000,30.70000,30.91000
2018-03-12,30.66700,30.91000,30.63800,30.90000
2018-03-13,30.60000,30.88000,30.60000,30.88000
2018-03-14,30.52700,30.87000,30.52700,30.87000
2018-03-15,30.74800,30.98000,30.74600,30.85000
2018-03-16,30.85900,30.97000,30.73000,30.97000
2018-03-19,30.86200,30.98000,30.62800,30.98000
2018-03-20,30.57700,30.98000,30.57700,30.98000
2018-03-21,30.82000,30.91000,30.75700,30.91000
2018-03-22,30.53600,30.90000,30.53600,30.90000
2018-03-23,30.73900,30.93000,30.73900,30.80400
2018-03-26,30.74600,30.92000,30.73800,30.73800
2018-03-27,30.64300,30.93000,30.64300,30.93000
2018-03-28,30.76600,30.94000,30.74200,30.94000
2018-03-29,30.94100,30.95000,30.76900,30.94000
2018-03-30,30.81700,30.96000,30.77200,30.96000
2018-04-02,30.79200,30.96000,30.74500,30.74500
2018-04-03,30.83900,30.96000,30.75700,30.96000
2018-04-04,30.79000,30.95000,30.76300,30.95000
2018-04-05,30.75700,31.010000,30.75700,31
2018-04-06,30.83600,31,30.75400,31
2018-04-09,30.68100,31,30.68100,30.75400
2018-04-10,30.64200,31.049999,30.63700,30.63700
2018-04-11,30.66700,31.010000,30.66700,31.010000
2018-04-12,30.77200,31.030001,30.76900,31
2018-04-13,30.78800,31.010000,30.78700,31
2018-04-16,30.74200,31.030001,30.74200,31.030001
2018-04-17,30.71700,31.010000,30.71700,31
2018-04-18,30.76300,31.010000,30.75300,31
2018-04-19,30.75100,31.010000,30.75100,31
2018-04-20,30.82500,31,30.78400,31
2018-04-23,30.85000,31.010000,30.75400,30.75400
2018-04-24,30.82000,31.010000,30.78700,31
2018-04-25,30.72300,31.010000,30.72300,31
2018-04-26,30.86100,31.010000,30.78700,31.010000
2018-04-27,30.96900,31.010000,30.77900,31.010000
2018-04-30,30.68800,31.030001,30.68800,31.030001
2018-05-01,30.81600,31.010000,30.81600,31.010000
2018-05-02,31.046000,31.046000,30.79100,31
2018-05-03,30.92800,31,30.80200,31
2018-05-04,30.77400,31.010000,30.77400,31.010000
2018-05-07,30.83700,30.83700,30.78300,30.78300
2018-05-08,30.76400,31.010000,30.76400,31
2018-05-09,30.87400,31.010000,30.87400,31
2018-05-10,30.98100,31.010000,30.94000,31
2018-05-11,30.84700,31.010000,30.84700,31.010000
2018-05-14,30.88700,31.030001,30.86600,30.86600
2018-05-15,31.072001,31.072001,30.95300,31.020000
2018-05-16,31.19500,31.19500,30.95000,31.049999
2018-05-17,30.87600,30.95000,30.87600,30.95000
2018-05-18,30.95000,30.95900,30.94800,30.94800
2018-05-21,30.99800,31.049999,30.93200,30.93200
2018-05-22,30.85500,31.18000,30.85500,31.17000
2018-05-23,31.014000,31.18000,30.97600,31.18000
2018-05-24,30.98100,31.080000,30.96500,31.080000
2018-05-25,30.95900,31.070000,30.95900,31.070000
2018-05-28,31.093000,31.10000,31.044001,31.10000
2018-05-29,31.11700,31.11700,31.042000,31.044001
2018-05-30,31.068001,31.15000,31.068001,31.11000
2018-05-31,31.072001,31.17600,31.072001,31.15000
2018-06-01,31.13500,31.20000,31.13500,31.20000
2018-06-04,31.30400,31.30400,31.17000,31.29600
2018-06-05,31.26200,31.26200,31.18600,31.19000
2018-06-06,31.075001,31.21000,31.075001,31.21000
2018-06-07,31.15700,31.23000,31.15700,31.20000
2018-06-08,31.29400,31.29400,31.20000,31.20000
2018-06-11,31.079000,31.20500,31.079000,31.084999
2018-06-12,31.23300,31.24200,31.18700,31.18700
2018-06-13,31.34600,31.34600,31.25,31.26000
2018-06-14,31.13300,31.27000,31.13300,31.27000
2018-06-15,31.95700,31.95700,31.21000,31.37000
2018-06-18,31.24200,31.24200,31.20000,31.21000
2018-06-19,31.20300,31.31000,31.20300,31.31000
2018-06-20,31.13200,31.33000,31.13200,31.33000
2018-06-21,31.18900,31.61000,31.18900,31.61000
2018-06-22,31.065001,31.55000,31.065001,31.55000
2018-06-25,31.20300,31.51000,31.20300,31.51000
2018-06-26,31.14300,31.28600,31.14300,31.21000
2018-06-27,31.33200,31.33200,31.25,31.25
2018-06-28,31.46900,31.46900,31.25,31.25
2018-06-29,31.34800,31.34800,31.25,31.25
2018-07-02,31.17500,31.27300,31.17500,31.27000
2018-07-03,31.28100,31.28100,31.25,31.25
2018-07-04,31.24200,31.28500,31.24200,31.27000
2018-07-05,31.22400,31.28500,31.22400,31.28500
2018-07-06,31.25600,31.30000,31.25600,31.30000
2018-07-09,31.18300,31.30400,31.17600,31.17600
2018-07-10,31.31600,31.39000,31.31600,31.39000
2018-07-11,31.23900,31.39000,31.23900,31.39000
2018-07-12,31.40200,31.40200,31.30400,31.39000
2018-07-13,31.29400,31.38000,31.28000,31.38000
2018-07-16,31.15400,31.30000,31.15400,31.28000
2018-07-17,31.32100,31.32500,31.30000,31.30000
2018-07-18,31.50500,31.50500,31.30000,31.31000
2018-07-19,31.29300,31.37400,31.29300,31.32000
2018-07-20,31.19600,31.33300,31.19600,31.33000
2018-07-23,31.11700,31.35500,31.11700,31.14200
2018-07-24,31.41100,31.45700,31.35500,31.35500
2018-07-25,31.52900,31.52900,31.44600,31.45700
2018-07-26,31.33000,31.45700,31.33000,31.44600
2018-07-27,31.64000,31.64000,31.45700,31.45700
2018-07-30,31.36700,31.45800,31.34000,31.45800
2018-07-31,31.38500,31.45600,31.37000,31.37000
2018-08-01,31.58500,31.58500,31.35000,31.35000
2018-08-02,31.52900,31.52900,31.38000,31.39000
2018-08-03,31.56800,31.56800,31.38000,31.38000
2018-08-06,31.51400,31.51400,31.37000,31.37000
2018-08-07,31.41900,31.53000,31.41700,31.51000
2018-08-08,31.44800,31.57000,31.44800,31.57000
2018-08-09,31.42200,31.51000,31.42200,31.43000
2018-08-10,31.65300,31.65300,31.45600,31.5
2018-08-13,31.64700,31.64700,31.46000,31.53000
2018-08-14,31.39700,31.53000,31.39700,31.53000
2018-08-15,31.62300,31.62300,31.42500,31.53000
2018-08-16,31.35000,31.55000,31.35000,31.55000
2018-08-17,31.39600,31.55000,31.39600,31.55000
2018-08-20,31.28300,31.51000,31.28300,31.51000
2018-08-21,31.19900,31.47000,31.19900,31.45000
2018-08-22,31.32200,31.47000,31.32200,31.45000
2018-08-23,31.48400,31.51200,31.47000,31.47000
2018-08-24,31.60900,31.60900,31.47900,31.51200
2018-08-27,31.31100,31.47100,31.31100,31.36700
2018-08-28,31.28700,31.50400,31.28700,31.47100
2018-08-29,31.51700,31.52300,31.50400,31.50400
2018-08-30,31.37800,31.52300,31.37800,31.52300
2018-08-31,31.59600,31.59600,31.51200,31.51200
2018-09-03,31.68800,31.68800,31.50600,31.52100
2018-09-04,31.51200,31.51900,31.50600,31.50600
2018-09-05,31.43100,31.51900,31.43100,31.51900
2018-09-06,31.39400,31.50400,31.39400,31.50400
2018-09-07,31.52300,31.55400,31.50100,31.50100
2018-09-10,31.70400,31.70400,31.54000,31.55400
2018-09-11,31.47400,31.54000,31.47400,31.54000
2018-09-12,31.49100,31.80000,31.49100,31.80000
2018-09-13,31.39700,31.90000,31.39700,31.90000
2018-09-14,31.33100,31.91000,31.33100,31.91000
2018-09-17,31.73900,31.90000,31.53900,31.90000
2018-09-18,31.50800,31.90000,31.50800,31.90000
2018-09-19,31.53300,31.85000,31.52100,31.85000
2018-09-20,31.56500,31.88000,31.56500,31.88000
2018-09-21,31.43500,31.95000,31.43500,31.95000
2018-09-24,31.61800,31.80000,31.56500,31.56500
2018-09-25,31.61400,31.83000,31.58700,31.62200
2018-09-26,31.58200,31.82000,31.58200,31.82000
2018-09-27,31.59500,31.87000,31.59500,31.87000
2018-09-28,31.83400,31.87000,31.67700,31.87000
2018-10-01,31.60300,31.85000,31.60300,31.85000
2018-10-02,31.75400,31.85000,31.64600,31.80000
2018-10-03,31.57600,31.86000,31.57600,31.86000
2018-10-04,31.87800,31.87800,31.66900,31.87000
2018-10-05,31.61800,31.90000,31.61800,31.90000
2018-10-08,31.60300,31.67000,31.57000,31.57000
2018-10-09,31.60800,31.85000,31.60800,31.67000
2018-10-10,31.51500,31.90000,31.51500,31.90000
2018-10-11,31.59500,31.91000,31.59500,31.91000
2018-10-12,31.63100,31.90000,31.63100,31.90000
2018-10-15,31.76200,31.91000,31.69100,31.91000
2018-10-16,31.72200,31.91000,31.67300,31.90000
2018-10-17,31.68200,31.91000,31.68200,31.91000
2018-10-18,31.82100,31.85000,31.69300,31.85000
2018-10-19,31.86700,31.95000,31.68600,31.95000
2018-10-22,31.56000,32,31.56000,31.95000
2018-10-23,31.80000,31.96000,31.71600,31.96000
2018-10-24,31.69200,31.95000,31.030001,31.95000
2018-10-25,31.74300,31.93000,31,31
2018-10-26,31.94200,31.94200,31.87100,31.92000
2018-10-29,31.74400,31.95000,31.71400,31.71400
2018-10-30,31.91100,31.91100,31.84700,31.90000
2018-10-31,31.87800,31.96000,31.87800,31.96000
2018-11-01,31.92700,31.96000,31.90500,31.95000
2018-11-02,31.89500,31.96000,31.84800,31.96000
2018-11-05,31.99900,31.99900,31.86400,31.95000
2018-11-06,31.74100,31.92000,31.74100,31.92000
2018-11-07,31.69900,31.93000,31.69900,31.93000
2018-11-08,32.028999,32.028999,31.88600,31.95000
2018-11-09,32.014000,32.014000,31.89100,31.96000
2018-11-12,31.96000,31.96000,31.87300,31.95000
2018-11-13,31.98000,31.98000,31.87300,31.87300
2018-11-14,31.73900,32.029999,31.73900,32.029999
2018-11-15,31.74900,32.049999,31.74900,32.049999
2018-11-16,31.83300,32,31.83300,32
2018-11-19,31.66800,32.0099983,31.64500,31.64500
2018-11-20,31.83300,32,31.83300,32
2018-11-21,32.091000,32.091000,31.92900,32
2018-11-22,31.97300,32.049999,31.94600,32.049999
2018-11-23,31.97900,32.049999,31.92100,31.94600
2018-11-26,31.96800,32.060001,31.89600,31.95000
2018-11-27,32.011002,32.049999,31.94400,32.049999
2018-11-28,32.035000,32.099998,31.93800,32.070000
2018-11-29,31.70300,32.049999,31.70300,32.049999
2018-11-30,31.88300,32.080002,31.88000,32.080002
2018-12-03,31.96500,32.027000,31.96500,32.021999
2018-12-04,31.96400,32.099998,31.96400,32.099998
2018-12-05,32.14100,32.14100,31.99000,32.099998
2018-12-06,32.0029984,32.11000,32,32.11000
2018-12-07,31.91000,32.060001,31.91000,32.049999
2018-12-10,31.91100,32.060001,31.91100,32.060001
2018-12-11,32.13600,32.15000,31.99800,32.15000
2018-12-12,32.18200,32.18200,32.0019989,32.14000
2018-12-13,31.90400,32.15000,31.90400,32.15000
2018-12-14,32.036999,32.17000,31.97100,32.17000
2018-12-17,31.92200,32.17000,31.92200,32.17000
2018-12-18,32.020000,32.080002,32.013000,32.070000
2018-12-19,32.042000,32.080002,32.016998,32.080002
2018-12-20,32.067001,32.16000,32.037998,32.15000
2018-12-21,32.070999,32.16000,32.021000,32.16000
2018-12-24,32.15400,32.19000,32.040001,32.18000
2018-12-25,31.97600,32.18000,31.97600,32.18000
2018-12-26,32.00099945,32.00099945,31.97600,31.97600
2018-12-27,32.099998,32.26000,31.94400,32.26000
2018-12-28,31.80200,32.25,31.80200,32.25
2018-12-31,32.078999,32.26000,32.027000,32.26000
2019-01-01,31.93500,32.22000,31.93500,32.22000
2019-01-02,32.0029984,32.22000,31.93500,31.93500
2019-01-03,32.27800,32.27800,32.014999,32.21000
2019-01-04,31.84100,32.14000,31.84100,32.14000
2019-01-07,32.028999,32.24000,31.99800,32.24000
2019-01-08,31.96800,32.24000,31.96800,32.16000
2019-01-09,32.076000,32.26000,32.060001,32.26000
2019-01-10,31.77300,32.26000,31.77300,32.060001
2019-01-11,32.10100,32.26000,32.049000,32.26000
2019-01-14,32.24500,32.26000,32.20200,32.26000
2019-01-15,32.18600,32.29000,32.070999,32.29000
2019-01-16,32.11600,32.31000,32.049999,32.30000
2019-01-17,32,32.32000,32,32.32000
2019-01-18,32.13300,32.31000,32.12100,32.31000
2019-01-21,32.19700,32.31000,32.14100,32.31000
2019-01-22,32.12700,32.31000,32.096001,32.14100
2019-01-23,32.077000,32.33000,32.077000,32.31000
2019-01-24,32.056000,32.33000,32.056000,32.30000
2019-01-25,32.22000,32.32000,32.13400,32.32000
2019-01-28,31.94400,32.32000,31.94400,31.97700
2019-01-29,32.076000,32.32000,32.076000,32.32000
2019-01-30,32.13800,32.25,32.11800,32.25
2019-01-31,31.97600,32.37900,31.97600,32.25
2019-02-01,32.48900,32.49800,32.30000,32.49800
2019-02-04,32.42300,32.42300,32.34000,32.34000
2019-02-05,32.42800,32.42800,32.33000,32.33000
2019-02-06,32.42200,32.42200,32.33000,32.33000
2019-02-07,32.43900,32.43900,32.37600,32.39000
2019-02-08,32.34900,32.40900,32.34900,32.39000
2019-02-11,32.44900,32.44900,32.39000,32.42000
2019-02-12,32.51700,32.51700,32.40000,32.40000
2019-02-13,32.28700,32.43500,32.28700,32.41000
2019-02-14,32.60800,32.60800,32.43000,32.43000
2019-02-15,32.36000,32.41700,32.36000,32.41000
2019-02-18,32.33900,32.44000,32.33900,32.44000
2019-02-19,32.50100,32.50100,32.43300,32.43300
2019-02-20,32.23600,32.44000,32.23600,32.43000
2019-02-21,32.41400,32.44000,32.41400,32.44000
2019-02-22,32.46500,32.46500,32.42700,32.46000
2019-02-25,32.39900,32.47000,32.39900,32.41500
2019-02-26,32.43100,32.47000,32.42800,32.47000
2019-02-27,32.34600,32.48000,32.34600,32.47000
2019-02-28,32.49000,32.49000,32.40000,32.47000
2019-03-01,32.59600,32.59600,32.40000,32.40000
2019-03-04,32.50400,32.50400,32.42900,32.45000
2019-03-05,32.45400,32.51000,32.45400,32.5
2019-03-06,32.55300,32.55300,32.45000,32.5
2019-03-07,32.42900,32.55000,32.42400,32.55000
2019-03-08,32.79900,32.79900,32.45200,32.53000
2019-03-11,32.41900,32.5,32.38400,32.38400
2019-03-12,32.40900,32.5,32.40900,32.5
2019-03-13,32.35500,32.55000,32.35500,32.48000
2019-03-14,32.38400,32.5,32.38400,32.5
2019-03-15,32.44600,32.53000,32.44600,32.53000
2019-03-18,32.45200,32.55000,32.44500,32.55000
2019-03-19,32.50500,32.56000,32.44600,32.51100
2019-03-20,32.47300,32.5,32.42600,32.5
2019-03-21,32.23000,32.58000,32.23000,32.57000
2019-03-22,32.50500,32.58000,32.43300,32.58000
2019-03-25,32.45600,32.55000,32.37600,32.37600
2019-03-26,32.41300,32.60000,32.38600,32.57000
2019-03-27,32.51800,32.60000,32.37900,32.60000
2019-03-28,32.47400,32.60000,32.43600,32.60000
2019-03-29,32.41200,32.59000,32.41200,32.59000
2019-04-01,32.45500,32.53000,32.43500,32.5
2019-04-02,32.51200,32.55000,32.43600,32.55000
2019-04-03,32.42500,32.55000,32.41700,32.55000
2019-04-04,32.41100,32.62000,32.41100,32.62000
2019-04-05,32.43200,32.55000,32.41100,32.55000
2019-04-08,32.44300,32.67000,32.41500,32.53000
2019-04-09,32.37900,32.67000,32.37900,32.67000
2019-04-10,32.45300,32.69000,32.39200,32.65000
2019-04-11,32.39000,32.69000,32.39000,32.69000
2019-04-12,32.46200,32.60000,32.37900,32.46400
2019-04-15,32.42300,32.61000,32.375,32.375
2019-04-16,32.40900,32.60000,32.39700,32.60000
2019-04-17,32.43900,32.75,32.41400,32.75
2019-04-18,32.44300,32.73000,32.40500,32.73000
2019-04-19,32.45700,32.71000,32.45700,32.71000
2019-04-22,32.43400,32.73000,32.43400,32.73000
2019-04-23,32.39200,32.70000,32.39200,32.70000
2019-04-24,32.48800,32.73000,32.40500,32.71000
2019-04-25,32.56600,32.73000,32.41200,32.71000
2019-04-26,32.39300,32.73000,32.39300,32.71000
2019-04-29,32.37100,32.40300,32.32900,32.32900
2019-04-30,32.31500,32.73000,32.31500,32.73000
2019-05-01,32.40300,32.73000,32.40300,32.73000
2019-05-02,32.44800,32.76000,32.40500,32.73000
2019-05-03,32.5,32.76000,32.43500,32.76000
2019-05-06,32.34200,32.77000,32.34200,32.77000
2019-05-07,32.42800,32.77000,32.42800,32.75
2019-05-08,32.46400,32.79000,32.44100,32.78000
2019-05-09,32.45700,32.79000,32.44300,32.79000
2019-05-10,32.35900,32.79000,32.35900,32.77000
2019-05-13,32.43800,32.80000,32.43800,32.80000
2019-05-14,32.46100,32.46100,30.79000,30.79000
2019-05-15,32.52700,32.81000,32.45800,32.80000
2019-05-16,32.42000,32.79000,32.42000,32.79000
2019-05-17,32.54900,32.79000,32.45100,32.77000
2019-05-20,32.46100,32.80000,32.45100,32.77000
2019-05-21,32.41400,32.80000,32.41400,32.80000
2019-05-23,32.49300,32.87000,32.45200,32.49800
2019-05-24,32.31200,32.87000,32.31200,32.85000
2019-05-27,32.41700,32.47700,32.41700,32.41800
2019-05-28,32.47600,32.87000,32.40100,32.47700
2019-05-29,32.46500,32.89000,32.46500,32.47400
2019-05-30,32.56400,32.89000,32.49500,32.87000
2019-05-31,32.52000,32.89000,32.51100,32.89000
2019-06-03,32.42200,32.90000,32.35000,32.35000
2019-06-04,32.32500,32.97000,32.32500,32.95000
2019-06-05,32.52000,33,32.51000,33
2019-06-06,32.60000,33,32.50200,33
2019-06-07,32.38700,33,32.38700,33
2019-06-10,32.34900,33,32.34900,32.95000
2019-06-11,33,33.79000,33,33
2019-06-12,32.46700,33,32.46700,33
2019-06-13,32.58900,33,32.51600,33
2019-06-14,32.54000,33.049999,32.54000,33
2019-06-17,32.65600,33.049999,32.51400,32.59400
2019-06-18,32.50100,33,32.50100,33
2019-06-19,32.52700,32.95000,32.51800,32.95000
2019-06-20,32.43100,33.049999,32.43100,33
2019-06-21,32.54400,33.049999,32.52000,33.049999
2019-06-24,32.30600,33.049999,32.29500,32.43400
2019-06-25,32.49700,33.029999,32.47700,33.029999
2019-06-26,32.56900,33.029999,32.52300,32.53600
2019-06-27,32.5,33,32.5,33
2019-06-28,32.53800,33.0099983,32.52100,33.0099983
2019-07-01,32.58400,33,32.47100,33
2019-07-02,32.65400,33.029999,32.50900,32.95000
2019-07-03,32.53200,33.029999,32.50500,32.53000
2019-07-04,32.53900,33.099998,32.51100,33.099998
2019-07-05,32.50800,33.099998,32.50600,32.51100
2019-07-08,32.60700,33.049999,32.50400,33.049999
2019-07-09,32.50400,33,32.50400,33
2019-07-10,32.50800,33.029999,32.50800,33.029999
2019-07-11,32.39300,33.049999,32.39300,33.049999
2019-07-12,32.57900,33.0099983,32.51000,33
2019-07-15,32.47600,33.099998,32.47600,33.0099983
2019-07-16,32.56600,33.099998,32.52100,33.099998
2019-07-17,32.54700,33.099998,32.52100,32.52100
2019-07-18,32.51900,33.13000,32.51900,33.13000
2019-07-19,32.40700,33.20000,32.40700,33.20000
2019-07-22,32.60500,33.23000,32.54600,32.55900
2019-07-23,32.59500,33.15300,32.59500,33.099998
2019-07-24,33.23900,33.23900,32.54900,33.20000
2019-07-25,32.57800,33.15000,32.54100,33.15000
2019-07-26,32.52800,32.53500,30.15000,30.15000
2019-07-29,32.54100,33.15000,32.54100,33.15000
2019-07-30,32.48900,33.17000,32.48900,33.17000
2019-07-31,32.50800,33.25,32.50800,33.25
2019-08-01,33.30000,33.30000,33.077999,33.25
2019-08-02,32.93500,33.17000,32.93500,33.17000
2019-08-06,32.87000,33.23000,32.87000,33.099998
2019-08-07,33.070999,33.25,33.068001,33.25
2019-08-08,33.021000,33.30000,33.021000,33.30000
2019-08-09,33.12100,33.30000,33.090000,33.30000
2019-08-12,33.073002,33.35000,33.073002,33.35000
2019-08-13,33.027000,33.085999,33.027000,33.085999
2019-08-14,33.19600,33.19600,33.070000,33.081001
2019-08-15,33.18500,33.18500,33.069000,33.070000
2019-08-16,33.20500,33.20500,33.063000,33.069000
2019-08-19,33.028000,33.070000,33.028000,33.063000
2019-08-20,33.14800,33.14800,33.070000,33.070000
2019-08-21,33.027000,33.077000,33.027000,33.077000
2019-08-22,33.10500,33.10500,33.070999,33.070999
2019-08-23,33.028999,33.083000,33.028999,33.083000
2019-08-26,32.81100,33.35000,32.52600,32.52600
2019-08-27,33.13200,33.35000,33.074001,33.35000
2019-08-28,33.12600,33.30000,33.083000,33.30000
2019-08-29,33.094002,33.30000,33.083000,33.30000
2019-08-30,33.12000,33.33000,33.070000,33.33000
2019-09-02,33.21700,33.33000,33.057999,33.33000
2019-09-03,33.077999,33.33000,33.057999,33.057999
2019-09-04,32.96100,33.35000,32.96100,33.35000
2019-09-05,33.018002,33.30000,33.018002,33.30000
2019-09-06,33.15900,33.33000,33.11000,33.33000
2019-09-09,33.12200,33.33000,32.78800,32.78800
2019-09-10,33.028000,33.10300,33.028000,33.028999
2019-09-11,33.064999,33.33000,33.064999,33.10300
2019-09-12,33.091000,33.41000,33.091000,33.41000
2019-09-13,32.98800,33.091000,32.98800,33.091000
2019-09-16,33.11900,33.35000,33.080002,33.084999
2019-09-17,33.19500,33.33000,33.096001,33.33000
2019-09-18,32.94400,33.33000,32.94400,33.33000
2019-09-19,33.13500,33.40000,33.099998,33.40000
2019-09-20,33.15600,33.33000,33.098000,33.33000
2019-09-23,33.16600,33.39000,33.12000,33.38000
2019-09-24,33.073002,33.40000,33.073002,33.39000
2019-09-25,33.022999,33.39000,33.022999,33.35000
2019-09-26,33.22900,33.39000,33.087002,33.39000
2019-09-27,33.11900,33.40000,33.097000,33.40000
2019-09-30,33.090000,33.41000,33.090000,33.091999
2019-10-01,33.16500,33.40000,33.088001,33.16800
2019-10-02,33.043999,33.40000,33.036999,33.055000
2019-10-03,33.036999,33.5,33.034000,33.036999
2019-10-04,33.10500,33.45000,33.10500,33.40000
2019-10-07,33.13600,33.43000,33.10600,33.14700
2019-10-08,33.13800,33.41000,33.10800,33.41000
2019-10-09,33.20100,33.45000,33.12200,33.43000
2019-10-10,33.11300,33.45000,33.11300,33.45000
2019-10-11,33.16500,33.46000,33.11000,33.46000
2019-10-14,33.14577,33.14577,33.12279,33.12279
2019-10-15,33.13953,33.5,33.13097,33.13097
2019-10-16,33.066135,33.5,33.066135,33.5
2019-10-17,32.97573,33.51000,32.97573,33.5
2019-10-18,33.087051,33.51000,33.087051,33.51000
2019-10-21,33.056339,33.5,33.056339,33.5
2019-10-22,33.15892,33.40000,33.12869,33.40000
2019-10-23,33.16501,33.40000,33.11999,33.40000
2019-10-24,33.56819,33.56819,33.41000,33.41000
2019-10-25,33.63469,33.63469,33.12638,33.43000
2019-10-28,33.21904,33.53124,33.21904,33.45000
2019-10-29,33.53622,33.56000,33.47000,33.47000
2019-10-30,33.45455,33.56000,33.45455,33.56000
2019-10-31,33.39963,33.55226,33.39963,33.55000
2019-11-01,33.54594,33.59658,33.54594,33.56000
2019-11-04,33.58123,33.59658,33.58123,33.59658
2019-11-05,33.70155,33.70155,33.27756,33.56000
2019-11-06,33.42037,33.56000,33.28265,33.56000
2019-11-07,33.32129,33.48000,33.29150,33.48000
2019-11-08,33.38131,33.47000,33.26823,33.47000
2019-11-11,33.31427,33.58000,33.25028,33.58000
2019-11-12,33.25781,33.48000,33.25781,33.48000
2019-11-13,33.30654,33.48000,33.28609,33.48000
2019-11-14,33.28246,33.29305,33.27662,33.29305
2019-11-15,33.17416,33.55000,33.17416,33.5
2019-11-18,33.20461,33.28451,33.19051,33.22324
2019-11-19,33.25895,33.28451,33.25895,33.28451
2019-11-20,33.28023,33.5,33.27982,33.5
2019-11-21,33.22469,33.5,33.22469,33.5
2019-11-22,33.35232,33.70000,33.27896,33.70000
2019-11-25,33.41075,33.53000,33.27962,33.53000
2019-11-26,33.29836,33.73000,33.28371,33.73000
2019-11-27,33.27993,33.58000,33.27993,33.58000
2019-11-28,33.28715,33.60000,33.28107,33.60000
2019-11-29,33.25553,33.58000,33.25553,33.28107
2019-12-02,33.20947,33.28896,33.20947,33.21429
2019-12-03,33.084240,33.67000,33.084240,33.65000
2019-12-04,33.26220,33.5,33.26220,33.5
2019-12-05,33.24295,33.5,33.24295,33.5
2019-12-06,33.24522,33.56000,33.24522,33.55000
2019-12-09,33.38880,33.56000,33.28321,33.56000
2019-12-10,33.31044,33.65000,33.28852,33.65000
2019-12-11,33.26061,33.65000,33.26061,33.65000
2019-12-12,33.11814,33.49000,33.11814,33.47000
2019-12-13,33.17205,33.49000,33.17205,33.49000
2019-12-16,33.43760,33.71405,33.43760,33.45000
2019-12-17,33.73857,33.73857,33.28495,33.5
2019-12-18,33.53000,33.53000,33.28735,33.31390
2019-12-19,33.31684,33.55000,33.27090,33.55000
2019-12-20,33.30740,33.70000,33.27793,33.70000
2019-12-23,33.34417,33.73000,33.28625,33.73000
2019-12-24,33.25249,33.70000,33.25249,33.70000
2019-12-25,33.24944,33.71000,33.24944,33.71000
2019-12-26,33.23534,33.71000,33.23534,33.24944
2019-12-27,33.20092,33.70000,33.20092,33.70000
2019-12-30,33.16827,33.73000,33.16827,33.73000
2019-12-31,33.25256,33.71000,33.25256,33.71000
2020-01-01,33.46045,33.46045,33.33215,33.33215
2020-01-02,33.31773,33.70000,33.28074,33.46045
2020-01-03,33.31559,33.80000,33.28467,33.80000
2020-01-06,33.18509,33.73000,33.18509,33.73000
2020-01-07,33.32872,33.73000,33.29502,33.73000
2020-01-08,33.35409,33.80000,33.27912,33.80000
2020-01-09,33.32658,33.80000,33.27347,33.80000
2020-01-10,33.27841,33.70000,33.27841,33.70000
2020-01-13,33.20041,33.70000,33.20041,33.20414
2020-01-14,33.23695,33.70000,33.23695,33.70000
2020-01-15,33.28856,33.71000,33.27654,33.71000
2020-01-16,33.26982,33.73000,33.26982,33.73000
2020-01-17,33.35084,33.78000,33.28429,33.78000
2020-01-20,33.33694,33.78000,33.28429,33.28429
2020-01-21,33.26767,33.79000,33.26767,33.79000
2020-01-22,33.35755,33.80000,33.27903,33.80000
2020-01-23,33.25142,33.80000,33.25142,33.77000
2020-01-24,33.38972,33.81000,33.28877,33.81000
2020-01-27,33.28817,33.77000,33.28631,33.75
2020-01-28,33.29567,33.77000,33.28292,33.77000
2020-01-29,33.26404,33.80000,33.26404,33.77000
2020-01-30,33.25145,33.75,33.25145,33.75
2020-01-31,33.26397,33.80000,33.26397,33.80000
2020-02-03,33.14251,33.75,33.14251,33.75
2020-02-04,33.28948,33.75,33.27835,33.27835
2020-02-05,33.32337,33.80000,33.27754,33.80000
2020-02-06,33.35288,33.80000,33.28590,33.80000
2020-02-07,33.33500,33.81000,33.27718,33.28590
2020-02-10,33.28235,33.81000,33.28112,33.81000
2020-02-11,33.38693,33.83000,33.27362,33.83000
2020-02-12,33.25930,33.80000,33.25930,33.80000
2020-02-13,33.39817,33.83000,33.27697,33.27697
2020-02-14,33.34087,33.86000,33.27473,33.85000
2020-02-17,33.27243,33.86000,33.26892,33.86000
2020-02-18,33.30655,33.80000,33.28082,33.80000
2020-02-19,33.34105,33.79000,33.26647,33.79000
2020-02-20,33.24075,33.87000,33.24075,33.80000
2020-02-21,33.28376,33.87000,33.28376,33.87000
2020-02-24,33.20420,33.80000,33.20420,33.80000
2020-02-25,33.15728,33.85000,33.15728,33.82000
2020-02-26,33.16151,33.83000,33.16151,33.83000
2020-02-27,33.22493,33.80000,33.22493,33.80000
2020-02-28,33.14889,33.81000,33.14889,33.81000
2020-03-02,33.088848,33.80000,33.088848,33.80000
2020-03-03,33.24724,33.85000,33.24724,33.85000
2020-03-04,33.12781,33.80000,33.12781,33.75
2020-03-05,33.31792,33.80000,33.26944,33.80000
2020-03-06,33.10641,33.75,33.10641,33.75
2020-03-09,33.0097771,33.80000,33.0097771,33.80000
2020-03-10,33.35014,33.83000,33.31029,33.83000
2020-03-11,33.40001,33.85000,33.24460,33.85000
2020-03-12,33.32685,33.49377,33.25510,33.49377
2020-03-13,33.44284,33.83000,33.27016,33.83000
2020-03-16,33.44352,33.81000,33.44352,33.81000
2020-03-17,33.73096,33.80000,33.30622,33.80000
2020-03-18,33.31909,33.85000,33.25440,33.25440
2020-03-19,33.48948,33.85000,33.27162,33.85000
2020-03-20,33.37237,33.80000,33.20350,33.80000
2020-03-23,33.25711,33.85000,33.020908,33.85000
2020-03-24,32.93418,33.86000,32.93418,33.86000
2020-03-25,33.74216,33.85000,33.25613,33.85000
2020-03-26,32.97731,33.77000,32.97731,33.77000
2020-03-27,33.066341,33.75,33.066341,33.75
2020-03-30,32.98573,33.77000,32.92495,32.92495
2020-03-31,33.44561,33.65000,33.33806,33.65000
2020-04-01,33.028603,33.69000,33.028603,33.69000
2020-04-02,33.27562,33.71000,33.27562,33.71000
2020-04-03,33.51457,33.80000,33.27515,33.80000
2020-04-06,33.22977,33.85000,33.22977,33.85000
2020-04-07,33.29319,33.80000,33.28276,33.80000
2020-04-08,33.30512,33.85000,33.28212,33.85000
2020-04-09,33.27539,33.80000,33.26659,33.80000
2020-04-10,33.079601,33.90000,33.079601,33.90000
2020-04-13,33.062199,33.91000,32.98900,33.91000
2020-04-14,33.083996,34,33.083996,34
2020-04-15,33.14795,34.0099983,33.14795,34.0099983
2020-04-16,33.34053,34,33.28246,34
2020-04-17,33.32566,34.0099983,33.26567,34.0099983
2020-04-20,33.19722,34,33.15402,33.15402
2020-04-21,33.29434,34.040001,33.28408,34.040001
2020-04-22,33.19870,34.049999,33.19870,34.049999
2020-04-23,33.45790,34.099998,33.26112,34.049999
2020-04-24,33.30268,34.13000,33.27769,34.13000
2020-04-27,33.16420,34.15000,33.16420,34.15000
2020-04-28,33.33318,34.15000,33.28294,33.95000
2020-04-29,33.40221,34.15000,33.40221,34
2020-04-30,33.64859,34.099998,33.64859,34.099998
2020-05-01,33.86271,34.16000,33.86271,34.16000
2020-05-04,33.85622,34.15000,33.27084,34.15000
2020-05-05,33.34158,33.63000,33.26446,33.63000
2020-05-06,33.27382,34.10004,33.27382,33.80000
2020-05-07,34.12973,34.12973,33.69938,33.90000
2020-05-08,33.51999,34.080002,33.27646,34.080002
2020-05-11,33.27002,34.080002,33.27002,34
2020-05-12,33.35310,33.53000,33.26690,33.52000
2020-05-13,33.20775,33.53000,33.20775,33.51000
2020-05-14,33.34473,33.55000,33.34473,33.53000
2020-05-15,33.30202,33.55000,33.28833,33.55000
2020-05-18,33.27679,33.83000,33.27679,33.83000
2020-05-19,32.95067,33.77000,32.95067,33.77000
2020-05-20,33.37066,34.13924,33.37066,33.51000
2020-05-21,34.10267,34.10267,33.27796,33.45000
2020-05-22,33.39392,33.79000,33.26228,33.79000
2020-05-25,33.27555,33.77000,33.27555,33.77000
2020-05-26,33.24596,33.80000,33.24596,33.28317
2020-05-27,33.22805,33.81000,33.22805,33.81000
2020-05-28,33.25593,33.79000,33.25593,33.57000
2020-05-29,33.071369,33.55000,33.071369,33.55000
2020-06-01,33.31460,34,33.27258,33.65000
2020-06-02,33.20503,34,33.20503,34
2020-06-03,33.20991,33.90000,33.20991,33.90000
2020-06-04,33.22358,33.95000,33.22358,33.95000
2020-06-05,32.90793,33.95000,32.90793,33.95000
2020-06-08,33.38512,33.90000,33.28573,33.90000
2020-06-09,33.19342,34,33.19342,34
2020-06-10,33.12330,33.95000,33.12330,33.95000
2020-06-11,33.25767,34,33.25767,34
2020-06-12,33.58813,34,33.32699,34
2020-06-15,33.49013,33.95000,33.33185,33.95000
2020-06-16,33.062614,34,33.062614,34
2020-06-17,33.46601,33.95000,33.30562,33.95000
2020-06-18,33.31821,33.95000,33.31821,33.90000
2020-06-19,33.47496,33.95000,33.32500,33.90000
2020-06-22,33.38879,34.25477,33.38879,34.0099983
2020-06-23,34.077679,34.26617,34,34
2020-06-24,34.17414,34.26251,34,34
2020-06-25,34.40954,34.43156,34.080002,34.080002
2020-06-26,34.22615,34.22615,33.30840,34.099998
2020-06-29,33.31048,34.13000,33.31048,34.12000
2020-06-30,33.46666,34.13000,33.32248,34.13000
2020-07-01,33.25084,34.23000,33.23087,34.23000
2020-07-02,33.18269,34.15000,33.18269,34.15000
2020-07-03,33.43638,34.27005,33.43638,34.14000
2020-07-06,34.17665,34.19000,34.17665,34.19000
2020-07-07,34.084518,34.27115,34.084518,34.15000
2020-07-08,34.30901,34.55843,34.17000,34.17000
2020-07-09,34.40171,34.40171,34.16000,34.16000
2020-07-10,34.43374,34.43374,34.25,34.25
2020-07-13,34.28622,34.28862,34.25,34.28862
2020-07-14,34.23515,34.31901,34.23000,34.23000
2020-07-15,34.19016,34.30836,34,34
2020-07-16,34.38844,34.38844,34.18000,34.18000
2020-07-17,34.34242,34.34242,34.18000,34.21000
2020-07-20,34.35333,34.35333,34.15000,34.15000
2020-07-21,34.31514,34.32538,34.15000,34.15000
2020-07-22,34.052406,34.33937,34.052406,34.17000
2020-07-23,34.34635,34.36027,34.20000,34.25
2020-07-24,34.26220,34.33067,34.26000,34.26000
2020-07-27,34.032124,34.25,34.032124,34.25
2020-07-28,33.91618,34.35527,33.91618,34.30000
2020-07-29,34.40657,34.40657,34.28000,34.28000
2020-07-30,34.21545,34.36378,34.20000,34.20000
2020-07-31,34.028530,34.34829,34.028530,34.20000
2020-08-03,34.61128,34.61128,34.20000,34.20000
2020-08-04,34.52738,34.52738,34.20000,34.20000
2020-08-05,34.38503,34.38503,34.20000,34.20000
2020-08-06,34.26231,34.41444,34.26231,34.38417
2020-08-07,34.30054,34.39973,34.24000,34.24000
2020-08-10,34.47878,34.49107,34.24000,34.49107
2020-08-11,34.49976,34.49976,34.18720,34.40000
2020-08-12,34.33288,34.42085,34.30000,34.30000
2020-08-13,34.32727,34.40303,34.31000,34.31000
2020-08-14,34.51842,34.51842,34.30000,34.30000
2020-08-17,34.30250,34.40254,34.30000,34.40254
2020-08-18,34.22398,34.42585,34.22398,34.35000
2020-08-19,34.29229,34.37106,34.29229,34.33511
2020-08-20,34.64685,34.64685,34.37106,34.37106
2020-08-21,34.32577,34.45530,34.32577,34.45530
2020-08-24,34.42315,34.43554,34.41877,34.41877
2020-08-25,34.51973,34.51973,34.43463,34.43554
2020-08-26,34.43332,34.43463,34.43047,34.43463
2020-08-27,34.36359,34.48095,34.36359,34.43047
2020-08-28,34.41748,34.45845,34.41748,34.45845
2020-08-31,34.42991,34.44264,34.41177,34.44264
2020-09-01,34.37387,34.45363,34.37387,34.41177
2020-09-02,34.69914,34.69914,34.45363,34.45363
2020-09-03,34.54839,34.54839,34.45884,34.45884
2020-09-04,34.34988,34.48968,34.33000,34.48968
2020-09-07,34.50677,34.50677,34.35000,34.35000
2020-09-08,34.52406,34.52406,34.33000,34.48725
2020-09-09,34.57272,34.57272,34.38000,34.38000
2020-09-10,34.24282,34.40947,34.24282,34.35000
2020-09-11,34.41703,34.41703,34.30000,34.30000
2020-09-14,34.47941,34.47941,34.31000,34.31000
2020-09-15,34.42352,34.42352,34.30000,34.30000
2020-09-16,34.59771,34.59771,34.40000,34.40000
2020-09-17,34.67147,34.67147,34.35000,34.45000
2020-09-18,34.24452,34.40115,34.24452,34.35000
2020-09-21,34.35257,34.42188,34.30000,34.30000
2020-09-22,34.45771,34.45771,34.31000,34.31000
2020-09-23,34.64321,34.64321,34.31000,34.35000
2020-09-24,34.50746,34.50746,34.31000,34.31000
2020-09-25,34.32739,34.40631,34.32739,34.39062
2020-09-28,34.47961,34.47961,34.38000,34.38000
2020-09-29,34.35293,34.38245,34.35000,34.35000
2020-09-30,34.28944,34.41595,34.28944,34.35000
2020-10-01,34.37880,34.37880,34.30000,34.30000
2020-10-02,34.43171,34.43171,34.33000,34.33000
2020-10-05,34.36627,34.40000,34.36627,34.40000
2020-10-06,34.29150,34.40260,34.29150,34.40000
2020-10-07,34.53277,34.53277,34.40000,34.40000
2020-10-08,34.38718,34.41922,34.37958,34.37958
2020-10-09,34.40122,34.45000,34.40122,34.45000
2020-10-12,34.37872,34.41250,34.37872,34.40000
2020-10-13,34.39763,34.41250,34.39763,34.41250
2020-10-14,34.53918,34.53918,34.40268,34.43000
2020-10-15,34.36023,34.45000,34.36023,34.45000
2020-10-16,34.44148,34.70000,34.41650,34.70000
2020-10-19,34.40505,34.44000,34.40505,34.43000
2020-10-20,34.39895,34.45000,34.34878,34.43000
2020-10-21,34.36868,34.45000,34.36868,34.45000
2020-10-22,34.46634,34.46634,34.42000,34.43000
2020-10-23,34.51900,34.51900,34.43000,34.45000
2020-10-26,34.44571,34.45000,34.42463,34.43000
2020-10-27,34.43380,34.43380,34.39478,34.43000
2020-10-28,34.53551,34.53551,34.43174,34.47000
2020-10-29,34.36190,34.47000,34.36190,34.47000
2020-10-30,34.48164,34.52271,34.41562,34.52271
2020-11-02,34.51022,34.51022,34.42448,34.47000
2020-11-03,34.42226,34.49000,34.41602,34.48000
2020-11-04,34.48376,34.5,34.39865,34.5
2020-11-05,34.37386,34.49000,34.37386,34.45000
2020-11-06,34.42577,34.5,34.41445,34.49000
2020-11-09,34.39505,34.53000,34.39505,34.53000
2020-11-10,34.61221,34.61221,34.40986,34.57000
2020-11-11,34.35167,34.57000,34.35167,34.57000
2020-11-12,34.38463,34.60000,34.38463,34.43036
2020-11-13,34.43431,34.60000,34.43431,34.60000
2020-11-16,34.32899,34.55000,34.32899,34.55000
2020-11-17,34.33580,34.52000,34.33580,34.52000
2020-11-18,34.49791,34.51000,34.44423,34.51000
2020-11-19,34.51447,34.53000,34.42829,34.53000
2020-11-20,34.31523,34.55000,34.31523,34.55000
2020-11-23,34.42193,34.57000,34.42193,34.57000
2020-11-24,34.60866,34.60866,34.43005,34.54000
2020-11-25,34.33977,34.55000,34.33977,34.55000
2020-11-26,34.30220,34.57000,34.30220,34.57000
2020-11-27,34.39764,34.57000,34.39764,34.43377
2020-11-30,34.28416,34.55000,34.28416,34.55000
2020-12-01,34.54258,34.54258,34.44080,34.5
2020-12-02,34.15129,34.5,34.13616,34.49000
2020-12-03,34.26085,34.57000,34.26085,34.57000
2020-12-04,34.39558,34.57000,34.39558,34.55000
2020-12-07,34.53499,34.59000,34.45078,34.59000
2020-12-08,34.44822,34.57000,34.41786,34.57000
2020-12-09,34.42028,34.55000,34.42028,34.55000
2020-12-10,34.52645,34.57000,34.45129,34.57000
2020-12-11,34.24935,34.59000,34.24935,34.58000
2020-12-14,34.41737,34.55000,34.41737,34.55000
2020-12-15,34.42672,34.69000,34.42672,34.59000
2020-12-16,34.46378,34.69000,34.44571,34.69000
2020-12-17,34.42030,34.59000,34.39085,34.59000
2020-12-18,34.38826,34.60000,34.38826,34.60000
2020-12-21,34.57407,34.63000,34.41405,34.60000
2020-12-22,34.24621,34.61000,34.24621,34.61000
2020-12-23,34.62777,34.62777,34.44155,34.59000
2020-12-24,34.39190,34.59000,34.39190,34.59000
2020-12-25,34.45752,34.59000,34.45752,34.59000
2020-12-28,34.41461,34.45752,34.41461,34.45752
2020-12-29,34.35220,34.61000,34.35220,34.61000
2020-12-30,34.32184,34.62000,34.32184,34.62000
2020-12-31,34.34796,34.62000,34.34796,34.62000
2021-01-01,34.61296,34.62000,34.61296,34.62000
2021-01-04,34.50491,34.62000,34.42887,34.61296
2021-01-05,34.54305,34.73000,34.46908,34.73000
2021-01-06,34.42630,34.63000,34.42031,34.63000
2021-01-07,34.46386,34.65000,34.45026,34.65000
2021-01-08,34.46713,34.73000,34.44212,34.73000
2021-01-11,34.64915,34.74000,34.45469,34.51452
2021-01-12,34.48858,34.70000,34.43050,34.70000
2021-01-13,34.25014,34.73000,34.25014,34.73000
2021-01-14,34.43081,34.71000,34.43081,34.71000
2021-01-15,34.44138,34.75,34.44138,34.75
2021-01-18,34.56309,34.56981,34.44088,34.56352
2021-01-19,34.35331,34.71000,34.34477,34.44088
2021-01-20,34.29908,34.70000,34.29908,34.70000
2021-01-21,34.45457,34.75,34.45457,34.75
2021-01-22,34.40443,34.75,34.40443,34.73000
2021-01-25,34.52517,34.73000,34.49178,34.73000
2021-01-26,34.52103,34.77000,34.47310,34.77000
2021-01-27,34.42165,34.77000,34.42165,34.77000
2021-01-28,34.53057,34.75,34.48586,34.75
2021-01-29,34.47020,34.75,34.44604,34.75
2021-02-01,34.48509,34.49405,34.45767,34.45767
2021-02-02,34.47734,34.68000,34.46737,34.68000
2021-02-03,34.42803,34.68000,34.42803,34.65000
2021-02-04,34.42686,34.69000,34.42686,34.67000
2021-02-05,34.54307,34.69000,34.48391,34.69000
2021-02-08,34.31690,34.80000,34.31690,34.80000
2021-02-09,34.39658,34.49649,33.79000,33.79000
2021-02-10,34.45450,34.50626,33.90000,33.90000
2021-02-11,34.80000,34.80000,34.48378,34.80000
2021-02-12,34.48904,34.77000,34.48904,34.77000
2021-02-15,34.42910,34.80000,34.42910,34.80000
2021-02-16,34.45868,34.80000,34.45868,34.50542
2021-02-17,34.69384,34.75,34.48802,34.75
2021-02-18,34.53741,34.81000,34.49784,34.81000
2021-02-19,34.44034,34.80000,34.44034,34.77000
2021-02-22,34.52180,34.81000,34.48796,34.54459
2021-02-23,34.37594,34.83000,34.37594,34.83000
2021-02-24,34.48199,34.80000,34.47533,34.80000
2021-02-25,34.47904,34.75,34.47904,34.75
2021-02-26,34.47698,34.47904,34.47698,34.47904
2021-03-01,34.55287,34.55287,34.47698,34.47698
2021-03-02,34.52280,34.85000,34.49422,34.85000
2021-03-03,34.31322,34.83000,34.31322,34.83000
2021-03-04,34.48170,34.81000,34.47328,34.81000
2021-03-05,34.69548,34.77000,34.46450,34.77000
2021-03-08,34.49325,34.75,34.49325,34.75
2021-03-09,34.56292,34.80000,34.48175,34.80000
2021-03-10,34.53426,34.85000,34.47261,34.85000
2021-03-11,34.27435,34.90000,34.27435,34.79000
2021-03-12,34.46454,34.90000,34.46454,34.90000
2021-03-15,34.43825,34.88000,34.37559,34.37559
2021-03-16,34.46567,34.85000,34.46567,34.85000
2021-03-17,34.47004,34.83000,34.47004,34.80000
2021-03-18,34.46876,34.90000,34.46876,34.83000
2021-03-19,34.56744,34.85000,34.46627,34.85000
2021-03-22,34.51905,34.83000,34.48281,34.51426
2021-03-23,34.47472,34.85000,34.46959,34.81000
2021-03-24,34.57549,34.85000,34.48305,34.85000
2021-03-25,34.54261,34.92505,34.54261,34.79000
2021-03-26,34.99277,34.99277,34.47043,34.78000
2021-03-29,34.45463,34.77000,34.45463,34.77000
2021-03-30,34.47980,34.89000,34.47232,34.89000
2021-03-31,34.50247,34.89000,34.46672,34.80000
2021-04-01,34.48346,34.90000,34.47829,34.90000
2021-04-02,34.37285,34.90000,34.37285,34.90000
2021-04-05,34.39301,34.85000,34.39301,34.85000
2021-04-06,34.24862,34.47808,34.24862,34.43575
2021-04-07,34.29019,34.49541,34.29019,34.47808
2021-04-08,34.55486,34.55486,34.47755,34.49541
2021-04-09,34.31556,34.47755,34.31556,34.47755
2021-04-12,34.44221,34.85000,34.44221,34.83000
2021-04-13,34.47870,34.85000,34.47870,34.85000
2021-04-14,34.48310,34.83000,34.48310,34.81000
2021-04-15,34.47071,34.85000,34.47071,34.83000
2021-04-16,34.48273,34.85000,34.48273,34.85000
2021-04-19,34.54526,34.56186,34.47686,34.50273
2021-04-20,34.47586,34.85000,34.47586,34.85000
2021-04-21,34.48365,34.85000,34.48365,34.81000
2021-04-22,34.47057,34.85000,34.47057,34.85000
2021-04-23,34.49334,34.80000,34.49334,34.80000
2021-04-26,34.35086,34.88000,34.35086,34.37173
2021-04-27,34.52309,34.95000,34.49552,34.94000
2021-04-28,34.50080,34.95000,34.50080,34.95000
2021-04-29,34.29807,34.95000,34.29807,34.95000
2021-04-30,34.51308,34.90000,34.50019,34.90000
2021-05-03,34.64325,34.91000,34.50935,34.68317
2021-05-04,34.51537,34.95000,34.49984,34.90000
2021-05-05,34.48276,34.95000,34.48276,34.95000
2021-05-06,34.51226,34.93000,34.51226,34.93000
2021-05-07,34.50504,34.93000,34.50504,34.91000
2021-05-10,34.25522,34.91000,34.25071,34.25071
2021-05-11,34.61870,34.93000,34.51244,34.93000
2021-05-12,34.56261,34.95000,34.50835,34.54995
2021-05-13,34.63845,34.95000,34.50198,34.95000
2021-05-14,34.49284,34.90000,34.49284,34.90000
2021-05-17,34.45769,34.95000,34.45769,34.95000
2021-05-18,34.51423,34.78000,34.51423,34.78000
2021-05-19,34.52478,35,34.52478,35
2021-05-20,34.51078,35,34.50003,34.95000
2021-05-21,34.52213,34.97000,34.52213,34.95000
2021-05-24,34.62331,34.96000,34.52037,34.96000
2021-05-25,34.49410,35,34.49410,35
2021-05-26,34.52412,34.95000,34.52412,34.95000
2021-05-27,34.66010,34.90000,34.51703,34.90000
2021-05-28,34.57397,35,34.50623,34.85000
2021-05-31,34.47481,35,34.47481,35
2021-06-01,34.65658,35,34.52085,34.77273
2021-06-02,34.52452,34.90000,34.51630,34.90000
2021-06-03,34.40297,34.91000,34.40297,34.91000
2021-06-04,34.68545,34.90000,34.50522,34.90000
2021-06-07,34.34769,34.89000,34.34769,34.89000
2021-06-08,34.50116,34.89000,34.50116,34.89000
2021-06-09,34.51384,34.90000,34.50116,34.50116
2021-06-10,34.56913,34.90000,34.50800,34.90000
2021-06-11,34.48661,34.89000,34.48661,34.50800
2021-06-14,34.66093,35,34.52109,34.90000
2021-06-15,34.51454,35,34.50999,35
2021-06-16,34.49803,34.95000,34.49803,34.95000
2021-06-17,34.88176,34.95000,34.50409,34.95000
2021-06-18,34.51138,34.91000,34.51138,34.91000
2021-06-21,34.62954,35,34.50192,34.91000
2021-06-22,34.46672,35,34.46672,35
2021-06-23,34.39210,34.95000,34.39210,34.95000
2021-06-24,34.54224,34.90000,34.50305,34.90000
2021-06-25,34.54585,35,34.51117,35
2021-06-28,34.51622,34.57093,34.51622,34.52200
2021-06-29,34.51486,35.0099983,34.51486,34.99000
2021-06-30,34.51775,35.0099983,34.51775,35.0099983
2021-07-01,34.50531,35,34.50531,35
2021-07-02,34.49279,34.90000,34.49279,34.90000
2021-07-05,34.41178,34.50073,34.39191,34.39191
2021-07-06,34.55251,35,34.50073,34.50073
2021-07-07,34.55463,34.95000,34.49699,34.95000
2021-07-08,34.58828,34.95000,34.49080,34.95000
2021-07-09,34.50157,34.90000,34.49584,34.90000
2021-07-12,34.44850,34.49268,34.44473,34.44473
2021-07-13,34.51730,34.95000,34.51730,34.95000
2021-07-14,34.48527,35.029999,34.48527,35.029999
2021-07-15,34.39581,35.099998,34.39581,35.099998
2021-07-16,34.51945,35.099998,34.50409,35.099998
2021-07-19,34.50204,34.50204,34.49269,34.49269
2021-07-20,34.44537,35.099998,34.44114,34.44114
2021-07-21,34.50679,35.099998,34.49503,35.099998
2021-07-22,34.45230,35.13000,34.45230,35.13000
2021-07-23,34.72458,35.13000,34.67965,35.13000
2021-07-26,34.67700,35.099998,34.66227,34.66227
2021-07-27,34.63981,35.049999,34.63981,35.049999
2021-07-28,34.61617,35,34.61617,35
2021-07-29,34.57330,35,34.57330,35
2021-07-30,34.67400,34.69970,34.67400,34.69970
2021-08-02,34.78792,34.78792,34.69220,34.69220
2021-08-03,34.74863,34.74863,34.69340,34.69340
2021-08-04,34.76971,35,34.69410,34.69410
2021-08-05,34.76244,35,34.69884,34.95000
2021-08-06,34.75165,35,34.69009,35
2021-08-09,34.84891,34.84891,34.68272,34.81484
2021-08-10,34.73560,34.73560,34.68272,34.68272
2021-08-11,34.72956,34.72956,34.69456,34.69668
2021-08-12,34.61123,34.69456,34.61123,34.69456
2021-08-13,34.68478,34.68478,34.68034,34.68034
2021-08-16,34.55333,34.68998,34.55333,34.68360
2021-08-17,34.74262,34.74262,34.68998,34.68998
2021-08-18,34.68787,34.69307,34.68787,34.69307
2021-08-19,34.67541,34.68787,34.67541,34.68787
2021-08-20,34.95000,35,34.67541,34.67541
2021-08-23,34.69321,35.080002,34.63794,34.63794
2021-08-24,34.65554,35.049999,34.65554,35.049999
2021-08-25,34.67145,35,34.67145,35
2021-08-26,34.63380,35.049999,34.63380,35.049999
2021-08-27,34.77713,35,34.68726,35
2021-08-30,34.55547,34.69127,34.55547,34.68726
2021-08-31,34.67422,34.69127,34.60737,34.69127
2021-09-01,34.78405,34.78405,34.66480,34.66480
2021-09-02,34.61529,34.70263,34.61529,34.69319
2021-09-03,34.61326,34.70263,34.61326,34.70263
2021-09-06,34.66870,34.69250,34.66870,34.68417
2021-09-07,34.69743,34.69743,34.69250,34.69250
2021-09-08,34.68777,34.69743,34.68777,34.69743
2021-09-09,34.70131,34.70131,34.68777,34.68777
2021-09-10,34.68751,34.70131,34.68751,34.70131
2021-09-13,34.76758,35,34.68751,34.68751
2021-09-14,34.59372,35.049999,34.59372,35.049999
2021-09-15,34.68535,35,34.67463,34.67463
2021-09-16,35.049999,35.049999,34.68312,35
2021-09-17,34.70877,35.049999,34.70877,35.0099983
2021-09-20,34.86512,35,34.69239,35
2021-09-21,34.65142,35.049999,34.65142,35.049999
2021-09-22,34.73861,35,34.69400,35
2021-09-23,34.82565,35.049999,34.69538,35.049999
2021-09-24,34.59998,35.080002,34.59998,35.080002
2021-09-27,34.74038,35.049999,34.69317,35.049999
2021-09-28,34.74452,35.049999,34.68774,35.049999
2021-09-29,34.68922,35.060001,34.68922,35.060001
2021-09-30,34.85403,35.060001,34.68341,35.060001
2021-10-01,34.69870,35.080002,34.67539,35.080002
2021-10-04,34.61847,35.080002,34.61847,35.080002
2021-10-05,34.79264,35,34.75229,35
2021-10-06,34.76547,35.049999,34.75134,35.049999
2021-10-07,34.69902,35.099998,34.69902,34.70698
2021-10-08,34.76888,35.15000,34.76888,35.099998
2021-10-11,34.73753,34.77659,34.73753,34.75405
2021-10-12,34.82537,35.15000,34.77004,34.77659
2021-10-13,34.80499,35.099998,34.77625,35.099998
2021-10-14,34.66098,35.049999,34.66098,35.049999
2021-10-15,34.82390,35.049999,34.78014,35
2021-10-18,34.85475,35.049999,34.77192,35.049999
2021-10-19,34.66993,35.029999,34.66993,35
2021-10-20,34.85212,35.029999,34.77345,35.029999
2021-10-21,34.70767,35.029999,34.70767,35
2021-10-22,34.82076,35.029999,34.75815,35.029999
2021-10-25,34.74770,35,34.74770,34.74949
2021-10-26,34.85942,35.20000,34.79810,35.20000
2021-10-27,34.86273,35.20000,34.79255,35.20000
2021-10-28,34.80425,35.15000,34.79632,35.15000
2021-10-29,34.56598,35.15000,34.56598,35.15000
2021-11-01,35.093914,35.17000,34.78922,35.15000
2021-11-02,34.72113,35.20000,34.72113,35.17000
2021-11-03,34.96136,35.20000,34.79589,35.20000
2021-11-04,34.74926,35.15000,34.74926,35.15000
2021-11-05,34.81065,35.19000,34.79614,35.19000
2021-11-08,34.73441,35.20000,34.73441,35.20000
2021-11-09,34.77229,35.15000,34.77229,35.15000
2021-11-10,34.76146,35.13000,34.76146,35.13000
2021-11-11,35.0081863,35.13000,34.77757,35.13000
2021-11-12,34.88396,35.15000,34.77757,34.77757
2021-11-15,34.76417,35.20000,34.76417,35.18000
2021-11-16,34.79274,35.20000,34.79274,35.20000
2021-11-17,34.78073,35.19000,34.78073,35.19000
2021-11-18,34.78948,35.21000,34.78253,35.21000
2021-11-19,34.75114,35.20000,34.75114,35.20000
2021-11-22,34.83760,35.20000,34.76652,34.76652
2021-11-23,34.90812,35.21000,34.77557,35.21000
2021-11-24,34.79708,35.20000,34.79114,35.20000
2021-11-25,34.81877,35.19000,34.77544,35.19000
2021-11-26,34.78893,35.19000,34.77544,34.77544
2021-11-29,34.76797,35.20000,34.76797,35.20000
2021-11-30,34.77757,35.20000,34.77757,35.20000
2021-12-01,34.87302,35.19000,34.77647,35.19000
2021-12-02,34.76986,35.20000,34.76986,35.20000
2021-12-03,34.91687,35.19000,34.78230,35.19000
2021-12-06,34.83050,34.83050,34.76801,34.76801
2021-12-07,34.81930,35.20000,34.79184,35.19000
2021-12-08,34.71812,35.20000,34.71812,35.20000
2021-12-09,34.60789,35.20000,34.60789,35.19000
2021-12-10,34.77227,35.19000,34.77227,34.85062
2021-12-13,34.67138,35.20000,34.64074,34.64074
2021-12-14,34.76091,35.19000,34.76091,35.19000
2021-12-15,34.94529,35.29000,34.94529,35.23000
2021-12-16,34.90954,35.29000,34.90954,35.29000
2021-12-17,34.88888,35.25,34.88888,35.25
2021-12-20,35.21236,35.28000,34.96025,35.20641
2021-12-21,34.92756,35.42701,34.92756,35.31000
2021-12-22,35.42937,35.42937,34.96235,35.30000
2021-12-23,34.83796,35.33000,34.83796,35.33000
2021-12-24,34.96400,35.32000,34.96400,35.32000
2021-12-27,34.99459,35.31000,34.99270,35.31000
2021-12-28,34.94819,35.31000,34.94819,35.29000
2021-12-29,35.064556,35.30000,34.97787,35.30000
2021-12-30,34.82680,35.31000,34.82680,35.31000
2021-12-31,34.98264,35.33000,34.97031,35.33000
2022-01-03,34.84423,35.33000,34.84423,35.33000
2022-01-04,35.11510,35.30000,34.94761,35.30000
2022-01-05,34.93228,35.31000,34.93228,35.31000
2022-01-06,34.97446,35.30000,34.96621,35.30000
2022-01-07,35.0028763,35.31000,34.96527,35.31000
2022-01-10,34.82356,35.48000,34.79076,34.79076
2022-01-11,34.92908,35.35000,34.92908,35.35000
2022-01-12,34.86853,35.34000,34.86853,35.34000
2022-01-13,34.72826,35.31000,34.72826,35.31000
2022-01-14,35.0096359,35.31000,35.0085564,35.31000
2022-01-17,35.16049,35.31000,35.014149,35.31000
2022-01-18,35.00035095,35.31000,35.00035095,35.014149
2022-01-19,35.21504,35.41000,35.016472,35.30000
2022-01-20,34.94481,35.41000,34.94481,35.41000
2022-01-21,35.085381,35.40000,35.022667,35.40000
2022-01-24,34.98961,35.40000,34.98961,35.37000
2022-01-25,34.97459,35.40000,34.97459,35.40000
2022-01-26,34.90721,35.41000,34.90721,35.41000
2022-01-27,35.15618,35.40000,34.98994,35.40000
2022-01-28,35.042362,35.41000,34.98442,35.41000
2022-01-31,34.93425,35.40000,34.93425,34.95524
2022-02-01,34.80023,35.41000,34.80023,35.41000
2022-02-02,35.0023499,35.40000,35.0023499,35.40000
2022-02-03,35.064026,35.41000,34.97872,35.41000
2022-02-04,34.48743,35.41000,34.48743,35.40000
2022-02-07,35.13110,35.40000,35.13110,35.40000
2022-02-08,35.35806,35.41000,35.017918,35.41000
2022-02-09,35.026962,35.40000,35.014713,35.017918
2022-02-10,35.063309,35.41000,35.017956,35.41000
2022-02-11,35.10947,35.40000,35.020428,35.40000
2022-02-14,35.14366,35.15635,35.027950,35.15635
2022-02-15,35.015869,35.41000,35.0088997,35.40000
2022-02-16,34.99472,35.41000,34.99472,35.41000
2022-02-17,35.023941,35.46000,34.99510,35.46000
2022-02-18,35.0094147,35.54693,35.0094147,35.40000
2022-02-21,35.57292,35.57292,35.012974,35.41000
2022-02-22,35.15174,35.41000,35.0079308,35.012974
2022-02-23,35.048080,35.40000,35.010624,35.40000
2022-02-24,35.16051,35.41000,35.017235,35.40000
2022-02-25,34.91502,35.40000,34.91502,35.40000
2022-02-28,35.052837,35.41000,34.75062,34.75062
2022-03-01,35.29696,35.45000,35.29696,35.45000
2022-03-02,35.29523,35.44000,35.29523,35.29696
2022-03-03,35.28219,35.45000,35.28219,35.45000
2022-03-04,35.50913,35.50913,35.32850,35.37003
2022-03-07,35.73385,35.73385,35.46887,35.46887
2022-03-08,35.59613,35.65000,35.23723,35.65000
2022-03-09,35.21851,35.51000,35.21851,35.51000
2022-03-10,35.052574,35.5,35.052574,35.5
2022-03-11,35.48036,39.53000,35.25182,39.53000
2022-03-14,35.61363,39.51000,35.40653,39.51000
2022-03-15,35.39942,36.45000,35.28513,36.45000
2022-03-16,35.36734,35.5,35.34663,35.5
2022-03-17,35.20757,35.55000,35.20757,35.55000
2022-03-18,35.19571,35.55000,35.19571,35.55000
2022-03-21,35.23915,35.53000,35.23915,35.53000
2022-03-22,35.42534,35.57000,35.20289,35.57000
2022-03-23,35.22556,35.53000,35.22556,35.53000
2022-03-24,35.22120,35.51000,35.22120,35.51000
2022-03-25,35.33269,35.53000,35.33269,35.53000
2022-03-28,35.46538,35.51000,35.29374,35.41921
2022-03-29,35.35726,35.5,35.31780,35.5
2022-03-30,35.17427,35.53000,35.17427,35.53000
2022-03-31,35.20109,35.53000,35.20109,35.53000
2022-04-01,35.42147,35.51000,35.36198,35.51000
2022-04-04,35.39719,35.40264,35.32555,35.40264
2022-04-05,35.41453,35.53000,35.32720,35.53000
2022-04-06,35.57605,35.57605,35.32457,35.53000
2022-04-07,35.33234,35.58000,35.32808,35.58000
2022-04-08,35.43573,35.58000,35.34591,35.58000
2022-04-11,35.32221,35.58000,35.32221,35.58000
2022-04-12,35.45803,35.58000,35.34836,35.55000
2022-04-13,35.50882,35.55000,35.32550,35.55000
2022-04-14,35.15335,35.53000,35.15335,35.53000
2022-04-15,35.67607,35.67607,35.55000,35.55000
2022-04-18,35.68929,35.68929,35.53000,35.53000
2022-04-19,35.76379,35.76379,35.35725,35.51000
2022-04-20,35.33515,35.61000,35.33515,35.61000
2022-04-21,35.41358,35.53000,35.40089,35.53000
2022-04-22,35.53856,35.59000,35.32102,35.54184
2022-04-25,35.38445,35.57000,35.34848,35.43809
2022-04-26,35.32953,35.60000,35.32953,35.60000
2022-04-27,35.51359,35.57000,35.37257,35.57000
2022-04-28,35.58318,35.63000,35.30991,35.55000
2022-04-29,35.28019,35.63000,35.28019,35.63000
2022-05-02,35.45953,35.63000,35.35483,35.63000
2022-05-03,35.34660,35.63000,35.17300,35.63000
2022-05-04,35.26590,35.61000,35.26590,35.61000
2022-05-05,35.060299,35.63000,35.060299,35.61000
2022-05-06,35.52982,35.61000,35.33961,35.61000
2022-05-09,35.57628,35.63000,35.37161,35.63000
2022-05-10,35.29690,35.61000,35.29690,35.61000
2022-05-11,35.41376,35.63000,35.31959,35.63000
2022-05-12,35.41692,35.61000,35.32595,35.61000
2022-05-13,35.53340,35.63000,35.30821,35.63000
2022-05-16,35.25886,35.63000,35.21708,35.61000
2022-05-17,35.30546,35.61000,35.30546,35.61000
2022-05-18,35.34418,35.53000,35.34418,35.53000
2022-05-19,35.38077,35.67000,35.38077,35.67000
2022-05-20,35.39342,35.65000,35.39342,35.65000
2022-05-23,35.38824,35.63000,35.37016,35.63000
2022-05-24,35.38773,35.63000,35.38773,35.63000
2022-05-25,35.31820,35.61000,35.31820,35.61000
2022-05-26,35.25115,35.63000,35.25115,35.63000
2022-05-27,35.35983,35.61000,35.35983,35.61000
2022-05-30,35.28057,35.70000,35.28057,35.70000
2022-05-31,35.48161,35.70000,35.37199,35.37199
2022-06-01,35.27652,35.70000,35.27652,35.70000
2022-06-02,35.58540,35.65000,35.39094,35.65000
2022-06-03,35.17269,35.63000,35.17269,35.63000
2022-06-06,35.46417,35.46417,35.38784,35.45342
2022-06-07,35.53060,35.61000,35.38440,35.61000
2022-06-08,35.31772,35.63000,35.31772,35.63000
2022-06-09,35.40872,35.63000,35.37405,35.37405
2022-06-10,35.68964,35.68964,35.39306,35.61000
2022-06-13,35.73969,35.73969,35.38918,35.63130
2022-06-14,35.52959,35.61000,35.36463,35.61000
2022-06-15,35.37581,35.61000,35.36312,35.36463
2022-06-16,35.47239,35.47239,35.36312,35.36312
2022-06-17,34.91133,35.38495,34.91133,35.38495
2022-06-20,35.46461,35.46461,35.39458,35.45195
2022-06-21,35.37341,35.65000,35.37341,35.39458
2022-06-22,35.51267,35.65000,35.37445,35.65000
2022-06-23,35.19916,35.63000,35.19916,35.63000
2022-06-24,35.33539,35.66000,35.33539,35.66000
2022-06-27,35.31668,35.65000,35.31668,35.65000
2022-06-28,35.40958,35.66000,35.38884,35.66000
2022-06-29,35.58025,35.58025,35.36062,35.38884
2022-06-30,35.64677,35.64677,35.36062,35.36062
2022-07-01,35.13374,35.36750,35.13374,35.36661
2022-07-04,35.43394,35.43394,35.36750,35.36750
2022-07-05,35.43669,35.43669,35.36590,35.37160
2022-07-06,35.48216,35.48216,35.36590,35.36590
2022-07-07,35.39204,35.39204,35.35957,35.37156
2022-07-08,35.37606,35.37606,35.23019,35.35957
2022-07-11,35.30547,35.42377,35.20079,35.20079
2022-07-12,35.62030,35.62030,35.33366,35.42377
2022-07-13,35.31887,35.35773,35.31887,35.33366
2022-07-14,35.49478,35.49478,35.35773,35.35773
2022-07-15,35.34061,35.37040,35.34061,35.35861
2022-07-18,35.24055,35.36037,35.24055,35.30124
2022-07-19,35.45672,35.45672,35.36037,35.36037
2022-07-20,35.43357,35.43357,35.32829,35.37298
2022-07-21,35.40320,35.40320,35.32829,35.32829
2022-07-22,35.30801,35.39222,35.30801,35.34888
2022-07-25,35.32600,35.35600,35.21586,35.21586
2022-07-26,35.38521,35.40971,35.35600,35.35600
2022-07-27,35.45144,35.45144,35.37201,35.40971
2022-07-28,35.29216,35.81000,35.29216,35.81000
2022-07-29,35.18603,35.70000,35.18603,35.70000
2022-08-01,35.48709,35.65000,35.42808,35.65000
2022-08-02,35.30476,35.75,35.30476,35.75
2022-08-03,35.65459,35.76000,35.38949,35.76000
2022-08-04,35.49323,35.75,35.46200,35.75
2022-08-05,35.27503,35.70000,35.27503,35.70000
2022-08-08,35.66015,35.70000,35.38848,35.59975
2022-08-09,35.41035,35.67000,35.41035,35.67000
2022-08-10,35.47355,35.80000,35.43323,35.80000
2022-08-11,35.22506,35.95000,35.22506,35.95000
2022-08-12,35.50104,35.95000,35.41264,35.90000
2022-08-15,35.50508,35.83000,35.41535,35.83000
2022-08-16,35.58781,35.80000,35.40533,35.80000
2022-08-17,35.28296,35.80000,35.28296,35.80000
2022-08-18,35.40209,35.47451,35.40209,35.47451
2022-08-19,35.77750,35.77750,35.44467,35.44467
2022-08-22,35.55598,35.85000,35.42906,35.49879
2022-08-23,35.69194,35.86000,35.43982,35.85000
2022-08-24,35.32981,35.86000,35.32981,35.86000
2022-08-25,35.22663,35.83000,35.22663,35.83000
2022-08-26,35.49305,35.83000,35.46745,35.83000
2022-08-29,35.74748,35.74748,35.45733,35.61889
2022-08-30,35.36802,35.88000,35.36802,35.88000
2022-08-31,35.45355,35.85000,35.40514,35.85000
2022-09-01,35.27446,35.88000,35.27446,35.88000
2022-09-02,35.66324,35.88000,35.44831,35.88000
2022-09-05,35.72945,35.85000,35.43623,35.85000
2022-09-06,35.31412,35.85000,35.31412,35.85000
2022-09-07,35.56468,35.88000,35.40000,35.88000
2022-09-08,35.12210,35.85000,35.12210,35.85000
2022-09-09,35.31338,35.85000,35.31338,35.85000
2022-09-12,35.45023,35.88000,35.16966,35.16966
2022-09-13,35.45332,35.85000,35.43483,35.85000
2022-09-14,36.15523,36.15523,35.44171,35.85000
2022-09-15,35.55593,35.85000,35.42226,35.44171
2022-09-16,35.34491,36.099998,35.34491,36.099998
2022-09-19,35.034214,35.87000,35.016724,35.016724
2022-09-20,35.29523,35.88000,35.29523,35.80000
2022-09-21,35.59452,35.88000,35.46363,35.88000
2022-09-22,35.88000,35.88000,35.45557,35.61000
2022-09-23,35.54867,35.88000,35.40160,35.88000
2022-09-26,36.085197,36.085197,35.39937,35.65096
2022-09-27,35.44088,35.88000,35.42698,35.85000
2022-09-28,35.62202,35.88000,35.48333,35.88000
2022-09-29,34.99303,35.85000,34.99303,35.85000
2022-09-30,35.057507,35.85000,35.057507,35.46467
2022-10-03,35.31110,35.90000,35.31110,35.90000
2022-10-04,35.28795,35.92000,35.28795,35.90000
2022-10-05,35.93000,35.93000,35.46941,35.92000
2022-10-06,35.49373,35.93000,35.49373,35.59387
2022-10-07,35.79356,35.93000,35.43856,35.93000
2022-10-10,35.67456,35.94000,35.44830,35.66248
2022-10-11,35.35639,35.94000,35.35639,35.94000
2022-10-12,35.49977,35.93000,35.46136,35.93000
2022-10-13,35.46355,35.92000,35.46355,35.92000
2022-10-14,35.29689,35.70000,35.29689,35.70000
2022-10-17,35.42131,35.73000,35.42131,35.73000
2022-10-18,35.12764,35.90000,35.12764,35.90000
2022-10-19,35.31010,35.91000,35.31010,35.90000
2022-10-20,35.52192,35.91000,35.42974,35.91000
2022-10-21,35.58892,35.90000,35.44998,35.90000
2022-10-24,35.11511,35.46505,35.059734,35.059734
2022-10-25,35.20642,36,35.20642,36
2022-10-26,35.14552,35.95000,35.14552,35.95000
2022-10-27,35.30404,35.91000,35.30404,35.91000
2022-10-28,35.74241,35.95000,35.51786,35.95000
2022-10-31,35.48877,35.95000,35.48877,35.95000
2022-11-01,35.64044,35.64044,35.48307,35.51268
2022-11-02,35.65837,35.93000,35.47411,35.93000
2022-11-03,35.72649,35.95000,35.41819,35.95000
2022-11-04,35.39207,35.99000,35.39207,35.99000
2022-11-07,35.0044289,35.95000,35.0044289,35.071171
2022-11-08,35.37694,35.95000,35.37694,35.95000
2022-11-09,35.26051,35.90000,35.26051,35.90000
2022-11-10,35.60497,35.93000,35.47842,35.93000
2022-11-11,34.70996,35.92000,34.70996,35.92000
2022-11-14,35.38949,35.52618,35.22776,35.22776
2022-11-15,35.39532,35.99000,35.39532,35.99000
2022-11-16,35.75317,35.95000,35.51202,35.95000
2022-11-17,35.64701,35.93000,35.50192,35.93000
2022-11-18,35.43242,35.95000,35.43242,35.95000
2022-11-21,35.70178,35.95000,35.52269,35.95000
2022-11-22,35.41778,35.95000,35.41778,35.95000
2022-11-23,35.37223,35.93000,35.37223,35.93000
2022-11-24,35.15991,35.90000,35.15991,35.90000
2022-11-25,35.49834,35.52735,35.49834,35.52735
2022-11-28,35.65879,35.90000,35.54719,35.90000
2022-11-29,35.90350,35.93000,35.54716,35.93000
2022-11-30,35.63407,36.017776,35.63407,36
2022-12-01,35.79564,36.018848,35.79564,36.0099983
2022-12-02,35.77081,36.060532,35.77081,36.029999
2022-12-06,36.22231,36.22231,36.026501,36.026501
2022-12-07,36.19078,36.19078,36.025963,36.049999
2022-12-08,35.99080,36.060001,35.99080,36.060001
2022-12-09,35.79338,36.049999,35.79338,36.049999
2022-12-12,36.18236,36.18236,36.014774,36.061253
2022-12-13,36.099457,36.12669,36.014774,36.014774
2022-12-14,35.70122,36.057446,35.70122,36.020000
2022-12-15,36.0014801,36.054768,36.0014801,36.029999
2022-12-16,35.97482,36.052296,35.97482,36
2022-12-19,36.13864,36.16114,36.041073,36.16114
2022-12-20,36.042774,36.058701,36.020000,36.020000
2022-12-21,36.11608,36.11608,36,36
2022-12-22,35.95707,36.049999,35.95707,36.049999
2022-12-23,36.083511,36.083511,36.020000,36.020000
2022-12-26,36.028069,36.028069,36.0099983,36.0099983
2022-12-27,35.90986,36.054813,35.90986,36.049999
2022-12-28,36.087006,36.087006,36.060001,36.060001
2022-12-29,36.10696,36.10696,36.039425,36.049999
2022-12-30,35.95779,36.045227,35.95779,36.029999
2023-01-02,35.96168,36.049999,35.96168,36.049999
2023-01-03,36.12663,36.12663,36.034229,36.045135
2023-01-04,35.89921,36.060001,35.89921,36.060001
2023-01-05,35.98418,36.060001,35.98418,36.060001
2023-01-06,36.33194,36.33194,36.049999,36.049999
2023-01-09,35.45211,36.034004,35.45211,36.029999
2023-01-10,35.86954,36.062183,35.86954,36.049999
2023-01-11,36.057812,36.063560,36.029999,36.029999
2023-01-12,35.98334,36.049999,35.98334,36.049999
2023-01-13,35.73478,36.050411,35.73478,36.029999
2023-01-16,35.85936,36.080654,35.85936,35.92662
2023-01-17,36.10900,36.10995,36.049999,36.080654
2023-01-18,36.19658,36.19658,36.029999,36.029999
2023-01-19,36.16938,36.16938,36.049999,36.049999
2023-01-20,36.031582,36.072102,36.031582,36.070000
2023-01-23,35.84728,36.10397,35.84728,36.072102
2023-01-24,36.078423,36.081776,36.049999,36.049999
2023-01-25,35.99218,36.083138,35.99218,36.081776
2023-01-26,35.89941,36.12190,35.89941,36.049999
2023-01-27,36.12704,36.12704,36.060001,36.060001
2023-01-30,36.10316,36.10316,36.071621,36.097855
2023-01-31,36.20899,36.20899,36.071621,36.071621
2023-02-01,36.0080299,36.078144,36.0080299,36.078144
2023-02-02,35.68795,36.083218,35.68795,36.049999
2023-02-03,36.43181,36.43181,36,36
2023-02-06,36.56366,36.56366,36.063641,36.41779
2023-02-07,36.16084,36.16084,36.049999,36.049999
2023-02-08,36.00089645,36.057728,36.00089645,36.029999
2023-02-09,36.10967,36.10967,36,36
2023-02-10,36.17249,36.17249,36.049999,36.049999
2023-02-13,36.17802,36.21069,36.058865,36.058865
2023-02-14,36.027588,36.21069,36.027588,36.21069
2023-02-15,36.12798,36.12798,36.049999,36.049999
2023-02-16,36.097382,36.097382,36,36
2023-02-17,36.24954,36.24954,36.079342,36.080002
2023-02-20,35.90073,36.079556,35.86562,35.86562
2023-02-21,36.10609,36.10609,36.079556,36.079556
2023-02-22,36.069187,36.099163,36.061890,36.099163
2023-02-23,36.10349,36.10349,36.061321,36.061890
2023-02-24,36.076290,36.079880,36.049999,36.061321
2023-02-27,36.13489,36.13489,36.046478,36.046478
2023-02-28,35.98475,36.061218,35.98475,36.049999
2023-03-01,36.15218,36.15218,36.061218,36.061218
2023-03-02,36.13175,36.17981,36.080002,36.080002
2023-03-03,36.15926,36.15926,36.049999,36.049999
2023-03-06,36.027336,36.096233,36.027336,36.080002
2023-03-07,35.94305,36.10061,35.94305,36.080002
2023-03-08,36.49227,36.49227,36.049999,36.049999
2023-03-09,36.090225,36.15000,36.080002,36.080002
2023-03-10,36.018349,36.14000,36.018349,36.14000
2023-03-13,35.83480,36.15000,35.83480,35.92538
2023-03-14,35.93222,36.16000,35.93222,36.16000
2023-03-15,36.059528,36.15000,36.059528,36.15000
2023-03-16,36.077705,36.16000,36.077705,36.16000
2023-03-17,36.061298,36.15000,36.061298,36.15000
2023-03-20,35.95030,36.10671,35.60132,35.60132
2023-03-21,36.074200,36.10725,36.074200,36.10671
2023-03-22,36.11222,36.11222,36.10725,36.10725
2023-03-23,36.074097,36.11222,36.074097,36.11222
2023-03-24,36.14705,36.14705,36.074097,36.074097
2023-03-27,36.093575,36.14705,36.093575,36.14705
2023-03-28,36.095947,36.13000,36.095947,36.099998
2023-03-29,36.10464,36.15000,36.055984,36.055984
2023-03-30,36.12043,36.15000,36.12043,36.15000
2023-03-31,36.092949,36.15000,36.033638,36.13000
2023-04-03,36.13271,36.15000,36.13000,36.15000
2023-04-04,36.31979,36.31979,36.13000,36.13000
2023-04-05,36.13841,36.15000,36.13841,36.14000
2023-04-06,36.088142,36.15000,36.088142,36.15000
2023-04-07,36.12803,36.15000,36.088142,36.088142
2023-04-10,36.16114,36.20000,35.87179,35.87179
2023-04-11,36.13332,36.20000,36.13332,36.20000
2023-04-12,36.11966,36.15000,36.11966,36.15000
2023-04-13,36.11226,36.13000,36.11226,36.13000
2023-04-14,36.15417,36.15417,36.15000,36.15000
2023-04-17,36.40257,36.40257,35.97641,35.97641
2023-04-18,36.30223,36.30223,36.13316,36.15000
2023-04-19,36.10289,36.15000,36.10289,36.15000
2023-04-20,36.042534,36.12727,36.042534,36.12727
2023-04-21,36.12662,36.13000,36.096478,36.13000
2023-04-24,36.021450,36.15000,36.021450,36.13000
2023-04-25,35.97828,36.15000,35.97828,36.0074196
2023-04-26,36.26377,36.26377,36.14654,36.15000
2023-04-27,36.12233,36.16000,36.12233,36.16000
2023-04-28,36.15981,36.15981,36.11387,36.15000
2023-05-01,36.044796,36.044796,35.64081,35.64081
2023-05-02,36.062389,36.15000,36.062389,36.15000
2023-05-03,35.91820,36.13000,35.91820,36.13000
2023-05-04,35.97918,36.15000,35.97918,36.15000
2023-05-05,36.23156,36.23156,36.099998,36.099998
2023-05-08,36.11791,36.17010,36.11791,36.15000
2023-05-09,36.36066,36.36066,36.13667,36.15000
2023-05-10,36.15248,36.16000,36.14590,36.16000
2023-05-11,35.99662,36.16000,35.99662,36.16000
2023-05-12,36.12075,36.15000,36.12075,36.15000
2023-05-15,36.29244,36.29244,36.0071297,36.0071297
2023-05-16,36.10616,36.11732,36.099998,36.099998
2023-05-17,36.19756,36.19756,36.099998,36.15000
2023-05-18,36.074677,36.15000,36.074677,36.15000
2023-05-19,36.25462,36.25462,36.099998,36.099998
2023-05-22,36.011234,36.15000,36.011234,36.014229
2023-05-23,36.14669,36.14669,36.098873,36.099998
2023-05-24,36.12903,36.15000,36.059635,36.15000
2023-05-25,36.11062,36.11062,36.099030,36.099998
2023-05-26,36.10122,36.15000,36.099998,36.099998
2023-05-29,36.19386,36.19386,36.10051,36.17850
2023-05-30,36.11129,36.11129,36.099739,36.10051
2023-05-31,36.096207,36.099739,36.093479,36.099739
2023-06-01,36.074562,36.099998,36.074562,36.099998
2023-06-02,35.93215,36.11486,35.93215,36.096165
2023-06-05,36.35854,36.35854,36.11364,36.24668
2023-06-06,36.028553,36.13675,36.028553,36.042007
2023-06-07,36.099766,36.13000,36.093945,36.13000
2023-06-08,36.12866,36.13000,36.11219,36.13000
2023-06-09,35.93936,36.15000,35.93936,36.11219
2023-06-12,36.16549,36.16549,36.096790,36.096790
2023-06-13,36.15040,36.15040,36.13336,36.15000
2023-06-14,36.14290,36.16000,36.12066,36.16000
2023-06-15,36.012844,36.15000,36.012844,36.15000
2023-06-16,35.78805,36.15000,35.78805,36.15000
2023-06-19,36.14634,36.14634,36.049427,36.049427
2023-06-20,36.11887,36.11887,36.099998,36.099998
2023-06-21,36.15694,36.15694,36.10971,36.15000
2023-06-22,35.88297,36.15000,35.88297,36.15000
2023-06-23,36.28480,36.28480,36.11653,36.14000
2023-06-26,35.99151,36.10376,35.89228,35.89228
2023-06-27,36.11237,36.15000,36.11237,36.15000
2023-06-28,36.11202,36.15000,36.11202,36.15000
2023-06-29,36.27812,36.27812,36.11278,36.15000
2023-06-30,36.30110,36.30110,36.12038,36.13000
2023-07-03,35.95885,36.081150,35.88593,35.88593
2023-07-04,36.059322,36.16000,36.059322,36.16000
2023-07-05,36.14386,36.16000,36.10384,36.12942
2023-07-06,36.15000,36.21615,36.12244,36.16000
2023-07-07,36.12294,36.15000,36.12024,36.15000
2023-07-10,35.87894,36.15000,35.83694,35.83694
2023-07-11,35.95992,36.17780,35.95992,36.11000
2023-07-12,36.075199,36.15000,36.075199,36.15000
2023-07-13,35.73994,36.15000,35.73994,36.15000
2023-07-14,35.96299,36.15000,35.96299,36.15000
2023-07-17,36.11549,36.11766,36.040359,36.040359
2023-07-18,36.096138,36.15000,36.096138,36.15000
2023-07-19,36.21679,36.21679,36.13000,36.13000
2023-07-20,36.11988,36.15000,36.11988,36.13000
2023-07-21,36.34568,36.34568,36.13396,36.15000
2023-07-24,36.12211,36.28353,36.10151,36.10151
2023-07-25,36.20576,36.20576,36.13050,36.18000
2023-07-26,36.10092,36.18000,36.10092,36.18000
2023-07-27,36.11372,36.15069,36.11372,36.15000
2023-07-28,36.65689,36.65689,36.082520,36.15000
2023-07-31,36.033749,36.15545,35.98967,35.98967
2023-08-01,36.29183,36.29183,36.14502,36.15000
2023-08-02,36.086178,36.18122,36.086178,36.13000
2023-08-03,36.26176,36.26176,36.10702,36.18122
2023-08-04,36.054619,36.15000,36.054619,36.15000
2023-08-07,35.91281,36.10825,35.89650,35.89650
2023-08-08,36.063904,36.11522,36.063904,36.10365
2023-08-09,36.11357,36.13568,36.11357,36.11522
2023-08-10,36.14985,36.14985,36.13480,36.13568
2023-08-11,36.26684,36.26684,36.13044,36.13480
2023-08-14,36.31676,36.31676,36.13000,36.27397
2023-08-15,36.25029,36.25029,36.12750,36.15000
2023-08-16,36.22623,36.22623,36.13028,36.16000
2023-08-17,36.28569,36.28569,36.12261,36.15000
2023-08-18,36.16000,36.16000,36.16000,36.16000
2023-08-21,36.068665,36.099892,36.028095,36.028095
2023-08-22,36.11098,36.17000,36.11098,36.17000
2023-08-23,36.25386,36.25386,36.11922,36.15000
2023-08-24,35.91850,36.17000,35.91850,36.15000
2023-08-25,36.32355,36.32355,36.10122,36.15000
2023-08-28,36.12930,36.14134,36.11926,36.14134
2023-08-29,36.084808,36.13104,36.084808,36.13104
2023-08-30,35.91404,36.15930,35.91404,36.11755
2023-08-31,35.99360,36.15930,35.99360,36.15930
2023-09-01,36.25208,36.25208,36.13364,36.13771
2023-09-04,36.35908,36.35908,36.11849,36.29544
2023-09-05,36.16082,36.16082,36.14885,36.15395
2023-09-06,36.19453,36.19453,36.095474,36.18424
2023-09-07,36.17795,36.17795,36.11662,36.17000
2023-09-08,36.10027,36.18000,36.10027,36.18000
2023-09-11,36.075642,36.15222,36.075642,36.075977
2023-09-12,36.086601,36.13047,36.071323,36.071323
2023-09-13,35.97784,36.17000,35.97784,36.17000
2023-09-14,36.11597,36.17000,36.11597,36.17000
2023-09-15,36.44155,36.44155,36.12185,36.18000
2023-09-18,36.067017,36.17000,36.061272,36.061272
2023-09-19,36.046741,36.32000,36.046741,36.32000
2023-09-20,36.17406,36.20000,36.13675,36.20000
2023-09-21,36.36312,36.36312,36.14311,36.21000
2023-09-22,36.097324,36.19000,36.097324,36.19000
2023-09-25,36.058865,36.10207,35.99569,35.99569
2023-09-26,36.29973,36.29973,36.11672,36.18000
2023-09-27,36.24122,36.24122,36.15721,36.17000
2023-09-28,36.25246,36.25246,36.11742,36.18000
2023-09-29,36.025635,36.23000,36.025635,36.23000
2023-10-02,36.27345,36.27345,36.13217,36.19704
2023-10-03,36.34489,36.34489,36.12749,36.21000
2023-10-04,36.12560,36.33000,36.076221,36.33000
2023-10-05,36.052219,36.33000,36.035606,36.33000
2023-10-06,36.037830,36.12294,36.015282,36.015282
2023-10-09,36.056488,36.10448,35.95378,35.95378
2023-10-10,35.96479,36.14020,35.96479,36.10448
2023-10-11,36.057602,36.35000,36.057602,36.35000
2023-10-12,36.045113,36.33000,36.045113,36.33000
2023-10-13,36.38762,36.38762,36.11921,36.31000
2023-10-16,36.12041,36.31000,36.12041,36.13449
2023-10-17,36.20724,36.34000,36.064594,36.34000
2023-10-18,36.073299,36.33000,36.073299,36.33000
2023-10-19,36.17041,36.35000,36.10662,36.11404
2023-10-20,36.036461,36.37000,36.036461,36.37000
2023-10-23,36.10295,36.33000,36.050732,36.050732
2023-10-24,35.88730,36.33000,35.84397,36.33000
2023-10-25,36.23216,36.35000,36.11996,36.35000
2023-10-26,36.16409,36.33000,36.13292,36.33000
2023-10-27,36.060699,36.33000,36.060699,36.33000
2023-10-30,36.10614,36.10614,36.050854,36.050854
2023-10-31,36.043167,36.40000,36.043167,36.40000
2023-11-01,36.11060,36.40000,36.11060,36.40000
2023-11-02,35.94176,36.45000,35.94176,36.45000
2023-11-03,36.16885,36.45000,36.067837,36.067837
2023-11-06,35.86879,36.43000,35.83605,35.83605
2023-11-07,36.27231,36.36000,36.10595,36.36000
2023-11-08,36.074036,36.36000,36.074036,36.36000
2023-11-09,36.015682,36.37000,36.015682,36.37000
2023-11-10,36.18884,36.37000,36.12579,36.37000
2023-11-13,36.10095,36.16901,36.0039215,36.0039215
2023-11-14,36.097168,36.35000,36.097168,36.35000
2023-11-15,35.62264,36.37000,35.62264,36.37000
2023-11-16,36.21458,36.36000,36.16163,36.36000
2023-11-17,36.13781,36.36000,36.13781,36.36000
2023-11-20,36.033638,36.13300,35.96318,35.96318
2023-11-21,36.052490,36.5,36.032253,36.5
2023-11-22,36.22969,36.40000,36.12127,36.40000
2023-11-23,36.16305,36.16678,36.12127,36.12127
2023-11-24,36.18652,36.40000,36.12141,36.16678
2023-11-27,36.037270,36.42000,36.025753,36.025753
2023-11-28,36.12391,36.45000,36.12088,36.42000
2023-11-29,35.96057,36.40000,35.96057,36.40000
2023-11-30,36.19456,36.40000,36.14243,36.40000
2023-12-01,36.16910,36.48000,36.14243,36.14243
2023-12-04,36.21982,36.47000,36.15878,36.16129
2023-12-05,36.23850,36.47000,36.13812,36.47000
2023-12-06,36.23021,36.40000,36.15017,36.40000
2023-12-07,36.17569,36.45000,36.16159,36.17838
2023-12-08,36.078125,36.43000,36.078125,36.43000
2023-12-11,36.18380,36.19220,36.13300,36.19220
2023-12-12,36.14542,36.45000,36.12980,36.45000
2023-12-13,36.15206,36.15206,36.14190,36.14235
2023-12-14,35.76394,36.5,35.76394,36.5
2023-12-15,35.95911,36.45000,35.95911,36.45000
2023-12-18,36.37965,36.37965,36.13740,36.33530
2023-12-19,36.12185,36.5,36,36.13740
2023-12-20,36.034969,36.5,36.034969,36.5
2023-12-21,36.094193,36.55000,36.094193,36.55000
2023-12-22,36.088051,36.53000,36.088051,36.53000
2023-12-25,36.21904,36.21904,36.18221,36.18221
2023-12-26,36.21904,36.21904,36.18221,36.18221
2023-12-27,36.14910,36.5,36.14910,36.5
2023-12-28,35.97427,36.45000,35.94742,36.45000
2023-12-29,36.28650,36.43000,36.15121,36.43000
2024-01-01,36.26976,36.26976,36.21727,36.21727
2024-01-02,36.15787,36.43000,36.15787,36.25006
2024-01-03,36.20509,36.52000,36.11311,36.52000
2024-01-04,36.15131,36.52000,36.13996,36.52000
2024-01-05,36.13401,36.58000,36.13401,36.13996
2024-01-08,36.053562,36.52000,36.053562,36.062130
2024-01-09,36.059952,36.5,36.059952,36.5
2024-01-10,36.14111,36.15668,36.12872,36.12872
2024-01-11,36.051464,36.16702,36.051464,36.15668
2024-01-12,36.14743,36.55000,36.14743,36.16702
2024-01-15,36.17727,36.17727,36.11326,36.11326
2024-01-16,36.22005,36.22005,36.12434,36.12434
2024-01-17,36.21370,36.21370,36.15992,36.21236
2024-01-18,36.10284,36.5,36.10284,36.5
2024-01-19,36.17656,36.53000,36.17656,36.5
2024-01-22,36.11247,36.51000,36.11247,36.13319
2024-01-23,36.16843,36.52000,36.15056,36.52000
2024-01-24,36.19434,36.5,36.15453,36.5
2024-01-25,36.21037,36.53000,36.18064,36.53000
2024-01-26,36.33162,36.5,36.17383,36.5
2024-01-29,36.26891,36.26891,36.14519,36.20047
2024-01-30,36.12401,36.5,36.12401,36.5
2024-01-31,36.20181,36.55000,36.10058,36.55000
2024-02-01,36.26708,36.53000,36.14274,36.53000
2024-02-02,35.95293,36.51000,35.95293,36.51000
2024-02-05,36.57331,36.57331,36.19573,36.52346
2024-02-06,36.21846,36.53000,36.20120,36.22908
2024-02-07,36.10450,36.5,36.10450,36.5
2024-02-08,36.16626,36.55000,36.16358,36.55000
2024-02-09,36.15118,36.53000,36.15118,36.53000
2024-02-12,36.25451,36.51000,36.25451,36.30293
2024-02-13,36.35215,36.5,36.34373,36.5
2024-02-14,36.56749,36.56749,36.33834,36.53000
2024-02-15,36.26788,36.55000,36.26788,36.55000
2024-02-16,36.23915,36.53000,36.23915,36.53000
2024-02-19,36.33480,36.34423,36.33480,36.34423
2024-02-20,36.38374,36.5,36.33901,36.33901
2024-02-21,36.29234,36.55000,36.29234,36.55000
2024-02-22,36.25364,36.60000,36.25364,36.60000
2024-02-23,36.44491,36.65000,36.35205,36.65000
2024-02-26,36.38062,36.38062,36.31246,36.31246
2024-02-27,36.34839,36.5,36.33233,36.5
2024-02-28,36.40389,36.53000,36.34212,36.53000
2024-02-29,36.29933,36.36330,36.27086,36.27086
2024-03-01,36.39102,36.5,36.32886,36.5
2024-03-04,36.27256,36.36045,36.22461,36.22461
2024-03-05,36.36850,36.36850,36.35023,36.36045
2024-03-06,36.36095,36.36095,36.34425,36.35023
2024-03-07,36.27304,36.53000,36.27304,36.53000
2024-03-08,36.17099,36.5,36.17099,36.19049
2024-03-11,36.32425,36.53000,36.30716,36.30716
2024-03-12,36.38259,36.51000,36.33720,36.51000
2024-03-13,36.37878,36.53000,36.33888,36.53000
2024-03-14,36.32113,36.51000,36.32113,36.51000
2024-03-15,36.56003,36.56289,36.34411,36.51000
2024-03-18,36.35562,36.60000,36.34729,36.35112
2024-03-19,36.46267,36.46267,36.34269,36.44506
2024-03-20,36.29285,36.5,36.29285,36.5
2024-03-21,36.039085,36.46000,36.039085,36.46000
2024-03-22,36.54277,36.54277,36.32617,36.34230
2024-03-25,36.34145,36.5,36.18206,36.18206
2024-03-26,36.29890,36.5,36.29890,36.5
2024-03-27,36.45434,36.45434,36.35406,36.45000
2024-03-28,36.35473,36.5,36.33245,36.5
2024-03-29,36.36769,36.5,36.33836,36.5
2024-04-01,36.32438,36.32438,36,36.29126
2024-04-02,36.34130,36.34248,36,36
2024-04-03,36.26351,36.34248,36.26351,36.34248
2024-04-04,36.11963,36.5,36.11963,36.31760
2024-04-05,36.40607,36.5,36.34568,36.5
2024-04-08,36.37186,36.52000,36.32841,36.32841
2024-04-09,36.25631,36.53000,36.24713,36.24713
2024-04-10,36.37888,36.55000,36.37888,36.55000
2024-04-11,36.75985,36.75985,36.33568,36.55000
2024-04-12,36.34991,36.34991,36.32011,36.33568
2024-04-15,36.34195,36.5,36.25205,36.25205
2024-04-16,36.47408,36.5,36.31780,36.5
2024-04-17,36.35063,36.35063,36,36
2024-04-18,36.23243,36.5,36.23243,36.23820
2024-04-19,36.46191,36.55000,36.34092,36.55000
2024-04-22,36.31568,36.36723,36.25884,36.25884
2024-04-23,36.30786,36.45000,36.29649,36.45000
2024-04-24,36.15465,36.45000,36.15465,36.45000
2024-04-25,36.28720,36.5,36.28720,36.5
2024-04-26,36.32719,36.5,36.31435,36.5
2024-04-29,36.39674,36.52222,36.38061,36.42480
2024-04-30,36.53859,36.53859,36.35838,36.51000
2024-05-01,36.57015,36.58662,36.33535,36.51000
2024-05-02,36.19491,36.5,36.19491,36.5
2024-05-03,36.24944,36.51000,36.24944,36.35259
2024-05-06,36.26688,36.34541,36.26688,36.28339
2024-05-07,36.33444,36.51000,36.33444,36.51000
2024-05-08,36.41642,36.53000,36.35636,36.53000
2024-05-09,36.36821,36.53000,36.35652,36.53000
2024-05-10,36.19750,36.53000,36.19750,36.53000
2024-05-13,36.38457,36.38457,36.33886,36.37917
2024-05-14,36.32050,36.34158,36.32050,36.33886
2024-05-15,36.27657,36.5,36.27657,36.5
2024-05-16,36.12378,36.51000,36.12378,36.51000
2024-05-17,36.37937,36.51000,36.34887,36.51000
2024-05-20,36.23388,36.37134,36.16172,36.16172
2024-05-21,36.37653,36.51000,36.35627,36.38155
2024-05-22,36.38373,36.5,36.36565,36.5
2024-05-23,36.38597,36.5,36.34888,36.5
2024-05-24,36.46573,36.55000,36.36045,36.55000
2024-05-27,36.31839,36.35543,36.30165,36.30165
2024-05-28,36.34105,36.35543,36.31721,36.35543
2024-05-29,36.43853,36.43853,36.38964,36.41655
2024-05-30,36.52143,36.52143,36.34952,36.51000
2024-05-31,36.29952,36.5,36.29952,36.5
2024-06-03,36.32780,36.32780,36.32423,36.32512
2024-06-04,36.095226,36.51000,36.095226,36.51000
2024-06-05,36.29347,36.5,36.29347,36.5
2024-06-06,36.30700,36.5,36.30700,36.5
2024-06-07,36.30571,36.51000,36.30571,36.51000
2024-06-10,36.72210,36.80542,36.31609,36.58886
2024-06-11,36.25130,36.5,36.25130,36.5
2024-06-12,36.36381,36.53000,36.33677,36.53000
2024-06-13,36.16101,36.60000,36.16101,36.60000
2024-06-14,36.53976,36.61000,36.33526,36.61000
2024-06-17,36.32440,36.33224,36.31218,36.31218
2024-06-18,36.25102,36.63000,36.25102,36.63000
2024-06-19,36.27541,36.62000,36.27153,36.62000
2024-06-20,36.35670,36.55000,36.33602,36.55000
2024-06-21,36.41679,36.53000,36.33845,36.53000
2024-06-24,36.30854,36.34872,36.30854,36.31261
2024-06-25,36.33315,36.55000,36.33315,36.55000
2024-06-26,36.38146,36.56000,36.34985,36.56000
2024-06-27,36.36466,36.56000,36.35837,36.56000
2024-06-28,36.32289,36.36296,36.32289,36.35837
2024-07-01,36.21964,36.35011,36.21964,36.30766
2024-07-02,36.5,36.5,36.34158,36.35011
2024-07-03,36.23424,36.34353,36.23424,36.34158
2024-07-04,36.23578,36.55000,36.23578,36.55000
2024-07-05,36.30311,36.35757,36.30311,36.35757
2024-07-08,36.36179,36.38465,36.34181,36.38465
2024-07-09,36.35289,36.36616,36.34668,36.35524
2024-07-10,36.38550,36.38550,36.33878,36.37709
2024-07-11,36.29886,36.55000,36.24584,36.55000
2024-07-12,36.28435,36.5,36.28435,36.5
2024-07-15,36.35979,36.35979,36.24960,36.24960
2024-07-16,36.41305,36.53000,36.36180,36.53000
2024-07-17,36.35663,36.35663,36.34651,36.35346
2024-07-18,36.33504,36.35582,36.33504,36.33936
2024-07-19,36.48348,36.48348,36.33374,36.35582
2024-07-22,36.31190,36.53000,36.31190,36.34159
2024-07-23,36.34460,36.53000,36.33118,36.53000
2024-07-24,36.39800,36.5,36.33118,36.33118
2024-07-25,36.35793,36.5,36.35174,36.5
2024-07-26,36.33717,36.35107,36.33717,36.35107
2024-07-29,36.32297,36.36179,36.32297,36.35409
2024-07-30,36.41372,36.55000,36.36179,36.36179
2024-07-31,36.40919,36.5,36.33897,36.5
2024-08-01,36.31664,36.53000,36.31664,36.53000
2024-08-02,36.33078,36.51000,36.32989,36.51000
2024-08-05,36.035706,36.53000,36.020695,36.020695
2024-08-06,36.30459,36.53000,36.30459,36.53000
2024-08-07,36.27780,36.51000,36.27780,36.51000
2024-08-08,36.31705,36.51000,36.31705,36.34698
2024-08-09,36.39496,36.5,36.36555,36.5
2024-08-12,36.35856,36.53000,36.32944,36.32944
2024-08-13,36.33985,36.60000,36.33985,36.60000
2024-08-14,36.12742,36.57000,36.12742,36.57000
2024-08-15,36.39568,36.55000,36.35241,36.55000
2024-08-16,36.47031,36.55000,36.36165,36.48211
2024-08-19,36.23639,36.55000,36.21947,36.21947
2024-08-20,36.21204,36.56000,36.21204,36.56000
2024-08-21,36.20646,36.55000,36.20646,36.55000
2024-08-22,36.28551,36.5,36.28551,36.5
2024-08-23,36.44965,36.51000,36.37149,36.51000
2024-08-26,36.12192,36.5,36.070839,36.070839
2024-08-27,36.39377,36.55000,36.35778,36.55000
2024-08-28,36.31517,36.5,36.31517,36.5
2024-08-29,36.33816,36.53000,36.33816,36.36772
2024-08-30,36.41582,36.51000,36.35215,36.51000
2024-09-02,36.44045,36.44045,36.36052,36.40801
2024-09-03,36.38040,36.38040,36.34634,36.36052
2024-09-04,36.31344,36.82000,36.31344,36.82000
2024-09-05,36.27469,36.53000,36.27044,36.27044
2024-09-06,36.31701,36.36920,36.31701,36.32273
2024-09-09,36.44189,36.5,36.34059,36.40543
2024-09-10,36.38885,36.51000,36.37023,36.37023
2024-09-11,36.42452,36.51000,36.34850,36.51000
2024-09-12,36.49529,36.51000,36.35456,36.51000
2024-09-13,36.13013,36.5,36.13013,36.5
2024-09-16,36.34970,36.39729,36.34970,36.39729
2024-09-17,36.34909,36.53000,36.34599,36.53000
2024-09-18,36.36854,36.51000,36.36298,36.39880
2024-09-19,36.50900,36.51000,36.40357,36.51000
2024-09-20,36.38661,36.53000,36.36706,36.53000
2024-09-23,36.35973,36.53000,36.29938,36.29938
2024-09-24,36.37706,36.56000,36.36118,36.56000
2024-09-25,36.13753,36.55000,36.13753,36.55000
2024-09-26,36.51709,36.53596,36.35956,36.53596
2024-09-27,36.30503,36.53000,36.30503,36.35956
2024-09-30,36.32588,36.5,36.32588,36.5
2024-10-01,36.54034,36.55000,36.32071,36.5
2024-10-02,36.41785,36.5,36.33818,36.5
2024-10-03,36.44236,36.53000,36.36413,36.5
2024-10-04,36.37715,36.51000,36.33281,36.37913
2024-10-07,36.53717,36.53717,36.32403,36.49442
2024-10-08,36.28764,36.5,36.28764,36.5
2024-10-09,36.38252,36.53000,36.34423,36.53000
2024-10-10,36.42363,36.60000,36.36031,36.53000
2024-10-11,36.35167,36.63000,36.35167,36.63000
2024-10-14,36.39111,36.39111,36.29390,36.29390
2024-10-15,36.39030,36.60000,36.34595,36.35431
2024-10-16,36.39604,36.63000,36.33826,36.60000
2024-10-17,36.43494,36.60000,36.33101,36.60000
2024-10-18,36.45800,36.5,36.34301,36.5
2024-10-21,36.27260,36.33799,36.23408,36.23408
2024-10-22,36.44516,36.5,36.34282,36.5
2024-10-23,36.45071,36.53000,36.32737,36.53000
2024-10-24,36.29606,36.53000,36.29606,36.53000
2024-10-25,36.26165,36.5,36.26165,36.5
2024-10-28,36.32148,36.40824,36.32148,36.40824
2024-10-29,36.35389,36.51000,36.34141,36.51000
2024-10-30,36.24926,36.5,36.24926,36.5
2024-10-31,36.26640,36.53000,36.26640,36.53000
2024-11-01,36.29629,36.53000,36.29629,36.53000
2024-11-04,36.22853,36.5,36.22853,36.29095
2024-11-05,36.34945,36.53000,36.34945,36.53000
2024-11-06,36.33477,36.55000,36.33477,36.55000
2024-11-07,36.30426,36.5,36.30426,36.5
2024-11-08,36.23739,36.51000,36.23739,36.51000
2024-11-11,36.54902,36.54902,36.33839,36.53658
2024-11-12,36.38310,36.5,36.33839,36.33839
2024-11-13,36.30017,36.51000,36.30017,36.51000
2024-11-14,36.61407,36.62934,36.32548,36.53000
2024-11-15,36.31513,36.51000,36.31513,36.51000
2024-11-18,36.44712,36.44712,36.35087,36.43260
2024-11-19,36.15561,36.5,36.15561,36.5
2024-11-20,36.19811,36.60000,36.19811,36.60000
2024-11-21,36.35571,36.59000,36.31801,36.59000
2024-11-22,36.48882,36.59000,36.34355,36.59000
2024-11-25,36.10594,36.55000,36.10594,36.30693
2024-11-26,36.40572,36.56000,36.22034,36.56000
2024-11-27,36.41790,36.56000,36.34152,36.56000
2024-11-28,36.21830,36.34152,36.21830,36.34152
2024-11-29,36.28960,36.35072,36.28960,36.31677
2024-12-02,36.43892,36.60000,36.25797,36.25797
2024-12-03,36.44165,36.57000,36.34531,36.57000
2024-12-04,36.37713,36.5,36.35047,36.5
2024-12-05,36.30172,36.51000,36.30172,36.51000
2024-12-06,36.21138,36.51000,36.21138,36.51000
2024-12-09,36.44807,36.44807,36.34591,36.36708
2024-12-10,36.38897,36.38897,36.35051,36.37690
2024-12-11,36.31807,36.35051,36.27978,36.35051
2024-12-12,36.31103,36.34961,36.27978,36.27978
2024-12-13,36.45363,36.45903,36.30733,36.34961
2024-12-16,36.22034,36.30561,36.22034,36.25982
2024-12-17,36.22176,36.32914,36.22176,36.30561
2024-12-18,36.28556,36.32639,36.28556,36.32378
2024-12-19,36.73817,36.73817,36.32639,36.32639
2024-12-20,36.46452,36.46452,36.30696,36.33095
2024-12-23,36.16293,36.36153,36.16293,36.17195
2024-12-24,36.30753,36.36153,36.29441,36.36153
2024-12-25,36.28064,36.29441,36.25798,36.29441
2024-12-26,36.28064,36.29441,36.25798,36.29441
2024-12-27,36.32810,36.32810,36.25798,36.25798
2024-12-30,36.37340,36.37340,36.29929,36.36887
2024-12-31,36.44728,36.44728,36.29929,36.29929
2025-01-02,36.31718,36.31718,36.29929,36.29929
2025-01-03,36.54427,36.54427,36.31718,36.31718
2025-01-06,36.25838,36.35036,36.24994,36.24994
2025-01-07,36.45979,36.53000,36.33394,36.53000
2025-01-08,36.53048,36.53048,36.33394,36.33394
2025-01-09,36.25612,36.53000,36.25612,36.53000
2025-01-10,36.31334,36.53000,36.31087,36.31510
2025-01-13,36.52536,36.53000,36.32296,36.47443
2025-01-14,36.11919,36.51000,36.11919,36.51000
2025-01-15,36.15446,36.53000,36.15446,36.51000
2025-01-16,36.35657,36.51000,36.33941,36.51000
2025-01-17,36.25691,36.51000,36.25691,36.51000
2025-01-20,36.36116,36.36116,36.31071,36.31071
2025-01-21,36.15887,36.33562,36.15887,36.33562
2025-01-22,36.11738,36.5,36.11738,36.5
2025-01-23,36.45818,36.60000,36.33566,36.60000
2025-01-24,36.26973,36.61000,36.26973,36.61000
2025-01-27,36.40273,36.5,36.25720,36.25720
2025-01-28,36.58484,36.58484,36.35264,36.51000
2025-01-29,36.30975,36.5,36.29514,36.5
2025-01-30,36.25702,36.53000,36.25702,36.53000
2025-01-31,36.32444,36.53000,36.30198,36.53000
2025-02-03,36.80712,36.88693,36.29734,36.88693
2025-02-04,36.069813,36.5,36.069813,36.5
2025-02-05,36.14069,36.5,36.14069,36.5
2025-02-06,36.36573,36.51000,36.32152,36.33639
2025-02-07,36.23845,36.5,36.23845,36.5
2025-02-10,36.96967,37.086826,36.76000,36.76000
2025-02-11,36.76000,36.86645,36.76000,36.80000
2025-02-12,36.80000,36.80532,36.65829,36.75
2025-02-13,36.75,36.85571,36.71401,36.85571
2025-02-14,36.85571,36.85571,36.60128,36.76000
2025-02-15,36.76000,36.76000,36.76000,36.76000
2025-02-17,36.69096,36.79834,36.66633,36.79834
2025-02-18,36.85020,36.85020,36.75,36.80000
2025-02-19,36.85392,36.85392,36.75,36.75
2025-02-20,36.81046,36.81046,36.75,36.76000
2025-02-21,36.62700,36.82078,36.62700,36.76000
2025-02-22,36.75,36.75,36.75,36.75
2025-02-24,36.81620,36.81620,36.63209,36.76000
2025-02-25,36.80788,36.80788,36.76000,36.76000
2025-02-26,36.75,36.81263,36.70789,36.75
2025-02-27,36.84740,36.84740,36.75,36.75
2025-02-28,37.11549,37.11549,36.75,36.75
2025-03-03,36.87075,36.87075,36.72798,36.75
2025-03-04,36.67739,36.79731,36.67739,36.79731
2025-03-05,36.75,36.75,36.55911,36.75
2025-03-06,36.75,36.80090,36.33791,36.80090
2025-03-07,36.83057,36.83057,36.75,36.75
2025-03-08,36.76000,36.76000,36.76000,36.76000
2025-03-10,36.79015,36.81830,36.75,36.75
2025-03-11,36.77456,36.79710,36.77456,36.79710
2025-03-12,36.79575,36.82846,36.75,36.77000
2025-03-13,36.84452,36.84452,36.79433,36.79433
2025-03-14,36.84727,36.84727,36.77381,36.77381
2025-03-17,36.84798,36.84798,36.75500,36.75500
2025-03-18,36.76029,36.79229,36.75500,36.75500
2025-03-19,36.75,36.78502,36.72820,36.76000
2025-03-20,36.80037,36.80037,36.76000,36.76000
2025-03-21,36.75,36.79489,36.75,36.75
2025-03-24,36.88173,36.88173,36.75,36.75
2025-03-25,36.90040,36.90040,36.75,36.75
2025-03-26,36.88245,36.88245,36.75,36.75
2025-03-27,36.89650,36.89650,36.75,36.75
2025-03-28,36.78088,36.79655,36.75,36.75
2025-03-31,36.56203,36.79655,36.55225,36.75
2025-04-01,36.77751,36.81982,36.75,36.75
2025-04-02,36.75500,36.82886,36.75,36.75
2025-04-03,36.47802,36.79111,36.47802,36.77500
2025-04-04,36.76883,36.76883,36.66501,36.66501
2025-04-07,36.81626,36.81626,36.77500,36.77500
2025-04-08,36.85781,36.85781,36.75,36.75
2025-04-09,36.50344,36.77003,36.50344,36.75
2025-04-10,36.95747,36.95747,36.81330,36.81330
2025-04-11,36.76000,36.80993,36.069271,36.62430
2025-04-12,36.62430,36.62430,36.62430,36.62430
2025-04-14,36.62430,36.62430,36.62430,36.62430
2025-04-15,36.62430,36.62430,36.62430,36.62430
2025-04-16,36.62430,36.62430,36.62430,36.62430
2025-04-17,36.62430,36.62430,36.62430,36.62430
2025-04-18,36.62430,36.62430,36.62430,36.62430
2025-04-19,36.62430,36.62430,36.62430,36.62430
2025-04-21,36.62430,36.62430,36.62430,36.62430
2025-04-22,36.62430,36.62430,36.62430,36.62430
2025-04-23,36.62430,36.62430,36.62430,36.62430
2025-04-24,36.62430,36.62430,36.62430,36.62430
2025-04-25,36.62430,36.62430,36.62430,36.62430
2025-04-26,36.62430,36.62430,36.62430,36.62430
2025-04-28,36.62430,36.62430,36.62430,36.62430
2025-04-29,36.62430,36.62430,36.62430,36.62430
2025-04-30,36.62430,36.62430,36.62430,36.62430
2025-05-01,36.62430,36.62430,36.62430,36.62430
2025-05-02,36.62430,36.62430,36.62430,36.62430
2025-05-03,36.62430,36.62430,36.62430,36.62430
2025-05-05,36.62430,36.62430,36.62430,36.62430
2025-05-06,36.62430,36.62430,36.62430,36.62430
2025-05-07,36.62430,36.62430,36.62430,36.62430
2025-05-08,36.62430,36.62430,36.62430,36.62430
2025-05-09,36.62430,36.62430,36.62430,36.62430
2025-05-10,36.62430,36.62430,36.62430,36.62430
2025-05-12,36.62430,36.62430,36.62430,36.62430
2025-05-13,36.62430,36.62430,36.62430,36.62430
2025-05-14,36.62430,36.62430,36.62430,36.62430
2025-05-15,36.62430,36.62430,36.62430,36.62430
2025-05-16,36.62430,36.62430,36.62430,36.62430
2025-05-17,36.62430,36.62430,36.62430,36.62430
2025-05-19,36.62430,36.62430,36.62430,36.62430
2025-05-20,36.62430,36.62430,36.62430,36.62430
2025-05-21,36.62430,36.62430,36.62430,36.62430
2025-05-22,36.62430,36.62430,36.62430,36.62430
2025-05-23,36.62430,36.62430,36.62430,36.62430
2025-05-24,36.62430,36.62430,36.62430,36.62430
2025-05-26,36.62430,36.62430,36.62430,36.62430
2025-05-27,36.62430,36.62430,36.62430,36.62430
2025-05-28,36.62430,36.62430,36.62430,36.62430
2025-05-29,36.62430,36.62430,36.62430,36.62430
2025-05-30,36.62430,36.62430,36.62430,36.62430
2025-05-31,36.62430,36.62430,36.62430,36.62430
2025-06-02,36.62430,36.62430,36.62430,36.62430
2025-06-03,36.62430,36.62430,36.62430,36.62430
2025-06-04,36.62430,36.62430,36.62430,36.62430
2025-06-05,36.62430,36.62430,36.62430,36.62430
2025-06-06,36.62430,36.62430,36.62430,36.62430
2025-06-07,36.62430,36.62430,36.62430,36.62430
2025-06-09,36.62430,36.62430,36.62430,36.62430
2025-06-10,36.62430,36.62430,36.62430,36.62430
2025-06-11,36.62430,36.62430,36.62430,36.62430
2025-06-12,36.62430,36.62430,36.62430,36.62430
2025-06-13,36.62430,36.62430,36.62430,36.62430
2025-06-14,36.62430,36.62430,36.62430,36.62430
2025-06-16,36.62430,36.62430,36.62430,36.62430
2025-06-17,36.62430,36.62430,36.62430,36.62430
2025-06-18,36.62430,36.62430,36.62430,36.62430
2025-06-19,36.62430,36.62430,36.62430,36.62430
2025-06-20,36.62430,36.62430,36.62430,36.62430
2025-06-21,36.62430,36.62430,36.62430,36.62430
2025-06-23,36.62430,36.62430,36.62430,36.62430
2025-06-24,36.62430,36.62430,36.62430,36.62430
2025-06-25,36.62430,36.62430,36.62430,36.62430
2025-06-26,36.62430,36.62430,36.62430,36.62430
2025-06-27,36.62430,36.62430,36.62430,36.62430
2025-06-28,36.62430,36.62430,36.62430,36.62430
2025-06-30,36.62430,36.62430,36.62430,36.62430
2025-07-01,36.62430,36.62430,36.62430,36.62430
2025-07-02,36.62430,36.62430,36.62430,36.62430
2025-07-03,36.62430,36.62430,36.62430,36.62430
2025-07-04,36.62430,36.62430,36.62430,36.62430
2025-07-05,36.62430,36.62430,36.62430,36.62430
2025-07-07,36.62430,36.62430,36.62430,36.62430
2025-07-08,36.62430,36.62430,36.62430,36.62430
2025-07-09,36.62430,36.62430,36.62430,36.62430
2025-07-10,36.62430,36.62430,36.62430,36.62430
2025-07-11,36.62430,36.62430,36.62430,36.62430
2025-07-12,36.62430,36.62430,36.62430,36.62430
2025-07-14,36.62430,36.62430,36.62430,36.62430
2025-07-15,36.62430,36.62430,36.62430,36.62430
2025-07-16,36.62430,36.62430,36.62430,36.62430
2025-07-17,36.62430,36.62430,36.62430,36.62430
2025-07-18,36.62430,36.62430,36.62430,36.62430
2025-07-19,36.62430,36.62430,36.62430,36.62430
2025-07-21,36.62430,36.62430,36.62430,36.62430
2025-07-22,36.62430,36.62430,36.62430,36.62430
2025-07-23,36.62430,36.62430,36.62430,36.62430
2025-07-24,36.62430,36.62430,36.62430,36.62430
2025-07-25,36.62430,36.62430,36.62430,36.62430
2025-07-26,36.62430,36.62430,36.62430,36.62430
2025-07-28,36.62430,36.62430,36.62430,36.62430
2025-07-29,36.62430,36.62430,36.62430,36.62430
2025-07-30,36.62430,36.62430,36.62430,36.62430
2025-07-31,36.62430,36.62430,36.62430,36.62430
2025-08-01,36.62430,36.62430,36.62430,36.62430
2025-08-02,36.62430,36.62430,36.62430,36.62430
2025-08-04,36.62430,36.62430,36.62430,36.62430
2025-08-05,36.62430,36.62430,36.62430,36.62430
2025-08-06,36.62430,36.62430,36.62430,36.62430
2025-08-07,36.62430,36.62430,36.62430,36.62430
2025-08-08,36.62430,36.62430,36.62430,36.62430
2025-08-09,36.62430,36.62430,36.62430,36.62430
2025-08-11,36.62430,36.62430,36.62430,36.62430
2025-08-12,36.62430,36.62430,36.62430,36.62430
2025-08-13,36.62430,36.62430,36.62430,36.62430
2025-08-14,36.62430,36.62430,36.62430,36.62430
2025-08-15,36.62430,36.62430,36.62430,36.62430
2025-08-16,36.62430,36.62430,36.62430,36.62430
2025-08-18,36.62430,36.62430,36.62430,36.62430
2025-08-19,36.62430,36.62430,36.62430,36.62430
2025-08-20,36.62430,36.62430,36.62430,36.62430
2025-08-21,36.62430,36.62430,36.62430,36.62430
2025-08-22,36.62430,36.62430,36.62430,36.62430
2025-08-23,36.62430,36.62430,36.62430,36.62430
2025-08-25,36.62430,36.62430,36.62430,36.62430
2025-08-26,36.62430,36.62430,36.62430,36.62430
2025-08-27,36.62430,36.62430,36.62430,36.62430
2025-08-28,36.62430,36.62430,36.62430,36.62430
2025-08-29,36.62430,36.62430,36.62430,36.62430
2025-08-30,36.62430,36.62430,36.62430,36.62430
2025-09-01,36.62430,36.62430,36.62430,36.62430
2025-09-02,36.62430,36.62430,36.62430,36.62430
2025-09-03,36.62430,36.62430,36.62430,36.62430
2025-09-04,36.62430,36.62430,36.62430,36.62430
2025-09-05,36.62430,36.62430,36.62430,36.62430
2025-09-06,36.62430,36.62430,36.62430,36.62430
2025-09-08,36.62430,36.62430,36.62430,36.62430
2025-09-09,36.62430,36.62430,36.62430,36.62430
2025-09-10,36.62430,36.62430,36.62430,36.62430
2025-09-11,36.62430,36.62430,36.62430,36.62430
2025-09-12,36.62430,36.62430,36.62430,36.62430
2025-09-13,36.62430,36.62430,36.62430,36.62430
2025-09-15,36.62430,36.62430,36.62430,36.62430
2025-09-16,36.62430,36.62430,36.62430,36.62430
2025-09-17,36.62430,36.62430,36.62430,36.62430
2025-09-18,36.62430,36.62430,36.62430,36.62430
2025-09-19,36.62430,36.62430,36.62430,36.62430
2025-09-20,36.62430,36.62430,36.62430,36.62430
2025-09-22,36.62430,36.62430,36.62430,36.62430
2025-09-23,36.62430,36.62430,36.62430,36.62430
2025-09-24,36.62430,36.62430,36.62430,36.62430
2025-09-25,36.62430,36.62430,36.62430,36.62430
2025-09-26,36.62430,36.62430,36.62430,36.62430
2025-09-27,36.62430,36.62430,36.62430,36.62430
2025-09-29,36.62430,36.62430,36.62430,36.62430
2025-09-30,36.62430,36.62430,36.62430,36.62430
2025-10-01,36.62430,36.62430,36.62430,36.62430
2025-10-02,36.62430,36.62430,36.62430,36.62430
2025-10-03,36.62430,36.62430,36.62430,36.62430
2025-10-04,36.62430,36.62430,36.62430,36.62430
2025-10-06,36.62430,36.62430,36.62430,36.62430
2025-10-07,36.62430,36.62430,36.62430,36.62430
2025-10-08,36.62430,36.62430,36.62430,36.62430
2025-10-09,36.62430,36.62430,36.62430,36.62430
2025-10-10,36.62430,36.62430,36.62430,36.62430
2025-10-11,36.62430,36.62430,36.62430,36.62430
2025-10-13,36.62430,36.62430,36.62430,36.62430
2025-10-14,36.62430,36.62430,36.62430,36.62430
2025-10-15,36.62430,36.62430,36.62430,36.62430
2025-10-16,36.62430,36.62430,36.62430,36.62430
2025-10-17,36.62430,36.62430,36.62430,36.62430
2025-10-18,36.62430,36.62430,36.62430,36.62430
2025-10-20,36.62430,36.62430,36.62430,36.62430
2025-10-21,36.62430,36.62430,36.62430,36.62430
2025-10-22,36.62430,36.62430,36.62430,36.62430
2025-10-23,36.62430,36.62430,36.62430,36.62430
2025-10-24,36.62430,36.62430,36.62430,36.62430
2025-10-25,36.62430,36.62430,36.62430,36.62430
2025-10-27,36.62430,36.62430,36.62430,36.62430
2025-10-28,36.62430,36.62430,36.62430,36.62430
2025-10-29,36.62430,36.62430,36.62430,36.62430
2025-10-30,36.62430,36.62430,36.62430,36.62430
2025-10-31,36.62430,36.62430,36.62430,36.62430
2025-11-01,36.62430,36.62430,36.62430,36.62430
2025-11-03,36.62430,36.62430,36.62430,36.62430
2025-11-04,36.62430,36.62430,36.62430,36.62430
2025-11-05,36.62430,36.62430,36.62430,36.62430
2025-11-06,36.62430,36.62430,36.62430,36.62430
2025-11-07,36.62430,36.62430,36.62430,36.62430
2025-11-08,36.62430,36.62430,36.62430,36.62430
2025-11-10,36.62430,36.62430,36.62430,36.62430
2025-11-11,36.62430,36.62430,36.62430,36.62430
2025-11-12,36.62430,36.62430,36.62430,36.62430
2025-11-13,36.62430,36.62430,36.62430,36.62430
2025-11-14,36.62430,36.62430,36.62430,36.62430
2025-11-15,36.62430,36.62430,36.62430,36.62430
2025-11-17,36.62430,36.62430,36.62430,36.62430
2025-11-18,36.62430,36.62430,36.62430,36.62430
2025-11-19,36.62430,36.62430,36.62430,36.62430
2025-11-20,36.62430,36.62430,36.62430,36.62430
2025-11-21,36.62430,36.62430,36.62430,36.62430
2025-11-22,36.62430,36.62430,36.62430,36.62430
2025-11-24,36.62430,36.8728,36.62430,36.80007
2025-11-25,36.8004,36.85263,36.71385,36.78619
2025-11-26,36.7872,36.83101,36.69305,36.7645
2025-11-27,36.76788,36.85184,36.68843,36.78276
2025-11-28,36.78033,36.83248,36.71434,36.77471
2025-11-29,36.77615,36.80487,36.7178,36.77861
2025-12-01,36.78046,36.84063,36.67639,36.77876
2025-12-02,36.77949,36.88652,36.71895,36.79495
2025-12-03,36.79487,36.84214,36.70477,36.79064
2025-12-04,36.79054,36.84482,36.62430,36.77318
2025-12-05,36.77282,36.8515,36.71578,36.7707
2025-12-06,36.76872,36.79544,36.72106,36.77781
2025-12-08,36.78722,36.85471,36.71386,36.79886
2025-12-09,36.79859,36.89107,36.72225,36.77995
2025-12-10,36.77798,36.85823,36.71982,36.80043
2025-12-11,36.79846,36.81965,36.64379,36.75878
2025-12-12,36.75767,36.85893,36.69162,36.78094
2025-12-13,36.7793,36.80745,36.7063,36.7744
2025-12-15,36.77732,36.83982,36.69657,36.80028
2025-12-16,36.79917,36.87134,36.71165,36.82129
2025-12-17,36.82034,36.93223,36.70404,36.82089
2025-12-18,36.82036,36.8749,36.69565,36.82541
2025-12-19,36.82478,36.88901,36.72297,36.80181
2025-12-20,36.80167,36.87782,36.73818,36.83041
2025-12-22,36.79868,36.90284,36.71053,36.82909
2025-12-23,36.8295,36.86914,36.71241,36.78422
2025-12-24,36.78542,36.84594,36.67407,36.80158
2025-12-25,36.80076,36.82213,36.75188,36.80134
2025-12-26,36.80049,36.8557,36.72363,36.80345
2025-12-27,36.80267,36.82548,36.73437,36.80423
2025-12-29,36.81,36.89617,36.66965,36.75241
2025-12-30,36.74747,36.84084,36.65869,36.77383
2025-12-31,36.77358,36.84867,36.69528,36.79403
2026-01-01,36.80993,36.86917,36.74734,36.80542
2026-01-02,36.80376,36.87277,36.69147,36.76745
2026-01-03,36.76431,36.90545,36.71038,36.80118
2026-01-05,36.75945,36.87098,36.689,36.792
2026-01-06,36.79335,36.85232,36.67993,36.76766
2026-01-07,36.7672,36.89218,36.70645,36.77069
2026-01-08,36.76688,36.84363,36.71396,36.80131
2026-01-09,36.80302,36.88066,36.70704,36.7828
2026-01-10,36.78263,36.84017,36.66472,36.73692
2026-01-11,36.73636,36.95966,36.65015,36.79855
2026-01-12,36.798,36.88599,36.71042,36.79639
2026-01-13,36.7989,36.85705,36.72424,36.80462
2026-01-14,36.80356,36.8575,36.69809,36.80208
2026-01-15,36.80419,36.84585,36.71333,36.78141
2026-01-16,36.78152,36.8634,36.71812,36.75549
2026-01-17,36.75725,36.84329,36.67674,36.75524
2026-01-18,36.75497,36.8299,36.67055,36.81605
2026-01-19,36.81582,36.91323,36.69204,36.81532
2026-01-20,36.81291,36.85508,36.71978,36.75761
2026-01-21,36.75763,36.84764,36.69529,36.7639
2026-01-22,36.7633,36.90184,36.70869,36.79622
2026-01-23,36.79752,36.84835,36.68336,36.78146
2026-01-24,36.78148,36.8403,36.68511,36.79089
2026-01-25,36.7909,36.83413,36.57341,36.57415
2026-01-26,36.57439,36.88557,36.48614,36.69787
2026-01-27,36.69665,36.83255,36.55054,36.75067
2026-01-28,36.75056,36.85526,36.58745,36.76077
2026-01-29,36.76075,36.91654,36.68097,36.80054
2026-01-30,36.80072,36.89991,36.58106,36.78612
2026-01-31,36.78618,36.80879,36.69883,36.70372
2026-02-01,36.70396,36.96235,36.64331,36.8592
2026-02-02,36.85586,36.98825,36.67225,36.74192
2026-02-03,36.74016,36.95217,36.68603,36.79226
2026-02-04,36.79264,36.88659,36.67963,36.79076
2026-02-05,36.79059,36.85804,36.71585,36.80357
2026-02-06,36.80407,36.85846,36.67876,36.80123
2026-02-07,36.80115,36.83994,36.67618,36.75749
2026-02-08,36.75776,36.75936,36.73057,36.73187
2026-02-09,36.62430,36.77615,36.62430,36.74239
2026-02-10,36.74144,36.82312,36.67125,36.76592
2026-02-11,36.7651,36.87727,36.70031,36.76366
2026-02-12,36.76315,36.88148,36.69632,36.75514
2026-02-13,36.75437,36.85899,36.67577,36.76129
2026-02-14,36.75907,36.83141,36.67831,36.72966
2026-02-15,36.72979,36.80866,36.67266,36.77959
2026-02-16,36.78209,36.9459,36.71905,36.8035
2026-02-17,36.80363,36.88501,36.70305,36.78813
2026-02-18,36.78442,36.87511,36.67706,36.76467
2026-02-19,36.76392,36.91453,36.70268,36.75557
2026-02-20,36.75469,36.88433,36.69599,36.75877
2026-02-21,36.75821,36.88047,36.68243,36.7322
2026-02-22,36.73207,36.83166,36.69153,36.76809
2026-02-23,36.76938,36.88841,36.60866,36.75742
2026-02-24,36.75487,36.84946,36.67638,36.76084
2026-02-25,36.76003,36.8624,36.69636,36.76291
2026-02-26,36.75923,36.84495,36.631,36.76473
2026-02-27,36.76395,36.85008,36.6947,36.7619
2026-02-28,36.76136,36.88903,36.67308,36.76528
2026-03-01,36.76486,36.81239,36.66936,36.78659
2026-03-02,36.78662,36.85355,36.67568,36.78967
2026-03-03,36.78929,36.93772,36.70759,36.76357
2026-03-04,36.76297,36.84821,36.689,36.76464
2026-03-05,36.76401,36.87675,36.68899,36.79871
2026-03-06,36.79811,36.85618,36.71208,36.79953
2026-03-07,36.79884,36.84145,36.6443,36.64705
2026-03-08,36.64633,36.81279,36.62254,36.72966
2026-03-09,36.72656,36.87149,36.62602,36.76468
2026-03-10,36.76409,36.85406,36.6457,36.8016
2026-03-11,36.8014,36.86526,36.69291,36.76204
2026-03-12,36.76151,36.90421,36.69679,36.78801
2026-03-13,36.78517,36.92202,36.67606,36.76447
2026-03-14,36.76588,36.81284,36.66834,36.70353
2026-03-15,36.70271,36.80629,36.65705,36.79216
2026-03-16,36.79088,36.86194,36.7003,36.74971
2026-03-17,36.74922,36.80872,36.69616,36.74936
2026-03-18,36.75201,36.85748,36.69146,36.76461
2026-03-19,36.76457,37.01277,36.64331,36.76124
2026-03-20,36.75871,36.90249,36.62963,36.77093
2026-03-21,36.77172,36.83688,36.70848,36.75458
2026-03-22,36.7538,36.81416,36.65035,36.77385
2026-03-23,36.76994,36.88785,36.68537,36.76333
2026-03-24,36.76314,36.85944,36.64824,36.76003
2026-03-25,36.75833,36.85736,36.69408,36.73731
2026-03-26,36.73256,36.92866,36.68867,36.76089
2026-03-27,36.75761,36.85901,36.68988,36.76111
2026-03-28,36.75975,36.80966,36.65107,36.6521
2026-03-29,36.65157,36.81075,36.62609,36.77214
2026-03-30,36.77326,36.88422,36.66991,36.83582
2026-03-31,36.83363,36.9039,36.69975,36.80623
2026-04-01,36.81053,36.8543,36.68862,36.79847
2026-04-02,36.80265,36.87706,36.6802,36.76786
2026-04-03,36.76461,36.84408,36.6869,36.75958
2026-04-04,36.75896,36.83314,36.64582,36.65265
2026-04-05,36.65256,36.86602,36.62257,36.79109
2026-04-06,36.79053,36.84964,36.67748,36.76399
2026-04-07,36.76409,36.85431,36.68232,36.76748
2026-04-08,36.76765,36.84888,36.54553,36.7532
2026-04-09,36.7531,36.84679,36.69012,36.76539
2026-04-10,36.76534,36.86603,36.69145,36.76222
2026-04-11,36.76252,36.82226,36.68381,36.74004
2026-04-12,36.74017,36.81925,36.64128,36.74203
2026-04-13,36.74355,36.86419,36.70152,36.7473
2026-04-14,36.74817,36.83731,36.67473,36.76894
2026-04-15,36.76766,36.8685,36.70844,36.76608
2026-04-16,36.7633,36.86301,36.67818,36.76902
2026-04-17,36.76724,36.85347,36.70947,36.76357
2026-04-18,36.76181,36.81514,36.66691,36.7099
2026-04-19,36.71017,36.91724,36.66779,36.87077
2026-04-20,36.86881,36.93857,36.70566,36.76932
2026-04-21,36.76892,36.87559,36.68949,36.76364
2026-04-22,36.76327,36.87305,36.69692,36.76513
2026-04-23,36.76169,36.91038,36.68205,36.76529
2026-04-24,36.7645,36.87499,36.68631,36.79355
2026-04-25,36.79015,36.82101,36.65402,36.66377
2026-04-26,36.66399,36.81695,36.66199,36.79149
2026-04-27,36.79267,36.87476,36.691,36.82635
2026-04-28,36.82345,36.93893,36.66921,36.76405
2026-04-29,36.76333,36.83471,36.67995,36.76005
2026-04-30,36.75726,36.85458,36.6786,36.76007
2026-05-01,36.76463,36.85206,36.67121,36.74433
2026-05-02,36.76201,36.86656,36.66177,36.76955
2026-05-03,36.76961,36.83165,36.64463,36.7761
2026-05-04,36.78133,36.87974,36.68793,36.79756
2026-05-05,36.8154,36.88145,36.70915,36.78241
2026-05-06,36.79144,36.85487,36.69678,36.77113
2026-05-07,36.76809,36.92918,36.66706,36.74797
2026-05-08,36.75121,36.97269,36.67117,36.75706
2026-05-09,36.7615,36.86536,36.63362,36.63415
2026-05-10,36.63417,36.85655,36.62228,36.76996
2026-05-11,36.76562,36.8382,36.69126,36.75495
2026-05-12,36.75606,36.88602,36.70325,36.74638
2026-05-13,36.75034,36.89773,36.70498,36.74901
2026-05-14,36.7521,36.85295,36.69194,36.7474
2026-05-15,36.7482,36.89978,36.70916,36.75803
2026-05-16,36.75794,36.84774,36.66862,36.68043
2026-05-17,36.68018,36.86312,36.60322,36.82482
2026-05-18,36.8238,36.93597,36.68719,36.73438
2026-05-19,36.73976,36.85079,36.68457,36.80737
2026-05-20,36.80306,36.88294,36.70726,36.80344
2026-05-21,36.79413,36.88137,36.69292,36.764
2026-05-22,36.7619,36.84339,36.6988,36.80666
2026-05-23,36.80611,36.85775,36.64223,36.64512
2026-05-24,36.64456,36.83607,36.61204,36.80727
2026-05-25,36.79325,36.86422,36.64349,36.78528
2026-05-26,36.78527,36.84721,36.63897,36.7114
2026-05-27,36.70328,36.83594,36.59928,36.79868
2026-05-28,36.79771,36.87808,36.59426,36.79816
2026-05-29,36.79748,36.85899,36.65077,36.8004
2026-05-30,36.78621,36.81913,36.69743,36.70773
2026-05-31,36.70698,36.8374,36.61568,36.79796
2026-06-01,36.79465,36.877,36.67648,36.80166
2026-06-02,36.80084,36.86641,36.64758,36.69888
2026-06-03,36.69923,36.85407,36.63003,36.77388
2026-06-04,36.76414,36.85998,36.67552,36.78577
2026-06-05,36.78594,36.88771,36.66383,36.70922
2026-06-06,36.70993,36.89054,36.58204,36.65766
2026-06-07,36.65684,36.86227,36.59614,36.73514
2026-06-08,36.72876,36.85109,36.64423,36.73463
2026-06-09,36.73173,36.84478,36.61881,36.7425
2026-06-10,36.74285,36.86487,36.64706,36.75962
2026-06-11,36.77898,36.8434,36.62366,36.76588
2026-06-12,36.76056,36.84117,36.63822,36.71582
2026-06-13,36.71159,36.84265,36.56637,36.74256
2026-06-14,36.74183,36.86625,36.62218,36.79956
2026-06-15,36.79886,36.86589,36.72265,36.80266
2026-06-16,36.80182,36.86489,36.69825,36.80778
2026-06-17,36.80729,36.84926,36.669,36.80573
2026-06-18,36.80644,36.85731,36.71691,36.80743
2026-06-19,36.80653,36.8551,36.62349,36.80156
2026-06-20,36.80158,36.85435,36.67461,36.68174
2026-06-21,36.68125,36.83867,36.54967,36.79718
2026-06-22,36.79561,36.85095,36.71751,36.80346
2026-06-23,36.80282,36.89044,36.66968,36.80731
2026-06-24,36.81223,36.88559,36.66428,36.7829
2026-06-25,36.75867,36.88437,36.67129,36.78824
