datetime,open,high,low,close
1988-02-18,2.079900,2.082500,2.072600,2.079900
1988-02-19,2.086000,2.094700,2.077300,2.086000
1988-02-22,2.075200,2.089900,2.075200,2.075200
1988-02-23,2.084300,2.084300,2.072200,2.084300
1988-02-24,2.086000,2.090400,2.076000,2.086000
1988-02-25,2.088200,2.10440,2.088200,2.088200
1988-02-26,2.086400,2.089900,2.085100,2.086400
1988-02-29,2.093400,2.099100,2.088200,2.093400
1988-03-01,2.10660,2.11110,2.090800,2.10660
1988-03-02,2.12640,2.12640,2.10350,2.12640
1988-03-03,2.13860,2.14460,2.12050,2.13860
1988-03-04,2.14550,2.15990,2.13040,2.14550
1988-03-07,2.14870,2.15620,2.14280,2.14870
1988-03-09,2.13950,2.15430,2.13270,2.13950
1988-03-10,2.11960,2.14780,2.11650,2.11960
1988-03-11,2.11020,2.11960,2.100000,2.11020
1988-03-14,2.11650,2.11730,2.11200,2.11650
1988-03-15,2.13270,2.13450,2.12050,2.13270
1988-03-16,2.12730,2.14410,2.11560,2.12730
1988-03-17,2.14920,2.15570,2.12050,2.14920
1988-03-18,2.14280,2.15620,2.13040,2.14280
1988-03-21,2.14050,2.14600,2.13860,2.14050
1988-03-22,2.13500,2.14970,2.13040,2.13500
1988-03-23,2.14410,2.14970,2.13860,2.14410
1988-03-24,2.13360,2.13860,2.13270,2.13360
1988-03-25,2.13860,2.14280,2.13090,2.13860
1988-03-28,2.11960,2.13730,2.11960,2.11960
1988-03-29,2.11420,2.12950,2.11020,2.11420
1988-03-30,2.12730,2.13590,2.11730,2.12730
1988-03-31,2.11870,2.12910,2.11690,2.11870
1988-04-05,2.125,2.12540,2.12050,2.125
1988-04-07,2.14280,2.14920,2.14050,2.14280
1988-04-08,2.13630,2.14970,2.13450,2.13630
1988-04-11,2.14460,2.14970,2.13630,2.14460
1988-04-12,2.15110,2.15990,2.14510,2.15110
1988-04-13,2.15290,2.15750,2.14410,2.15290
1988-04-14,2.13630,2.15850,2.13040,2.13630
1988-04-15,2.13320,2.14000,2.12050,2.13320
1988-04-18,2.13220,2.13950,2.12050,2.13220
1988-04-19,2.14280,2.14280,2.13270,2.14280
1988-04-20,2.13450,2.14970,2.13040,2.13450
1988-04-21,2.14280,2.14600,2.13360,2.14280
1988-04-22,2.14640,2.14870,2.14000,2.14640
1988-04-25,2.14970,2.15940,2.14600,2.14970
1988-04-26,2.15060,2.15060,2.14640,2.15060
1988-04-27,2.15290,2.15430,2.14180,2.15290
1988-04-28,2.14970,2.15990,2.14640,2.14970
1988-04-29,2.15290,2.15430,2.14780,2.15290
1988-05-02,2.16360,2.17020,2.14970,2.16360
1988-05-03,2.17440,2.18010,2.16170,2.17440
1988-05-04,2.20030,2.21000,2.17490,2.20030
1988-05-05,2.21490,2.22920,2.20030,2.21490
1988-05-06,2.21930,2.22080,2.21490,2.21930
1988-05-09,2.20030,2.22870,2.19590,2.20030
1988-05-10,2.19880,2.20560,2.19020,2.19880
1988-05-11,2.20030,2.20120,2.19020,2.20030
1988-05-12,2.19930,2.20120,2.19500,2.19930
1988-05-13,2.20030,2.20410,2.19590,2.20030
1988-05-17,2.20690,2.22620,2.20070,2.20690
1988-05-18,2.22160,2.22390,2.21540,2.22160
1988-05-19,2.21540,2.22890,2.20920,2.21540
1988-05-20,2.21890,2.22890,2.20920,2.21890
1988-05-23,2.21890,2.22890,2.20920,2.21890
1988-05-24,2.21650,2.21890,2.21420,2.21650
1988-05-25,2.22160,2.22890,2.21030,2.22160
1988-05-26,2.22510,2.22620,2.22390,2.22510
1988-05-27,2.22620,2.22890,2.22160,2.22620
1988-05-30,2.23980,2.24100,2.22160,2.23980
1988-05-31,2.23630,2.23860,2.23630,2.23630
1988-06-01,2.24600,2.24830,2.23980,2.24600
1988-06-02,2.25680,2.25920,2.24710,2.25680
1988-06-03,2.23010,2.25450,2.22780,2.23010
1988-06-06,2.23130,2.23360,2.22040,2.23130
1988-06-07,2.23240,2.23860,2.21890,2.23240
1988-06-08,2.23240,2.23860,2.22780,2.23240
1988-06-09,2.23980,2.24830,2.22890,2.23980
1988-06-10,2.23130,2.23750,2.22390,2.23130
1988-06-13,2.23980,2.24950,2.22890,2.23980
1988-06-14,2.25570,2.26190,2.23860,2.25570
1988-06-15,2.27660,2.28010,2.26190,2.27660
1988-06-16,2.27500,2.27890,2.27150,2.27500
1988-06-17,2.28510,2.28860,2.27500,2.28510
1988-06-20,2.27780,2.28740,2.26070,2.27780
1988-06-21,2.27890,2.28860,2.27390,2.27890
1988-06-22,2.28860,2.29830,2.28010,2.28860
1988-06-23,2.29940,2.30800,2.28360,2.29940
1988-06-24,2.30220,2.31420,2.28740,2.30220
1988-06-27,2.31420,2.33010,2.30800,2.31420
1988-06-28,2.29940,2.31420,2.28860,2.29940
1988-06-29,2.31920,2.32890,2.30330,2.31920
1988-06-30,2.32390,2.32770,2.29940,2.32390
1988-07-01,2.32270,2.32660,2.31300,2.32270
1988-07-04,2.32270,2.32660,2.31300,2.32270
1988-07-05,2.33390,2.33630,2.32660,2.33390
1988-07-06,2.33010,2.33390,2.31920,2.33010
1988-07-07,2.33390,2.34710,2.33120,2.33390
1988-07-08,2.34590,2.35830,2.33510,2.34590
1988-07-11,2.36300,2.36300,2.34480,2.36300
1988-07-12,2.37540,2.37770,2.35950,2.37540
1988-07-13,2.39360,2.39360,2.36920,2.39360
1988-07-14,2.40830,2.42770,2.38860,2.40830
1988-07-15,2.43390,2.44360,2.40950,2.43390
1988-07-18,2.46060,2.47920,2.44980,2.46060
1988-07-19,2.44130,2.45330,2.41920,2.44130
1988-07-20,2.41680,2.42190,2.39710,2.41680
1988-07-21,2.40440,2.42770,2.38860,2.40440
1988-07-22,2.39590,2.40210,2.37540,2.39590
1988-07-25,2.40830,2.41920,2.39980,2.40830
1988-07-26,2.43390,2.43890,2.42190,2.43390
1988-07-27,2.42420,2.45090,2.42190,2.42420
1988-07-28,2.43740,2.44010,2.42030,2.43740
1988-07-29,2.43890,2.45830,2.43890,2.43890
1988-08-01,2.44980,2.46800,2.44980,2.44980
1988-08-02,2.44980,2.45950,2.43040,2.44980
1988-08-03,2.45950,2.46910,2.44860,2.45950
1988-08-04,2.45950,2.46910,2.45090,2.45950
1988-08-05,2.46450,2.46910,2.45480,2.46450
1988-08-08,2.49630,2.49630,2.48150,2.49630
1988-08-09,2.50090,2.50210,2.47920,2.50090
1988-08-10,2.48150,2.51560,2.47920,2.48150
1988-08-11,2.45830,2.47770,2.44980,2.45830
1988-08-12,2.42770,2.43620,2.41920,2.42770
1988-08-15,2.42420,2.43890,2.41570,2.42420
1988-08-16,2.40440,2.42880,2.39130,2.40440
1988-08-17,2.44980,2.45090,2.43270,2.44980
1988-08-18,2.45480,2.46910,2.44980,2.45480
1988-08-19,2.45330,2.45830,2.44470,2.45330
1988-08-22,2.47300,2.47650,2.47180,2.47300
1988-08-23,2.46180,2.48040,2.45090,2.46180
1988-08-24,2.44360,2.45950,2.44010,2.44360
1988-08-25,2.41570,2.42540,2.40210,2.41570
1988-08-26,2.41570,2.41920,2.39980,2.41570
1988-08-29,2.43040,2.43040,2.41680,2.43040
1988-08-30,2.43160,2.43510,2.42770,2.43160
1988-08-31,2.44860,2.44860,2.42880,2.44860
1988-09-01,2.44860,2.45830,2.43890,2.44860
1988-09-02,2.43160,2.44980,2.42880,2.43160
1988-09-05,2.42030,2.42420,2.40950,2.42030
1988-09-06,2.41300,2.43160,2.41060,2.41300
1988-09-07,2.40090,2.41300,2.39860,2.40090
1988-09-08,2.41060,2.42190,2.40600,2.41060
1988-09-09,2.40720,2.41920,2.40210,2.40720
1988-09-12,2.42300,2.42540,2.41920,2.42300
1988-09-13,2.42540,2.42540,2.42030,2.42540
1988-09-14,2.45330,2.46180,2.41920,2.45330
1988-09-15,2.45480,2.46450,2.45210,2.45480
1988-09-16,2.45800,2.46860,2.44900,2.45800
1988-09-19,2.46800,2.47020,2.45330,2.46800
1988-09-20,2.46920,2.47860,2.45430,2.46920
1988-09-21,2.47390,2.48290,2.45920,2.47390
1988-09-22,2.47860,2.48860,2.46920,2.47860
1988-09-23,2.48080,2.48890,2.46920,2.48080
1988-09-26,2.48670,2.49890,2.47950,2.48670
1988-09-27,2.48570,2.49890,2.48200,2.48570
1988-09-28,2.47760,2.48790,2.46920,2.47760
1988-09-29,2.48390,2.48890,2.47020,2.48390
1988-09-30,2.49540,2.49890,2.47950,2.49540
1988-10-03,2.49110,2.49850,2.48450,2.49110
1988-10-04,2.48980,2.49850,2.48570,2.48980
1988-10-05,2.49600,2.50660,2.48390,2.49600
1988-10-06,2.48670,2.49890,2.47950,2.48670
1988-10-07,2.48760,2.49760,2.48570,2.48760
1988-10-10,2.48200,2.48510,2.48200,2.48200
1988-10-11,2.47700,2.48760,2.47610,2.47700
1988-10-12,2.46920,2.47760,2.46920,2.46920
1988-10-13,2.43120,2.46920,2.42930,2.43120
1988-10-14,2.44680,2.45110,2.43900,2.44680
1988-10-17,2.44090,2.44900,2.42930,2.44090
1988-10-18,2.43900,2.45890,2.43900,2.43900
1988-10-19,2.44210,2.44900,2.43620,2.44210
1988-10-20,2.43900,2.44300,2.43680,2.43900
1988-10-21,2.42930,2.44740,2.42930,2.42930
1988-10-24,2.44210,2.44580,2.43900,2.44210
1988-10-25,2.46020,2.46490,2.45330,2.46020
1988-10-26,2.45580,2.47800,2.45330,2.45580
1988-10-27,2.46360,2.46490,2.45430,2.46360
1988-10-28,2.47480,2.47950,2.47480,2.47480
1988-10-31,2.48760,2.49890,2.44900,2.48760
1988-11-01,2.50570,2.51070,2.49850,2.50570
1988-11-02,2.50450,2.50760,2.48980,2.50450
1988-11-03,2.45920,2.49040,2.43680,2.45920
1988-11-04,2.47170,2.47270,2.44120,2.47170
1988-11-07,2.45110,2.47700,2.43840,2.45110
1988-11-08,2.45330,2.45330,2.43210,2.45330
1988-11-09,2.42710,2.44900,2.42710,2.42710
1988-11-10,2.39660,2.42710,2.38440,2.39660
1988-11-11,2.39250,2.39660,2.36880,2.39250
1988-11-14,2.40160,2.40900,2.38220,2.40160
1988-11-15,2.39320,2.40470,2.38820,2.39320
1988-11-16,2.39250,2.39720,2.38040,2.39250
1988-11-17,2.37350,2.38750,2.33950,2.37350
1988-11-18,2.37440,2.38350,2.36290,2.37440
1988-11-21,2.37540,2.38820,2.36630,2.37540
1988-11-22,2.35890,2.37790,2.35890,2.35890
1988-11-23,2.34950,2.36630,2.34390,2.34950
1988-11-24,2.33450,2.35200,2.32950,2.33450
1988-11-25,2.31930,2.33860,2.31800,2.31930
1988-11-28,2.32270,2.33670,2.31580,2.32270
1988-11-29,2.30930,2.32800,2.30930,2.30930
1988-11-30,2.29800,2.31890,2.29180,2.29800
1988-12-01,2.28030,2.28750,2.27220,2.28030
1988-12-02,2.27030,2.28750,2.26940,2.27030
1988-12-05,2.26030,2.26720,2.25530,2.26030
1988-12-06,2.27430,2.27430,2.25940,2.27430
1988-12-07,2.34390,2.35350,2.29900,2.34390
1988-12-08,2.34480,2.35850,2.33860,2.34480
1988-12-09,2.33520,2.35200,2.32890,2.33520
1988-12-12,2.34950,2.35630,2.33950,2.34950
1988-12-13,2.36700,2.36700,2.34950,2.36700
1988-12-14,2.35200,2.37440,2.34950,2.35200
1988-12-15,2.35890,2.35890,2.34790,2.35890
1988-12-16,2.37630,2.37630,2.35200,2.37630
1988-12-19,2.36450,2.37760,2.35540,2.36450
1988-12-20,2.38040,2.38820,2.36980,2.38040
1988-12-21,2.36950,2.37880,2.35890,2.36950
1988-12-22,2.36630,2.36950,2.36380,2.36630
1988-12-23,2.36450,2.36700,2.36450,2.36450
1988-12-27,2.36480,2.36570,2.36170,2.36480
1988-12-28,2.37880,2.37940,2.37470,2.37880
1988-12-29,2.37440,2.37940,2.37260,2.37440
1988-12-30,2.37260,2.38220,2.36980,2.37260
1989-01-03,2.35700,2.36880,2.34980,2.35700
1989-01-04,2.37880,2.38820,2.36570,2.37880
1989-01-05,2.37070,2.37790,2.35630,2.37070
1989-01-06,2.38040,2.38750,2.36070,2.38040
1989-01-09,2.38220,2.39660,2.37720,2.38220
1989-01-10,2.37160,2.38880,2.36660,2.37160
1989-01-11,2.37380,2.38630,2.36480,2.37380
1989-01-12,2.37230,2.37790,2.35670,2.37230
1989-01-13,2.36980,2.39560,2.36980,2.36980
1989-01-16,2.39350,2.40840,2.38660,2.39350
1989-01-17,2.38660,2.39470,2.38570,2.38660
1989-01-18,2.38820,2.40120,2.38820,2.38820
1989-01-19,2.40420,2.41630,2.40010,2.40420
1989-01-20,2.37390,2.38800,2.36930,2.37390
1989-01-23,2.38090,2.39760,2.37840,2.38090
1989-01-24,2.37840,2.38190,2.36120,2.37840
1989-01-25,2.39250,2.39250,2.37590,2.39250
1989-01-26,2.39000,2.39360,2.38140,2.39000
1989-01-27,2.40060,2.40060,2.39200,2.40060
1989-01-30,2.40620,2.41120,2.39510,2.40620
1989-01-31,2.40210,2.40620,2.39100,2.40210
1989-02-01,2.40870,2.41370,2.40060,2.40870
1989-02-02,2.41880,2.42840,2.39860,2.41880
1989-02-03,2.43440,2.43700,2.41680,2.43440
1989-02-06,2.43190,2.44350,2.42640,2.43190
1989-02-07,2.42890,2.43900,2.42890,2.42890
1989-02-08,2.43650,2.44810,2.42890,2.43650
1989-02-09,2.43240,2.44810,2.42940,2.43240
1989-02-10,2.44100,2.44100,2.40920,2.44100
1989-02-13,2.45060,2.45870,2.44860,2.45060
1989-02-14,2.46120,2.46930,2.44100,2.46120
1989-02-15,2.45060,2.47130,2.44500,2.45060
1989-02-16,2.47480,2.48640,2.45870,2.47480
1989-02-17,2.48040,2.49800,2.47080,2.48040
1989-02-20,2.48390,2.48800,2.48390,2.48390
1989-02-21,2.48640,2.49500,2.47890,2.48640
1989-02-22,2.48800,2.49300,2.48140,2.48800
1989-02-23,2.48390,2.49150,2.48190,2.48390
1989-02-24,2.48390,2.49250,2.47630,2.48390
1989-02-27,2.48190,2.48800,2.46880,2.48190
1989-02-28,2.47990,2.49960,2.47890,2.47990
1989-03-01,2.48800,2.49450,2.48040,2.48800
1989-03-02,2.49650,2.49700,2.49000,2.49650
1989-03-03,2.49960,2.50710,2.48800,2.49960
1989-03-06,2.50560,2.50710,2.49550,2.50560
1989-03-07,2.52480,2.52780,2.51020,2.52480
1989-03-08,2.52130,2.52230,2.51820,2.52130
1989-03-09,2.52780,2.53840,2.51820,2.52780
1989-03-10,2.53140,2.53840,2.51820,2.53140
1989-03-13,2.54040,2.54850,2.53440,2.54040
1989-03-14,2.53440,2.54500,2.53440,2.53440
1989-03-15,2.54200,2.54200,2.52930,2.54200
1989-03-16,2.54450,2.55860,2.53640,2.54450
1989-03-17,2.55260,2.55860,2.53890,2.55260
1989-03-20,2.54800,2.55210,2.54700,2.54800
1989-03-21,2.54300,2.55860,2.53890,2.54300
1989-03-22,2.55000,2.55860,2.53890,2.55000
1989-03-23,2.53940,2.55100,2.53890,2.53940
1989-03-24,2.54040,2.54040,2.54040,2.54040
1989-03-27,2.54040,2.54040,2.54040,2.54040
1989-03-28,2.54600,2.55760,2.52980,2.54600
1989-03-29,2.55960,2.56620,2.54550,2.55960
1989-03-30,2.55560,2.56870,2.54800,2.55560
1989-03-31,2.55760,2.56870,2.54800,2.55760
1989-04-03,2.55860,2.56110,2.55360,2.55860
1989-04-04,2.54350,2.55760,2.54350,2.54350
1989-04-05,2.54200,2.55050,2.53890,2.54200
1989-04-06,2.54600,2.54600,2.54600,2.54600
1989-04-07,2.54500,2.55510,2.53290,2.54500
1989-04-10,2.55310,2.55710,2.55210,2.55310
1989-04-11,2.55460,2.55860,2.54850,2.55460
1989-04-12,2.54850,2.55710,2.54850,2.54850
1989-04-13,2.54350,2.54850,2.54100,2.54350
1989-04-14,2.54600,2.55860,2.53940,2.54600
1989-04-17,2.53190,2.53690,2.52480,2.53190
1989-04-18,2.52980,2.53640,2.52930,2.52980
1989-04-19,2.53190,2.53440,2.53080,2.53190
1989-04-20,2.53080,2.53940,2.53080,2.53080
1989-04-21,2.52780,2.53840,2.51920,2.52780
1989-04-24,2.53440,2.53440,2.53080,2.53440
1989-04-25,2.54100,2.54100,2.52930,2.54100
1989-04-26,2.55210,2.56110,2.53690,2.55210
1989-04-27,2.55050,2.55510,2.54800,2.55050
1989-04-28,2.55760,2.56260,2.54850,2.55760
1989-05-01,2.55860,2.55860,2.55860,2.55860
1989-05-02,2.56870,2.57830,2.55860,2.56870
1989-05-03,2.57530,2.57830,2.57330,2.57530
1989-05-04,2.57530,2.57580,2.57170,2.57530
1989-05-05,2.58230,2.58330,2.56920,2.58230
1989-05-08,2.58540,2.58540,2.57880,2.58540
1989-05-09,2.61820,2.62830,2.59600,2.61820
1989-05-10,2.60100,2.61670,2.59950,2.60100
1989-05-11,2.60910,2.61820,2.60100,2.60910
1989-05-12,2.60660,2.61720,2.59440,2.60660
1989-05-15,2.65760,2.67620,2.62980,2.65760
1989-05-16,2.66010,2.66510,2.65700,2.66010
1989-05-17,2.68930,2.69440,2.66920,2.68930
1989-05-18,2.70100,2.71460,2.68990,2.70100
1989-05-19,2.70750,2.70950,2.69690,2.70750
1989-05-22,2.77470,2.78780,2.74690,2.77470
1989-05-23,2.76660,2.78270,2.75950,2.76660
1989-05-24,2.78980,2.79940,2.77960,2.78980
1989-05-25,2.77690,2.78910,2.76930,2.77690
1989-05-26,2.73270,2.75480,2.71980,2.73270
1989-05-29,2.78390,2.79640,2.78190,2.78390
1989-05-30,2.78750,2.79940,2.78190,2.78750
1989-05-31,2.74490,2.75980,2.74490,2.74490
1989-06-01,2.76770,2.77920,2.74560,2.76770
1989-06-02,2.72970,2.75940,2.72970,2.72970
1989-06-05,2.73990,2.74820,2.70000,2.73990
1989-06-06,2.76470,2.78880,2.76470,2.76470
1989-06-07,2.74490,2.76170,2.74490,2.74490
1989-06-08,2.76270,2.76440,2.75780,2.76270
1989-06-09,2.78520,2.79380,2.75250,2.78520
1989-06-12,2.82980,2.84690,2.81520,2.82980
1989-06-13,2.83470,2.84130,2.82980,2.83470
1989-06-14,2.84000,2.84830,2.83240,2.84000
1989-06-15,2.85190,2.87930,2.85190,2.85190
1989-06-16,2.79480,2.81690,2.78220,2.79480
1989-06-19,2.78980,2.80930,2.78980,2.78980
1989-06-20,2.77690,2.78980,2.77000,2.77690
1989-06-21,2.80070,2.81920,2.79840,2.80070
1989-06-22,2.74990,2.75840,2.74030,2.74990
1989-06-23,2.74490,2.77890,2.74290,2.74490
1989-06-26,2.77200,2.77960,2.76470,2.77200
1989-06-27,2.76740,2.77730,2.76170,2.76740
1989-06-28,2.78680,2.80630,2.78590,2.78680
1989-06-29,2.76270,2.78680,2.75780,2.76270
1989-06-30,2.77790,2.78750,2.77500,2.77790
1989-07-03,2.74720,2.76930,2.74590,2.74720
1989-07-04,2.73500,2.74290,2.72670,2.73500
1989-07-05,2.70590,2.72570,2.70590,2.70590
1989-07-06,2.69070,2.70500,2.68480,2.69070
1989-07-07,2.68250,2.70030,2.67090,2.68250
1989-07-10,2.65480,2.67950,2.64850,2.65480
1989-07-11,2.68280,2.68940,2.67620,2.68280
1989-07-12,2.67130,2.68980,2.67130,2.67130
1989-07-13,2.67490,2.68350,2.67000,2.67490
1989-07-14,2.69570,2.70300,2.67990,2.69570
1989-07-17,2.72080,2.72870,2.71090,2.72080
1989-07-18,2.68980,2.72640,2.68980,2.68980
1989-07-19,2.69830,2.70130,2.68740,2.69830
1989-07-20,2.71190,2.72740,2.70430,2.71190
1989-07-21,2.70500,2.71590,2.69670,2.70500
1989-07-24,2.70690,2.72050,2.70030,2.70690
1989-07-25,2.68480,2.69470,2.67990,2.68480
1989-07-26,2.67000,2.68280,2.66700,2.67000
1989-07-27,2.65210,2.66860,2.65180,2.65210
1989-07-28,2.66530,2.67920,2.64450,2.66530
1989-07-31,2.64550,2.65840,2.63990,2.64550
1989-08-01,2.64950,2.65940,2.62970,2.64950
1989-08-02,2.61680,2.62900,2.60850,2.61680
1989-08-03,2.64220,2.64910,2.62070,2.64220
1989-08-04,2.68090,2.68450,2.65970,2.68090
1989-08-07,2.69670,2.70590,2.69170,2.69670
1989-08-08,2.67420,2.69870,2.66860,2.67420
1989-08-09,2.68120,2.69110,2.67230,2.68120
1989-08-10,2.66960,2.67920,2.66500,2.66960
1989-08-11,2.73170,2.73170,2.69930,2.73170
1989-08-14,2.72970,2.74950,2.72740,2.72970
1989-08-15,2.73100,2.75050,2.73100,2.73100
1989-08-16,2.73270,2.74920,2.73270,2.73270
1989-08-17,2.76440,2.77890,2.73900,2.76440
1989-08-18,2.75580,2.76970,2.75580,2.75580
1989-08-21,2.75880,2.77960,2.75880,2.75880
1989-08-22,2.74030,2.76900,2.74030,2.74030
1989-08-23,2.75050,2.75880,2.73010,2.75050
1989-08-24,2.75940,2.77820,2.75750,2.75940
1989-08-25,2.76240,2.76670,2.75780,2.76240
1989-08-28,2.77360,2.77730,2.77330,2.77360
1989-08-29,2.74660,2.76540,2.74660,2.74660
1989-08-30,2.73830,2.74850,2.73830,2.73830
1989-08-31,2.76770,2.77230,2.75940,2.76770
1989-09-01,2.77790,2.78950,2.77630,2.77790
1989-09-04,2.78420,2.79770,2.77990,2.78420
1989-09-05,2.80570,2.80570,2.78950,2.80570
1989-09-06,2.79640,2.80930,2.78820,2.79640
1989-09-07,2.80660,2.81130,2.79580,2.80660
1989-09-08,2.80270,2.81130,2.79740,2.80270
1989-09-11,2.82120,2.83840,2.81950,2.82120
1989-09-12,2.80960,2.82710,2.80760,2.80960
1989-09-13,2.81260,2.82910,2.80570,2.81260
1989-09-14,2.80570,2.82220,2.78950,2.80570
1989-09-15,2.84170,2.84830,2.80370,2.84170
1989-09-18,2.81720,2.83640,2.80500,2.81720
1989-09-19,2.81260,2.81390,2.78850,2.81260
1989-09-20,2.79580,2.82050,2.79480,2.79580
1989-09-21,2.79580,2.80960,2.79210,2.79580
1989-09-22,2.79280,2.79640,2.78750,2.79280
1989-09-25,2.74090,2.74850,2.73010,2.74090
1989-09-26,2.73150,2.75880,2.73150,2.73150
1989-09-27,2.71380,2.72990,2.70030,2.71380
1989-09-28,2.72530,2.73570,2.72150,2.72530
1989-09-29,2.68950,2.71420,2.68140,2.68950
1989-10-02,2.68910,2.70220,2.67990,2.68910
1989-10-03,2.68640,2.69610,2.67990,2.68640
1989-10-04,2.68220,2.68840,2.67840,2.68220
1989-10-05,2.67990,2.69530,2.67370,2.67990
1989-10-06,2.70220,2.70950,2.68680,2.70220
1989-10-09,2.70070,2.70950,2.69450,2.70070
1989-10-10,2.70650,2.70650,2.69680,2.70650
1989-10-11,2.73920,2.74150,2.72610,2.73920
1989-10-12,2.72220,2.73610,2.71920,2.72220
1989-10-13,2.72070,2.73300,2.70340,2.72070
1989-10-16,2.65450,2.66770,2.62950,2.65620
1989-10-17,2.65220,2.68050,2.64530,2.65360
1989-10-18,2.64760,2.66970,2.63990,2.64930
1989-10-19,2.64220,2.66070,2.62980,2.64760
1989-10-20,2.65680,2.66190,2.64060,2.65840
1989-10-23,2.65760,2.67080,2.64790,2.65930
1989-10-24,2.63560,2.66040,2.62950,2.63730
1989-10-25,2.63140,2.64710,2.63060,2.63320
1989-10-26,2.64300,2.65290,2.63600,2.64450
1989-10-27,2.64000,2.67060,2.63990,2.64150
1989-10-30,2.63300,2.63870,2.62020,2.63450
1989-10-31,2.63600,2.63750,2.63000,2.63750
1989-11-01,2.63000,2.65100,2.63000,2.63150
1989-11-02,2.64000,2.66100,2.63700,2.64150
1989-11-03,2.63000,2.63900,2.62000,2.63150
1989-11-06,2.63600,2.64700,2.63050,2.63750
1989-11-07,2.63000,2.63650,2.62600,2.63150
1989-11-08,2.63150,2.64100,2.62600,2.63300
1989-11-09,2.63200,2.64100,2.62800,2.63350
1989-11-10,2.64400,2.64850,2.63400,2.64550
1989-11-13,2.65000,2.66100,2.65000,2.65150
1989-11-14,2.63200,2.65500,2.63200,2.63350
1989-11-15,2.62300,2.64050,2.61900,2.625
1989-11-16,2.625,2.64350,2.62000,2.62650
1989-11-17,2.63000,2.63820,2.62900,2.63150
1989-11-20,2.62470,2.63820,2.62470,2.62470
1989-11-21,2.61000,2.63450,2.61000,2.61150
1989-11-22,2.61450,2.62150,2.60100,2.61600
1989-11-23,2.61650,2.62150,2.60500,2.61750
1989-11-24,2.61000,2.62100,2.59900,2.61150
1989-11-27,2.60500,2.61750,2.59700,2.60650
1989-11-28,2.60750,2.61950,2.60750,2.60900
1989-11-29,2.60100,2.61050,2.59080,2.60250
1989-11-30,2.60400,2.62000,2.60200,2.60550
1989-12-01,2.60500,2.60950,2.59000,2.60650
1989-12-04,2.59900,2.60450,2.59100,2.60050
1989-12-05,2.58900,2.61050,2.58500,2.59050
1989-12-06,2.57800,2.59850,2.57800,2.57950
1989-12-07,2.58700,2.59150,2.57850,2.58850
1989-12-08,2.58900,2.59900,2.58500,2.59150
1989-12-11,2.58700,2.59550,2.58150,2.58850
1989-12-12,2.56500,2.58650,2.56500,2.56650
1989-12-13,2.56700,2.57150,2.53300,2.56850
1989-12-14,2.57050,2.57620,2.56000,2.57130
1989-12-15,2.55000,2.57650,2.55000,2.55250
1989-12-18,2.55000,2.56400,2.54050,2.55250
1989-12-19,2.56450,2.56520,2.55100,2.56520
1989-12-20,2.57400,2.58650,2.57000,2.57550
1989-12-21,2.55900,2.56700,2.55600,2.56050
1989-12-22,2.55000,2.56950,2.55000,2.55500
1989-12-27,2.53850,2.54270,2.53300,2.53930
1989-12-28,2.53800,2.54800,2.53050,2.54300
1989-12-29,2.55250,2.55330,2.54050,2.55330
1990-01-02,2.55300,2.55450,2.53150,2.55450
1990-01-03,2.57100,2.58450,2.57000,2.57250
1990-01-04,2.55500,2.59000,2.55500,2.55750
1990-01-05,2.54650,2.55100,2.53000,2.54750
1990-01-08,2.53250,2.55150,2.53250,2.53500
1990-01-09,2.53800,2.55200,2.53000,2.54050
1990-01-10,2.54500,2.55230,2.53000,2.54750
1990-01-11,2.54500,2.56270,2.54400,2.54750
1990-01-12,2.54750,2.55580,2.54000,2.54820
1990-01-15,2.54500,2.56180,2.54500,2.54750
1990-01-16,2.55250,2.58200,2.55250,2.55500
1990-01-17,2.55400,2.56000,2.55000,2.55500
1990-01-18,2.56300,2.57300,2.55000,2.56500
1990-01-19,2.56500,2.57750,2.56500,2.56750
1990-01-22,2.56800,2.57680,2.56500,2.56880
1990-01-23,2.55000,2.56550,2.55000,2.55150
1990-01-24,2.55000,2.56100,2.54700,2.55100
1990-01-25,2.55750,2.56450,2.55100,2.56000
1990-01-26,2.55750,2.57150,2.55600,2.56000
1990-01-29,2.54680,2.56020,2.54350,2.54760
1990-01-30,2.54200,2.55000,2.54150,2.54350
1990-01-31,2.55850,2.56300,2.55050,2.56100
1990-02-01,2.55600,2.56450,2.54700,2.55700
1990-02-02,2.55000,2.56080,2.54700,2.55070
1990-02-05,2.53600,2.55900,2.53600,2.53850
1990-02-06,2.52900,2.54450,2.52450,2.52950
1990-02-07,2.52600,2.53200,2.52200,2.52700
1990-02-08,2.53900,2.54200,2.52600,2.54050
1990-02-09,2.54600,2.55130,2.53550,2.54750
1990-02-12,2.53600,2.55100,2.52950,2.53750
1990-02-13,2.53900,2.55200,2.53900,2.54050
1990-02-14,2.54150,2.54950,2.53800,2.54300
1990-02-15,2.54500,2.56020,2.54350,2.54570
1990-02-16,2.54600,2.57550,2.54600,2.54850
1990-02-19,2.53900,2.55020,2.53900,2.54000
1990-02-20,2.53500,2.54700,2.53450,2.53600
1990-02-21,2.53300,2.53470,2.53050,2.53370
1990-02-22,2.53800,2.53980,2.53650,2.53870
1990-02-23,2.54100,2.54820,2.53930,2.54170
1990-02-26,2.54500,2.55220,2.54350,2.54570
1990-02-27,2.54900,2.55900,2.54150,2.55050
1990-02-28,2.55600,2.55830,2.55300,2.55680
1990-03-01,2.57800,2.58200,2.57150,2.57900
1990-03-02,2.58000,2.59100,2.57800,2.58250
1990-03-05,2.57600,2.58300,2.56900,2.57850
1990-03-06,2.57450,2.58020,2.56070,2.57530
1990-03-07,2.58700,2.58850,2.57550,2.58850
1990-03-08,2.58700,2.59020,2.58050,2.58850
1990-03-09,2.58950,2.59130,2.58400,2.59030
1990-03-12,2.59950,2.61100,2.59200,2.60100
1990-03-13,2.62350,2.63100,2.61300,2.625
1990-03-14,2.61500,2.62100,2.60600,2.61650
1990-03-15,2.61300,2.62400,2.61100,2.61450
1990-03-16,2.60100,2.61000,2.59950,2.60250
1990-03-19,2.59550,2.61130,2.59000,2.59700
1990-03-20,2.61000,2.61150,2.60400,2.61150
1990-03-21,2.62800,2.63130,2.62030,2.62880
1990-03-22,2.62850,2.63590,2.62050,2.62920
1990-03-23,2.62350,2.62980,2.62150,2.62420
1990-03-26,2.66500,2.67000,2.63000,2.66650
1990-03-27,2.65000,2.67130,2.64950,2.65150
1990-03-28,2.65650,2.66200,2.65550,2.65800
1990-03-29,2.65450,2.65720,2.64900,2.65530
1990-03-30,2.65450,2.65970,2.64000,2.65530
1990-04-02,2.66600,2.68050,2.65250,2.66750
1990-04-03,2.65550,2.67030,2.65150,2.65620
1990-04-04,2.65550,2.65830,2.65150,2.65620
1990-04-05,2.65500,2.67100,2.64850,2.65650
1990-04-06,2.64500,2.65350,2.64200,2.64750
1990-04-09,2.64700,2.65760,2.64350,2.64770
1990-04-10,2.65650,2.65780,2.64450,2.65720
1990-04-11,2.64600,2.64730,2.64200,2.64650
1990-04-12,2.64450,2.64900,2.64350,2.64550
1990-04-17,2.65300,2.65880,2.65300,2.65450
1990-04-18,2.64800,2.65900,2.64800,2.64950
1990-04-19,2.63900,2.66030,2.63900,2.63970
1990-04-20,2.64800,2.66130,2.64000,2.64950
1990-04-23,2.65700,2.66880,2.65500,2.65780
1990-04-24,2.65200,2.66050,2.65000,2.65350
1990-04-25,2.65400,2.65870,2.65350,2.65470
1990-04-26,2.65950,2.66120,2.64300,2.66030
1990-04-27,2.65700,2.67050,2.65030,2.65800
1990-04-30,2.66150,2.66620,2.65600,2.66230
1990-05-01,2.65200,2.66150,2.65200,2.65450
1990-05-02,2.65880,2.66480,2.65400,2.65950
1990-05-03,2.66000,2.67050,2.64940,2.66080
1990-05-04,2.65000,2.66300,2.65000,2.65250
1990-05-07,2.64500,2.65570,2.64350,2.64580
1990-05-08,2.64000,2.64820,2.63800,2.64130
1990-05-09,2.63150,2.64020,2.63150,2.63220
1990-05-10,2.63250,2.63680,2.63200,2.63320
1990-05-11,2.63350,2.63870,2.62800,2.63420
1990-05-14,2.63200,2.65050,2.62950,2.63280
1990-05-15,2.63500,2.63730,2.62000,2.63650
1990-05-16,2.63700,2.64950,2.63000,2.63850
1990-05-17,2.63250,2.63530,2.62950,2.63320
1990-05-18,2.64000,2.65030,2.63170,2.64050
1990-05-21,2.63850,2.65030,2.63130,2.63930
1990-05-22,2.64100,2.65500,2.63180,2.64250
1990-05-23,2.64580,2.64730,2.63350,2.64650
1990-05-24,2.64550,2.65280,2.63800,2.64630
1990-05-25,2.65100,2.66060,2.63850,2.65170
1990-05-28,2.65650,2.65870,2.64100,2.65720
1990-05-29,2.65250,2.66520,2.64400,2.65320
1990-05-30,2.65400,2.65800,2.65000,2.65550
1990-05-31,2.66500,2.67980,2.65490,2.67000
1990-06-01,2.66200,2.66600,2.65250,2.66350
1990-06-04,2.66950,2.67870,2.65700,2.67030
1990-06-05,2.66350,2.67170,2.65850,2.66430
1990-06-06,2.65800,2.67150,2.65550,2.66000
1990-06-07,2.66250,2.67930,2.66150,2.66330
1990-06-08,2.66400,2.66980,2.66200,2.66480
1990-06-11,2.66500,2.67070,2.66350,2.66580
1990-06-12,2.66500,2.66670,2.66290,2.66580
1990-06-13,2.66450,2.66920,2.66000,2.66520
1990-06-14,2.67100,2.67350,2.65050,2.67350
1990-06-15,2.67100,2.67470,2.65950,2.67170
1990-06-18,2.66600,2.66730,2.65950,2.66670
1990-06-19,2.66200,2.66730,2.65400,2.66270
1990-06-20,2.66630,2.66920,2.65750,2.66710
1990-06-21,2.66300,2.66850,2.65000,2.66550
1990-06-22,2.66350,2.66580,2.66150,2.66430
1990-06-25,2.66350,2.66500,2.66000,2.66430
1990-06-26,2.65800,2.66800,2.65800,2.65950
1990-06-27,2.65400,2.67050,2.64850,2.65500
1990-06-28,2.65450,2.65830,2.65300,2.65530
1990-06-29,2.66200,2.66370,2.65000,2.66270
1990-07-02,2.64650,2.66030,2.64650,2.64730
1990-07-03,2.64830,2.65660,2.64650,2.64900
1990-07-04,2.63850,2.65430,2.63750,2.63930
1990-07-05,2.64250,2.65380,2.64150,2.64330
1990-07-06,2.64200,2.64880,2.63500,2.64350
1990-07-09,2.63850,2.65030,2.63390,2.63930
1990-07-10,2.63400,2.63800,2.63200,2.63550
1990-07-11,2.63450,2.63850,2.63250,2.63600
1990-07-12,2.64550,2.65020,2.64300,2.64630
1990-07-13,2.62900,2.63700,2.62800,2.63050
1990-07-16,2.63750,2.64370,2.63000,2.63870
1990-07-17,2.63250,2.64120,2.63100,2.63320
1990-07-18,2.61600,2.63230,2.61600,2.61750
1990-07-19,2.62080,2.62920,2.61900,2.62160
1990-07-20,2.62200,2.62770,2.61650,2.62270
1990-07-23,2.61200,2.62130,2.60900,2.61350
1990-07-24,2.60700,2.61150,2.60000,2.60780
1990-07-25,2.60800,2.61400,2.60000,2.60900
1990-07-26,2.61450,2.61720,2.60450,2.61530
1990-07-27,2.60700,2.61820,2.60650,2.60780
1990-07-30,2.59750,2.60850,2.59700,2.59850
1990-07-31,2.58800,2.60900,2.58100,2.58950
1990-08-01,2.58900,2.59950,2.58000,2.59050
1990-08-02,2.60650,2.61980,2.59950,2.60730
1990-08-03,2.59600,2.60980,2.58000,2.59680
1990-08-06,2.58100,2.59050,2.57550,2.58170
1990-08-07,2.58070,2.59030,2.57000,2.58150
1990-08-08,2.58750,2.59470,2.57900,2.58820
1990-08-09,2.59050,2.60200,2.58000,2.59200
1990-08-10,2.59300,2.60000,2.59250,2.59450
1990-08-13,2.58350,2.58970,2.57900,2.58420
1990-08-14,2.58000,2.58600,2.58000,2.58150
1990-08-15,2.57000,2.58350,2.56900,2.57150
1990-08-16,2.57550,2.57770,2.57000,2.57620
1990-08-17,2.56600,2.57970,2.55600,2.56600
1990-08-20,2.56350,2.57790,2.56200,2.56420
1990-08-21,2.56500,2.57100,2.55600,2.56650
1990-08-22,2.55600,2.57120,2.55000,2.55750
1990-08-23,2.54650,2.57030,2.54350,2.54730
1990-08-24,2.55330,2.55930,2.54000,2.55410
1990-08-27,2.55000,2.55980,2.54350,2.55070
1990-08-28,2.54950,2.55980,2.54550,2.55030
1990-08-29,2.54700,2.55580,2.54100,2.54780
1990-08-30,2.56000,2.57050,2.55000,2.56080
1990-08-31,2.57250,2.58060,2.55650,2.57320
1990-09-03,2.57850,2.59030,2.57700,2.57930
1990-09-04,2.57150,2.58120,2.56050,2.57220
1990-09-05,2.56680,2.57020,2.55100,2.56750
1990-09-06,2.56100,2.57100,2.55100,2.5625
1990-09-07,2.56600,2.57150,2.55200,2.56750
1990-09-10,2.57650,2.57720,2.5625,2.57720
1990-09-11,2.58400,2.59150,2.57000,2.58550
1990-09-12,2.57900,2.58600,2.56400,2.58150
1990-09-13,2.58100,2.59250,2.58100,2.58350
1990-09-14,2.56700,2.58050,2.56100,2.56850
1990-09-17,2.56000,2.56670,2.55200,2.5625
1990-09-18,2.55100,2.56750,2.54750,2.55350
1990-09-19,2.56400,2.56570,2.56000,2.56480
1990-09-20,2.57200,2.58000,2.5625,2.57350
1990-09-21,2.57800,2.58170,2.57000,2.57870
1990-09-24,2.56500,2.58150,2.56300,2.56750
1990-09-25,2.56000,2.56800,2.55000,2.56150
1990-09-26,2.56800,2.57030,2.56050,2.56880
1990-09-27,2.56600,2.57250,2.55400,2.56850
1990-09-28,2.56650,2.56920,2.55600,2.56730
1990-10-01,2.56500,2.57000,2.55290,2.56650
1990-10-02,2.57100,2.58150,2.56150,2.57250
1990-10-03,2.56500,2.58100,2.56000,2.56650
1990-10-04,2.55450,2.57030,2.55000,2.55530
1990-10-05,2.55000,2.57150,2.54500,2.55250
1990-10-08,2.54400,2.56020,2.54180,2.54480
1990-10-09,2.53700,2.54080,2.53050,2.53770
1990-10-10,2.53500,2.53850,2.53300,2.53750
1990-10-11,2.53950,2.54330,2.53650,2.54020
1990-10-12,2.52900,2.53070,2.52350,2.52970
1990-10-15,2.53550,2.54170,2.52900,2.53620
1990-10-16,2.54000,2.55530,2.53000,2.54080
1990-10-17,2.53000,2.54250,2.52550,2.53150
1990-10-18,2.53850,2.54570,2.52000,2.53930
1990-10-19,2.53300,2.54400,2.52300,2.53450
1990-10-22,2.53650,2.55000,2.53100,2.53730
1990-10-23,2.53600,2.55730,2.53200,2.53680
1990-10-24,2.53350,2.53770,2.53200,2.53430
1990-10-25,2.53000,2.53700,2.52030,2.53150
1990-10-26,2.53850,2.54670,2.53000,2.53930
1990-10-29,2.54600,2.54750,2.53100,2.54750
1990-10-30,2.54170,2.55100,2.53500,2.54320
1990-10-31,2.54000,2.55100,2.53400,2.54150
1990-11-01,2.54300,2.55350,2.53930,2.54450
1990-11-02,2.53500,2.55100,2.53500,2.53650
1990-11-05,2.52700,2.53900,2.52050,2.52850
1990-11-06,2.52300,2.52950,2.52300,2.52450
1990-11-07,2.52000,2.52650,2.52000,2.52150
1990-11-08,2.53200,2.54300,2.52100,2.53350
1990-11-09,2.53100,2.54020,2.52800,2.53180
1990-11-12,2.52400,2.52720,2.52100,2.52480
1990-11-13,2.52150,2.52880,2.52000,2.52230
1990-11-14,2.52200,2.53100,2.52200,2.52350
1990-11-15,2.52650,2.53030,2.52000,2.52720
1990-11-16,2.52450,2.53930,2.52450,2.52520
1990-11-19,2.52100,2.52700,2.52000,2.52250
1990-11-20,2.52300,2.52880,2.52200,2.52380
1990-11-21,2.51750,2.52970,2.51100,2.51830
1990-11-22,2.51400,2.52780,2.51200,2.51470
1990-11-23,2.51250,2.52170,2.50900,2.51330
1990-11-26,2.52000,2.52150,2.51250,2.52150
1990-11-27,2.51300,2.52080,2.51110,2.51370
1990-11-28,2.50400,2.52050,2.50350,2.50550
1990-11-29,2.50400,2.51200,2.50250,2.50550
1990-11-30,2.52100,2.53030,2.50880,2.52170
1990-12-03,2.53000,2.53300,2.51100,2.53150
1990-12-04,2.52700,2.55050,2.52700,2.52850
1990-12-05,2.52500,2.53550,2.52050,2.52650
1990-12-06,2.51380,2.52930,2.51000,2.51450
1990-12-07,2.51350,2.52380,2.50950,2.51430
1990-12-10,2.50300,2.50700,2.49000,2.50450
1990-12-11,2.51100,2.52130,2.50450,2.51250
1990-12-12,2.51000,2.52080,2.50750,2.51100
1990-12-13,2.51600,2.52000,2.51000,2.51850
1990-12-14,2.51850,2.52100,2.51080,2.51950
1990-12-17,2.52200,2.52650,2.51000,2.52350
1990-12-18,2.52350,2.52850,2.52100,2.52450
1990-12-19,2.52200,2.52500,2.51050,2.52300
1990-12-20,2.53650,2.54150,2.51800,2.53800
1990-12-21,2.55850,2.57030,2.54950,2.55930
1990-12-24,2.58250,2.58330,2.56950,2.58330
1990-12-25,2.58250,2.58330,2.58250,2.58330
1990-12-26,2.58250,2.58330,2.58250,2.58330
1990-12-27,2.57500,2.58700,2.57500,2.57750
1990-12-28,2.56100,2.58100,2.55150,2.5625
1990-12-31,2.55500,2.56750,2.55500,2.55750
1991-01-02,2.54250,2.56100,2.54250,2.54500
1991-01-03,2.54000,2.55050,2.53500,2.54100
1991-01-04,2.53850,2.54950,2.53200,2.54100
1991-01-07,2.57900,2.59050,2.56150,2.58000
1991-01-08,2.58200,2.59900,2.57750,2.58350
1991-01-09,2.57100,2.60100,2.56900,2.57250
1991-01-10,2.58300,2.59100,2.56200,2.58450
1991-01-11,2.58700,2.59070,2.57950,2.58770
1991-01-14,2.60000,2.61200,2.59200,2.60250
1991-01-15,2.58700,2.60250,2.58700,2.58950
1991-01-16,2.58700,2.60050,2.58700,2.58950
1991-01-17,2.56500,2.57850,2.56300,2.56650
1991-01-18,2.55400,2.56600,2.55050,2.55650
1991-01-21,2.53700,2.55850,2.53700,2.53850
1991-01-22,2.54100,2.54550,2.53100,2.54250
1991-01-23,2.55000,2.56450,2.54050,2.55150
1991-01-24,2.54200,2.55800,2.53400,2.54450
1991-01-25,2.55100,2.55770,2.54050,2.55250
1991-01-28,2.54700,2.55030,2.54650,2.54780
1991-01-29,2.54250,2.54530,2.53150,2.54330
1991-01-30,2.54700,2.55980,2.54100,2.54780
1991-01-31,2.53800,2.54900,2.53800,2.54050
1991-02-01,2.53000,2.54580,2.52450,2.53250
1991-02-04,2.53100,2.54100,2.52200,2.53250
1991-02-05,2.52700,2.54150,2.52650,2.52900
1991-02-06,2.51600,2.53100,2.50700,2.51750
1991-02-07,2.52050,2.52550,2.51000,2.52200
1991-02-08,2.52600,2.53070,2.51600,2.52670
1991-02-11,2.52000,2.53000,2.52000,2.52250
1991-02-12,2.52200,2.52800,2.51900,2.52350
1991-02-13,2.52900,2.53180,2.52500,2.52970
1991-02-14,2.53250,2.53620,2.52300,2.53320
1991-02-15,2.53500,2.54150,2.53100,2.53650
1991-02-18,2.53500,2.53950,2.53120,2.53650
1991-02-19,2.53900,2.55200,2.53000,2.54150
1991-02-20,2.54400,2.54800,2.53300,2.54550
1991-02-21,2.54300,2.55050,2.53400,2.54450
1991-02-22,2.53800,2.55030,2.53600,2.53870
1991-02-25,2.56000,2.57230,2.54200,2.5625
1991-02-26,2.56200,2.57100,2.55300,2.56350
1991-02-27,2.56450,2.57050,2.56310,2.56600
1991-02-28,2.56400,2.56700,2.56000,2.56550
1991-03-01,2.58400,2.59050,2.56550,2.58480
1991-03-04,2.59250,2.59830,2.59000,2.59320
1991-03-05,2.58450,2.59000,2.58250,2.58550
1991-03-06,2.59600,2.61050,2.59150,2.59750
1991-03-07,2.59200,2.59900,2.57650,2.59350
1991-03-08,2.59800,2.61200,2.59000,2.60050
1991-03-11,2.61900,2.63150,2.61100,2.62050
1991-03-12,2.61000,2.61600,2.60400,2.61200
1991-03-13,2.62300,2.63200,2.61300,2.62550
1991-03-14,2.62850,2.63070,2.61000,2.62920
1991-03-15,2.64000,2.64350,2.63000,2.64150
1991-03-18,2.67300,2.67650,2.67150,2.67450
1991-03-19,2.69150,2.69280,2.67000,2.69230
1991-03-20,2.71000,2.72100,2.69900,2.71150
1991-03-21,2.68500,2.71060,2.68300,2.68580
1991-03-22,2.69600,2.69930,2.67750,2.69670
1991-03-25,2.70650,2.71550,2.69850,2.70800
1991-03-26,2.73300,2.73950,2.72100,2.73550
1991-03-27,2.73200,2.73700,2.70350,2.73450
1991-03-28,2.73000,2.74450,2.72800,2.73250
1991-03-29,2.73000,2.73250,2.73000,2.73250
1991-04-01,2.73000,2.73250,2.73000,2.73250
1991-04-02,2.69700,2.71100,2.68950,2.69850
1991-04-03,2.68700,2.70130,2.68100,2.68850
1991-04-04,2.69400,2.72300,2.69400,2.69600
1991-04-05,2.69700,2.70600,2.68200,2.69950
1991-04-08,2.71650,2.72150,2.70650,2.71800
1991-04-09,2.71400,2.72850,2.71050,2.71500
1991-04-10,2.70700,2.71100,2.6875,2.70850
1991-04-11,2.71100,2.73000,2.70550,2.71250
1991-04-12,2.71600,2.72070,2.70300,2.71680
1991-04-15,2.71800,2.72430,2.71050,2.71880
1991-04-16,2.71400,2.71650,2.70900,2.71500
1991-04-17,2.71600,2.72060,2.70000,2.71680
1991-04-18,2.72700,2.73950,2.72000,2.72850
1991-04-19,2.76550,2.76920,2.75450,2.76620
1991-04-22,2.79700,2.80100,2.77900,2.79850
1991-04-23,2.78700,2.80350,2.78200,2.78850
1991-04-24,2.77900,2.79570,2.77050,2.77970
1991-04-25,2.79050,2.80420,2.78350,2.79120
1991-04-26,2.78900,2.79100,2.78100,2.79000
1991-04-29,2.81400,2.82150,2.80000,2.81650
1991-04-30,2.78000,2.80300,2.77500,2.78250
1991-05-01,2.76100,2.77200,2.75200,2.76350
1991-05-02,2.78100,2.79300,2.76050,2.78350
1991-05-03,2.79950,2.80450,2.78000,2.80100
1991-05-06,2.79750,2.80930,2.79500,2.79820
1991-05-07,2.77800,2.78800,2.77500,2.77950
1991-05-08,2.78800,2.80150,2.77950,2.78950
1991-05-09,2.79900,2.80350,2.78500,2.80000
1991-05-10,2.78800,2.80150,2.78000,2.78950
1991-05-13,2.79450,2.80200,2.78900,2.79550
1991-05-14,2.77800,2.80050,2.77800,2.78000
1991-05-15,2.77000,2.79200,2.77000,2.77250
1991-05-16,2.78200,2.79150,2.77050,2.78450
1991-05-17,2.79000,2.80750,2.78050,2.79250
1991-05-20,2.80000,2.84200,2.80000,2.80150
1991-05-21,2.79950,2.81750,2.79150,2.80050
1991-05-22,2.80200,2.81700,2.80000,2.80350
1991-05-23,2.80200,2.81550,2.80020,2.80400
1991-05-24,2.79600,2.80250,2.78800,2.79850
1991-05-27,2.79750,2.80220,2.78000,2.79820
1991-05-28,2.79500,2.80800,2.79500,2.79750
1991-05-29,2.79400,2.79750,2.78000,2.79500
1991-05-30,2.82250,2.82500,2.80000,2.82500
1991-05-31,2.82500,2.82750,2.81600,2.82750
1991-06-03,2.82850,2.84100,2.82000,2.83000
1991-06-04,2.83000,2.84350,2.82150,2.83250
1991-06-05,2.82800,2.84030,2.82650,2.82870
1991-06-06,2.83700,2.84350,2.82850,2.83800
1991-06-07,2.84250,2.85080,2.82500,2.84320
1991-06-10,2.84900,2.85800,2.84150,2.84950
1991-06-11,2.85000,2.85560,2.84100,2.85080
1991-06-12,2.87000,2.87250,2.84900,2.87250
1991-06-13,2.88400,2.89080,2.86100,2.88470
1991-06-14,2.87000,2.89100,2.87000,2.87150
1991-06-17,2.87800,2.89050,2.87100,2.87950
1991-06-18,2.89100,2.90030,2.88000,2.89180
1991-06-19,2.87650,2.89960,2.87400,2.87730
1991-06-20,2.875,2.88950,2.85000,2.87550
1991-06-21,2.87800,2.89020,2.87600,2.87880
1991-06-24,2.86000,2.90130,2.86000,2.86150
1991-06-25,2.88100,2.89080,2.86250,2.88170
1991-06-26,2.87000,2.89050,2.87000,2.87150
1991-06-27,2.87800,2.88450,2.87200,2.87950
1991-06-28,2.88800,2.90000,2.87800,2.88870
1991-07-01,2.89250,2.90050,2.88050,2.89400
1991-07-02,2.90500,2.91100,2.89020,2.90650
1991-07-03,2.89900,2.91100,2.89900,2.90000
1991-07-04,2.90600,2.91200,2.90550,2.90750
1991-07-05,2.90000,2.91920,2.88850,2.90070
1991-07-08,2.89000,2.90030,2.88650,2.89080
1991-07-09,2.88900,2.90070,2.88000,2.88970
1991-07-10,2.89250,2.89950,2.89150,2.89400
1991-07-11,2.89200,2.89950,2.88400,2.89450
1991-07-12,2.86750,2.90780,2.86750,2.86880
1991-07-15,2.87700,2.88150,2.86650,2.87850
1991-07-16,2.87250,2.88300,2.87150,2.87400
1991-07-17,2.87650,2.88070,2.87000,2.87730
1991-07-18,2.86800,2.87700,2.85650,2.86950
1991-07-19,2.84900,2.87100,2.84900,2.85000
1991-07-22,2.86100,2.86650,2.85900,2.86250
1991-07-23,2.86450,2.87800,2.86450,2.86600
1991-07-24,2.85000,2.86900,2.84800,2.85150
1991-07-25,2.87550,2.87670,2.86050,2.87620
1991-07-26,2.86450,2.88030,2.85850,2.86530
1991-07-29,2.86550,2.88100,2.86550,2.86700
1991-07-30,2.87200,2.88130,2.86000,2.87350
1991-07-31,2.85750,2.87030,2.85750,2.85870
1991-08-01,2.87350,2.87580,2.86200,2.87420
1991-08-02,2.86350,2.88650,2.86250,2.86600
1991-08-05,2.84750,2.87260,2.84750,2.84870
1991-08-06,2.84650,2.84830,2.84000,2.84720
1991-08-07,2.85200,2.85450,2.84000,2.85350
1991-08-08,2.85200,2.85580,2.83930,2.85270
1991-08-09,2.85400,2.86100,2.84000,2.85550
1991-08-12,2.85700,2.86150,2.85250,2.85850
1991-08-13,2.86250,2.86320,2.85000,2.86320
1991-08-14,2.86850,2.87250,2.86300,2.86930
1991-08-15,2.87000,2.88680,2.86750,2.87120
1991-08-16,2.88650,2.89020,2.86850,2.88720
1991-08-19,2.91000,2.92900,2.89050,2.91150
1991-08-20,2.90700,2.92170,2.88500,2.90780
1991-08-21,2.86800,2.91100,2.86800,2.86950
1991-08-22,2.86250,2.87250,2.86000,2.86400
1991-08-23,2.88000,2.89100,2.86750,2.88150
1991-08-26,2.88050,2.88210,2.87750,2.88130
1991-08-27,2.87200,2.88680,2.87000,2.87270
1991-08-28,2.86600,2.88100,2.86600,2.86750
1991-08-29,2.87250,2.87400,2.85050,2.87400
1991-08-30,2.87300,2.88570,2.86100,2.87380
1991-09-02,2.87750,2.87960,2.87400,2.87820
1991-09-03,2.87150,2.88050,2.86100,2.87230
1991-09-04,2.86700,2.86930,2.86240,2.86780
1991-09-05,2.85850,2.87130,2.85100,2.86000
1991-09-06,2.86300,2.87020,2.85100,2.86380
1991-09-09,2.84400,2.85150,2.83950,2.84550
1991-09-10,2.84000,2.84470,2.83150,2.84150
1991-09-11,2.83900,2.84900,2.83450,2.84050
1991-09-12,2.82750,2.84030,2.82000,2.82830
1991-09-13,2.82850,2.84050,2.82100,2.82930
1991-09-16,2.82300,2.84100,2.81500,2.82450
1991-09-17,2.81500,2.82320,2.80000,2.81570
1991-09-18,2.82300,2.83130,2.81050,2.82450
1991-09-19,2.82450,2.82930,2.82000,2.82530
1991-09-20,2.83200,2.84010,2.82200,2.83270
1991-09-23,2.81500,2.82770,2.81350,2.81570
1991-09-24,2.81000,2.81950,2.80500,2.81080
1991-09-25,2.82150,2.83060,2.81050,2.82220
1991-09-26,2.81950,2.82620,2.81000,2.82030
1991-09-27,2.82000,2.82800,2.82000,2.82250
1991-09-30,2.80400,2.81080,2.80100,2.80470
1991-10-01,2.80650,2.80980,2.80300,2.80720
1991-10-02,2.80550,2.80870,2.80500,2.80620
1991-10-03,2.80550,2.80930,2.80350,2.80620
1991-10-04,2.81200,2.81270,2.79100,2.81270
1991-10-07,2.81500,2.81670,2.80500,2.81570
1991-10-08,2.81800,2.83020,2.81000,2.81880
1991-10-09,2.82900,2.84450,2.82900,2.83050
1991-10-10,2.82300,2.82650,2.81500,2.82550
1991-10-11,2.82450,2.83000,2.81480,2.82600
1991-10-14,2.82250,2.82580,2.82150,2.82320
1991-10-15,2.84050,2.84180,2.82050,2.84130
1991-10-16,2.83250,2.83780,2.82650,2.83330
1991-10-17,2.83700,2.83770,2.82400,2.83770
1991-10-18,2.83200,2.83420,2.82850,2.83270
1991-10-21,2.83000,2.83270,2.82000,2.83080
1991-10-22,2.83750,2.83920,2.82400,2.83820
1991-10-23,2.84800,2.84870,2.83350,2.84870
1991-10-24,2.84400,2.84870,2.83650,2.84470
1991-10-25,2.84850,2.85120,2.84250,2.84930
1991-10-28,2.85050,2.85550,2.85000,2.85200
1991-10-29,2.84650,2.86100,2.84650,2.84800
1991-10-30,2.83750,2.85020,2.83450,2.83820
1991-10-31,2.83250,2.84030,2.82700,2.83330
1991-11-01,2.82400,2.83230,2.82350,2.82470
1991-11-04,2.80200,2.81500,2.80200,2.80350
1991-11-05,2.80200,2.81100,2.79500,2.80300
1991-11-06,2.80200,2.80900,2.80000,2.80300
1991-11-07,2.80050,2.80750,2.79800,2.80130
1991-11-08,2.80500,2.80980,2.80000,2.80580
1991-11-11,2.80200,2.80900,2.80200,2.80350
1991-11-12,2.79900,2.80750,2.79450,2.80000
1991-11-13,2.79700,2.80350,2.78950,2.79800
1991-11-14,2.78900,2.79850,2.78900,2.79050
1991-11-15,2.79400,2.79850,2.79100,2.79550
1991-11-18,2.78100,2.79100,2.77000,2.78250
1991-11-19,2.78250,2.78880,2.78000,2.78400
1991-11-20,2.78300,2.78370,2.77100,2.78370
1991-11-21,2.78150,2.79100,2.77900,2.78250
1991-11-22,2.77500,2.78250,2.77300,2.77650
1991-11-25,2.76600,2.77820,2.76400,2.76750
1991-11-26,2.77600,2.78180,2.76050,2.77670
1991-11-27,2.79100,2.80100,2.78050,2.79250
1991-11-28,2.79200,2.80050,2.78850,2.79350
1991-11-29,2.79850,2.81050,2.79350,2.80000
1991-12-02,2.78650,2.80030,2.78500,2.78730
1991-12-03,2.79050,2.79400,2.78100,2.79150
1991-12-04,2.79000,2.79800,2.78400,2.79100
1991-12-05,2.78100,2.79130,2.77050,2.78250
1991-12-06,2.77600,2.78370,2.77450,2.77670
1991-12-09,2.77000,2.77820,2.77000,2.77080
1991-12-10,2.76800,2.77250,2.75,2.76950
1991-12-11,2.77100,2.78500,2.77000,2.77250
1991-12-12,2.76800,2.77000,2.75450,2.76950
1991-12-13,2.77400,2.78030,2.76080,2.77480
1991-12-16,2.76850,2.77550,2.76850,2.77100
1991-12-17,2.77150,2.77270,2.76050,2.77230
1991-12-18,2.76600,2.77130,2.76200,2.76680
1991-12-19,2.76000,2.78200,2.76000,2.76250
1991-12-20,2.75,2.78150,2.75,2.75250
1991-12-23,2.74300,2.75400,2.74300,2.74450
1991-12-24,2.74300,2.74620,2.73500,2.74370
1991-12-25,2.74300,2.74370,2.74300,2.74370
1991-12-26,2.74300,2.74370,2.74300,2.74370
1991-12-27,2.74450,2.74680,2.73250,2.74520
1991-12-30,2.74250,2.74830,2.73650,2.74330
1991-12-31,2.74000,2.75400,2.74000,2.74150
1992-01-01,2.74000,2.74150,2.74000,2.74150
1992-01-02,2.73700,2.74900,2.73700,2.73850
1992-01-03,2.75750,2.76120,2.74990,2.75820
1992-01-06,2.73800,2.75600,2.73800,2.73950
1992-01-07,2.73700,2.74920,2.72950,2.73780
1992-01-08,2.73550,2.74100,2.72800,2.73700
1992-01-09,2.75,2.75150,2.73080,2.75150
1992-01-10,2.78800,2.79450,2.76550,2.79050
1992-01-13,2.78850,2.78980,2.78300,2.78930
1992-01-14,2.77900,2.78450,2.77900,2.78050
1992-01-15,2.81650,2.82800,2.79850,2.81800
1992-01-16,2.81400,2.82150,2.80050,2.81550
1992-01-17,2.79000,2.82450,2.79000,2.79150
1992-01-20,2.78200,2.78950,2.76800,2.78350
1992-01-21,2.77350,2.79050,2.77250,2.77500
1992-01-22,2.78000,2.79000,2.77550,2.78150
1992-01-23,2.78400,2.78800,2.78000,2.78550
1992-01-24,2.79800,2.81500,2.79800,2.79950
1992-01-27,2.80500,2.81130,2.79850,2.80630
1992-01-28,2.79350,2.81100,2.79350,2.79500
1992-01-29,2.77650,2.78750,2.77650,2.77800
1992-01-30,2.80100,2.8125,2.79100,2.80250
1992-01-31,2.79400,2.82620,2.79100,2.79650
1992-02-03,2.79100,2.80550,2.78800,2.79250
1992-02-04,2.78100,2.79900,2.78100,2.78250
1992-02-05,2.77800,2.79100,2.77050,2.77950
1992-02-06,2.77350,2.77800,2.76950,2.77500
1992-02-07,2.76200,2.78250,2.76200,2.76450
1992-02-10,2.77500,2.77650,2.76300,2.77650
1992-02-11,2.77600,2.79050,2.77550,2.77750
1992-02-12,2.80200,2.80750,2.78200,2.80350
1992-02-13,2.79760,2.81170,2.79750,2.79830
1992-02-14,2.81500,2.81850,2.80400,2.81650
1992-02-17,2.80900,2.81150,2.79750,2.81000
1992-02-18,2.82700,2.83200,2.81000,2.82850
1992-02-19,2.82950,2.83650,2.82030,2.83050
1992-02-20,2.83600,2.84900,2.83200,2.83750
1992-02-21,2.85100,2.85480,2.83600,2.85200
1992-02-24,2.85800,2.87350,2.85180,2.85900
1992-02-25,2.85100,2.86850,2.85050,2.85250
1992-02-26,2.86900,2.87950,2.86550,2.87050
1992-02-27,2.86700,2.87100,2.86000,2.86850
1992-02-28,2.84100,2.87100,2.84000,2.84250
1992-03-02,2.85000,2.86000,2.84200,2.85150
1992-03-03,2.85500,2.86250,2.85000,2.85650
1992-03-04,2.87200,2.87700,2.86100,2.87300
1992-03-05,2.88050,2.88550,2.875,2.88200
1992-03-06,2.88100,2.89250,2.87000,2.88250
1992-03-09,2.87600,2.88150,2.86680,2.87750
1992-03-10,2.87800,2.88150,2.87100,2.87950
1992-03-11,2.88600,2.90200,2.87600,2.88700
1992-03-12,2.89850,2.90080,2.88050,2.89950
1992-03-13,2.88750,2.89900,2.88750,2.88900
1992-03-16,2.88600,2.89720,2.88600,2.88700
1992-03-17,2.88300,2.89300,2.87000,2.88400
1992-03-18,2.875,2.88400,2.87450,2.87600
1992-03-19,2.88500,2.88780,2.87600,2.88750
1992-03-20,2.89500,2.90100,2.88100,2.89600
1992-03-23,2.88600,2.90050,2.88400,2.88700
1992-03-24,2.89900,2.90220,2.88050,2.89980
1992-03-25,2.88300,2.89000,2.88050,2.88400
1992-03-26,2.88600,2.88750,2.88000,2.88750
1992-03-27,2.88000,2.89500,2.87850,2.88100
1992-03-30,2.87800,2.88600,2.87250,2.87900
1992-03-31,2.87550,2.88070,2.87050,2.87620
1992-04-01,2.875,2.88350,2.87450,2.87600
1992-04-02,2.88200,2.89020,2.87080,2.88280
1992-04-03,2.87600,2.88320,2.87000,2.87670
1992-04-06,2.86100,2.87350,2.85100,2.86300
1992-04-07,2.87200,2.87330,2.86500,2.87270
1992-04-08,2.87100,2.87700,2.85900,2.87250
1992-04-09,2.875,2.88130,2.87250,2.87580
1992-04-10,2.86150,2.87850,2.86080,2.86300
1992-04-13,2.87550,2.89030,2.87000,2.87650
1992-04-14,2.87200,2.87650,2.87100,2.87300
1992-04-15,2.87700,2.88150,2.87550,2.87800
1992-04-16,2.88500,2.89000,2.88150,2.88650
1992-04-17,2.88500,2.88650,2.88500,2.88650
1992-04-20,2.88500,2.88650,2.88500,2.88650
1992-04-21,2.88850,2.88970,2.88450,2.88930
1992-04-22,2.88200,2.89450,2.88080,2.88300
1992-04-23,2.88400,2.88830,2.88000,2.88470
1992-04-24,2.87750,2.88930,2.86950,2.87820
1992-04-27,2.875,2.89000,2.87450,2.87650
1992-04-28,2.875,2.88860,2.875,2.87600
1992-04-29,2.875,2.87900,2.87250,2.87600
1992-04-30,2.87300,2.88650,2.87300,2.87400
1992-05-01,2.86200,2.86850,2.86100,2.86350
1992-05-04,2.86400,2.86970,2.86400,2.86500
1992-05-05,2.86400,2.86930,2.86150,2.86470
1992-05-06,2.85650,2.87450,2.85650,2.85800
1992-05-07,2.86250,2.87060,2.85050,2.86320
1992-05-08,2.87050,2.875,2.85950,2.87200
1992-05-11,2.87100,2.87480,2.86100,2.87180
1992-05-12,2.85400,2.86750,2.85400,2.85550
1992-05-13,2.85000,2.85300,2.84000,2.85100
1992-05-14,2.83650,2.84490,2.83650,2.83730
1992-05-15,2.84500,2.86050,2.84200,2.84650
1992-05-18,2.84200,2.84300,2.83100,2.83400
1992-05-19,2.83400,2.83550,2.81750,2.82150
1992-05-20,2.82400,2.83330,2.81950,2.82850
1992-05-21,2.82750,2.83750,2.82700,2.83750
1992-05-22,2.83550,2.84100,2.83300,2.83700
1992-05-25,2.83350,2.83500,2.83250,2.83500
1992-05-26,2.83450,2.84130,2.82020,2.83150
1992-05-27,2.84000,2.86020,2.82980,2.85130
1992-05-28,2.85100,2.85270,2.84500,2.85180
1992-05-29,2.83100,2.83730,2.82450,2.83170
1992-06-01,2.82300,2.84100,2.82200,2.83750
1992-06-02,2.83450,2.84700,2.83000,2.83250
1992-06-03,2.83850,2.84150,2.83500,2.83600
1992-06-04,2.83550,2.84000,2.83000,2.83200
1992-06-05,2.82600,2.83100,2.81750,2.82100
1992-06-08,2.82450,2.82650,2.81500,2.81800
1992-06-09,2.81350,2.81750,2.80000,2.81500
1992-06-10,2.82000,2.83580,2.81400,2.82300
1992-06-11,2.82000,2.83580,2.80800,2.80900
1992-06-12,2.80800,2.82020,2.79750,2.80330
1992-06-15,2.80400,2.80600,2.79850,2.80000
1992-06-16,2.80200,2.80650,2.79950,2.80100
1992-06-17,2.79850,2.80600,2.79700,2.80350
1992-06-18,2.80450,2.81520,2.80200,2.80530
1992-06-19,2.80550,2.81130,2.80250,2.80620
1992-06-22,2.80800,2.81020,2.80250,2.80900
1992-06-23,2.80450,2.80600,2.79850,2.80350
1992-06-24,2.80000,2.80400,2.79600,2.79800
1992-06-25,2.79700,2.79820,2.79000,2.79120
1992-06-26,2.79050,2.79670,2.78100,2.78370
1992-06-29,2.77150,2.78070,2.76500,2.76950
1992-06-30,2.77300,2.77530,2.76900,2.77080
1992-07-01,2.76500,2.77020,2.75500,2.75780
1992-07-02,2.76100,2.77400,2.74850,2.75250
1992-07-03,2.75300,2.76400,2.74950,2.76000
1992-07-06,2.77050,2.77130,2.75600,2.75820
1992-07-07,2.75750,2.76300,2.74000,2.74850
1992-07-08,2.73800,2.75150,2.72950,2.74600
1992-07-09,2.74350,2.77550,2.74200,2.77550
1992-07-10,2.76850,2.77450,2.75400,2.75650
1992-07-13,2.74450,2.74650,2.73450,2.74200
1992-07-14,2.74300,2.75200,2.74000,2.74800
1992-07-15,2.74700,2.75250,2.74000,2.74650
1992-07-16,2.75100,2.75970,2.74100,2.74550
1992-07-17,2.74350,2.74520,2.73000,2.73380
1992-07-20,2.71900,2.75550,2.71000,2.75250
1992-07-21,2.74650,2.77150,2.74650,2.76150
1992-07-22,2.76100,2.77050,2.75100,2.75800
1992-07-23,2.75200,2.77600,2.75200,2.75750
1992-07-24,2.76000,2.76580,2.75400,2.76430
1992-07-27,2.76400,2.76520,2.74900,2.75880
1992-07-28,2.75900,2.76330,2.74770,2.75530
1992-07-29,2.74250,2.76450,2.74250,2.75950
1992-07-30,2.76300,2.77270,2.76200,2.76520
1992-07-31,2.76000,2.77150,2.75550,2.76400
1992-08-03,2.75950,2.77750,2.75900,2.76850
1992-08-04,2.76650,2.77950,2.76000,2.76770
1992-08-05,2.76500,2.77400,2.76000,2.76330
1992-08-06,2.76800,2.78100,2.76800,2.77100
1992-08-07,2.77150,2.78000,2.75880,2.76800
1992-08-10,2.77450,2.77530,2.75950,2.76640
1992-08-11,2.76000,2.77950,2.75,2.77300
1992-08-12,2.77200,2.77350,2.76500,2.76800
1992-08-13,2.76300,2.78200,2.75,2.76150
1992-08-14,2.75800,2.77530,2.75400,2.77250
1992-08-17,2.77750,2.78150,2.77000,2.77350
1992-08-18,2.77150,2.77250,2.76000,2.76700
1992-08-19,2.76300,2.77600,2.75900,2.76450
1992-08-20,2.76750,2.77100,2.76130,2.76700
1992-08-21,2.76550,2.78150,2.76500,2.78000
1992-08-24,2.75400,2.77180,2.75050,2.75700
1992-08-25,2.75450,2.77130,2.73500,2.74300
1992-08-26,2.73950,2.75300,2.73800,2.74550
1992-08-27,2.75,2.75950,2.74280,2.75100
1992-08-28,2.74800,2.75100,2.73750,2.74500
1992-08-31,2.74500,2.75120,2.73350,2.73800
1992-09-01,2.73700,2.74100,2.72030,2.72450
1992-09-02,2.72350,2.73150,2.72050,2.72830
1992-09-03,2.73400,2.74980,2.72750,2.74920
1992-09-04,2.75450,2.77370,2.74200,2.74470
1992-09-07,2.74500,2.75200,2.74500,2.74800
1992-09-08,2.73500,2.75100,2.73250,2.73650
1992-09-09,2.74200,2.76050,2.73900,2.75320
1992-09-10,2.76350,2.77450,2.76000,2.76300
1992-09-11,2.76580,2.79000,2.76200,2.78150
1992-09-14,2.84500,2.84700,2.79250,2.80050
1992-09-15,2.80200,2.80650,2.78600,2.79300
1992-09-16,2.80850,2.82950,2.80050,2.82750
1992-09-17,2.83000,2.84530,2.82400,2.84220
1992-09-18,2.83500,2.86100,2.83250,2.85050
1992-09-21,2.84350,2.85450,2.83850,2.84100
1992-09-22,2.84450,2.84980,2.83750,2.84280
1992-09-23,2.86050,2.86650,2.83750,2.84000
1992-09-24,2.84700,2.86050,2.84000,2.85240
1992-09-25,2.84350,2.85600,2.83500,2.84850
1992-09-28,2.84200,2.84600,2.83000,2.83500
1992-09-29,2.83250,2.83900,2.81100,2.82030
1992-09-30,2.80350,2.82050,2.79850,2.81400
1992-10-01,2.81850,2.83000,2.80950,2.82150
1992-10-02,2.81800,2.83800,2.81800,2.82900
1992-10-05,2.81300,2.83000,2.80330,2.82200
1992-10-06,2.83100,2.84380,2.81900,2.83230
1992-10-07,2.83000,2.83780,2.82600,2.83120
1992-10-08,2.85750,2.86050,2.85000,2.85750
1992-10-09,2.87100,2.88100,2.86350,2.87000
1992-10-12,2.85700,2.87000,2.85620,2.86870
1992-10-13,2.87200,2.87550,2.86600,2.86800
1992-10-14,2.85650,2.86830,2.85180,2.85670
1992-10-15,2.85950,2.86020,2.84100,2.85780
1992-10-16,2.86350,2.87480,2.86000,2.87250
1992-10-19,2.88500,2.90150,2.88150,2.89390
1992-10-20,2.90850,2.91920,2.90700,2.91920
1992-10-21,2.91450,2.92150,2.90900,2.91770
1992-10-22,2.92450,2.92850,2.91400,2.91500
1992-10-23,2.91400,2.95050,2.91050,2.9375
1992-10-26,2.93650,2.95400,2.93270,2.94250
1992-10-27,2.94480,2.95980,2.94000,2.95330
1992-10-28,2.94000,2.95600,2.94000,2.95400
1992-10-29,2.95900,2.96070,2.94720,2.94820
1992-10-30,2.95050,2.96050,2.95000,2.95500
1992-11-02,2.95850,2.98080,2.95850,2.98020
1992-11-03,2.98250,2.99680,2.96800,2.97730
1992-11-04,2.97850,2.97920,2.96030,2.97180
1992-11-05,2.97240,2.98700,2.97240,2.98300
1992-11-06,2.98450,2.98950,2.98000,2.98400
1992-11-09,2.99450,3.0014999,2.99000,2.99500
1992-11-10,3.0014999,3.0097001,2.99800,3.0048001
1992-11-11,3,3.00099993,2.98050,2.98700
1992-11-12,2.98950,3.00049996,2.98000,2.98100
1992-11-13,2.98000,2.99080,2.97750,2.98230
1992-11-16,2.98500,3.00049996,2.98400,3.00049996
1992-11-17,3.0055001,3.020700,3.0018001,3.0060000
1992-11-18,2.99850,3.0025001,2.99000,3.0025001
1992-11-19,2.99700,2.99900,2.98350,2.98450
1992-11-20,2.98350,2.99370,2.97600,2.99330
1992-11-23,3.011000,3.018500,3.0050001,3.015500
1992-11-24,3.0065000,3.014000,3,3.014000
1992-11-25,3.0044999,3.011000,2.99750,3.0014999
1992-11-26,3,3.012500,3,3.0090001
1992-11-27,3.014500,3.024500,3.013500,3.019500
1992-11-30,3.0090001,3.032000,3.0018001,3.012500
1992-12-01,3.017000,3.021500,3,3.0100000
1992-12-02,2.99450,3.0030000,2.99000,2.99400
1992-12-03,3.00099993,3.0035000,2.99450,2.99900
1992-12-04,2.99750,3.0090001,2.99450,3.0090001
1992-12-07,3.014000,3.019000,3,3.0039999
1992-12-08,2.98250,2.99080,2.97300,2.97980
1992-12-09,2.98300,2.99580,2.98250,2.99280
1992-12-10,2.99150,3.013300,2.99150,3.0078001
1992-12-11,3.0085001,3.015500,3.0050001,3.0095000
1992-12-14,3.0074999,3.012000,3.0049000,3.0091000
1992-12-15,3.0090001,3.012500,3.00049996,3.0085001
1992-12-16,3.0014999,3.0070000,2.99000,2.99150
1992-12-17,2.99650,3.00079989,2.98250,3.00079989
1992-12-18,2.99180,3.0093000,2.99180,3.0067000
1992-12-21,3.0039999,3.0088000,3.0025001,3.0078001
1992-12-22,3.0074999,3.018000,3.00049996,3.015000
1992-12-23,3.020300,3.027800,3.0100000,3.013700
1992-12-24,3.018500,3.030800,3.016000,3.018000
1992-12-25,3.017000,3.018000,3.017000,3.018000
1992-12-28,3.030500,3.034300,3.028500,3.034300
1992-12-29,3.044000,3.066300,3.042500,3.063600
1992-12-30,3.048500,3.063000,3.048500,3.055000
1992-12-31,3.058000,3.059000,3.048000,3.051000
1993-01-04,3.071000,3.077200,3.067500,3.076800
1993-01-05,3.073000,3.073700,3.056500,3.065200
1993-01-06,3.060000,3.067800,3.051000,3.065700
1993-01-07,3.061500,3.069000,3.061500,3.067000
1993-01-08,3.077500,3.095500,3.071000,3.087500
1993-01-11,3.083500,3.084500,3.065000,3.069000
1993-01-12,3.067000,3.067800,3.053500,3.066300
1993-01-13,3.067500,3.079500,3.067500,3.073000
1993-01-14,3.061000,3.071800,3.056500,3.069700
1993-01-15,3.073500,3.078700,3.071300,3.077200
1993-01-18,3.086000,3.090300,3.069500,3.070500
1993-01-19,3.067000,3.077200,3.059000,3.069700
1993-01-20,3.068000,3.077000,3.060800,3.073200
1993-01-21,3.067000,3.080500,3.067000,3.079000
1993-01-22,3.075000,3.077000,3.060000,3.075300
1993-01-25,3.074500,3.075200,3.047000,3.053300
1993-01-26,3.056000,3.060500,3.048000,3.056500
1993-01-27,3.0625,3.065700,3.050500,3.063700
1993-01-28,3.060000,3.065700,3.053800,3.065700
1993-01-29,3.0625,3.078000,3.061800,3.077000
1993-02-01,3.086000,3.099800,3.084500,3.098300
1993-02-02,3.10150,3.10250,3.088500,3.099000
1993-02-03,3.098000,3.11070,3.093000,3.10350
1993-02-04,3.10800,3.12050,3.10500,3.11400
1993-02-05,3.11700,3.13100,3.11300,3.11450
1993-02-08,3.11770,3.12750,3.11650,3.125
1993-02-09,3.12700,3.13110,3.12100,3.12330
1993-02-10,3.12100,3.12330,3.11350,3.12150
1993-02-11,3.11800,3.13120,3.11800,3.12880
1993-02-12,3.12250,3.13120,3.11950,3.12880
1993-02-15,3.13500,3.14250,3.12850,3.13800
1993-02-16,3.12750,3.14150,3.11800,3.12100
1993-02-17,3.11450,3.12300,3.11050,3.11250
1993-02-18,3.12100,3.13800,3.11450,3.12950
1993-02-19,3.11350,3.13000,3.11100,3.12650
1993-02-22,3.12630,3.12750,3.11900,3.12550
1993-02-23,3.12080,3.12780,3.11600,3.11800
1993-02-24,3.12250,3.13250,3.11800,3.12250
1993-02-25,3.13500,3.13700,3.12750,3.13350
1993-02-26,3.14200,3.14870,3.13280,3.14350
1993-03-01,3.15070,3.15470,3.14100,3.14850
1993-03-02,3.15200,3.15430,3.14650,3.14900
1993-03-03,3.13550,3.15620,3.13550,3.15620
1993-03-04,3.15300,3.16800,3.15300,3.15800
1993-03-05,3.15850,3.17100,3.15750,3.17100
1993-03-08,3.17550,3.19200,3.17550,3.18550
1993-03-09,3.18450,3.18850,3.17500,3.18150
1993-03-10,3.19080,3.19150,3.17950,3.18670
1993-03-11,3.1875,3.19650,3.18550,3.18850
1993-03-12,3.19000,3.20050,3.18500,3.19050
1993-03-15,3.19350,3.20120,3.19250,3.19570
1993-03-16,3.19150,3.19820,3.18950,3.19150
1993-03-17,3.19150,3.19950,3.19150,3.19800
1993-03-18,3.19750,3.20050,3.18450,3.19100
1993-03-19,3.18950,3.19170,3.17000,3.17570
1993-03-22,3.18450,3.18700,3.17000,3.17650
1993-03-23,3.17630,3.19050,3.17000,3.17380
1993-03-24,3.17050,3.17500,3.16750,3.17100
1993-03-25,3.17450,3.18450,3.17250,3.18400
1993-03-26,3.18350,3.19150,3.18250,3.18400
1993-03-29,3.17950,3.19000,3.17250,3.17950
1993-03-30,3.17500,3.18550,3.17500,3.18200
1993-03-31,3.17450,3.17780,3.16700,3.16850
1993-04-01,3.17350,3.18120,3.17250,3.17530
1993-04-02,3.16550,3.18050,3.16000,3.17950
1993-04-05,3.18200,3.18350,3.17200,3.17850
1993-04-06,3.17800,3.19350,3.17800,3.19300
1993-04-07,3.18700,3.20250,3.18200,3.19400
1993-04-08,3.19550,3.19650,3.17350,3.17900
1993-04-09,3.17800,3.17900,3.17800,3.17900
1993-04-12,3.17800,3.17900,3.17800,3.17900
1993-04-13,3.17350,3.17580,3.15550,3.15900
1993-04-14,3.15900,3.16580,3.15200,3.16580
1993-04-15,3.17250,3.18100,3.17250,3.17850
1993-04-16,3.18350,3.19600,3.17250,3.19400
1993-04-19,3.18950,3.20150,3.17500,3.17750
1993-04-20,3.17000,3.18000,3.15850,3.16250
1993-04-21,3.16000,3.17070,3.16000,3.16980
1993-04-22,3.16300,3.17800,3.16050,3.17000
1993-04-23,3.16000,3.16630,3.14500,3.15570
1993-04-26,3.14800,3.15080,3.13100,3.14100
1993-04-27,3.14150,3.14800,3.13250,3.14800
1993-04-28,3.15450,3.17000,3.15200,3.15900
1993-04-29,3.15350,3.15700,3.14780,3.15350
1993-04-30,3.15500,3.17080,3.15350,3.16000
1993-05-03,3.16050,3.17000,3.16050,3.16850
1993-05-04,3.15950,3.16980,3.15380,3.15450
1993-05-05,3.15550,3.16050,3.15000,3.16050
1993-05-06,3.15800,3.17030,3.15100,3.15950
1993-05-07,3.15000,3.15850,3.14750,3.15550
1993-05-10,3.16250,3.18050,3.16250,3.17850
1993-05-11,3.18100,3.18800,3.17600,3.18350
1993-05-12,3.18150,3.18550,3.17800,3.18550
1993-05-13,3.18050,3.18850,3.17250,3.17800
1993-05-14,3.17800,3.18080,3.17150,3.17230
1993-05-17,3.17500,3.17630,3.17000,3.17630
1993-05-18,3.18100,3.19250,3.17350,3.18650
1993-05-19,3.18600,3.18900,3.17300,3.17570
1993-05-20,3.17550,3.17720,3.17000,3.17190
1993-05-21,3.17100,3.19200,3.17100,3.18950
1993-05-24,3.19300,3.19930,3.1875,3.19570
1993-05-25,3.19450,3.20030,3.17970,3.18520
1993-05-26,3.18400,3.19420,3.18330,3.19130
1993-05-27,3.18400,3.19470,3.17350,3.17420
1993-05-28,3.17450,3.18710,3.16950,3.17830
1993-05-31,3.17750,3.17830,3.17750,3.17830
1993-06-01,3.17850,3.18160,3.17000,3.17970
1993-06-02,3.17850,3.18370,3.17100,3.18120
1993-06-03,3.18300,3.18920,3.17550,3.18580
1993-06-04,3.18400,3.19050,3.17750,3.18850
1993-06-07,3.19050,3.19970,3.18300,3.18580
1993-06-08,3.18450,3.19130,3.18250,3.18920
1993-06-09,3.19200,3.19930,3.18400,3.19720
1993-06-10,3.19350,3.19860,3.19130,3.19280
1993-06-11,3.18950,3.19950,3.17850,3.18650
1993-06-14,3.1875,3.19230,3.18400,3.19230
1993-06-15,3.19080,3.20430,3.18120,3.20430
1993-06-16,3.20500,3.22280,3.19550,3.21880
1993-06-17,3.21950,3.23480,3.20650,3.23080
1993-06-18,3.22800,3.24750,3.22630,3.24350
1993-06-21,3.25450,3.29170,3.25350,3.28530
1993-06-22,3.28400,3.29730,3.28150,3.29420
1993-06-23,3.30000,3.31050,3.29300,3.29550
1993-06-24,3.29700,3.32450,3.29690,3.31950
1993-06-25,3.3125,3.31840,3.28750,3.31080
1993-06-28,3.32300,3.33970,3.32300,3.33020
1993-06-29,3.33000,3.34030,3.32200,3.32430
1993-06-30,3.32400,3.34030,3.32200,3.34030
1993-07-01,3.34200,3.38680,3.34100,3.34980
1993-07-02,3.34450,3.34920,3.31400,3.32160
1993-07-05,3.33050,3.35150,3.33050,3.34300
1993-07-06,3.35500,3.37030,3.33750,3.33880
1993-07-07,3.34650,3.34870,3.32750,3.34430
1993-07-08,3.33350,3.35020,3.32850,3.32930
1993-07-09,3.33100,3.35550,3.33050,3.33750
1993-07-12,3.35400,3.36980,3.35400,3.35630
1993-07-13,3.35700,3.37020,3.34100,3.35020
1993-07-14,3.35200,3.37020,3.34650,3.35230
1993-07-15,3.35400,3.36030,3.34300,3.35330
1993-07-16,3.35300,3.36070,3.35200,3.35820
1993-07-19,3.34250,3.35420,3.33030,3.34320
1993-07-20,3.34000,3.35330,3.33600,3.33730
1993-07-21,3.33640,3.33970,3.32050,3.33380
1993-07-22,3.33900,3.35630,3.33500,3.34530
1993-07-23,3.34450,3.35900,3.34450,3.34600
1993-07-26,3.35500,3.36070,3.34750,3.35420
1993-07-27,3.35500,3.36030,3.34000,3.35270
1993-07-28,3.35400,3.36150,3.34500,3.35300
1993-07-29,3.35050,3.37730,3.34950,3.37480
1993-07-30,3.375,3.38600,3.37450,3.38000
1993-08-02,3.38000,3.39020,3.34700,3.34780
1993-08-03,3.35500,3.36680,3.33650,3.34930
1993-08-04,3.34900,3.37020,3.34900,3.36030
1993-08-05,3.35950,3.37080,3.34750,3.36830
1993-08-06,3.36650,3.37680,3.36000,3.36250
1993-08-09,3.35750,3.36180,3.35500,3.35730
1993-08-10,3.36100,3.36970,3.36000,3.36970
1993-08-11,3.37700,3.38280,3.36800,3.38280
1993-08-12,3.37900,3.38970,3.37450,3.37920
1993-08-13,3.37550,3.38600,3.37080,3.37550
1993-08-16,3.37000,3.37770,3.35500,3.35780
1993-08-17,3.35600,3.35750,3.34250,3.35230
1993-08-18,3.35050,3.35330,3.34000,3.34470
1993-08-19,3.34700,3.36070,3.34100,3.36070
1993-08-20,3.36150,3.37920,3.35250,3.35980
1993-08-23,3.36150,3.37380,3.35950,3.36680
1993-08-24,3.37900,3.38010,3.35700,3.36070
1993-08-25,3.36050,3.38010,3.36000,3.36780
1993-08-26,3.36550,3.37020,3.35050,3.35880
1993-08-27,3.35700,3.37020,3.35700,3.36620
1993-08-30,3.36600,3.37330,3.36000,3.37270
1993-08-31,3.37100,3.38050,3.37100,3.37820
1993-09-01,3.37700,3.38070,3.36750,3.37730
1993-09-02,3.37350,3.38070,3.36450,3.37580
1993-09-03,3.37800,3.39580,3.37150,3.37230
1993-09-06,3.36400,3.38450,3.36200,3.37650
1993-09-07,3.38050,3.40570,3.37650,3.40380
1993-09-08,3.40400,3.42500,3.40150,3.41300
1993-09-09,3.41300,3.42050,3.39600,3.39980
1993-09-10,3.40250,3.40320,3.39950,3.40320
1993-09-13,3.40000,3.41030,3.39850,3.40680
1993-09-14,3.41200,3.42150,3.40500,3.41080
1993-09-15,3.40900,3.41880,3.39750,3.40070
1993-09-16,3.40200,3.41080,3.39450,3.40620
1993-09-17,3.41150,3.41920,3.40350,3.41370
1993-09-20,3.42450,3.42780,3.41100,3.41430
1993-09-21,3.41150,3.41880,3.40100,3.41520
1993-09-22,3.44200,3.44700,3.41900,3.42150
1993-09-23,3.42250,3.43430,3.41970,3.43270
1993-09-24,3.43450,3.44470,3.42300,3.43580
1993-09-27,3.42500,3.43720,3.42050,3.43630
1993-09-28,3.43600,3.43850,3.41000,3.41250
1993-09-29,3.41000,3.43030,3.40550,3.42230
1993-09-30,3.42900,3.44280,3.42050,3.44070
1993-10-01,3.44600,3.46020,3.44450,3.45370
1993-10-04,3.45850,3.46200,3.43950,3.44450
1993-10-05,3.43800,3.45120,3.43300,3.45080
1993-10-06,3.44850,3.47130,3.44000,3.45050
1993-10-07,3.44750,3.46020,3.44750,3.45370
1993-10-08,3.45350,3.46070,3.44250,3.44630
1993-10-11,3.44150,3.45700,3.43650,3.44750
1993-10-12,3.44650,3.46000,3.41850,3.42700
1993-10-13,3.42200,3.42720,3.38850,3.39370
1993-10-14,3.39150,3.39420,3.35850,3.36620
1993-10-15,3.36850,3.37120,3.33850,3.34430
1993-10-18,3.34850,3.35670,3.33250,3.35670
1993-10-19,3.35700,3.35780,3.33750,3.35180
1993-10-20,3.34950,3.35380,3.34350,3.35180
1993-10-21,3.34750,3.36720,3.34550,3.35980
1993-10-22,3.36500,3.36930,3.35150,3.36580
1993-10-25,3.36900,3.37180,3.35700,3.37180
1993-10-26,3.37200,3.37630,3.36000,3.37270
1993-10-27,3.36950,3.37150,3.36250,3.36850
1993-10-28,3.36650,3.37670,3.36100,3.36280
1993-10-29,3.36000,3.36070,3.34750,3.35730
1993-11-01,3.36450,3.37120,3.36300,3.37080
1993-11-02,3.37350,3.38070,3.36100,3.37730
1993-11-03,3.37650,3.37980,3.36350,3.36620
1993-11-04,3.36050,3.36430,3.35450,3.36380
1993-11-05,3.36500,3.37450,3.36050,3.37250
1993-11-08,3.36000,3.37020,3.35300,3.35730
1993-11-09,3.35700,3.36320,3.35450,3.36010
1993-11-10,3.36100,3.36530,3.36050,3.36130
1993-11-11,3.35700,3.36830,3.35000,3.35980
1993-11-12,3.36350,3.36830,3.36150,3.36720
1993-11-15,3.35300,3.36720,3.35300,3.36320
1993-11-16,3.36350,3.37080,3.35700,3.37080
1993-11-17,3.37200,3.37770,3.35600,3.36970
1993-11-18,3.37000,3.37230,3.36450,3.37020
1993-11-19,3.37050,3.37880,3.36550,3.36780
1993-11-22,3.36750,3.37000,3.36100,3.36170
1993-11-23,3.36000,3.36930,3.35500,3.35780
1993-11-24,3.36630,3.36700,3.35400,3.36220
1993-11-25,3.36250,3.36870,3.36120,3.36780
1993-11-26,3.36750,3.37270,3.36500,3.36780
1993-11-29,3.36850,3.37310,3.36000,3.36830
1993-11-30,3.36250,3.37180,3.36050,3.36930
1993-12-01,3.37000,3.37230,3.36600,3.37020
1993-12-02,3.37000,3.37250,3.36000,3.37180
1993-12-03,3.37050,3.37550,3.36050,3.37000
1993-12-06,3.36000,3.36900,3.35700,3.36750
1993-12-07,3.35800,3.37080,3.35050,3.36320
1993-12-08,3.36300,3.36980,3.36000,3.36530
1993-12-09,3.36600,3.37000,3.35680,3.36530
1993-12-10,3.36400,3.37050,3.35450,3.35750
1993-12-13,3.35750,3.37330,3.35450,3.37330
1993-12-14,3.37550,3.38030,3.36300,3.37650
1993-12-15,3.37650,3.38500,3.37150,3.38400
1993-12-16,3.38100,3.38530,3.37800,3.38280
1993-12-17,3.37650,3.38570,3.37550,3.38280
1993-12-20,3.38500,3.39140,3.38250,3.38830
1993-12-21,3.38400,3.38680,3.38000,3.38570
1993-12-22,3.38350,3.38660,3.38100,3.38530
1993-12-23,3.37300,3.38970,3.37300,3.37380
1993-12-24,3.37450,3.38100,3.36550,3.375
1993-12-27,3.37450,3.37580,3.37200,3.37480
1993-12-28,3.37350,3.37630,3.37320,3.37520
1993-12-29,3.37650,3.39080,3.37600,3.39020
1993-12-30,3.39650,3.40350,3.39500,3.40150
1993-12-31,3.40050,3.40260,3.39500,3.39770
1994-01-03,3.39850,3.40130,3.39650,3.40130
1994-01-04,3.40500,3.40680,3.40250,3.40320
1994-01-05,3.40200,3.40470,3.39700,3.39770
1994-01-06,3.40200,3.40280,3.39750,3.39920
1994-01-07,3.40250,3.41030,3.39100,3.39880
1994-01-10,3.39350,3.39880,3.39300,3.39880
1994-01-11,3.40200,3.41030,3.39900,3.40220
1994-01-12,3.40000,3.40260,3.39500,3.39770
1994-01-13,3.39850,3.41250,3.39000,3.41250
1994-01-14,3.40800,3.41670,3.39900,3.41370
1994-01-17,3.41100,3.41600,3.41050,3.41350
1994-01-18,3.41050,3.41700,3.41050,3.41250
1994-01-19,3.40900,3.41600,3.40000,3.41100
1994-01-20,3.41150,3.41830,3.41000,3.41270
1994-01-21,3.41000,3.42150,3.40650,3.41350
1994-01-24,3.41250,3.42450,3.41200,3.42170
1994-01-25,3.42050,3.42360,3.42000,3.42300
1994-01-26,3.41600,3.42930,3.41000,3.41730
1994-01-27,3.41500,3.43060,3.41050,3.41670
1994-01-28,3.41100,3.41830,3.40250,3.41330
1994-01-31,3.42250,3.42720,3.42080,3.42230
1994-02-01,3.41600,3.41880,3.40800,3.41310
1994-02-02,3.41350,3.41670,3.41100,3.41520
1994-02-03,3.41650,3.42280,3.41400,3.42280
1994-02-04,3.42250,3.42750,3.41150,3.42750
1994-02-07,3.44100,3.44170,3.43250,3.43330
1994-02-08,3.43050,3.44070,3.43000,3.43500
1994-02-09,3.4375,3.43830,3.43300,3.43580
1994-02-10,3.43450,3.44820,3.43050,3.44670
1994-02-11,3.44250,3.45080,3.44250,3.44570
1994-02-14,3.44550,3.44820,3.43500,3.44130
1994-02-15,3.43900,3.45080,3.42850,3.44130
1994-02-16,3.44050,3.45030,3.44050,3.44630
1994-02-17,3.44600,3.45620,3.44000,3.45430
1994-02-18,3.45220,3.46120,3.44100,3.45470
1994-02-21,3.45000,3.46970,3.45000,3.46270
1994-02-22,3.46250,3.48170,3.46000,3.47730
1994-02-23,3.47600,3.53350,3.47600,3.53250
1994-02-24,3.53000,3.55580,3.48100,3.48480
1994-02-25,3.47500,3.48950,3.45700,3.47220
1994-02-28,3.46850,3.48380,3.46600,3.46880
1994-03-01,3.47000,3.47600,3.44450,3.45850
1994-03-02,3.46550,3.47330,3.45250,3.45920
1994-03-03,3.46750,3.47030,3.45500,3.46680
1994-03-04,3.47200,3.48080,3.46800,3.48080
1994-03-07,3.48350,3.48820,3.48250,3.48670
1994-03-08,3.48700,3.49620,3.47650,3.48420
1994-03-09,3.47750,3.48080,3.46900,3.47520
1994-03-10,3.45900,3.47030,3.43400,3.44100
1994-03-11,3.43350,3.44130,3.41050,3.44130
1994-03-14,3.43850,3.45220,3.43850,3.45220
1994-03-15,3.45350,3.45880,3.44100,3.45270
1994-03-16,3.45250,3.45480,3.44950,3.45030
1994-03-17,3.44550,3.45330,3.42500,3.42870
1994-03-18,3.44650,3.45080,3.43500,3.44930
1994-03-21,3.45000,3.45330,3.44050,3.44990
1994-03-22,3.44200,3.44570,3.44000,3.44570
1994-03-23,3.44650,3.45200,3.44350,3.44870
1994-03-24,3.44400,3.44500,3.43800,3.43900
1994-03-25,3.43500,3.44800,3.42120,3.44320
1994-03-28,3.44850,3.45100,3.43450,3.44870
1994-03-29,3.44650,3.45220,3.44500,3.45120
1994-03-30,3.45600,3.48020,3.44450,3.47620
1994-03-31,3.47450,3.48780,3.46700,3.48080
1994-04-01,3.48000,3.48080,3.48000,3.48080
1994-04-04,3.48000,3.48080,3.48000,3.48080
1994-04-05,3.50700,3.52900,3.50700,3.52500
1994-04-06,3.52000,3.53650,3.52000,3.53450
1994-04-07,3.54300,3.55570,3.54200,3.54920
1994-04-08,3.54650,3.55650,3.54400,3.55650
1994-04-11,3.54850,3.61650,3.54850,3.59250
1994-04-12,3.59600,3.61280,3.58700,3.60520
1994-04-13,3.59850,3.60700,3.59000,3.60700
1994-04-14,3.60500,3.64900,3.59650,3.60850
1994-04-15,3.60400,3.64250,3.60150,3.64050
1994-04-18,3.64700,3.67200,3.63350,3.65850
1994-04-19,3.64650,3.64900,3.55000,3.55450
1994-04-20,3.55250,3.60730,3.53000,3.60520
1994-04-21,3.60250,3.61620,3.58900,3.59930
1994-04-22,3.59750,3.61470,3.59750,3.61430
1994-04-25,3.60850,3.62880,3.60000,3.61380
1994-04-26,3.61550,3.61650,3.57650,3.58500
1994-04-27,3.57700,3.58100,3.57500,3.57750
1994-04-28,3.57250,3.57750,3.56500,3.56750
1994-04-29,3.53700,3.54530,3.51250,3.52080
1994-05-02,3.52450,3.52700,3.50350,3.50950
1994-05-03,3.51300,3.54630,3.51050,3.53930
1994-05-04,3.53000,3.60820,3.53000,3.60370
1994-05-05,3.60000,3.63950,3.60000,3.62080
1994-05-06,3.62400,3.63050,3.56500,3.57950
1994-05-09,3.57000,3.62350,3.57000,3.60850
1994-05-10,3.60750,3.61550,3.60400,3.61550
1994-05-11,3.62100,3.64920,3.61400,3.64180
1994-05-12,3.64100,3.64350,3.63250,3.64150
1994-05-13,3.63900,3.64820,3.63250,3.64520
1994-05-16,3.65050,3.67610,3.65000,3.66330
1994-05-17,3.66200,3.67470,3.65000,3.65530
1994-05-18,3.64200,3.67280,3.64200,3.67070
1994-05-19,3.66500,3.67470,3.66300,3.67070
1994-05-20,3.67200,3.67720,3.65850,3.67470
1994-05-23,3.67450,3.68050,3.64900,3.65650
1994-05-24,3.65300,3.67130,3.65150,3.66880
1994-05-25,3.67500,3.68450,3.66000,3.66950
1994-05-26,3.66450,3.66730,3.64000,3.65280
1994-05-27,3.65500,3.65930,3.64200,3.64480
1994-05-30,3.64000,3.64080,3.60000,3.63620
1994-05-31,3.63550,3.63900,3.62700,3.62950
1994-06-01,3.63650,3.63720,3.61850,3.63570
1994-06-02,3.63650,3.64020,3.62250,3.62620
1994-06-03,3.62750,3.64020,3.61400,3.62580
1994-06-06,3.63550,3.63620,3.61350,3.61780
1994-06-07,3.62550,3.62630,3.61100,3.62180
1994-06-08,3.61950,3.62080,3.61180,3.61930
1994-06-09,3.61700,3.61910,3.61400,3.61680
1994-06-10,3.61400,3.62230,3.60450,3.62230
1994-06-13,3.61850,3.62230,3.61650,3.61780
1994-06-14,3.61150,3.62320,3.60400,3.61580
1994-06-15,3.61700,3.62330,3.61000,3.62120
1994-06-16,3.61900,3.64080,3.61200,3.63530
1994-06-17,3.63600,3.65970,3.63300,3.65020
1994-06-20,3.63550,3.65070,3.62700,3.64180
1994-06-21,3.64200,3.65830,3.64050,3.65620
1994-06-22,3.65500,3.66100,3.60500,3.65350
1994-06-23,3.65450,3.66080,3.60450,3.61280
1994-06-24,3.60000,3.62520,3.56500,3.62520
1994-06-27,3.59500,3.62080,3.59500,3.61220
1994-06-28,3.61650,3.64000,3.61250,3.63950
1994-06-29,3.62850,3.65200,3.62180,3.64450
1994-06-30,3.64500,3.65550,3.64500,3.65250
1994-07-01,3.66100,3.66800,3.64650,3.65100
1994-07-04,3.65050,3.66180,3.65000,3.65570
1994-07-05,3.65550,3.66920,3.64350,3.66920
1994-07-06,3.66800,3.68350,3.65350,3.66650
1994-07-07,3.66650,3.68030,3.65650,3.67280
1994-07-08,3.66900,3.69200,3.66250,3.67250
1994-07-11,3.66850,3.67630,3.64600,3.65380
1994-07-12,3.64450,3.66080,3.63000,3.64080
1994-07-13,3.64650,3.65970,3.64050,3.65320
1994-07-14,3.66350,3.66980,3.64830,3.66270
1994-07-15,3.66700,3.67120,3.65250,3.66620
1994-07-18,3.66000,3.66580,3.65400,3.66520
1994-07-19,3.66400,3.67530,3.65580,3.67530
1994-07-20,3.67950,3.68980,3.66670,3.67970
1994-07-21,3.67100,3.67950,3.66150,3.67750
1994-07-22,3.6875,3.70100,3.67700,3.69930
1994-07-25,3.69250,3.69870,3.68730,3.69370
1994-07-26,3.69250,3.71700,3.68050,3.68350
1994-07-27,3.68800,3.68920,3.66550,3.66770
1994-07-28,3.66600,3.68430,3.65900,3.68330
1994-07-29,3.69550,3.70350,3.66000,3.67450
1994-08-01,3.67150,3.67320,3.64300,3.65170
1994-08-02,3.65350,3.65930,3.64450,3.64900
1994-08-03,3.64750,3.65970,3.62750,3.62880
1994-08-04,3.62650,3.62730,3.60150,3.62180
1994-08-05,3.62650,3.63980,3.62000,3.62120
1994-08-08,3.62050,3.62120,3.60600,3.61220
1994-08-09,3.61250,3.62050,3.60000,3.61170
1994-08-10,3.60700,3.62020,3.60700,3.61470
1994-08-11,3.61850,3.62150,3.59500,3.59750
1994-08-12,3.59050,3.59720,3.58000,3.58820
1994-08-15,3.58400,3.58970,3.58150,3.58380
1994-08-16,3.58500,3.59070,3.57900,3.58270
1994-08-17,3.59000,3.59070,3.58300,3.58380
1994-08-18,3.58000,3.58960,3.57150,3.57830
1994-08-19,3.57150,3.57720,3.56800,3.57530
1994-08-22,3.57000,3.57830,3.56750,3.57370
1994-08-23,3.57500,3.58020,3.57400,3.57830
1994-08-24,3.57650,3.59030,3.57650,3.57970
1994-08-25,3.58350,3.58420,3.57150,3.58080
1994-08-26,3.57800,3.58570,3.57600,3.58570
1994-08-29,3.59500,3.60000,3.58000,3.58750
1994-08-30,3.58200,3.58820,3.58000,3.58730
1994-08-31,3.57250,3.58970,3.57250,3.58730
1994-09-01,3.58350,3.58820,3.58250,3.58330
1994-09-02,3.58350,3.58750,3.57650,3.58150
1994-09-05,3.57100,3.58400,3.55800,3.57150
1994-09-06,3.57100,3.58420,3.56200,3.56820
1994-09-07,3.56850,3.57930,3.56200,3.56520
1994-09-08,3.56400,3.56970,3.55600,3.56080
1994-09-09,3.55950,3.57030,3.55400,3.55770
1994-09-12,3.55050,3.56020,3.54500,3.55030
1994-09-13,3.54950,3.55800,3.54100,3.55450
1994-09-14,3.54850,3.56050,3.54500,3.55050
1994-09-15,3.55250,3.55620,3.55100,3.55530
1994-09-16,3.55550,3.55830,3.54900,3.55070
1994-09-19,3.55050,3.55700,3.53550,3.54570
1994-09-20,3.54800,3.54930,3.54080,3.54500
1994-09-21,3.54100,3.54600,3.53000,3.54200
1994-09-22,3.54050,3.54480,3.53100,3.53430
1994-09-23,3.53450,3.54470,3.51900,3.53380
1994-09-26,3.53900,3.54480,3.53100,3.54330
1994-09-27,3.53950,3.55470,3.53400,3.55280
1994-09-28,3.54950,3.55680,3.54800,3.55680
1994-09-29,3.55800,3.57430,3.55600,3.56730
1994-09-30,3.56650,3.57800,3.56300,3.56650
1994-10-03,3.56950,3.58230,3.56950,3.58230
1994-10-04,3.57400,3.57930,3.56100,3.57250
1994-10-05,3.56750,3.58020,3.56180,3.57320
1994-10-06,3.57300,3.57870,3.56100,3.57370
1994-10-07,3.56900,3.58100,3.56400,3.57600
1994-10-10,3.57450,3.58150,3.57200,3.57550
1994-10-11,3.57250,3.57720,3.56500,3.57030
1994-10-12,3.56950,3.57850,3.56600,3.57850
1994-10-13,3.57200,3.58380,3.57050,3.58230
1994-10-14,3.57050,3.57760,3.56880,3.57280
1994-10-17,3.56050,3.56130,3.54150,3.54530
1994-10-18,3.54450,3.54750,3.52380,3.52850
1994-10-19,3.52600,3.52900,3.50550,3.52100
1994-10-20,3.52000,3.53730,3.51800,3.53620
1994-10-21,3.52500,3.52630,3.5,3.50820
1994-10-24,3.50850,3.51180,3.50100,3.50450
1994-10-25,3.49850,3.49920,3.47900,3.49280
1994-10-26,3.49250,3.51030,3.48850,3.49680
1994-10-27,3.49550,3.50120,3.49250,3.50120
1994-10-28,3.50050,3.50400,3.49000,3.50100
1994-10-31,3.50600,3.50720,3.49850,3.50020
1994-11-01,3.49950,3.50530,3.49300,3.49520
1994-11-02,3.49450,3.51070,3.49000,3.50780
1994-11-03,3.50750,3.51280,3.50250,3.51220
1994-11-04,3.51000,3.51830,3.50900,3.51470
1994-11-07,3.51500,3.51580,3.50550,3.50670
1994-11-08,3.50600,3.50780,3.49500,3.49920
1994-11-09,3.49850,3.51580,3.49620,3.51470
1994-11-10,3.51400,3.52570,3.51100,3.52320
1994-11-11,3.52200,3.52270,3.51800,3.52170
1994-11-14,3.52100,3.53220,3.52100,3.52380
1994-11-15,3.52300,3.52670,3.51450,3.52080
1994-11-16,3.52000,3.53030,3.52000,3.52420
1994-11-17,3.52350,3.53030,3.51830,3.52820
1994-11-18,3.52750,3.53980,3.52200,3.53530
1994-11-21,3.53450,3.54400,3.53000,3.54100
1994-11-22,3.53950,3.54270,3.53100,3.54170
1994-11-23,3.54000,3.54120,3.53450,3.53730
1994-11-24,3.54050,3.54130,3.53500,3.53770
1994-11-25,3.53550,3.53750,3.53450,3.53730
1994-11-28,3.53650,3.54670,3.53650,3.54570
1994-11-29,3.54500,3.54680,3.54050,3.54600
1994-11-30,3.54500,3.55580,3.54500,3.55280
1994-12-01,3.55200,3.56220,3.54850,3.56130
1994-12-02,3.56050,3.57070,3.56050,3.57070
1994-12-05,3.56500,3.56820,3.55480,3.56520
1994-12-06,3.56350,3.56970,3.55800,3.56080
1994-12-07,3.56000,3.56080,3.55000,3.55220
1994-12-08,3.55150,3.55980,3.55150,3.55870
1994-12-09,3.55800,3.56970,3.55150,3.56520
1994-12-12,3.56450,3.56520,3.56000,3.56370
1994-12-13,3.56300,3.56780,3.55900,3.56480
1994-12-14,3.56400,3.56970,3.5625,3.56570
1994-12-15,3.56500,3.57130,3.56500,3.56970
1994-12-16,3.57000,3.57180,3.56750,3.56880
1994-12-19,3.57050,3.57530,3.55300,3.55470
1994-12-20,3.55350,3.55580,3.54000,3.55370
1994-12-21,3.55300,3.55620,3.55100,3.55580
1994-12-22,3.55500,3.56480,3.55050,3.55830
1994-12-23,3.55750,3.56670,3.55750,3.56370
1994-12-26,3.56300,3.56370,3.56300,3.56370
1994-12-27,3.56300,3.57020,3.55500,3.56370
1994-12-28,3.56300,3.56950,3.55000,3.55400
1994-12-29,3.55250,3.55330,3.53700,3.54630
1994-12-30,3.54550,3.54820,3.54080,3.54420
1995-01-02,3.54350,3.54420,3.54350,3.54420
1995-01-03,3.54350,3.55930,3.54350,3.55130
1995-01-04,3.55300,3.55770,3.55150,3.55770
1995-01-05,3.55550,3.55620,3.55150,3.55430
1995-01-06,3.55400,3.56570,3.55230,3.56480
1995-01-09,3.56400,3.56650,3.54000,3.54250
1995-01-10,3.54250,3.54380,3.53000,3.53930
1995-01-11,3.53850,3.53930,3.52500,3.52780
1995-01-12,3.52500,3.53980,3.52000,3.52630
1995-01-13,3.52550,3.53370,3.52000,3.52780
1995-01-16,3.52700,3.53930,3.52600,3.53320
1995-01-17,3.53250,3.53980,3.53250,3.53770
1995-01-18,3.53800,3.53980,3.52450,3.53770
1995-01-19,3.53700,3.54630,3.53130,3.53580
1995-01-20,3.53500,3.53830,3.52500,3.53580
1995-01-23,3.53450,3.54060,3.52950,3.53280
1995-01-24,3.53300,3.53600,3.53030,3.53250
1995-01-25,3.53100,3.54020,3.52700,3.53620
1995-01-26,3.53550,3.54270,3.53450,3.53730
1995-01-27,3.53650,3.54270,3.53080,3.54080
1995-01-30,3.54000,3.54080,3.52750,3.52930
1995-01-31,3.52850,3.54270,3.52230,3.54270
1995-02-01,3.54200,3.54930,3.52850,3.54170
1995-02-02,3.54000,3.54730,3.53300,3.54530
1995-02-03,3.54450,3.56020,3.54400,3.55030
1995-02-06,3.54950,3.55330,3.54550,3.55070
1995-02-07,3.54700,3.55930,3.54600,3.54970
1995-02-08,3.54900,3.55330,3.54700,3.55280
1995-02-09,3.55200,3.55450,3.54250,3.55130
1995-02-10,3.55050,3.56020,3.54050,3.54570
1995-02-13,3.54450,3.54530,3.53900,3.54530
1995-02-14,3.54450,3.54570,3.53950,3.54020
1995-02-15,3.53600,3.54880,3.53600,3.54670
1995-02-16,3.54600,3.54820,3.53850,3.54170
1995-02-17,3.53900,3.55130,3.53150,3.54170
1995-02-20,3.54050,3.54500,3.53150,3.53680
1995-02-21,3.53750,3.56130,3.53250,3.56080
1995-02-22,3.56000,3.59780,3.55250,3.59220
1995-02-23,3.59150,3.61080,3.59000,3.60330
1995-02-24,3.60200,3.61830,3.58300,3.60880
1995-02-27,3.60400,3.61030,3.59530,3.60270
1995-02-28,3.60500,3.61950,3.59600,3.59870
1995-03-01,3.59700,3.60020,3.59150,3.59830
1995-03-02,3.59500,3.60800,3.59000,3.59250
1995-03-03,3.59000,3.59760,3.56500,3.56670
1995-03-06,3.56600,3.56670,3.52000,3.54970
1995-03-07,3.54900,3.57450,3.54350,3.54550
1995-03-08,3.55000,3.57930,3.53700,3.57870
1995-03-09,3.57950,3.63150,3.57950,3.60400
1995-03-10,3.64700,3.66340,3.61900,3.65340
1995-03-13,3.65000,3.65250,3.61000,3.63600
1995-03-14,3.62900,3.63450,3.62000,3.63250
1995-03-15,3.63100,3.63450,3.57200,3.58300
1995-03-16,3.57600,3.58150,3.56000,3.58150
1995-03-17,3.57600,3.60250,3.57200,3.60150
1995-03-20,3.60000,3.64000,3.59650,3.62650
1995-03-21,3.62600,3.64000,3.61900,3.63250
1995-03-22,3.63000,3.64270,3.60800,3.60920
1995-03-23,3.60900,3.61020,3.58770,3.60330
1995-03-24,3.60200,3.62020,3.60000,3.61530
1995-03-27,3.61450,3.61530,3.60000,3.60480
1995-03-28,3.60100,3.61100,3.58600,3.58750
1995-03-29,3.59000,3.59760,3.58000,3.58820
1995-03-30,3.58750,3.61380,3.58550,3.60080
1995-03-31,3.60000,3.60200,3.57500,3.57950
1995-04-03,3.57300,3.59070,3.57300,3.58630
1995-04-04,3.58600,3.59220,3.58050,3.58920
1995-04-05,3.58850,3.59470,3.58700,3.59280
1995-04-06,3.58850,3.59620,3.58050,3.58880
1995-04-07,3.58850,3.59570,3.58100,3.58770
1995-04-10,3.60300,3.60380,3.59000,3.60180
1995-04-11,3.59800,3.60480,3.59100,3.60230
1995-04-12,3.60150,3.60920,3.60000,3.60780
1995-04-13,3.60500,3.62100,3.60500,3.60700
1995-04-14,3.60600,3.60720,3.60250,3.60630
1995-04-17,3.60400,3.60750,3.59500,3.60500
1995-04-18,3.60300,3.60400,3.58600,3.59000
1995-04-19,3.59000,3.59500,3.57850,3.59250
1995-04-20,3.59000,3.60900,3.58900,3.60650
1995-04-21,3.60550,3.61700,3.60000,3.60950
1995-04-24,3.59600,3.61220,3.59100,3.61220
1995-04-25,3.59900,3.61660,3.59900,3.61170
1995-04-26,3.61200,3.62920,3.60400,3.61870
1995-04-27,3.61200,3.61730,3.61200,3.61470
1995-04-28,3.61550,3.62250,3.60600,3.61950
1995-05-01,3.61900,3.62300,3.61750,3.62000
1995-05-02,3.62200,3.62970,3.61550,3.62380
1995-05-03,3.62200,3.64020,3.61950,3.63130
1995-05-04,3.63000,3.64020,3.62950,3.63030
1995-05-05,3.63000,3.63870,3.62300,3.62770
1995-05-08,3.62700,3.62770,3.62050,3.62420
1995-05-09,3.62850,3.63220,3.62150,3.63070
1995-05-10,3.63000,3.64050,3.63000,3.63800
1995-05-11,3.63500,3.64820,3.63250,3.64270
1995-05-12,3.64200,3.67030,3.64200,3.65620
1995-05-15,3.66750,3.66830,3.65350,3.65720
1995-05-16,3.65000,3.66970,3.63750,3.65430
1995-05-17,3.65400,3.66230,3.64800,3.66230
1995-05-18,3.66800,3.69370,3.65650,3.68220
1995-05-19,3.68300,3.69720,3.67000,3.69070
1995-05-22,3.69000,3.69930,3.6875,3.68920
1995-05-23,3.68900,3.69760,3.68550,3.69320
1995-05-24,3.69250,3.70170,3.69000,3.70080
1995-05-25,3.69250,3.69910,3.67850,3.68120
1995-05-26,3.68050,3.68770,3.65700,3.66770
1995-05-29,3.66000,3.67630,3.64000,3.65220
1995-05-30,3.65050,3.66230,3.64150,3.66120
1995-05-31,3.66050,3.68180,3.66050,3.67830
1995-06-01,3.67700,3.69530,3.67700,3.68330
1995-06-02,3.68250,3.68730,3.66050,3.67720
1995-06-05,3.67500,3.68980,3.67300,3.67720
1995-06-06,3.67700,3.68270,3.67450,3.67630
1995-06-07,3.67550,3.68080,3.67450,3.67870
1995-06-08,3.67900,3.68520,3.67000,3.67630
1995-06-09,3.67550,3.68730,3.67150,3.67470
1995-06-12,3.67350,3.67830,3.67200,3.67420
1995-06-13,3.67100,3.67380,3.66550,3.66880
1995-06-14,3.66800,3.67970,3.66250,3.66580
1995-06-15,3.66400,3.67680,3.65900,3.67230
1995-06-16,3.67050,3.67170,3.66400,3.66620
1995-06-19,3.66650,3.67720,3.66250,3.66370
1995-06-20,3.66350,3.66600,3.64550,3.65510
1995-06-21,3.65350,3.65550,3.65000,3.65100
1995-06-22,3.64950,3.65170,3.63950,3.64730
1995-06-23,3.64650,3.65030,3.62050,3.63070
1995-06-26,3.63850,3.64180,3.62850,3.63470
1995-06-27,3.63400,3.63620,3.63150,3.63320
1995-06-28,3.63000,3.65320,3.63000,3.65190
1995-06-29,3.65180,3.65570,3.63850,3.64220
1995-06-30,3.64350,3.64820,3.63400,3.63530
1995-07-03,3.63450,3.63570,3.62950,3.63170
1995-07-04,3.63000,3.63650,3.62900,3.63600
1995-07-05,3.63550,3.64980,3.63300,3.63380
1995-07-06,3.63300,3.63620,3.63020,3.63130
1995-07-07,3.63150,3.65000,3.63100,3.64080
1995-07-10,3.63850,3.65030,3.63330,3.64520
1995-07-11,3.64350,3.65430,3.64000,3.65430
1995-07-12,3.65100,3.65680,3.65000,3.65280
1995-07-13,3.65150,3.65530,3.64500,3.65070
1995-07-14,3.64650,3.65010,3.64550,3.64820
1995-07-17,3.64700,3.65320,3.64550,3.64670
1995-07-18,3.64600,3.64870,3.64480,3.64630
1995-07-19,3.64500,3.64670,3.63550,3.63620
1995-07-20,3.63750,3.64120,3.63550,3.64020
1995-07-21,3.64150,3.64580,3.64100,3.64270
1995-07-24,3.64100,3.64400,3.63730,3.63830
1995-07-25,3.63750,3.63870,3.63120,3.63530
1995-07-26,3.63400,3.63780,3.63250,3.63380
1995-07-27,3.63300,3.63570,3.62650,3.62820
1995-07-28,3.62700,3.63220,3.62250,3.62420
1995-07-31,3.625,3.62670,3.61800,3.62180
1995-08-01,3.62000,3.62180,3.60630,3.60880
1995-08-02,3.61050,3.62330,3.60050,3.61870
1995-08-03,3.61700,3.61930,3.61300,3.61580
1995-08-04,3.61500,3.61870,3.61100,3.61280
1995-08-07,3.61150,3.61680,3.60600,3.61070
1995-08-08,3.60950,3.61430,3.60750,3.60880
1995-08-09,3.60750,3.60960,3.60400,3.60510
1995-08-10,3.60650,3.61530,3.60300,3.61300
1995-08-11,3.61400,3.63500,3.61400,3.63400
1995-08-14,3.63550,3.63830,3.63100,3.63220
1995-08-15,3.63100,3.66430,3.63100,3.65820
1995-08-16,3.66100,3.66550,3.65100,3.65450
1995-08-17,3.65350,3.65700,3.64900,3.65220
1995-08-18,3.65200,3.65930,3.65200,3.65380
1995-08-21,3.65400,3.65850,3.65200,3.65430
1995-08-22,3.65550,3.66430,3.65430,3.66080
1995-08-23,3.66000,3.66480,3.65200,3.65300
1995-08-24,3.65200,3.66630,3.65200,3.65890
1995-08-25,3.65950,3.66170,3.65700,3.65820
1995-08-28,3.65700,3.65850,3.65450,3.65750
1995-08-29,3.65550,3.66250,3.65550,3.66230
1995-08-30,3.66100,3.66330,3.65700,3.65780
1995-08-31,3.65750,3.65900,3.65350,3.65650
1995-09-01,3.65450,3.66230,3.65400,3.65870
1995-09-04,3.65650,3.65930,3.65350,3.65780
1995-09-05,3.65750,3.66180,3.65750,3.65950
1995-09-06,3.65950,3.66450,3.65950,3.66250
1995-09-07,3.66200,3.66450,3.66000,3.66250
1995-09-08,3.66100,3.66920,3.66100,3.66730
1995-09-11,3.66300,3.66370,3.65700,3.66030
1995-09-12,3.66000,3.66350,3.65950,3.66030
1995-09-13,3.66100,3.66550,3.66000,3.66430
1995-09-14,3.66450,3.67400,3.66200,3.66750
1995-09-15,3.66900,3.67850,3.66900,3.67320
1995-09-18,3.67200,3.67650,3.67200,3.67500
1995-09-19,3.67250,3.67830,3.67200,3.67700
1995-09-20,3.67500,3.67680,3.66300,3.66400
1995-09-21,3.66100,3.66630,3.64690,3.65150
1995-09-22,3.65300,3.65950,3.63600,3.64920
1995-09-25,3.64950,3.65430,3.64550,3.65280
1995-09-26,3.65250,3.66430,3.64850,3.64920
1995-09-27,3.64800,3.65070,3.64500,3.64630
1995-09-28,3.64450,3.65130,3.64280,3.64880
1995-09-29,3.64600,3.65320,3.64300,3.65170
1995-10-02,3.65050,3.66030,3.65050,3.65930
1995-10-03,3.65700,3.66750,3.65600,3.66230
1995-10-04,3.66250,3.66430,3.65700,3.65800
1995-10-05,3.65650,3.66630,3.65650,3.66180
1995-10-06,3.66150,3.66670,3.65600,3.66120
1995-10-09,3.65600,3.65680,3.65100,3.65170
1995-10-10,3.65120,3.65550,3.64800,3.64900
1995-10-11,3.64900,3.65380,3.64800,3.65090
1995-10-12,3.65050,3.66430,3.65050,3.65530
1995-10-13,3.65400,3.65870,3.65200,3.65620
1995-10-16,3.65500,3.65570,3.65200,3.65430
1995-10-17,3.65350,3.65570,3.65020,3.65130
1995-10-18,3.64950,3.65370,3.64750,3.65020
1995-10-19,3.65000,3.65370,3.64550,3.64650
1995-10-20,3.64650,3.64920,3.64100,3.64180
1995-10-23,3.63700,3.63930,3.63300,3.63600
1995-10-24,3.63500,3.63720,3.63350,3.63420
1995-10-25,3.63650,3.63950,3.63300,3.63380
1995-10-26,3.63500,3.63810,3.63300,3.63380
1995-10-27,3.63350,3.63660,3.63050,3.63570
1995-10-30,3.63550,3.65020,3.63550,3.64630
1995-10-31,3.64680,3.65070,3.64350,3.64730
1995-11-01,3.64550,3.64770,3.64300,3.64520
1995-11-02,3.64700,3.65030,3.64400,3.64730
1995-11-03,3.64550,3.65000,3.64450,3.64650
1995-11-06,3.64500,3.64600,3.63950,3.64050
1995-11-07,3.64000,3.64200,3.63500,3.64100
1995-11-08,3.64050,3.64150,3.63500,3.63770
1995-11-09,3.63750,3.64250,3.63250,3.63400
1995-11-10,3.63450,3.63570,3.63000,3.63470
1995-11-13,3.63750,3.63910,3.63400,3.63720
1995-11-14,3.63600,3.64400,3.63600,3.64100
1995-11-15,3.63750,3.64080,3.63400,3.63970
1995-11-16,3.63800,3.64690,3.63800,3.64690
1995-11-17,3.64600,3.65000,3.64400,3.64730
1995-11-20,3.65000,3.65830,3.64800,3.64880
1995-11-21,3.64800,3.64870,3.64350,3.64630
1995-11-22,3.64600,3.64990,3.64500,3.64630
1995-11-23,3.64600,3.65360,3.64600,3.65170
1995-11-24,3.65100,3.65450,3.64900,3.65280
1995-11-27,3.65350,3.66080,3.65350,3.65820
1995-11-28,3.65750,3.66480,3.65750,3.65870
1995-11-29,3.65850,3.66420,3.65850,3.66150
1995-11-30,3.66100,3.67050,3.66000,3.66850
1995-12-01,3.66800,3.67130,3.66320,3.66500
1995-12-04,3.66000,3.66450,3.65750,3.66400
1995-12-05,3.66250,3.66700,3.66150,3.66400
1995-12-06,3.65900,3.67170,3.65900,3.66620
1995-12-07,3.66450,3.67030,3.66300,3.66500
1995-12-08,3.66450,3.67100,3.66450,3.66820
1995-12-11,3.66600,3.66850,3.66500,3.66630
1995-12-12,3.66550,3.66940,3.66550,3.66770
1995-12-13,3.66700,3.67050,3.66500,3.66620
1995-12-14,3.66700,3.67070,3.66150,3.66230
1995-12-15,3.66250,3.66800,3.66250,3.66550
1995-12-18,3.66500,3.66750,3.66250,3.66300
1995-12-19,3.66300,3.66850,3.66300,3.66700
1995-12-20,3.66700,3.67170,3.65900,3.66180
1995-12-21,3.66450,3.66670,3.66050,3.66120
1995-12-22,3.66000,3.66700,3.66000,3.66150
1995-12-25,3.66000,3.66150,3.66000,3.66150
1995-12-26,3.66000,3.66250,3.66000,3.66250
1995-12-27,3.66050,3.66120,3.64950,3.65070
1995-12-28,3.65250,3.65570,3.64700,3.65070
1995-12-29,3.65000,3.65250,3.64400,3.64550
1996-01-02,3.64500,3.64620,3.64100,3.64200
1996-01-03,3.64350,3.64420,3.62800,3.63070
1996-01-04,3.63150,3.63430,3.62600,3.62770
1996-01-05,3.62550,3.63130,3.62510,3.62770
1996-01-08,3.62700,3.63470,3.62700,3.63420
1996-01-09,3.63300,3.63830,3.625,3.62620
1996-01-10,3.62400,3.62750,3.62150,3.62230
1996-01-11,3.62300,3.62980,3.62300,3.62650
1996-01-12,3.62750,3.63550,3.62750,3.63130
1996-01-15,3.63050,3.63550,3.63050,3.63250
1996-01-16,3.63550,3.64480,3.63550,3.64220
1996-01-17,3.63900,3.64820,3.63900,3.64630
1996-01-18,3.64500,3.64820,3.64100,3.64270
1996-01-19,3.64150,3.65010,3.64150,3.64730
1996-01-22,3.64750,3.65280,3.64550,3.64670
1996-01-23,3.64550,3.64880,3.64370,3.64770
1996-01-24,3.64770,3.65150,3.64700,3.65000
1996-01-25,3.65050,3.65320,3.64500,3.65170
1996-01-26,3.65250,3.65720,3.65190,3.65570
1996-01-29,3.65500,3.65720,3.65200,3.65320
1996-01-30,3.65150,3.65450,3.64970,3.65170
1996-01-31,3.65150,3.65570,3.64750,3.65000
1996-02-01,3.64800,3.65320,3.64750,3.64980
1996-02-02,3.65000,3.65280,3.64700,3.64770
1996-02-05,3.64600,3.64820,3.63750,3.63970
1996-02-06,3.64050,3.64580,3.64030,3.64370
1996-02-07,3.64250,3.64600,3.64180,3.64270
1996-02-08,3.64200,3.64770,3.64200,3.64370
1996-02-09,3.64450,3.64780,3.64250,3.64600
1996-02-12,3.64550,3.65110,3.64550,3.64730
1996-02-13,3.64700,3.64880,3.64400,3.64580
1996-02-14,3.64300,3.64690,3.64300,3.64420
1996-02-15,3.64250,3.67350,3.64250,3.67150
1996-02-16,3.67000,3.88410,3.66250,3.78410
1996-02-19,3.80000,3.91470,3.79500,3.85480
1996-02-20,3.85000,3.88500,3.84000,3.87000
1996-02-21,3.875,4.035000,3.85500,3.94500
1996-02-22,3.94750,3.95500,3.87000,3.88500
1996-02-23,3.88000,3.89750,3.83250,3.84500
1996-02-26,3.84000,3.86650,3.81500,3.82250
1996-02-27,3.82300,3.83750,3.81000,3.81750
1996-02-28,3.81700,3.82750,3.78800,3.82500
1996-02-29,3.82000,3.87750,3.82000,3.875
1996-03-01,3.87250,3.91250,3.80000,3.91000
1996-03-04,3.89750,3.91250,3.89450,3.89800
1996-03-05,3.89250,3.97300,3.86500,3.87650
1996-03-06,3.87150,3.88350,3.86700,3.87950
1996-03-07,3.87750,3.92500,3.81000,3.90750
1996-03-08,3.90500,3.94370,3.90500,3.92120
1996-03-11,3.92000,3.96750,3.92000,3.93350
1996-03-12,3.93000,3.94300,3.90900,3.93500
1996-03-13,3.92800,3.94500,3.88900,3.90500
1996-03-14,3.90000,3.95550,3.89350,3.94500
1996-03-15,3.94000,3.95500,3.91000,3.92250
1996-03-18,3.91800,3.94250,3.91800,3.93000
1996-03-19,3.92800,3.9375,3.92100,3.92450
1996-03-20,3.92300,3.93400,3.92200,3.92850
1996-03-21,3.92350,3.92650,3.90700,3.91350
1996-03-22,3.92250,3.93500,3.91350,3.92250
1996-03-25,3.91850,3.93850,3.91850,3.93350
1996-03-26,3.91850,3.94650,3.91850,3.94200
1996-03-27,3.94000,3.99200,3.94000,3.98250
1996-03-28,3.98100,4.0095000,3.98100,3.99500
1996-03-29,3.99200,4.010500,3.97200,3.98000
1996-04-01,3.97800,4.0060000,3.96900,3.99800
1996-04-02,3.99850,4.024500,3.98850,4.011000
1996-04-03,4.0070000,4.15010,4.0070000,4.13750
1996-04-04,4.125,4.13000,4.070000,4.100000
1996-04-05,4.097500,4.10250,4.097500,4.10250
1996-04-08,4.077500,4.095000,4.075000,4.092500
1996-04-09,4.11750,4.16000,4.095000,4.15000
1996-04-10,4.14000,4.19500,4.14000,4.18500
1996-04-11,4.17750,4.18250,4.13000,4.15500
1996-04-12,4.14750,4.17750,4.100000,4.17000
1996-04-15,4.16000,4.22500,4.15750,4.22250
1996-04-16,4.21000,4.26000,4.20700,4.23500
1996-04-17,4.22250,4.25500,4.19750,4.23000
1996-04-18,4.22750,4.25500,4.22000,4.23000
1996-04-19,4.23000,4.28000,4.22500,4.27000
1996-04-22,4.26250,4.27000,4.23750,4.24500
1996-04-23,4.24000,4.25750,4.22750,4.23500
1996-04-24,4.23250,4.27500,4.22500,4.27000
1996-04-25,4.26000,4.45500,4.25250,4.44500
1996-04-26,4.45000,4.57000,4.36250,4.36750
1996-04-29,4.36250,4.39250,4.30000,4.36250
1996-04-30,4.36000,4.39750,4.31000,4.33000
1996-05-01,4.32000,4.33250,4.31000,4.31750
1996-05-02,4.32000,4.38750,4.31500,4.37250
1996-05-03,4.36750,4.39500,4.35750,4.38750
1996-05-06,4.37040,4.41250,4.37040,4.40250
1996-05-07,4.39250,4.40500,4.375,4.38500
1996-05-08,4.38000,4.49500,4.34250,4.49000
1996-05-09,4.48750,4.55500,4.45250,4.46500
1996-05-10,4.45750,4.47500,4.34000,4.38250
1996-05-13,4.38500,4.40000,4.32000,4.36250
1996-05-14,4.36000,4.37140,4.27000,4.28140
1996-05-15,4.28000,4.33000,4.26500,4.31000
1996-05-16,4.31750,4.375,4.31750,4.34500
1996-05-17,4.35000,4.36250,4.30000,4.3125
1996-05-20,4.3125,4.33700,4.29100,4.31750
1996-05-21,4.3125,4.33500,4.31000,4.32750
1996-05-22,4.31000,4.36750,4.31000,4.36750
1996-05-23,4.36250,4.38000,4.35000,4.36250
1996-05-24,4.35750,4.375,4.34000,4.36000
1996-05-27,4.35500,4.375,4.35500,4.36500
1996-05-28,4.36500,4.40000,4.36500,4.39500
1996-05-29,4.39250,4.40010,4.37250,4.38000
1996-05-30,4.38000,4.38500,4.36000,4.37000
1996-05-31,4.36750,4.375,4.33500,4.35000
1996-06-03,4.34750,4.37250,4.33750,4.35500
1996-06-04,4.35250,4.38000,4.35000,4.375
1996-06-05,4.37000,4.38350,4.36000,4.36750
1996-06-06,4.36250,4.38000,4.34500,4.35000
1996-06-07,4.34500,4.37000,4.33000,4.36700
1996-06-10,4.36200,4.38800,4.34000,4.35000
1996-06-11,4.34750,4.375,4.32750,4.35250
1996-06-12,4.34800,4.35500,4.29000,4.30300
1996-06-13,4.30000,4.32750,4.30000,4.30750
1996-06-14,4.31000,4.36500,4.30000,4.34900
1996-06-17,4.34250,4.375,4.32500,4.34500
1996-06-18,4.34500,4.35500,4.32250,4.34150
1996-06-19,4.34000,4.36500,4.33500,4.34500
1996-06-20,4.35300,4.37400,4.34400,4.36200
1996-06-21,4.36000,4.37400,4.34800,4.35850
1996-06-24,4.35250,4.36750,4.33500,4.35600
1996-06-25,4.35000,4.36500,4.34000,4.35150
1996-06-26,4.34750,4.35250,4.32550,4.33000
1996-06-27,4.32750,4.34700,4.31700,4.34100
1996-06-28,4.33500,4.34050,4.32200,4.33050
1996-07-01,4.32750,4.34100,4.32500,4.33250
1996-07-02,4.32650,4.33750,4.32250,4.33000
1996-07-03,4.32850,4.34030,4.32000,4.32870
1996-07-04,4.32750,4.34500,4.32000,4.34400
1996-07-05,4.33600,4.35550,4.32100,4.34000
1996-07-08,4.33500,4.34850,4.32800,4.34180
1996-07-09,4.33650,4.34000,4.32500,4.33100
1996-07-10,4.33100,4.33950,4.32000,4.32950
1996-07-11,4.33850,4.35750,4.32650,4.34450
1996-07-12,4.34250,4.42700,4.33400,4.41500
1996-07-15,4.41000,4.44800,4.41000,4.43250
1996-07-16,4.42000,4.45100,4.41850,4.42750
1996-07-17,4.42000,4.43500,4.37000,4.38050
1996-07-18,4.37950,4.39150,4.35500,4.38800
1996-07-19,4.38500,4.40350,4.37700,4.38750
1996-07-22,4.375,4.40450,4.375,4.38800
1996-07-23,4.38300,4.4375,4.38000,4.43000
1996-07-24,4.42800,4.43400,4.40700,4.42400
1996-07-25,4.42100,4.44250,4.42100,4.43850
1996-07-26,4.43600,4.47000,4.43450,4.44950
1996-07-29,4.45200,4.45950,4.44700,4.45300
1996-07-30,4.44750,4.47300,4.44750,4.47150
1996-07-31,4.46500,4.52500,4.45700,4.52200
1996-08-01,4.51300,4.53250,4.48000,4.49750
1996-08-02,4.49750,4.50450,4.47100,4.48250
1996-08-05,4.47800,4.48600,4.45000,4.46800
1996-08-06,4.46150,4.48350,4.45750,4.48050
1996-08-07,4.47500,4.50880,4.47500,4.49470
1996-08-08,4.49300,4.53750,4.49000,4.53500
1996-08-09,4.53000,4.54000,4.51300,4.52600
1996-08-12,4.53000,4.55050,4.51000,4.54350
1996-08-13,4.53750,4.55300,4.51300,4.54500
1996-08-14,4.53500,4.56000,4.53500,4.55300
1996-08-15,4.55000,4.58000,4.53600,4.56600
1996-08-16,4.55800,4.57500,4.53500,4.55500
1996-08-19,4.54000,4.59500,4.52850,4.56000
1996-08-20,4.55600,4.57700,4.54900,4.57500
1996-08-21,4.55800,4.57400,4.54800,4.55500
1996-08-22,4.55900,4.57300,4.54300,4.55500
1996-08-23,4.55100,4.55800,4.52100,4.53500
1996-08-26,4.53500,4.54500,4.52400,4.53500
1996-08-27,4.52900,4.53650,4.50900,4.51600
1996-08-28,4.51000,4.52450,4.49500,4.50400
1996-08-29,4.50200,4.52250,4.49800,4.50850
1996-08-30,4.50650,4.51350,4.48000,4.49200
1996-09-02,4.48700,4.5,4.46000,4.47450
1996-09-03,4.46850,4.49150,4.46750,4.48350
1996-09-04,4.48250,4.48870,4.47150,4.48630
1996-09-05,4.48500,4.51570,4.48300,4.49850
1996-09-06,4.49750,4.51100,4.49750,4.50650
1996-09-09,4.50150,4.51100,4.48750,4.49500
1996-09-10,4.48800,4.49400,4.48000,4.49150
1996-09-11,4.49100,4.50150,4.47500,4.48250
1996-09-12,4.48200,4.50550,4.48000,4.49850
1996-09-13,4.49400,4.51250,4.49400,4.49750
1996-09-16,4.49300,4.49950,4.47500,4.48400
1996-09-17,4.48250,4.48850,4.48000,4.48650
1996-09-18,4.48400,4.49170,4.47650,4.48570
1996-09-19,4.48400,4.49900,4.47150,4.49250
1996-09-20,4.49270,4.50550,4.48250,4.50250
1996-09-23,4.5,4.51600,4.5,4.51200
1996-09-24,4.50850,4.51950,4.50500,4.51300
1996-09-25,4.50600,4.51900,4.50400,4.51800
1996-09-26,4.51200,4.53750,4.51000,4.53100
1996-09-27,4.52500,4.53950,4.52200,4.53500
1996-09-30,4.53200,4.53950,4.51000,4.53950
1996-10-01,4.53500,4.55150,4.51750,4.53350
1996-10-02,4.53200,4.53550,4.49800,4.50250
1996-10-03,4.50350,4.54100,4.49400,4.52950
1996-10-04,4.52600,4.54250,4.51700,4.54000
1996-10-07,4.53600,4.55300,4.52400,4.53750
1996-10-08,4.53400,4.54000,4.52800,4.53500
1996-10-09,4.53200,4.54250,4.52500,4.54250
1996-10-10,4.54000,4.56650,4.53000,4.55450
1996-10-11,4.55200,4.55600,4.53400,4.54750
1996-10-14,4.54100,4.55200,4.53200,4.53550
1996-10-15,4.53650,4.54650,4.52250,4.54000
1996-10-16,4.53650,4.55300,4.53650,4.55150
1996-10-17,4.55000,4.56700,4.53500,4.54850
1996-10-18,4.54600,4.55550,4.53900,4.55450
1996-10-21,4.55150,4.57250,4.54900,4.56750
1996-10-22,4.56500,4.58550,4.56500,4.57050
1996-10-23,4.56800,4.58250,4.5625,4.58100
1996-10-24,4.57600,4.58900,4.57250,4.58550
1996-10-25,4.58400,4.62450,4.57400,4.61250
1996-10-28,4.61300,4.67250,4.61300,4.66250
1996-10-29,4.66000,4.69650,4.65900,4.69400
1996-10-30,4.69100,4.75050,4.67600,4.74250
1996-10-31,4.74500,4.76950,4.68000,4.69500
1996-11-01,4.70300,4.72000,4.65500,4.68250
1996-11-04,4.67800,4.70950,4.67800,4.70050
1996-11-05,4.70300,4.71250,4.6875,4.71000
1996-11-06,4.70500,4.72000,4.69250,4.71250
1996-11-07,4.70900,4.71500,4.68600,4.70000
1996-11-08,4.70250,4.71150,4.67950,4.70500
1996-11-11,4.70350,4.72050,4.69300,4.69950
1996-11-12,4.69000,4.70650,4.66800,4.67550
1996-11-13,4.67500,4.69000,4.63800,4.69000
1996-11-14,4.68600,4.70250,4.67600,4.68850
1996-11-15,4.6875,4.69000,4.66100,4.67250
1996-11-18,4.66850,4.68050,4.65200,4.65500
1996-11-19,4.65100,4.65800,4.62000,4.625
1996-11-20,4.62450,4.67000,4.62000,4.65500
1996-11-21,4.65000,4.66100,4.57200,4.59000
1996-11-22,4.58000,4.62900,4.58000,4.61050
1996-11-25,4.61200,4.62400,4.59500,4.60750
1996-11-26,4.60450,4.60750,4.57000,4.58750
1996-11-27,4.58400,4.58650,4.54350,4.55600
1996-11-28,4.55300,4.58250,4.54350,4.57250
1996-11-29,4.57050,4.62150,4.56900,4.61550
1996-12-02,4.60500,4.65150,4.60250,4.64250
1996-12-03,4.63900,4.66350,4.63000,4.65600
1996-12-04,4.65300,4.67500,4.63250,4.67150
1996-12-05,4.66900,4.6875,4.65900,4.67050
1996-12-06,4.66900,4.67450,4.65300,4.66250
1996-12-09,4.65600,4.69250,4.65100,4.69050
1996-12-10,4.67950,4.69250,4.67400,4.67950
1996-12-11,4.67850,4.68950,4.66100,4.67050
1996-12-12,4.66850,4.75850,4.66800,4.75100
1996-12-13,4.74950,4.75250,4.72400,4.72960
1996-12-16,4.72700,4.72950,4.69950,4.72450
1996-12-17,4.72200,4.74250,4.70500,4.72100
1996-12-18,4.71750,4.73150,4.66550,4.67950
1996-12-19,4.67700,4.70100,4.65500,4.67200
1996-12-20,4.66900,4.68500,4.65550,4.68350
1996-12-23,4.67500,4.69950,4.66700,4.68600
1996-12-24,4.68850,4.69600,4.68000,4.68950
1996-12-25,4.68850,4.68950,4.68850,4.68950
1996-12-26,4.68700,4.69250,4.68700,4.69050
1996-12-27,4.6875,4.69060,4.67200,4.67750
1996-12-30,4.67600,4.68850,4.67000,4.67900
1996-12-31,4.67500,4.68450,4.67200,4.67850
1997-01-02,4.67750,4.70150,4.67750,4.69500
1997-01-03,4.69200,4.70950,4.68400,4.70050
1997-01-06,4.69600,4.72150,4.69250,4.70250
1997-01-07,4.69800,4.70450,4.65500,4.66000
1997-01-08,4.65800,4.70180,4.65500,4.68730
1997-01-09,4.68500,4.69450,4.64400,4.66050
1997-01-10,4.65950,4.68550,4.64900,4.68250
1997-01-13,4.68000,4.69100,4.65600,4.66950
1997-01-14,4.66800,4.67950,4.65200,4.66450
1997-01-15,4.66100,4.67150,4.63300,4.64850
1997-01-16,4.64500,4.66250,4.64000,4.65350
1997-01-17,4.65150,4.68450,4.63000,4.64750
1997-01-20,4.64500,4.66000,4.63500,4.64400
1997-01-21,4.64100,4.65950,4.64000,4.65050
1997-01-22,4.64800,4.66050,4.61400,4.61850
1997-01-23,4.62050,4.63210,4.60800,4.62200
1997-01-24,4.61300,4.62850,4.60000,4.61000
1997-01-27,4.60600,4.61450,4.57300,4.57850
1997-01-28,4.57800,4.58750,4.56000,4.57000
1997-01-29,4.56500,4.57900,4.55250,4.55750
1997-01-30,4.55900,4.57550,4.55250,4.57150
1997-01-31,4.56700,4.57500,4.55600,4.56000
1997-02-03,4.55900,4.56350,4.52200,4.52650
1997-02-04,4.52400,4.54150,4.51150,4.53050
1997-02-05,4.52700,4.53550,4.47850,4.48750
1997-02-06,4.48800,4.49350,4.45700,4.46550
1997-02-07,4.46500,4.48100,4.43000,4.43950
1997-02-10,4.43200,4.44150,4.38900,4.39350
1997-02-11,4.39250,4.45650,4.37750,4.42000
1997-02-12,4.41800,4.42650,4.40000,4.40650
1997-02-13,4.40800,4.42500,4.38250,4.41250
1997-02-14,4.41300,4.43050,4.39300,4.41750
1997-02-17,4.41400,4.42470,4.40600,4.41470
1997-02-18,4.41200,4.48750,4.40500,4.46700
1997-02-19,4.46200,4.49950,4.44000,4.47750
1997-02-20,4.47500,4.49350,4.46000,4.49350
1997-02-21,4.48900,4.49080,4.47200,4.48080
1997-02-24,4.48000,4.48400,4.41500,4.42000
1997-02-25,4.41600,4.43100,4.40500,4.42200
1997-02-26,4.41950,4.44050,4.41200,4.43450
1997-02-27,4.43350,4.47650,4.43000,4.47650
1997-02-28,4.47200,4.48500,4.46000,4.47750
1997-03-03,4.47500,4.47950,4.46000,4.47400
1997-03-04,4.47250,4.47700,4.4375,4.45050
1997-03-05,4.44800,4.46400,4.44000,4.44250
1997-03-06,4.44500,4.46300,4.44100,4.45450
1997-03-07,4.45100,4.47100,4.45100,4.45500
1997-03-10,4.45650,4.46650,4.42150,4.43300
1997-03-11,4.43000,4.44100,4.40750,4.43150
1997-03-12,4.43000,4.44900,4.40000,4.40250
1997-03-13,4.40200,4.40900,4.38900,4.39850
1997-03-14,4.39750,4.45050,4.39700,4.43650
1997-03-17,4.43600,4.44450,4.41200,4.41450
1997-03-18,4.41700,4.42700,4.40800,4.41700
1997-03-19,4.41500,4.44150,4.41400,4.42650
1997-03-20,4.42500,4.44800,4.42000,4.43150
1997-03-21,4.42900,4.43450,4.42000,4.42650
1997-03-24,4.42350,4.44000,4.42200,4.42750
1997-03-25,4.42250,4.43250,4.40900,4.41600
1997-03-26,4.41650,4.43000,4.41000,4.42150
1997-03-27,4.42000,4.42690,4.41500,4.42100
1997-03-28,4.41950,4.42200,4.41650,4.42150
1997-03-31,4.41900,4.43050,4.41750,4.42050
1997-04-01,4.41700,4.43050,4.39000,4.41250
1997-04-02,4.41150,4.42400,4.40950,4.41550
1997-04-03,4.41550,4.43050,4.41050,4.41850
1997-04-04,4.41600,4.42050,4.40650,4.41150
1997-04-07,4.41100,4.43000,4.40850,4.42400
1997-04-08,4.42300,4.43650,4.42000,4.42550
1997-04-09,4.42300,4.43950,4.42300,4.43700
1997-04-10,4.43300,4.47400,4.43200,4.45500
1997-04-11,4.45400,4.46250,4.44300,4.44750
1997-04-14,4.45000,4.45850,4.44500,4.45600
1997-04-15,4.45600,4.46850,4.44900,4.45950
1997-04-16,4.46000,4.47050,4.44250,4.45950
1997-04-17,4.45600,4.47100,4.45000,4.45450
1997-04-18,4.45100,4.45850,4.44100,4.44950
1997-04-21,4.44700,4.46250,4.44000,4.44650
1997-04-22,4.44250,4.46150,4.44000,4.44300
1997-04-23,4.44150,4.44850,4.4375,4.44550
1997-04-24,4.44500,4.45950,4.43400,4.44250
1997-04-25,4.44000,4.46150,4.43850,4.44150
1997-04-28,4.44000,4.44870,4.43500,4.44050
1997-04-29,4.44000,4.45050,4.42250,4.44150
1997-04-30,4.43700,4.45050,4.43050,4.44750
1997-05-01,4.44500,4.46150,4.44000,4.44750
1997-05-02,4.44450,4.46050,4.44350,4.45200
1997-05-05,4.45000,4.45770,4.44400,4.45650
1997-05-06,4.45300,4.45850,4.44850,4.45500
1997-05-07,4.45400,4.46000,4.44300,4.45500
1997-05-08,4.45400,4.48100,4.45300,4.46950
1997-05-09,4.46700,4.47000,4.45800,4.45950
1997-05-12,4.46000,4.46450,4.45500,4.46150
1997-05-13,4.46000,4.46950,4.45600,4.46900
1997-05-14,4.46500,4.48950,4.46000,4.48650
1997-05-15,4.48350,4.49650,4.47400,4.48150
1997-05-16,4.48200,4.48350,4.47000,4.47500
1997-05-19,4.47250,4.48050,4.46000,4.46450
1997-05-20,4.46100,4.47100,4.45650,4.46350
1997-05-21,4.46200,4.46400,4.45000,4.45650
1997-05-22,4.45400,4.47150,4.45300,4.47050
1997-05-23,4.46750,4.47400,4.46000,4.47300
1997-05-26,4.47850,4.48100,4.46750,4.47250
1997-05-27,4.46900,4.47850,4.46800,4.47350
1997-05-28,4.47000,4.47950,4.46900,4.47150
1997-05-29,4.47000,4.48000,4.46300,4.46650
1997-05-30,4.46600,4.47450,4.45300,4.46750
1997-06-02,4.46600,4.47550,4.46300,4.46550
1997-06-03,4.46400,4.47900,4.46100,4.46800
1997-06-04,4.46400,4.48200,4.46200,4.47750
1997-06-05,4.47400,4.49050,4.46900,4.48200
1997-06-06,4.47850,4.48500,4.47700,4.48350
1997-06-09,4.48000,4.51150,4.48000,4.50550
1997-06-10,4.50400,4.50600,4.49650,4.49850
1997-06-11,4.49700,4.50020,4.49000,4.49320
1997-06-12,4.49300,4.50250,4.49300,4.49750
1997-06-13,4.49800,4.50300,4.49100,4.50200
1997-06-16,4.5,4.50350,4.49650,4.5
1997-06-17,4.49750,4.51250,4.49250,4.51200
1997-06-18,4.50500,4.51950,4.49950,4.51250
1997-06-19,4.51100,4.51900,4.50500,4.50900
1997-06-20,4.50700,4.51700,4.50250,4.51000
1997-06-23,4.50800,4.51000,4.49300,4.49750
1997-06-24,4.49650,4.50450,4.49200,4.50350
1997-06-25,4.5,4.51100,4.49850,4.50400
1997-06-26,4.5,4.51450,4.49800,4.51050
1997-06-27,4.50800,4.52000,4.50300,4.51800
1997-06-30,4.51600,4.53750,4.51000,4.53550
1997-07-01,4.53400,4.54400,4.51600,4.52850
1997-07-02,4.52500,4.54200,4.52100,4.52950
1997-07-03,4.52650,4.53400,4.51900,4.52150
1997-07-04,4.51800,4.52950,4.51000,4.52750
1997-07-07,4.52500,4.54150,4.52300,4.53850
1997-07-08,4.53700,4.55650,4.53450,4.55550
1997-07-09,4.55000,4.56850,4.54450,4.55750
1997-07-10,4.55550,4.56100,4.54000,4.55100
1997-07-11,4.55000,4.55800,4.54000,4.54450
1997-07-14,4.54350,4.55950,4.54300,4.55350
1997-07-15,4.55300,4.55900,4.54850,4.55550
1997-07-16,4.55400,4.55630,4.55000,4.55420
1997-07-17,4.55200,4.55850,4.54700,4.55600
1997-07-18,4.55400,4.56750,4.55200,4.56600
1997-07-21,4.56550,4.57550,4.56050,4.57400
1997-07-22,4.56700,4.57600,4.56200,4.57350
1997-07-23,4.57250,4.57410,4.55800,4.56150
1997-07-24,4.55700,4.56600,4.54950,4.55500
1997-07-25,4.55000,4.56800,4.53300,4.56350
1997-07-28,4.55900,4.57850,4.55500,4.57350
1997-07-29,4.57200,4.59400,4.57100,4.58800
1997-07-30,4.58000,4.59600,4.58000,4.59350
1997-07-31,4.58700,4.61650,4.58700,4.61250
1997-08-01,4.60300,4.64450,4.60300,4.63650
1997-08-04,4.63450,4.66650,4.63200,4.66050
1997-08-05,4.65250,4.66000,4.64500,4.65500
1997-08-06,4.65400,4.68250,4.64800,4.67450
1997-08-07,4.67300,4.70700,4.67000,4.67800
1997-08-08,4.67200,4.70250,4.66000,4.66750
1997-08-11,4.66500,4.67450,4.65800,4.66250
1997-08-12,4.66000,4.68100,4.66000,4.66950
1997-08-13,4.67050,4.67250,4.65350,4.65600
1997-08-14,4.65500,4.69000,4.65500,4.68150
1997-08-15,4.68100,4.70100,4.67700,4.68650
1997-08-18,4.68700,4.69000,4.67100,4.68550
1997-08-19,4.68500,4.70400,4.68350,4.70350
1997-08-20,4.69800,4.75250,4.69400,4.74750
1997-08-21,4.74200,4.79250,4.73300,4.74750
1997-08-22,4.74600,4.74950,4.68500,4.68800
1997-08-25,4.68900,4.70150,4.66800,4.70150
1997-08-26,4.69500,4.71450,4.67000,4.68950
1997-08-27,4.68800,4.70450,4.68000,4.70350
1997-08-28,4.69800,4.72750,4.68550,4.70050
1997-08-29,4.69700,4.69950,4.67700,4.69250
1997-09-01,4.69100,4.71150,4.68800,4.70350
1997-09-02,4.69800,4.71050,4.69400,4.70350
1997-09-03,4.70200,4.70660,4.69450,4.69950
1997-09-04,4.69900,4.70850,4.69500,4.70350
1997-09-05,4.70000,4.70350,4.68100,4.69400
1997-09-08,4.68500,4.69950,4.67350,4.68950
1997-09-09,4.68800,4.72100,4.68700,4.70300
1997-09-10,4.70000,4.71450,4.69600,4.70100
1997-09-11,4.69800,4.70450,4.68300,4.68550
1997-09-12,4.68400,4.70000,4.68400,4.68700
1997-09-15,4.68500,4.69050,4.66700,4.67500
1997-09-16,4.67300,4.69300,4.67100,4.67650
1997-09-17,4.67550,4.69400,4.67400,4.68100
1997-09-18,4.68800,4.68950,4.67100,4.67550
1997-09-19,4.67350,4.68600,4.67200,4.67750
1997-09-22,4.67600,4.71550,4.67450,4.70750
1997-09-23,4.70350,4.70950,4.69000,4.70000
1997-09-24,4.69500,4.70100,4.68500,4.69450
1997-09-25,4.69200,4.69850,4.67500,4.68000
1997-09-26,4.67950,4.69250,4.66900,4.68000
1997-09-29,4.67400,4.67850,4.65700,4.66050
1997-09-30,4.65900,4.66750,4.65100,4.65250
1997-10-01,4.65100,4.67400,4.65000,4.66950
1997-10-02,4.66400,4.67250,4.65600,4.66050
1997-10-03,4.65800,4.68150,4.65600,4.66750
1997-10-06,4.66700,4.67450,4.64200,4.66500
1997-10-07,4.66300,4.67250,4.65400,4.67000
1997-10-08,4.66400,4.68100,4.65800,4.66850
1997-10-09,4.66650,4.67950,4.66000,4.66650
1997-10-10,4.66500,4.67750,4.66050,4.66700
1997-10-13,4.66750,4.67200,4.65200,4.66750
1997-10-14,4.66600,4.67450,4.65500,4.67250
1997-10-15,4.67000,4.67700,4.66100,4.66650
1997-10-16,4.67100,4.70080,4.66100,4.68650
1997-10-17,4.68400,4.70800,4.67900,4.70500
1997-10-20,4.70500,4.70750,4.69000,4.69350
1997-10-21,4.69300,4.70350,4.68700,4.70250
1997-10-22,4.70300,4.73350,4.69300,4.72850
1997-10-23,4.72800,4.75500,4.72000,4.72300
1997-10-24,4.72200,4.75500,4.71700,4.75500
1997-10-27,4.75100,4.79550,4.74000,4.79450
1997-10-28,4.79500,4.86550,4.77750,4.81150
1997-10-29,4.80750,4.83750,4.79000,4.82550
1997-10-30,4.82200,4.84450,4.81900,4.82650
1997-10-31,4.82500,4.83650,4.80400,4.81500
1997-11-03,4.81300,4.81750,4.77800,4.78750
1997-11-04,4.78800,4.83100,4.77700,4.81750
1997-11-05,4.81450,4.82750,4.80750,4.81450
1997-11-06,4.81650,4.82650,4.81200,4.82500
1997-11-07,4.82450,4.84150,4.81700,4.83650
1997-11-10,4.83500,4.83850,4.81750,4.82350
1997-11-11,4.82150,4.82900,4.80700,4.81450
1997-11-12,4.81300,4.83350,4.81300,4.82950
1997-11-13,4.83000,4.84500,4.81650,4.83650
1997-11-14,4.83350,4.87750,4.82500,4.84500
1997-11-17,4.85000,4.86150,4.83900,4.85450
1997-11-18,4.85100,4.85650,4.84450,4.85250
1997-11-19,4.85200,4.87200,4.85000,4.86000
1997-11-20,4.85900,4.86950,4.84000,4.84700
1997-11-21,4.84400,4.85050,4.82300,4.83250
1997-11-24,4.83050,4.84950,4.83000,4.83950
1997-11-25,4.83700,4.86120,4.83700,4.85200
1997-11-26,4.85100,4.86250,4.84850,4.85200
1997-11-27,4.85150,4.86000,4.84000,4.84550
1997-11-28,4.84500,4.86000,4.84500,4.85250
1997-12-01,4.85100,4.86800,4.85100,4.86300
1997-12-02,4.86100,4.86650,4.85100,4.86050
1997-12-03,4.86100,4.87050,4.85100,4.85500
1997-12-04,4.85500,4.86950,4.85250,4.86800
1997-12-05,4.86850,4.88100,4.86450,4.87600
1997-12-08,4.87300,4.87650,4.85700,4.86450
1997-12-09,4.86000,4.88500,4.85500,4.88200
1997-12-10,4.88000,4.89650,4.86800,4.89650
1997-12-11,4.89450,4.89700,4.87950,4.89650
1997-12-12,4.89350,4.90150,4.88450,4.89250
1997-12-15,4.88900,4.90050,4.88100,4.89050
1997-12-16,4.88750,4.89350,4.87650,4.88200
1997-12-17,4.88200,4.88350,4.85400,4.85600
1997-12-18,4.85500,4.86650,4.84500,4.86150
1997-12-19,4.85700,4.87050,4.84950,4.86400
1997-12-22,4.86300,4.86700,4.84750,4.85250
1997-12-23,4.85250,4.86620,4.85150,4.85650
1997-12-24,4.85400,4.86950,4.85250,4.85750
1997-12-25,4.85500,4.85750,4.85500,4.85750
1997-12-26,4.85250,4.86500,4.85250,4.86050
1997-12-29,4.85900,4.87050,4.85500,4.86350
1997-12-30,4.86250,4.86500,4.85250,4.86150
1997-12-31,4.86050,4.86900,4.85250,4.86650
1998-01-02,4.86250,4.88250,4.86250,4.88150
1998-01-05,4.88000,4.91750,4.87000,4.91650
1998-01-06,4.91350,4.94810,4.91000,4.94500
1998-01-07,4.94200,4.96100,4.91950,4.92250
1998-01-08,4.92700,4.95150,4.92500,4.94850
1998-01-09,4.94700,4.95000,4.92100,4.94150
1998-01-12,4.93900,5,4.93850,4.99150
1998-01-13,4.99350,4.99550,4.96350,4.96700
1998-01-14,4.94900,4.97000,4.93000,4.94750
1998-01-15,4.94500,4.98250,4.94250,4.98050
1998-01-16,4.98100,4.99100,4.96200,4.97650
1998-01-19,4.97300,4.98000,4.96750,4.97830
1998-01-20,4.97550,4.99150,4.97000,4.97500
1998-01-21,4.96350,4.97900,4.95500,4.95800
1998-01-22,4.95550,4.96550,4.92750,4.94300
1998-01-23,4.94200,4.94700,4.91600,4.91900
1998-01-26,4.91700,4.91850,4.88000,4.91750
1998-01-27,4.91500,4.91750,4.89500,4.89800
1998-01-28,4.89500,4.92950,4.89500,4.91650
1998-01-29,4.92000,4.93950,4.91300,4.92450
1998-01-30,4.92500,4.94850,4.92100,4.93300
1998-02-02,4.93250,4.94150,4.92100,4.93000
1998-02-03,4.92900,4.93600,4.92000,4.93250
1998-02-04,4.92950,4.95750,4.91450,4.91750
1998-02-05,4.91600,4.92300,4.89850,4.90550
1998-02-06,4.90400,4.92150,4.88850,4.90050
1998-02-09,4.90000,4.92050,4.89000,4.91400
1998-02-10,4.91200,4.93400,4.91200,4.92000
1998-02-11,4.92000,4.93450,4.92000,4.93050
1998-02-12,4.93200,4.94250,4.92000,4.93650
1998-02-13,4.93200,4.94650,4.93200,4.93400
1998-02-16,4.93400,4.94500,4.93000,4.93550
1998-02-17,4.93000,4.94600,4.93000,4.93700
1998-02-18,4.93700,4.95450,4.93500,4.94250
1998-02-19,4.94000,4.95650,4.93700,4.94300
1998-02-20,4.94050,4.95200,4.93450,4.94800
1998-02-23,4.95200,4.96150,4.93100,4.93650
1998-02-24,4.93600,4.94950,4.93000,4.9375
1998-02-25,4.93600,4.94850,4.93100,4.94850
1998-02-26,4.94600,4.95600,4.93600,4.94800
1998-02-27,4.94750,4.95050,4.92450,4.94650
1998-03-02,4.94000,4.94550,4.92600,4.92850
1998-03-03,4.92650,4.94050,4.92650,4.93050
1998-03-04,4.92950,4.94050,4.92300,4.93150
1998-03-05,4.93000,4.96400,4.92100,4.96300
1998-03-06,4.95850,4.98500,4.95500,4.98400
1998-03-09,4.98050,4.98950,4.97200,4.97700
1998-03-10,4.97400,4.98800,4.97000,4.97350
1998-03-11,4.97300,4.99150,4.97050,4.98200
1998-03-12,4.98150,4.99050,4.97200,4.98150
1998-03-13,4.98000,4.99100,4.96350,4.97450
1998-03-16,4.96600,4.97450,4.95500,4.96850
1998-03-17,4.96850,4.97150,4.96200,4.96950
1998-03-18,4.96750,4.97750,4.96600,4.97400
1998-03-19,4.97600,4.98250,4.96050,4.97750
1998-03-20,4.97600,4.98550,4.96850,4.97850
1998-03-23,4.97850,4.98300,4.97300,4.97550
1998-03-24,4.97600,4.97850,4.97300,4.97600
1998-03-25,4.97500,4.97750,4.96000,4.96900
1998-03-26,4.97250,4.97650,4.96800,4.97100
1998-03-27,4.97000,4.97800,4.96650,4.97200
1998-03-30,4.97300,5.026500,4.97000,5.023500
1998-03-31,5.022500,5.041500,5.017000,5.034500
1998-04-01,5.034000,5.053500,5.034000,5.049500
1998-04-02,5.045500,5.048500,5.033000,5.039000
1998-04-03,5.037000,5.050000,5.030200,5.038500
1998-04-06,5.035000,5.053000,5.027000,5.052500
1998-04-07,5.043000,5.061500,5.040000,5.053500
1998-04-08,5.050500,5.058000,5.037500,5.040000
1998-04-09,5.040000,5.052000,5.030000,5.039500
1998-04-10,5.037000,5.049500,5.032500,5.037500
1998-04-13,5.035000,5.038000,5.034500,5.037500
1998-04-14,5.032200,5.042000,5.025000,5.033500
1998-04-15,5.030000,5.040500,5.026500,5.034000
1998-04-16,5.031200,5.056000,5.030000,5.043500
1998-04-17,5.043000,5.051000,5.032200,5.036500
1998-04-20,5.031000,5.053500,5.022200,5.051500
1998-04-21,5.050000,5.051500,5.035000,5.045500
1998-04-22,5.044000,5.049500,5.038000,5.047000
1998-04-23,5.050000,5.064500,5.033500,5.059000
1998-04-24,5.058500,5.067500,5.049000,5.050500
1998-04-27,5.051000,5.053000,5.040000,5.049500
1998-04-28,5.033000,5.061000,5.033000,5.044500
1998-04-29,5.048000,5.055000,5.040500,5.050500
1998-04-30,5.050500,5.061500,5.042000,5.055000
1998-05-01,5.053000,5.055500,5.041700,5.048500
1998-05-04,5.047500,5.068500,5.047500,5.058000
1998-05-05,5.057000,5.067500,5.047000,5.057000
1998-05-06,5.056500,5.062000,5.050000,5.062000
1998-05-07,5.061500,5.072000,5.051500,5.0625
1998-05-08,5.062000,5.066500,5.055000,5.061500
1998-05-11,5.061000,5.071000,5.055000,5.064500
1998-05-12,5.057500,5.078500,5.055500,5.078000
1998-05-13,5.076000,5.084500,5.065000,5.082500
1998-05-14,5.077500,5.091000,5.061500,5.083000
1998-05-15,5.082000,5.089500,5.067000,5.088500
1998-05-18,5.087000,5.10390,5.077000,5.098500
1998-05-19,5.098000,5.10430,5.076000,5.10100
1998-05-20,5.093800,5.11450,5.082500,5.11000
1998-05-21,5.10200,5.10950,5.071000,5.081500
1998-05-22,5.075500,5.15500,5.073000,5.15500
1998-05-25,5.125,5.16250,5.11500,5.14250
1998-05-26,5.13700,5.14700,5.10700,5.125
1998-05-27,5.11500,5.15850,5.11000,5.14950
1998-05-28,5.14000,5.19250,5.13000,5.18550
1998-05-29,5.17800,5.20200,5.13300,5.15600
1998-06-01,5.15200,5.21700,5.15000,5.20650
1998-06-02,5.20600,5.20950,5.12640,5.13650
1998-06-03,5.12800,5.15100,5.080000,5.11200
1998-06-04,5.100000,5.12100,5.100000,5.11200
1998-06-05,5.098000,5.13850,5.095000,5.13750
1998-06-08,5.13000,5.16550,5.12000,5.15750
1998-06-09,5.14000,5.16900,5.14000,5.16850
1998-06-10,5.17200,5.22500,5.17200,5.22500
1998-06-11,5.22250,5.26900,5.18100,5.26500
1998-06-12,5.25500,5.34250,5.21950,5.32750
1998-06-15,5.31200,5.41150,5.29500,5.38750
1998-06-16,5.38700,5.38950,5.32000,5.35700
1998-06-17,5.34000,5.37650,5.30000,5.31300
1998-06-18,5.31000,5.41990,5.26000,5.41150
1998-06-19,5.40700,5.52500,5.40700,5.46000
1998-06-22,5.46000,5.55500,5.45500,5.52000
1998-06-23,5.51500,5.52000,5.43500,5.47500
1998-06-24,5.47000,5.53400,5.41000,5.44600
1998-06-25,5.4375,5.64500,5.42000,5.63600
1998-06-26,5.63500,5.96550,5.59000,5.875
1998-06-29,5.85000,6.16500,5.80000,5.88000
1998-06-30,5.86000,6.025500,5.76500,5.97040
1998-07-01,5.96000,6.20500,5.95000,6.020000
1998-07-02,6,6.35180,5.98500,6.34180
1998-07-03,6.34000,6.43500,6.25,6.36000
1998-07-06,6.38000,6.76500,6.38000,6.46500
1998-07-07,6.45000,6.46000,6.085000,6.17500
1998-07-08,6.15000,6.24500,6.040000,6.12000
1998-07-09,6.11000,6.30500,6.090000,6.28000
1998-07-10,6.25200,6.44500,6.23500,6.36500
1998-07-13,6.36000,6.43500,6.100000,6.14500
1998-07-14,6.13000,6.18500,5.95500,6.0050001
1998-07-15,5.97000,6.14500,5.91000,6.10750
1998-07-16,6.10500,6.22000,6.050000,6.20000
1998-07-17,6.19000,6.41500,6.15000,6.32000
1998-07-20,6.32500,6.47000,6.20000,6.21000
1998-07-21,6.20000,6.35750,6.17500,6.33750
1998-07-22,6.34500,6.42000,6.20000,6.23000
1998-07-23,6.22000,6.28500,6.13000,6.24000
1998-07-24,6.22000,6.28000,6.12000,6.15000
1998-07-27,6.15000,6.30500,6.14000,6.25500
1998-07-28,6.25,6.32980,6.19500,6.25530
1998-07-29,6.23000,6.27000,6.125,6.18000
1998-07-30,6.16000,6.19500,6.065000,6.13500
1998-07-31,6.13000,6.17000,6.080000,6.125
1998-08-03,6.11000,6.18550,6.085000,6.17750
1998-08-04,6.18000,6.25,6.125,6.17750
1998-08-05,6.16000,6.18500,6.12000,6.15500
1998-08-06,6.15000,6.25050,6.090000,6.21000
1998-08-07,6.20000,6.33000,6.18500,6.29000
1998-08-10,6.28000,6.29250,6.18500,6.28500
1998-08-11,6.27000,6.42750,6.27000,6.35000
1998-08-12,6.34000,6.40000,6.22000,6.38000
1998-08-13,6.41500,6.46500,6.27000,6.28500
1998-08-14,6.27000,6.33530,6.23000,6.29780
1998-08-17,6.28000,6.375,6.22870,6.28500
1998-08-18,6.26000,6.29250,6.21000,6.26000
1998-08-19,6.24000,6.36170,6.19500,6.32160
1998-08-20,6.30000,6.38500,6.28000,6.35250
1998-08-21,6.35000,6.37970,6.27500,6.36520
1998-08-24,6.35000,6.41980,6.26500,6.28280
1998-08-25,6.27000,6.32470,6.18000,6.28030
1998-08-26,6.26500,6.39970,6.26000,6.38970
1998-08-27,6.38500,6.70050,6.35500,6.65000
1998-08-28,6.63000,6.84500,6.41500,6.51500
1998-08-31,6.5,6.51980,6.40000,6.51980
1998-09-01,6.50500,6.55480,6.21000,6.25770
1998-09-02,6.23000,6.29000,6.14000,6.24000
1998-09-03,6.23000,6.24550,6.15500,6.22500
1998-09-04,6.23000,6.29750,6.14000,6.21000
1998-09-07,6.19000,6.22500,6.10500,6.15500
1998-09-08,6.100000,6.28500,6.100000,6.23000
1998-09-09,6.20000,6.30050,6.20000,6.23500
1998-09-10,6.20500,6.30750,6.18000,6.30750
1998-09-11,6.30000,6.35500,6.24000,6.27500
1998-09-14,6.25500,6.28010,6.21000,6.23500
1998-09-15,6.21000,6.24000,6.12000,6.16000
1998-09-16,6.15500,6.16000,6.070000,6.100000
1998-09-17,6.095000,6.16470,6.073000,6.14270
1998-09-18,6.12000,6.18000,6.12000,6.13500
1998-09-21,6.12000,6.14530,6.080000,6.12520
1998-09-22,6.11500,6.14000,5.90500,5.94500
1998-09-23,5.93500,5.98500,5.84000,5.89000
1998-09-24,5.89500,5.90250,5.73000,5.80000
1998-09-25,5.78000,5.87000,5.78000,5.82500
1998-09-28,5.83500,5.88000,5.79000,5.83000
1998-09-29,5.82000,5.85800,5.77500,5.83000
1998-09-30,5.82500,5.95000,5.81000,5.95000
1998-10-01,5.93500,6.13480,5.92000,6.12520
1998-10-02,6.13000,6.19500,6.020000,6.065000
1998-10-05,6.040000,6.095000,6,6.065000
1998-10-06,6.050000,6.057500,5.97000,5.98500
1998-10-07,5.96500,6.010000,5.72000,5.74000
1998-10-08,5.71500,5.84000,5.68000,5.79000
1998-10-09,5.78000,5.85250,5.76000,5.77000
1998-10-12,5.76000,5.80250,5.71000,5.78500
1998-10-13,5.77500,5.83180,5.75,5.77170
1998-10-14,5.77000,5.83250,5.64500,5.68000
1998-10-15,5.65500,5.69000,5.57000,5.58500
1998-10-16,5.57000,5.74000,5.56000,5.69000
1998-10-19,5.67000,5.70500,5.63500,5.64500
1998-10-20,5.65000,5.75,5.64000,5.70500
1998-10-21,5.69500,5.79000,5.64500,5.71000
1998-10-22,5.71500,5.75500,5.69000,5.71000
1998-10-23,5.70500,5.77000,5.70000,5.74000
1998-10-26,5.73000,5.80980,5.66000,5.74970
1998-10-27,5.71500,5.78500,5.70500,5.74500
1998-10-28,5.74500,5.77520,5.72000,5.73530
1998-10-29,5.72500,5.74500,5.67750,5.72000
1998-10-30,5.71500,5.72500,5.57550,5.59000
1998-11-02,5.55500,5.64500,5.55000,5.64000
1998-11-03,5.62250,5.66250,5.58000,5.62250
1998-11-04,5.60000,5.62250,5.54500,5.58250
1998-11-05,5.57000,5.61480,5.56000,5.58020
1998-11-06,5.57000,5.58480,5.47500,5.50020
1998-11-09,5.48000,5.59000,5.48000,5.56500
1998-11-10,5.57500,5.66000,5.55000,5.66000
1998-11-11,5.65000,5.73500,5.61500,5.71000
1998-11-12,5.71000,5.77510,5.69000,5.72120
1998-11-13,5.70500,5.75620,5.68000,5.70520
1998-11-16,5.68500,5.73880,5.64500,5.67030
1998-11-17,5.66500,5.70400,5.63500,5.70000
1998-11-18,5.68000,5.69580,5.65500,5.67270
1998-11-19,5.67500,5.69380,5.625,5.64020
1998-11-20,5.63000,5.66000,5.60000,5.60750
1998-11-23,5.61000,5.68400,5.60000,5.67500
1998-11-24,5.68000,5.71500,5.66000,5.69000
1998-11-25,5.68000,5.69900,5.66000,5.68500
1998-11-26,5.67000,5.69750,5.66800,5.69750
1998-11-27,5.69000,5.74000,5.67500,5.70000
1998-11-30,5.69500,5.72750,5.66750,5.69550
1998-12-01,5.68700,5.69250,5.64500,5.65350
1998-12-02,5.65000,5.68250,5.62000,5.67750
1998-12-03,5.67300,5.75,5.65500,5.70500
1998-12-04,5.70500,5.89550,5.68500,5.875
1998-12-07,5.86000,5.95050,5.85500,5.91500
1998-12-08,5.89000,6.045200,5.88000,6.030300
1998-12-09,6.010000,6.075000,5.96000,5.99500
1998-12-10,6.0050001,6.012500,5.93000,5.96000
1998-12-11,5.95000,5.98050,5.91000,5.96500
1998-12-14,5.95700,6.039700,5.94700,6.037800
1998-12-15,6.040000,6.090000,6.010000,6.030000
1998-12-16,6.010000,6.035000,5.97000,6.010000
1998-12-17,6.015000,6.024700,5.80000,5.87780
1998-12-18,5.86000,5.94970,5.84250,5.90530
1998-12-21,5.90000,5.94000,5.86000,5.91000
1998-12-22,5.90500,5.92980,5.88000,5.91980
1998-12-23,5.91000,5.93030,5.87000,5.91980
1998-12-24,5.91000,5.92980,5.90000,5.91530
1998-12-25,5.91050,5.91530,5.91050,5.91530
1998-12-28,5.90000,5.91000,5.86500,5.88000
1998-12-29,5.88000,5.89480,5.81000,5.87780
1998-12-30,5.85500,5.90500,5.85000,5.87000
1998-12-31,5.86500,5.89320,5.84750,5.89020
1999-01-04,5.88500,5.91100,5.84200,5.86250
1999-01-05,5.84000,5.87000,5.73500,5.76700
1999-01-06,5.76500,5.77000,5.66500,5.68500
1999-01-07,5.70000,5.89120,5.68000,5.77280
1999-01-08,5.81000,5.83770,5.76000,5.83770
1999-01-11,5.82500,6.020500,5.80500,5.97250
1999-01-12,5.97000,6.060000,5.94000,6.050000
1999-01-13,6.065000,6.23560,6.060000,6.15000
1999-01-14,6.15500,6.33430,6.080000,6.31780
1999-01-15,6.31000,6.32470,5.92000,5.95520
1999-01-18,5.95000,6.020000,5.92000,6.010000
1999-01-19,6,6.084700,5.99000,6.032800
1999-01-20,6.035000,6.039700,5.96750,6.022800
1999-01-21,6.020000,6.097300,6.0050001,6.080200
1999-01-22,6.070000,6.12970,6,6.037800
1999-01-25,6.040000,6.10500,6.025000,6.040000
1999-01-26,6.035000,6.088000,5.98500,6.015000
1999-01-27,6.0050001,6.035200,5.96000,6.035200
1999-01-28,6.035000,6.064800,6.020000,6.030300
1999-01-29,6.025000,6.084700,5.99990,6.062300
1999-02-01,6.053300,6.065000,6.015000,6.030000
1999-02-02,6.025000,6.037500,5.98000,6.012500
1999-02-03,6.0050001,6.025000,5.98240,6.010000
1999-02-04,6.0050001,6.055500,5.99060,6.040000
1999-02-05,6.025000,6.049700,5.90500,5.93520
1999-02-08,5.92000,6.025000,5.92000,6
1999-02-09,5.99000,6.11520,5.98000,6.085300
1999-02-10,6.080500,6.15980,6.070000,6.095300
1999-02-11,6.090000,6.094700,6.035000,6.077700
1999-02-12,6.087300,6.11500,6.050000,6.095000
1999-02-15,6.095000,6.13500,6.070000,6.11500
1999-02-16,6.12000,6.17470,6.11500,6.13780
1999-02-17,6.14000,6.17550,6.100000,6.17500
1999-02-18,6.16000,6.20480,6.12000,6.17530
1999-02-19,6.17000,6.27370,6.16000,6.26770
1999-02-22,6.25,6.27730,6.18000,6.20520
1999-02-23,6.21000,6.23500,6.17000,6.22000
1999-02-24,6.21250,6.24000,6.15500,6.19750
1999-02-25,6.19500,6.21720,6.15000,6.17530
1999-02-26,6.17500,6.19970,6.16000,6.19030
1999-03-01,6.17500,6.24500,6.14000,6.23500
1999-03-02,6.23500,6.26470,6.20000,6.23530
1999-03-03,6.22000,6.25,6.22000,6.24000
1999-03-04,6.23500,6.25500,6.21000,6.22500
1999-03-05,6.22500,6.22970,6.17500,6.20520
1999-03-08,6.19000,6.20680,6.16500,6.17380
1999-03-09,6.16500,6.18370,6.12000,6.16430
1999-03-10,6.16000,6.17500,6.13000,6.14500
1999-03-11,6.14000,6.16650,6.11000,6.13750
1999-03-12,6.13000,6.22000,6.13000,6.20050
1999-03-15,6.19000,6.23380,6.18000,6.21630
1999-03-16,6.21500,6.27500,6.20200,6.27000
1999-03-17,6.24500,6.29000,6.20000,6.21250
1999-03-18,6.21500,6.25420,6.21000,6.23570
1999-03-19,6.23250,6.23750,6.17500,6.19000
1999-03-22,6.17500,6.1875,6.16000,6.18250
1999-03-23,6.18000,6.24250,6.17000,6.23500
1999-03-24,6.23500,6.25,6.18250,6.20500
1999-03-25,6.21000,6.22500,6.19000,6.21500
1999-03-26,6.20000,6.26750,6.1875,6.24750
1999-03-29,6.24000,6.24500,6.20000,6.22750
1999-03-30,6.21000,6.23500,6.17500,6.19500
1999-03-31,6.1875,6.20880,6.14000,6.15530
1999-04-01,6.15000,6.19380,6.14000,6.16880
1999-04-02,6.15500,6.17000,6.15500,6.17000
1999-04-05,6.15000,6.17500,6.15000,6.17500
1999-04-06,6.17000,6.20500,6.15750,6.17500
1999-04-07,6.16500,6.19730,6.16000,6.19580
1999-04-08,6.19000,6.23400,6.17000,6.21750
1999-04-09,6.21500,6.22000,6.16250,6.18000
1999-04-12,6.17500,6.18070,6.14500,6.16020
1999-04-13,6.16000,6.16800,6.095000,6.10500
1999-04-14,6.100000,6.10700,6.040000,6.080000
1999-04-15,6.070000,6.10770,6.050000,6.092800
1999-04-16,6.090000,6.13500,6.070000,6.080000
1999-04-19,6.080000,6.093800,6.030000,6.043800
1999-04-20,6.035000,6.082300,6.010000,6.073800
1999-04-21,6.068000,6.10580,6.060000,6.083800
1999-04-22,6.080000,6.092500,6.057500,6.090000
1999-04-23,6.082500,6.12370,6.060000,6.092800
1999-04-26,6.082500,6.093800,6.050000,6.068700
1999-04-27,6.065000,6.078800,6.057500,6.065200
1999-04-28,6.060000,6.078700,6.030000,6.057800
1999-04-29,6.050000,6.073800,6.037500,6.049700
1999-04-30,6.045000,6.11150,6.030000,6.070500
1999-05-03,6.065000,6.10250,6.047500,6.060000
1999-05-04,6.055000,6.071300,6.050000,6.069300
1999-05-05,6.067500,6.11880,6.057500,6.11320
1999-05-06,6.10750,6.125,6.060000,6.085000
1999-05-07,6.080000,6.16030,6.075000,6.13530
1999-05-10,6.13000,6.17750,6.11900,6.16750
1999-05-11,6.16500,6.18420,6.14000,6.17000
1999-05-12,6.16500,6.22250,6.15000,6.19650
1999-05-13,6.20000,6.24950,6.18500,6.22450
1999-05-14,6.22000,6.22870,6.18000,6.21530
1999-05-17,6.21000,6.24000,6.18200,6.19500
1999-05-18,6.19000,6.19500,6.14250,6.17200
1999-05-19,6.16500,6.20500,6.15000,6.19500
1999-05-20,6.20500,6.23250,6.18000,6.20850
1999-05-21,6.21000,6.22420,6.18000,6.21900
1999-05-24,6.21500,6.23880,6.19000,6.22370
1999-05-25,6.21000,6.28380,6.20500,6.27370
1999-05-26,6.27000,6.28950,6.24500,6.25250
1999-05-27,6.24000,6.28750,6.22000,6.28000
1999-05-28,6.26500,6.27970,6.21500,6.25050
1999-05-31,6.24000,6.25500,6.19000,6.22000
1999-06-01,6.21500,6.22500,6.17000,6.20750
1999-06-02,6.19500,6.22000,6.17900,6.20000
1999-06-03,6.18500,6.22620,6.15000,6.17250
1999-06-04,6.17000,6.18980,6.13500,6.14530
1999-06-07,6.14200,6.15750,6.070000,6.081500
1999-06-08,6.080000,6.11700,6.060000,6.11700
1999-06-09,6.11750,6.13750,6.091200,6.12250
1999-06-10,6.12000,6.14930,6.11500,6.13120
1999-06-11,6.125,6.13000,6.060000,6.075000
1999-06-14,6.065000,6.094700,6.055000,6.090200
1999-06-15,6.080000,6.100000,6.065000,6.087500
1999-06-16,6.082500,6.10880,6.065000,6.077700
1999-06-17,6.075000,6.084000,6.028500,6.037900
1999-06-18,6.033000,6.045000,5.95000,5.99500
1999-06-21,5.99000,6.019500,5.97000,6.015000
1999-06-22,6.010000,6.027500,5.95000,5.97500
1999-06-23,5.97500,6.036200,5.96500,6.020000
1999-06-24,6.010000,6.079700,6.0050001,6.066300
1999-06-25,6.0625,6.073800,6.030000,6.062300
1999-06-28,6.060000,6.067500,6.035000,6.059500
1999-06-29,6.050000,6.059000,6.015000,6.032500
1999-06-30,6.025000,6.046200,6.0050001,6.015000
1999-07-01,6.0050001,6.043700,5.98500,6.033700
1999-07-02,6.030000,6.043500,6.0050001,6.015000
1999-07-05,6.015000,6.027000,6.0025001,6.012200
1999-07-06,6,6.058500,5.97000,6.058500
1999-07-07,6.052500,6.067500,6.025000,6.053500
1999-07-08,6.040000,6.074500,6.035000,6.065000
1999-07-09,6.070000,6.11600,6.065000,6.100000
1999-07-12,6.095000,6.15250,6.070000,6.14400
1999-07-13,6.14000,6.1875,6.12000,6.15500
1999-07-14,6.15000,6.16120,6.12200,6.12580
1999-07-15,6.12250,6.16000,6.12000,6.13800
1999-07-16,6.13000,6.15770,6.11300,6.14000
1999-07-19,6.13500,6.16800,6.13000,6.15600
1999-07-20,6.15500,6.16650,6.100000,6.13850
1999-07-21,6.13250,6.14000,6.095000,6.10750
1999-07-22,6.100000,6.12100,6.080000,6.10500
1999-07-23,6.100000,6.11650,6.090000,6.10600
1999-07-26,6.10500,6.15000,6.100000,6.14000
1999-07-27,6.13500,6.15250,6.11750,6.13200
1999-07-28,6.13000,6.14850,6.11500,6.14750
1999-07-29,6.14500,6.17500,6.13000,6.16650
1999-07-30,6.16250,6.18500,6.14000,6.17250
1999-08-02,6.16000,6.20450,6.15500,6.19750
1999-08-03,6.20000,6.22500,6.18000,6.19000
1999-08-04,6.18500,6.19000,6.13500,6.15000
1999-08-05,6.14500,6.17750,6.14000,6.17000
1999-08-06,6.15500,6.18730,6.15000,6.17020
1999-08-09,6.16750,6.17250,6.15250,6.16650
1999-08-10,6.16500,6.18450,6.14500,6.16250
1999-08-11,6.15500,6.16500,6.12000,6.13010
1999-08-12,6.12750,6.14150,6.100000,6.11000
1999-08-13,6.10750,6.12250,6.095000,6.10650
1999-08-16,6.11000,6.11500,6.095000,6.10250
1999-08-17,6.100000,6.12600,6.085000,6.11600
1999-08-18,6.11500,6.12600,6.091700,6.12050
1999-08-19,6.11750,6.13950,6.10560,6.11650
1999-08-20,6.11250,6.12820,6.072500,6.085300
1999-08-23,6.077500,6.093500,6.063800,6.093500
1999-08-24,6.088000,6.10500,6.074200,6.098000
1999-08-25,6.090000,6.11750,6.076700,6.10600
1999-08-26,6.100000,6.10800,6.076200,6.091000
1999-08-27,6.085000,6.100000,6.070000,6.085000
1999-08-30,6.082500,6.095000,6.077500,6.087500
1999-08-31,6.080000,6.091800,6.060300,6.084200
1999-09-01,6.079000,6.086500,6.0075002,6.033000
1999-09-02,6.027500,6.067500,6.015000,6.041000
1999-09-03,6.036000,6.048500,6,6.020000
1999-09-06,6.015000,6.045000,5.99500,6.032500
1999-09-07,6.030000,6.057500,6.015000,6.046500
1999-09-08,6.045000,6.10500,6.030000,6.081500
1999-09-09,6.078000,6.100000,6.065000,6.075000
1999-09-10,6.070000,6.094000,6.045000,6.047500
1999-09-13,6.050000,6.075500,6.025400,6.064000
1999-09-14,6.061000,6.085500,6.047800,6.077500
1999-09-15,6.075000,6.14150,6.071700,6.13250
1999-09-16,6.125,6.14750,6.11000,6.12800
1999-09-17,6.10500,6.12580,6.085000,6.097700
1999-09-20,6.090000,6.10250,6.076700,6.085500
1999-09-21,6.080000,6.091200,6.046700,6.052500
1999-09-22,6.050000,6.074000,6.031900,6.064500
1999-09-23,6.060000,6.077000,6.029000,6.047500
1999-09-24,6.042500,6.055000,6.030000,6.041200
1999-09-27,6.035000,6.040000,5.96000,6.0050001
1999-09-28,6,6.015000,5.93500,5.96000
1999-09-29,5.95500,6.020500,5.93500,6
1999-09-30,5.99500,6.030000,5.99000,6.0075002
1999-10-01,5.99750,6.020000,5.99000,6.013000
1999-10-04,6.010000,6.018500,5.97750,5.98500
1999-10-05,5.98000,5.99800,5.96750,5.98750
1999-10-06,5.98500,6.069800,5.98000,6.042700
1999-10-07,6.040000,6.069000,6.030000,6.057500
1999-10-08,6.045000,6.058500,6.030000,6.045000
1999-10-11,6.045000,6.079500,6.030000,6.070000
1999-10-12,6.067500,6.085500,6.060000,6.085000
1999-10-13,6.079600,6.12800,6.050000,6.12800
1999-10-14,6.125,6.14000,6.095000,6.11720
1999-10-15,6.10640,6.16750,6.097400,6.13750
1999-10-18,6.13000,6.16400,6.12660,6.15250
1999-10-19,6.14980,6.15750,6.12000,6.13750
1999-10-20,6.13520,6.14720,6.10900,6.13000
1999-10-21,6.11650,6.15250,6.10270,6.13250
1999-10-22,6.14500,6.14760,6.11750,6.13300
1999-10-25,6.12790,6.14000,6.11640,6.13750
1999-10-26,6.13500,6.16500,6.12000,6.16400
1999-10-27,6.16140,6.17400,6.14240,6.14770
1999-10-28,6.14820,6.16260,6.12370,6.15000
1999-10-29,6.14490,6.16550,6.13500,6.14500
1999-11-01,6.14010,6.15500,6.13400,6.14750
1999-11-02,6.14500,6.15900,6.14000,6.15500
1999-11-03,6.15250,6.15500,6.12900,6.13550
1999-11-04,6.13250,6.13950,6.11000,6.12450
1999-11-05,6.12190,6.12540,6.095000,6.11400
1999-11-08,6.11140,6.12800,6.10140,6.11750
1999-11-09,6.11500,6.12800,6.095400,6.12800
1999-11-10,6.12540,6.13900,6.11150,6.13250
1999-11-11,6.13430,6.13900,6.11500,6.13450
1999-11-12,6.13200,6.13680,6.10750,6.12880
1999-11-15,6.125,6.14750,6.11000,6.14550
1999-11-16,6.14300,6.15650,6.12750,6.14550
1999-11-17,6.14250,6.16250,6.13500,6.14900
1999-11-18,6.14500,6.15150,6.12220,6.14050
1999-11-19,6.13780,6.15500,6.13000,6.14000
1999-11-22,6.13750,6.14250,6.12000,6.13850
1999-11-23,6.13600,6.14000,6.11250,6.12150
1999-11-24,6.12100,6.13550,6.11500,6.12850
1999-11-25,6.12600,6.14100,6.12000,6.13250
1999-11-26,6.12490,6.14450,6.10500,6.14450
1999-11-29,6.14200,6.19000,6.13500,6.19000
1999-11-30,6.1875,6.19450,6.16250,6.17750
1999-12-01,6.17490,6.17750,6.13000,6.15250
1999-12-02,6.15000,6.16150,6.13000,6.16000
1999-12-03,6.15750,6.16800,6.14250,6.16250
1999-12-06,6.14990,6.16650,6.14500,6.15400
1999-12-07,6.15140,6.15850,6.13490,6.15200
1999-12-08,6.14940,6.15750,6.13500,6.13750
1999-12-09,6.13550,6.15250,6.13400,6.14800
1999-12-10,6.14500,6.14950,6.10950,6.11800
1999-12-13,6.11000,6.13000,6.100000,6.12000
1999-12-14,6.12100,6.13350,6.11700,6.13300
1999-12-15,6.125,6.15750,6.12000,6.15750
1999-12-16,6.15200,6.15450,6.13500,6.13800
1999-12-17,6.14500,6.14750,6.13000,6.13700
1999-12-20,6.13750,6.14250,6.12400,6.13850
1999-12-21,6.13600,6.15200,6.12550,6.14800
1999-12-22,6.14580,6.15200,6.12900,6.14450
1999-12-23,6.14200,6.15150,6.13000,6.15150
1999-12-24,6.14500,6.15720,6.14250,6.15420
1999-12-27,6.14600,6.15780,6.14450,6.15130
1999-12-28,6.14350,6.15980,6.14000,6.14970
1999-12-29,6.14700,6.15880,6.14000,6.15780
1999-12-30,6.15500,6.15980,6.14650,6.15780
1999-12-31,6.15300,6.15800,6.14250,6.14750
2000-01-03,6.14550,6.15080,6.10900,6.12880
2000-01-04,6.12650,6.13250,6.070000,6.087500
2000-01-05,6.080000,6.11150,6.060000,6.065000
2000-01-06,6.062000,6.099500,6.061000,6.072500
2000-01-07,6.073500,6.082500,6.040000,6.055500
2000-01-10,6.050000,6.083500,6.040000,6.081000
2000-01-11,6.065000,6.093500,6.0625,6.092500
2000-01-12,6.090000,6.10450,6.050000,6.067500
2000-01-13,6.063000,6.077500,6.050000,6.061500
2000-01-14,6.058500,6.089500,6.054500,6.072500
2000-01-17,6.067000,6.083000,6.060000,6.075000
2000-01-18,6.069900,6.094500,6.065000,6.093500
2000-01-19,6.089500,6.11650,6.080000,6.11300
2000-01-20,6.11100,6.125,6.085600,6.10100
2000-01-21,6.092500,6.14000,6.092000,6.13850
2000-01-24,6.13000,6.17250,6.13000,6.16450
2000-01-25,6.15550,6.17100,6.14500,6.15500
2000-01-26,6.15050,6.17150,6.13000,6.16500
2000-01-27,6.16500,6.24250,6.15450,6.21900
2000-01-28,6.21600,6.36970,6.21150,6.33830
2000-01-31,6.33500,6.35950,6.27000,6.30750
2000-02-01,6.30000,6.32250,6.24000,6.26150
2000-02-02,6.25450,6.29800,6.24250,6.28350
2000-02-03,6.27950,6.28450,6.22000,6.25750
2000-02-04,6.24500,6.29900,6.21000,6.25850
2000-02-07,6.25,6.32250,6.23000,6.28750
2000-02-08,6.28410,6.33150,6.26000,6.29000
2000-02-09,6.27350,6.33350,6.26200,6.33350
2000-02-10,6.32750,6.37250,6.31000,6.32250
2000-02-11,6.31500,6.40980,6.30500,6.33530
2000-02-14,6.34250,6.36800,6.31000,6.33500
2000-02-15,6.33500,6.38050,6.33500,6.34750
2000-02-16,6.34500,6.36750,6.31700,6.32400
2000-02-17,6.33050,6.36500,6.29000,6.30750
2000-02-18,6.30500,6.33200,6.29750,6.32000
2000-02-21,6.31500,6.33750,6.28720,6.29750
2000-02-22,6.29200,6.32250,6.28900,6.30850
2000-02-23,6.30250,6.33850,6.27000,6.32500
2000-02-24,6.31850,6.35050,6.31150,6.33500
2000-02-25,6.32850,6.33900,6.27000,6.28400
2000-02-28,6.29450,6.37180,6.28000,6.36880
2000-02-29,6.35300,6.37250,6.32500,6.33750
2000-03-01,6.33250,6.36750,6.32500,6.34250
2000-03-02,6.33900,6.37950,6.33000,6.37950
2000-03-03,6.375,6.48630,6.37000,6.45620
2000-03-06,6.45000,6.51350,6.45000,6.5
2000-03-07,6.49500,6.54250,6.48200,6.53100
2000-03-08,6.53200,6.53850,6.46570,6.46850
2000-03-09,6.46500,6.49600,6.38000,6.39100
2000-03-10,6.39550,6.41000,6.35500,6.40250
2000-03-13,6.39450,6.45150,6.375,6.43500
2000-03-14,6.43950,6.44700,6.40000,6.43250
2000-03-15,6.43250,6.48300,6.41650,6.46500
2000-03-16,6.46550,6.46800,6.43500,6.44000
2000-03-17,6.43500,6.48150,6.43000,6.46850
2000-03-20,6.46350,6.50250,6.45500,6.48250
2000-03-21,6.48000,6.49350,6.46500,6.49350
2000-03-22,6.48450,6.49650,6.43500,6.45500
2000-03-23,6.45500,6.49300,6.42000,6.47750
2000-03-24,6.47750,6.49500,6.45870,6.47850
2000-03-27,6.47950,6.48250,6.45000,6.47200
2000-03-28,6.46400,6.48950,6.45000,6.48850
2000-03-29,6.48950,6.53600,6.48300,6.51200
2000-03-30,6.51750,6.60250,6.50170,6.59100
2000-03-31,6.59000,6.59470,6.51750,6.52520
2000-04-03,6.53000,6.57350,6.51600,6.55800
2000-04-04,6.55200,6.58550,6.52700,6.5625
2000-04-05,6.55750,6.63550,6.53750,6.58000
2000-04-06,6.58000,6.59500,6.56000,6.58250
2000-04-07,6.57750,6.58000,6.55170,6.56050
2000-04-10,6.55150,6.56500,6.51750,6.5625
2000-04-11,6.56000,6.61000,6.54950,6.59000
2000-04-12,6.58150,6.59500,6.54000,6.59500
2000-04-13,6.58850,6.61250,6.55000,6.56800
2000-04-14,6.56500,6.59980,6.54500,6.59470
2000-04-17,6.58750,6.65250,6.57500,6.61550
2000-04-18,6.62000,6.62750,6.58300,6.58700
2000-04-19,6.58500,6.65750,6.58000,6.65750
2000-04-20,6.65000,6.73500,6.62400,6.72250
2000-04-21,6.71000,6.74400,6.70000,6.74000
2000-04-24,6.73500,6.75500,6.71000,6.72500
2000-04-25,6.72000,6.76250,6.70000,6.73500
2000-04-26,6.73500,6.81980,6.71000,6.81270
2000-04-27,6.81000,6.87330,6.78000,6.84530
2000-04-28,6.83750,6.85500,6.76000,6.79000
2000-05-01,6.78000,6.80500,6.76000,6.78000
2000-05-02,6.77000,6.78300,6.73000,6.77000
2000-05-03,6.76500,6.84500,6.75570,6.83500
2000-05-04,6.83000,6.97720,6.81000,6.97030
2000-05-05,6.96500,7.030000,6.92250,6.95250
2000-05-08,6.95000,7.012500,6.92000,6.96000
2000-05-09,6.94500,7.095000,6.93000,7.090000
2000-05-10,7.080000,7.17500,7.030000,7.045000
2000-05-11,7.042500,7.065000,6.94500,7.030000
2000-05-12,7.025000,7.15500,6.98000,6.99500
2000-05-15,7,7.0625,6.96000,7.055000
2000-05-16,7.047500,7.085000,7.010000,7.055000
2000-05-17,7.041500,7.13500,7.015000,7.100000
2000-05-18,7.090000,7.19180,7.089500,7.13520
2000-05-19,7.12750,7.18470,7.12000,7.17280
2000-05-22,7.16000,7.17230,7.040000,7.11520
2000-05-23,7.11500,7.12480,7.030000,7.095300
2000-05-24,7.090000,7.13000,7.050000,7.10500
2000-05-25,7.099500,7.19970,7.090000,7.16020
2000-05-26,7.15500,7.19770,7.11300,7.11780
2000-05-29,7.11250,7.13510,7.090000,7.11500
2000-05-30,7.100000,7.11500,6.98750,6.99500
2000-05-31,6.98750,7.0050001,6.93250,6.96750
2000-06-01,6.96000,7.028000,6.95000,6.98000
2000-06-02,6.97500,6.97970,6.89500,6.93770
2000-06-05,6.92450,6.93980,6.89170,6.90530
2000-06-06,6.89500,6.95270,6.89370,6.95030
2000-06-07,6.93500,6.99250,6.93500,6.98500
2000-06-08,6.97050,7.061000,6.96750,7.045000
2000-06-09,7.035000,7.070000,6.98450,7.010000
2000-06-12,7,7.054800,7,7.025200
2000-06-13,7.020000,7.040000,6.98500,7.012500
2000-06-14,7.0075002,7.015000,6.92220,6.92750
2000-06-15,6.92500,6.97000,6.87000,6.89000
2000-06-16,6.89000,6.89700,6.81950,6.82950
2000-06-19,6.82500,6.88500,6.82500,6.86000
2000-06-20,6.85510,6.90500,6.85500,6.89750
2000-06-21,6.90000,6.93500,6.89200,6.92000
2000-06-22,6.92000,6.94740,6.90000,6.92250
2000-06-23,6.91000,6.93150,6.85500,6.88750
2000-06-26,6.88850,6.89500,6.84500,6.88250
2000-06-27,6.87650,6.88150,6.79950,6.8125
2000-06-28,6.80000,6.82200,6.77500,6.80450
2000-06-29,6.80000,6.83500,6.79200,6.82500
2000-06-30,6.82150,6.82750,6.75500,6.78000
2000-07-03,6.79250,6.81200,6.77900,6.81000
2000-07-04,6.80500,6.82300,6.76750,6.78500
2000-07-05,6.76500,6.78800,6.73000,6.78500
2000-07-06,6.78500,6.86500,6.77000,6.86500
2000-07-07,6.85500,6.87000,6.83000,6.86300
2000-07-10,6.84500,6.86000,6.81700,6.82250
2000-07-11,6.82000,6.83250,6.78500,6.80000
2000-07-12,6.80000,6.84000,6.79000,6.83000
2000-07-13,6.82500,6.875,6.82000,6.86000
2000-07-14,6.85000,6.89500,6.82500,6.88750
2000-07-17,6.88750,6.92250,6.86750,6.91500
2000-07-18,6.91250,6.96500,6.89300,6.95500
2000-07-19,6.95000,6.99000,6.94250,6.97750
2000-07-20,6.97250,6.98750,6.91500,6.92000
2000-07-21,6.92000,6.93600,6.88000,6.91500
2000-07-24,6.91000,6.95500,6.88000,6.94750
2000-07-25,6.94750,6.97000,6.93000,6.95750
2000-07-26,6.96000,6.96850,6.91750,6.92500
2000-07-27,6.92000,6.94750,6.92000,6.9375
2000-07-28,6.94500,6.97500,6.92000,6.96000
2000-07-31,6.95200,6.97500,6.94300,6.95750
2000-08-01,6.95600,7.027500,6.94150,7.020000
2000-08-02,7.015000,7.030000,6.97500,6.99000
2000-08-03,6.98500,7.0060000,6.97250,6.99000
2000-08-04,6.98000,7.0070000,6.94750,6.95250
2000-08-07,6.95000,6.96750,6.94250,6.96750
2000-08-08,6.97000,6.98750,6.95990,6.98000
2000-08-09,6.98000,7.0070000,6.97750,7
2000-08-10,6.98500,7,6.93650,6.95250
2000-08-11,6.95000,6.95250,6.88750,6.89450
2000-08-14,6.89500,6.91850,6.86750,6.91850
2000-08-15,6.91000,6.93820,6.89500,6.93250
2000-08-16,6.92750,6.97700,6.92250,6.94750
2000-08-17,6.94750,6.95250,6.89750,6.91500
2000-08-18,6.91000,6.94500,6.89000,6.93000
2000-08-21,6.92000,6.96750,6.91800,6.96750
2000-08-22,6.96100,6.99750,6.95000,6.98750
2000-08-23,6.98000,7.0050001,6.94950,6.96000
2000-08-24,6.96500,6.97000,6.93000,6.93500
2000-08-25,6.93600,6.94750,6.90100,6.92000
2000-08-28,6.91200,6.95490,6.90200,6.94500
2000-08-29,6.94000,6.96000,6.92370,6.96000
2000-08-30,6.96000,6.97750,6.94850,6.95870
2000-08-31,6.95100,6.98060,6.93600,6.97800
2000-09-01,6.97250,7.0050001,6.92650,6.94800
2000-09-04,6.94000,6.96500,6.93200,6.96370
2000-09-05,6.95750,7.032700,6.95500,7.021500
2000-09-06,7.020000,7.093300,7.020000,7.093300
2000-09-07,7.085000,7.14750,7.069000,7.095000
2000-09-08,7.093000,7.12650,7.075000,7.097500
2000-09-11,7.080000,7.13750,7.078000,7.125
2000-09-12,7.11000,7.15500,7.10950,7.14000
2000-09-13,7.12750,7.14120,7.100000,7.11750
2000-09-14,7.11000,7.17500,7.11000,7.13500
2000-09-15,7.13000,7.20000,7.12620,7.19500
2000-09-18,7.18500,7.30250,7.17250,7.29000
2000-09-19,7.28500,7.33500,7.25250,7.27500
2000-09-20,7.27000,7.34250,7.23870,7.33750
2000-09-21,7.32500,7.38000,7.30000,7.31500
2000-09-22,7.32000,7.33500,7.21450,7.24250
2000-09-25,7.23000,7.25250,7.21720,7.25250
2000-09-26,7.24000,7.27250,7.18000,7.19500
2000-09-27,7.18800,7.25350,7.17700,7.24250
2000-09-28,7.24000,7.30750,7.22000,7.30750
2000-09-29,7.3125,7.31750,7.20000,7.23500
2000-10-02,7.23000,7.23600,7.18000,7.22000
2000-10-03,7.21000,7.25400,7.20000,7.22000
2000-10-04,7.22000,7.25500,7.19500,7.23000
2000-10-05,7.21500,7.28750,7.21000,7.28500
2000-10-06,7.28500,7.31500,7.26000,7.29250
2000-10-09,7.28550,7.34700,7.28000,7.34000
2000-10-10,7.32500,7.375,7.32500,7.36250
2000-10-11,7.36850,7.40500,7.33000,7.40000
2000-10-12,7.40100,7.48500,7.38750,7.47500
2000-10-13,7.48000,7.54500,7.46750,7.47250
2000-10-16,7.46000,7.58670,7.44700,7.57250
2000-10-17,7.58000,7.59750,7.51750,7.55500
2000-10-18,7.54500,7.73250,7.52500,7.71000
2000-10-19,7.70000,7.72000,7.63200,7.66750
2000-10-20,7.67000,7.67500,7.56870,7.58500
2000-10-23,7.59500,7.61850,7.56000,7.59250
2000-10-24,7.59000,7.61200,7.55500,7.61200
2000-10-25,7.61200,7.6875,7.59200,7.68000
2000-10-26,7.64500,7.70700,7.64500,7.67000
2000-10-27,7.67250,7.68000,7.59150,7.60000
2000-10-30,7.59800,7.64500,7.53000,7.56750
2000-10-31,7.58000,7.60800,7.53500,7.56000
2000-11-01,7.55500,7.59400,7.47500,7.48250
2000-11-02,7.5,7.53370,7.46500,7.51870
2000-11-03,7.52270,7.5625,7.47900,7.53750
2000-11-06,7.53500,7.57500,7.49500,7.5625
2000-11-07,7.54450,7.64000,7.52500,7.61000
2000-11-08,7.61250,7.73000,7.58250,7.70500
2000-11-09,7.71000,7.77250,7.69250,7.76250
2000-11-10,7.72500,7.73000,7.58390,7.60250
2000-11-13,7.59500,7.66250,7.59500,7.65500
2000-11-14,7.64500,7.66750,7.61000,7.64750
2000-11-15,7.64000,7.69250,7.63000,7.68500
2000-11-16,7.68000,7.69750,7.65450,7.69000
2000-11-17,7.68000,7.72300,7.61000,7.71750
2000-11-20,7.71000,7.78250,7.69500,7.76000
2000-11-21,7.74500,7.83100,7.72750,7.82500
2000-11-22,7.81500,7.85500,7.78250,7.82000
2000-11-23,7.81000,7.83900,7.73000,7.83800
2000-11-24,7.83500,7.86000,7.77000,7.82300
2000-11-27,7.82400,7.83300,7.74500,7.78000
2000-11-28,7.74300,7.79500,7.72850,7.79000
2000-11-29,7.78000,7.81750,7.74500,7.78700
2000-11-30,7.78000,7.79750,7.70000,7.73750
2000-12-01,7.73500,7.74000,7.60000,7.62250
2000-12-04,7.63500,7.65500,7.59500,7.64000
2000-12-05,7.66000,7.67450,7.62800,7.65750
2000-12-06,7.64000,7.67000,7.56000,7.56500
2000-12-07,7.56000,7.64500,7.52500,7.61750
2000-12-08,7.60500,7.65500,7.57750,7.65250
2000-12-11,7.64500,7.69750,7.64000,7.66000
2000-12-12,7.65000,7.74500,7.64000,7.73500
2000-12-13,7.73000,7.79250,7.71000,7.76000
2000-12-14,7.75300,7.76000,7.67500,7.71000
2000-12-15,7.68500,7.74500,7.67000,7.69000
2000-12-18,7.68500,7.69750,7.60000,7.68500
2000-12-19,7.68000,7.73120,7.66500,7.72000
2000-12-20,7.70500,7.70750,7.61470,7.62000
2000-12-21,7.62000,7.65000,7.60000,7.62850
2000-12-22,7.63000,7.63750,7.55000,7.55500
2000-12-25,7.55750,7.5625,7.55750,7.5625
2000-12-26,7.55750,7.5625,7.51250,7.51750
2000-12-27,7.51000,7.55550,7.51000,7.53750
2000-12-28,7.53500,7.58750,7.53000,7.5625
2000-12-29,7.56500,7.59500,7.54500,7.59000
2001-01-02,7.58500,7.59750,7.54750,7.56750
2001-01-03,7.55000,7.58750,7.46000,7.58000
2001-01-04,7.57500,7.62370,7.46000,7.52680
2001-01-05,7.52310,7.56330,7.47000,7.51480
2001-01-08,7.51000,7.60170,7.51000,7.59000
2001-01-09,7.60500,7.74750,7.58000,7.73500
2001-01-10,7.71500,7.97620,7.68500,7.93250
2001-01-11,7.90000,7.98500,7.83000,7.84250
2001-01-12,7.83250,7.88630,7.78000,7.82500
2001-01-15,7.82500,7.92250,7.80750,7.84000
2001-01-16,7.84750,7.88500,7.77250,7.79000
2001-01-17,7.79500,7.85500,7.73500,7.83500
2001-01-18,7.81500,7.92500,7.80500,7.86750
2001-01-19,7.85300,7.95000,7.84500,7.89500
2001-01-22,7.90000,7.94500,7.85750,7.87000
2001-01-23,7.87000,7.88250,7.81600,7.83300
2001-01-24,7.84500,7.89500,7.82000,7.88000
2001-01-25,7.88250,7.91500,7.84750,7.875
2001-01-26,7.88500,7.94880,7.86900,7.88000
2001-01-29,7.875,7.88880,7.85250,7.88000
2001-01-30,7.87000,7.91500,7.77250,7.78700
2001-01-31,7.77000,7.80830,7.73000,7.74750
2001-02-01,7.73500,7.77000,7.70000,7.72500
2001-02-02,7.72500,7.78750,7.70500,7.77000
2001-02-05,7.77000,7.80350,7.74500,7.76500
2001-02-06,7.76500,7.80730,7.75700,7.78000
2001-02-07,7.78000,7.89500,7.75,7.89250
2001-02-08,7.88500,8.010000,7.88500,7.98500
2001-02-09,7.97000,8.027500,7.85000,7.875
2001-02-12,7.87000,7.875,7.81000,7.82250
2001-02-13,7.81700,7.94500,7.80500,7.93500
2001-02-14,7.93000,7.96500,7.86000,7.88500
2001-02-15,7.88000,7.88500,7.76000,7.875
2001-02-16,7.87000,7.91620,7.81500,7.83390
2001-02-19,7.81500,7.82500,7.71500,7.75270
2001-02-20,7.73000,7.80830,7.71250,7.74250
2001-02-21,7.73750,7.82500,7.73500,7.8125
2001-02-22,7.80500,7.87380,7.79000,7.84000
2001-02-23,7.83000,7.88500,7.78000,7.81500
2001-02-26,7.81500,7.82500,7.75880,7.79250
2001-02-27,7.79000,7.79500,7.68250,7.71000
2001-02-28,7.70300,7.72950,7.64750,7.67000
2001-03-01,7.66000,7.74250,7.65000,7.72000
2001-03-02,7.70200,7.77280,7.70000,7.74280
2001-03-05,7.73900,7.77150,7.71000,7.77000
2001-03-06,7.76500,7.89510,7.76000,7.87380
2001-03-07,7.87750,7.93350,7.83000,7.92500
2001-03-08,7.91750,7.94620,7.69500,7.72190
2001-03-09,7.71560,7.75920,7.65000,7.74280
2001-03-12,7.73000,7.78250,7.72000,7.78000
2001-03-13,7.77250,7.83500,7.77000,7.82000
2001-03-14,7.81500,7.89000,7.81000,7.88000
2001-03-15,7.88200,7.91250,7.80250,7.89250
2001-03-16,7.89450,7.95500,7.82500,7.92500
2001-03-19,7.91500,8.0071001,7.90500,7.99500
2001-03-20,7.98250,8.045200,7.94250,7.98780
2001-03-21,7.98000,8.023500,7.95500,8.010000
2001-03-22,8.0050001,8.075000,7.98000,8.025000
2001-03-23,8.015500,8.023000,7.92000,7.96000
2001-03-26,7.95600,7.97750,7.92000,7.94500
2001-03-27,7.94050,8.0054998,7.92100,7.98250
2001-03-28,7.99000,8.045500,7.96750,8.030000
2001-03-29,8.030000,8.070000,7.95000,8.057500
2001-03-30,8.0625,8.070000,7.97500,8.037500
2001-04-02,8.025000,8.14500,8.020000,8.13750
2001-04-03,8.125,8.15750,8.072500,8.14000
2001-04-04,8.13000,8.15520,8.030000,8.087700
2001-04-05,8.070000,8.095500,7.99500,8.080000
2001-04-06,8.075000,8.13500,8.052500,8.067500
2001-04-09,8.0625,8.076500,8.024000,8.060000
2001-04-10,8.070000,8.097500,8.022500,8.030000
2001-04-11,8.027500,8.055000,7.98000,8.025000
2001-04-12,8.015000,8.035000,7.96500,8.025000
2001-04-13,8.021500,8.027700,8,8.026500
2001-04-16,8.015000,8.037500,8.015000,8.032500
2001-04-17,8.028000,8.16500,8.015000,8.13500
2001-04-18,8.13000,8.18000,8.090000,8.14250
2001-04-19,8.12750,8.18250,8.11000,8.13000
2001-04-20,8.12000,8.18500,8.090000,8.15000
2001-04-23,8.15000,8.19500,8.125,8.14500
2001-04-24,8.15500,8.17250,8.055000,8.090000
2001-04-25,8.085000,8.125,8.065000,8.11000
2001-04-26,8.090000,8.11500,7.99000,8.010000
2001-04-27,8,8.030000,7.95000,7.98000
2001-04-30,7.98250,8.037000,7.95500,8.037000
2001-05-01,8.028000,8.045000,7.99250,7.99750
2001-05-02,7.98000,8.055000,7.96500,8.030000
2001-05-03,8.025000,8.11000,8.010000,8.080000
2001-05-04,8.070000,8.10300,8.010000,8.025000
2001-05-07,8.017500,8.045000,7.97500,7.99000
2001-05-08,7.98500,8.040000,7.97000,7.97500
2001-05-09,7.97250,8,7.91500,7.93500
2001-05-10,7.95000,7.95500,7.86000,7.94750
2001-05-11,7.94500,7.99600,7.91700,7.97500
2001-05-14,7.96500,8.010000,7.94500,7.96500
2001-05-15,7.97000,8.015000,7.94800,7.98250
2001-05-16,7.98000,8.030000,7.96000,8.030000
2001-05-17,8.020000,8.035000,7.93470,7.95000
2001-05-18,7.95000,7.98000,7.90870,7.92500
2001-05-21,7.91700,7.92500,7.86000,7.88000
2001-05-22,7.88000,7.93200,7.875,7.90750
2001-05-23,7.90500,7.95520,7.87200,7.95000
2001-05-24,7.96000,7.96750,7.93000,7.95000
2001-05-25,7.94200,7.95200,7.88120,7.89500
2001-05-28,7.89000,7.92250,7.875,7.90750
2001-05-29,7.90000,7.94500,7.89500,7.94000
2001-05-30,7.94000,8.010000,7.92150,8.0024996
2001-05-31,7.99500,8.039200,7.98250,8
2001-06-01,7.99000,8.051000,7.98000,8.027500
2001-06-04,8.023600,8.063000,7.96000,8.054000
2001-06-05,8.048600,8.094000,8.011000,8.036000
2001-06-06,8.033600,8.088800,7.98500,8.076000
2001-06-07,8.076000,8.13960,8.055000,8.085000
2001-06-08,8.078600,8.094000,8.040000,8.054600
2001-06-11,8.040000,8.12400,8.040000,8.10580
2001-06-12,8.10160,8.13260,8.079600,8.092600
2001-06-13,8.091000,8.11000,8.065700,8.090000
2001-06-14,8.069800,8.12040,8.020000,8.030000
2001-06-15,8.034400,8.058400,7.97500,7.99500
2001-06-18,7.98500,8.057000,7.98360,8.041600
2001-06-19,8.036600,8.085600,8.023600,8.071000
2001-06-20,8.068600,8.10660,8.056000,8.087600
2001-06-21,8.081000,8.094600,8.033000,8.070000
2001-06-22,8.046000,8.084800,8.015000,8.040000
2001-06-25,8.030000,8.054000,8.012000,8.026000
2001-06-26,8.033600,8.038600,8.0050001,8.018600
2001-06-27,8.018000,8.043400,7.99250,8.026600
2001-06-28,8.010000,8.068600,8.010000,8.060000
2001-06-29,8.050000,8.077000,8.032500,8.048600
2001-07-02,8.055000,8.070500,7.99460,8.0059996
2001-07-03,8.010000,8.032800,7.99500,8.022000
2001-07-04,8.025000,8.10660,8.010000,8.095000
2001-07-05,8.097600,8.17400,8.093600,8.16260
2001-07-06,8.16500,8.24500,8.14100,8.22900
2001-07-09,8.20000,8.24650,8.17500,8.20760
2001-07-10,8.21000,8.29600,8.17200,8.28660
2001-07-11,8.27750,8.34360,8.22800,8.25340
2001-07-12,8.24500,8.30240,8.20640,8.26750
2001-07-13,8.26500,8.29500,8.20260,8.27080
2001-07-16,8.28000,8.29400,8.21500,8.26500
2001-07-17,8.26100,8.26540,8.18480,8.21000
2001-07-18,8.20600,8.26740,8.18250,8.24600
2001-07-19,8.23500,8.29600,8.22000,8.29500
2001-07-20,8.27750,8.29500,8.23880,8.24750
2001-07-23,8.25500,8.25900,8.16100,8.16760
2001-07-24,8.16500,8.20740,8.16250,8.19860
2001-07-25,8.19000,8.22950,8.18500,8.20600
2001-07-26,8.20000,8.20400,8.13750,8.17500
2001-07-27,8.17000,8.24200,8.17000,8.20900
2001-07-30,8.19500,8.23500,8.19000,8.20480
2001-07-31,8.20500,8.27870,8.20360,8.26260
2001-08-01,8.25640,8.27560,8.23480,8.24580
2001-08-02,8.23000,8.24600,8.20500,8.22000
2001-08-03,8.22000,8.28880,8.21000,8.27000
2001-08-06,8.26500,8.31800,8.25300,8.30760
2001-08-07,8.29000,8.33000,8.26800,8.29500
2001-08-08,8.29750,8.32140,8.26500,8.28300
2001-08-09,8.29000,8.30640,8.24860,8.26580
2001-08-10,8.26000,8.27520,8.20860,8.22200
2001-08-13,8.24000,8.30000,8.22000,8.28880
2001-08-14,8.27500,8.30860,8.26000,8.27500
2001-08-15,8.27000,8.27900,8.21980,8.23000
2001-08-16,8.22000,8.25400,8.21750,8.24260
2001-08-17,8.23000,8.31500,8.22500,8.30000
2001-08-20,8.31000,8.33760,8.28660,8.30760
2001-08-21,8.30250,8.43650,8.28360,8.39610
2001-08-22,8.38000,8.45510,8.36480,8.38980
2001-08-23,8.38500,8.41120,8.34010,8.35730
2001-08-24,8.34000,8.38630,8.34000,8.36860
2001-08-27,8.36000,8.42980,8.35860,8.42110
2001-08-28,8.41000,8.43730,8.33860,8.34910
2001-08-29,8.34250,8.37600,8.31050,8.34010
2001-08-30,8.33500,8.40330,8.32610,8.38530
2001-08-31,8.39500,8.44750,8.36200,8.43410
2001-09-03,8.42000,8.47500,8.41000,8.45760
2001-09-04,8.46000,8.49010,8.43580,8.46980
2001-09-05,8.45000,8.50510,8.45000,8.48500
2001-09-06,8.48000,8.53710,8.45110,8.47260
2001-09-07,8.46000,8.49480,8.43500,8.46750
2001-09-10,8.45000,8.53860,8.45000,8.51610
2001-09-11,8.52000,8.63620,8.50860,8.60500
2001-09-12,8.59000,8.67110,8.56350,8.63360
2001-09-13,8.62000,8.67380,8.59420,8.62230
2001-09-14,8.61750,8.64280,8.58510,8.59010
2001-09-17,8.61050,8.66950,8.59500,8.62610
2001-09-18,8.62250,8.68880,8.62110,8.66410
2001-09-19,8.65500,8.67500,8.62610,8.64610
2001-09-20,8.64000,8.70960,8.64000,8.69980
2001-09-21,8.70000,8.80120,8.69610,8.77380
2001-09-24,8.75050,8.77230,8.71650,8.74110
2001-09-25,8.73750,8.78860,8.71500,8.76530
2001-09-26,8.76500,8.90110,8.76000,8.87010
2001-09-27,8.86510,9.0061998,8.85480,8.98660
2001-09-28,8.97580,9.041300,8.92000,9.032600
2001-10-01,9,9.081300,8.97000,9.081100
2001-10-02,9.070000,9.22360,9.065000,9.16600
2001-10-03,9.16000,9.37400,9.13700,9.36250
2001-10-04,9.36500,9.38700,9.23000,9.24200
2001-10-05,9.23500,9.36400,9.20500,9.21000
2001-10-08,9.22000,9.36420,9.21500,9.28300
2001-10-09,9.27500,9.33220,9.24200,9.26900
2001-10-10,9.26500,9.31520,9.16400,9.18300
2001-10-11,9.17000,9.22020,9.12900,9.14750
2001-10-12,9.13800,9.19150,9.10100,9.10900
2001-10-15,9.092000,9.097000,8.94500,9.022000
2001-10-16,9.030000,9.35220,8.99000,9.25900
2001-10-17,9.24000,9.34050,9.20000,9.25600
2001-10-18,9.22500,9.31000,9.16500,9.17600
2001-10-19,9.17000,9.29100,9.15250,9.28700
2001-10-22,9.26500,9.55120,9.24500,9.49760
2001-10-23,9.5,9.59510,9.43360,9.44010
2001-10-24,9.45000,9.49620,9.35000,9.37160
2001-10-25,9.37000,9.47860,9.32000,9.36110
2001-10-29,9.35750,9.39000,9.27000,9.31500
2001-10-30,9.32360,9.42900,9.31750,9.41880
2001-10-31,9.41610,9.48880,9.40000,9.44460
2001-11-01,9.44230,9.54910,9.39750,9.54260
2001-11-02,9.52110,9.60860,9.50860,9.53110
2001-11-05,9.52500,9.66760,9.45980,9.48580
2001-11-06,9.48430,9.51730,9.42000,9.46500
2001-11-07,9.45500,9.56680,9.44500,9.54510
2001-11-08,9.53780,9.57260,9.50500,9.56110
2001-11-09,9.55860,9.64860,9.54500,9.63010
2001-11-12,9.62610,9.72760,9.61500,9.70130
2001-11-13,9.70310,9.72360,9.66500,9.69730
2001-11-14,9.71110,9.74500,9.63480,9.65980
2001-11-15,9.67110,9.68870,9.53000,9.55760
2001-11-16,9.55380,9.60610,9.45880,9.57360
2001-11-19,9.56550,9.72010,9.56000,9.71010
2001-11-20,9.70860,9.79180,9.68630,9.74980
2001-11-21,9.74460,9.92230,9.72000,9.91010
2001-11-22,9.92110,9.99860,9.89500,9.97530
2001-11-23,9.96910,9.97610,9.90500,9.95370
2001-11-26,9.94000,9.95500,9.84260,9.875
2001-11-27,9.86010,9.99000,9.83000,9.96610
2001-11-28,9.95730,9.96960,9.82880,9.86260
2001-11-29,9.86160,10.35250,9.79000,10.28520
2001-11-30,10.27530,10.45000,10.18500,10.26000
2001-12-03,10.26000,10.46430,10.25500,10.40050
2001-12-04,10.38500,10.63370,10.29000,10.58000
2001-12-05,10.57000,11.19500,10.57000,11.17500
2001-12-06,11.22500,11.25500,10.82000,10.92500
2001-12-07,10.89000,11.20500,10.82000,10.95500
2001-12-10,10.87000,11.23000,10.84000,10.93000
2001-12-11,10.91000,11.15200,10.91000,11.12000
2001-12-12,11.10000,11.23500,11.040000,11.13000
2001-12-13,11.11000,11.61000,11.070000,11.50500
2001-12-14,11.48000,12.45500,11.46500,12.20000
2001-12-17,12.17000,12.19000,11.78000,12.040000
2001-12-18,12.020000,12.30500,11.88000,12.20500
2001-12-19,12.18000,12.62000,12.18000,12.47000
2001-12-20,12.45000,13.79500,12.43000,13.47500
2001-12-21,13.5,13.81500,12.020000,12.050000
2001-12-24,11.98000,12.30500,11.87000,11.875
2001-12-25,11.87000,11.875,11.87000,11.875
2001-12-26,11.90000,11.99500,11.78500,11.875
2001-12-27,11.85000,12.18000,11.77000,11.78000
2001-12-28,11.78000,11.98000,11.67000,11.98000
2001-12-31,11.96000,12.125,11.95000,11.98500
2002-01-02,11.95000,12.61000,11.95000,12.44000
2002-01-03,12.40000,12.65000,12.12000,12.35300
2002-01-04,12.30800,12.38300,11.92000,12.11400
2002-01-07,12.040000,12.10000,11.58900,11.67300
2002-01-08,11.62300,11.73130,11.32500,11.47000
2002-01-09,11.40500,11.53500,11.18500,11.34800
2002-01-10,11.27500,11.62120,11.16500,11.55800
2002-01-11,11.51900,11.70000,11.25300,11.32300
2002-01-14,11.27000,11.62950,11.27000,11.57000
2002-01-15,11.56500,11.78350,11.42990,11.70450
2002-01-16,11.67100,11.90500,11.59100,11.64500
2002-01-17,11.60000,11.67500,11.35000,11.42000
2002-01-18,11.39000,11.48500,11.29490,11.45500
2002-01-21,11.42000,11.55380,11.38000,11.49750
2002-01-22,11.43000,11.71250,11.38000,11.66500
2002-01-23,11.625,11.72370,11.30750,11.36500
2002-01-24,11.32000,11.42500,11.19000,11.27500
2002-01-25,11.27000,11.40250,11.088700,11.38700
2002-01-28,11.34000,11.59000,11.28000,11.51300
2002-01-29,11.45500,11.59000,11.31500,11.38000
2002-01-30,11.33000,11.57750,11.33000,11.41500
2002-01-31,11.43000,11.54870,11.35000,11.43300
2002-02-01,11.39300,11.68970,11.35800,11.65000
2002-02-04,11.60000,11.73650,11.56500,11.62950
2002-02-05,11.61300,11.65000,11.51000,11.53000
2002-02-06,11.51000,11.53500,11.41000,11.5
2002-02-07,11.48500,11.57700,11.30000,11.31500
2002-02-08,11.30000,11.50500,11.28000,11.42500
2002-02-11,11.39500,11.57000,11.38000,11.57000
2002-02-12,11.55000,11.64500,11.38000,11.39500
2002-02-13,11.38000,11.52870,11.37000,11.49500
2002-02-14,11.47500,11.60520,11.42500,11.52450
2002-02-15,11.5,11.57500,11.41700,11.44200
2002-02-18,11.42000,11.56870,11.32000,11.49500
2002-02-19,11.46000,11.57150,11.44000,11.49950
2002-02-20,11.48300,11.52500,11.30000,11.30500
2002-02-21,11.30000,11.48600,11.30000,11.41800
2002-02-22,11.40200,11.51100,11.32000,11.40200
2002-02-25,11.37000,11.49300,11.33500,11.47200
2002-02-26,11.48000,11.50100,11.36000,11.42300
2002-02-27,11.40700,11.48500,11.36000,11.43250
2002-02-28,11.39100,11.45880,11.32000,11.37900
2002-03-01,11.36900,11.41500,11.24000,11.29000
2002-03-04,11.25,11.31500,10.80000,11.0050001
2002-03-05,10.99000,11.085000,10.84000,10.99500
2002-03-06,10.98000,11.13500,10.95000,11
2002-03-07,10.99000,11.71370,10.95000,11.60000
2002-03-08,11.63000,12.17650,11.52500,11.67950
2002-03-11,11.60000,11.625,11.30000,11.51500
2002-03-12,11.48000,11.58500,11.39000,11.52500
2002-03-13,11.5,11.88500,11.5,11.625
2002-03-14,11.62000,11.75,11.56000,11.67500
2002-03-15,11.65000,11.96650,11.60000,11.88450
2002-03-18,11.87000,12.070000,11.81300,11.98000
2002-03-19,11.93300,12.098700,11.59500,11.67000
2002-03-20,11.59500,11.72370,11.34000,11.63500
2002-03-21,11.60500,11.67000,11.41800,11.48800
2002-03-22,11.48000,11.64000,11.42000,11.48000
2002-03-25,11.46000,11.62200,11.46000,11.54550
2002-03-26,11.52900,11.65000,11.43870,11.47000
2002-03-27,11.44000,11.54500,11.37000,11.43000
2002-03-28,11.41000,11.46000,11.30870,11.34000
2002-03-29,11.31000,11.34500,11.31000,11.34500
2002-04-01,11.35000,11.375,11.30000,11.375
2002-04-02,11.33000,11.39370,11.19000,11.21000
2002-04-03,11.20000,11.26000,11.080000,11.11000
2002-04-04,11.10000,11.28500,11.030000,11.21500
2002-04-05,11.20000,11.32870,11.035000,11.065000
2002-04-08,11.050000,11.21000,11.032500,11.14000
2002-04-09,11.12000,11.26600,11.11000,11.22300
2002-04-10,11.21000,11.25,11.16000,11.20500
2002-04-11,11.19250,11.24200,11.19000,11.20500
2002-04-12,11.18000,11.26500,11.15000,11.22000
2002-04-15,11.16000,11.22000,11.13000,11.19000
2002-04-16,11.16000,11.26800,11.14000,11.25750
2002-04-17,11.23000,11.26000,11.10370,11.13500
2002-04-18,11.13000,11.17000,11.050000,11.11500
2002-04-19,11.090000,11.14200,11.040000,11.095000
2002-04-22,11.090000,11.13970,10.94000,10.97300
2002-04-23,10.96000,11.015000,10.89000,10.94000
2002-04-24,10.92500,11,10.89000,10.90000
2002-04-25,10.89000,10.92100,10.79000,10.89400
2002-04-26,10.85000,10.96500,10.57000,10.58500
2002-04-29,10.57500,10.71500,10.49400,10.60300
2002-04-30,10.55000,10.74000,10.54900,10.66100
2002-05-01,10.64000,10.71800,10.51300,10.57500
2002-05-02,10.55000,10.63000,10.375,10.52500
2002-05-03,10.51500,10.55120,10.36000,10.42750
2002-05-06,10.42000,10.43900,10.32000,10.41600
2002-05-07,10.39500,10.45500,10.090000,10.17500
2002-05-08,10.14000,10.33500,10.020000,10.22500
2002-05-09,10.23500,10.42550,10.20000,10.35050
2002-05-10,10.32000,10.38050,10.13500,10.20550
2002-05-13,10.17000,10.23000,10.038000,10.13300
2002-05-14,10.080000,10.18000,10.044000,10.16000
2002-05-15,10.14000,10.34500,10.14000,10.20500
2002-05-16,10.18000,10.20500,10.092000,10.12000
2002-05-17,10.11000,10.15000,9.94500,9.98500
2002-05-20,10,10.10500,9.92000,10.018000
2002-05-21,10.010000,10.12870,9.97300,10.058000
2002-05-22,10.040000,10.16370,10.025000,10.10200
2002-05-23,10.070000,10.16750,10.052000,10.10800
2002-05-24,10.10000,10.16050,9.90700,10.0054998
2002-05-27,9.99000,10.058000,9.89700,9.94550
2002-05-28,9.91500,9.98550,9.85500,9.89750
2002-05-29,9.88000,9.94000,9.70000,9.75
2002-05-30,9.72000,9.81300,9.63500,9.72550
2002-05-31,9.66000,9.90550,9.66000,9.83250
2002-06-03,9.83000,9.87550,9.72000,9.84550
2002-06-04,9.80000,9.83500,9.625,9.70500
2002-06-05,9.68000,9.97490,9.67000,9.91500
2002-06-06,9.87000,9.96550,9.71200,9.73750
2002-06-07,9.75,9.88750,9.68500,9.84500
2002-06-10,9.81000,10.055000,9.81000,9.99500
2002-06-11,9.96000,10.087900,9.94000,10.014500
2002-06-12,10,10.22500,9.97200,10.14000
2002-06-13,10.10000,10.39550,10.10000,10.34750
2002-06-14,10.32000,10.53500,10.29500,10.47500
2002-06-17,10.47000,10.70500,10.43700,10.56700
2002-06-18,10.58000,10.60550,10.20000,10.23200
2002-06-19,10.24000,10.28500,10.090000,10.23200
2002-06-20,10.22000,10.46050,10.13100,10.41050
2002-06-21,10.38500,10.56500,10.18800,10.25200
2002-06-24,10.21000,10.46870,10.14700,10.25200
2002-06-25,10.26500,10.40000,10.22000,10.38200
2002-06-26,10.40000,10.46200,10.23100,10.32500
2002-06-27,10.32000,10.43550,10.24000,10.38250
2002-06-28,10.38000,10.50250,10.18000,10.27000
2002-07-01,10.28000,10.37620,9.87000,9.99880
2002-07-02,9.99010,10.16550,9.95200,10.067500
2002-07-03,10,10.22500,10,10.16000
2002-07-04,10.12250,10.23750,10.12250,10.20500
2002-07-05,10.17000,10.21870,10.017000,10.080000
2002-07-08,10.070000,10.21000,9.96200,10.16000
2002-07-09,10.13450,10.20750,9.95000,9.98750
2002-07-10,10.015000,10.035000,9.91700,10
2002-07-11,9.98000,10.14350,9.95200,10.080500
2002-07-12,10.10000,10.15250,9.91000,9.96000
2002-07-15,9.95000,10.085000,9.90000,10.020000
2002-07-16,10,10.14870,9.98600,10.11500
2002-07-17,10.080000,10.16740,10.030000,10.125
2002-07-18,10.12000,10.15870,9.90000,9.97000
2002-07-19,9.93000,9.97600,9.84000,9.95500
2002-07-22,9.93000,10.060500,9.93000,9.97750
2002-07-23,9.95000,10.11500,9.95000,10.097000
2002-07-24,10.090000,10.37550,10.070000,10.31200
2002-07-25,10.25,10.29550,10.020000,10.092500
2002-07-26,10.10000,10.31550,10.011000,10.27050
2002-07-29,10.24000,10.30120,10.030000,10.14950
2002-07-30,10.10000,10.21550,10.080000,10.15750
2002-07-31,10.13000,10.25500,10.11100,10.16500
2002-08-01,10.18000,10.34000,10.17000,10.23200
2002-08-02,10.20000,10.26500,10.14000,10.20200
2002-08-05,10.20500,10.53750,10.18000,10.50500
2002-08-06,10.48000,10.75250,10.47000,10.61000
2002-08-07,10.59100,10.61500,10.37000,10.42500
2002-08-08,10.42150,10.49500,10.33500,10.40200
2002-08-09,10.38000,10.51000,10.35500,10.46000
2002-08-12,10.44000,10.49600,10.37800,10.45300
2002-08-13,10.42300,10.64500,10.40100,10.55000
2002-08-14,10.53000,10.61000,10.45000,10.55500
2002-08-15,10.5,10.66870,10.5,10.62700
2002-08-16,10.60000,10.67870,10.52000,10.54500
2002-08-19,10.54500,10.66000,10.51500,10.625
2002-08-20,10.60000,10.86700,10.57700,10.86000
2002-08-21,10.84000,10.96000,10.80000,10.93500
2002-08-22,10.90000,10.96500,10.82500,10.87000
2002-08-23,10.86000,10.90620,10.76000,10.81400
2002-08-26,10.83000,10.86500,10.72800,10.79200
2002-08-27,10.79500,10.82500,10.49500,10.52500
2002-08-28,10.52500,10.59620,10.43500,10.57500
2002-08-29,10.57000,10.68920,10.55000,10.61550
2002-08-30,10.61000,10.64120,10.42870,10.59000
2002-09-02,10.60250,10.63620,10.52500,10.61600
2002-09-03,10.61000,10.78600,10.52000,10.77700
2002-09-04,10.75,10.86000,10.60620,10.65700
2002-09-05,10.66000,10.72250,10.47700,10.56700
2002-09-06,10.55000,10.62300,10.41000,10.53050
2002-09-09,10.5,10.57420,10.43200,10.51050
2002-09-10,10.48000,10.65500,10.46000,10.63050
2002-09-11,10.60000,10.65500,10.50700,10.56230
2002-09-12,10.54000,10.67550,10.41200,10.46050
2002-09-13,10.44500,10.59450,10.38700,10.52550
2002-09-16,10.5,10.74050,10.5,10.73250
2002-09-17,10.70000,10.75500,10.51500,10.61250
2002-09-18,10.58750,10.65890,10.48600,10.62850
2002-09-19,10.58000,10.61000,10.48500,10.57700
2002-09-20,10.56000,10.66370,10.49000,10.59500
2002-09-23,10.57500,10.70600,10.56000,10.65100
2002-09-24,10.62000,10.75420,10.61800,10.66350
2002-09-25,10.65000,10.77050,10.53500,10.56950
2002-09-26,10.57000,10.65250,10.50200,10.55750
2002-09-27,10.53010,10.58930,10.50700,10.58550
2002-09-30,10.53000,10.63000,10.48800,10.52300
2002-10-01,10.52000,10.56550,10.38200,10.43050
2002-10-02,10.40000,10.47550,10.34000,10.43850
2002-10-03,10.42000,10.50050,10.33000,10.38250
2002-10-04,10.37000,10.48420,10.34120,10.44050
2002-10-07,10.39000,10.53620,10.37000,10.52050
2002-10-08,10.47000,10.56050,10.41700,10.51250
2002-10-09,10.49000,10.53920,10.43700,10.48150
2002-10-10,10.44500,10.52300,10.36000,10.40550
2002-10-11,10.38500,10.48500,10.34500,10.43500
2002-10-14,10.41000,10.46000,10.375,10.42800
2002-10-15,10.40000,10.49370,10.39300,10.42700
2002-10-16,10.41000,10.46800,10.36900,10.39550
2002-10-17,10.39000,10.42900,10.26000,10.31100
2002-10-18,10.30000,10.37870,10.28100,10.36200
2002-10-21,10.34000,10.37120,10.16000,10.20500
2002-10-22,10.19500,10.25620,10.14000,10.19500
2002-10-23,10.18000,10.27550,10.14000,10.19550
2002-10-24,10.17500,10.19100,10.086000,10.14400
2002-10-25,10.13000,10.15850,10.063000,10.11450
2002-10-28,10.085000,10.13870,10.012000,10.045000
2002-10-29,10.033000,10.098700,9.96700,10.075000
2002-10-30,10.060000,10.27550,10.040000,10.091500
2002-10-31,10.063000,10.11500,9.91700,10.010500
2002-11-01,9.99530,10.054200,9.92000,10.0024996
2002-11-04,9.98500,10.015000,9.85100,9.90000
2002-11-05,9.86000,9.98170,9.83000,9.92550
2002-11-06,9.90000,9.98870,9.83500,9.88000
2002-11-07,9.84500,9.89550,9.73500,9.78750
2002-11-08,9.75200,9.79620,9.69300,9.77630
2002-11-11,9.73000,9.86800,9.70000,9.84550
2002-11-12,9.82600,9.95270,9.77800,9.83850
2002-11-13,9.81300,9.86550,9.74000,9.84850
2002-11-14,9.81500,9.85550,9.65000,9.70850
2002-11-15,9.67200,9.74500,9.54600,9.59500
2002-11-18,9.58050,9.65420,9.51000,9.60850
2002-11-19,9.58400,9.68400,9.5,9.66150
2002-11-20,9.59300,9.74170,9.58500,9.66150
2002-11-21,9.63700,9.73050,9.56700,9.61750
2002-11-22,9.59200,9.62550,9.42500,9.46550
2002-11-25,9.45000,9.54550,9.23700,9.28050
2002-11-26,9.24800,9.30550,9.031000,9.22750
2002-11-27,9.19200,9.30170,9.11600,9.26250
2002-11-28,9.22000,9.32550,9.125,9.24050
2002-11-29,9.22500,9.32550,9.21700,9.24750
2002-12-02,9.25,9.31550,9.17500,9.23750
2002-12-03,9.21500,9.32050,9.14000,9.25150
2002-12-04,9.23700,9.26900,9.045000,9.10100
2002-12-05,9.082000,9.18420,9.040000,9.12050
2002-12-06,9.10700,9.24670,9.075000,9.20050
2002-12-09,9.18000,9.23550,9.052000,9.083500
2002-12-10,9.056000,9.090500,8.93000,8.99350
2002-12-11,8.96100,8.99550,8.82600,8.85450
2002-12-12,8.85600,8.94370,8.83000,8.90500
2002-12-13,8.88000,8.90550,8.69000,8.74250
2002-12-16,8.73000,8.77650,8.65200,8.73650
2002-12-17,8.72800,9.17250,8.63000,9.12000
2002-12-18,9.087500,9.16550,8.87000,8.91550
2002-12-19,8.88700,9.068500,8.75,8.91050
2002-12-20,8.88000,9.13420,8.77500,8.89550
2002-12-23,8.90000,8.96500,8.78300,8.83500
2002-12-24,8.82000,8.92500,8.72800,8.875
2002-12-25,8.85000,8.875,8.85000,8.875
2002-12-26,8.82700,8.91050,8.80200,8.83550
2002-12-27,8.84200,8.86700,8.70000,8.79500
2002-12-30,8.73500,8.78550,8.53300,8.63150
2002-12-31,8.60100,8.72800,8.53000,8.57050
2003-01-01,8.54700,8.57250,8.54700,8.57250
2003-01-02,8.54000,8.59420,8.44000,8.49350
2003-01-03,8.46800,8.56500,8.375,8.41500
2003-01-06,8.40000,8.54570,8.33000,8.53470
2003-01-07,8.51200,8.67550,8.42500,8.66050
2003-01-08,8.63200,8.70020,8.52700,8.54850
2003-01-09,8.52700,8.58500,8.46000,8.56500
2003-01-10,8.55000,8.58550,8.44000,8.49250
2003-01-13,8.47000,8.68500,8.43000,8.64880
2003-01-14,8.62010,8.87510,8.56010,8.82260
2003-01-15,8.79680,8.98810,8.69700,8.75750
2003-01-16,8.74000,8.89050,8.71700,8.80050
2003-01-17,8.80600,8.94680,8.74500,8.82750
2003-01-20,8.82000,8.88500,8.77300,8.84500
2003-01-21,8.83000,9.075000,8.82500,9.035000
2003-01-22,9.025000,9.087500,8.92500,8.94700
2003-01-23,8.93500,8.97550,8.67000,8.74750
2003-01-24,8.72500,8.81100,8.64000,8.73600
2003-01-27,8.72250,8.81550,8.65000,8.72750
2003-01-28,8.69700,8.79540,8.69500,8.76850
2003-01-29,8.74820,8.79550,8.51000,8.55750
2003-01-30,8.53800,8.68550,8.51000,8.56550
2003-01-31,8.54000,8.62820,8.44100,8.50750
2003-02-03,8.47000,8.58880,8.47000,8.52210
2003-02-04,8.51110,8.55000,8.26510,8.31630
2003-02-05,8.29760,8.4375,8.24000,8.39010
2003-02-06,8.39000,8.49000,8.26760,8.37130
2003-02-07,8.35010,8.46500,8.33510,8.37760
2003-02-10,8.36500,8.55500,8.35000,8.51260
2003-02-11,8.50260,8.59500,8.32000,8.37010
2003-02-12,8.36000,8.43550,8.30500,8.38050
2003-02-13,8.38500,8.44000,8.28000,8.31030
2003-02-14,8.27000,8.375,8.25,8.32510
2003-02-17,8.31000,8.42600,8.30000,8.39500
2003-02-18,8.36500,8.45500,8.30010,8.40510
2003-02-19,8.37000,8.42500,8.21760,8.25630
2003-02-20,8.26000,8.29000,8.050000,8.095100
2003-02-21,8.075000,8.13500,8.010000,8.057600
2003-02-24,8.052500,8.16750,8,8.097100
2003-02-25,8.068800,8.14250,8.040000,8.077600
2003-02-26,8.080000,8.17500,7.92130,8.17500
2003-02-27,8.16000,8.18500,7.94000,7.99260
2003-02-28,7.94510,8.20870,7.93000,8.087600
2003-03-03,8.070000,8.14500,7.88000,7.93260
2003-03-04,7.92000,8.048700,7.88000,7.98510
2003-03-05,7.97780,8.0051003,7.83760,7.96640
2003-03-06,7.96380,8.095000,7.92000,7.99010
2003-03-07,7.96260,8.045000,7.89510,7.94130
2003-03-10,7.92500,7.97500,7.84030,7.88510
2003-03-11,7.86410,7.95600,7.84130,7.90630
2003-03-12,7.87260,8.075000,7.87000,8.035100
2003-03-13,8.0087996,8.19750,7.99880,8.16260
2003-03-14,8.12760,8.27870,8.12000,8.19750
2003-03-17,8.14000,8.28500,8.050000,8.26250
2003-03-18,8.20700,8.28300,8.13700,8.18150
2003-03-19,8.16000,8.24180,8.055000,8.18350
2003-03-20,8.14200,8.21550,8.080000,8.12750
2003-03-21,8.11000,8.27050,8.080000,8.24350
2003-03-24,8.19000,8.25010,8.098800,8.12880
2003-03-25,8.12250,8.15730,7.98000,8.020100
2003-03-26,8.020000,8.060300,7.87000,7.89500
2003-03-27,7.88010,8.0075998,7.85000,7.95880
2003-03-28,7.94010,8.022600,7.92000,7.98260
2003-03-31,7.97750,7.98750,7.83760,7.88830
2003-04-01,7.87830,7.93510,7.83000,7.88010
2003-04-02,7.86000,7.98950,7.81000,7.95500
2003-04-03,7.94750,7.97630,7.84260,7.88120
2003-04-04,7.90750,7.99000,7.83500,7.93570
2003-04-07,7.94950,8.095000,7.91000,7.96500
2003-04-08,7.95500,8.076200,7.91500,8.048800
2003-04-09,8.027500,8.081300,7.85000,7.92530
2003-04-10,7.93000,7.97500,7.73000,7.79530
2003-04-11,7.76500,7.85500,7.71000,7.80510
2003-04-14,7.76000,7.85500,7.75,7.82510
2003-04-15,7.80000,7.86000,7.63010,7.70260
2003-04-16,7.66000,7.72750,7.60000,7.67010
2003-04-17,7.65250,7.69000,7.54000,7.62880
2003-04-18,7.63000,7.65500,7.56510,7.61630
2003-04-21,7.58000,7.65500,7.58000,7.65500
2003-04-22,7.61000,7.67500,7.5,7.56130
2003-04-23,7.53750,7.63500,7.35010,7.39760
2003-04-24,7.36000,7.43300,7.21600,7.26250
2003-04-25,7.24000,7.36300,7.17300,7.21450
2003-04-28,7.20000,7.26500,7.035100,7.19630
2003-04-29,7.19000,7.30490,7.060000,7.10500
2003-04-30,7.080000,7.35370,7.015000,7.26500
2003-05-01,7.25,7.37000,7.22260,7.27010
2003-05-02,7.25,7.53500,7.22450,7.49500
2003-05-05,7.45000,7.55500,7.15260,7.22500
2003-05-06,7.17000,7.4375,7.15500,7.27010
2003-05-07,7.26000,7.38750,7.17500,7.21050
2003-05-08,7.24000,7.35500,7.18000,7.19500
2003-05-09,7.19000,7.30520,7.18000,7.27750
2003-05-12,7.24000,7.43530,7.18000,7.32500
2003-05-13,7.28750,7.41000,7.26000,7.39000
2003-05-14,7.35000,7.66510,7.35000,7.65360
2003-05-15,7.65000,8.14500,7.62000,8.015000
2003-05-16,7.99000,8.065000,7.62000,7.73010
2003-05-19,7.65250,8.0050001,7.58000,7.94510
2003-05-20,7.94000,8.095000,7.70000,7.76510
2003-05-21,7.76000,7.82680,7.65510,7.77170
2003-05-22,7.82500,7.97500,7.75,7.82500
2003-05-23,7.79000,7.93500,7.76000,7.88500
2003-05-26,7.84000,7.93500,7.82000,7.88500
2003-05-27,7.88000,8.15750,7.86000,8.125
2003-05-28,8.090000,8.35870,8.070000,8.20510
2003-05-29,8.17000,8.29500,7.97510,8.060100
2003-05-30,8.010000,8.19490,7.86000,8.10500
2003-06-02,8.12000,8.19000,7.96880,8.031100
2003-06-03,8,8.10620,7.98000,8.047600
2003-06-04,8.0019999,8.25750,8,8.19880
2003-06-05,8.16000,8.28500,7.86510,7.92510
2003-06-06,7.90000,8.12000,7.87000,8.11200
2003-06-09,8.10000,8.10500,7.83010,7.94500
2003-06-10,7.90500,8.067500,7.88260,7.92760
2003-06-11,7.90000,7.95500,7.87010,7.95500
2003-06-12,7.91500,8.052900,7.73260,7.80500
2003-06-13,7.78000,7.89000,7.75,7.84500
2003-06-16,7.77000,7.86500,7.71000,7.80500
2003-06-17,7.79000,7.95500,7.76000,7.83510
2003-06-18,7.80000,7.98000,7.78500,7.91880
2003-06-19,7.92000,8.062400,7.86000,7.91500
2003-06-20,7.89000,7.98500,7.82760,7.88500
2003-06-23,7.88510,7.98500,7.85000,7.94500
2003-06-24,7.95360,7.99370,7.72000,7.78510
2003-06-25,7.75,7.81500,7.61510,7.70010
2003-06-26,7.67000,7.75500,7.49510,7.625
2003-06-27,7.58000,7.62120,7.40000,7.49260
2003-06-30,7.47000,7.58370,7.34760,7.49500
2003-07-01,7.49990,7.53740,7.38000,7.45500
2003-07-02,7.41000,7.47420,7.29000,7.44450
2003-07-03,7.42000,7.59630,7.41000,7.51000
2003-07-04,7.48000,7.55300,7.44000,7.50500
2003-07-07,7.48000,7.54500,7.43000,7.51380
2003-07-08,7.48500,7.75500,7.45000,7.62510
2003-07-09,7.60000,7.75500,7.50760,7.58260
2003-07-10,7.57000,7.63000,7.41300,7.58500
2003-07-11,7.58000,7.65500,7.51000,7.54500
2003-07-14,7.53000,7.64000,7.45000,7.60500
2003-07-15,7.59000,7.74800,7.57500,7.67500
2003-07-16,7.68000,7.84500,7.66000,7.75260
2003-07-17,7.72000,7.76500,7.63000,7.73500
2003-07-18,7.71500,7.74500,7.60760,7.65260
2003-07-21,7.66650,7.70250,7.53510,7.60000
2003-07-22,7.58000,7.63500,7.53000,7.57260
2003-07-23,7.55000,7.61750,7.46510,7.50500
2003-07-24,7.47000,7.58500,7.43760,7.51500
2003-07-25,7.49000,7.58000,7.37000,7.42010
2003-07-28,7.40000,7.46660,7.26510,7.36350
2003-07-29,7.32000,7.39120,7.19500,7.34260
2003-07-30,7.33000,7.44500,7.32000,7.35500
2003-07-31,7.33000,7.52250,7.30000,7.37160
2003-08-01,7.33400,7.51800,7.31000,7.47500
2003-08-04,7.44410,7.46910,7.42000,7.44500
2003-08-05,7.44410,7.52000,7.36000,7.41010
2003-08-06,7.35000,7.38000,7.29000,7.34500
2003-08-07,7.33000,7.38750,7.21000,7.26010
2003-08-08,7.26250,7.45000,7.16500,7.34500
2003-08-11,7.35000,7.45950,7.31000,7.38500
2003-08-12,7.34000,7.43500,7.32000,7.41010
2003-08-13,7.38000,7.45760,7.36000,7.42000
2003-08-14,7.43490,7.45990,7.29010,7.33500
2003-08-15,7.31010,7.41500,7.29000,7.34260
2003-08-18,7.34000,7.37000,7.22000,7.25280
2003-08-19,7.24000,7.39000,7.23000,7.34260
2003-08-20,7.3125,7.42850,7.28000,7.35360
2003-08-21,7.34500,7.52500,7.31880,7.52000
2003-08-22,7.5,7.57000,7.41260,7.47410
2003-08-25,7.44000,7.51500,7.42510,7.48960
2003-08-26,7.46000,7.51200,7.26510,7.34500
2003-08-27,7.31500,7.39500,7.26000,7.34460
2003-08-28,7.32500,7.37750,7.25760,7.37250
2003-08-29,7.33010,7.39750,7.27760,7.35500
2003-09-01,7.33500,7.38900,7.29000,7.35960
2003-09-02,7.34000,7.41010,7.25,7.33500
2003-09-03,7.29500,7.35250,7.22000,7.25760
2003-09-04,7.23000,7.35500,7.20000,7.29500
2003-09-05,7.27500,7.50100,7.25,7.48010
2003-09-08,7.43000,7.66510,7.43000,7.58760
2003-09-09,7.53000,7.59500,7.41510,7.48480
2003-09-10,7.48000,7.51750,7.33000,7.38500
2003-09-11,7.35500,7.43600,7.30260,7.40500
2003-09-12,7.38000,7.43500,7.31380,7.37130
2003-09-15,7.34500,7.44500,7.32000,7.42500
2003-09-16,7.40250,7.54750,7.40000,7.53280
2003-09-17,7.49000,7.55500,7.35880,7.38930
2003-09-18,7.37000,7.43700,7.27000,7.35510
2003-09-19,7.32750,7.41500,7.29000,7.34500
2003-09-22,7.29500,7.33500,7.15000,7.23110
2003-09-23,7.22000,7.24500,7.097600,7.18460
2003-09-24,7.17500,7.20500,7.065100,7.10710
2003-09-25,7.070000,7.14990,7.042600,7.094100
2003-09-26,7.070000,7.23750,7.060000,7.15500
2003-09-29,7.17000,7.23500,7.085300,7.11380
2003-09-30,7.090000,7.12380,6.84630,6.94590
2003-10-01,6.93000,7.021000,6.87000,6.93500
2003-10-02,6.89000,6.93000,6.79260,6.86760
2003-10-03,6.85500,6.99270,6.79560,6.96410
2003-10-06,6.92000,7.045000,6.87000,6.91910
2003-10-07,6.90000,6.93500,6.76000,6.89250
2003-10-08,6.87940,6.93500,6.81000,6.87010
2003-10-09,6.85000,6.99000,6.80000,6.94380
2003-10-10,6.91000,6.99750,6.85510,6.96760
2003-10-13,6.94000,7.073500,6.93000,7.022600
2003-10-14,6.99000,7.078600,6.89760,6.95000
2003-10-15,6.92500,7.045000,6.89000,7.022600
2003-10-16,7.020000,7.063700,6.92000,7.015000
2003-10-17,6.99000,7.30870,6.98000,7.19210
2003-10-20,7.16000,7.25600,7.13010,7.20500
2003-10-21,7.18000,7.21000,7.062600,7.13630
2003-10-22,7.10500,7.17500,6.91000,6.98760
2003-10-23,6.96000,7.035000,6.92000,6.97130
2003-10-24,6.95050,7.0075002,6.84880,6.91500
2003-10-27,6.89000,6.95500,6.83760,6.88000
2003-10-28,6.84880,6.98200,6.84510,6.95760
2003-10-29,6.92500,6.99750,6.83510,6.88130
2003-10-30,6.88300,6.96500,6.83060,6.92500
2003-10-31,6.90510,6.95500,6.84010,6.88860
2003-11-03,6.88000,6.96500,6.80000,6.94430
2003-11-04,6.90000,6.98500,6.86760,6.91260
2003-11-05,6.91260,6.97970,6.85000,6.92630
2003-11-06,6.90260,7.030000,6.89000,7.0050998
2003-11-07,7.00010014,7.090000,6.88880,6.97010
2003-11-10,6.93010,7.0050001,6.90360,6.95380
2003-11-11,6.93260,6.98500,6.87000,6.91080
2003-11-12,6.89000,6.96750,6.83000,6.87630
2003-11-13,6.84810,6.90500,6.67000,6.75510
2003-11-14,6.73010,6.79750,6.65000,6.69500
2003-11-17,6.67000,6.76750,6.61760,6.72500
2003-11-18,6.70000,6.76000,6.5,6.55260
2003-11-19,6.53110,6.66030,6.49000,6.62630
2003-11-20,6.60000,6.63750,6.51810,6.54380
2003-11-21,6.52010,6.59000,6.47230,6.53460
2003-11-24,6.5,6.61250,6.48000,6.57000
2003-11-25,6.55510,6.61750,6.51000,6.55260
2003-11-26,6.52760,6.55260,6.37380,6.42010
2003-11-27,6.39000,6.47000,6.37000,6.43810
2003-11-28,6.41000,6.45000,6.33000,6.39260
2003-12-01,6.37000,6.43000,6.32000,6.36730
2003-12-02,6.37510,6.41750,6.28000,6.30630
2003-12-03,6.28880,6.35700,6.070000,6.19380
2003-12-04,6.17560,6.37760,6.14010,6.36760
2003-12-05,6.33010,6.41250,6.22760,6.28760
2003-12-08,6.23000,6.49750,6.22000,6.44170
2003-12-09,6.40510,6.45750,6.35260,6.42260
2003-12-10,6.38010,6.55000,6.37000,6.48510
2003-12-11,6.48010,6.51870,6.25510,6.38500
2003-12-12,6.35510,6.43400,6.32510,6.36000
2003-12-15,6.37000,6.42300,6.27830,6.33010
2003-12-16,6.29510,6.42000,6.25,6.39500
2003-12-17,6.37000,6.54200,6.34000,6.52000
2003-12-18,6.50130,6.75510,6.48000,6.64280
2003-12-19,6.62780,6.95370,6.55000,6.94630
2003-12-22,6.93050,7.015000,6.75510,6.91010
2003-12-23,6.89000,6.95000,6.82510,6.91500
2003-12-24,6.87000,6.93850,6.63710,6.68500
2003-12-25,6.65000,6.70500,6.65000,6.69500
2003-12-26,6.68010,6.75880,6.63000,6.68680
2003-12-29,6.64000,6.78000,6.64000,6.72630
2003-12-30,6.69510,6.71500,6.52000,6.63250
2003-12-31,6.58000,6.70600,6.53510,6.69100
2004-01-02,6.64000,6.72870,6.48810,6.53880
2004-01-05,6.5,6.52500,6.26000,6.29110
2004-01-06,6.27510,6.55050,6.19000,6.44350
2004-01-07,6.42000,6.62550,6.37000,6.57050
2004-01-08,6.53700,6.76010,6.49000,6.59500
2004-01-09,6.54000,6.81900,6.52000,6.67150
2004-01-12,6.65500,6.99000,6.57260,6.96500
2004-01-13,6.91760,7.11050,6.79510,6.89260
2004-01-14,6.85560,7.24500,6.82000,7.15260
2004-01-15,7.095100,7.39000,7.050000,7.37510
2004-01-16,7.35160,7.57510,7.16000,7.20510
2004-01-19,7.23000,7.33500,7.15000,7.28500
2004-01-20,7.25160,7.34000,7.028100,7.055000
2004-01-21,7.047600,7.21250,7,7.11130
2004-01-22,7.090100,7.26370,7.030000,7.077600
2004-01-23,7.051300,7.22700,7.045000,7.21500
2004-01-26,7.18500,7.30000,7.055800,7.095000
2004-01-27,7.080000,7.1875,7.015100,7.040000
2004-01-28,7.010100,7.100000,7.0070000,6.98760
2004-01-29,6.97880,7.10510,6.92510,7.027600
2004-01-30,7.0026002,7.15500,6.95000,7.095000
2004-02-02,7.070000,7.125,6.95880,6.98760
2004-02-03,6.96030,6.99500,6.85000,6.92010
2004-02-04,6.88880,6.96750,6.77260,6.84680
2004-02-05,6.81310,7.0050001,6.79760,6.99010
2004-02-06,6.94010,7.11500,6.89760,7.00010014
2004-02-09,6.99000,7.020000,6.86430,6.90130
2004-02-10,6.86760,6.95000,6.80000,6.84500
2004-02-11,6.82960,6.94250,6.68260,6.74500
2004-02-12,6.72260,6.79500,6.57760,6.61510
2004-02-13,6.58760,6.65000,6.5,6.61130
2004-02-16,6.59500,6.6875,6.56000,6.65010
2004-02-17,6.63000,6.69500,6.48630,6.51280
2004-02-18,6.48930,6.67000,6.48000,6.64010
2004-02-19,6.61510,6.71000,6.55000,6.64500
2004-02-20,6.62000,6.78750,6.60000,6.70500
2004-02-23,6.70010,6.80500,6.54880,6.625
2004-02-24,6.63000,6.71000,6.52010,6.59010
2004-02-25,6.55480,6.66630,6.50180,6.65260
2004-02-26,6.63010,6.72500,6.58000,6.65380
2004-02-27,6.63010,6.69250,6.55880,6.62130
2004-03-01,6.60000,6.66000,6.55660,6.62760
2004-03-02,6.60260,6.83500,6.58000,6.82760
2004-03-03,6.77880,6.96500,6.77760,6.86500
2004-03-04,6.81060,6.89950,6.72510,6.81260
2004-03-05,6.78010,6.86500,6.53000,6.60130
2004-03-08,6.58000,6.66550,6.51260,6.54510
2004-03-09,6.52000,6.65300,6.49000,6.54510
2004-03-10,6.53110,6.71750,6.52760,6.64760
2004-03-11,6.62380,6.78120,6.60000,6.63380
2004-03-12,6.62480,6.79130,6.60000,6.77010
2004-03-15,6.72000,6.76500,6.63480,6.70500
2004-03-16,6.67010,6.77130,6.61510,6.73500
2004-03-17,6.69630,6.79750,6.64000,6.68500
2004-03-18,6.68760,6.71500,6.60500,6.66000
2004-03-19,6.64010,6.68550,6.57000,6.63500
2004-03-22,6.64000,6.66500,6.42760,6.50500
2004-03-23,6.45000,6.58500,6.44500,6.51610
2004-03-24,6.50730,6.62000,6.47000,6.60010
2004-03-25,6.57010,6.64500,6.50660,6.59010
2004-03-26,6.54510,6.61500,6.51000,6.54500
2004-03-29,6.53990,6.56500,6.32760,6.35500
2004-03-30,6.33000,6.39500,6.18260,6.33130
2004-03-31,6.30000,6.38250,6.23880,6.28250
2004-04-01,6.25500,6.38500,6.25,6.30500
2004-04-02,6.28500,6.47750,6.25,6.38760
2004-04-05,6.37010,6.45550,6.36000,6.41010
2004-04-06,6.39000,6.48500,6.29000,6.32880
2004-04-07,6.30500,6.36500,6.25,6.31500
2004-04-08,6.30000,6.375,6.24510,6.27010
2004-04-09,6.24510,6.34510,6.20000,6.25500
2004-04-12,6.26000,6.33500,6.26000,6.32760
2004-04-13,6.27000,6.62000,6.25,6.55760
2004-04-14,6.53000,6.65620,6.47010,6.61280
2004-04-15,6.58000,6.66510,6.35010,6.45750
2004-04-16,6.44000,6.57500,6.38510,6.43260
2004-04-19,6.40000,6.54750,6.38500,6.52000
2004-04-20,6.5,6.58500,6.45610,6.53510
2004-04-21,6.52000,6.83780,6.51000,6.78510
2004-04-22,6.77000,6.89380,6.71760,6.83760
2004-04-23,6.76000,6.83500,6.67000,6.77510
2004-04-26,6.72000,6.79760,6.63000,6.71500
2004-04-27,6.68000,6.75500,6.61000,6.66500
2004-04-28,6.625,6.97850,6.62000,6.93760
2004-04-29,6.90000,7.023800,6.80000,6.88630
2004-04-30,6.86000,7.020000,6.80500,6.99210
2004-05-03,6.94000,7.032600,6.85000,6.98500
2004-05-04,6.96000,7.031200,6.82000,6.91760
2004-05-05,6.875,6.91500,6.71130,6.78500
2004-05-06,6.77500,6.94570,6.74000,6.93500
2004-05-07,6.89000,7.053000,6.80000,7.030000
2004-05-10,7.030000,7.17000,6.91510,7.025000
2004-05-11,6.98000,7.052500,6.80000,6.83500
2004-05-12,6.83100,6.92500,6.74380,6.88500
2004-05-13,6.86000,6.99500,6.83000,6.96010
2004-05-14,6.93000,6.98620,6.68630,6.75500
2004-05-17,6.72500,6.83950,6.65000,6.79500
2004-05-18,6.8125,6.86250,6.72000,6.79750
2004-05-19,6.75500,6.80870,6.67000,6.76010
2004-05-20,6.73500,6.84500,6.70500,6.76500
2004-05-21,6.75,6.79760,6.67780,6.73380
2004-05-24,6.73000,6.77250,6.63000,6.66930
2004-05-25,6.65580,6.70080,6.55810,6.60500
2004-05-26,6.60000,6.64510,6.53760,6.59010
2004-05-27,6.54450,6.55450,6.54450,6.55450
2004-05-28,6.54450,6.57750,6.45610,6.51110
2004-05-31,6.48500,6.55770,6.45000,6.49500
2004-06-01,6.49320,6.52750,6.36000,6.42500
2004-06-02,6.40000,6.58000,6.30510,6.54500
2004-06-03,6.52000,6.56500,6.41000,6.46610
2004-06-04,6.45870,6.51130,6.39000,6.45500
2004-06-07,6.42010,6.53250,6.39000,6.46500
2004-06-08,6.44000,6.61870,6.41000,6.58310
2004-06-09,6.55000,6.65500,6.55000,6.65500
2004-06-10,6.62000,6.70630,6.37260,6.44760
2004-06-11,6.42000,6.58870,6.42000,6.51260
2004-06-14,6.52000,6.63690,6.48500,6.62470
2004-06-15,6.60750,6.63000,6.42630,6.48050
2004-06-16,6.45000,6.54620,6.43000,6.51750
2004-06-17,6.5,6.52500,6.49000,6.51500
2004-06-18,6.5,6.54950,6.33280,6.41880
2004-06-21,6.35000,6.42500,6.25380,6.32500
2004-06-22,6.28000,6.34500,6.24760,6.29950
2004-06-23,6.29400,6.32500,6.19380,6.24500
2004-06-24,6.23000,6.38620,6.22000,6.31500
2004-06-25,6.27010,6.38000,6.25,6.30500
2004-06-28,6.30550,6.35650,6.11980,6.16500
2004-06-29,6.17500,6.27130,6.15000,6.25
2004-06-30,6.25500,6.31500,6.10630,6.15250
2004-07-01,6.13000,6.30000,6.100000,6.18500
2004-07-02,6.18000,6.28500,6.073800,6.14500
2004-07-05,6.10500,6.20620,6.075800,6.18000
2004-07-06,6.15000,6.28620,6.13000,6.24260
2004-07-07,6.19000,6.23800,6.040000,6.125
2004-07-08,6.090000,6.10800,5.98000,6.053000
2004-07-09,6.030000,6.13120,6,6.083000
2004-07-12,6.078000,6.13000,5.99760,6.045100
2004-07-13,6.020000,6.12870,6.020000,6.100000
2004-07-14,6.090000,6.15870,5.98010,6.062800
2004-07-15,6.035000,6.13500,6.030000,6.10260
2004-07-16,6.075000,6.11120,5.88010,5.95610
2004-07-19,5.94000,5.97340,5.85000,5.90260
2004-07-20,5.90000,5.99340,5.87610,5.96500
2004-07-21,5.94000,6.12740,5.92000,6.085000
2004-07-22,6.030000,6.10600,6,6.052600
2004-07-23,6.030000,6.25840,6.010000,6.20500
2004-07-26,6.18500,6.27620,6.13000,6.23500
2004-07-27,6.20000,6.35000,6.18000,6.31900
2004-07-28,6.30000,6.34900,6.22630,6.26050
2004-07-29,6.26500,6.30650,6.21000,6.25600
2004-07-30,6.24110,6.29600,6.15000,6.26500
2004-08-02,6.24500,6.35500,6.17010,6.32500
2004-08-03,6.29500,6.34500,6.21660,6.26000
2004-08-04,6.24000,6.33470,6.21000,6.24510
2004-08-05,6.22500,6.29620,6.18500,6.26500
2004-08-06,6.22000,6.28250,6.083800,6.10880
2004-08-09,6.10760,6.16750,6.050700,6.090600
2004-08-10,6.077500,6.19600,6.045000,6.19000
2004-08-11,6.17000,6.26600,6.13500,6.21510
2004-08-12,6.18000,6.46820,6.15000,6.42500
2004-08-13,6.43500,6.58300,6.40000,6.47730
2004-08-16,6.45000,6.64800,6.43000,6.58800
2004-08-17,6.58900,6.64500,6.43560,6.50500
2004-08-18,6.45000,6.55100,6.43000,6.50500
2004-08-19,6.49800,6.63650,6.43860,6.60550
2004-08-20,6.56500,6.65370,6.52760,6.57500
2004-08-23,6.56010,6.71870,6.53000,6.67500
2004-08-24,6.64000,6.76520,6.63000,6.72500
2004-08-25,6.70000,6.74620,6.63000,6.67500
2004-08-26,6.65000,6.70120,6.55000,6.59500
2004-08-27,6.58500,6.78800,6.54880,6.70500
2004-08-30,6.69000,6.78600,6.66630,6.70510
2004-08-31,6.68000,6.73620,6.58630,6.64500
2004-09-01,6.62000,6.68620,6.56630,6.61760
2004-09-02,6.59000,6.65370,6.49380,6.56500
2004-09-03,6.54000,6.66500,6.52000,6.66500
2004-09-06,6.59000,6.66620,6.56910,6.63260
2004-09-07,6.60010,6.67120,6.58000,6.62730
2004-09-08,6.59000,6.72240,6.59000,6.63850
2004-09-09,6.63000,6.72370,6.60000,6.66260
2004-09-10,6.64000,6.71270,6.51000,6.55500
2004-09-13,6.53000,6.61000,6.51000,6.55380
2004-09-14,6.51000,6.5625,6.46010,6.49630
2004-09-15,6.47000,6.61120,6.46000,6.57610
2004-09-16,6.54000,6.60510,6.51000,6.56000
2004-09-17,6.53500,6.59620,6.50920,6.55760
2004-09-20,6.53010,6.56500,6.45000,6.48880
2004-09-21,6.45000,6.51170,6.39630,6.44500
2004-09-22,6.43100,6.56170,6.33750,6.49760
2004-09-23,6.46000,6.51990,6.37000,6.41880
2004-09-24,6.41000,6.48500,6.35130,6.42510
2004-09-27,6.39000,6.44520,6.36000,6.40500
2004-09-28,6.38000,6.44500,6.34000,6.41260
2004-09-29,6.38500,6.48250,6.36000,6.44010
2004-09-30,6.40000,6.50240,6.39000,6.45160
2004-10-01,6.44000,6.52000,6.42000,6.47510
2004-10-04,6.44000,6.50870,6.42000,6.45980
2004-10-05,6.43000,6.58540,6.42000,6.49960
2004-10-06,6.49000,6.55550,6.46500,6.52150
2004-10-07,6.49000,6.62620,6.48000,6.60750
2004-10-08,6.58000,6.63350,6.50880,6.53100
2004-10-11,6.51750,6.57750,6.49000,6.55200
2004-10-12,6.52000,6.59670,6.49000,6.58330
2004-10-13,6.55000,6.67020,6.52730,6.55600
2004-10-14,6.53700,6.61130,6.47500,6.51880
2004-10-15,6.48500,6.52370,6.39880,6.42860
2004-10-18,6.40500,6.44600,6.31260,6.36500
2004-10-19,6.35500,6.41050,6.26000,6.29580
2004-10-20,6.27900,6.33850,6.22880,6.31500
2004-10-21,6.27650,6.33090,6.19660,6.24720
2004-10-22,6.21750,6.25250,6.11010,6.13510
2004-10-25,6.11750,6.25250,6.065000,6.21510
2004-10-26,6.18000,6.30250,6.17000,6.25500
2004-10-27,6.22000,6.25500,6.11500,6.16500
2004-10-28,6.16000,6.27130,6.037600,6.096300
2004-10-29,6.055000,6.18620,6.040000,6.11610
2004-11-01,6.077500,6.15750,6.067000,6.100000
2004-11-02,6.092500,6.19500,6.075300,6.10500
2004-11-03,6.085100,6.18250,6.036300,6.077500
2004-11-04,6.052600,6.13750,6.047000,6.092100
2004-11-05,6.068600,6.20680,6.065000,6.092700
2004-11-08,6.070000,6.21000,6.070000,6.19500
2004-11-09,6.17300,6.26020,6.12960,6.19500
2004-11-10,6.17260,6.25250,6.12510,6.20500
2004-11-11,6.18760,6.25370,6.16000,6.19310
2004-11-12,6.17330,6.20370,6.075600,6.11180
2004-11-15,6.087000,6.14000,5.98000,6.045000
2004-11-16,6.034600,6.088700,6.0075998,6.051200
2004-11-17,6.031600,6.070600,5.93610,5.96760
2004-11-18,5.95000,6.066200,5.91780,6.032500
2004-11-19,6.018700,6.063500,5.93500,5.99250
2004-11-22,5.98850,6.063200,5.94000,6.0050001
2004-11-23,5.99250,6.046800,5.94030,5.97520
2004-11-24,5.95500,6.0050001,5.89800,5.93500
2004-11-25,5.91750,5.95120,5.85000,5.90750
2004-11-26,5.88000,5.94370,5.78760,5.82500
2004-11-29,5.80500,5.87990,5.72800,5.78880
2004-11-30,5.77200,5.84730,5.73600,5.81080
2004-12-01,5.80200,5.84500,5.74260,5.77500
2004-12-02,5.76250,5.90940,5.67900,5.83380
2004-12-03,5.81500,5.90500,5.66800,5.70510
2004-12-06,5.68500,5.77900,5.65760,5.75550
2004-12-07,5.73500,5.80120,5.68250,5.78750
2004-12-08,5.76620,5.92500,5.73510,5.85500
2004-12-09,5.83250,5.91400,5.75600,5.80500
2004-12-10,5.80250,5.94700,5.74900,5.80370
2004-12-13,5.80600,5.84350,5.66500,5.73660
2004-12-14,5.71050,5.76870,5.66000,5.72500
2004-12-15,5.71120,5.78850,5.67210,5.73260
2004-12-16,5.70800,5.84500,5.67100,5.77500
2004-12-17,5.78370,5.82550,5.71500,5.77250
2004-12-20,5.76920,5.79920,5.67000,5.71380
2004-12-21,5.70250,5.73870,5.62880,5.66380
2004-12-22,5.65320,5.71250,5.59000,5.62300
2004-12-23,5.60370,5.68050,5.58000,5.63800
2004-12-24,5.63050,5.69870,5.59000,5.66760
2004-12-27,5.61000,5.68620,5.58130,5.61380
2004-12-28,5.59010,5.67700,5.58760,5.62900
2004-12-29,5.60650,5.75490,5.56000,5.65870
2004-12-30,5.68620,5.70370,5.60000,5.64750
2004-12-31,5.625,5.68500,5.58760,5.66510
2005-01-03,5.63500,5.70400,5.59000,5.65800
2005-01-04,5.63800,5.88000,5.61000,5.83250
2005-01-05,5.81450,6.015000,5.78000,5.93500
2005-01-06,5.88250,6.16450,5.87000,6.12760
2005-01-07,6.11000,6.14500,5.96000,6.10500
2005-01-10,6.077000,6.10300,5.94000,6.0044999
2005-01-11,5.99250,6.023200,5.90500,5.96630
2005-01-12,5.94850,6.099700,5.89000,5.95500
2005-01-13,5.92250,6.0625,5.90000,6.042000
2005-01-14,6.037000,6.15500,5.94500,6.040000
2005-01-17,6.020000,6.096200,5.96000,6.040100
2005-01-18,6,6.12670,5.96000,6.092500
2005-01-19,6.081200,6.11370,5.95780,6.057600
2005-01-20,6.030000,6.15200,6,6.065100
2005-01-21,6.050000,6.10120,5.92000,5.97500
2005-01-24,5.94000,5.99620,5.88780,5.94760
2005-01-25,5.92250,6.0081000,5.88880,5.97260
2005-01-26,5.95000,6.00019979,5.90260,5.93950
2005-01-27,5.92620,5.97960,5.87000,5.93880
2005-01-28,5.90880,5.98730,5.89500,5.96500
2005-01-31,5.94100,6.0070000,5.90760,5.99000
2005-02-01,5.98000,6.087500,5.95000,6.022600
2005-02-02,6.035100,6.067500,5.96000,6.025000
2005-02-03,6.027500,6.19630,5.96000,6.12620
2005-02-04,6.11750,6.20350,6.073800,6.17100
2005-02-07,6.17250,6.23000,6.13230,6.22500
2005-02-08,6.21250,6.28000,6.18680,6.26900
2005-02-09,6.25500,6.27500,6.19000,6.22500
2005-02-10,6.22670,6.27600,6.090000,6.125
2005-02-11,6.12400,6.14800,6.048800,6.092500
2005-02-14,6.082500,6.11450,5.98750,6.026000
2005-02-15,6.027500,6.090200,5.92610,5.95200
2005-02-16,5.94550,6.032500,5.92000,5.97300
2005-02-17,5.95500,6.0057001,5.90510,5.93250
2005-02-18,5.91030,5.99870,5.88610,5.91710
2005-02-21,5.90000,5.97750,5.89100,5.93180
2005-02-22,5.93170,5.95820,5.72630,5.78500
2005-02-23,5.77020,5.85750,5.73510,5.80000
2005-02-24,5.78720,5.86050,5.75500,5.82000
2005-02-25,5.79500,5.89050,5.76660,5.79760
2005-02-28,5.79610,5.85250,5.74760,5.81130
2005-03-01,5.80650,5.88950,5.78260,5.84710
2005-03-02,5.84070,5.95240,5.81500,5.90280
2005-03-03,5.90600,5.99750,5.87760,5.96260
2005-03-04,5.93000,6.0064998,5.80000,5.82630
2005-03-07,5.84950,5.92120,5.81560,5.85130
2005-03-08,5.84680,5.88720,5.74010,5.79630
2005-03-09,5.77000,5.83700,5.70900,5.76250
2005-03-10,5.75650,5.89500,5.71760,5.82500
2005-03-11,5.83770,5.89450,5.76000,5.85130
2005-03-14,5.84000,6.017500,5.79500,5.97260
2005-03-15,5.97020,6.12250,5.94000,6.11000
2005-03-16,6.089000,6.16100,6.010000,6.071300
2005-03-17,6.051500,6.21070,6,6.041800
2005-03-18,6.047500,6.12320,5.98530,6.059300
2005-03-21,6.049500,6.18950,6.012600,6.125
2005-03-22,6.11150,6.20000,6.020000,6.18250
2005-03-23,6.20900,6.28070,6.096000,6.22430
2005-03-24,6.21500,6.27030,6.13500,6.23120
2005-03-25,6.20950,6.24750,6.18500,6.21630
2005-03-28,6.20750,6.40250,6.19500,6.34010
2005-03-29,6.33510,6.40650,6.27760,6.34000
2005-03-30,6.32400,6.36700,6.23860,6.28960
2005-03-31,6.26200,6.30300,6.16700,6.24530
2005-04-01,6.23800,6.24950,6.100000,6.23500
2005-04-04,6.21230,6.29450,6.16000,6.23160
2005-04-05,6.21000,6.31000,6.15500,6.19510
2005-04-06,6.18700,6.22750,6.060000,6.13380
2005-04-07,6.10900,6.16300,6.060000,6.13500
2005-04-08,6.12700,6.22450,6.080000,6.15760
2005-04-11,6.13000,6.17090,6.036000,6.14800
2005-04-12,6.14320,6.20690,6.100000,6.13380
2005-04-13,6.11000,6.16290,6.067600,6.11880
2005-04-14,6.10300,6.33250,6.090000,6.27630
2005-04-15,6.26700,6.35570,6.22300,6.27500
2005-04-18,6.24430,6.29000,6.21880,6.27250
2005-04-19,6.24000,6.28500,6.13710,6.16750
2005-04-20,6.16030,6.21450,6.040000,6.081800
2005-04-21,6.091500,6.13770,6.030000,6.085000
2005-04-22,6.082000,6.13200,6,6.055000
2005-04-25,6.035000,6.087500,5.99780,6.065100
2005-04-26,6.043000,6.14650,6.040000,6.096300
2005-04-27,6.080000,6.14620,6.026600,6.073100
2005-04-28,6.050000,6.16880,6.030000,6.12800
2005-04-29,6.12000,6.16630,6.035600,6.081300
2005-05-02,6.076300,6.13450,6.040000,6.090100
2005-05-03,6.070600,6.14520,6.050000,6.082500
2005-05-04,6.070000,6.11570,5.95560,6.010100
2005-05-05,5.97000,6.029500,5.90000,5.95500
2005-05-06,5.96200,6.085700,5.92000,6.023800
2005-05-09,6.0028000,6.17100,5.96000,6.12960
2005-05-10,6.100000,6.23250,6.090000,6.15500
2005-05-11,6.13800,6.22880,6.12000,6.18130
2005-05-12,6.20370,6.31720,6.15500,6.28460
2005-05-13,6.27900,6.37760,6.24800,6.32500
2005-05-16,6.30960,6.40900,6.28000,6.37630
2005-05-17,6.35000,6.47300,6.33000,6.43500
2005-05-18,6.40980,6.47400,6.35500,6.39500
2005-05-19,6.38010,6.44700,6.31670,6.39260
2005-05-20,6.39200,6.56170,6.34000,6.52250
2005-05-23,6.52950,6.58940,6.49000,6.53370
2005-05-24,6.50630,6.60870,6.46000,6.57680
2005-05-25,6.55800,6.58150,6.44800,6.48500
2005-05-26,6.48950,6.65950,6.46000,6.63260
2005-05-27,6.62100,6.66250,6.53000,6.55500
2005-05-30,6.56010,6.66800,6.54000,6.65250
2005-05-31,6.65100,6.85250,6.62000,6.81260
2005-06-01,6.81450,6.95950,6.74400,6.89500
2005-06-02,6.875,6.94750,6.76550,6.80500
2005-06-03,6.80950,6.93000,6.73800,6.83580
2005-06-06,6.82000,6.86500,6.68180,6.71730
2005-06-07,6.72900,6.74400,6.57700,6.64500
2005-06-08,6.62000,6.81000,6.58000,6.78010
2005-06-09,6.75950,6.86750,6.70260,6.75880
2005-06-10,6.75700,6.80800,6.67600,6.72500
2005-06-13,6.75,6.89500,6.71760,6.83500
2005-06-14,6.82780,6.95500,6.77880,6.89800
2005-06-15,6.86500,6.94450,6.73160,6.77880
2005-06-16,6.76100,6.82450,6.66500,6.70500
2005-06-17,6.67500,6.74500,6.58500,6.69010
2005-06-20,6.64200,6.74000,6.60100,6.70510
2005-06-21,6.70000,6.80000,6.67000,6.71500
2005-06-22,6.68000,6.77350,6.65000,6.72130
2005-06-23,6.69500,6.79770,6.69430,6.76030
2005-06-24,6.76100,6.79000,6.64000,6.70500
2005-06-27,6.66610,6.69950,6.59000,6.625
2005-06-28,6.61400,6.68420,6.58880,6.64980
2005-06-29,6.64250,6.77250,6.62000,6.66590
2005-06-30,6.65980,6.70750,6.60510,6.66500
2005-07-01,6.63760,6.86800,6.62800,6.84500
2005-07-04,6.81510,6.88300,6.79000,6.82500
2005-07-05,6.82950,6.91500,6.79600,6.85150
2005-07-06,6.85600,6.89570,6.76400,6.84500
2005-07-07,6.86200,6.88750,6.75,6.84130
2005-07-08,6.84920,6.96250,6.80500,6.85500
2005-07-11,6.84060,6.89500,6.64160,6.69750
2005-07-12,6.68070,6.73000,6.49000,6.53500
2005-07-13,6.53400,6.68550,6.49000,6.67010
2005-07-14,6.65450,6.72150,6.55000,6.61500
2005-07-15,6.62200,6.67700,6.54510,6.62760
2005-07-18,6.62130,6.69690,6.58200,6.64630
2005-07-19,6.63770,6.76500,6.60030,6.68500
2005-07-20,6.68150,6.71470,6.55010,6.58920
2005-07-21,6.58270,6.65070,6.48500,6.57130
2005-07-22,6.57200,6.64950,6.52260,6.62560
2005-07-25,6.61650,6.71000,6.58000,6.65500
2005-07-26,6.62760,6.76250,6.61000,6.69360
2005-07-27,6.68650,6.73050,6.60160,6.64510
2005-07-28,6.61500,6.67190,6.57000,6.62070
2005-07-29,6.62050,6.66240,6.53760,6.56500
2005-08-01,6.55300,6.59800,6.47630,6.52500
2005-08-02,6.51500,6.56100,6.46260,6.52500
2005-08-03,6.51750,6.56630,6.39880,6.43010
2005-08-04,6.42100,6.49700,6.38880,6.45500
2005-08-05,6.42750,6.48700,6.39510,6.46500
2005-08-08,6.45800,6.52530,6.42000,6.46260
2005-08-09,6.43880,6.50500,6.41000,6.45930
2005-08-10,6.43250,6.48150,6.33600,6.38000
2005-08-11,6.35500,6.40620,6.29630,6.32010
2005-08-12,6.32270,6.40700,6.28300,6.35380
2005-08-15,6.32510,6.47500,6.32500,6.43510
2005-08-16,6.40700,6.48000,6.39000,6.44500
2005-08-17,6.44000,6.52490,6.40000,6.49560
2005-08-18,6.47000,6.56000,6.44760,6.54500
2005-08-19,6.51950,6.59250,6.48800,6.56230
2005-08-22,6.51510,6.55790,6.43700,6.49470
2005-08-23,6.48900,6.53500,6.43600,6.50010
2005-08-24,6.47950,6.54500,6.43000,6.48510
2005-08-25,6.47700,6.51750,6.40880,6.47880
2005-08-26,6.45100,6.48350,6.42900,6.47550
2005-08-29,6.45010,6.49750,6.40000,6.47260
2005-08-30,6.44200,6.55250,6.44000,6.54400
2005-08-31,6.52580,6.57450,6.32860,6.375
2005-09-01,6.35000,6.40700,6.26000,6.28500
2005-09-02,6.28110,6.31950,6.20760,6.23500
2005-09-05,6.22960,6.31840,6.18060,6.26410
2005-09-06,6.24000,6.35600,6.23010,6.33350
2005-09-07,6.32700,6.39040,6.24500,6.34530
2005-09-08,6.32000,6.37660,6.25400,6.33540
2005-09-09,6.29950,6.36170,6.25500,6.28430
2005-09-12,6.29000,6.41820,6.27250,6.38200
2005-09-13,6.37850,6.41270,6.33260,6.37270
2005-09-14,6.34950,6.40950,6.31200,6.35510
2005-09-15,6.33850,6.43540,6.31700,6.36130
2005-09-16,6.36560,6.42300,6.28100,6.36050
2005-09-19,6.39670,6.49670,6.35850,6.41430
2005-09-20,6.39400,6.44550,6.33000,6.40500
2005-09-21,6.38510,6.41650,6.33000,6.36510
2005-09-22,6.33510,6.38220,6.29550,6.32430
2005-09-23,6.31460,6.41320,6.30000,6.36280
2005-09-26,6.34550,6.44720,6.33000,6.36280
2005-09-27,6.36000,6.49220,6.34000,6.44280
2005-09-28,6.42550,6.47480,6.34030,6.38270
2005-09-29,6.36500,6.41400,6.32500,6.36350
2005-09-30,6.32700,6.41320,6.31000,6.36430
2005-10-03,6.33700,6.45790,6.33000,6.43500
2005-10-04,6.40400,6.48650,6.39100,6.44200
2005-10-05,6.42000,6.56600,6.40880,6.52500
2005-10-06,6.51270,6.58750,6.45760,6.53630
2005-10-07,6.52000,6.62070,6.49500,6.54500
2005-10-10,6.52760,6.57200,6.46560,6.49500
2005-10-11,6.49170,6.57130,6.46560,6.54420
2005-10-12,6.51700,6.60350,6.5,6.57350
2005-10-13,6.55550,6.68190,6.52000,6.59500
2005-10-14,6.57000,6.65250,6.50960,6.54500
2005-10-17,6.52000,6.57320,6.46610,6.54530
2005-10-18,6.50160,6.62490,6.50010,6.58500
2005-10-19,6.57000,6.64850,6.53800,6.57500
2005-10-20,6.57620,6.65450,6.52000,6.63500
2005-10-21,6.59950,6.66900,6.55000,6.61250
2005-10-24,6.62450,6.67730,6.56900,6.62780
2005-10-25,6.62400,6.69500,6.57360,6.61360
2005-10-26,6.60000,6.72280,6.55000,6.70080
2005-10-27,6.67510,6.76200,6.63000,6.71460
2005-10-28,6.69600,6.75,6.65510,6.71250
2005-10-31,6.68300,6.75500,6.66000,6.70250
2005-11-01,6.70200,6.74950,6.61000,6.68250
2005-11-02,6.67050,6.70350,6.60000,6.64180
2005-11-03,6.63600,6.67480,6.55000,6.63900
2005-11-04,6.63750,6.72500,6.57500,6.69250
2005-11-07,6.70000,6.80130,6.66000,6.74500
2005-11-08,6.72010,6.79360,6.70000,6.73050
2005-11-09,6.73200,6.77630,6.68500,6.75530
2005-11-10,6.74950,6.79700,6.71000,6.76630
2005-11-11,6.76270,6.81980,6.72500,6.75620
2005-11-14,6.76750,6.81200,6.68660,6.77750
2005-11-15,6.75900,6.82750,6.74000,6.78250
2005-11-16,6.78050,6.80550,6.69000,6.72630
2005-11-17,6.70800,6.77440,6.66650,6.70870
2005-11-18,6.69100,6.75350,6.64000,6.68180
2005-11-21,6.66570,6.72200,6.59000,6.63780
2005-11-22,6.63850,6.65500,6.56700,6.59100
2005-11-23,6.57280,6.62430,6.50560,6.53750
2005-11-24,6.51500,6.57130,6.48000,6.52780
2005-11-25,6.52500,6.57400,6.46900,6.51000
2005-11-28,6.48500,6.56380,6.45890,6.48390
2005-11-29,6.47780,6.52670,6.43500,6.48500
2005-11-30,6.47400,6.51650,6.42760,6.46450
2005-12-01,6.44290,6.50380,6.42000,6.45500
2005-12-02,6.44450,6.47350,6.33030,6.35860
2005-12-05,6.35920,6.41500,6.27000,6.32500
2005-12-06,6.31150,6.35930,6.25,6.28120
2005-12-07,6.26010,6.36100,6.25,6.33710
2005-12-08,6.33020,6.40800,6.29000,6.34500
2005-12-09,6.33900,6.41450,6.30810,6.38500
2005-12-12,6.37920,6.40720,6.29630,6.32130
2005-12-13,6.30760,6.37380,6.25,6.30630
2005-12-14,6.27500,6.36360,6.22800,6.33750
2005-12-15,6.33170,6.46850,6.30530,6.45370
2005-12-16,6.44750,6.48980,6.46000,6.42250
2005-12-19,6.40000,6.46450,6.34250,6.36500
2005-12-20,6.35650,6.39280,6.29000,6.36000
2005-12-21,6.35300,6.42400,6.33000,6.375
2005-12-22,6.36020,6.42500,6.31000,6.36260
2005-12-23,6.35500,6.40470,6.30660,6.36630
2005-12-26,6.36450,6.39700,6.31760,6.35500
2005-12-27,6.35200,6.40320,6.30900,6.37010
2005-12-28,6.36220,6.39160,6.30000,6.34150
2005-12-29,6.33600,6.36700,6.29000,6.32350
2005-12-30,6.30260,6.37850,6.28500,6.32750
2006-01-02,6.34010,6.36780,6.29370,6.34130
2006-01-03,6.31010,6.36800,6.19000,6.22300
2006-01-04,6.20030,6.24730,6.12000,6.14540
2006-01-05,6.12580,6.22630,6.11000,6.16510
2006-01-06,6.15770,6.19680,6.048800,6.077400
2006-01-09,6.051000,6.13660,6.010000,6.041200
2006-01-10,6.023000,6.14770,6.010000,6.077400
2006-01-11,6.075000,6.17150,5.97000,5.99500
2006-01-12,5.97110,6.10400,5.95000,6.052300
2006-01-13,6.030000,6.11850,5.97000,6.022500
2006-01-16,6.020000,6.051000,5.95300,6.0058999
2006-01-17,5.99200,6.070600,5.96000,6.021700
2006-01-18,6.015800,6.097600,5.99000,6.051100
2006-01-19,6.030000,6.088100,5.94080,5.96540
2006-01-20,5.97400,6.050700,5.94100,6.0050001
2006-01-23,6.0054002,6.028000,5.93000,5.96550
2006-01-24,5.95370,6.093800,5.93000,6.023800
2006-01-25,6.00059986,6.073000,5.98000,6.049500
2006-01-26,6.023800,6.13100,6.010000,6.10200
2006-01-27,6.095200,6.17220,6.060000,6.14350
2006-01-30,6.13280,6.18950,6.068100,6.11370
2006-01-31,6.10520,6.14100,6.030000,6.057500
2006-02-01,6.049700,6.14380,6.030000,6.100000
2006-02-02,6.10010,6.16180,6.040000,6.068200
2006-02-03,6.062700,6.14850,6.039000,6.082600
2006-02-06,6.070000,6.14880,6.037600,6.10500
2006-02-07,6.10100,6.21150,6.070000,6.18880
2006-02-08,6.19920,6.27580,6.14810,6.17300
2006-02-09,6.15730,6.19050,6.088000,6.10100
2006-02-10,6.10850,6.17550,6.050000,6.13500
2006-02-13,6.125,6.21570,6.100000,6.16080
2006-02-14,6.14400,6.18650,6.090000,6.12600
2006-02-15,6.10500,6.17500,6.050000,6.075100
2006-02-16,6.075000,6.12830,6.028800,6.053700
2006-02-17,6.052000,6.095300,5.97000,6.011200
2006-02-20,6.00010014,6.066300,5.98000,6.018300
2006-02-21,5.99200,6.100000,5.98900,6.065000
2006-02-22,6.062700,6.098000,6.029800,6.076300
2006-02-23,6.050100,6.13010,6.010000,6.10490
2006-02-24,6.10400,6.16380,6.060000,6.10280
2006-02-27,6.085000,6.20950,6.069000,6.18250
2006-02-28,6.16350,6.23400,6.12830,6.17330
2006-03-01,6.17140,6.20050,6.12000,6.16850
2006-03-02,6.16500,6.19040,6.070000,6.10480
2006-03-03,6.096700,6.23310,6.030000,6.17130
2006-03-06,6.17540,6.27100,6.14000,6.22250
2006-03-07,6.22000,6.37450,6.19000,6.25510
2006-03-08,6.22810,6.35550,6.20700,6.30380
2006-03-09,6.28130,6.32000,6.21000,6.27500
2006-03-10,6.25970,6.35750,6.21000,6.25280
2006-03-13,6.26570,6.30190,6.16680,6.24870
2006-03-14,6.24750,6.32530,6.19360,6.22350
2006-03-15,6.21220,6.25230,6.15000,6.19370
2006-03-16,6.17920,6.25780,6.15000,6.17870
2006-03-17,6.16820,6.24880,6.15000,6.21380
2006-03-20,6.18000,6.33760,6.17000,6.29930
2006-03-21,6.29400,6.39450,6.26750,6.35500
2006-03-22,6.34770,6.40220,6.27000,6.30630
2006-03-23,6.27750,6.32980,6.24000,6.32450
2006-03-24,6.30000,6.37350,6.23600,6.26200
2006-03-27,6.25260,6.31020,6.22000,6.27370
2006-03-28,6.27070,6.31870,6.22000,6.28500
2006-03-29,6.28270,6.36200,6.24000,6.28350
2006-03-30,6.28450,6.31150,6.15000,6.17400
2006-03-31,6.16970,6.23600,6.11000,6.16600
2006-04-03,6.15800,6.20880,6.070000,6.11060
2006-04-04,6.10350,6.13570,5.99000,6.041200
2006-04-05,6.041500,6.088500,5.99000,6.025000
2006-04-06,6.011000,6.10420,5.95000,6.061000
2006-04-07,6.0625,6.15100,6.020000,6.14550
2006-04-10,6.097000,6.17360,6.070000,6.15380
2006-04-11,6.15200,6.17300,6.069000,6.11870
2006-04-12,6.11000,6.17100,6.075000,6.11500
2006-04-13,6.11770,6.16600,6.079000,6.12650
2006-04-14,6.12200,6.14400,6.090000,6.11500
2006-04-17,6.12070,6.14570,6.030000,6.070000
2006-04-18,6.057500,6.096000,5.96000,5.98250
2006-04-19,5.97500,6.023500,5.92900,5.95500
2006-04-20,5.95550,6.11650,5.93700,6.070000
2006-04-21,6.052000,6.093500,5.95000,5.97370
2006-04-24,5.98620,6.091300,5.93600,6.051200
2006-04-25,6.048300,6.11600,6.0079999,6.093500
2006-04-26,6.091500,6.19950,6.060000,6.15500
2006-04-27,6.14200,6.22890,6.12000,6.16870
2006-04-28,6.14000,6.17970,5.98000,6.0025001
2006-05-01,6.015000,6.028000,5.95000,6.017500
2006-05-02,6,6.10260,5.99000,6.045000
2006-05-03,6.040000,6.088500,5.97000,6.040000
2006-05-04,6.037000,6.15780,6,6.035500
2006-05-05,6.029000,6.083700,5.99000,6.052200
2006-05-08,6.059500,6.12490,6,6.065000
2006-05-09,6.049000,6.11530,6,6.026300
2006-05-10,6.025200,6.10620,6,6.063800
2006-05-11,6.054500,6.14850,6.010000,6.090500
2006-05-12,6.089000,6.26500,6.048000,6.25300
2006-05-15,6.24000,6.50450,6.24000,6.41720
2006-05-16,6.41000,6.46950,6.31000,6.375
2006-05-17,6.36650,6.45560,6.19000,6.44570
2006-05-18,6.42750,6.52100,6.34300,6.46000
2006-05-19,6.43000,6.57720,6.36500,6.46870
2006-05-22,6.48200,6.69750,6.46000,6.53500
2006-05-23,6.53950,6.62750,6.43000,6.62750
2006-05-24,6.59950,6.70600,6.56000,6.60000
2006-05-25,6.57200,6.64750,6.47000,6.52000
2006-05-26,6.51470,6.59750,6.47000,6.52520
2006-05-29,6.52360,6.56000,6.44000,6.51880
2006-05-30,6.51000,6.78640,6.44000,6.70620
2006-05-31,6.68650,6.76100,6.59000,6.73600
2006-06-01,6.70800,6.79520,6.57000,6.60500
2006-06-02,6.60170,6.71450,6.54000,6.66250
2006-06-05,6.64200,6.70500,6.58000,6.66500
2006-06-06,6.66500,6.82520,6.63000,6.77000
2006-06-07,6.76000,6.81650,6.67000,6.74500
2006-06-08,6.72000,6.86650,6.70000,6.74500
2006-06-09,6.73200,6.78100,6.62000,6.76370
2006-06-12,6.73400,6.81380,6.66000,6.77500
2006-06-13,6.76600,6.89300,6.76000,6.85500
2006-06-14,6.83850,6.92250,6.78000,6.85500
2006-06-15,6.83910,6.96230,6.77600,6.87620
2006-06-16,6.86210,6.91340,6.80000,6.88370
2006-06-19,6.87400,7.017500,6.85000,7
2006-06-20,6.99600,7.13120,6.96500,7.082000
2006-06-21,7.080700,7.24370,7.030000,7.14000
2006-06-22,7.13300,7.43240,7.060000,7.35750
2006-06-23,7.35700,7.54090,7.29000,7.42250
2006-06-26,7.39100,7.52360,7.33000,7.39270
2006-06-27,7.39050,7.39650,7.21000,7.28700
2006-06-28,7.30320,7.34840,7.18000,7.23600
2006-06-29,7.23800,7.37490,7.093000,7.13500
2006-06-30,7.12070,7.23840,7.075000,7.17000
2006-07-03,7.16200,7.17870,7,7.028000
2006-07-04,7.022500,7.077400,6.97000,7.046000
2006-07-05,7.045700,7.28950,6.99000,7.26900
2006-07-06,7.26670,7.30740,7.14000,7.17700
2006-07-07,7.17520,7.20850,7.050000,7.14000
2006-07-10,7.090000,7.17450,7.040000,7.12880
2006-07-11,7.11150,7.18950,7.067000,7.11500
2006-07-12,7.10700,7.18600,7.050000,7.15900
2006-07-13,7.14500,7.25800,7.11600,7.25650
2006-07-14,7.19000,7.26450,7.15000,7.21620
2006-07-17,7.20050,7.30250,7.17000,7.26350
2006-07-18,7.24450,7.26600,7.11000,7.17750
2006-07-19,7.16820,7.25450,7.030000,7.054000
2006-07-20,7.059000,7.096200,6.93000,6.98000
2006-07-21,6.96000,7.049700,6.89800,7.043000
2006-07-24,7.029300,7.11270,6.97000,7.012800
2006-07-25,7.019700,7.053400,6.91500,7.014000
2006-07-26,7.012000,7.076500,6.93000,6.95500
2006-07-27,6.95600,6.99100,6.79000,6.84500
2006-07-28,6.82030,6.95950,6.81000,6.87750
2006-07-31,6.85090,6.95350,6.82000,6.92100
2006-08-01,6.91290,7.016500,6.88000,6.94300
2006-08-02,6.91870,6.97450,6.83000,6.91500
2006-08-03,6.89150,6.93850,6.81900,6.86500
2006-08-04,6.83490,6.91950,6.77500,6.81720
2006-08-07,6.79240,6.87770,6.74000,6.80500
2006-08-08,6.77370,6.85500,6.76000,6.80750
2006-08-09,6.79610,6.85000,6.70000,6.73500
2006-08-10,6.70740,6.84450,6.70000,6.76400
2006-08-11,6.74120,6.83470,6.71900,6.79600
2006-08-14,6.77620,6.88350,6.74000,6.86500
2006-08-15,6.86300,6.93150,6.81000,6.85800
2006-08-16,6.83490,6.90150,6.70900,6.77100
2006-08-17,6.73720,6.84550,6.72000,6.82250
2006-08-18,6.79490,7.061000,6.79000,7.034500
2006-08-21,7.0099001,7.079500,6.96000,7.039000
2006-08-22,7.014900,7.15950,7.0040002,7.13000
2006-08-23,7.13650,7.18250,7.030000,7.16250
2006-08-24,7.13600,7.19750,7.085000,7.16050
2006-08-25,7.13140,7.19750,7.060000,7.18130
2006-08-28,7.16040,7.22220,7.11000,7.19500
2006-08-29,7.15070,7.19300,7.080000,7.11450
2006-08-30,7.10250,7.13420,7.040000,7.089000
2006-08-31,7.077700,7.24850,7.029000,7.20500
2006-09-01,7.17250,7.25550,7.14000,7.20240
2006-09-04,7.21120,7.24280,7.13000,7.16830
2006-09-05,7.16600,7.22700,7.12900,7.17700
2006-09-06,7.16600,7.33600,7.13600,7.30370
2006-09-07,7.30570,7.44320,7.27000,7.37580
2006-09-08,7.32400,7.42360,7.30800,7.40530
2006-09-11,7.39150,7.50420,7.32000,7.36500
2006-09-12,7.35000,7.41500,7.28400,7.33350
2006-09-13,7.30650,7.38450,7.27000,7.29500
2006-09-14,7.28200,7.46620,7.26470,7.40020
2006-09-15,7.39570,7.44660,7.33500,7.39370
2006-09-18,7.35720,7.41850,7.23900,7.30500
2006-09-19,7.30520,7.41150,7.27000,7.37600
2006-09-20,7.33520,7.45480,7.32000,7.39420
2006-09-21,7.38350,7.64000,7.33490,7.61500
2006-09-22,7.56370,7.70350,7.52000,7.63870
2006-09-25,7.63930,7.75,7.55000,7.65500
2006-09-26,7.66900,7.70870,7.60490,7.64750
2006-09-27,7.63600,7.68870,7.55800,7.65500
2006-09-28,7.65320,7.74000,7.53600,7.67500
2006-09-29,7.64740,7.80000,7.63000,7.76520
2006-10-02,7.73820,7.79850,7.67600,7.72300
2006-10-03,7.72150,7.89800,7.63900,7.88200
2006-10-04,7.86650,7.98450,7.83000,7.87850
2006-10-05,7.83890,7.89850,7.76000,7.80300
2006-10-06,7.78990,7.87070,7.72900,7.82950
2006-10-09,7.79270,7.85600,7.73900,7.83500
2006-10-10,7.82890,7.85570,7.68600,7.74770
2006-10-11,7.71130,7.77500,7.62000,7.68580
2006-10-12,7.67180,7.73250,7.48800,7.53750
2006-10-13,7.51740,7.56280,7.43000,7.48170
2006-10-16,7.46270,7.56150,7.43000,7.49500
2006-10-17,7.49250,7.65370,7.46000,7.61150
2006-10-18,7.58390,7.65960,7.53000,7.61500
2006-10-19,7.57490,7.62620,7.47000,7.51500
2006-10-20,7.48670,7.55750,7.46000,7.55100
2006-10-23,7.50890,7.74100,7.49870,7.69500
2006-10-24,7.67200,7.82850,7.65000,7.72500
2006-10-25,7.69420,7.76350,7.52000,7.55930
2006-10-26,7.53800,7.60650,7.45000,7.47500
2006-10-27,7.46640,7.56360,7.37000,7.41830
2006-10-30,7.38790,7.54610,7.37000,7.49580
2006-10-31,7.53700,7.62470,7.33000,7.37100
2006-11-01,7.37320,7.43350,7.26000,7.39500
2006-11-02,7.36620,7.49500,7.32000,7.43500
2006-11-03,7.39250,7.50100,7.30000,7.38500
2006-11-06,7.35140,7.42920,7.32000,7.35550
2006-11-07,7.32880,7.37650,7.23000,7.28500
2006-11-08,7.30520,7.42170,7.25,7.32130
2006-11-09,7.29400,7.39730,7.17900,7.25250
2006-11-10,7.22500,7.25880,7.17000,7.21570
2006-11-13,7.19890,7.29380,7.18000,7.28580
2006-11-14,7.26470,7.29870,7.19000,7.24600
2006-11-15,7.23270,7.36610,7.14000,7.20260
2006-11-16,7.19000,7.30000,7.090000,7.25350
2006-11-17,7.23200,7.34500,7.16000,7.27500
2006-11-20,7.27000,7.32670,7.18000,7.23500
2006-11-21,7.21850,7.29850,7.16000,7.22250
2006-11-22,7.20000,7.26220,7.11000,7.16500
2006-11-23,7.15000,7.23100,7.100000,7.18500
2006-11-24,7.18300,7.32600,7.100000,7.13380
2006-11-27,7.081500,7.18390,7.039900,7.10500
2006-11-28,7.082300,7.25350,7.060000,7.12630
2006-11-29,7.10400,7.16850,7.060000,7.15280
2006-11-30,7.12680,7.32350,7.080000,7.15200
2006-12-01,7.12800,7.25500,7.080000,7.23750
2006-12-04,7.18000,7.23500,7.100000,7.16500
2006-12-05,7.15000,7.19670,7.040000,7.082500
2006-12-06,7.066000,7.15020,7.040000,7.075000
2006-12-07,7.070500,7.13170,6.98000,7.035000
2006-12-08,7.026000,7.11500,6.98000,7.083500
2006-12-11,7.064700,7.14350,6.99000,7.027000
2006-12-12,7,7.083700,6.94000,6.99500
2006-12-13,6.95000,7.049700,6.92000,6.97500
2006-12-14,6.95900,7.053700,6.92000,6.98500
2006-12-15,6.95850,7.083700,6.93000,6.97000
2006-12-18,6.99820,7.045000,6.94000,7.0098000
2006-12-19,7.019000,7.093500,6.96300,7.035500
2006-12-20,6.99900,7.043500,6.88000,6.92500
2006-12-21,6.90000,7.052500,6.88000,7.020000
2006-12-22,7.010000,7.060000,6.93000,7.015000
2006-12-25,7.020200,7.039300,6.99000,7.039000
2006-12-26,7.0042000,7.093800,6.97000,7.064200
2006-12-27,7.035200,7.12050,6.93900,7.075000
2006-12-28,7.077000,7.10350,6.95500,6.99100
2006-12-29,6.97650,7.083500,6.93600,7.010000
2007-01-01,6.97200,7.033500,6.96000,7.019500
2007-01-02,6.97490,7.020000,6.85000,6.92750
2007-01-03,6.90350,7.050000,6.85000,6.99500
2007-01-04,6.97800,7.13370,6.93000,7.075300
2007-01-05,7.083200,7.26200,7.040000,7.23670
2007-01-08,7.21440,7.31350,7.17000,7.22630
2007-01-09,7.19350,7.35360,7.14000,7.28620
2007-01-10,7.31350,7.42300,7.26000,7.29350
2007-01-11,7.26000,7.33630,7.20000,7.29080
2007-01-12,7.23330,7.29350,7.18000,7.23510
2007-01-15,7.20540,7.25480,7.15000,7.21300
2007-01-16,7.20900,7.25550,7.15000,7.23480
2007-01-17,7.22450,7.28520,7.12000,7.17150
2007-01-18,7.15020,7.18360,7.100000,7.16120
2007-01-19,7.14900,7.17530,7.090000,7.14020
2007-01-22,7.12380,7.17120,7.050000,7.12380
2007-01-23,7.13400,7.16850,7.060000,7.10200
2007-01-24,7.084000,7.21500,7.060000,7.13930
2007-01-25,7.12370,7.31000,7.080000,7.22500
2007-01-26,7.22000,7.33820,7.20000,7.27850
2007-01-29,7.27760,7.37220,7.24000,7.33980
2007-01-30,7.31270,7.38370,7.25,7.30700
2007-01-31,7.30400,7.33970,7.17000,7.21400
2007-02-01,7.21320,7.26850,7.13000,7.16200
2007-02-02,7.15530,7.25840,7.12000,7.18720
2007-02-05,7.18680,7.25970,7.16000,7.21380
2007-02-06,7.17000,7.27350,7.13000,7.17500
2007-02-07,7.14000,7.23000,7.13000,7.16500
2007-02-08,7.18350,7.22020,7.100000,7.13700
2007-02-09,7.13450,7.22000,7.090000,7.19130
2007-02-12,7.16760,7.32870,7.12000,7.28500
2007-02-13,7.27000,7.32850,7.19000,7.24600
2007-02-14,7.22000,7.28500,7.14000,7.19100
2007-02-15,7.19020,7.23600,7.11000,7.18900
2007-02-16,7.18320,7.24260,7.12000,7.15850
2007-02-19,7.14380,7.17500,7.030000,7.11100
2007-02-20,7.092400,7.16390,7.030000,7.12060
2007-02-21,7.095000,7.14870,7.040000,7.13180
2007-02-22,7.062800,7.15850,7.010000,7.076400
2007-02-23,7.048500,7.10360,7.030000,7.070200
2007-02-26,7.051600,7.12440,7.020000,7.067700
2007-02-27,7.063500,7.27500,7.040000,7.22120
2007-02-28,7.24000,7.33400,7.18000,7.23500
2007-03-01,7.22500,7.39250,7.18000,7.26880
2007-03-02,7.24000,7.41200,7.23000,7.35130
2007-03-05,7.39260,7.54870,7.36000,7.48000
2007-03-06,7.47300,7.52600,7.35000,7.38500
2007-03-07,7.35800,7.47270,7.31000,7.41500
2007-03-08,7.41000,7.44450,7.32000,7.36370
2007-03-09,7.33100,7.41680,7.27000,7.33320
2007-03-12,7.29740,7.40350,7.26000,7.35000
2007-03-13,7.32000,7.54500,7.30000,7.51500
2007-03-14,7.47190,7.55300,7.39000,7.43000
2007-03-15,7.40620,7.47850,7.37000,7.41500
2007-03-16,7.39370,7.51620,7.37000,7.48600
2007-03-19,7.41640,7.47830,7.38000,7.44200
2007-03-20,7.40620,7.45480,7.33000,7.39000
2007-03-21,7.36390,7.42200,7.24300,7.27450
2007-03-22,7.24820,7.33530,7.13000,7.20500
2007-03-23,7.20000,7.25930,7.15000,7.20750
2007-03-26,7.18990,7.27050,7.17000,7.21500
2007-03-27,7.19590,7.29750,7.16000,7.27500
2007-03-28,7.25970,7.41550,7.22000,7.33000
2007-03-29,7.30790,7.36850,7.20000,7.25500
2007-03-30,7.25010,7.33810,7.20000,7.26500
2007-04-02,7.22910,7.3125,7.20000,7.24500
2007-04-03,7.22370,7.26350,7.14000,7.17000
2007-04-04,7.15320,7.22120,7.11000,7.15430
2007-04-05,7.12790,7.17670,7.090000,7.12750
2007-04-06,7.10400,7.16740,7.080000,7.11500
2007-04-09,7.10430,7.16750,7.086000,7.12630
2007-04-10,7.10120,7.19270,7.087700,7.15000
2007-04-11,7.10240,7.18870,7.070000,7.14400
2007-04-12,7.11490,7.23130,7.090000,7.14500
2007-04-13,7.13400,7.26230,7.100000,7.18140
2007-04-16,7.16840,7.21650,7.060000,7.10700
2007-04-17,7.081700,7.16770,6.99000,7.031300
2007-04-18,7.010000,7.10120,6.99000,7.024600
2007-04-19,7,7.19120,6.99000,7.035000
2007-04-20,7.032600,7.12010,6.97000,7.051200
2007-04-23,7.022200,7.12550,6.98000,7.090000
2007-04-24,7.059900,7.14720,6.98000,7.025000
2007-04-25,6.99370,7.070000,6.90000,6.95300
2007-04-26,6.92920,7.066500,6.90000,7.015000
2007-04-27,7.020800,7.11120,6.96000,7.035000
2007-04-30,7.066900,7.18870,6.98000,7.055000
2007-05-01,7.036200,7.092000,6.98000,7.025000
2007-05-02,7.019500,7.088700,6.98000,7.021600
2007-05-03,6.99890,7.050000,6.92000,6.95650
2007-05-04,6.93270,7.034700,6.88000,6.92810
2007-05-07,6.91240,6.97020,6.84000,6.88500
2007-05-08,6.87780,6.96550,6.83000,6.90870
2007-05-09,6.88320,6.95970,6.85000,6.90750
2007-05-10,6.87970,7.065000,6.86000,7.031000
2007-05-11,7.010000,7.083700,6.90000,6.93900
2007-05-14,6.92740,7.012500,6.87000,6.95750
2007-05-15,6.93470,7.014700,6.86000,6.91500
2007-05-16,6.89200,7.021000,6.87000,6.96150
2007-05-17,6.93640,7.085000,6.92000,7.035000
2007-05-18,7.0026999,7.10370,6.95000,7.0050001
2007-05-21,6.99240,7.067200,6.95000,7.0050001
2007-05-22,6.99270,7.10250,6.97000,7.076300
2007-05-23,7.046200,7.10820,7,7.075100
2007-05-24,7.026300,7.18500,7.025000,7.14880
2007-05-25,7.11900,7.18000,7.020000,7.098800
2007-05-28,7.052900,7.13850,7.040000,7.100000
2007-05-29,7.074900,7.18850,7.050000,7.15180
2007-05-30,7.12000,7.24010,7.100000,7.13180
2007-05-31,7.10900,7.19850,7.080000,7.11760
2007-06-01,7.089000,7.15870,7.050000,7.090000
2007-06-04,7.079600,7.17380,7.060000,7.12820
2007-06-05,7.10300,7.20250,7.090000,7.16810
2007-06-06,7.15480,7.24230,7.11000,7.20630
2007-06-07,7.18000,7.29780,7.13000,7.28200
2007-06-08,7.26050,7.38350,7.18000,7.21500
2007-06-11,7.21500,7.30000,7.19000,7.22500
2007-06-12,7.21700,7.3125,7.16000,7.29500
2007-06-13,7.27000,7.33680,7.20000,7.22660
2007-06-14,7.22500,7.28000,7.14000,7.18680
2007-06-15,7.17300,7.24300,7.080000,7.13500
2007-06-18,7.10600,7.15500,7.050000,7.087700
2007-06-19,7.087000,7.12800,7.040000,7.071000
2007-06-20,7.042000,7.17860,7.040000,7.14630
2007-06-21,7.13000,7.21850,7.090000,7.13650
2007-06-22,7.11100,7.18850,7.080000,7.15680
2007-06-25,7.11650,7.18830,7.100000,7.17570
2007-06-26,7.15000,7.22500,7.12000,7.18500
2007-06-27,7.16000,7.25500,7.100000,7.12880
2007-06-28,7.10100,7.15350,7.030000,7.074600
2007-06-29,7.050500,7.12850,7,7.039300
2007-07-02,7.026600,7.078500,6.92600,6.95500
2007-07-03,6.93000,7.021500,6.90000,6.96500
2007-07-04,6.94000,7.026000,6.92000,6.96660
2007-07-05,6.94000,7.038300,6.92000,7.019500
2007-07-06,6.99960,7.065100,6.95000,6.98600
2007-07-09,6.98700,7.019800,6.93000,6.96400
2007-07-10,6.94300,7.047600,6.93000,7.0050001
2007-07-11,7.00010014,7.086600,6.97000,7.020300
2007-07-12,7.017500,7.064500,6.93000,6.96500
2007-07-13,6.94600,7.023500,6.92000,6.95780
2007-07-16,6.94250,7.021500,6.92000,6.97500
2007-07-17,6.96200,7.034000,6.91000,6.94500
2007-07-18,6.93900,7.045100,6.91000,6.94160
2007-07-19,6.91530,6.98500,6.81500,6.86400
2007-07-20,6.83800,6.95000,6.80000,6.89380
2007-07-23,6.86760,6.92010,6.77000,6.82050
2007-07-24,6.79400,6.91550,6.76000,6.87130
2007-07-25,6.86390,6.95950,6.79700,6.88550
2007-07-26,6.86810,7.13950,6.84000,7.080000
2007-07-27,7.050000,7.17600,7.024000,7.10760
2007-07-30,7.0625,7.24500,7.048000,7.10550
2007-07-31,7.082000,7.20000,7.040000,7.17500
2007-08-01,7.13200,7.27100,7.060000,7.095000
2007-08-02,7.085000,7.18000,6.98000,7.085000
2007-08-03,7.068000,7.18300,6.97000,7.12800
2007-08-06,7.17900,7.22100,6.98000,7.020000
2007-08-07,7.028000,7.14800,6.99000,7.065000
2007-08-08,7.039500,7.10010,6.95000,7.015100
2007-08-09,6.98800,7.22250,6.96000,7.17500
2007-08-10,7.14000,7.28100,7.11700,7.17550
2007-08-13,7.15000,7.24250,7.060000,7.18500
2007-08-14,7.16200,7.38000,7.15000,7.31500
2007-08-15,7.29300,7.50500,7.28000,7.42700
2007-08-16,7.41200,7.63400,7.37000,7.45700
2007-08-17,7.43500,7.62350,7.29000,7.35500
2007-08-20,7.36760,7.46850,7.30500,7.41500
2007-08-21,7.41000,7.51150,7.33000,7.41500
2007-08-22,7.34800,7.41060,7.20000,7.23320
2007-08-23,7.23260,7.32150,7.16000,7.22500
2007-08-24,7.22350,7.33500,7.13900,7.16500
2007-08-27,7.15050,7.26090,7.13000,7.21500
2007-08-28,7.20460,7.33010,7.18000,7.30950
2007-08-29,7.28700,7.33560,7.11950,7.15450
2007-08-30,7.13900,7.24060,7.090000,7.15470
2007-08-31,7.12400,7.23610,7.060000,7.14500
2007-09-03,7.14260,7.24870,7.090000,7.19030
2007-09-04,7.16000,7.34000,7.15000,7.21500
2007-09-05,7.20470,7.30350,7.18000,7.23500
2007-09-06,7.22050,7.28550,7.15900,7.18500
2007-09-07,7.18130,7.30050,7.14000,7.24500
2007-09-10,7.23480,7.30570,7.17000,7.21480
2007-09-11,7.19150,7.25100,7.13000,7.17880
2007-09-12,7.14600,7.22850,7.100000,7.17500
2007-09-13,7.12160,7.20370,7.080000,7.18450
2007-09-14,7.15300,7.22600,7.11700,7.14880
2007-09-17,7.14880,7.23620,7.125,7.22700
2007-09-18,7.19960,7.24760,7.076000,7.10730
2007-09-19,7.081000,7.13050,7.030000,7.078000
2007-09-20,7.059000,7.11180,7,7.060000
2007-09-21,7.029000,7.088300,6.96500,7.00029993
2007-09-24,6.98200,7.024800,6.91900,6.95500
2007-09-25,6.93100,7.045500,6.91950,6.98630
2007-09-26,6.96300,7.018500,6.89000,6.94500
2007-09-27,6.92400,6.97970,6.82600,6.88630
2007-09-28,6.85300,6.91840,6.82500,6.87120
2007-10-01,6.85700,6.91600,6.80500,6.83680
2007-10-02,6.82810,6.95850,6.80000,6.92780
2007-10-03,6.90400,6.97260,6.85500,6.92500
2007-10-04,6.90910,6.99010,6.85000,6.90500
2007-10-05,6.89200,6.93850,6.77000,6.80500
2007-10-08,6.78200,6.88950,6.77000,6.86500
2007-10-09,6.83700,6.91600,6.80000,6.82500
2007-10-10,6.82800,6.96130,6.79800,6.875
2007-10-11,6.85880,6.91850,6.65000,6.73500
2007-10-12,6.71400,6.79960,6.68000,6.76500
2007-10-15,6.74180,6.90000,6.68000,6.83500
2007-10-16,6.81800,6.93000,6.79000,6.86500
2007-10-17,6.86260,6.91250,6.75,6.84500
2007-10-18,6.82000,6.86850,6.74000,6.80500
2007-10-19,6.77300,6.85350,6.72600,6.80500
2007-10-22,6.81050,6.95050,6.79010,6.85500
2007-10-23,6.79000,6.85500,6.65000,6.69500
2007-10-24,6.67000,6.75080,6.60900,6.65500
2007-10-25,6.64950,6.67740,6.50900,6.54060
2007-10-26,6.51600,6.58680,6.46000,6.49820
2007-10-29,6.48910,6.58700,6.43000,6.54500
2007-10-30,6.50900,6.62350,6.49000,6.56500
2007-10-31,6.54000,6.59620,6.46000,6.49380
2007-11-01,6.49000,6.65520,6.46000,6.60550
2007-11-02,6.58200,6.64550,6.5,6.56000
2007-11-05,6.54510,6.62850,6.5,6.58660
2007-11-06,6.55100,6.61100,6.46000,6.51200
2007-11-07,6.48600,6.53750,6.40000,6.52030
2007-11-08,6.49500,6.59650,6.43500,6.51050
2007-11-09,6.48900,6.67510,6.41000,6.62000
2007-11-12,6.62000,6.84610,6.59500,6.84090
2007-11-13,6.82150,6.85010,6.64000,6.67810
2007-11-14,6.65500,6.71570,6.52900,6.59310
2007-11-15,6.56350,6.75300,6.54100,6.74110
2007-11-16,6.70010,6.78450,6.62900,6.71100
2007-11-19,6.70010,6.80830,6.63000,6.78180
2007-11-20,6.76860,6.82000,6.66000,6.70060
2007-11-21,6.66400,6.86800,6.65000,6.82050
2007-11-22,6.81720,6.85110,6.73900,6.78500
2007-11-23,6.76500,6.89230,6.72500,6.81870
2007-11-26,6.79500,7.044900,6.73000,7.0061998
2007-11-27,6.97750,7.13500,6.89000,6.98500
2007-11-28,6.98140,7.055900,6.82000,6.84500
2007-11-29,6.82950,6.93000,6.77000,6.81560
2007-11-30,6.79400,6.86900,6.70000,6.80000
2007-12-03,6.77760,6.87090,6.74000,6.82390
2007-12-04,6.78800,6.85220,6.73010,6.80870
2007-12-05,6.80680,6.84090,6.70600,6.77700
2007-12-06,6.74600,6.82250,6.68500,6.71750
2007-12-07,6.70100,6.76170,6.65000,6.70030
2007-12-10,6.69010,6.74350,6.63300,6.67500
2007-12-11,6.65560,6.80140,6.62000,6.79050
2007-12-12,6.78100,6.84910,6.62000,6.72370
2007-12-13,6.70890,6.79910,6.67500,6.74600
2007-12-14,6.70600,6.91600,6.69800,6.88250
2007-12-17,6.86000,6.96970,6.81400,6.94500
2007-12-18,6.88000,6.96230,6.85000,6.89630
2007-12-19,6.88100,6.97400,6.85400,6.94500
2007-12-20,6.92000,7.088800,6.89800,7.058700
2007-12-21,7.040000,7.079500,6.95000,7.030000
2007-12-24,7.0029998,7.046500,6.92800,6.98460
2007-12-25,6.95000,6.99430,6.93000,6.97470
2007-12-26,6.95970,7.053300,6.92200,6.97000
2007-12-27,6.95860,6.99440,6.78600,6.87640
2007-12-28,6.85100,6.90600,6.75700,6.80750
2007-12-31,6.78800,6.89610,6.75,6.86500
2008-01-01,6.83800,6.86260,6.79000,6.85490
2008-01-02,6.82720,6.89490,6.77000,6.82600
2008-01-03,6.80000,6.89190,6.76700,6.84360
2008-01-04,6.84050,6.90470,6.77000,6.88220
2008-01-07,6.84700,6.95240,6.82000,6.91660
2008-01-08,6.88800,6.94130,6.82800,6.90430
2008-01-09,6.89300,6.94500,6.78000,6.86000
2008-01-10,6.84500,6.90750,6.78000,6.82370
2008-01-11,6.80100,6.88150,6.70900,6.75620
2008-01-14,6.74680,6.78850,6.68000,6.74500
2008-01-15,6.72800,6.86250,6.69000,6.84410
2008-01-16,6.81800,6.99120,6.79000,6.95500
2008-01-17,6.93000,7.11370,6.88000,7.086200
2008-01-18,7.080000,7.12800,6.97800,7.069000
2008-01-21,7.050000,7.25320,7.030000,7.22270
2008-01-22,7.21000,7.35730,7.050000,7.082500
2008-01-23,7.072000,7.21000,7.027000,7.056300
2008-01-24,7.024000,7.10160,6.95500,6.99900
2008-01-25,6.98030,7.18720,6.92000,7.13500
2008-01-28,7.13800,7.25850,7.12200,7.19390
2008-01-29,7.18490,7.23930,7.080000,7.21700
2008-01-30,7.18700,7.38000,7.13300,7.35950
2008-01-31,7.33500,7.58050,7.25700,7.48500
2008-02-01,7.47000,7.50620,7.31700,7.36370
2008-02-04,7.32800,7.48750,7.27800,7.47510
2008-02-05,7.44400,7.71350,7.39000,7.69080
2008-02-06,7.67100,7.71500,7.59000,7.70700
2008-02-07,7.67700,7.87080,7.60800,7.69760
2008-02-08,7.67250,7.88860,7.61000,7.78600
2008-02-11,7.74000,7.87000,7.70800,7.78010
2008-02-12,7.74800,7.84900,7.64000,7.72500
2008-02-13,7.70900,7.78850,7.60500,7.72000
2008-02-14,7.71100,7.77050,7.58900,7.69500
2008-02-15,7.68710,7.71210,7.54100,7.66600
2008-02-18,7.64700,7.68550,7.55000,7.65500
2008-02-19,7.59000,7.70750,7.52500,7.6875
2008-02-20,7.66860,7.94150,7.64000,7.80750
2008-02-21,7.80300,7.87850,7.72500,7.80000
2008-02-22,7.78960,7.83340,7.66000,7.73750
2008-02-25,7.72500,7.77120,7.63000,7.67330
2008-02-26,7.64100,7.71680,7.49300,7.54420
2008-02-27,7.52500,7.56950,7.39000,7.44890
2008-02-28,7.43300,7.58280,7.40500,7.56450
2008-02-29,7.56330,7.86090,7.53000,7.82500
2008-03-03,7.82200,8.020000,7.72800,7.76300
2008-03-04,7.76000,7.98000,7.70500,7.89500
2008-03-05,7.87950,7.94870,7.71900,7.79880
2008-03-06,7.78000,8.098300,7.64000,8.056800
2008-03-07,8.053000,8.10100,7.87630,8.0059996
2008-03-10,7.99600,8.13890,7.90000,8.035000
2008-03-11,8,8.087000,7.78500,7.82500
2008-03-12,7.79960,7.88850,7.74000,7.87360
2008-03-13,7.86750,8.00049973,7.80500,7.91940
2008-03-14,7.91000,7.99870,7.82000,7.93370
2008-03-17,7.93390,8.24500,7.89500,8.11160
2008-03-18,8.10260,8.17080,7.89000,7.92620
2008-03-19,7.90500,8.15130,7.89500,8.095000
2008-03-20,8.092000,8.21850,8.026000,8.18500
2008-03-21,8.16640,8.23500,8.11000,8.16510
2008-03-24,8.15010,8.19450,8.070000,8.13760
2008-03-25,8.11700,8.14050,7.98800,8.036500
2008-03-26,8.047500,8.072500,8.047500,8.072500
2008-03-27,8.047500,8.097000,7.92500,7.98500
2008-03-28,7.97010,8.15060,7.94000,8.14310
2008-03-31,8.11730,8.16980,8.047000,8.12750
2008-04-01,8.074900,8.18350,7.95000,7.97500
2008-04-02,7.95750,8.017300,7.74000,7.82500
2008-04-03,7.80240,7.86130,7.68000,7.79370
2008-04-04,7.76540,7.90640,7.72000,7.87510
2008-04-07,7.82760,7.86520,7.70000,7.79760
2008-04-08,7.77760,7.85500,7.72000,7.77860
2008-04-09,7.75350,7.89250,7.69000,7.84510
2008-04-10,7.83270,7.95990,7.73000,7.84510
2008-04-11,7.82250,7.88500,7.72000,7.82100
2008-04-14,7.79550,7.91860,7.75,7.87450
2008-04-15,7.88310,7.98270,7.87000,7.92980
2008-04-16,7.90470,8.037000,7.83500,7.86900
2008-04-17,7.83760,7.95010,7.76000,7.78500
2008-04-18,7.78250,7.85700,7.70000,7.78500
2008-04-21,7.78250,7.82890,7.72000,7.77130
2008-04-22,7.74670,7.79470,7.59000,7.63870
2008-04-23,7.60740,7.70350,7.57000,7.68220
2008-04-24,7.65240,7.79710,7.62000,7.70010
2008-04-25,7.67290,7.75900,7.56000,7.61660
2008-04-28,7.58830,7.63340,7.48000,7.52630
2008-04-29,7.51750,7.64020,7.5,7.61500
2008-04-30,7.58230,7.65000,7.50100,7.53500
2008-05-01,7.53490,7.67170,7.51000,7.60750
2008-05-02,7.58240,7.62360,7.49500,7.58360
2008-05-05,7.56740,7.62510,7.52670,7.56480
2008-05-06,7.54280,7.60310,7.46000,7.49550
2008-05-07,7.48000,7.61500,7.46400,7.57500
2008-05-08,7.55740,7.66260,7.54000,7.61020
2008-05-09,7.58010,7.74560,7.54600,7.73510
2008-05-12,7.68490,7.72060,7.57000,7.60540
2008-05-13,7.57490,7.67000,7.52500,7.58500
2008-05-14,7.55740,7.70230,7.53000,7.64860
2008-05-15,7.62360,7.68500,7.51000,7.54500
2008-05-16,7.53270,7.60410,7.43500,7.47400
2008-05-19,7.45310,7.58500,7.43800,7.55500
2008-05-20,7.51340,7.70750,7.49950,7.66500
2008-05-21,7.64510,7.75250,7.58000,7.73010
2008-05-22,7.69990,7.78500,7.58000,7.63500
2008-05-23,7.60500,7.70830,7.59000,7.67980
2008-05-26,7.67120,7.72160,7.63000,7.69570
2008-05-27,7.67090,7.80920,7.64000,7.73630
2008-05-28,7.71070,7.78500,7.62000,7.69230
2008-05-29,7.65740,7.69750,7.52000,7.58000
2008-05-30,7.55370,7.65090,7.50650,7.61010
2008-06-02,7.59760,7.74750,7.57600,7.70690
2008-06-03,7.70170,7.79340,7.66000,7.76250
2008-06-04,7.73740,7.82580,7.69100,7.79220
2008-06-05,7.76760,7.90900,7.70000,7.83500
2008-06-06,7.83150,7.88740,7.78000,7.87540
2008-06-09,7.86940,7.96950,7.81000,7.89250
2008-06-10,7.86870,8.015000,7.86000,7.98200
2008-06-11,7.94480,8.054800,7.88800,8.011700
2008-06-12,7.99130,8.16300,7.91000,8.15210
2008-06-13,8.13500,8.18190,8.050000,8.10630
2008-06-16,8.099900,8.14850,8.040000,8.084600
2008-06-17,8.058300,8.10500,7.96000,8.024700
2008-06-18,8.0091000,8.13500,7.94000,8.012000
2008-06-19,7.98520,8.073300,7.91000,7.95250
2008-06-20,7.94040,8.028200,7.88000,7.99150
2008-06-23,7.97000,8.11700,7.94000,8.068600
2008-06-24,8.050400,8.10230,7.95000,8.025400
2008-06-25,7.99620,8.048600,7.82000,7.86600
2008-06-26,7.83240,7.99090,7.82000,7.95980
2008-06-27,7.92730,7.98110,7.84600,7.91450
2008-06-30,7.89000,7.92650,7.77000,7.83230
2008-07-01,7.80710,7.95850,7.78000,7.88940
2008-07-02,7.88290,7.90350,7.76800,7.83990
2008-07-03,7.83260,7.90260,7.67900,7.74750
2008-07-04,7.72240,7.78550,7.67000,7.72800
2008-07-07,7.71040,7.77560,7.67000,7.75740
2008-07-08,7.71800,7.82390,7.70000,7.73630
2008-07-09,7.71800,7.76500,7.62000,7.74640
2008-07-10,7.72760,7.76260,7.64000,7.71500
2008-07-11,7.68600,7.78160,7.61000,7.65880
2008-07-14,7.65500,7.68790,7.58800,7.66570
2008-07-15,7.64310,7.70230,7.58000,7.65400
2008-07-16,7.64740,7.70620,7.57000,7.61750
2008-07-17,7.60610,7.66330,7.5,7.57400
2008-07-18,7.53400,7.65850,7.5,7.60460
2008-07-21,7.58410,7.65060,7.52000,7.57500
2008-07-22,7.55000,7.60140,7.45000,7.49760
2008-07-23,7.46700,7.58800,7.44000,7.56800
2008-07-24,7.56890,7.70400,7.51000,7.67950
2008-07-25,7.66200,7.67960,7.54000,7.59240
2008-07-28,7.56700,7.59440,7.46500,7.53650
2008-07-29,7.53610,7.56480,7.33000,7.36260
2008-07-30,7.36190,7.42870,7.33000,7.39440
2008-07-31,7.375,7.43130,7.27000,7.33320
2008-08-01,7.31000,7.37100,7.18200,7.22000
2008-08-04,7.20010,7.27560,7.15800,7.25
2008-08-05,7.22200,7.42590,7.19890,7.38050
2008-08-06,7.38370,7.45930,7.32800,7.43250
2008-08-07,7.42860,7.52450,7.39700,7.49400
2008-08-08,7.47000,7.78000,7.47000,7.73750
2008-08-11,7.73590,7.88630,7.63000,7.81750
2008-08-12,7.81860,7.85040,7.71000,7.80750
2008-08-13,7.80500,7.93620,7.75,7.86130
2008-08-14,7.84800,7.90580,7.75,7.84500
2008-08-15,7.82600,8.0068998,7.80000,7.87080
2008-08-18,7.87700,7.90710,7.67000,7.71750
2008-08-19,7.70710,7.84840,7.67600,7.72870
2008-08-20,7.73260,7.79500,7.69800,7.76250
2008-08-21,7.74960,7.76680,7.62000,7.65620
2008-08-22,7.64260,7.69780,7.62000,7.67790
2008-08-25,7.65280,7.76590,7.64000,7.76500
2008-08-26,7.74810,7.85640,7.71000,7.80120
2008-08-27,7.78800,7.81570,7.71000,7.74950
2008-08-28,7.73000,7.74610,7.64500,7.72650
2008-08-29,7.71300,7.74250,7.63000,7.70460
2008-09-01,7.66500,7.79150,7.66400,7.75
2008-09-02,7.73500,7.85350,7.72000,7.77750
2008-09-03,7.76600,7.93430,7.73700,7.86500
2008-09-04,7.85760,8.046500,7.80800,8.035000
2008-09-05,8.031100,8.098700,7.90800,7.96150
2008-09-08,7.92000,7.97550,7.75,7.92100
2008-09-09,7.89300,8.038000,7.82800,8.012700
2008-09-10,8.20040,8.21900,8.18870,8.20540
2008-09-11,8.20540,8.32610,8.10680,8.14350
2008-09-12,8.14360,8.18900,7.94910,7.98300
2008-09-15,8.079100,8.24900,8.019000,8.080200
2008-09-16,8.081500,8.26400,8.054500,8.054500
2008-09-17,8.054500,8.28530,8.050600,8.26330
2008-09-18,8.26330,8.34900,8.12920,8.14910
2008-09-19,8.14910,8.16900,7.85450,7.91550
2008-09-22,8.031500,8.050700,7.93720,7.97540
2008-09-23,7.97540,8.21070,7.93060,8.18410
2008-09-24,8.18410,8.19930,8.076000,8.16300
2008-09-25,8.16300,8.20860,8.088100,8.11370
2008-09-26,8.11370,8.17280,8.034000,8.046300
2008-09-29,8.082500,8.37920,8.082500,8.32530
2008-09-30,8.32530,8.36740,8.26230,8.27320
2008-10-01,8.27320,8.29330,8.22380,8.25400
2008-10-02,8.25400,8.51900,8.24220,8.49590
2008-10-03,8.49590,8.56650,8.37120,8.48070
2008-10-06,8.53580,8.97030,8.53580,8.84210
2008-10-07,8.84210,8.97320,8.68900,8.91900
2008-10-08,8.91900,9.45480,8.91900,9.18360
2008-10-09,9.18360,9.40230,8.91280,9.37970
2008-10-10,9.37970,9.48720,9.21410,9.43810
2008-10-13,9.21390,9.27760,9.053800,9.059600
2008-10-14,9.059600,9.15750,8.83040,9.11210
2008-10-15,9.11210,10.74800,9.074000,10.69500
2008-10-16,10.69500,10.86800,9.82480,10.024000
2008-10-17,10.024000,10.45200,9.89400,10.014000
2008-10-20,10.015000,10.23500,9.85380,10.13900
2008-10-21,10.13900,10.70900,10.0059996,10.61900
2008-10-22,10.61900,11.86400,10.51900,11.79500
2008-10-23,11.79500,11.79500,10.93000,10.93500
2008-10-24,10.93500,11.73500,10.73400,11.13700
2008-10-27,11.19600,11.45000,10.73100,11.0080004
2008-10-28,11.0080004,11.023000,10.17600,10.27600
2008-10-29,10.27600,10.40100,9.67600,9.81850
2008-10-30,9.81850,10.096000,9.43260,9.87890
2008-10-31,9.87890,10.20200,9.72530,9.72530
2008-11-03,9.74400,10.13700,9.60390,10.035000
2008-11-04,10.035000,10.068000,9.60150,9.70630
2008-11-05,9.70630,9.84240,9.46820,9.82610
2008-11-06,9.82610,10.30300,9.65110,10.25600
2008-11-07,10.25600,10.27300,9.97560,9.97560
2008-11-10,9.85700,10.077000,9.76810,9.98030
2008-11-11,9.98030,10.40900,9.97530,10.30400
2008-11-12,10.30400,10.54100,10.16400,10.47400
2008-11-13,10.47400,10.65900,10.090000,10.11600
2008-11-14,10.11600,10.39000,9.91760,9.91760
2008-11-17,10.23300,10.23300,9.98660,10.18500
2008-11-18,10.18500,10.39800,10.11500,10.22100
2008-11-19,10.22100,10.52300,10.16900,10.47600
2008-11-20,10.47600,10.77300,10.45600,10.75800
2008-11-21,10.75800,10.77800,10.32900,10.46400
2008-11-24,10.45400,10.54300,10.046000,10.084000
2008-11-25,10.084000,10.14100,9.68580,9.85840
2008-11-26,9.85840,10.041000,9.74910,9.93800
2008-11-27,9.93800,9.95960,9.79780,9.90300
2008-11-28,9.90300,10.15900,9.84690,10.15900
2008-12-01,10.14390,10.64950,10.14390,10.64950
2008-12-02,10.64950,10.64960,10.10850,10.15100
2008-12-03,10.15100,10.39790,10.069300,10.13970
2008-12-04,10.13980,10.29940,10.042200,10.20810
2008-12-05,10.20810,10.51540,10.10060,10.29120
2008-12-08,10.29120,10.29120,10.0050001,10.10750
2008-12-09,10.10750,10.21440,10.052900,10.15000
2008-12-10,10.15000,10.24630,10.065000,10.13100
2008-12-11,10.13100,10.17990,9.92360,9.92360
2008-12-12,9.97500,10.25940,9.96320,10.25940
2008-12-15,10.17700,10.25070,10.098600,10.098600
2008-12-16,10.16190,10.37530,10.049700,10.073700
2008-12-17,10.073700,10.12250,9.79900,9.79900
2008-12-18,9.83340,9.90280,9.51950,9.51950
2008-12-19,9.71270,9.82220,9.60300,9.82220
2008-12-22,9.75660,9.80640,9.59620,9.80640
2008-12-23,9.80640,9.84960,9.63800,9.63800
2008-12-24,9.68870,9.76780,9.59520,9.76780
2008-12-25,9.70550,9.80500,9.68500,9.75
2008-12-26,9.77800,9.77800,9.68520,9.68520
2008-12-29,9.74330,9.74330,9.42980,9.49790
2008-12-30,9.49790,9.54560,9.36150,9.36150
2008-12-31,9.42500,9.51600,9.20720,9.51600
2009-01-01,9.49560,9.55530,9.49560,9.55530
2009-01-02,9.54000,9.55500,9.26340,9.26340
2009-01-05,9.375,9.51990,9.27370,9.32050
2009-01-06,9.32050,9.45310,9.24370,9.24370
2009-01-07,9.37810,9.74000,9.29420,9.64540
2009-01-08,9.64590,9.78300,9.57170,9.57170
2009-01-09,9.68410,9.83010,9.59750,9.83010
2009-01-12,9.83910,10.16000,9.83910,10.16000
2009-01-13,10.12490,10.19630,9.95280,10.0625
2009-01-14,10.0625,10.27430,9.87390,10.17730
2009-01-15,10.17720,10.26730,9.97290,10.0015001
2009-01-16,10.0014000,10.11790,9.82900,10.11790
2009-01-19,10.0029001,10.15790,9.95040,10.15780
2009-01-20,10.15780,10.38920,10.15110,10.38920
2009-01-21,10.30800,10.32950,9.96070,9.99900
2009-01-22,9.99910,10.13400,9.94850,10.082800
2009-01-23,10.082500,10.49890,10.051300,10.49890
2009-01-26,10.16990,10.18100,10.079800,10.11350
2009-01-27,10.11350,10.14940,9.97200,10.14940
2009-01-28,10.0099001,10.027400,9.86570,9.90160
2009-01-29,9.90160,10.070400,9.87800,10.070400
2009-01-30,10.027100,10.26280,10.018200,10.26280
2009-02-02,10.29320,10.34880,10.14870,10.18350
2009-02-03,10.18370,10.24460,10.020100,10.020100
2009-02-04,10.084800,10.16160,9.90660,10.035200
2009-02-05,10.035200,10.082600,9.80130,9.89720
2009-02-06,9.89730,10.019300,9.57060,9.57060
2009-02-09,9.76580,9.79660,9.54120,9.54120
2009-02-10,9.62740,9.96960,9.62100,9.96960
2009-02-11,9.92970,9.99310,9.79360,9.86700
2009-02-12,9.86730,10.23140,9.84930,10.23140
2009-02-13,9.94210,10.095800,9.90010,10.095800
2009-02-16,10.045900,10.15180,9.96810,10.050100
2009-02-17,10.050100,10.29810,10.026900,10.29810
2009-02-18,10.27630,10.31090,10.13670,10.13670
2009-02-19,10.21990,10.22550,9.95640,10.16010
2009-02-20,10.16010,10.26540,10.057900,10.057900
2009-02-23,10.20540,10.22040,9.94440,10.091700
2009-02-24,10.091700,10.12090,9.86570,9.86570
2009-02-25,9.90610,10.013700,9.88580,9.96790
2009-02-26,9.96790,10.038200,9.83450,9.83450
2009-02-27,9.92070,10.17970,9.87540,10.17970
2009-03-02,10.18720,10.54850,10.15200,10.53960
2009-03-03,10.53960,10.57010,10.35310,10.56560
2009-03-04,10.56560,10.67740,10.31630,10.42470
2009-03-05,10.42470,10.75960,10.33970,10.67840
2009-03-06,10.67840,10.68310,10.42350,10.42350
2009-03-09,10.45970,10.67820,10.42110,10.67230
2009-03-10,10.67180,10.67980,10.26580,10.32060
2009-03-11,10.32060,10.39060,10.067800,10.067800
2009-03-12,10.12150,10.28530,9.88840,9.95690
2009-03-13,9.95690,10.046500,9.88880,9.88880
2009-03-16,9.99400,10.058100,9.85820,9.94520
2009-03-17,9.94520,10.0089998,9.85910,9.88280
2009-03-18,9.88280,9.95850,9.61690,9.67230
2009-03-19,9.67230,9.76110,9.54550,9.68090
2009-03-20,9.68090,9.72740,9.58380,9.58380
2009-03-23,9.59970,9.66470,9.43530,9.43530
2009-03-24,9.45250,9.52220,9.39760,9.51350
2009-03-25,9.51350,9.65620,9.40160,9.52500
2009-03-26,9.52500,9.53100,9.34750,9.34750
2009-03-27,9.37750,9.68230,9.36300,9.68230
2009-03-30,9.62450,9.83440,9.62450,9.83440
2009-03-31,9.71900,9.71900,9.44020,9.44020
2009-04-01,9.57250,9.64820,9.35850,9.35850
2009-04-02,9.39730,9.40940,9.045800,9.045800
2009-04-03,9.098100,9.19430,9.027800,9.027800
2009-04-06,9.087500,9.16000,8.97330,9.14980
2009-04-07,9.15000,9.24800,9.11540,9.24800
2009-04-08,9.24090,9.30750,9.099500,9.17000
2009-04-09,9.17000,9.20960,8.97560,8.97560
2009-04-10,9.12150,9.12150,9.042800,9.042800
2009-04-13,9.075900,9.075900,8.98890,9.035300
2009-04-14,9.035300,9.13470,8.97560,9.12190
2009-04-15,9.12190,9.24690,9.039500,9.039500
2009-04-16,9.075400,9.16160,8.88250,8.92680
2009-04-17,8.94940,9.018500,8.87160,8.87160
2009-04-20,8.96980,9.11880,8.96650,9.11130
2009-04-21,9.11130,9.17380,8.91470,9.019400
2009-04-22,9.019400,9.070700,8.85960,8.92750
2009-04-23,8.92750,9.0019999,8.89160,8.94010
2009-04-24,8.94010,8.98900,8.71800,8.71800
2009-04-27,8.78010,8.94180,8.70580,8.75660
2009-04-28,8.75660,8.89250,8.58120,8.58120
2009-04-29,8.61530,8.66480,8.46250,8.51970
2009-04-30,8.51970,8.54800,8.40650,8.44650
2009-05-01,8.44650,8.47780,8.37600,8.37600
2009-05-04,8.38880,8.40860,8.25970,8.25970
2009-05-05,8.26750,8.43190,8.25390,8.43190
2009-05-06,8.39320,8.56050,8.24200,8.29390
2009-05-07,8.29380,8.4375,8.28470,8.4375
2009-05-08,8.38460,8.45830,8.25580,8.25580
2009-05-11,8.29780,8.47630,8.22980,8.43720
2009-05-12,8.43720,8.52750,8.38710,8.41830
2009-05-13,8.41830,8.56110,8.32830,8.50100
2009-05-14,8.51670,8.65740,8.48050,8.51090
2009-05-15,8.51070,8.77340,8.40360,8.77340
2009-05-18,8.69500,8.74950,8.49380,8.49380
2009-05-19,8.51350,8.55060,8.40250,8.42130
2009-05-20,8.42130,8.48580,8.25380,8.33280
2009-05-21,8.33280,8.48400,8.27940,8.30190
2009-05-22,8.30440,8.37400,8.18540,8.25820
2009-05-25,8.26160,8.34560,8.18090,8.25310
2009-05-26,8.25060,8.41900,8.22460,8.24320
2009-05-27,8.24540,8.32270,8.044600,8.15310
2009-05-28,8.15310,8.22880,7.98480,8.0056000
2009-05-29,8.0056000,8.083400,7.89590,7.89590
2009-06-01,7.86440,8.012200,7.86350,7.96880
2009-06-02,7.96590,8.14010,7.91880,7.94500
2009-06-03,7.94500,8.11460,7.92500,8.050400
2009-06-04,8.050400,8.10190,7.96020,7.97540
2009-06-05,7.97540,8.10480,7.90390,8.10480
2009-06-08,8.046500,8.23180,8.036100,8.14000
2009-06-09,8.13700,8.18900,8.032200,8.070100
2009-06-10,8.073300,8.12250,8.00090027,8.036500
2009-06-11,8.043500,8.096400,7.91040,7.93740
2009-06-12,7.93190,8.068800,7.91830,8.068800
2009-06-15,7.99660,8.10950,7.99660,8.077000
2009-06-16,8.076400,8.13790,7.95490,8.058600
2009-06-17,8.058600,8.13980,7.99220,8.027200
2009-06-18,8.027200,8.16390,8.020600,8.11800
2009-06-19,8.11800,8.15730,8.045800,8.094000
2009-06-22,8.078500,8.21630,8.064800,8.18470
2009-06-23,8.18230,8.27280,8.12640,8.14700
2009-06-24,8.14470,8.20000,7.99570,8.042800
2009-06-25,8.040200,8.094800,7.97640,7.99400
2009-06-26,7.99180,8.023200,7.83020,7.86530
2009-06-29,7.88750,7.96530,7.76610,7.80520
2009-06-30,7.80520,7.83280,7.65510,7.70050
2009-07-01,7.69810,7.77780,7.66520,7.72750
2009-07-02,7.72750,7.86490,7.72280,7.84880
2009-07-03,7.83240,7.95890,7.82430,7.91330
2009-07-06,7.89530,8.034600,7.89530,7.92630
2009-07-07,7.92620,8.092100,7.91930,8.090000
2009-07-08,8.090300,8.23350,8.087900,8.16860
2009-07-09,8.16860,8.18220,8.060800,8.096700
2009-07-10,8.096400,8.27090,8.095200,8.22350
2009-07-13,8.20310,8.34230,8.17830,8.21220
2009-07-14,8.21220,8.31590,8.14030,8.20950
2009-07-15,8.20950,8.23080,8.073800,8.098000
2009-07-16,8.10000,8.15870,8.031600,8.039000
2009-07-17,8.039000,8.12620,8.0032997,8.011300
2009-07-20,8.031100,8.041900,7.79960,7.83770
2009-07-21,7.83950,7.90420,7.76480,7.78320
2009-07-22,7.78320,7.84320,7.66590,7.71610
2009-07-23,7.71590,7.72930,7.60830,7.68900
2009-07-24,7.68900,7.78820,7.67700,7.73700
2009-07-27,7.72950,7.77940,7.70310,7.74790
2009-07-28,7.74930,7.91090,7.70040,7.84590
2009-07-29,7.84720,7.93250,7.84360,7.88660
2009-07-30,7.88660,7.89900,7.75480,7.77800
2009-07-31,7.77300,7.85290,7.72080,7.73450
2009-08-03,7.70480,7.78240,7.70330,7.72430
2009-08-04,7.72520,7.88120,7.72160,7.81400
2009-08-05,7.81400,7.98540,7.81270,7.87900
2009-08-06,7.87900,8.095800,7.87900,8.039700
2009-08-07,8.039700,8.14180,7.95470,7.97590
2009-08-10,7.98840,8.12470,7.95080,8.063200
2009-08-11,8.063200,8.1875,8.046000,8.093800
2009-08-12,8.093000,8.20530,8.032900,8.032900
2009-08-13,8.032900,8.075600,7.94330,7.99660
2009-08-14,7.99690,8.11170,7.98470,8.087500
2009-08-17,8.080000,8.21380,8.071900,8.099200
2009-08-18,8.097200,8.11830,8.013400,8.015000
2009-08-19,8.015000,8.11680,7.96400,8.015000
2009-08-20,8.015000,8.045500,7.89080,7.92530
2009-08-21,7.92530,7.98800,7.74750,7.81030
2009-08-24,7.81010,7.86380,7.75960,7.83550
2009-08-25,7.83540,7.87770,7.73670,7.82600
2009-08-26,7.82550,7.89510,7.76370,7.87050
2009-08-27,7.86780,7.89500,7.77870,7.78280
2009-08-28,7.78280,7.82430,7.73310,7.75140
2009-08-31,7.78850,7.82780,7.77020,7.78160
2009-09-01,7.78130,7.93000,7.72630,7.90110
2009-09-02,7.90190,7.91620,7.79080,7.79900
2009-09-03,7.79910,7.80820,7.63460,7.66130
2009-09-04,7.66130,7.70460,7.58310,7.60420
2009-09-07,7.60870,7.64300,7.56880,7.58290
2009-09-08,7.58160,7.60610,7.51140,7.52240
2009-09-09,7.52240,7.58000,7.41530,7.55060
2009-09-10,7.55060,7.63200,7.52900,7.56530
2009-09-11,7.56530,7.61730,7.42750,7.43920
2009-09-14,7.46500,7.54080,7.44740,7.45590
2009-09-15,7.45470,7.47800,7.36010,7.36530
2009-09-16,7.37330,7.41000,7.29460,7.32020
2009-09-17,7.32020,7.41940,7.29480,7.38870
2009-09-18,7.38960,7.48020,7.38900,7.42420
2009-09-21,7.44550,7.53740,7.44350,7.46160
2009-09-22,7.46160,7.46930,7.37080,7.37300
2009-09-23,7.37340,7.47480,7.35980,7.44020
2009-09-24,7.44020,7.49880,7.35330,7.49170
2009-09-25,7.49170,7.49920,7.37960,7.41130
2009-09-28,7.40220,7.48860,7.38110,7.43070
2009-09-29,7.42840,7.44840,7.36620,7.42670
2009-09-30,7.42720,7.62340,7.36820,7.52220
2009-10-01,7.52280,7.71750,7.49990,7.70060
2009-10-02,7.69970,7.78570,7.59440,7.63940
2009-10-05,7.64510,7.64820,7.45200,7.47490
2009-10-06,7.48560,7.50300,7.37380,7.42850
2009-10-07,7.42990,7.51150,7.39680,7.39870
2009-10-08,7.39870,7.39870,7.30310,7.33540
2009-10-09,7.33920,7.41970,7.33920,7.40340
2009-10-12,7.39800,7.48360,7.29830,7.33130
2009-10-13,7.33030,7.39640,7.29910,7.32610
2009-10-14,7.32610,7.35700,7.23170,7.23760
2009-10-15,7.23640,7.33950,7.23080,7.26820
2009-10-16,7.26910,7.39290,7.24690,7.34840
2009-10-19,7.36400,7.39620,7.28470,7.31080
2009-10-20,7.31080,7.42380,7.29610,7.38770
2009-10-21,7.39030,7.44770,7.34370,7.41700
2009-10-22,7.41700,7.54890,7.37760,7.41120
2009-10-23,7.40740,7.49570,7.39540,7.46210
2009-10-26,7.47250,7.59900,7.45410,7.58600
2009-10-27,7.58570,7.69830,7.55520,7.66590
2009-10-28,7.66540,7.88340,7.65920,7.84280
2009-10-29,7.84250,7.86140,7.68660,7.73810
2009-10-30,7.73750,7.85850,7.63840,7.81690
2009-11-02,8.086900,8.086900,7.81810,7.96000
2009-11-03,7.95950,7.95950,7.79360,7.80690
2009-11-04,7.80690,7.82850,7.59570,7.65230
2009-11-05,7.65230,7.69500,7.55280,7.60500
2009-11-06,7.60500,7.62300,7.50880,7.53620
2009-11-09,7.51880,7.54540,7.38870,7.42100
2009-11-10,7.41840,7.46040,7.36820,7.38120
2009-11-11,7.38060,7.41440,7.33250,7.38930
2009-11-12,7.39060,7.48880,7.35940,7.47260
2009-11-13,7.47470,7.51470,7.38570,7.41760
2009-11-16,7.42540,7.46040,7.34270,7.36590
2009-11-17,7.36590,7.53890,7.35700,7.45890
2009-11-18,7.45890,7.48110,7.40720,7.45000
2009-11-19,7.45220,7.57530,7.45220,7.53490
2009-11-20,7.53480,7.61710,7.49980,7.60890
2009-11-23,7.58840,7.58840,7.46580,7.49860
2009-11-24,7.49950,7.55100,7.44700,7.45330
2009-11-25,7.45240,7.46130,7.32100,7.33120
2009-11-26,7.33220,7.5625,7.33220,7.5625
2009-11-27,7.5625,7.64530,7.39450,7.40410
2009-11-30,7.37470,7.44280,7.33730,7.41870
2009-12-01,7.41960,7.44710,7.29250,7.31210
2009-12-02,7.31020,7.33880,7.27890,7.31780
2009-12-03,7.31760,7.41690,7.27100,7.40700
2009-12-04,7.40040,7.47040,7.30570,7.42480
2009-12-07,7.42610,7.51370,7.40400,7.44210
2009-12-08,7.44220,7.57350,7.42830,7.55300
2009-12-09,7.55370,7.62830,7.52710,7.56440
2009-12-10,7.56580,7.60240,7.48350,7.54220
2009-12-11,7.54050,7.57550,7.45450,7.51930
2009-12-14,7.54830,7.55740,7.38100,7.41300
2009-12-15,7.41300,7.50120,7.41000,7.44800
2009-12-16,7.44600,7.47460,7.33100,7.43090
2009-12-17,7.43090,7.58060,7.42480,7.53990
2009-12-18,7.53910,7.62260,7.50380,7.56490
2009-12-21,7.56770,7.76450,7.56670,7.75210
2009-12-22,7.75130,7.75910,7.69300,7.70920
2009-12-23,7.70930,7.74660,7.60040,7.60700
2009-12-24,7.60590,7.61010,7.47480,7.51840
2009-12-25,7.51660,7.51660,7.51660,7.51660
2009-12-28,7.52240,7.57030,7.46330,7.50330
2009-12-29,7.50200,7.51050,7.37090,7.42230
2009-12-30,7.42230,7.44310,7.37280,7.38990
2009-12-31,7.39090,7.41840,7.35950,7.41000
2010-01-01,7.41000,7.41000,7.41000,7.41000
2010-01-04,7.41550,7.45500,7.28100,7.29180
2010-01-05,7.29650,7.34340,7.24910,7.32410
2010-01-06,7.32440,7.37390,7.29170,7.31050
2010-01-07,7.30950,7.44750,7.29060,7.42960
2010-01-08,7.42960,7.45900,7.31600,7.35240
2010-01-11,7.31990,7.37960,7.29260,7.37550
2010-01-12,7.37470,7.51550,7.37070,7.43560
2010-01-13,7.43560,7.45420,7.36760,7.38950
2010-01-14,7.38940,7.46440,7.36420,7.38070
2010-01-15,7.38010,7.43890,7.37390,7.39650
2010-01-18,7.40470,7.43390,7.37580,7.39030
2010-01-19,7.38860,7.44850,7.37240,7.41690
2010-01-20,7.41630,7.57510,7.40210,7.53970
2010-01-21,7.53970,7.61660,7.48090,7.57600
2010-01-22,7.58130,7.66750,7.53170,7.63440
2010-01-25,7.59480,7.64000,7.55350,7.56650
2010-01-26,7.56540,7.67000,7.54530,7.56700
2010-01-27,7.56700,7.65320,7.54740,7.59370
2010-01-28,7.59400,7.64110,7.53790,7.61970
2010-01-29,7.61920,7.64470,7.53570,7.62700
2010-02-01,7.60000,7.60840,7.48450,7.49510
2010-02-02,7.49540,7.52280,7.44600,7.46990
2010-02-03,7.46990,7.55940,7.42040,7.53810
2010-02-04,7.53650,7.69900,7.51500,7.67340
2010-02-05,7.67310,7.86060,7.65350,7.78750
2010-02-08,7.76510,7.77730,7.70660,7.73640
2010-02-09,7.73640,7.75400,7.64220,7.68140
2010-02-10,7.68030,7.76350,7.65310,7.72550
2010-02-11,7.72550,7.72720,7.61600,7.63920
2010-02-12,7.64460,7.74560,7.64170,7.69380
2010-02-15,7.69810,7.74340,7.69180,7.72330
2010-02-16,7.72220,7.74310,7.65390,7.65810
2010-02-17,7.65880,7.68370,7.56810,7.62170
2010-02-18,7.62170,7.68110,7.56740,7.68110
2010-02-19,7.68110,7.73700,7.63760,7.65710
2010-02-22,7.64030,7.74970,7.62640,7.70480
2010-02-23,7.70480,7.81360,7.65370,7.75620
2010-02-24,7.75390,7.79620,7.72950,7.74060
2010-02-25,7.73980,7.89250,7.72200,7.73900
2010-02-26,7.73900,7.79250,7.63810,7.72070
2010-03-01,7.69320,7.71650,7.60260,7.63480
2010-03-02,7.63480,7.66570,7.56230,7.59920
2010-03-03,7.59920,7.60590,7.47970,7.50700
2010-03-04,7.50700,7.53580,7.44390,7.48190
2010-03-05,7.48190,7.50650,7.38930,7.40490
2010-03-08,7.45140,7.45610,7.36300,7.41230
2010-03-09,7.41230,7.46550,7.37540,7.38570
2010-03-10,7.38570,7.44180,7.38570,7.40990
2010-03-11,7.40990,7.47240,7.40990,7.42650
2010-03-12,7.42650,7.44070,7.37240,7.39250
2010-03-15,7.40610,7.43610,7.38340,7.40490
2010-03-16,7.40490,7.42620,7.35250,7.35640
2010-03-17,7.35640,7.37090,7.27200,7.30940
2010-03-18,7.30940,7.34060,7.28130,7.31440
2010-03-19,7.31440,7.37260,7.29370,7.33400
2010-03-22,7.35830,7.40590,7.31480,7.33140
2010-03-23,7.33140,7.36370,7.31510,7.33910
2010-03-24,7.33910,7.39940,7.32600,7.39350
2010-03-25,7.39350,7.49820,7.36690,7.48340
2010-03-26,7.48340,7.48340,7.42140,7.43090
2010-03-29,7.40540,7.42810,7.37370,7.39830
2010-03-30,7.39830,7.41010,7.35730,7.36880
2010-03-31,7.36880,7.38790,7.26200,7.28550
2010-04-01,7.28550,7.29900,7.22260,7.23840
2010-04-02,7.23840,7.28400,7.23720,7.24620
2010-04-05,7.26470,7.26640,7.20300,7.22200
2010-04-06,7.22200,7.28860,7.21940,7.24080
2010-04-07,7.24080,7.28880,7.19590,7.28160
2010-04-08,7.28160,7.35970,7.25010,7.25580
2010-04-09,7.25580,7.29450,7.20330,7.25460
2010-04-12,7.22820,7.29760,7.20500,7.28070
2010-04-13,7.28070,7.31900,7.26620,7.30560
2010-04-14,7.30560,7.36270,7.25970,7.32530
2010-04-15,7.32530,7.40370,7.30220,7.30980
2010-04-16,7.30980,7.42020,7.30900,7.38970
2010-04-19,7.41510,7.49050,7.40240,7.42330
2010-04-20,7.42330,7.46510,7.37240,7.38750
2010-04-21,7.38750,7.43790,7.35280,7.39980
2010-04-22,7.39980,7.51780,7.39380,7.49420
2010-04-23,7.49420,7.51760,7.40510,7.41830
2010-04-26,7.42350,7.43200,7.31810,7.34190
2010-04-27,7.34190,7.49080,7.33810,7.46230
2010-04-28,7.46230,7.51720,7.42230,7.43240
2010-04-29,7.43240,7.46450,7.33910,7.36550
2010-04-30,7.36550,7.39400,7.31200,7.38760
2010-05-03,7.37020,7.44540,7.36970,7.41210
2010-05-04,7.41210,7.58960,7.41210,7.56350
2010-05-05,7.56350,7.68830,7.55040,7.62670
2010-05-06,7.62670,7.94000,7.55890,7.73940
2010-05-07,7.73940,7.84580,7.61810,7.65930
2010-05-10,7.61050,7.63700,7.42620,7.54000
2010-05-11,7.54000,7.59580,7.47250,7.52260
2010-05-12,7.52260,7.57690,7.45340,7.46210
2010-05-13,7.46210,7.51890,7.43280,7.49370
2010-05-14,7.49370,7.59680,7.45840,7.55190
2010-05-17,7.56710,7.65180,7.52910,7.57970
2010-05-18,7.57970,7.71710,7.50030,7.66630
2010-05-19,7.66630,7.88760,7.64260,7.76110
2010-05-20,7.76110,8.079500,7.76100,7.95670
2010-05-21,7.95670,8.022300,7.83150,7.86250
2010-05-24,7.87900,7.90600,7.79640,7.86160
2010-05-25,7.86160,8.019000,7.81260,7.82670
2010-05-26,7.82670,7.88870,7.64180,7.77750
2010-05-27,7.77750,7.77800,7.54210,7.57220
2010-05-28,7.57220,7.64520,7.52360,7.63310
2010-05-31,7.60720,7.70480,7.57860,7.67750
2010-06-01,7.67750,7.78170,7.65810,7.72720
2010-06-02,7.72720,7.73330,7.65430,7.66240
2010-06-03,7.66240,7.73160,7.59690,7.67130
2010-06-04,7.67130,7.81370,7.62980,7.79980
2010-06-07,7.80380,7.85620,7.74800,7.81710
2010-06-08,7.81710,7.83350,7.73240,7.75070
2010-06-09,7.75070,7.82110,7.70200,7.77630
2010-06-10,7.77630,7.81060,7.66460,7.69980
2010-06-11,7.69980,7.77600,7.67790,7.68040
2010-06-14,7.63360,7.69880,7.60790,7.68730
2010-06-15,7.68730,7.71060,7.57200,7.58890
2010-06-16,7.58890,7.65630,7.55990,7.61320
2010-06-17,7.61320,7.65270,7.54420,7.59190
2010-06-18,7.59190,7.59190,7.50090,7.50550
2010-06-21,7.47320,7.52890,7.41230,7.51130
2010-06-22,7.51130,7.58180,7.49670,7.57220
2010-06-23,7.57220,7.60290,7.51410,7.53410
2010-06-24,7.53410,7.67420,7.50520,7.58710
2010-06-25,7.58710,7.68940,7.58710,7.625
2010-06-28,7.61580,7.61820,7.52920,7.57500
2010-06-29,7.57500,7.68360,7.57500,7.68010
2010-06-30,7.68010,7.68500,7.60950,7.67550
2010-07-01,7.67550,7.78370,7.66670,7.72980
2010-07-02,7.72980,7.76570,7.66230,7.73860
2010-07-05,7.73630,7.75690,7.69460,7.75480
2010-07-06,7.75480,7.76450,7.61130,7.66020
2010-07-07,7.66020,7.68840,7.60620,7.61670
2010-07-08,7.61670,7.61800,7.53710,7.56710
2010-07-09,7.56710,7.59350,7.54500,7.59110
2010-07-12,7.59020,7.64080,7.55050,7.61320
2010-07-13,7.61320,7.64620,7.52630,7.52840
2010-07-14,7.52840,7.58670,7.50810,7.52720
2010-07-15,7.52720,7.59630,7.52380,7.55430
2010-07-16,7.55430,7.60780,7.53140,7.59690
2010-07-19,7.61850,7.67500,7.57770,7.64710
2010-07-20,7.64710,7.64930,7.54970,7.55920
2010-07-21,7.55920,7.59240,7.50760,7.55170
2010-07-22,7.55170,7.57240,7.43430,7.44150
2010-07-23,7.44150,7.47600,7.40090,7.43450
2010-07-26,7.43470,7.45380,7.32350,7.34530
2010-07-27,7.34530,7.35780,7.29430,7.33490
2010-07-28,7.33030,7.38380,7.27000,7.35250
2010-07-29,7.35340,7.37120,7.23430,7.32960
2010-07-30,7.32960,7.37720,7.28760,7.29490
2010-08-02,7.29530,7.30420,7.24900,7.30080
2010-08-03,7.30080,7.33830,7.26650,7.26720
2010-08-04,7.26720,7.32720,7.25120,7.27790
2010-08-05,7.27790,7.29590,7.20360,7.24720
2010-08-06,7.24720,7.27970,7.20020,7.22500
2010-08-09,7.23590,7.24720,7.17460,7.18910
2010-08-10,7.18910,7.27400,7.18720,7.22510
2010-08-11,7.22510,7.33730,7.22430,7.32580
2010-08-12,7.32580,7.34170,7.27720,7.30390
2010-08-13,7.30390,7.32950,7.22910,7.30520
2010-08-16,7.32460,7.34570,7.24500,7.27420
2010-08-17,7.27420,7.28910,7.23120,7.27040
2010-08-18,7.27040,7.29680,7.23790,7.28510
2010-08-19,7.28510,7.31650,7.22880,7.31070
2010-08-20,7.31070,7.37400,7.28580,7.31630
2010-08-23,7.32540,7.37120,7.28090,7.36620
2010-08-24,7.36620,7.41890,7.34590,7.36890
2010-08-25,7.36890,7.40510,7.32260,7.32750
2010-08-26,7.32750,7.34000,7.27660,7.32390
2010-08-27,7.32390,7.40190,7.28360,7.31020
2010-08-30,7.30530,7.35190,7.28810,7.34780
2010-08-31,7.34780,7.43680,7.33880,7.38050
2010-09-01,7.38050,7.38850,7.27840,7.29910
2010-09-02,7.29910,7.31770,7.22440,7.23910
2010-09-03,7.23910,7.25870,7.15320,7.19630
2010-09-06,7.17940,7.23760,7.16680,7.23710
2010-09-07,7.23710,7.29090,7.23700,7.27030
2010-09-08,7.27030,7.29570,7.21790,7.23870
2010-09-09,7.23870,7.24930,7.16410,7.21940
2010-09-10,7.21940,7.24200,7.17020,7.18620
2010-09-13,7.16840,7.17110,7.12040,7.12780
2010-09-14,7.12780,7.16180,7.058100,7.089000
2010-09-15,7.089000,7.11670,7.054300,7.10790
2010-09-16,7.10790,7.17310,7.082600,7.14750
2010-09-17,7.14750,7.16110,7.10360,7.14680
2010-09-20,7.14310,7.14310,7.10090,7.12420
2010-09-21,7.12420,7.14130,7.047700,7.061200
2010-09-22,7.061200,7.064200,6.98130,7.041700
2010-09-23,7.041700,7.10160,7.018900,7.065800
2010-09-24,7.065800,7.088000,7.00059986,7.022800
2010-09-27,7.020500,7.027900,6.97800,7.017200
2010-09-28,7.017200,7.050700,6.94310,6.95750
2010-09-29,6.95750,6.99010,6.94170,6.96460
2010-09-30,6.96460,7.0043001,6.95240,6.97110
2010-10-01,6.97110,6.98090,6.92100,6.92920
2010-10-04,6.93410,7.031200,6.93350,6.99580
2010-10-05,6.99580,7.030200,6.88380,6.90550
2010-10-06,6.90550,6.90620,6.83890,6.86210
2010-10-07,6.86210,6.92670,6.83880,6.88090
2010-10-08,6.88090,6.93680,6.83190,6.83970
2010-10-11,6.83370,6.89430,6.83340,6.87130
2010-10-12,6.87130,6.93940,6.84250,6.85050
2010-10-13,6.85050,6.86690,6.79550,6.82100
2010-10-14,6.82100,6.82100,6.76680,6.80850
2010-10-15,6.80850,6.86900,6.77170,6.83930
2010-10-18,6.83390,6.90820,6.83390,6.87400
2010-10-19,6.87400,6.98910,6.86910,6.96500
2010-10-20,6.96500,6.97630,6.90700,6.93320
2010-10-21,6.93320,6.99750,6.87380,6.97280
2010-10-22,6.97280,6.97930,6.92950,6.94070
2010-10-25,6.93830,6.94170,6.87790,6.91740
2010-10-26,6.91740,6.96010,6.89080,6.94450
2010-10-27,6.94450,7.084400,6.94450,7.060600
2010-10-28,7.060600,7.073700,6.96770,6.99130
2010-10-29,6.99130,7.039500,6.94030,6.99670
2010-11-01,6.97120,7.020600,6.94410,6.98050
2010-11-02,6.98050,6.98660,6.88170,6.89090
2010-11-03,6.89090,6.92720,6.85860,6.86680
2010-11-04,6.86680,6.875,6.76830,6.80570
2010-11-05,6.80570,6.85050,6.76630,6.77580
2010-11-08,6.78880,6.88680,6.78850,6.84460
2010-11-09,6.84460,6.88680,6.79300,6.88230
2010-11-10,6.88230,6.93930,6.83980,6.90990
2010-11-11,6.90990,6.94860,6.86240,6.93380
2010-11-12,6.93380,7.018600,6.89550,6.96620
2010-11-15,6.95840,7.014900,6.93910,6.98360
2010-11-16,6.98360,7.080000,6.96390,7.045300
2010-11-17,7.045300,7.081100,7.0074000,7.013500
2010-11-18,7.013500,7.020600,6.95580,6.97360
2010-11-19,6.97360,7.036600,6.94020,6.99010
2010-11-22,6.98700,7.030100,6.94860,7.0051999
2010-11-23,7.0051999,7.11880,7.0049000,7.10310
2010-11-24,7.10310,7.12780,7.048800,7.068500
2010-11-25,7.068500,7.087200,7.025900,7.038900
2010-11-26,7.038900,7.17340,7.038900,7.14750
2010-11-29,7.12250,7.17840,7.10570,7.12780
2010-11-30,7.12780,7.16270,7.081200,7.10960
2010-12-01,7.10960,7.11440,7.00019979,7.027100
2010-12-02,7.027100,7.031600,6.86880,6.90660
2010-12-03,6.90660,6.93500,6.84890,6.85280
2010-12-06,6.86300,6.93850,6.84740,6.89550
2010-12-07,6.89550,6.92350,6.86130,6.92350
2010-12-08,6.92350,6.98920,6.91200,6.92510
2010-12-09,6.92510,6.94020,6.86270,6.87030
2010-12-10,6.87030,6.91020,6.83990,6.86660
2010-12-13,6.85780,6.87630,6.82130,6.84320
2010-12-14,6.84320,6.84500,6.79760,6.83720
2010-12-15,6.83720,6.86640,6.78320,6.86640
2010-12-16,6.86640,6.87120,6.82890,6.83970
2010-12-17,6.83970,6.88380,6.79490,6.86970
2010-12-20,6.85830,6.89010,6.8125,6.84160
2010-12-21,6.84160,6.84260,6.79710,6.83410
2010-12-22,6.83410,6.83570,6.78210,6.79220
2010-12-23,6.79220,6.79550,6.74020,6.75570
2010-12-24,6.75570,6.76830,6.72710,6.72710
2010-12-27,6.74250,6.75140,6.70740,6.73800
2010-12-28,6.73800,6.73880,6.64580,6.67460
2010-12-29,6.67460,6.69770,6.63910,6.64530
2010-12-30,6.64530,6.67600,6.59840,6.63000
2010-12-31,6.63000,6.65350,6.57250,6.60260
2011-01-03,6.59880,6.63760,6.58550,6.62660
2011-01-04,6.62660,6.71590,6.62540,6.67240
2011-01-05,6.67240,6.75200,6.67220,6.72060
2011-01-06,6.72060,6.81690,6.70800,6.79510
2011-01-07,6.79510,6.85360,6.76840,6.80530
2011-01-10,6.80500,6.88380,6.79880,6.81670
2011-01-11,6.81670,6.89690,6.81400,6.87720
2011-01-12,6.87720,6.87830,6.81180,6.83020
2011-01-13,6.83020,6.85360,6.80270,6.82430
2011-01-14,6.82430,6.96380,6.81030,6.93620
2011-01-17,6.93710,6.96560,6.88190,6.88950
2011-01-18,6.88950,6.92590,6.84710,6.90750
2011-01-19,6.90750,6.99730,6.86010,6.99070
2011-01-20,6.99070,7.11270,6.96260,7.080100
2011-01-21,7.080100,7.14060,7.049200,7.052800
2011-01-24,7.057900,7.077800,6.99520,6.99890
2011-01-25,6.99890,7.097700,6.98620,7.053700
2011-01-26,7.053700,7.10820,7.046600,7.072700
2011-01-27,7.072700,7.10180,7.018800,7.061300
2011-01-28,7.061300,7.19700,7.049500,7.18030
2011-01-31,7.17170,7.20010,7.15850,7.18260
2011-02-01,7.18260,7.18330,7.11470,7.12070
2011-02-02,7.12070,7.17690,7.098600,7.16660
2011-02-03,7.16660,7.30040,7.14930,7.25770
2011-02-04,7.25770,7.31890,7.23250,7.26340
2011-02-07,7.25590,7.29180,7.22190,7.23470
2011-02-08,7.23470,7.26040,7.15970,7.20040
2011-02-09,7.20040,7.24730,7.17420,7.20810
2011-02-10,7.20810,7.29800,7.20810,7.27880
2011-02-11,7.27880,7.34930,7.26160,7.27450
2011-02-14,7.28280,7.33270,7.23480,7.28060
2011-02-15,7.28060,7.34300,7.26740,7.32500
2011-02-16,7.32500,7.34540,7.23130,7.24940
2011-02-17,7.24940,7.25460,7.16320,7.17750
2011-02-18,7.17750,7.21660,7.11350,7.14250
2011-02-21,7.12790,7.16700,7.11900,7.15420
2011-02-22,7.15420,7.24400,7.11800,7.15540
2011-02-23,7.15540,7.16010,7.059100,7.11760
2011-02-24,7.11760,7.14670,7.042900,7.046000
2011-02-25,7.046000,7.074400,6.96520,7.022900
2011-02-28,6.99810,7.029600,6.93520,6.96660
2011-03-01,6.96660,7.0057998,6.92790,6.98790
2011-03-02,6.98790,7.00040007,6.85640,6.88720
2011-03-03,6.88720,6.92840,6.85550,6.92650
2011-03-04,6.92650,6.92800,6.87430,6.87840
2011-03-07,6.88230,6.89540,6.84440,6.87850
2011-03-08,6.87850,6.93260,6.85670,6.89380
2011-03-09,6.89380,6.91580,6.85790,6.86460
2011-03-10,6.86460,6.93230,6.85970,6.91900
2011-03-11,6.91900,6.95820,6.86750,6.87800
2011-03-14,6.90650,6.93510,6.81700,6.83160
2011-03-15,6.83160,7.029900,6.82860,6.97790
2011-03-16,6.96100,7.12240,6.90000,7.096500
2011-03-17,7.100000,7.23500,6.98820,7.12000
2011-03-18,7.096200,7.14550,6.93000,6.99700
2011-03-21,7.0060000,7.0064998,6.93190,6.93380
2011-03-22,6.93380,6.94990,6.88130,6.90610
2011-03-23,6.90610,6.95410,6.89260,6.93680
2011-03-24,6.93680,6.96200,6.85060,6.87480
2011-03-25,6.87480,6.90890,6.83460,6.85480
2011-03-28,6.86990,6.89710,6.85320,6.87970
2011-03-29,6.87970,6.88370,6.84550,6.85260
2011-03-30,6.85260,6.86910,6.80100,6.82590
2011-03-31,6.82590,6.83080,6.75700,6.78010
2011-04-01,6.78010,6.78280,6.69310,6.69490
2011-04-04,6.70330,6.73970,6.68980,6.72410
2011-04-05,6.72410,6.74990,6.71100,6.72080
2011-04-06,6.72080,6.72200,6.67660,6.67990
2011-04-07,6.67990,6.72000,6.65150,6.66910
2011-04-08,6.66910,6.66950,6.63380,6.63960
2011-04-11,6.63880,6.6875,6.63580,6.68560
2011-04-12,6.68560,6.74650,6.67750,6.73840
2011-04-13,6.73840,6.82190,6.72300,6.79790
2011-04-14,6.79790,6.87820,6.77410,6.84150
2011-04-15,6.84150,6.89510,6.79250,6.79700
2011-04-18,6.80740,6.90270,6.80580,6.84190
2011-04-19,6.84190,6.86950,6.80760,6.80970
2011-04-20,6.80970,6.80970,6.76410,6.79080
2011-04-21,6.79080,6.79500,6.70320,6.71330
2011-04-22,6.71330,6.72000,6.70460,6.70780
2011-04-25,6.70760,6.73790,6.69480,6.73130
2011-04-26,6.73130,6.75230,6.67100,6.67100
2011-04-27,6.67100,6.67370,6.58850,6.60080
2011-04-28,6.60080,6.63640,6.58350,6.60100
2011-04-29,6.60100,6.62580,6.54760,6.57050
2011-05-02,6.57120,6.62080,6.55340,6.61790
2011-05-03,6.61790,6.66570,6.60670,6.63300
2011-05-04,6.63300,6.68560,6.61020,6.67270
2011-05-05,6.67270,6.76400,6.64480,6.71840
2011-05-06,6.71840,6.76940,6.64890,6.70750
2011-05-09,6.70730,6.76820,6.66050,6.72070
2011-05-10,6.72070,6.81130,6.72070,6.74060
2011-05-11,6.74060,6.90090,6.73560,6.87880
2011-05-12,6.87880,6.96610,6.86530,6.89740
2011-05-13,6.89740,7.051700,6.88290,7.014700
2011-05-16,7.026200,7.058600,6.96220,6.98750
2011-05-17,6.98750,7.039300,6.94320,6.95020
2011-05-18,6.95020,6.95500,6.90160,6.90420
2011-05-19,6.90420,6.94800,6.85960,6.86030
2011-05-20,6.86030,6.93980,6.86030,6.91430
2011-05-23,6.92550,7.042400,6.92140,7.029400
2011-05-24,7.029400,7.031100,6.97840,6.98340
2011-05-25,6.98340,7.073900,6.98340,7.040500
2011-05-26,7.040500,7.041500,6.95230,6.96260
2011-05-27,6.96260,6.96710,6.89390,6.92800
2011-05-30,6.92370,6.94850,6.89900,6.91810
2011-05-31,6.91810,6.91840,6.80190,6.80530
2011-06-01,6.80530,6.84010,6.77380,6.82580
2011-06-02,6.82580,6.83200,6.70960,6.71900
2011-06-03,6.71900,6.75680,6.68120,6.71370
2011-06-06,6.69740,6.79970,6.67580,6.78240
2011-06-07,6.78240,6.80120,6.69820,6.71840
2011-06-08,6.71840,6.77460,6.70850,6.72560
2011-06-09,6.72560,6.76720,6.69050,6.74850
2011-06-10,6.74850,6.80870,6.73820,6.80870
2011-06-13,6.80250,6.81630,6.76920,6.78690
2011-06-14,6.78690,6.79070,6.73710,6.76140
2011-06-15,6.76140,6.85020,6.75430,6.83710
2011-06-16,6.83710,6.90550,6.82740,6.83850
2011-06-17,6.83850,6.87180,6.75310,6.77500
2011-06-20,6.77170,6.82800,6.76400,6.77670
2011-06-21,6.77670,6.80050,6.70710,6.71860
2011-06-22,6.71860,6.79520,6.70010,6.78060
2011-06-23,6.78060,6.88750,6.77350,6.83800
2011-06-24,6.83800,6.91760,6.81410,6.89010
2011-06-27,6.89550,6.94030,6.85810,6.87110
2011-06-28,6.87110,6.88680,6.83010,6.85060
2011-06-29,6.85060,6.86460,6.79540,6.79540
2011-06-30,6.79540,6.82570,6.74530,6.77170
2011-07-01,6.77170,6.78850,6.72080,6.73240
2011-07-04,6.73520,6.74120,6.70990,6.72180
2011-07-05,6.72180,6.76400,6.72180,6.74980
2011-07-06,6.74980,6.78160,6.72740,6.73960
2011-07-07,6.73960,6.74840,6.66500,6.67720
2011-07-08,6.67720,6.73210,6.67180,6.70830
2011-07-11,6.72890,6.85970,6.72300,6.83550
2011-07-12,6.83550,6.95020,6.83040,6.85720
2011-07-13,6.85720,6.91760,6.78500,6.78820
2011-07-14,6.78820,6.88220,6.78740,6.83980
2011-07-15,6.83980,6.91900,6.83680,6.88720
2011-07-18,6.89090,7.0036001,6.89090,6.96950
2011-07-19,6.96950,6.99280,6.90930,6.91760
2011-07-20,6.91760,6.94040,6.85400,6.86110
2011-07-21,6.86110,6.89280,6.76760,6.77250
2011-07-22,6.77250,6.80650,6.73360,6.77250
2011-07-25,6.79460,6.84750,6.75020,6.76950
2011-07-26,6.76950,6.77690,6.66530,6.67860
2011-07-27,6.67860,6.68500,6.62880,6.67740
2011-07-28,6.67740,6.75340,6.62530,6.73620
2011-07-29,6.73620,6.78240,6.67000,6.68910
2011-08-01,6.67530,6.74900,6.65010,6.72520
2011-08-02,6.72520,6.80150,6.71460,6.78730
2011-08-03,6.78730,6.84320,6.71770,6.72350
2011-08-04,6.72350,6.94760,6.71940,6.93840
2011-08-05,6.93840,6.96070,6.84580,6.92520
2011-08-08,6.95650,7.20660,6.91500,7.20590
2011-08-09,7.20590,7.50150,7.10280,7.11400
2011-08-10,7.11400,7.29390,7.075100,7.27980
2011-08-11,7.27980,7.34260,7.11810,7.19480
2011-08-12,7.19480,7.28950,7.15050,7.18160
2011-08-15,7.16830,7.21510,7.046300,7.082700
2011-08-16,7.082700,7.19780,7.082400,7.15120
2011-08-17,7.15120,7.17340,7.058200,7.090400
2011-08-18,7.090400,7.25180,7.089200,7.21410
2011-08-19,7.21410,7.26740,7.13560,7.17580
2011-08-22,7.20080,7.24080,7.18090,7.21170
2011-08-23,7.21170,7.24080,7.15170,7.17220
2011-08-24,7.17220,7.27770,7.17210,7.26480
2011-08-25,7.26480,7.27730,7.17630,7.23380
2011-08-26,7.23380,7.23970,7.12060,7.14910
2011-08-29,7.14470,7.15690,7.024000,7.045800
2011-08-30,7.045800,7.095800,7.020600,7.077900
2011-08-31,7.077900,7.082000,6.96830,7.0012999
2011-09-01,7.0012999,7.037800,6.96650,6.98820
2011-09-02,6.98820,7.080400,6.98820,7.061200
2011-09-05,7.073600,7.13730,7.065700,7.12440
2011-09-06,7.12440,7.20360,7.058000,7.16150
2011-09-07,7.16150,7.16730,7.070900,7.12750
2011-09-08,7.12750,7.19140,7.12320,7.17570
2011-09-09,7.17570,7.30120,7.16430,7.28490
2011-09-12,7.29670,7.47580,7.28380,7.39750
2011-09-13,7.39750,7.45400,7.28510,7.29720
2011-09-14,7.29720,7.44740,7.28660,7.40080
2011-09-15,7.40080,7.47670,7.31770,7.39000
2011-09-16,7.39000,7.48170,7.35970,7.47020
2011-09-19,7.48000,7.74260,7.47650,7.71840
2011-09-20,7.71840,7.74860,7.61850,7.72800
2011-09-21,7.72800,8.30690,7.70190,8.26470
2011-09-22,8.26470,8.49780,8.12580,8.38180
2011-09-23,8.38180,8.42750,8.070000,8.12090
2011-09-26,8.10000,8.34330,7.95570,8.045800
2011-09-27,8.045800,8.062700,7.78210,7.87110
2011-09-28,7.87110,7.95090,7.73350,7.94910
2011-09-29,7.94910,8.0049000,7.82400,7.98540
2011-09-30,7.98540,8.15980,7.96150,8.097500
2011-10-03,8.11270,8.29980,8.067800,8.29750
2011-10-04,8.29750,8.35270,8.064500,8.12350
2011-10-05,8.12350,8.16030,7.96090,7.97570
2011-10-06,7.97570,8.083600,7.87790,7.93050
2011-10-07,7.93050,8.010000,7.86460,8.0025997
2011-10-10,7.97730,7.99500,7.80840,7.84270
2011-10-11,7.84270,8.0063000,7.84110,7.93960
2011-10-12,7.93960,7.97490,7.76800,7.82580
2011-10-13,7.82580,7.94140,7.79390,7.88640
2011-10-14,7.88640,7.89830,7.81950,7.82950
2011-10-17,7.83270,7.99890,7.77250,7.97960
2011-10-18,7.97960,8.095800,7.93630,7.97590
2011-10-19,7.97590,8.077200,7.93860,8.044000
2011-10-20,8.044000,8.26970,8.044000,8.15870
2011-10-21,8.15870,8.22980,8.011100,8.049100
2011-10-24,8.075100,8.075100,7.85530,7.87060
2011-10-25,7.87060,7.97630,7.85040,7.91550
2011-10-26,7.91550,8.017500,7.90540,7.93700
2011-10-27,7.93700,7.94980,7.67930,7.71700
2011-10-28,7.71700,7.76930,7.69510,7.73310
2011-10-31,7.73500,7.96790,7.72410,7.95830
2011-11-01,7.95830,8.20200,7.94800,8.10860
2011-11-02,8.10860,8.10970,7.94980,8.013100
2011-11-03,8.013100,8.090100,7.82400,7.85710
2011-11-04,7.85710,7.91990,7.78880,7.90330
2011-11-07,7.89060,8.0061998,7.87780,7.93550
2011-11-08,7.93550,7.97930,7.81400,7.82270
2011-11-09,7.82270,8.070100,7.82080,8.052500
2011-11-10,8.052500,8.10340,7.91890,7.97340
2011-11-11,7.97340,7.99930,7.86290,7.90480
2011-11-14,7.88580,8.042700,7.86200,8.010900
2011-11-15,8.010900,8.21670,8.0056000,8.18210
2011-11-16,8.18210,8.24010,8.12350,8.19730
2011-11-17,8.19730,8.26610,8.12430,8.21390
2011-11-18,8.21390,8.23930,8.13260,8.19930
2011-11-21,8.19170,8.34820,8.18800,8.33430
2011-11-22,8.33430,8.46260,8.26670,8.39380
2011-11-23,8.39380,8.60620,8.39360,8.58310
2011-11-24,8.58310,8.58700,8.44210,8.49360
2011-11-25,8.49360,8.60420,8.46860,8.54160
2011-11-28,8.47300,8.47700,8.30080,8.37670
2011-11-29,8.37670,8.41150,8.26820,8.34060
2011-11-30,8.34060,8.46310,8.091500,8.12900
2011-12-01,8.12900,8.17690,8.055200,8.082000
2011-12-02,8.082000,8.092300,7.97260,8.044800
2011-12-05,8.011800,8.072500,7.96460,8.040800
2011-12-06,8.040800,8.12800,8.015700,8.020100
2011-12-07,8.020100,8.11340,7.95620,8.020300
2011-12-08,8.020300,8.28080,8.011800,8.23020
2011-12-09,8.23020,8.32320,8.088500,8.094400
2011-12-12,8.069300,8.28950,8.069300,8.28300
2011-12-13,8.28300,8.37300,8.19220,8.36600
2011-12-14,8.36600,8.45400,8.28290,8.42680
2011-12-15,8.42680,8.44980,8.33120,8.39740
2011-12-16,8.39740,8.40880,8.31830,8.40000
2011-12-19,8.38970,8.41500,8.34360,8.39400
2011-12-20,8.39400,8.39400,8.18320,8.20410
2011-12-21,8.20410,8.28010,8.070100,8.23220
2011-12-22,8.23220,8.26580,8.12270,8.18520
2011-12-23,8.18520,8.19330,8.11900,8.16230
2011-12-26,8.16230,8.16240,8.15930,8.16240
2011-12-27,8.16240,8.17830,8.11240,8.14090
2011-12-28,8.14090,8.22390,8.10220,8.21860
2011-12-29,8.21860,8.21860,8.12200,8.17310
2011-12-30,8.17310,8.18610,8.058700,8.076300
2012-01-02,8.080100,8.098700,8.067800,8.068800
2012-01-03,8.068800,8.087600,8.020200,8.058400
2012-01-04,8.058400,8.18770,8.043900,8.13730
2012-01-05,8.13730,8.23720,8.11690,8.18620
2012-01-06,8.18620,8.21200,8.11580,8.18480
2012-01-09,8.18300,8.20030,8.13890,8.16280
2012-01-10,8.16280,8.16740,8.063400,8.11310
2012-01-11,8.11310,8.16140,8.087300,8.089900
2012-01-12,8.089900,8.10290,8.0094995,8.056300
2012-01-13,8.056300,8.22460,8.024800,8.13470
2012-01-16,8.16250,8.18240,8.066800,8.099400
2012-01-17,8.099400,8.10420,7.99400,8.038300
2012-01-18,8.038300,8.060800,7.94130,7.95720
2012-01-19,7.95720,8.00070000,7.89900,7.92200
2012-01-20,7.92200,7.99110,7.92120,7.95200
2012-01-23,7.95600,7.98300,7.90410,7.94000
2012-01-24,7.94170,8.015300,7.91870,7.95890
2012-01-25,7.95870,8.065400,7.87370,7.87370
2012-01-26,7.87490,7.91760,7.77700,7.82770
2012-01-27,7.82740,7.84100,7.74220,7.76140
2012-01-30,7.75410,7.87540,7.75410,7.84410
2012-01-31,7.84650,7.84860,7.75570,7.80590
2012-02-01,7.80610,7.85260,7.65780,7.67240
2012-02-02,7.67180,7.72590,7.60700,7.64250
2012-02-03,7.64340,7.66720,7.52180,7.52180
2012-02-06,7.55360,7.65280,7.53970,7.55450
2012-02-07,7.55450,7.60140,7.52970,7.56770
2012-02-08,7.56760,7.60670,7.52030,7.56320
2012-02-09,7.56330,7.65440,7.53690,7.59480
2012-02-10,7.59490,7.78390,7.58920,7.75140
2012-02-13,7.67480,7.71340,7.64340,7.69590
2012-02-14,7.69860,7.76310,7.68630,7.72990
2012-02-15,7.73030,7.76480,7.67080,7.76480
2012-02-16,7.76490,7.88000,7.75220,7.76980
2012-02-17,7.77050,7.78650,7.71430,7.74190
2012-02-20,7.6875,7.70310,7.64340,7.68780
2012-02-21,7.68790,7.74770,7.64800,7.73580
2012-02-22,7.73590,7.75670,7.70360,7.72630
2012-02-23,7.72570,7.74580,7.64980,7.65610
2012-02-24,7.65600,7.66540,7.58110,7.59580
2012-02-27,7.58050,7.64780,7.52770,7.55440
2012-02-28,7.55400,7.55730,7.47630,7.48700
2012-02-29,7.48690,7.51490,7.40210,7.47490
2012-03-01,7.47480,7.50810,7.43620,7.44160
2012-03-02,7.44210,7.53900,7.44020,7.52400
2012-03-05,7.51270,7.58950,7.50840,7.55640
2012-03-06,7.55610,7.67910,7.55310,7.65220
2012-03-07,7.65230,7.67800,7.59070,7.59550
2012-03-08,7.59560,7.60490,7.47400,7.48010
2012-03-09,7.48020,7.57630,7.47410,7.57000
2012-03-12,7.56830,7.60530,7.54000,7.55650
2012-03-13,7.55660,7.58720,7.51730,7.53510
2012-03-14,7.53510,7.73120,7.53360,7.69890
2012-03-15,7.69890,7.70700,7.59220,7.61570
2012-03-16,7.61750,7.66240,7.55720,7.57230
2012-03-19,7.57450,7.58760,7.51950,7.54090
2012-03-20,7.54090,7.64090,7.53440,7.61140
2012-03-21,7.61130,7.66780,7.57590,7.64950
2012-03-22,7.64950,7.74960,7.63750,7.70420
2012-03-23,7.70420,7.74900,7.66240,7.68130
2012-03-26,7.69200,7.71220,7.57990,7.58800
2012-03-27,7.58840,7.60750,7.54750,7.60140
2012-03-28,7.60180,7.70860,7.59720,7.67460
2012-03-29,7.67200,7.78240,7.66010,7.71260
2012-03-30,7.71260,7.71580,7.63290,7.67220
2012-04-02,7.63900,7.67750,7.61110,7.64900
2012-04-03,7.64900,7.76880,7.62990,7.74380
2012-04-04,7.74370,7.83900,7.72680,7.83060
2012-04-05,7.83080,7.86220,7.78190,7.83340
2012-04-06,7.83070,7.89370,7.80760,7.88620
2012-04-09,7.88980,7.91660,7.86670,7.88800
2012-04-10,7.88810,8.035700,7.86430,7.98900
2012-04-11,7.98900,8.051300,7.95540,7.98520
2012-04-12,7.98520,7.99810,7.86160,7.87300
2012-04-13,7.87260,7.95170,7.87020,7.95170
2012-04-16,7.94710,8.024400,7.92710,7.94090
2012-04-17,7.94270,7.98140,7.78690,7.80230
2012-04-18,7.80120,7.86890,7.78680,7.84090
2012-04-19,7.84080,7.87330,7.80080,7.85250
2012-04-20,7.85250,7.86510,7.79460,7.81280
2012-04-23,7.81630,7.88260,7.81600,7.84070
2012-04-24,7.84070,7.87430,7.76890,7.78500
2012-04-25,7.78500,7.79720,7.74200,7.74260
2012-04-26,7.74260,7.80530,7.72370,7.77670
2012-04-27,7.77660,7.84030,7.73900,7.74280
2012-04-30,7.75280,7.78760,7.71720,7.76580
2012-05-01,7.76570,7.78900,7.71580,7.73750
2012-05-02,7.73760,7.76300,7.70790,7.73550
2012-05-03,7.73680,7.74850,7.69140,7.73000
2012-05-04,7.72980,7.83990,7.70170,7.82970
2012-05-07,7.88120,7.88460,7.79770,7.80220
2012-05-08,7.80220,7.93840,7.80070,7.89890
2012-05-09,7.89580,8.057400,7.89410,7.99970
2012-05-10,7.99970,8.049500,7.96000,8.035000
2012-05-11,8.035000,8.12660,8.027800,8.096300
2012-05-14,8.10750,8.21380,8.10450,8.20070
2012-05-15,8.20070,8.33920,8.14910,8.32890
2012-05-16,8.33090,8.39240,8.26220,8.31220
2012-05-17,8.31190,8.37600,8.25690,8.36560
2012-05-18,8.36650,8.44610,8.27000,8.34070
2012-05-21,8.32930,8.33250,8.20610,8.22610
2012-05-22,8.22720,8.34910,8.21790,8.34750
2012-05-23,8.34620,8.46290,8.32270,8.39870
2012-05-24,8.39860,8.43010,8.28700,8.36820
2012-05-25,8.36840,8.42510,8.30660,8.40500
2012-05-28,8.36070,8.36370,8.27640,8.34320
2012-05-29,8.34320,8.37820,8.28300,8.31740
2012-05-30,8.31760,8.55130,8.31650,8.53670
2012-05-31,8.53510,8.58580,8.46140,8.49810
2012-06-01,8.49800,8.69940,8.49420,8.58300
2012-06-04,8.59540,8.63170,8.47310,8.47390
2012-06-05,8.47180,8.52260,8.41690,8.43120
2012-06-06,8.43120,8.43840,8.30180,8.30570
2012-06-07,8.30560,8.40630,8.22250,8.38190
2012-06-08,8.38180,8.50460,8.37360,8.39150
2012-06-11,8.30940,8.47560,8.26240,8.47190
2012-06-12,8.47190,8.47590,8.37740,8.39600
2012-06-13,8.39640,8.41890,8.35090,8.39230
2012-06-14,8.39250,8.45610,8.36310,8.36960
2012-06-15,8.37010,8.39310,8.34590,8.35210
2012-06-18,8.26160,8.37550,8.24550,8.30350
2012-06-19,8.30350,8.32300,8.19260,8.20030
2012-06-20,8.20030,8.24450,8.14870,8.19300
2012-06-21,8.19330,8.39430,8.19260,8.38080
2012-06-22,8.38070,8.43540,8.33890,8.40500
2012-06-25,8.41600,8.51870,8.40980,8.47190
2012-06-26,8.46870,8.49330,8.41050,8.43370
2012-06-27,8.43400,8.45000,8.37570,8.43630
2012-06-28,8.43640,8.45460,8.38160,8.40900
2012-06-29,8.40910,8.41230,8.15850,8.16390
2012-07-02,8.15650,8.19400,8.060000,8.15920
2012-07-03,8.14810,8.17150,8.014800,8.076100
2012-07-04,8.065900,8.15550,8.010000,8.13500
2012-07-05,8.12860,8.17350,8.050000,8.14250
2012-07-06,8.125,8.28500,8.090000,8.25910
2012-07-09,8.22000,8.30300,8.16000,8.21680
2012-07-10,8.19540,8.26500,8.11000,8.22030
2012-07-11,8.21500,8.28500,8.12000,8.23240
2012-07-12,8.23400,8.37750,8.18000,8.33090
2012-07-13,8.31700,8.35310,8.20940,8.26600
2012-07-16,8.22000,8.28150,8.13650,8.20270
2012-07-17,8.19830,8.24010,8.11520,8.16940
2012-07-18,8.16440,8.20450,8.10460,8.16310
2012-07-19,8.15770,8.21700,8.080000,8.16720
2012-07-20,8.16280,8.28790,8.11000,8.28750
2012-07-23,8.26500,8.48040,8.22000,8.46050
2012-07-24,8.45550,8.54800,8.37550,8.51700
2012-07-25,8.51200,8.54820,8.34000,8.39790
2012-07-26,8.38420,8.45520,8.17650,8.23750
2012-07-27,8.22750,8.27250,8.090000,8.15500
2012-07-30,8.15370,8.21720,8.11000,8.21000
2012-07-31,8.19050,8.28720,8.13000,8.25880
2012-08-01,8.23880,8.36000,8.18440,8.35250
2012-08-02,8.34730,8.42560,8.19830,8.34760
2012-08-03,8.34260,8.38500,8.080000,8.15000
2012-08-06,8.10500,8.20510,8.070000,8.16500
2012-08-07,8.15570,8.19860,8.089800,8.17370
2012-08-08,8.15000,8.23220,8.020000,8.085000
2012-08-09,8.080000,8.12070,8.030000,8.083900
2012-08-10,8.078700,8.16880,8,8.11000
2012-08-13,8.084200,8.16150,8.020000,8.14940
2012-08-14,8.14680,8.19850,8.063800,8.19620
2012-08-15,8.19020,8.24520,8.12950,8.23980
2012-08-16,8.23460,8.28850,8.13000,8.21650
2012-08-17,8.21000,8.36060,8.15550,8.33450
2012-08-20,8.31500,8.34810,8.25950,8.33490
2012-08-21,8.32990,8.33060,8.18000,8.26440
2012-08-22,8.25250,8.33550,8.17000,8.23720
2012-08-23,8.23350,8.32500,8.15000,8.31730
2012-08-24,8.31230,8.42200,8.25,8.40150
2012-08-27,8.33510,8.44930,8.33000,8.44650
2012-08-28,8.44300,8.45360,8.33960,8.41280
2012-08-29,8.40490,8.43800,8.33000,8.40740
2012-08-30,8.40110,8.49710,8.33000,8.47480
2012-08-31,8.46730,8.49690,8.32650,8.40000
2012-09-03,8.38370,8.44040,8.32760,8.38800
2012-09-04,8.38500,8.42810,8.29420,8.41530
2012-09-05,8.41220,8.47400,8.33000,8.41250
2012-09-06,8.40750,8.41500,8.23680,8.30580
2012-09-07,8.29200,8.31500,8.12000,8.17090
2012-09-10,8.16820,8.21610,8.090000,8.19130
2012-09-11,8.17130,8.23370,8.082500,8.18100
2012-09-12,8.13100,8.39110,8.098300,8.33450
2012-09-13,8.32950,8.44750,8.15000,8.23810
2012-09-14,8.23080,8.27500,8.14000,8.20500
2012-09-17,8.20870,8.29110,8.15000,8.26500
2012-09-18,8.26000,8.28160,8.11200,8.17970
2012-09-19,8.15930,8.27700,8.11000,8.27270
2012-09-20,8.26870,8.38390,8.19000,8.30600
2012-09-21,8.25600,8.32500,8.19000,8.27700
2012-09-24,8.21500,8.32180,8.17000,8.24150
2012-09-25,8.19150,8.27350,8.11410,8.22260
2012-09-26,8.21000,8.25860,8.15810,8.23000
2012-09-27,8.22500,8.28420,8.13420,8.23160
2012-09-28,8.22820,8.32920,8.16000,8.31110
2012-10-01,8.30060,8.39070,8.18000,8.38250
2012-10-02,8.35600,8.38850,8.28450,8.36410
2012-10-03,8.35880,8.45620,8.30700,8.43380
2012-10-04,8.43050,8.54600,8.35000,8.52000
2012-10-05,8.51000,8.84560,8.43000,8.77920
2012-10-08,8.75120,8.99300,8.71000,8.89500
2012-10-09,8.89000,8.90000,8.68950,8.75500
2012-10-10,8.75,8.78320,8.59000,8.74570
2012-10-11,8.69580,8.74650,8.61000,8.66120
2012-10-12,8.64250,8.76650,8.54000,8.73150
2012-10-15,8.75,8.83730,8.68770,8.79860
2012-10-16,8.79450,8.82260,8.64000,8.69530
2012-10-17,8.69080,8.72240,8.53570,8.60350
2012-10-18,8.59800,8.67600,8.52000,8.65130
2012-10-19,8.60130,8.66930,8.56000,8.66120
2012-10-22,8.64870,8.67140,8.55360,8.64070
2012-10-23,8.61680,8.80900,8.56980,8.76580
2012-10-24,8.73940,8.82470,8.68000,8.78390
2012-10-25,8.77890,8.78500,8.61000,8.74260
2012-10-26,8.72300,8.77490,8.57480,8.64310
2012-10-29,8.64000,8.71920,8.58950,8.67780
2012-10-30,8.62780,8.69250,8.58840,8.65000
2012-10-31,8.61200,8.70830,8.57620,8.67190
2012-11-01,8.66870,8.69540,8.60000,8.64240
2012-11-02,8.63740,8.79020,8.60000,8.77000
2012-11-05,8.71500,8.79320,8.63560,8.72390
2012-11-06,8.67380,8.74730,8.55000,8.62670
2012-11-07,8.62300,8.66450,8.54550,8.63180
2012-11-08,8.62680,8.74610,8.58000,8.72380
2012-11-09,8.67370,8.77130,8.63480,8.70950
2012-11-12,8.69300,8.76920,8.64000,8.75
2012-11-13,8.69000,8.82720,8.69000,8.79930
2012-11-14,8.74970,8.92600,8.70000,8.92170
2012-11-15,8.91710,8.98810,8.83980,8.92750
2012-11-16,8.92250,8.93640,8.80620,8.87660
2012-11-19,8.84150,8.88000,8.76000,8.82830
2012-11-20,8.77820,8.88520,8.77000,8.84190
2012-11-21,8.83700,9.0066996,8.78500,8.95240
2012-11-22,8.94680,8.98330,8.88000,8.94690
2012-11-23,8.89690,8.94830,8.82000,8.87700
2012-11-26,8.89500,8.90660,8.80980,8.86850
2012-11-27,8.86350,8.86500,8.76000,8.83620
2012-11-28,8.79000,8.89070,8.75980,8.81460
2012-11-29,8.76280,8.83500,8.70000,8.78730
2012-11-30,8.78090,8.93500,8.71000,8.90360
2012-12-03,8.85600,8.92420,8.79000,8.87170
2012-12-04,8.81900,8.88290,8.72520,8.79720
2012-12-05,8.74720,8.80450,8.70810,8.77110
2012-12-06,8.74590,8.79050,8.62370,8.67980
2012-12-07,8.67500,8.71030,8.60000,8.65470
2012-12-10,8.61020,8.70880,8.60000,8.66950
2012-12-11,8.61950,8.69830,8.58000,8.65880
2012-12-12,8.65400,8.69080,8.57000,8.65240
2012-12-13,8.64700,8.67620,8.58570,8.66280
2012-12-14,8.61280,8.67830,8.56600,8.61600
2012-12-17,8.58050,8.63740,8.48880,8.54250
2012-12-18,8.53500,8.56790,8.38530,8.45050
2012-12-19,8.44900,8.53220,8.39470,8.48400
2012-12-20,8.43400,8.53020,8.42620,8.47500
2012-12-21,8.47000,8.59000,8.42650,8.58850
2012-12-24,8.50350,8.59200,8.5,8.58120
2012-12-25,8.53130,8.60950,8.48500,8.57250
2012-12-26,8.52250,8.59070,8.5,8.57100
2012-12-27,8.52100,8.58680,8.42820,8.47770
2012-12-28,8.47470,8.52050,8.42100,8.48000
2012-12-31,8.43500,8.51150,8.40000,8.45740
2013-01-01,8.45250,8.45930,8.40520,8.45800
2013-01-02,8.45300,8.52500,8.38000,8.48930
2013-01-03,8.43920,8.59630,8.42000,8.59150
2013-01-04,8.58500,8.66990,8.5,8.56760
2013-01-07,8.55080,8.61750,8.50950,8.56870
2013-01-08,8.56380,8.60780,8.51000,8.58000
2013-01-09,8.53000,8.60620,8.52000,8.59400
2013-01-10,8.54400,8.68500,8.53000,8.64980
2013-01-11,8.64530,8.75880,8.59000,8.72000
2013-01-14,8.71950,8.73680,8.64000,8.70000
2013-01-15,8.69500,8.82300,8.64000,8.82000
2013-01-16,8.81500,8.87750,8.73000,8.79710
2013-01-17,8.79080,8.82490,8.71600,8.80310
2013-01-18,8.77770,8.91730,8.74500,8.88050
2013-01-21,8.87470,8.89530,8.80500,8.85920
2013-01-22,8.80930,8.86410,8.77380,8.85490
2013-01-23,8.85000,9.063000,8.78500,9.063000
2013-01-24,9.042500,9.085200,8.97380,9.045000
2013-01-25,9.043000,9.083000,8.88400,8.94500
2013-01-28,8.93550,9.15850,8.89300,9.10150
2013-01-29,9.096500,9.12360,8.97420,9.026000
2013-01-30,9.022200,9.081300,8.97000,9.039700
2013-01-31,9.031800,9.070500,8.87550,8.95660
2013-02-01,8.93580,8.99680,8.78350,8.84000
2013-02-04,8.81870,8.95210,8.76130,8.91620
2013-02-05,8.90990,8.94800,8.75500,8.84490
2013-02-06,8.79490,8.93670,8.77250,8.90480
2013-02-07,8.89780,8.94150,8.83000,8.91130
2013-02-08,8.90600,8.94550,8.84000,8.88230
2013-02-11,8.87070,8.93600,8.84000,8.91030
2013-02-12,8.90490,8.99030,8.86210,8.91720
2013-02-13,8.91230,8.92100,8.81000,8.86400
2013-02-14,8.84730,8.91650,8.71500,8.78750
2013-02-15,8.76800,8.86660,8.71500,8.85500
2013-02-18,8.84000,8.90670,8.79000,8.89020
2013-02-19,8.87000,8.94850,8.79500,8.85300
2013-02-20,8.80300,8.91700,8.79320,8.91140
2013-02-21,8.90350,8.95750,8.83500,8.89880
2013-02-22,8.85000,8.90370,8.79500,8.86500
2013-02-25,8.81150,8.89700,8.76500,8.86520
2013-02-26,8.81520,8.87070,8.73500,8.82250
2013-02-27,8.77250,8.89170,8.76450,8.82010
2013-02-28,8.76750,9.028000,8.76750,9.025000
2013-03-01,8.97500,9.10990,8.96700,9.064200
2013-03-04,9.018600,9.12950,9.015000,9.078000
2013-03-05,9.071700,9.11600,8.97140,9.035000
2013-03-06,8.98500,9.15260,8.96500,9.12450
2013-03-07,9.074500,9.18740,9.044300,9.14420
2013-03-08,9.093900,9.16740,9.012100,9.089200
2013-03-11,9.058700,9.17370,9.020000,9.091100
2013-03-12,9.041100,9.21170,9.036500,9.16950
2013-03-13,9.11950,9.27250,9.096500,9.26110
2013-03-14,9.25310,9.29250,9.11610,9.17600
2013-03-15,9.12600,9.20410,9.10440,9.18570
2013-03-18,9.18020,9.25500,9.10480,9.17170
2013-03-19,9.12170,9.28560,9.10500,9.24600
2013-03-20,9.24350,9.33550,9.17490,9.33130
2013-03-21,9.28130,9.36470,9.23500,9.32550
2013-03-22,9.27550,9.35800,9.24260,9.30050
2013-03-25,9.26500,9.31750,9.18590,9.29400
2013-03-26,9.24400,9.30100,9.19230,9.24720
2013-03-27,9.19500,9.30360,9.18500,9.26250
2013-03-28,9.25680,9.27050,9.13940,9.20900
2013-03-29,9.17110,9.25850,9.15000,9.23630
2013-04-01,9.21000,9.26050,9.13130,9.19320
2013-04-02,9.14320,9.26020,9.13380,9.25280
2013-04-03,9.20270,9.25630,9.16000,9.22750
2013-04-04,9.22250,9.27520,9.085900,9.16720
2013-04-05,9.14730,9.19760,9.025000,9.097500
2013-04-08,9.075000,9.11110,8.93220,8.98980
2013-04-09,8.98330,9.00070000,8.86120,8.92590
2013-04-10,8.91830,8.95650,8.84330,8.90530
2013-04-11,8.89900,8.93600,8.82410,8.89560
2013-04-12,8.84560,8.97350,8.83800,8.94370
2013-04-15,8.88500,9.22240,8.88500,9.20430
2013-04-16,9.19900,9.24510,9.057400,9.12550
2013-04-17,9.10000,9.22400,9.063000,9.17500
2013-04-18,9.125,9.21000,9.085000,9.19120
2013-04-19,9.18550,9.25500,9.11000,9.22540
2013-04-22,9.19870,9.30950,9.15630,9.23720
2013-04-23,9.18720,9.30580,9.14430,9.20450
2013-04-24,9.15450,9.22850,9.065400,9.13500
2013-04-25,9.085000,9.14300,8.99810,9.095700
2013-04-26,9.071500,9.16550,9.018900,9.10280
2013-04-29,9.065000,9.11670,8.91000,8.99250
2013-04-30,8.94500,9.039000,8.91020,8.96820
2013-05-01,8.96500,9.060500,8.91000,9.023300
2013-05-02,9.018300,9.063500,8.875,8.94800
2013-05-03,8.89800,8.97850,8.85730,8.91020
2013-05-06,8.89020,9.025400,8.84680,8.99900
2013-05-07,8.94900,9.064200,8.92700,9.030300
2013-05-08,9.026400,9.081300,8.93730,9.0057001
2013-05-09,8.95570,9.062100,8.92500,9.027800
2013-05-10,8.97620,9.14370,8.96040,9.12310
2013-05-13,9.072300,9.16800,9.050000,9.15970
2013-05-14,9.10970,9.24600,9.083700,9.23750
2013-05-15,9.1875,9.32540,9.17280,9.25750
2013-05-16,9.20750,9.38270,9.20500,9.32120
2013-05-17,9.31450,9.44070,9.25500,9.40410
2013-05-20,9.36350,9.48600,9.35000,9.44030
2013-05-21,9.39030,9.61150,9.37490,9.54360
2013-05-22,9.48500,9.59380,9.40000,9.57250
2013-05-23,9.52250,9.68950,9.46500,9.52780
2013-05-24,9.52280,9.60470,9.46440,9.57620
2013-05-27,9.54750,9.63450,9.50340,9.59940
2013-05-28,9.58750,9.80520,9.54140,9.78140
2013-05-29,9.73140,9.85560,9.71500,9.82770
2013-05-30,9.77840,10.090300,9.73450,10.043200
2013-05-31,9.99320,10.28150,9.96810,10.091500
2013-06-03,10.015000,10.092000,9.75200,9.81750
2013-06-04,9.79250,9.86400,9.63000,9.82550
2013-06-05,9.77550,10.041100,9.74460,10.0077000
2013-06-06,9.98490,10.085000,9.79750,9.86270
2013-06-07,9.81270,10.072500,9.81270,9.96310
2013-06-10,9.94870,10.24000,9.94210,10.18200
2013-06-11,10.13200,10.36000,9.97270,10.070600
2013-06-12,10.021000,10.20910,9.88350,10.12330
2013-06-13,10.090000,10.13750,9.77580,9.84920
2013-06-14,9.84420,9.99660,9.78630,9.94500
2013-06-17,9.94390,9.98610,9.82480,9.97500
2013-06-18,9.96980,10.080000,9.90960,9.99100
2013-06-19,9.94130,10.18850,9.87260,10.18040
2013-06-20,10.13380,10.32360,10.13000,10.21370
2013-06-21,10.16800,10.27010,10.094000,10.16010
2013-06-24,10.11900,10.29870,9.98350,10.070700
2013-06-25,10.069000,10.13070,9.89000,10.10000
2013-06-26,10.050000,10.15150,9.97500,10.11000
2013-06-27,10.060700,10.125,9.86500,9.94300
2013-06-28,9.89300,10.038500,9.81000,9.88000
2013-07-01,9.87970,9.94800,9.81300,9.93650
2013-07-02,9.88650,10.013000,9.82500,9.99900
2013-07-03,9.94900,10.11910,9.9375,10.090000
2013-07-04,10.043000,10.094000,9.94600,10.038000
2013-07-05,9.98800,10.21350,9.94450,10.20600
2013-07-08,10.14000,10.29700,10.10200,10.16700
2013-07-09,10.11700,10.17460,9.94500,10.023000
2013-07-10,10.020100,10.079100,9.91420,9.98400
2013-07-11,9.95880,10.073500,9.82200,9.99000
2013-07-12,9.94000,10.075000,9.89480,9.98340
2013-07-15,9.92500,9.98760,9.82000,9.87120
2013-07-16,9.82120,9.93150,9.73650,9.85950
2013-07-17,9.80950,9.95700,9.74500,9.82600
2013-07-18,9.82100,9.95650,9.75500,9.93090
2013-07-19,9.92100,9.94120,9.80230,9.87050
2013-07-22,9.82250,9.87100,9.75,9.81940
2013-07-23,9.79910,9.85380,9.63150,9.68250
2013-07-24,9.63250,9.81540,9.57380,9.78500
2013-07-25,9.73500,9.83700,9.63280,9.72000
2013-07-26,9.67000,9.81400,9.63870,9.78000
2013-07-29,9.73870,9.84400,9.71000,9.79420
2013-07-30,9.77900,9.88750,9.72550,9.80030
2013-07-31,9.79530,9.94620,9.74400,9.86800
2013-08-01,9.82500,9.99500,9.80030,9.97500
2013-08-02,9.92500,10.042500,9.78350,9.83500
2013-08-05,9.81870,9.87780,9.76880,9.84350
2013-08-06,9.79350,9.94390,9.78080,9.93480
2013-08-07,9.92980,9.96200,9.84650,9.96110
2013-08-08,9.95240,9.96500,9.75500,9.86770
2013-08-09,9.81750,9.86430,9.70000,9.81630
2013-08-12,9.79000,9.89500,9.73340,9.88750
2013-08-13,9.88030,9.99700,9.8125,9.99700
2013-08-14,9.94700,10.013700,9.88190,9.97250
2013-08-15,9.96750,10.055000,9.85460,9.99130
2013-08-16,9.97150,10.092000,9.92180,10.090100
2013-08-19,10.020000,10.21090,9.98710,10.20600
2013-08-20,10.15600,10.22550,10.070000,10.16000
2013-08-21,10.15500,10.40000,10.090100,10.39060
2013-08-22,10.34060,10.43920,10.19010,10.28200
2013-08-23,10.23200,10.28050,10.12250,10.24050
2013-08-26,10.22500,10.35300,10.15250,10.32700
2013-08-27,10.27700,10.43850,10.26950,10.38240
2013-08-28,10.37740,10.50480,10.22010,10.31020
2013-08-29,10.26010,10.37100,10.23700,10.36300
2013-08-30,10.35750,10.37400,10.17070,10.28000
2013-09-02,10.22150,10.28500,10.12000,10.28150
2013-09-03,10.23150,10.34450,10.20010,10.33500
2013-09-04,10.31940,10.34410,10.16750,10.24400
2013-09-05,10.19400,10.31410,10.14500,10.23800
2013-09-06,10.18800,10.23900,9.94900,10.015000
2013-09-09,9.98870,10.045300,9.89500,9.95600
2013-09-10,9.90600,10.058800,9.89370,9.98350
2013-09-11,9.97810,10.032700,9.81050,9.86950
2013-09-12,9.84950,9.97280,9.81270,9.97080
2013-09-13,9.96630,9.98940,9.86500,9.93470
2013-09-16,9.89000,9.93070,9.71000,9.81030
2013-09-17,9.80630,9.85640,9.74500,9.80380
2013-09-18,9.75380,9.84560,9.50450,9.58800
2013-09-19,9.56300,9.74100,9.50920,9.70550
2013-09-20,9.70070,9.92670,9.62300,9.88060
2013-09-23,9.83870,9.89680,9.77360,9.84380
2013-09-24,9.79380,9.89500,9.76280,9.87170
2013-09-25,9.86820,9.99470,9.79500,9.99110
2013-09-26,9.94130,10.028700,9.89880,9.99100
2013-09-27,9.94100,10.16840,9.92100,10.093000
2013-09-30,10.047500,10.15520,9.95500,10.027700
2013-10-01,10.021000,10.13900,9.93000,10.12200
2013-10-02,10.11750,10.15480,9.95950,10.019300
2013-10-03,9.99600,10.096800,9.93500,10.035000
2013-10-04,10.029000,10.065000,9.93050,9.98380
2013-10-07,9.99180,10.047500,9.91500,10.0050001
2013-10-08,9.95500,10.012000,9.88590,9.99700
2013-10-09,9.99180,10.017500,9.90250,9.96100
2013-10-10,9.91100,9.99500,9.83480,9.90700
2013-10-11,9.85700,9.94220,9.82350,9.89400
2013-10-14,9.88870,9.96660,9.84500,9.91500
2013-10-15,9.86500,9.98100,9.84000,9.97810
2013-10-16,9.97450,9.98550,9.80200,9.86480
2013-10-17,9.86030,9.87880,9.74500,9.82530
2013-10-18,9.77530,9.86550,9.69000,9.79000
2013-10-21,9.76870,9.85270,9.70250,9.84250
2013-10-22,9.81850,9.88650,9.66500,9.73750
2013-10-23,9.6875,9.82220,9.67740,9.79380
2013-10-24,9.78750,9.79820,9.69270,9.75450
2013-10-25,9.70450,9.85670,9.70100,9.82700
2013-10-28,9.76000,9.85300,9.72580,9.82870
2013-10-29,9.82250,9.89600,9.76500,9.89180
2013-10-30,9.84170,9.97780,9.78040,9.94600
2013-10-31,9.94200,10.061500,9.86500,10.049900
2013-11-01,9.99990,10.21160,9.96260,10.19000
2013-11-04,10.14800,10.21220,10.060000,10.13070
2013-11-05,10.12800,10.26650,10.078800,10.24400
2013-11-06,10.23900,10.29510,10.13100,10.27000
2013-11-07,10.26500,10.32550,10.17200,10.30100
2013-11-08,10.29600,10.40240,10.17050,10.33900
2013-11-11,10.32160,10.40450,10.25500,10.35900
2013-11-12,10.30900,10.45700,10.29250,10.37000
2013-11-13,10.36500,10.37700,10.22400,10.27900
2013-11-14,10.27430,10.35730,10.12250,10.19330
2013-11-15,10.13730,10.23480,10.069000,10.16080
2013-11-18,10.14900,10.18520,10.030300,10.14500
2013-11-19,10.14150,10.22150,10.032400,10.18300
2013-11-20,10.17540,10.22500,9.99500,10.14960
2013-11-21,10.10030,10.19120,10.051500,10.12800
2013-11-22,10.12100,10.15800,10.010000,10.069500
2013-11-25,10.025000,10.11310,9.97350,10.096000
2013-11-26,10.089500,10.16750,10.015500,10.13110
2013-11-27,10.081000,10.24300,10.061000,10.23490
2013-11-28,10.22900,10.25650,10.13600,10.20590
2013-11-29,10.15600,10.23800,10.11100,10.17500
2013-12-02,10.14200,10.28650,10.078000,10.27500
2013-12-03,10.25500,10.39150,10.22250,10.33100
2013-12-04,10.32700,10.49150,10.27750,10.43500
2013-12-05,10.40500,10.53800,10.35600,10.45000
2013-12-06,10.43900,10.57760,10.25430,10.32130
2013-12-09,10.30030,10.39480,10.24620,10.39270
2013-12-10,10.38940,10.38950,10.22220,10.36100
2013-12-11,10.35620,10.41050,10.27500,10.37650
2013-12-12,10.37130,10.45130,10.29480,10.38700
2013-12-13,10.38320,10.43200,10.22750,10.29300
2013-12-16,10.24400,10.34300,10.20900,10.28350
2013-12-17,10.23300,10.37350,10.22180,10.32800
2013-12-18,10.27800,10.39000,10.16270,10.34500
2013-12-19,10.33900,10.43600,10.26500,10.38930
2013-12-20,10.35350,10.47430,10.26700,10.35550
2013-12-23,10.28900,10.37300,10.25250,10.34500
2013-12-24,10.32500,10.36550,10.27200,10.33000
2013-12-25,10.28000,10.34800,10.25250,10.32700
2013-12-26,10.27700,10.36400,10.26870,10.35850
2013-12-27,10.30800,10.53950,10.27970,10.53000
2013-12-30,10.47400,10.54330,10.35740,10.42100
2013-12-31,10.41750,10.56660,10.35600,10.49700
2014-01-01,10.44870,10.50500,10.39000,10.50500
2014-01-02,10.45500,10.69570,10.42300,10.68400
2014-01-03,10.68100,10.68330,10.52400,10.67080
2014-01-06,10.60500,10.73150,10.57400,10.65000
2014-01-07,10.64500,10.67070,10.53730,10.64600
2014-01-08,10.59600,10.78690,10.56400,10.77100
2014-01-09,10.76600,10.83310,10.68450,10.79800
2014-01-10,10.79500,10.80950,10.59100,10.64380
2014-01-13,10.61200,10.84000,10.58500,10.82500
2014-01-14,10.81870,10.89400,10.73600,10.83430
2014-01-15,10.78500,10.93050,10.77500,10.88120
2014-01-16,10.83100,10.95850,10.80230,10.88600
2014-01-17,10.88150,10.91350,10.77400,10.86600
2014-01-20,10.80020,10.90050,10.76300,10.85400
2014-01-21,10.84630,10.87750,10.74400,10.82700
2014-01-22,10.82150,10.89500,10.75400,10.875
2014-01-23,10.82500,11.047500,10.81780,10.99250
2014-01-24,10.98900,11.19300,10.92800,11.086500
2014-01-27,11.080000,11.25250,11.042000,11.11600
2014-01-28,11.11000,11.125,10.95320,11.024500
2014-01-29,10.99000,11.38000,10.85380,11.31800
2014-01-30,11.31440,11.38650,11.074200,11.21050
2014-01-31,11.20530,11.33950,11.026000,11.12220
2014-02-03,11.080000,11.28000,11.012000,11.28000
2014-02-04,11.23000,11.28120,11.016800,11.099000
2014-02-05,11.091400,11.18200,11.0094995,11.13500
2014-02-06,11.13030,11.16950,10.92680,11.033500
2014-02-07,11.031000,11.11850,10.89050,11.064000
2014-02-10,11.045000,11.16200,10.98170,11.14200
2014-02-11,11.091000,11.16270,10.90700,10.96700
2014-02-12,10.96200,11.042500,10.88000,11.0045004
2014-02-13,10.99900,11.12050,10.91250,10.96720
2014-02-14,10.96200,11.020500,10.79000,10.85130
2014-02-17,10.85540,10.88400,10.76150,10.82500
2014-02-18,10.81850,10.89950,10.77000,10.875
2014-02-19,10.82700,11.063000,10.81380,11.040000
2014-02-20,10.99000,11.10500,10.93600,11.0070000
2014-02-21,11.0046997,11.053000,10.86380,10.93550
2014-02-24,10.91270,10.99450,10.69900,10.79400
2014-02-25,10.79100,10.85180,10.64770,10.72800
2014-02-26,10.72300,10.85550,10.63400,10.82100
2014-02-27,10.81600,10.86400,10.63600,10.70200
2014-02-28,10.69600,10.76700,10.60780,10.75870
2014-03-03,10.72750,10.93370,10.69430,10.89600
2014-03-04,10.89000,10.90000,10.69350,10.75500
2014-03-05,10.75150,10.78500,10.60700,10.66500
2014-03-06,10.61500,10.71400,10.53710,10.60100
2014-03-07,10.59610,10.74400,10.53900,10.73400
2014-03-10,10.72870,10.79000,10.66450,10.75020
2014-03-11,10.69600,10.87400,10.66700,10.85500
2014-03-12,10.85200,10.96150,10.75150,10.80380
2014-03-13,10.75400,10.83450,10.64800,10.80700
2014-03-14,10.80000,10.83300,10.60700,10.67800
2014-03-17,10.65000,10.77600,10.61380,10.77600
2014-03-18,10.77050,10.78800,10.65180,10.73200
2014-03-19,10.72700,10.90200,10.63200,10.87100
2014-03-20,10.86270,10.97580,10.78500,10.88900
2014-03-21,10.88530,10.93520,10.77750,10.89600
2014-03-24,10.85500,10.91500,10.76600,10.83000
2014-03-25,10.78000,10.86300,10.68150,10.73800
2014-03-26,10.73300,10.76880,10.61780,10.70800
2014-03-27,10.65800,10.72850,10.51530,10.57980
2014-03-28,10.53200,10.63130,10.52000,10.57600
2014-03-31,10.58920,10.61600,10.46250,10.53250
2014-04-01,10.52950,10.61580,10.46880,10.58250
2014-04-02,10.57780,10.63750,10.51380,10.61050
2014-04-03,10.60550,10.68350,10.54110,10.64100
2014-04-04,10.63600,10.66350,10.44650,10.56000
2014-04-07,10.54250,10.57230,10.45350,10.52900
2014-04-08,10.52300,10.52900,10.36480,10.46500
2014-04-09,10.46000,10.49350,10.31550,10.37800
2014-04-10,10.32800,10.47400,10.31300,10.47400
2014-04-11,10.46840,10.53050,10.38280,10.49300
2014-04-14,10.45000,10.57180,10.40170,10.51020
2014-04-15,10.51000,10.58500,10.43720,10.56450
2014-04-16,10.54600,10.58200,10.46130,10.56600
2014-04-17,10.51600,10.56490,10.42100,10.48500
2014-04-18,10.43500,10.50800,10.42800,10.50250
2014-04-21,10.48870,10.54050,10.42590,10.49410
2014-04-22,10.46000,10.57050,10.42500,10.55650
2014-04-23,10.55150,10.625,10.47880,10.60100
2014-04-24,10.54600,10.66350,10.49550,10.60100
2014-04-25,10.61840,10.66840,10.54600,10.66840
2014-04-28,10.64820,10.66930,10.5625,10.63160
2014-04-29,10.57510,10.63400,10.47000,10.56900
2014-04-30,10.56400,10.57600,10.44970,10.52300
2014-05-01,10.47300,10.52900,10.41980,10.48600
2014-05-02,10.47500,10.57000,10.39800,10.48000
2014-05-05,10.45370,10.54650,10.39300,10.54650
2014-05-06,10.49600,10.54150,10.41100,10.5
2014-05-07,10.45000,10.53180,10.40000,10.45300
2014-05-08,10.44800,10.47100,10.25800,10.33600
2014-05-09,10.33050,10.38890,10.27490,10.35400
2014-05-12,10.33380,10.38050,10.27750,10.35800
2014-05-13,10.35310,10.37350,10.22050,10.30900
2014-05-14,10.30400,10.35950,10.22350,10.29100
2014-05-15,10.28700,10.43550,10.22740,10.40620
2014-05-16,10.40120,10.42600,10.28970,10.35500
2014-05-19,10.33260,10.44000,10.28250,10.35450
2014-05-20,10.35040,10.47550,10.30400,10.45000
2014-05-21,10.44210,10.47500,10.30370,10.36890
2014-05-22,10.36380,10.39280,10.25980,10.32750
2014-05-23,10.31600,10.37330,10.23880,10.29780
2014-05-26,10.30390,10.35980,10.25850,10.35800
2014-05-27,10.34670,10.47550,10.28420,10.45330
2014-05-28,10.45200,10.52180,10.39250,10.46240
2014-05-29,10.45920,10.50550,10.34850,10.41700
2014-05-30,10.41200,10.59150,10.41050,10.57100
2014-06-02,10.56950,10.69450,10.54700,10.68500
2014-06-03,10.68000,10.78900,10.62720,10.76150
2014-06-04,10.75530,10.80400,10.71110,10.76850
2014-06-05,10.77400,10.77400,10.61590,10.68700
2014-06-06,10.69600,10.71250,10.55630,10.58720
2014-06-09,10.57000,10.64850,10.55100,10.64500
2014-06-10,10.64000,10.74100,10.61850,10.70300
2014-06-11,10.69800,10.79050,10.68800,10.75550
2014-06-12,10.75050,10.76500,10.65380,10.67100
2014-06-13,10.66050,10.80460,10.65700,10.66850
2014-06-16,10.69500,10.76750,10.68150,10.75240
2014-06-17,10.74850,10.84650,10.71200,10.84000
2014-06-18,10.83850,10.86000,10.63600,10.65250
2014-06-19,10.64750,10.75,10.60670,10.74800
2014-06-20,10.74300,10.76200,10.64050,10.64550
2014-06-23,10.65770,10.67670,10.55300,10.60000
2014-06-24,10.59500,10.64620,10.52590,10.64170
2014-06-25,10.63740,10.65000,10.54400,10.59370
2014-06-26,10.58870,10.67950,10.55550,10.63050
2014-06-27,10.62550,10.64600,10.57700,10.58900
2014-06-30,10.60000,10.64600,10.56680,10.63800
2014-07-01,10.63480,10.68600,10.60990,10.66990
2014-07-02,10.66320,10.77200,10.65400,10.75920
2014-07-03,10.75300,10.84450,10.72900,10.74600
2014-07-04,10.74100,10.76600,10.71190,10.76450
2014-07-07,10.74250,10.82500,10.74250,10.77880
2014-07-08,10.77380,10.78100,10.67000,10.68450
2014-07-09,10.67950,10.71530,10.64940,10.66900
2014-07-10,10.66370,10.75280,10.65750,10.69410
2014-07-11,10.69400,10.73750,10.69000,10.71400
2014-07-14,10.71470,10.74730,10.67000,10.67930
2014-07-15,10.67300,10.72700,10.63100,10.71200
2014-07-16,10.70700,10.72700,10.65840,10.67970
2014-07-17,10.67470,10.76300,10.64150,10.76200
2014-07-18,10.75500,10.75900,10.63590,10.64630
2014-07-21,10.64660,10.66300,10.59430,10.60320
2014-07-22,10.59900,10.63850,10.55620,10.56900
2014-07-23,10.56400,10.57300,10.47900,10.50850
2014-07-24,10.50900,10.54230,10.46150,10.52700
2014-07-25,10.52200,10.54750,10.48130,10.51250
2014-07-28,10.50200,10.58350,10.48500,10.56320
2014-07-29,10.56050,10.62450,10.54900,10.60170
2014-07-30,10.59670,10.71400,10.56690,10.67100
2014-07-31,10.66600,10.73750,10.64250,10.70650
2014-08-01,10.70250,10.76950,10.63000,10.67870
2014-08-04,10.66000,10.70600,10.63700,10.65620
2014-08-05,10.65120,10.77500,10.61630,10.73880
2014-08-06,10.75220,10.82000,10.68470,10.70000
2014-08-07,10.69970,10.78720,10.68370,10.76770
2014-08-08,10.76270,10.83150,10.64800,10.65900
2014-08-11,10.67000,10.71550,10.61670,10.62810
2014-08-12,10.62330,10.67750,10.61040,10.62690
2014-08-13,10.62300,10.64250,10.56100,10.56980
2014-08-14,10.56520,10.59950,10.51660,10.54880
2014-08-15,10.54280,10.62650,10.52720,10.59300
2014-08-18,10.59750,10.63800,10.56530,10.60350
2014-08-19,10.59850,10.66170,10.59100,10.64740
2014-08-20,10.64380,10.74100,10.63950,10.73550
2014-08-21,10.73270,10.74600,10.65370,10.70750
2014-08-22,10.70370,10.73350,10.66900,10.69570
2014-08-25,10.68010,10.72500,10.67200,10.70700
2014-08-26,10.70400,10.71700,10.66200,10.67950
2014-08-27,10.67450,10.68700,10.59600,10.60950
2014-08-28,10.60500,10.68450,10.59900,10.62290
2014-08-29,10.62310,10.67250,10.58520,10.66450
2014-09-01,10.66000,10.68650,10.64050,10.67600
2014-09-02,10.67320,10.75100,10.66600,10.74000
2014-09-03,10.73550,10.74900,10.66670,10.68650
2014-09-04,10.68370,10.73150,10.59800,10.73120
2014-09-05,10.72500,10.76470,10.65770,10.69380
2014-09-08,10.69900,10.81620,10.68880,10.80750
2014-09-09,10.80860,10.95620,10.78800,10.92550
2014-09-10,10.92100,11.018200,10.90350,10.92750
2014-09-11,10.92500,10.99680,10.89850,10.96300
2014-09-12,10.96050,11.034700,10.94650,11.023000
2014-09-15,11.0051003,11.074700,10.95750,10.96370
2014-09-16,10.96050,11.0032997,10.86650,10.90250
2014-09-17,10.89750,11.048500,10.89100,11.026500
2014-09-18,11.022500,11.11020,10.96100,11.078500
2014-09-19,11.074000,11.11300,10.98280,11.079500
2014-09-22,11.066300,11.19000,11.038500,11.17300
2014-09-23,11.16800,11.18100,11.078500,11.17400
2014-09-24,11.16660,11.17870,11.10300,11.12820
2014-09-25,11.12920,11.22800,11.12470,11.20580
2014-09-26,11.20120,11.26300,11.15390,11.22850
2014-09-29,11.21010,11.31700,11.20950,11.27950
2014-09-30,11.27470,11.35200,11.23040,11.28500
2014-10-01,11.27750,11.35800,11.23170,11.26650
2014-10-02,11.25920,11.27470,11.16120,11.18500
2014-10-03,11.17800,11.38650,11.17500,11.34520
2014-10-06,11.33800,11.35800,11.19680,11.21250
2014-10-07,11.20750,11.26500,11.15600,11.18790
2014-10-08,11.18100,11.24800,11.022000,11.040000
2014-10-09,11.035000,11.099000,10.95700,11.062000
2014-10-10,11.057500,11.15050,11.044500,11.11900
2014-10-13,11.11730,11.12600,11.0024996,11.041500
2014-10-14,11.036500,11.13000,11.0080004,11.053500
2014-10-15,11.046000,11.18500,10.96440,11.075000
2014-10-16,11.070000,11.20300,11.054800,11.11290
2014-10-17,11.10790,11.14250,11.055600,11.080500
2014-10-20,11.093000,11.10600,11.0089998,11.019000
2014-10-21,11.014000,11.059400,10.95800,11.047800
2014-10-22,11.045000,11.051000,10.97000,11.00049973
2014-10-23,10.99550,11.023000,10.92000,10.97750
2014-10-24,10.97000,11.00049973,10.92000,10.93250
2014-10-27,10.93100,10.99530,10.91600,10.93980
2014-10-28,10.93650,10.96050,10.83400,10.84700
2014-10-29,10.84300,10.96910,10.82200,10.94900
2014-10-30,10.94400,10.99950,10.85170,10.86920
2014-10-31,10.86420,11.077500,10.82280,11.039500
2014-11-03,11.041500,11.094500,11.0080004,11.076000
2014-11-04,11.071000,11.081000,11.016000,11.034600
2014-11-05,11.029600,11.18600,11.029600,11.14710
2014-11-06,11.14170,11.27850,11.10640,11.26030
2014-11-07,11.25530,11.36350,11.21600,11.26000
2014-11-10,11.24350,11.28250,11.16000,11.27400
2014-11-11,11.26980,11.33650,11.20300,11.22000
2014-11-12,11.21500,11.25780,11.15200,11.19530
2014-11-13,11.19030,11.24900,11.15700,11.21200
2014-11-14,11.20410,11.24530,11.068000,11.078000
2014-11-17,11.082500,11.14650,11.055800,11.13230
2014-11-18,11.12970,11.13470,10.99500,11.034000
2014-11-19,11.029000,11.084000,10.99770,11.057500
2014-11-20,11.051000,11.091700,10.93200,10.96350
2014-11-21,10.95600,10.99600,10.90170,10.96350
2014-11-24,10.95500,11.057500,10.92200,11.022000
2014-11-25,11.017000,11.071700,10.93110,10.96650
2014-11-26,10.96090,11.024000,10.93850,10.95400
2014-11-27,10.94900,10.99550,10.92600,10.97600
2014-11-28,10.97100,11.092000,10.97100,11.080500
2014-12-01,11.080000,11.15570,10.95650,10.99150
2014-12-02,10.98650,11.14650,10.97300,11.12550
2014-12-03,11.12050,11.24750,11.097200,11.22100
2014-12-04,11.21600,11.24940,11.15300,11.19800
2014-12-05,11.19530,11.38780,11.17500,11.35580
2014-12-08,11.37000,11.57800,11.33900,11.54150
2014-12-09,11.53650,11.57290,11.39000,11.45480
2014-12-10,11.44730,11.60630,11.42000,11.53900
2014-12-11,11.53400,11.65750,11.46750,11.63250
2014-12-12,11.62750,11.72800,11.58050,11.61050
2014-12-15,11.58000,11.81950,11.52600,11.75950
2014-12-16,11.75450,11.78250,11.57970,11.66000
2014-12-17,11.65400,11.77350,11.44050,11.61850
2014-12-18,11.61800,11.68300,11.48400,11.58250
2014-12-19,11.57750,11.65950,11.52800,11.57180
2014-12-22,11.59000,11.62150,11.52500,11.57300
2014-12-23,11.56950,11.66400,11.55720,11.64920
2014-12-24,11.64250,11.70450,11.60150,11.64000
2014-12-25,11.61600,11.66170,11.61020,11.61640
2014-12-26,11.62330,11.64170,11.57530,11.60010
2014-12-29,11.58680,11.67400,11.57730,11.62300
2014-12-30,11.61900,11.65950,11.54290,11.56500
2014-12-31,11.55850,11.60120,11.53300,11.57100
2015-01-01,11.57200,11.57570,11.53570,11.54750
2015-01-02,11.54880,11.74000,11.54380,11.70350
2015-01-05,11.73100,11.75850,11.66970,11.70800
2015-01-06,11.70300,11.78450,11.65710,11.71400
2015-01-07,11.71400,11.75150,11.67000,11.67880
2015-01-08,11.67380,11.71300,11.54800,11.58550
2015-01-09,11.57700,11.63150,11.46400,11.49600
2015-01-12,11.48230,11.54950,11.46880,11.52630
2015-01-13,11.52130,11.53900,11.46840,11.53100
2015-01-14,11.52500,11.62700,11.41970,11.44450
2015-01-15,11.43950,11.56970,11.41450,11.56400
2015-01-16,11.56050,11.61550,11.5,11.54900
2015-01-19,11.54000,11.66850,11.53800,11.64000
2015-01-20,11.625,11.68610,11.56800,11.58900
2015-01-21,11.58400,11.61230,11.47120,11.51370
2015-01-22,11.51600,11.56400,11.35800,11.40000
2015-01-23,11.39350,11.48380,11.37070,11.41480
2015-01-26,11.43800,11.49950,11.40100,11.46200
2015-01-27,11.45620,11.61600,11.43900,11.58650
2015-01-28,11.58150,11.60150,11.49000,11.58100
2015-01-29,11.57600,11.67300,11.50690,11.55450
2015-01-30,11.55050,11.67780,11.52100,11.64680
2015-02-02,11.64350,11.64800,11.48300,11.50050
2015-02-03,11.49550,11.55750,11.36050,11.38050
2015-02-04,11.37550,11.49750,11.36730,11.47550
2015-02-05,11.47050,11.49500,11.25400,11.27000
2015-02-06,11.26300,11.54330,11.26300,11.51300
2015-02-09,11.5,11.61300,11.48700,11.58400
2015-02-10,11.57900,11.72380,11.54400,11.68320
2015-02-11,11.68000,11.89950,11.66000,11.82000
2015-02-12,11.81500,11.88050,11.68200,11.71250
2015-02-13,11.71100,11.78380,11.62050,11.66950
2015-02-16,11.64500,11.69400,11.61140,11.64750
2015-02-17,11.64250,11.69350,11.57550,11.67500
2015-02-18,11.67200,11.74650,11.57750,11.59900
2015-02-19,11.59400,11.69550,11.54100,11.67850
2015-02-20,11.67350,11.68900,11.60730,11.62150
2015-02-23,11.61900,11.75050,11.60800,11.63600
2015-02-24,11.63100,11.67580,11.46100,11.47850
2015-02-25,11.47100,11.52920,11.40250,11.45030
2015-02-26,11.43300,11.54750,11.35800,11.53450
2015-02-27,11.52950,11.69650,11.48600,11.66800
2015-03-02,11.65000,11.78100,11.65000,11.77250
2015-03-03,11.76700,11.82070,11.70140,11.75600
2015-03-04,11.75100,11.86450,11.71900,11.81550
2015-03-05,11.81050,11.87950,11.72570,11.84570
2015-03-06,11.83750,12.10850,11.76370,12.039500
2015-03-09,12.040500,12.13480,12.0066996,12.089800
2015-03-10,12.083500,12.36800,12.083500,12.36800
2015-03-11,12.36050,12.38680,12.23100,12.27850
2015-03-12,12.27350,12.33900,12.14340,12.29800
2015-03-13,12.29200,12.52950,12.25800,12.47900
2015-03-16,12.49050,12.49550,12.36200,12.39650
2015-03-17,12.38810,12.42600,12.34550,12.35700
2015-03-18,12.35200,12.40350,11.95550,12.061500
2015-03-19,12.054000,12.36000,12.034000,12.31150
2015-03-20,12.30650,12.31700,12.00080013,12.015000
2015-03-23,12.037800,12.13850,11.88000,11.90170
2015-03-24,11.89810,11.95730,11.76740,11.80110
2015-03-25,11.79470,11.88570,11.75010,11.85300
2015-03-26,11.84730,12.00080013,11.83020,11.99720
2015-03-27,11.99130,12.056600,11.95260,12.045000
2015-03-30,12.028500,12.16960,12.023800,12.14950
2015-03-31,12.14910,12.23580,12.10230,12.13050
2015-04-01,12.12550,12.15150,11.95400,11.98650
2015-04-02,11.98150,12.049500,11.91660,11.94650
2015-04-03,11.94300,11.97650,11.74770,11.79800
2015-04-06,11.77190,11.82950,11.68900,11.81000
2015-04-07,11.79600,11.89040,11.76930,11.88370
2015-04-08,11.87950,11.89260,11.76720,11.81750
2015-04-09,11.8125,11.96660,11.76990,11.94900
2015-04-10,11.94400,12.0625,11.91970,11.99530
2015-04-13,11.98880,12.19550,11.98880,12.13860
2015-04-14,12.13360,12.16580,11.94970,12.0082998
2015-04-15,12.0031004,12.20950,11.99400,12.063000
2015-04-16,12.058000,12.10150,11.92800,11.96400
2015-04-17,11.95900,12.10250,11.87000,12.067000
2015-04-20,12.052800,12.15640,11.97790,12.13500
2015-04-21,12.13870,12.20050,12.071000,12.12020
2015-04-22,12.11700,12.25170,12.065000,12.22190
2015-04-23,12.21550,12.30600,12.12520,12.14750
2015-04-24,12.14480,12.24220,12.095800,12.12550
2015-04-27,12.12880,12.15070,11.94780,12.0059996
2015-04-28,12.0010004,12.034700,11.79600,11.86550
2015-04-29,11.85950,11.90070,11.70590,11.78740
2015-04-30,11.78130,11.98050,11.76500,11.91300
2015-05-01,11.90800,12.082300,11.85890,12.060500
2015-05-04,12.051300,12.080200,12.012000,12.059700
2015-05-05,12.054800,12.079500,11.93880,11.98150
2015-05-06,11.97270,12.068500,11.91100,12.017000
2015-05-07,12.012300,12.12850,11.97920,12.015000
2015-05-08,12.010000,12.080000,11.90300,11.92600
2015-05-11,11.90380,12.092600,11.90160,12.081400
2015-05-12,12.076500,12.15350,12.029000,12.066500
2015-05-13,12.063000,12.068000,11.83200,11.88750
2015-05-14,11.88250,11.93550,11.76910,11.78590
2015-05-15,11.78550,11.88950,11.75250,11.79400
2015-05-18,11.77530,11.90050,11.77530,11.87800
2015-05-19,11.87300,11.94650,11.83030,11.91000
2015-05-20,11.90800,11.97460,11.80300,11.83400
2015-05-21,11.83090,11.87700,11.72480,11.82150
2015-05-22,11.82860,11.90350,11.76470,11.89500
2015-05-25,11.90700,11.98300,11.88960,11.96050
2015-05-26,11.93290,12.097000,11.92410,12.085000
2015-05-27,12.075500,12.16990,12.015700,12.027200
2015-05-28,12.021000,12.21100,11.97650,12.13950
2015-05-29,12.12900,12.18490,12.11170,12.15550
2015-06-01,12.17000,12.29550,12.13770,12.26250
2015-06-02,12.26800,12.35150,12.17780,12.20260
2015-06-03,12.20260,12.32750,12.17450,12.30950
2015-06-04,12.30500,12.40500,12.28750,12.38080
2015-06-05,12.37580,12.63550,12.36360,12.58050
2015-06-08,12.61000,12.64000,12.46390,12.47690
2015-06-09,12.47140,12.55500,12.39290,12.42950
2015-06-10,12.42700,12.48650,12.28650,12.30990
2015-06-11,12.30800,12.48750,12.30300,12.35040
2015-06-12,12.35110,12.47150,12.33960,12.38090
2015-06-15,12.37590,12.46190,12.37590,12.40370
2015-06-16,12.39920,12.47850,12.35610,12.36950
2015-06-17,12.36450,12.45570,12.23250,12.26560
2015-06-18,12.26110,12.31640,12.13620,12.24570
2015-06-19,12.23900,12.28500,12.14110,12.16250
2015-06-22,12.15130,12.19330,12.078200,12.099200
2015-06-23,12.095500,12.24700,12.093200,12.17050
2015-06-24,12.16500,12.20940,12.11250,12.15450
2015-06-25,12.13700,12.16000,12.048500,12.10450
2015-06-26,12.099700,12.24550,12.094700,12.20250
2015-06-29,12.38500,12.40850,12.19100,12.24050
2015-06-30,12.21300,12.28400,12.11440,12.16990
2015-07-01,12.16500,12.28060,12.14120,12.24750
2015-07-02,12.24860,12.36000,12.23080,12.24850
2015-07-03,12.24300,12.36400,12.19750,12.32050
2015-07-06,12.42500,12.46250,12.31550,12.39200
2015-07-07,12.38700,12.54400,12.36650,12.45280
2015-07-08,12.45900,12.58340,12.42750,12.57570
2015-07-09,12.57020,12.58750,12.43880,12.51050
2015-07-10,12.50600,12.51150,12.36810,12.45050
2015-07-13,12.48920,12.52100,12.38560,12.45050
2015-07-14,12.44100,12.47820,12.31700,12.32350
2015-07-15,12.31970,12.46590,12.31650,12.41830
2015-07-16,12.41240,12.44870,12.34070,12.38950
2015-07-17,12.38620,12.40750,12.29350,12.36000
2015-07-20,12.36480,12.48170,12.35330,12.43550
2015-07-21,12.42850,12.46550,12.31750,12.32830
2015-07-22,12.32520,12.44200,12.30750,12.40950
2015-07-23,12.40300,12.49300,12.37020,12.44450
2015-07-24,12.46270,12.68670,12.42250,12.62330
2015-07-27,12.61900,12.69560,12.57050,12.61990
2015-07-28,12.61470,12.65750,12.51830,12.56950
2015-07-29,12.55000,12.60650,12.46540,12.53150
2015-07-30,12.53200,12.75660,12.53000,12.70020
2015-07-31,12.69440,12.77700,12.57470,12.67450
2015-08-03,12.67640,12.75430,12.65590,12.68540
2015-08-04,12.68000,12.74350,12.61510,12.73750
2015-08-05,12.73700,12.82990,12.70250,12.79650
2015-08-06,12.78410,12.80470,12.70330,12.71750
2015-08-07,12.71270,12.79400,12.59350,12.62550
2015-08-10,12.62050,12.75220,12.62050,12.66670
2015-08-11,12.64780,12.82850,12.63900,12.79150
2015-08-12,12.77620,12.87800,12.70520,12.75750
2015-08-13,12.75660,12.84300,12.71780,12.80950
2015-08-14,12.80350,12.89200,12.75550,12.82610
2015-08-17,12.82170,12.93100,12.79960,12.90650
2015-08-18,12.90470,12.97550,12.87720,12.90150
2015-08-19,12.89940,12.98150,12.81330,12.88540
2015-08-20,12.88320,13.0049000,12.84400,12.93610
2015-08-21,12.93120,12.98850,12.88290,12.97000
2015-08-24,12.96370,13.66620,12.95930,13.23250
2015-08-25,13.21620,13.24810,12.97780,13.19460
2015-08-26,13.18090,13.20500,13.032000,13.12890
2015-08-27,13.12080,13.20400,12.98350,13.14780
2015-08-28,13.13140,13.35950,13.10500,13.30440
2015-08-31,13.28630,13.38720,13.22350,13.27880
2015-09-01,13.27410,13.47190,13.23280,13.44610
2015-09-02,13.43770,13.52150,13.38530,13.44470
2015-09-03,13.43000,13.66250,13.38850,13.56400
2015-09-04,13.54780,13.90100,13.54390,13.85450
2015-09-07,13.82740,14.021500,13.81510,13.96790
2015-09-08,13.94990,14.014500,13.67870,13.72460
2015-09-09,13.70790,13.82250,13.54050,13.79340
2015-09-10,13.78840,13.96700,13.54190,13.65350
2015-09-11,13.61190,13.69840,13.52790,13.57950
2015-09-14,13.54170,13.62450,13.46190,13.48500
2015-09-15,13.48230,13.56000,13.40530,13.46880
2015-09-16,13.45360,13.50500,13.24750,13.26690
2015-09-17,13.25420,13.41800,13.15750,13.35210
2015-09-18,13.34500,13.35960,13.16660,13.32550
2015-09-21,13.29850,13.50290,13.27450,13.46940
2015-09-22,13.45710,13.75950,13.40730,13.67740
2015-09-23,13.66770,13.88200,13.63050,13.86400
2015-09-24,13.85450,14.087600,13.81000,13.84380
2015-09-25,13.82830,13.95700,13.71790,13.91350
2015-09-28,13.89820,14.10170,13.79600,14.067100
2015-09-29,14.045600,14.17250,13.87960,13.97360
2015-09-30,13.96610,14.012500,13.79240,13.85560
2015-10-01,13.84050,13.95000,13.71220,13.92090
2015-10-02,13.91350,14.032500,13.71140,13.73200
2015-10-05,13.71280,13.79270,13.52000,13.61260
2015-10-06,13.60230,13.73350,13.49750,13.51830
2015-10-07,13.50550,13.56310,13.33600,13.46580
2015-10-08,13.46080,13.54650,13.28850,13.30890
2015-10-09,13.30230,13.39170,13.23490,13.35220
2015-10-12,13.31550,13.38950,13.24720,13.31980
2015-10-13,13.32110,13.57120,13.29720,13.56000
2015-10-14,13.54450,13.57000,13.20000,13.23690
2015-10-15,13.22190,13.24580,13.015800,13.048700
2015-10-16,13.032900,13.17050,13.028500,13.081400
2015-10-19,13.053700,13.30710,13.0067997,13.29070
2015-10-20,13.28470,13.33920,13.17050,13.29710
2015-10-21,13.28310,13.55290,13.23500,13.52850
2015-10-22,13.51350,13.61450,13.37670,13.40550
2015-10-23,13.38960,13.70420,13.31350,13.63600
2015-10-26,13.62640,13.70350,13.55890,13.63890
2015-10-27,13.62400,13.77350,13.60500,13.67530
2015-10-28,13.66410,13.80930,13.51300,13.71300
2015-10-29,13.71170,13.91830,13.68320,13.89450
2015-10-30,13.87770,13.90760,13.76070,13.82470
2015-11-02,13.80750,13.84450,13.71930,13.78320
2015-11-03,13.77750,13.94130,13.71750,13.74010
2015-11-04,13.73000,13.99250,13.72200,13.96030
2015-11-05,13.95570,14.0030003,13.85750,13.88940
2015-11-06,13.88630,14.20770,13.86500,14.15850
2015-11-09,14.20220,14.33800,14.088500,14.30020
2015-11-10,14.29520,14.38750,14.23050,14.26670
2015-11-11,14.26240,14.27580,14.13750,14.15250
2015-11-12,14.14590,14.34250,14.067500,14.31050
2015-11-13,14.29120,14.43170,14.26490,14.40190
2015-11-16,14.39500,14.44650,14.29750,14.31380
2015-11-17,14.31000,14.40000,14.20100,14.27250
2015-11-18,14.26750,14.32450,14.14750,14.16730
2015-11-19,14.16220,14.22850,13.99320,14.030000
2015-11-20,14.023200,14.058200,13.88430,13.95250
2015-11-23,13.93500,14.11500,13.93500,14.085800
2015-11-24,14.081700,14.16750,13.96400,14.043800
2015-11-25,14.028800,14.17450,13.99410,14.12510
2015-11-26,14.13550,14.29750,14.088000,14.29050
2015-11-27,14.28430,14.42100,14.25280,14.40610
2015-11-30,14.37870,14.49540,14.34750,14.45290
2015-12-01,14.43770,14.50800,14.35920,14.43650
2015-12-02,14.42550,14.46700,14.30630,14.35000
2015-12-03,14.34500,14.40430,14.24220,14.36730
2015-12-04,14.34920,14.47450,14.26760,14.33930
2015-12-07,14.35220,14.57550,14.33070,14.54010
2015-12-08,14.49870,14.70350,14.49030,14.59790
2015-12-09,14.59790,15.27970,14.50100,14.97980
2015-12-10,14.96900,15.48480,14.85160,15.46650
2015-12-11,15.45550,16.026501,15.35730,15.88000
2015-12-14,15.21870,15.50200,14.91750,15.10750
2015-12-15,15.093700,15.17000,14.83800,14.92900
2015-12-16,14.92000,15.11210,14.78850,14.94500
2015-12-17,14.92870,15.27950,14.86430,15.23100
2015-12-18,15.21700,15.25140,14.98560,15.098300
2015-12-21,15.063900,15.12640,14.98100,15.098700
2015-12-22,15.083400,15.21920,15.055600,15.16100
2015-12-23,15.14430,15.28250,15.13780,15.21300
2015-12-24,15.20180,15.29850,15.14880,15.27580
2015-12-25,15.26330,15.29240,15.20710,15.28650
2015-12-28,15.20730,15.33850,15.14060,15.30880
2015-12-29,15.29420,15.33830,15.25540,15.30250
2015-12-30,15.28740,15.60350,15.26870,15.55130
2015-12-31,15.53180,15.66560,15.4375,15.47650
2016-01-01,15.45600,15.48460,15.44850,15.47100
2016-01-04,15.48120,15.69650,15.43330,15.57720
2016-01-05,15.54920,15.69310,15.49160,15.63620
2016-01-06,15.62130,15.88300,15.61000,15.85950
2016-01-07,15.84470,16.20580,15.83250,16.077000
2016-01-08,16.055500,16.32240,15.92780,16.31730
2016-01-11,16.28890,17.84340,16.28890,16.78170
2016-01-12,16.76700,16.96250,16.44370,16.67200
2016-01-13,16.65700,16.69650,16.35420,16.56880
2016-01-14,16.55500,16.69850,16.36530,16.44790
2016-01-15,16.43830,16.85200,16.41300,16.80980
2016-01-18,16.77350,16.98250,16.66340,16.87640
2016-01-19,16.85970,16.89950,16.56990,16.78340
2016-01-20,16.76730,16.97300,16.70660,16.76000
2016-01-21,16.75940,16.88820,16.47770,16.56380
2016-01-22,16.55190,16.64920,16.39000,16.46750
2016-01-25,16.47750,16.56630,16.38450,16.54300
2016-01-26,16.52820,16.66650,16.32640,16.38860
2016-01-27,16.37700,16.50100,16.29200,16.44790
2016-01-28,16.43300,16.49330,16.12530,16.20420
2016-01-29,16.18940,16.24250,15.84880,15.89100
2016-02-01,15.83370,16.12150,15.83370,15.90470
2016-02-02,15.88480,16.23450,15.87140,16.21170
2016-02-03,16.20370,16.44000,15.90450,15.92910
2016-02-04,15.91120,16.047501,15.74410,15.86160
2016-02-05,15.84490,16.030500,15.76000,16.027500
2016-02-08,16.019100,16.22450,15.88950,16.15350
2016-02-09,16.13090,16.28510,15.96730,16.069599
2016-02-10,16.049500,16.10230,15.76350,15.88540
2016-02-11,15.88000,16.064699,15.64830,15.88110
2016-02-12,15.82750,15.97650,15.72600,15.88250
2016-02-15,15.86720,15.93500,15.69300,15.72300
2016-02-16,15.70820,15.83560,15.69250,15.79550
2016-02-17,15.78000,15.88380,15.43280,15.47360
2016-02-18,15.46270,15.54230,15.24450,15.41000
2016-02-19,15.41250,15.54250,15.34280,15.39800
2016-02-22,15.40000,15.45980,15.15620,15.19320
2016-02-23,15.17870,15.30750,15.054000,15.23320
2016-02-24,15.21510,15.76720,15.19600,15.59850
2016-02-25,15.58180,15.77870,15.50290,15.58120
2016-02-26,15.57180,16.33250,15.51050,16.16880
2016-02-29,16.15070,16.25810,15.73660,15.87070
2016-03-01,15.85170,15.89990,15.52050,15.58890
2016-03-02,15.57370,15.75750,15.52280,15.54820
2016-03-03,15.53340,15.74480,15.51050,15.65730
2016-03-04,15.64230,15.69960,15.24380,15.35500
2016-03-07,15.33510,15.41850,15.22480,15.25100
2016-03-08,15.24760,15.47940,15.22170,15.43840
2016-03-09,15.42870,15.51060,15.13060,15.21490
2016-03-10,15.19710,15.47050,15.021600,15.41070
2016-03-11,15.40310,15.4375,15.14050,15.26270
2016-03-14,15.20620,15.59850,15.15250,15.52770
2016-03-15,15.51060,16.041500,15.50400,15.92410
2016-03-16,15.91370,16.24650,15.61800,15.66290
2016-03-17,15.65500,15.74500,15.055000,15.16750
2016-03-18,15.16230,15.41680,15.11250,15.25750
2016-03-21,15.27530,15.45340,15.13850,15.21900
2016-03-22,15.19480,15.38650,15.16550,15.21620
2016-03-23,15.20250,15.42240,15.18060,15.35800
2016-03-24,15.34670,15.58920,15.31770,15.45880
2016-03-25,15.44170,15.51630,15.40870,15.45480
2016-03-28,15.45330,15.63650,15.38160,15.44860
2016-03-29,15.46530,15.55780,15.095100,15.16900
2016-03-30,15.17750,15.23430,14.80690,14.93560
2016-03-31,14.93060,14.97500,14.62050,14.76870
2016-04-01,14.74730,14.94950,14.61360,14.69200
2016-04-04,14.67500,14.81690,14.62110,14.77980
2016-04-05,14.78230,15.18350,14.75150,15.091100
2016-04-06,15.097500,15.30450,14.98650,15.084100
2016-04-07,15.077500,15.28550,15.00090027,15.25630
2016-04-08,15.24780,15.27000,14.91620,14.98000
2016-04-11,14.98330,15.017500,14.63750,14.73600
2016-04-12,14.74600,14.79350,14.64090,14.70370
2016-04-13,14.70620,14.81240,14.51240,14.53390
2016-04-14,14.53390,14.73050,14.44310,14.54980
2016-04-15,14.54050,14.65650,14.47470,14.56970
2016-04-18,14.62350,14.76110,14.45850,14.49100
2016-04-19,14.48250,14.50250,14.18850,14.26160
2016-04-20,14.27780,14.38380,14.17020,14.20780
2016-04-21,14.20000,14.36750,14.17160,14.32300
2016-04-22,14.32330,14.44550,14.25420,14.40000
2016-04-25,14.42380,14.55980,14.37260,14.45120
2016-04-26,14.44920,14.54470,14.35600,14.40280
2016-04-27,14.39500,14.62450,14.36420,14.41330
2016-04-28,14.40280,14.57990,14.24540,14.27670
2016-04-29,14.28750,14.29980,14.10290,14.23450
2016-05-02,14.21750,14.36850,14.18170,14.27650
2016-05-03,14.26000,14.66830,14.20840,14.64060
2016-05-04,14.62520,15.10420,14.61050,14.98130
2016-05-05,14.98070,15.16950,14.77150,14.96770
2016-05-06,14.95920,15.17350,14.83480,14.87290
2016-05-09,14.90340,15.21840,14.72720,15.18110
2016-05-10,15.16350,15.39320,15.090000,15.11720
2016-05-11,15.11780,15.31750,15.018800,15.034000
2016-05-12,15.037900,15.17210,14.89490,15.043900
2016-05-13,15.0074997,15.43250,15.0074997,15.40500
2016-05-16,15.46750,15.74530,15.37430,15.65250
2016-05-17,15.64600,15.70850,15.49940,15.54620
2016-05-18,15.55350,15.93570,15.54220,15.86760
2016-05-19,15.88680,15.99450,15.74950,15.80130
2016-05-20,15.81130,15.83950,15.61560,15.63230
2016-05-23,15.69340,15.79750,15.53000,15.72240
2016-05-24,15.72220,15.87450,15.61020,15.65900
2016-05-25,15.64910,15.78650,15.48930,15.67350
2016-05-26,15.65790,15.70450,15.48950,15.52140
2016-05-27,15.52110,15.75070,15.50770,15.71620
2016-05-30,15.69550,15.88550,15.66960,15.81760
2016-05-31,15.80570,15.86950,15.65150,15.71310
2016-06-01,15.72060,15.74950,15.54520,15.60420
2016-06-02,15.60240,15.67850,15.52140,15.57420
2016-06-03,15.56680,15.61850,15.052000,15.093000
2016-06-06,15.086200,15.19400,14.89050,14.90730
2016-06-07,14.89230,14.96250,14.79350,14.90680
2016-06-08,14.90490,14.98550,14.64950,14.73590
2016-06-09,14.73220,14.89980,14.72850,14.80000
2016-06-10,14.79140,15.30550,14.79140,15.23000
2016-06-13,15.23770,15.26250,15.022700,15.16110
2016-06-14,15.15430,15.41950,15.12280,15.30210
2016-06-15,15.32110,15.36610,15.15640,15.24620
2016-06-16,15.23520,15.54750,15.16410,15.34100
2016-06-17,15.32700,15.36470,15.10620,15.12150
2016-06-20,15.13890,15.13890,14.75550,14.83940
2016-06-21,14.84940,14.86860,14.62750,14.72240
2016-06-22,14.73240,14.78610,14.56820,14.61550
2016-06-23,14.60180,14.63500,14.35200,14.40500
2016-06-24,14.40260,15.68500,14.30000,15.065000
2016-06-27,15.039900,15.56950,15.0050001,15.45900
2016-06-28,15.45750,15.49500,15.11000,15.19000
2016-06-29,15.17490,15.21750,14.75780,14.78950
2016-06-30,14.80500,14.99950,14.60480,14.70500
2016-07-01,14.70740,14.80750,14.47750,14.56030
2016-07-04,14.60780,14.63040,14.45570,14.56650
2016-07-05,14.55580,14.85950,14.53980,14.75
2016-07-06,14.73680,14.95640,14.70300,14.73500
2016-07-07,14.72130,14.80500,14.59210,14.74380
2016-07-08,14.78260,14.82500,14.51150,14.53330
2016-07-11,14.52950,14.67950,14.42250,14.44790
2016-07-12,14.45620,14.48210,14.27500,14.33520
2016-07-13,14.33670,14.51500,14.30500,14.48500
2016-07-14,14.48210,14.50720,14.18380,14.22500
2016-07-15,14.21500,14.60500,14.21210,14.58000
2016-07-18,14.57660,14.57660,14.22440,14.24500
2016-07-19,14.24360,14.47500,14.23490,14.33500
2016-07-20,14.34480,14.41500,14.24800,14.34500
2016-07-21,14.34750,14.36500,14.16080,14.22500
2016-07-22,14.22120,14.38750,14.16250,14.28500
2016-07-25,14.28250,14.43200,14.26750,14.34500
2016-07-26,14.35310,14.47650,14.26350,14.35500
2016-07-27,14.36320,14.42500,14.20920,14.25500
2016-07-28,14.26640,14.29750,14.13280,14.14500
2016-07-29,14.13450,14.20930,13.82350,13.88000
2016-08-01,13.86880,13.96030,13.77250,13.92500
2016-08-02,13.93000,14.040000,13.90000,14.0011997
2016-08-03,13.99820,14.077500,13.89770,13.91230
2016-08-04,13.90300,13.96750,13.66280,13.70500
2016-08-05,13.70400,13.84800,13.62300,13.72500
2016-08-08,13.71700,13.76680,13.56500,13.58500
2016-08-09,13.57750,13.66050,13.40000,13.41000
2016-08-10,13.41000,13.44500,13.19500,13.27000
2016-08-11,13.28230,13.45500,13.25470,13.41000
2016-08-12,13.40860,13.55750,13.31500,13.47370
2016-08-15,13.47600,13.50900,13.25,13.30370
2016-08-16,13.29620,13.43620,13.20500,13.42250
2016-08-17,13.41750,13.54000,13.35670,13.375
2016-08-18,13.38310,13.41000,13.25,13.37340
2016-08-19,13.36150,13.55250,13.34860,13.50750
2016-08-22,13.49650,13.66000,13.44430,13.57870
2016-08-23,13.57370,14.0050001,13.43120,14
2016-08-24,14.0066996,14.28750,13.88500,14.16500
2016-08-25,14.19500,14.32650,13.95380,14.20500
2016-08-26,14.20500,14.38500,13.96250,14.375
2016-08-29,14.34500,14.54750,14.25420,14.40500
2016-08-30,14.39950,14.56910,14.33210,14.48500
2016-08-31,14.48670,14.74750,14.39500,14.73500
2016-09-01,14.71850,14.75550,14.55500,14.59500
2016-09-02,14.61680,14.69750,14.36250,14.48500
2016-09-05,14.50140,14.51140,14.33140,14.38440
2016-09-06,14.37810,14.41240,13.96260,13.97960
2016-09-07,13.98960,14.098500,13.91480,14.025000
2016-09-08,14.021100,14.18250,13.83250,14.13890
2016-09-09,14.13880,14.48250,14.11500,14.41960
2016-09-12,14.41180,14.59160,14.21160,14.22500
2016-09-13,14.22770,14.52950,14.21610,14.39280
2016-09-14,14.38620,14.47430,14.22500,14.32140
2016-09-15,14.32500,14.39500,14.10310,14.24490
2016-09-16,14.25830,14.33640,14.10500,14.18310
2016-09-19,14.18190,14.27380,13.95930,14.015700
2016-09-20,14.0064001,14.026300,13.82950,13.91500
2016-09-21,13.91750,13.95300,13.54170,13.57710
2016-09-22,13.58500,13.68500,13.38460,13.64500
2016-09-23,13.65380,13.73750,13.53430,13.71390
2016-09-26,13.71090,13.78800,13.61990,13.69080
2016-09-27,13.69580,13.74380,13.43670,13.45000
2016-09-28,13.44750,13.73850,13.39290,13.61500
2016-09-29,13.61790,14.0050001,13.59500,13.89500
2016-09-30,13.92630,14.077500,13.70450,13.72500
2016-10-03,13.77000,13.77660,13.55420,13.59730
2016-10-04,13.60380,13.85710,13.57500,13.83500
2016-10-05,13.82140,13.84740,13.68500,13.71820
2016-10-06,13.72380,13.94090,13.71510,13.88440
2016-10-07,13.88440,14.022500,13.73300,13.86920
2016-10-10,13.85880,13.90500,13.73120,13.81000
2016-10-11,13.80910,14.45000,13.78830,14.37590
2016-10-12,14.37440,14.50840,14.024500,14.22910
2016-10-13,14.21910,14.39750,14.10490,14.25500
2016-10-14,14.25250,14.33350,14.077500,14.31930
2016-10-17,14.31510,14.37240,14.11150,14.14600
2016-10-18,14.14500,14.16000,13.85930,13.89840
2016-10-19,13.89130,13.95850,13.81140,13.83500
2016-10-20,13.83350,13.98760,13.82500,13.95140
2016-10-21,13.95150,14.095000,13.90480,13.98340
2016-10-24,14,14.030000,13.83750,13.91430
2016-10-25,13.91750,13.95270,13.75500,13.75810
2016-10-26,13.76630,13.95500,13.69500,13.88970
2016-10-27,13.88630,14,13.80750,13.87330
2016-10-28,13.86540,13.95500,13.78500,13.82650
2016-10-31,13.83380,13.88870,13.46740,13.47500
2016-11-01,13.46720,13.6875,13.45710,13.60750
2016-11-02,13.60750,13.67730,13.31120,13.46330
2016-11-03,13.47250,13.55180,13.37490,13.46480
2016-11-04,13.45480,13.64540,13.43000,13.57500
2016-11-07,13.57750,13.67740,13.32500,13.35870
2016-11-08,13.35750,13.45250,13.17000,13.19000
2016-11-09,13.18460,13.84000,13.17490,13.45000
2016-11-10,13.45000,14.19500,13.32420,14.125
2016-11-11,14.13850,14.48000,13.97330,14.38400
2016-11-14,14.40520,14.52020,14.14000,14.43290
2016-11-15,14.43500,14.44500,14.10430,14.17500
2016-11-16,14.16730,14.38750,14.11000,14.30500
2016-11-17,14.29450,14.44000,14.23120,14.43500
2016-11-18,14.43500,14.65000,14.32070,14.47550
2016-11-21,14.46470,14.48650,14.16100,14.25
2016-11-22,14.23250,14.26500,14.015000,14.075000
2016-11-23,14.086500,14.30850,14.022300,14.15120
2016-11-24,14.16120,14.26750,14.092300,14.16280
2016-11-25,14.16840,14.22090,14.040600,14.11530
2016-11-28,14.074700,14.084900,13.69540,13.73080
2016-11-29,13.73250,14.089000,13.70500,13.88000
2016-11-30,13.88580,14.17250,13.86250,14.095000
2016-12-01,14.089500,14.16030,13.93380,14.10500
2016-12-02,14.11500,14.18500,13.78920,13.80610
2016-12-05,13.80150,13.98550,13.70630,13.72430
2016-12-06,13.72580,13.79500,13.58880,13.64820
2016-12-07,13.65340,13.70490,13.47160,13.47500
2016-12-08,13.47500,13.84000,13.46370,13.65500
2016-12-09,13.65250,13.85500,13.64200,13.82960
2016-12-12,13.8125,13.90750,13.59650,13.61620
2016-12-13,13.60780,13.77500,13.53570,13.61800
2016-12-14,13.61550,13.98570,13.58500,13.93330
2016-12-15,13.92270,14.17950,13.91110,13.96900
2016-12-16,13.96500,14.13750,13.88220,14.080000
2016-12-19,14.072500,14.16140,13.95720,14.13900
2016-12-20,14.14900,14.19190,13.91500,13.99490
2016-12-21,13.99340,14.025000,13.91000,14.0050001
2016-12-22,14.0010004,14.094500,13.91500,14.036000
2016-12-23,14.025500,14.070000,13.93500,14.0073996
2016-12-26,14.015500,14.072500,13.94750,14.010400
2016-12-27,14.0017004,14.022500,13.88540,13.92400
2016-12-28,13.93490,13.96630,13.83350,13.85490
2016-12-29,13.84580,13.88500,13.58500,13.61500
2016-12-30,13.61750,13.82000,13.54970,13.73860
2017-01-02,13.72100,13.78250,13.68240,13.74500
2017-01-03,13.72930,13.85750,13.68740,13.83130
2017-01-04,13.83250,13.83750,13.57750,13.61500
2017-01-05,13.61760,13.74750,13.48500,13.58500
2017-01-06,13.57060,13.78310,13.55500,13.73500
2017-01-09,13.70880,13.80750,13.62840,13.67000
2017-01-10,13.67000,13.77520,13.59080,13.74140
2017-01-11,13.75080,13.99000,13.65120,13.74430
2017-01-12,13.74570,13.79500,13.41500,13.50650
2017-01-13,13.50730,13.60150,13.43490,13.50500
2017-01-16,13.51250,13.71500,13.50180,13.67550
2017-01-17,13.67150,13.70350,13.41240,13.46550
2017-01-18,13.45950,13.63960,13.45000,13.63190
2017-01-19,13.63150,13.6875,13.54250,13.55910
2017-01-20,13.55730,13.64750,13.50120,13.59500
2017-01-23,13.58250,13.66630,13.47430,13.48530
2017-01-24,13.47500,13.50500,13.28500,13.38500
2017-01-25,13.38290,13.41200,13.22500,13.24500
2017-01-26,13.24500,13.43350,13.19460,13.35520
2017-01-27,13.35500,13.59950,13.32500,13.47000
2017-01-30,13.42250,13.69040,13.42150,13.50580
2017-01-31,13.50940,13.61850,13.35790,13.47510
2017-02-01,13.47580,13.54500,13.35990,13.47500
2017-02-02,13.46990,13.48490,13.31430,13.39870
2017-02-03,13.39420,13.50130,13.21120,13.27880
2017-02-06,13.26250,13.42890,13.24400,13.29850
2017-02-07,13.28840,13.47500,13.28700,13.45500
2017-02-08,13.44470,13.53400,13.35070,13.41490
2017-02-09,13.41440,13.49750,13.35500,13.40500
2017-02-10,13.40870,13.44880,13.30790,13.35880
2017-02-13,13.33000,13.40800,13.27030,13.33650
2017-02-14,13.34630,13.35500,13.079500,13.10640
2017-02-15,13.11500,13.17000,12.90500,12.91600
2017-02-16,12.90570,13.065000,12.89520,13.035000
2017-02-17,13.0087996,13.16250,12.96500,13.065000
2017-02-20,13.092500,13.1875,13.017500,13.043300
2017-02-21,13.052500,13.20250,13.030000,13.13780
2017-02-22,13.12860,13.18270,12.93550,12.97330
2017-02-23,12.97090,13.040000,12.79550,12.87000
2017-02-24,12.86950,12.99750,12.84500,12.96000
2017-02-27,12.95450,13.043300,12.87750,13.0084000
2017-02-28,13.017500,13.15020,12.96000,13.12990
2017-03-01,13.13380,13.17000,12.95620,13.024700
2017-03-02,13.027400,13.18580,12.99700,13.15630
2017-03-03,13.14800,13.17970,13.00010014,13.015000
2017-03-06,13.057500,13.083300,12.93500,13.015000
2017-03-07,13.014700,13.044700,12.92470,12.97450
2017-03-08,12.96950,13.15400,12.93870,13.13500
2017-03-09,13.13000,13.37750,13.10850,13.33580
2017-03-10,13.34080,13.34850,13.13410,13.16280
2017-03-13,13.20000,13.20410,13.073200,13.14500
2017-03-14,13.13450,13.25750,13.11500,13.15270
2017-03-15,13.14600,13.17580,12.75500,12.79000
2017-03-16,12.8125,12.88130,12.68060,12.76650
2017-03-17,12.77650,12.81120,12.69260,12.72380
2017-03-20,12.72060,12.74590,12.61600,12.64540
2017-03-21,12.63680,12.71130,12.52630,12.68170
2017-03-22,12.67790,12.73750,12.52950,12.56650
2017-03-23,12.58250,12.61250,12.43850,12.45560
2017-03-24,12.46170,12.52750,12.40690,12.43960
2017-03-27,12.42130,12.84510,12.30940,12.75
2017-03-28,12.73250,13.10680,12.73250,13
2017-03-29,12.98120,13.15840,12.90010,13.040500
2017-03-30,13.029900,13.29500,12.79000,13.29500
2017-03-31,13.27500,13.61780,13.26290,13.42470
2017-04-03,13.41340,13.75170,13.34000,13.69430
2017-04-04,13.67500,13.95090,13.49750,13.62380
2017-04-05,13.62830,13.86950,13.46630,13.80120
2017-04-06,13.79830,13.89100,13.70500,13.75500
2017-04-07,13.78000,13.84750,13.70000,13.76000
2017-04-10,13.75260,13.96260,13.74070,13.94830
2017-04-11,13.95880,13.96130,13.76000,13.80000
2017-04-12,13.79450,13.83250,13.45420,13.46050
2017-04-13,13.46870,13.60250,13.40850,13.45990
2017-04-14,13.46810,13.48960,13.40500,13.41900
2017-04-17,13.42750,13.45640,13.27950,13.29470
2017-04-18,13.34130,13.4375,13.24750,13.27400
2017-04-19,13.26840,13.38710,13.26000,13.28000
2017-04-20,13.27500,13.30000,13.11750,13.15000
2017-04-21,13.14900,13.20040,13.092500,13.13130
2017-04-24,13.11860,13.11860,12.88250,13.015000
2017-04-25,13.018500,13.13300,12.96750,13.057500
2017-04-26,13.065000,13.38520,13.047700,13.28250
2017-04-27,13.28180,13.39750,13.17220,13.35130
2017-04-28,13.34880,13.39820,13.22750,13.36930
2017-05-01,13.35630,13.44000,13.28830,13.41120
2017-05-02,13.40060,13.42500,13.26250,13.34500
2017-05-03,13.35170,13.44130,13.30810,13.43730
2017-05-04,13.43350,13.68420,13.40500,13.65620
2017-05-05,13.65380,13.71250,13.39870,13.42150
2017-05-08,13.43250,13.64820,13.41210,13.62200
2017-05-09,13.61600,13.71000,13.56020,13.625
2017-05-10,13.63370,13.64750,13.42750,13.47400
2017-05-11,13.47330,13.53050,13.31400,13.36860
2017-05-12,13.36950,13.48640,13.31120,13.35600
2017-05-15,13.38250,13.39500,13.15280,13.18000
2017-05-16,13.18000,13.19750,13.032300,13.063800
2017-05-17,13.056900,13.22440,13.041900,13.20140
2017-05-18,13.20550,13.58920,13.17650,13.42500
2017-05-19,13.41910,13.43250,13.20000,13.23400
2017-05-22,13.25250,13.27600,13.13500,13.21950
2017-05-23,13.22000,13.32270,13.019800,13.080000
2017-05-24,13.080000,13.16560,12.87900,12.89680
2017-05-25,12.89750,12.95020,12.83750,12.92950
2017-05-26,12.94000,13.00059986,12.82000,12.86990
2017-05-29,12.87400,13.027500,12.64500,12.96510
2017-05-30,12.96450,13.18500,12.94400,13.13230
2017-05-31,13.12870,13.21750,12.98750,13.10900
2017-06-01,13.12250,13.15000,12.85010,12.88500
2017-06-02,12.89010,12.97500,12.77000,12.81150
2017-06-05,12.80650,12.85530,12.67980,12.70350
2017-06-06,12.69930,12.89730,12.68680,12.82650
2017-06-07,12.82250,12.89650,12.79370,12.83930
2017-06-08,12.84500,12.95000,12.80440,12.91670
2017-06-09,12.90750,12.96750,12.82920,12.95100
2017-06-12,12.95080,12.95100,12.78500,12.82180
2017-06-13,12.81750,12.83750,12.74200,12.76400
2017-06-14,12.76000,12.78850,12.54130,12.63100
2017-06-15,12.62540,12.91870,12.58750,12.87930
2017-06-16,12.87090,12.92700,12.78970,12.81400
2017-06-19,12.79280,13.058100,12.75220,13.0050001
2017-06-20,13.012500,13.12850,12.93130,13.069000
2017-06-21,13.062300,13.14130,13.014800,13.080200
2017-06-22,13.080200,13.085000,12.93500,12.97500
2017-06-23,12.97240,13.032000,12.91100,12.93180
2017-06-26,12.92370,12.94830,12.82120,12.86350
2017-06-27,12.86350,13.042500,12.80370,13.030200
2017-06-28,13.022300,13.085000,12.91620,12.93000
2017-06-29,12.93250,13.090300,12.86370,13.016800
2017-06-30,13.019300,13.14750,12.96750,13.055100
2017-07-03,13.066200,13.25500,13.018700,13.21500
2017-07-04,13.20790,13.28200,13.15430,13.18920
2017-07-05,13.19180,13.50680,13.15170,13.38490
2017-07-06,13.39230,13.52500,13.35500,13.44300
2017-07-07,13.43730,13.53670,13.29130,13.39500
2017-07-10,13.38500,13.52870,13.28380,13.48500
2017-07-11,13.46630,13.63530,13.40700,13.56670
2017-07-12,13.55320,13.57270,13.21890,13.25670
2017-07-13,13.26520,13.29000,13.15310,13.21020
2017-07-14,13.21920,13.27770,12.99500,13.033200
2017-07-17,13.032300,13.094100,12.89990,12.94870
2017-07-18,12.94800,12.97150,12.87590,12.89790
2017-07-19,12.90650,12.96950,12.88350,12.92500
2017-07-20,12.90100,13.070000,12.88360,13.039000
2017-07-21,13.036200,13.065000,12.875,12.91580
2017-07-24,12.91600,13.025000,12.88720,12.96070
2017-07-25,12.96140,13.10040,12.91570,13.082400
2017-07-26,13.078100,13.093100,12.87910,12.90150
2017-07-27,12.89960,13.064700,12.86160,13.00080013
2017-07-28,13.0066996,13.075200,12.97560,13.0095997
2017-07-31,13.026500,13.26000,12.96620,13.18030
2017-08-01,13.22350,13.32000,13.15980,13.27240
2017-08-02,13.27050,13.32500,13.18410,13.20550
2017-08-03,13.20330,13.43550,13.19890,13.40310
2017-08-04,13.39730,13.49000,13.30160,13.45500
2017-08-07,13.42500,13.46790,13.18500,13.22840
2017-08-08,13.23390,13.42860,13.11280,13.375
2017-08-09,13.38530,13.54980,13.35500,13.43390
2017-08-10,13.45500,13.48520,13.32170,13.46240
2017-08-11,13.46880,13.52960,13.39950,13.44180
2017-08-14,13.47970,13.47970,13.26930,13.32800
2017-08-15,13.33000,13.42130,13.27790,13.30980
2017-08-16,13.31400,13.34400,13.16730,13.17890
2017-08-17,13.18090,13.27100,13.12680,13.26140
2017-08-18,13.26290,13.32500,13.14430,13.16140
2017-08-21,13.15670,13.25410,13.14740,13.18630
2017-08-22,13.19740,13.24740,13.13740,13.22420
2017-08-23,13.22480,13.28400,13.13770,13.16060
2017-08-24,13.16040,13.24210,13.12750,13.20280
2017-08-25,13.19500,13.21830,12.99040,13.038000
2017-08-28,13.0099001,13.090000,12.99840,13.060200
2017-08-29,13.037600,13.12750,12.94490,12.98470
2017-08-30,12.98770,13.11450,12.97080,13.0051003
2017-08-31,13.027500,13.095000,12.99000,13.0052004
2017-09-01,13.015200,13.035100,12.86080,12.94170
2017-09-04,12.93050,12.98750,12.91620,12.97500
2017-09-05,12.93740,12.99570,12.85410,12.90750
2017-09-06,12.91500,12.96070,12.74400,12.77500
2017-09-07,12.78580,12.87900,12.75960,12.80650
2017-09-08,12.79500,12.98340,12.75500,12.93760
2017-09-11,12.93170,13.0050001,12.87410,12.97950
2017-09-12,12.98130,13.0625,12.88160,13.010000
2017-09-13,13.025200,13.19260,12.97500,13.13320
2017-09-14,13.13050,13.26670,13.10010,13.12130
2017-09-15,13.13130,13.23350,13.090300,13.16580
2017-09-18,13.16390,13.32080,13.12900,13.30740
2017-09-19,13.29930,13.35500,13.26700,13.32670
2017-09-20,13.32520,13.38500,13.19220,13.33300
2017-09-21,13.34120,13.41140,13.23770,13.28180
2017-09-22,13.26920,13.33400,13.16290,13.24380
2017-09-25,13.28030,13.36860,13.22670,13.32970
2017-09-26,13.32590,13.43000,13.26980,13.37570
2017-09-27,13.36740,13.60990,13.35750,13.58840
2017-09-28,13.58540,13.71450,13.49900,13.52500
2017-09-29,13.51980,13.58690,13.42910,13.55610
2017-10-02,13.56440,13.66530,13.55510,13.60750
2017-10-03,13.60570,13.77830,13.57920,13.65760
2017-10-04,13.64500,13.69830,13.54510,13.56500
2017-10-05,13.56940,13.70000,13.55410,13.68820
2017-10-06,13.69020,13.81750,13.65420,13.77500
2017-10-09,13.74380,13.87000,13.70450,13.80070
2017-10-10,13.8125,13.81750,13.62230,13.70450
2017-10-11,13.69500,13.72750,13.51020,13.52530
2017-10-12,13.52880,13.55380,13.40200,13.48170
2017-10-13,13.48470,13.49870,13.25110,13.26630
2017-10-16,13.28420,13.35700,13.26430,13.31920
2017-10-17,13.32020,13.47210,13.29000,13.39500
2017-10-18,13.39500,13.60000,13.38750,13.57970
2017-10-19,13.58500,13.59900,13.47130,13.48500
2017-10-20,13.5,13.74830,13.49570,13.64000
2017-10-23,13.68580,13.77210,13.64650,13.70880
2017-10-24,13.70330,13.78750,13.67580,13.73600
2017-10-25,13.76540,14.14150,13.70890,14.045000
2017-10-26,14.065000,14.30800,14.0085001,14.24500
2017-10-27,14.24300,14.35770,14.056600,14.064100
2017-10-30,14.11420,14.14420,14.023800,14.049000
2017-10-31,14.049000,14.18500,14.011000,14.12890
2017-11-01,14.12580,14.17220,14.0065002,14.060000
2017-11-02,14.058500,14.083500,13.90000,13.97380
2017-11-03,13.98250,14.27250,13.97170,14.22390
2017-11-06,14.22040,14.29650,14.075500,14.097000
2017-11-07,14.096000,14.26750,14.084600,14.22880
2017-11-08,14.23480,14.26970,14.11760,14.15280
2017-11-09,14.14930,14.31980,14.10210,14.24820
2017-11-10,14.25680,14.42910,14.22410,14.37040
2017-11-13,14.38250,14.58750,14.34500,14.47640
2017-11-14,14.47340,14.52580,14.34460,14.36330
2017-11-15,14.37100,14.45250,14.31080,14.38850
2017-11-16,14.39850,14.43920,14.15090,14.15630
2017-11-17,14.16000,14.24460,13.95600,13.98100
2017-11-20,14.033500,14.088300,13.97640,14.043600
2017-11-21,14.042900,14.15250,13.95420,13.97500
2017-11-22,13.96600,13.99970,13.80530,13.83170
2017-11-23,13.84100,13.93250,13.82920,13.88220
2017-11-24,13.88800,14.15870,13.81910,14.15870
2017-11-27,14.095000,14.14280,13.67750,13.76000
2017-11-28,13.75250,13.81000,13.56430,13.66000
2017-11-29,13.65730,13.75740,13.57730,13.66150
2017-11-30,13.66120,13.73000,13.55750,13.69850
2017-12-01,13.68860,13.80410,13.65870,13.70680
2017-12-04,13.76890,13.81220,13.49710,13.51530
2017-12-05,13.51750,13.57800,13.43500,13.44350
2017-12-06,13.44800,13.59620,13.44540,13.51090
2017-12-07,13.51000,13.75,13.50540,13.73750
2017-12-08,13.73500,13.76000,13.54830,13.65500
2017-12-11,13.70030,13.73780,13.56180,13.60580
2017-12-12,13.60530,13.72750,13.57040,13.67650
2017-12-13,13.67400,13.68250,13.42550,13.45350
2017-12-14,13.45130,13.53750,13.38130,13.50530
2017-12-15,13.51420,13.53500,13.11980,13.14640
2017-12-18,13.12130,13.34500,12.54290,12.77070
2017-12-19,12.76070,12.87200,12.65620,12.71700
2017-12-20,12.70720,12.80750,12.56290,12.71030
2017-12-21,12.70530,12.78420,12.67690,12.76400
2017-12-22,12.77400,12.78750,12.57990,12.59870
2017-12-25,12.64380,12.66500,12.58120,12.63000
2017-12-26,12.60810,12.62980,12.49340,12.52750
2017-12-27,12.51270,12.53920,12.26480,12.26910
2017-12-28,12.27250,12.45020,12.23240,12.37000
2017-12-29,12.38000,12.44100,12.28250,12.37240
2018-01-01,12.37440,12.37440,12.37240,12.37240
2018-01-02,12.37490,12.47750,12.26480,12.45830
2018-01-03,12.46090,12.51910,12.31200,12.36400
2018-01-04,12.35600,12.40770,12.23330,12.31270
2018-01-05,12.32270,12.41530,12.29000,12.30440
2018-01-08,12.33140,12.48500,12.29270,12.38500
2018-01-09,12.38170,12.46500,12.27610,12.34500
2018-01-10,12.33730,12.55480,12.32500,12.43460
2018-01-11,12.43230,12.50500,12.35620,12.38400
2018-01-12,12.39260,12.47560,12.36120,12.36120
2018-01-15,12.32050,12.40500,12.26900,12.30570
2018-01-16,12.30390,12.36570,12.18810,12.27900
2018-01-17,12.26500,12.34870,12.21350,12.30250
2018-01-18,12.30750,12.37250,12.099200,12.13500
2018-01-19,12.13260,12.25520,12.066900,12.19100
2018-01-22,12.12090,12.15500,12.012100,12.051200
2018-01-23,12.047500,12.16750,12.023500,12.032500
2018-01-24,12.032200,12.057500,11.84750,11.85300
2018-01-25,11.85260,11.94500,11.79500,11.91500
2018-01-26,11.92500,11.95500,11.81540,11.86720
2018-01-29,11.83600,12.022500,11.82470,11.94500
2018-01-30,11.94630,12.065000,11.87530,11.96380
2018-01-31,11.95750,11.99750,11.81210,11.86500
2018-02-01,11.87580,11.96080,11.83340,11.85360
2018-02-02,11.85800,12.11000,11.84700,12.091600
2018-02-05,12.033600,12.14750,11.98180,12.125
2018-02-06,12.12750,12.1875,11.88450,11.92730
2018-02-07,11.92140,12.074500,11.87590,12.068500
2018-02-08,12.064100,12.20580,12.021300,12.17070
2018-02-09,12.15350,12.17080,12.012500,12.035200
2018-02-12,12.078500,12.078500,11.87090,11.89170
2018-02-13,11.89430,12.0029001,11.87230,11.96250
2018-02-14,11.96430,11.97670,11.65800,11.71730
2018-02-15,11.72170,11.75190,11.60200,11.61800
2018-02-16,11.61480,11.69200,11.56230,11.63630
2018-02-19,11.68030,11.71100,11.59610,11.66880
2018-02-20,11.68010,11.77510,11.66510,11.73030
2018-02-21,11.72730,11.78750,11.58000,11.66240
2018-02-22,11.66530,11.74310,11.63560,11.65600
2018-02-23,11.65750,11.69500,11.53230,11.54500
2018-02-26,11.56940,11.65080,11.50680,11.55640
2018-02-27,11.54300,11.77960,11.54300,11.72380
2018-02-28,11.72020,11.82750,11.67550,11.79580
2018-03-01,11.79800,11.94910,11.78420,11.85090
2018-03-02,11.85210,12.032500,11.82100,11.89660
2018-03-05,11.93160,12.031100,11.82490,11.83220
2018-03-06,11.83280,11.86000,11.70960,11.77450
2018-03-07,11.76500,11.92590,11.76500,11.83420
2018-03-08,11.83100,11.95750,11.82750,11.90430
2018-03-09,11.90870,11.94400,11.78040,11.81720
2018-03-12,11.82630,11.875,11.77840,11.81980
2018-03-13,11.82860,11.86230,11.74940,11.81480
2018-03-14,11.82820,11.83170,11.73800,11.77200
2018-03-15,11.77330,11.92880,11.76220,11.89860
2018-03-16,11.90970,12.0074997,11.87740,11.97450
2018-03-19,11.96930,12.11440,11.96890,12.016500
2018-03-20,12.015000,12.057500,11.91750,11.96600
2018-03-21,11.96750,12.033900,11.81000,11.83000
2018-03-22,11.84000,11.92050,11.76840,11.85170
2018-03-23,11.83900,11.90750,11.66700,11.74280
2018-03-26,11.68030,11.71110,11.60150,11.62240
2018-03-27,11.64170,11.69720,11.62210,11.67180
2018-03-28,11.66630,11.80580,11.64470,11.77530
2018-03-29,11.77730,11.90080,11.75060,11.83930
2018-03-30,11.83780,11.84750,11.81300,11.83850
2018-04-02,11.87380,11.88020,11.79060,11.84800
2018-04-03,11.84380,11.87800,11.79000,11.82480
2018-04-04,11.82630,11.94500,11.79690,11.88250
2018-04-05,11.88100,11.99070,11.86350,11.97500
2018-04-06,11.96900,12.097500,11.95500,12.025000
2018-04-09,12.031600,12.16250,11.97250,12.091000
2018-04-10,12.092500,12.14160,12.016300,12.037900
2018-04-11,12.039200,12.13030,11.92460,11.94220
2018-04-12,11.94180,12.077500,11.9375,12.060300
2018-04-13,12.060100,12.10060,12.015000,12.069000
2018-04-16,12.058000,12.10900,12.030900,12.052500
2018-04-17,12.061200,12.066300,11.97120,11.98630
2018-04-18,11.98870,12.050500,11.91240,11.93200
2018-04-19,11.93280,11.99920,11.91680,11.96030
2018-04-20,11.96080,12.12330,11.95820,12.098900
2018-04-23,12.082600,12.36500,12.082600,12.35500
2018-04-24,12.35750,12.40450,12.25500,12.32350
2018-04-25,12.32100,12.53750,12.31600,12.44080
2018-04-26,12.43730,12.46750,12.35380,12.40600
2018-04-27,12.40750,12.44890,12.30110,12.32820
2018-04-30,12.33100,12.49250,12.29180,12.46880
2018-05-01,12.46500,12.69750,12.43500,12.66500
2018-05-02,12.65040,12.73750,12.54690,12.70820
2018-05-03,12.71500,12.74750,12.56790,12.58680
2018-05-04,12.58730,12.69550,12.45240,12.5
2018-05-07,12.50340,12.59670,12.48240,12.54410
2018-05-08,12.54100,12.66380,12.49380,12.56870
2018-05-09,12.57100,12.72510,12.52500,12.55950
2018-05-10,12.55750,12.59000,12.26750,12.30000
2018-05-11,12.29500,12.37270,12.17830,12.25400
2018-05-14,12.26510,12.34110,12.18150,12.33050
2018-05-15,12.32610,12.65320,12.32310,12.56680
2018-05-16,12.56930,12.62010,12.39310,12.43800
2018-05-17,12.44110,12.62830,12.40640,12.60470
2018-05-18,12.60880,12.82250,12.51240,12.76250
2018-05-21,12.78330,12.90040,12.66000,12.67880
2018-05-22,12.67880,12.69500,12.49300,12.57020
2018-05-23,12.57970,12.71240,12.40690,12.45260
2018-05-24,12.46060,12.55000,12.38330,12.42040
2018-05-25,12.41450,12.54250,12.40750,12.49100
2018-05-28,12.51120,12.53750,12.42270,12.46770
2018-05-29,12.46760,12.71580,12.44500,12.69530
2018-05-30,12.69480,12.74900,12.51400,12.52180
2018-05-31,12.51630,12.73880,12.44720,12.70130
2018-06-01,12.70060,12.77310,12.58830,12.69060
2018-06-04,12.70490,12.70490,12.51880,12.56880
2018-06-05,12.56780,12.83600,12.52180,12.77150
2018-06-06,12.77300,12.88250,12.66730,12.70900
2018-06-07,12.70230,13.055000,12.67680,12.99620
2018-06-08,12.97770,13.29250,12.94470,13.065500
2018-06-11,13.11940,13.17980,12.99460,13.16470
2018-06-12,13.16280,13.35260,13.13750,13.33610
2018-06-13,13.33630,13.44310,13.18930,13.30930
2018-06-14,13.31060,13.47940,13.10250,13.45600
2018-06-15,13.45280,13.5,13.35970,13.43440
2018-06-18,13.43880,13.73250,13.39170,13.64300
2018-06-19,13.64720,13.92250,13.62880,13.75200
2018-06-20,13.74390,13.77270,13.56000,13.65530
2018-06-21,13.65880,13.79250,13.55750,13.57950
2018-06-22,13.57570,13.59500,13.40000,13.43830
2018-06-25,13.43500,13.65000,13.40960,13.55000
2018-06-26,13.54860,13.62060,13.47420,13.54350
2018-06-27,13.53760,13.94430,13.51510,13.85850
2018-06-28,13.85500,14.00020027,13.75810,13.76300
2018-06-29,13.76300,13.84550,13.67330,13.72750
2018-07-02,13.72530,13.92520,13.71270,13.82500
2018-07-03,13.83800,13.90700,13.65700,13.67540
2018-07-04,13.67360,13.74610,13.60270,13.68010
2018-07-05,13.67980,13.73620,13.50010,13.53740
2018-07-06,13.55350,13.64280,13.45200,13.47020
2018-07-09,13.47680,13.49090,13.30970,13.41280
2018-07-10,13.40840,13.52750,13.24270,13.32950
2018-07-11,13.29360,13.58000,13.28500,13.55910
2018-07-12,13.54430,13.57910,13.23250,13.30230
2018-07-13,13.29780,13.40230,13.22440,13.26840
2018-07-16,13.31700,13.31700,13.16680,13.22010
2018-07-17,13.21970,13.29830,13.18500,13.26810
2018-07-18,13.26920,13.37710,13.20710,13.26750
2018-07-19,13.27500,13.61000,13.26010,13.53840
2018-07-20,13.54730,13.63500,13.39110,13.40510
2018-07-23,13.39750,13.57500,13.38700,13.45500
2018-07-24,13.47980,13.52600,13.25500,13.28500
2018-07-25,13.27690,13.32730,13.097400,13.10920
2018-07-26,13.10940,13.27270,13.10260,13.24290
2018-07-27,13.23790,13.29500,13.13490,13.17930
2018-07-30,13.20440,13.22810,13.12450,13.15780
2018-07-31,13.15610,13.27920,13.072800,13.27500
2018-08-01,13.26760,13.38580,13.17310,13.23000
2018-08-02,13.22110,13.51390,13.19750,13.44880
2018-08-03,13.44300,13.51580,13.27080,13.32560
2018-08-06,13.35450,13.47190,13.31640,13.44230
2018-08-07,13.44490,13.45990,13.27470,13.33410
2018-08-08,13.33980,13.48320,13.26060,13.39550
2018-08-09,13.38310,13.71660,13.35430,13.70830
2018-08-10,13.69730,14.15230,13.65210,14.10400
2018-08-13,14.14280,15.48760,14.13290,14.41980
2018-08-14,14.42030,14.48340,14.024900,14.24490
2018-08-15,14.24840,14.75280,14.15890,14.56990
2018-08-16,14.57600,14.88840,14.31880,14.72570
2018-08-17,14.72710,15.026700,14.61020,14.64130
2018-08-20,14.63690,14.80470,14.44470,14.52640
2018-08-21,14.52460,14.53830,14.27330,14.39260
2018-08-22,14.38420,14.45920,14.13720,14.16580
2018-08-23,14.16560,14.45750,14.15320,14.40500
2018-08-24,14.39060,14.44060,14.16800,14.20870
2018-08-27,14.25030,14.35530,14.10880,14.17000
2018-08-28,14.17000,14.24750,13.95500,14.23000
2018-08-29,14.23650,14.51190,14.17680,14.35500
2018-08-30,14.35820,14.84310,14.32820,14.72090
2018-08-31,14.72700,14.80140,14.59460,14.6875
2018-09-03,14.69500,14.95150,14.65250,14.85540
2018-09-04,14.86190,15.40020,14.85250,15.34570
2018-09-05,15.34060,15.69690,15.24500,15.43500
2018-09-06,15.44770,15.54980,15.24270,15.33300
2018-09-07,15.33000,15.37000,15.057500,15.23720
2018-09-10,15.24040,15.33610,15.11510,15.19370
2018-09-11,15.18470,15.22940,15.0036001,15.052600
2018-09-12,15.056300,15.18880,14.91750,14.95620
2018-09-13,14.95270,14.97750,14.61480,14.77590
2018-09-14,14.79630,14.97250,14.66390,14.93450
2018-09-17,14.94120,15.079100,14.85370,14.92190
2018-09-18,14.91830,15.0024996,14.80510,14.90590
2018-09-19,14.90670,14.92520,14.60710,14.67980
2018-09-20,14.67940,14.69000,14.26950,14.28730
2018-09-21,14.30850,14.44860,14.18440,14.31360
2018-09-24,14.29590,14.43780,14.20280,14.37510
2018-09-25,14.37470,14.45230,14.31460,14.35230
2018-09-26,14.36300,14.39520,14.087500,14.13500
2018-09-27,14.14640,14.24460,14.0045996,14.12480
2018-09-28,14.12250,14.26670,14.076700,14.14730
2018-10-01,14.14730,14.23830,14.057300,14.21950
2018-10-02,14.21580,14.45090,14.19750,14.35740
2018-10-03,14.35490,14.67430,14.28160,14.65120
2018-10-04,14.65080,14.93910,14.59330,14.86900
2018-10-05,14.86450,14.89140,14.67460,14.77470
2018-10-08,14.77240,14.99440,14.74850,14.85070
2018-10-09,14.85060,15.069300,14.54930,14.56170
2018-10-10,14.56120,14.80500,14.52340,14.76770
2018-10-11,14.75370,14.78610,14.51610,14.63370
2018-10-12,14.63100,14.63850,14.41410,14.51940
2018-10-15,14.52250,14.57420,14.31420,14.37020
2018-10-16,14.35940,14.41940,14.12940,14.16310
2018-10-17,14.15680,14.28690,14.099400,14.24650
2018-10-18,14.24820,14.50050,14.18000,14.45120
2018-10-19,14.44780,14.47080,14.31410,14.41880
2018-10-22,14.41920,14.43150,14.25460,14.31960
2018-10-23,14.32290,14.44750,14.22160,14.25480
2018-10-24,14.25280,14.61260,14.14000,14.5625
2018-10-25,14.55840,14.64500,14.44660,14.61740
2018-10-26,14.62150,14.76600,14.54750,14.60210
2018-10-29,14.57750,14.75630,14.42250,14.72840
2018-10-30,14.72100,14.73650,14.54650,14.59620
2018-10-31,14.59500,14.85570,14.56730,14.78980
2018-11-01,14.77390,14.80090,14.36120,14.40940
2018-11-02,14.41500,14.47610,14.22500,14.30480
2018-11-05,14.27510,14.42100,14.14050,14.15530
2018-11-06,14.15220,14.28630,14.10590,14.10820
2018-11-07,14.10850,14.20080,13.85750,13.90550
2018-11-08,13.90630,14.18610,13.87800,14.13550
2018-11-09,14.13510,14.42650,14.11310,14.32590
2018-11-12,14.28000,14.49580,14.27320,14.48500
2018-11-13,14.48520,14.57820,14.35190,14.45670
2018-11-14,14.46350,14.47260,14.26920,14.39730
2018-11-15,14.39780,14.40750,14.125,14.21530
2018-11-16,14.16720,14.25320,13.94310,14.022700
2018-11-19,14.056600,14.080400,13.92250,14.030600
2018-11-20,14.025000,14.17000,13.98000,14.096900
2018-11-21,14.098700,14.14400,13.83750,13.93190
2018-11-22,13.91970,13.96560,13.71000,13.75130
2018-11-23,13.76750,13.91750,13.73000,13.85880
2018-11-26,13.82170,13.92690,13.71330,13.90260
2018-11-27,13.90930,14.0047998,13.78560,13.92840
2018-11-28,13.92610,14.00059986,13.73430,13.77460
2018-11-29,13.77850,13.79600,13.60000,13.66880
2018-11-30,13.67060,13.93690,13.63230,13.86920
2018-12-03,13.73300,13.77970,13.57870,13.69130
2018-12-04,13.69070,13.88620,13.53960,13.85500
2018-12-05,13.82630,13.88500,13.71870,13.84500
2018-12-06,13.85280,14.21960,13.84170,14.048800
2018-12-07,14.038800,14.20570,13.92120,14.16150
2018-12-10,14.14150,14.48340,14.086800,14.38250
2018-12-11,14.40070,14.47880,14.24750,14.34260
2018-12-12,14.34400,14.36810,14.037000,14.10270
2018-12-13,14.11040,14.24330,14.066600,14.18220
2018-12-14,14.20110,14.47930,14.18010,14.40160
2018-12-17,14.40780,14.45660,14.29420,14.39640
2018-12-18,14.39670,14.41600,14.24310,14.35500
2018-12-19,14.34430,14.43740,14.10520,14.38160
2018-12-20,14.38170,14.42590,14.16870,14.40000
2018-12-21,14.41640,14.70530,14.29250,14.63720
2018-12-24,14.63750,14.66890,14.49500,14.58730
2018-12-25,14.58600,14.65880,14.55630,14.61380
2018-12-26,14.63130,14.63880,14.48000,14.56090
2018-12-27,14.52980,14.58580,14.44020,14.49380
2018-12-28,14.52400,14.53060,14.33930,14.42980
2018-12-31,14.44500,14.46500,14.34410,14.36230
2019-01-01,14.35400,14.40750,14.32210,14.38750
2019-01-02,14.39040,14.54460,14.30710,14.46550
2019-01-03,14.46660,14.69280,14.24280,14.30300
2019-01-04,14.30180,14.38220,13.91580,13.96230
2019-01-07,13.96580,14.017800,13.82780,13.87420
2019-01-08,13.87860,14.056100,13.85930,13.96890
2019-01-09,13.96630,14.031000,13.82170,13.85840
2019-01-10,13.86060,13.95950,13.81140,13.85480
2019-01-11,13.86500,13.90390,13.77880,13.83510
2019-01-14,13.88540,13.96500,13.75290,13.77200
2019-01-15,13.77330,13.84330,13.71570,13.73870
2019-01-16,13.73380,13.76750,13.64250,13.69040
2019-01-17,13.67820,13.83510,13.66130,13.72350
2019-01-18,13.72530,13.87050,13.68500,13.84300
2019-01-21,13.84300,13.91020,13.81370,13.82680
2019-01-22,13.82700,13.98750,13.81870,13.97060
2019-01-23,13.97060,13.97800,13.80020,13.81730
2019-01-24,13.81930,13.86060,13.66830,13.72060
2019-01-25,13.71610,13.75100,13.58160,13.61530
2019-01-28,13.64410,13.72520,13.58340,13.66650
2019-01-29,13.67150,13.73660,13.58500,13.59820
2019-01-30,13.60040,13.65370,13.30960,13.33010
2019-01-31,13.32710,13.39810,13.22810,13.25580
2019-02-01,13.26100,13.39030,13.24620,13.32330
2019-02-04,13.31330,13.44250,13.31320,13.41900
2019-02-05,13.42350,13.44560,13.33490,13.37580
2019-02-06,13.375,13.60130,13.36830,13.54940
2019-02-07,13.54020,13.68000,13.51600,13.62070
2019-02-08,13.62250,13.70750,13.57110,13.62570
2019-02-11,13.61870,13.84770,13.57180,13.80840
2019-02-12,13.80880,13.85410,13.72610,13.77070
2019-02-13,13.77500,14.067300,13.70050,14.064000
2019-02-14,14.057800,14.27750,13.95480,14.13850
2019-02-15,14.13000,14.20490,14.043400,14.082800
2019-02-18,14.10090,14.16800,14.031200,14.12040
2019-02-19,14.11640,14.20730,13.99850,14.040700
2019-02-20,14.047800,14.37750,13.92850,14.024300
2019-02-21,14.016800,14.064100,13.86900,14.024400
2019-02-22,14.026500,14.059500,13.94660,13.99780
2019-02-25,13.96600,13.99750,13.79820,13.82950
2019-02-26,13.83090,13.89730,13.82290,13.83970
2019-02-27,13.83930,13.97750,13.82050,13.93880
2019-02-28,13.93290,14.098100,13.91540,14.085200
2019-03-01,14.080200,14.24400,14.067400,14.22900
2019-03-04,14.19260,14.29400,14.14650,14.21780
2019-03-05,14.21780,14.22710,14.11020,14.16520
2019-03-06,14.16410,14.27650,14.15500,14.26780
2019-03-07,14.26420,14.56500,14.20450,14.50500
2019-03-08,14.51390,14.59320,14.38880,14.43930
2019-03-11,14.44290,14.45960,14.31500,14.33500
2019-03-12,14.34010,14.37750,14.22250,14.34730
2019-03-13,14.35880,14.46120,14.29820,14.42500
2019-03-14,14.41500,14.54430,14.40300,14.53890
2019-03-15,14.53340,14.54500,14.375,14.41460
2019-03-18,14.41710,14.49080,14.35670,14.45710
2019-03-19,14.45160,14.53500,14.33600,14.51000
2019-03-20,14.50440,14.54220,14.15480,14.26050
2019-03-21,14.26260,14.31800,14.14150,14.21500
2019-03-22,14.19830,14.55690,14.18260,14.5
2019-03-25,14.49500,14.53670,14.26500,14.30950
2019-03-26,14.31650,14.46220,14.29500,14.41750
2019-03-27,14.41540,14.68080,14.39040,14.60110
2019-03-28,14.60540,14.76240,14.56500,14.60470
2019-03-29,14.61650,14.62670,14.37420,14.49750
2019-04-01,14.49820,14.49820,14.13280,14.15830
2019-04-02,14.20390,14.29350,14.077100,14.21000
2019-04-03,14.20930,14.22560,14.10280,14.14500
2019-04-04,14.14570,14.22840,14.085000,14.125
2019-04-05,14.11840,14.15500,14.017950,14.091000
2019-04-08,14.076300,14.18240,14.062750,14.10050
2019-04-09,14.11000,14.14130,14.0050001,14.083800
2019-04-10,14.086500,14.098800,13.89405,13.91000
2019-04-11,13.90650,14.056550,13.86875,13.99760
2019-04-12,14.011500,14.10290,13.91065,13.94930
2019-04-15,13.96805,14.072150,13.89260,14.036500
2019-04-16,14.047000,14.12590,14.0041504,14.028700
2019-04-17,14.032600,14.057300,13.92005,13.97370
2019-04-18,13.98500,14.12570,13.96960,14.045700
2019-04-19,14.073900,14.082050,14.046450,14.050000
2019-04-22,14.055000,14.18845,14.055000,14.14810
2019-04-23,14.16105,14.33970,14.13710,14.24830
2019-04-24,14.25720,14.47750,14.25225,14.42280
2019-04-25,14.43060,14.55855,14.39360,14.40920
2019-04-26,14.40700,14.47500,14.27660,14.37570
2019-04-29,14.38070,14.38085,14.28320,14.31000
2019-04-30,14.32000,14.39250,14.26815,14.29350
2019-05-01,14.29615,14.47735,14.26755,14.45130
2019-05-02,14.45570,14.57375,14.40860,14.51570
2019-05-03,14.52130,14.59005,14.33745,14.34070
2019-05-06,14.39250,14.53870,14.34960,14.46000
2019-05-07,14.46150,14.52625,14.38835,14.42240
2019-05-08,14.43155,14.46520,14.29910,14.35400
2019-05-09,14.37540,14.47030,14.29445,14.33850
2019-05-10,14.34475,14.38660,14.13515,14.15230
2019-05-13,14.16500,14.38625,14.15630,14.33100
2019-05-14,14.33450,14.36395,14.19360,14.23800
2019-05-15,14.24210,14.30280,14.17375,14.21410
2019-05-16,14.22050,14.30625,14.12445,14.28470
2019-05-17,14.28690,14.45905,14.27750,14.41130
2019-05-20,14.41500,14.44150,14.33955,14.37990
2019-05-21,14.38550,14.49420,14.34800,14.40000
2019-05-22,14.40130,14.44820,14.33080,14.36310
2019-05-23,14.375,14.54165,14.35680,14.47020
2019-05-24,14.46620,14.50750,14.38060,14.39000
2019-05-27,14.41830,14.49000,14.38155,14.41200
2019-05-28,14.43380,14.75370,14.40990,14.72700
2019-05-29,14.73240,14.89520,14.63500,14.64450
2019-05-30,14.65400,14.74565,14.56750,14.72150
2019-05-31,14.72910,14.85750,14.53190,14.58000
2019-06-03,14.59500,14.62580,14.43890,14.44980
2019-06-04,14.45500,14.78115,14.39835,14.65000
2019-06-05,14.66180,14.92205,14.61800,14.87000
2019-06-06,14.88350,15.013600,14.83830,14.99280
2019-06-07,14.99725,15.17335,14.89000,14.94850
2019-06-10,14.91485,14.98700,14.76435,14.81920
2019-06-11,14.82405,14.83260,14.65010,14.66110
2019-06-12,14.66580,14.89605,14.62800,14.86460
2019-06-13,14.87590,14.9375,14.81645,14.85710
2019-06-14,14.86500,14.88680,14.75100,14.83430
2019-06-17,14.82250,14.83860,14.76710,14.80090
2019-06-18,14.81790,14.83205,14.48475,14.50880
2019-06-19,14.51880,14.59000,14.29910,14.31640
2019-06-20,14.32260,14.38240,14.19095,14.31150
2019-06-21,14.32330,14.44745,14.29750,14.32000
2019-06-24,14.32500,14.40565,14.23085,14.36410
2019-06-25,14.37030,14.38500,14.26295,14.33980
2019-06-26,14.35210,14.37800,14.20185,14.22230
2019-06-27,14.22640,14.27160,14.12705,14.16270
2019-06-28,14.16500,14.19990,14.070000,14.073300
2019-07-01,14.067550,14.17830,14.037000,14.12670
2019-07-02,14.13790,14.21715,14.074650,14.093600
2019-07-03,14.099400,14.15985,14.037300,14.043100
2019-07-04,14.053500,14.092900,13.95510,14.027500
2019-07-05,14.033800,14.28205,14.017650,14.16840
2019-07-08,14.20630,14.24290,14.097300,14.17370
2019-07-09,14.17230,14.26805,14.12625,14.17250
2019-07-10,14.18380,14.23680,13.96090,13.97930
2019-07-11,13.98230,13.99815,13.85245,13.95850
2019-07-12,13.96100,14.046400,13.88730,13.97820
2019-07-15,13.98250,13.99500,13.85325,13.89720
2019-07-16,13.91065,13.96250,13.83035,13.93760
2019-07-17,13.95130,14.020300,13.93755,14.0066004
2019-07-18,14.016300,14.046450,13.81340,13.83500
2019-07-19,13.84500,13.96825,13.80945,13.93590
2019-07-22,13.94250,13.97875,13.82480,13.85460
2019-07-23,13.86160,13.95400,13.84965,13.92040
2019-07-24,13.93000,13.95960,13.84670,13.87260
2019-07-25,13.88060,14.11450,13.85380,14.067500
2019-07-26,14.084300,14.32020,14.066850,14.29130
2019-07-29,14.25375,14.32125,14.15345,14.15840
2019-07-30,14.16500,14.24235,14.13515,14.20250
2019-07-31,14.20790,14.38940,14.085800,14.33640
2019-08-01,14.34465,14.69335,14.33080,14.65360
2019-08-02,14.66200,14.79875,14.56665,14.77950
2019-08-05,14.77310,14.96725,14.72990,14.90980
2019-08-06,14.91880,15.020450,14.75870,14.91300
2019-08-07,14.93250,15.18790,14.81870,15.051900
2019-08-08,15.064300,15.20485,14.95930,15.019800
2019-08-09,15.038800,15.30385,15.0062504,15.25450
2019-08-12,15.26130,15.47255,15.21445,15.28200
2019-08-13,15.30250,15.40315,15.082800,15.12390
2019-08-14,15.13140,15.44570,15.10470,15.40670
2019-08-15,15.41815,15.44000,15.19780,15.26460
2019-08-16,15.27960,15.33260,15.15005,15.29460
2019-08-19,15.3125,15.50605,15.19605,15.45680
2019-08-20,15.46980,15.47850,15.30810,15.35350
2019-08-21,15.36625,15.38170,15.14765,15.16190
2019-08-22,15.19080,15.27445,15.13010,15.24200
2019-08-23,15.23950,15.30465,15.072600,15.23690
2019-08-26,15.36485,15.44830,15.18815,15.27740
2019-08-27,15.28450,15.40990,15.22985,15.30280
2019-08-28,15.31750,15.44135,15.24295,15.39710
2019-08-29,15.41145,15.49110,15.24915,15.29730
2019-08-30,15.32000,15.35370,15.15670,15.18000
2019-09-02,15.23005,15.25800,15.13035,15.23900
2019-09-03,15.25350,15.29320,15.078250,15.090800
2019-09-04,15.096100,15.15140,14.74890,14.79130
2019-09-05,14.79750,14.90640,14.73020,14.87320
2019-09-06,14.88260,14.90695,14.71560,14.79820
2019-09-09,14.81115,14.81790,14.66370,14.75710
2019-09-10,14.76650,14.78825,14.63240,14.63360
2019-09-11,14.65750,14.76875,14.60440,14.66880
2019-09-12,14.68630,14.71130,14.55140,14.59300
2019-09-13,14.60000,14.62255,14.49885,14.56280
2019-09-16,14.59030,14.71750,14.58120,14.65350
2019-09-17,14.66180,14.84825,14.65050,14.70450
2019-09-18,14.69610,14.73090,14.57785,14.68110
2019-09-19,14.66730,14.83955,14.60375,14.81190
2019-09-20,14.81480,14.99190,14.72120,14.91930
2019-09-23,14.92250,14.96860,14.83375,14.89480
2019-09-24,14.90130,14.95680,14.84055,14.86000
2019-09-25,14.89980,15.069450,14.85635,14.97700
2019-09-26,14.98430,15.088500,14.92925,15.015700
2019-09-27,15.014750,15.19900,15.0088501,15.15130
2019-09-30,15.15630,15.22310,15.12485,15.13300
2019-10-01,15.14380,15.37390,15.12220,15.32210
2019-10-02,15.33450,15.40625,15.19830,15.28520
2019-10-03,15.29500,15.30370,15.11625,15.13520
2019-10-04,15.14675,15.19750,15.019450,15.040000
2019-10-07,15.072500,15.20210,15.023800,15.17310
2019-10-08,15.18305,15.32120,15.083800,15.28220
2019-10-09,15.28040,15.30515,15.12625,15.16850
2019-10-10,15.17250,15.25020,15.011450,15.045200
2019-10-11,15.049700,15.056150,14.70315,14.80050
2019-10-14,14.80550,14.86810,14.72380,14.82070
2019-10-15,14.82750,14.91845,14.75725,14.88150
2019-10-16,14.88915,15.057600,14.86395,14.93600
2019-10-17,14.96720,14.96765,14.76495,14.82190
2019-10-18,14.83680,14.85945,14.73585,14.78050
2019-10-21,14.81000,14.84640,14.72885,14.75080
2019-10-22,14.75540,14.77770,14.56815,14.57950
2019-10-23,14.58635,14.71355,14.57335,14.63850
2019-10-24,14.64850,14.71345,14.57970,14.69750
2019-10-25,14.70170,14.71055,14.56605,14.62540
2019-10-28,14.63290,14.66080,14.51145,14.55370
2019-10-29,14.5625,14.72445,14.52705,14.62200
2019-10-30,14.62650,15.13650,14.59875,14.99200
2019-10-31,15.0079002,15.19090,14.93835,15.093000
2019-11-01,15.098250,15.17050,14.98275,15.026800
2019-11-04,15.0054998,15.020000,14.72785,14.80340
2019-11-05,14.79640,14.83460,14.67305,14.74420
2019-11-06,14.75150,14.87535,14.72625,14.80260
2019-11-07,14.80925,14.85180,14.66335,14.73410
2019-11-08,14.74400,14.87235,14.69105,14.85110
2019-11-11,14.85410,14.96615,14.84200,14.87870
2019-11-12,14.92070,14.95935,14.79915,14.93610
2019-11-13,14.94280,15.010150,14.87660,14.90760
2019-11-14,14.91170,14.97355,14.77770,14.81360
2019-11-15,14.81295,14.84185,14.66165,14.70020
2019-11-18,14.70000,14.83290,14.68495,14.80770
2019-11-19,14.81300,14.84115,14.71295,14.75780
2019-11-20,14.76335,14.87255,14.73315,14.77540
2019-11-21,14.77845,14.80360,14.64530,14.67880
2019-11-22,14.69330,14.76500,14.58920,14.70750
2019-11-25,14.67740,14.79665,14.64820,14.77280
2019-11-26,14.77670,14.85750,14.74260,14.79630
2019-11-27,14.80400,14.83840,14.68535,14.74520
2019-11-28,14.75620,14.81530,14.68880,14.69550
2019-11-29,14.71255,14.77040,14.61595,14.63850
2019-12-02,14.64320,14.71830,14.52565,14.54040
2019-12-03,14.53770,14.70140,14.52170,14.62800
2019-12-04,14.63900,14.66145,14.53120,14.58400
2019-12-05,14.59350,14.70090,14.55200,14.64220
2019-12-06,14.64650,14.67690,14.60775,14.61700
2019-12-09,14.62300,14.69485,14.57055,14.66290
2019-12-10,14.67310,14.87300,14.62145,14.78390
2019-12-11,14.78940,14.82465,14.66295,14.66980
2019-12-12,14.69270,14.70985,14.48545,14.48580
2019-12-13,14.51200,14.55985,14.36785,14.51510
2019-12-16,14.51500,14.53720,14.33475,14.36200
2019-12-17,14.36950,14.44760,14.34180,14.38060
2019-12-18,14.38550,14.46430,14.26035,14.30180
2019-12-19,14.31170,14.36470,14.20390,14.21490
2019-12-20,14.22040,14.28640,14.16250,14.26510
2019-12-23,14.25220,14.28570,14.18315,14.20770
2019-12-24,14.21150,14.24830,14.11850,14.15230
2019-12-25,14.16310,14.19240,14.15240,14.15300
2019-12-26,14.16050,14.18310,14.12445,14.12150
2019-12-27,14.13525,14.15055,13.97750,14.027600
2019-12-30,14.032600,14.13440,13.96315,14.11110
2019-12-31,14.11660,14.14260,13.95960,13.99370
2020-01-01,14.0094995,14.0094995,14.0094995,14.0064001
2020-01-02,14.0088997,14.13595,13.93075,14.082300
2020-01-03,14.086550,14.37525,14.082700,14.31140
2020-01-06,14.31480,14.37645,14.19540,14.19670
2020-01-07,14.21500,14.35280,14.13330,14.29560
2020-01-08,14.31150,14.45635,14.13150,14.15080
2020-01-09,14.16550,14.25960,14.10990,14.20260
2020-01-10,14.21165,14.375,14.16945,14.35780
2020-01-13,14.32220,14.48020,14.28720,14.39700
2020-01-14,14.40650,14.50235,14.35675,14.39510
2020-01-15,14.40815,14.43745,14.33010,14.37970
2020-01-16,14.38665,14.44605,14.34945,14.40800
2020-01-17,14.41300,14.49570,14.35180,14.45190
2020-01-20,14.44220,14.57675,14.43315,14.48660
2020-01-21,14.50980,14.60205,14.44695,14.49300
2020-01-22,14.49825,14.51530,14.31010,14.32470
2020-01-23,14.33000,14.44870,14.27040,14.38930
2020-01-24,14.39850,14.46520,14.30615,14.38260
2020-01-27,14.40800,14.66180,14.40755,14.60080
2020-01-28,14.61000,14.71505,14.53205,14.54540
2020-01-29,14.55105,14.65240,14.51705,14.62870
2020-01-30,14.61585,14.85380,14.59765,14.75900
2020-01-31,14.76435,15.045450,14.73635,14.99580
2020-02-03,15,15.026850,14.83895,14.86720
2020-02-04,14.88700,14.92820,14.71630,14.77850
2020-02-05,14.78290,14.84625,14.66515,14.77060
2020-02-06,14.75040,14.95115,14.70605,14.90270
2020-02-07,14.91100,15.12455,14.87520,15.057400
2020-02-10,15.082500,15.10250,14.93660,14.94570
2020-02-11,14.97870,14.99995,14.77395,14.80630
2020-02-12,14.82155,14.89570,14.73195,14.84920
2020-02-13,14.85010,14.96635,14.82575,14.94400
2020-02-14,14.96270,14.96760,14.82710,14.89670
2020-02-17,14.875,15.026400,14.84390,14.97820
2020-02-18,14.99290,15.091400,14.96620,15.0031004
2020-02-19,15.00049973,15.024700,14.92405,14.97300
2020-02-20,14.98380,15.17355,14.97645,15.11730
2020-02-21,15.095100,15.19130,14.94100,14.99450
2020-02-24,14.97100,15.19030,14.97100,15.13750
2020-02-25,15.15060,15.27715,15.049900,15.20690
2020-02-26,15.21775,15.35095,15.078050,15.30060
2020-02-27,15.31805,15.50275,15.23255,15.48000
2020-02-28,15.48400,15.83570,15.46880,15.66190
2020-03-02,15.65310,15.89930,15.37805,15.36750
2020-03-03,15.37850,15.63235,15.21110,15.40080
2020-03-04,15.41260,15.43915,15.22415,15.25150
2020-03-05,15.26380,15.64555,15.23995,15.62020
2020-03-06,15.59840,15.77500,15.54645,15.65980
2020-03-09,15.67230,16.97040,15.67230,16.080999
2020-03-10,16.098499,16.12640,15.75440,15.92910
2020-03-11,15.94260,16.30315,15.92310,16.20400
2020-03-12,16.20870,16.59580,16.055950,16.52510
2020-03-13,16.53760,16.62400,16.0098991,16.27210
2020-03-16,16.21760,16.74990,16.038700,16.69220
2020-03-17,16.70470,16.74035,16.42560,16.59000
2020-03-18,16.61800,17.41970,16.50525,17.086201
2020-03-19,17.10095,17.55250,17.057751,17.45250
2020-03-20,17.46950,17.63220,17.14705,17.59810
2020-03-23,17.54500,17.90925,17.49940,17.82030
2020-03-24,17.83260,17.85650,17.43860,17.50320
2020-03-25,17.52700,17.63150,17.17225,17.32500
2020-03-26,17.33545,17.60895,17.23545,17.31080
2020-03-27,17.32430,17.67600,17.29440,17.625
2020-03-30,17.82500,18.089300,17.76590,17.92430
2020-03-31,17.93500,18.046249,17.67265,17.84020
2020-04-01,17.83700,18.27505,17.80365,18.21880
2020-04-02,18.22650,18.66875,18.076750,18.45500
2020-04-03,18.46715,19.10130,18.46205,19.034000
2020-04-06,19.049000,19.35470,18.52615,18.67360
2020-04-07,18.66820,18.75305,18.073450,18.29420
2020-04-08,18.30950,18.45095,18.12270,18.17350
2020-04-09,18.19305,18.28300,17.84425,18.0067005
2020-04-10,18.030600,18.072750,17.94875,17.95390
2020-04-13,17.98300,18.19870,17.98300,18.11570
2020-04-14,18.12040,18.44725,17.97270,18.29790
2020-04-15,18.31300,18.82920,18.28845,18.68960
2020-04-16,18.70200,18.97100,18.48865,18.86750
2020-04-17,18.88000,18.93785,18.60650,18.73330
2020-04-20,18.82170,18.95875,18.70625,18.83810
2020-04-21,18.85900,19.12135,18.76865,18.96390
2020-04-22,18.97130,19.073250,18.71330,19.011000
2020-04-23,19.020000,19.18625,18.86875,19.094601
2020-04-24,19.080000,19.19760,18.82810,19.021299
2020-04-27,19.049999,19.11380,18.75325,18.76780
2020-04-28,18.78490,18.88535,18.54990,18.65340
2020-04-29,18.67000,18.67670,18.10060,18.13040
2020-04-30,18.15100,18.62580,18.010651,18.51660
2020-05-01,18.52955,18.89060,18.45200,18.83780
2020-05-04,18.77230,18.96180,18.55660,18.55860
2020-05-05,18.57420,18.60860,18.28955,18.51530
2020-05-06,18.51780,18.83850,18.33980,18.72420
2020-05-07,18.78150,18.83620,18.51565,18.58750
2020-05-08,18.57900,18.62285,18.29530,18.33700
2020-05-11,18.38180,18.46525,18.21445,18.41020
2020-05-12,18.42200,18.53280,18.16625,18.42220
2020-05-13,18.45270,18.59670,18.25700,18.48890
2020-05-14,18.49950,18.75980,18.42190,18.42140
2020-05-15,18.44300,18.62125,18.34185,18.55990
2020-05-18,18.63130,18.63130,18.32975,18.34750
2020-05-19,18.35350,18.38070,18.17520,18.32580
2020-05-20,18.34300,18.36210,17.88230,17.91890
2020-05-21,17.92640,18.051550,17.51520,17.57940
2020-05-22,17.58410,17.88285,17.55330,17.62980
2020-05-25,17.61050,17.73115,17.53195,17.63510
2020-05-26,17.64750,17.65900,17.32295,17.38810
2020-05-27,17.40200,17.53850,17.34565,17.37600
2020-05-28,17.38700,17.54265,17.29310,17.49730
2020-05-29,17.52450,17.66705,17.41795,17.54050
2020-06-01,17.56500,17.61900,17.32765,17.35550
2020-06-02,17.36100,17.47910,17.088249,17.15480
2020-06-03,17.16500,17.19005,16.88100,16.91600
2020-06-04,16.93850,17.081450,16.83480,16.89710
2020-06-05,16.90565,16.93900,16.73240,16.86900
2020-06-08,16.85000,16.87920,16.67385,16.66900
2020-06-09,16.67830,16.90270,16.59755,16.63240
2020-06-10,16.62650,16.67110,16.33495,16.49780
2020-06-11,16.51440,17.22130,16.48285,17.16350
2020-06-12,17.17920,17.30610,16.92765,17.062000
2020-06-15,17.066999,17.34555,17.016300,17.10800
2020-06-16,17.071301,17.29335,16.89320,17.24960
2020-06-17,17.24335,17.29675,17.077499,17.18300
2020-06-18,17.20060,17.51585,17.13440,17.45760
2020-06-19,17.46000,17.49975,17.27140,17.31130
2020-06-22,17.32205,17.50480,17.24100,17.31630
2020-06-23,17.34190,17.47995,17.18005,17.23320
2020-06-24,17.21500,17.43450,17.17175,17.38350
2020-06-25,17.38380,17.53495,17.10985,17.13880
2020-06-26,17.14630,17.37735,17.12060,17.23000
2020-06-29,17.29270,17.34495,17.18350,17.27470
2020-06-30,17.27620,17.41335,17.24845,17.32100
2020-07-01,17.34560,17.38195,17.020500,17.045000
2020-07-02,17.050800,17.072451,16.87185,16.98920
2020-07-03,16.98525,17.11195,16.91205,16.99940
2020-07-06,17.035000,17.090000,16.88575,16.97260
2020-07-07,16.96310,17.19500,16.92245,17.15460
2020-07-08,17.16625,17.21775,16.91750,16.92620
2020-07-09,16.93820,16.97635,16.79085,16.83440
2020-07-10,16.85810,16.97850,16.73740,16.76650
2020-07-13,16.77500,16.89045,16.65770,16.83690
2020-07-14,16.85625,16.89445,16.70060,16.73060
2020-07-15,16.73310,16.75510,16.50610,16.57900
2020-07-16,16.60130,16.79105,16.57480,16.78480
2020-07-17,16.77745,16.77025,16.63470,16.67880
2020-07-20,16.65880,16.76635,16.59885,16.62210
2020-07-21,16.63180,16.64635,16.36045,16.40750
2020-07-22,16.41015,16.52610,16.34085,16.46830
2020-07-23,16.48100,16.70720,16.40340,16.65230
2020-07-24,16.66450,16.81070,16.57965,16.67050
2020-07-27,16.68140,16.72150,16.39135,16.41460
2020-07-28,16.43230,16.60940,16.35250,16.51020
2020-07-29,16.52630,16.62700,16.38070,16.54860
2020-07-30,16.5,16.95055,16.48695,16.75650
2020-07-31,16.82170,17.10395,16.69085,17.0088005
2020-08-03,17.047501,17.35330,17.017599,17.18310
2020-08-04,17.19305,17.53840,17.11460,17.41500
2020-08-05,17.38430,17.43630,17.16720,17.32080
2020-08-06,17.31480,17.66835,17.23955,17.42140
2020-08-07,17.42125,17.69055,17.41180,17.63170
2020-08-10,17.61630,17.79010,17.59740,17.68350
2020-08-11,17.69770,17.74220,17.41685,17.47790
2020-08-12,17.48990,17.58425,17.33560,17.45570
2020-08-13,17.40330,17.50715,17.36265,17.42110
2020-08-14,17.42540,17.50720,17.32270,17.37490
2020-08-17,17.38660,17.54370,17.31350,17.51100
2020-08-18,17.50750,17.54100,17.28630,17.33250
2020-08-19,17.34000,17.34450,17.11545,17.26750
2020-08-20,17.24670,17.35095,17.18625,17.26580
2020-08-21,17.26760,17.31955,17.096001,17.14520
2020-08-24,17.17980,17.17980,16.89650,16.93960
2020-08-25,16.91710,16.98155,16.71995,16.84330
2020-08-26,16.83810,16.98635,16.75325,16.87000
2020-08-27,16.92000,17.11060,16.80850,17.040300
2020-08-28,17.018299,17.069300,16.55625,16.58270
2020-08-31,16.63130,16.98090,16.54540,16.93610
2020-09-01,16.92750,16.97510,16.55165,16.63630
2020-09-02,16.66630,16.92950,16.61665,16.79880
2020-09-03,16.84080,16.91305,16.64995,16.72250
2020-09-04,16.74750,16.83015,16.54810,16.60680
2020-09-07,16.62940,16.77125,16.58285,16.73430
2020-09-08,16.74160,17.0053997,16.69240,16.90130
2020-09-09,16.93120,17.019350,16.57720,16.60120
2020-09-10,16.60480,16.94280,16.58950,16.89490
2020-09-11,16.86830,16.91635,16.70185,16.73500
2020-09-14,16.74740,16.76270,16.60330,16.65770
2020-09-15,16.67730,16.70530,16.38570,16.43170
2020-09-16,16.44290,16.48255,16.20675,16.22810
2020-09-17,16.23510,16.45185,16.14985,16.15340
2020-09-18,16.16490,16.35150,16.080650,16.31630
2020-09-21,16.34290,16.94470,16.24645,16.77620
2020-09-22,16.78130,16.96925,16.55595,16.79260
2020-09-23,16.79380,17.10840,16.76370,17.066799
2020-09-24,17.054300,17.22865,16.85665,16.91130
2020-09-25,16.93280,17.26795,16.80235,17.11860
2020-09-28,17.13110,17.22265,16.97770,17.044001
2020-09-29,17.056351,17.21505,16.87380,16.94170
2020-09-30,16.95860,17.032000,16.64085,16.73390
2020-10-01,16.74930,16.76965,16.54530,16.59970
2020-10-02,16.62460,16.80355,16.43720,16.54240
2020-10-05,16.52750,16.61650,16.35880,16.57060
2020-10-06,16.56130,16.74505,16.45800,16.72450
2020-10-07,16.69580,16.74250,16.53595,16.61890
2020-10-08,16.63000,16.68060,16.54840,16.57990
2020-10-09,16.58760,16.60240,16.39680,16.45730
2020-10-12,16.41000,16.58525,16.41000,16.50500
2020-10-13,16.49250,16.58780,16.43200,16.45940
2020-10-14,16.47200,16.58575,16.44225,16.52250
2020-10-15,16.51670,16.72250,16.50975,16.65380
2020-10-16,16.65375,16.68270,16.49800,16.54910
2020-10-19,16.53000,16.55470,16.41940,16.50750
2020-10-20,16.51810,16.57930,16.42010,16.47480
2020-10-21,16.48150,16.49925,16.25405,16.29380
2020-10-22,16.32695,16.40890,16.19215,16.19750
2020-10-23,16.21500,16.29520,16.14920,16.18710
2020-10-26,16.21560,16.33045,16.15050,16.22570
2020-10-27,16.20170,16.25870,16.088249,16.19540
2020-10-28,16.20240,16.50355,16.16520,16.38190
2020-10-29,16.39530,16.49350,16.26035,16.38730
2020-10-30,16.39740,16.46455,16.18225,16.24380
2020-11-02,16.25130,16.33460,16.19030,16.21060
2020-11-03,16.21270,16.23720,15.99605,16.058300
2020-11-04,16.073799,16.43720,15.81595,15.87300
2020-11-05,15.87250,15.98860,15.66760,15.67930
2020-11-06,15.68630,15.81215,15.57020,15.58320
2020-11-09,15.64130,15.64130,15.20725,15.36250
2020-11-10,15.36250,15.70615,15.36250,15.625
2020-11-11,15.64990,15.73245,15.52715,15.62040
2020-11-12,15.63310,15.74145,15.51995,15.63900
2020-11-13,15.62630,15.69080,15.48830,15.48410
2020-11-16,15.52630,15.54330,15.30075,15.32950
2020-11-17,15.33750,15.44015,15.30635,15.39700
2020-11-18,15.40250,15.48405,15.28985,15.44710
2020-11-19,15.45040,15.58630,15.37350,15.40950
2020-11-20,15.41000,15.48290,15.28095,15.41110
2020-11-23,15.43230,15.46720,15.25655,15.43880
2020-11-24,15.44630,15.45030,15.18425,15.19220
2020-11-25,15.20680,15.29015,15.10625,15.12370
2020-11-26,15.12970,15.24485,15.096250,15.17730
2020-11-27,15.18480,15.34240,15.14990,15.25330
2020-11-30,15.26080,15.49995,15.23055,15.46620
2020-12-01,15.47370,15.48415,15.20520,15.24430
2020-12-02,15.24900,15.43175,15.20535,15.27330
2020-12-03,15.28425,15.37015,15.14320,15.15510
2020-12-04,15.17210,15.23605,15.12530,15.20850
2020-12-07,15.21350,15.29870,15.096750,15.16320
2020-12-08,15.17070,15.20205,14.96635,14.97760
2020-12-09,15.0074997,15.057300,14.87715,14.96710
2020-12-10,14.97190,15.098250,14.89155,15.017900
2020-12-11,15.056700,15.17325,14.99575,15.12250
2020-12-14,15.13000,15.13000,14.96365,15.028500
2020-12-15,15.025000,15.066150,14.87425,14.87550
2020-12-16,14.88120,14.92150,14.80675,14.81280
2020-12-17,14.82380,14.82865,14.63335,14.63780
2020-12-18,14.65460,14.72545,14.51075,14.52550
2020-12-21,14.54500,14.91365,14.53180,14.59740
2020-12-22,14.59970,14.69865,14.55035,14.64810
2020-12-23,14.68060,14.71075,14.54625,14.58910
2020-12-24,14.59870,14.68980,14.56240,14.60880
2020-12-25,14.63570,14.64070,14.5625,14.56750
2020-12-28,14.63250,14.67380,14.53975,14.63680
2020-12-29,14.65030,14.73300,14.55490,14.70760
2020-12-30,14.70780,14.73005,14.57675,14.60030
2020-12-31,14.60780,14.72035,14.57065,14.68780
2021-01-01,14.69495,14.69930,14.66130,14.65380
2021-01-04,14.67750,14.75005,14.50630,14.71490
2021-01-05,14.71830,15.066400,14.62690,14.96760
2021-01-06,14.98155,15.14790,14.88445,15.052500
2021-01-07,15.070000,15.47705,14.99545,15.42850
2021-01-08,15.42080,15.49640,15.20500,15.28380
2021-01-11,15.30130,15.66575,15.29255,15.54720
2021-01-12,15.52040,15.60875,15.20515,15.25100
2021-01-13,15.27250,15.33270,15.15590,15.24760
2021-01-14,15.25880,15.30200,15.028500,15.069100
2021-01-15,15.094200,15.30560,15.025850,15.21910
2021-01-18,15.20000,15.38180,15.15230,15.14980
2021-01-19,15.16130,15.20560,14.91440,14.97470
2021-01-20,14.95790,15.029800,14.85375,14.89540
2021-01-21,14.89830,15.015350,14.76000,14.93470
2021-01-22,14.95250,15.16830,14.90165,15.10930
2021-01-25,15.11680,15.27925,15.061300,15.23410
2021-01-26,15.21610,15.37635,15.045400,15.061300
2021-01-27,15.052100,15.32705,15.030500,15.25780
2021-01-28,15.26115,15.38300,15.053650,15.17500
2021-01-29,15.20665,15.29250,14.95245,15.15750
2021-02-01,15.16500,15.22230,14.96760,15.066500
2021-02-02,15.0625,15.084000,14.89110,14.95760
2021-02-03,14.96740,15.024600,14.88240,14.93540
2021-02-04,14.93880,15.12785,14.92395,14.99630
2021-02-05,15.0031004,15.034900,14.82160,14.86640
2021-02-08,14.87770,15.013350,14.83485,14.87630
2021-02-09,14.88300,14.88335,14.71470,14.72340
2021-02-10,14.73350,14.76645,14.63650,14.74540
2021-02-11,14.74750,14.77310,14.60530,14.62860
2021-02-12,14.66830,14.69750,14.52050,14.54920
2021-02-15,14.54380,14.55940,14.41435,14.44320
2021-02-16,14.45460,14.70915,14.40230,14.64960
2021-02-17,14.67000,14.82725,14.61545,14.64270
2021-02-18,14.63080,14.72320,14.50270,14.59840
2021-02-19,14.59170,14.73945,14.52130,14.64490
2021-02-22,14.65330,14.92505,14.61945,14.66590
2021-02-23,14.67630,14.75160,14.53240,14.53430
2021-02-24,14.53930,14.66190,14.39595,14.48870
2021-02-25,14.49810,15.10940,14.45125,15.0625
2021-02-26,15.027600,15.19770,14.80810,15.092600
2021-03-01,15.10010,15.13940,14.89520,15.010000
2021-03-02,15.017500,15.11920,14.92000,14.93260
2021-03-03,14.96330,15.11350,14.85590,15.078500
2021-03-04,15.087300,15.34620,14.99600,15.29180
2021-03-05,15.27420,15.44145,15.22715,15.34790
2021-03-08,15.35540,15.57310,15.30990,15.53160
2021-03-09,15.51500,15.55545,15.26850,15.29500
2021-03-10,15.29340,15.37705,15.052800,15.064900
2021-03-11,15.088600,15.12015,14.78685,14.82290
2021-03-12,14.82970,15.044850,14.80380,14.93230
2021-03-15,14.90000,15.032500,14.82895,14.85580
2021-03-16,14.85750,14.95775,14.77325,14.85630
2021-03-17,14.86990,14.98045,14.61245,14.64630
2021-03-18,14.65320,14.82250,14.60815,14.76730
2021-03-19,14.78790,14.82530,14.64460,14.70020
2021-03-22,14.84670,14.95590,14.67370,14.70880
2021-03-23,14.71960,14.94445,14.69005,14.90230
2021-03-24,14.90980,14.99845,14.75115,14.96990
2021-03-25,14.92040,15.096550,14.85795,15.019600
2021-03-26,15.047500,15.10325,14.93230,14.99700
2021-03-29,15.0045004,15.071400,14.87040,14.90420
2021-03-30,14.91500,15.00070000,14.86690,14.91290
2021-03-31,14.91720,14.96840,14.72060,14.76650
2021-04-01,14.77670,14.84785,14.61120,14.61450
2021-04-02,14.65830,14.6875,14.60375,14.67120
2021-04-05,14.68190,14.71090,14.52125,14.54570
2021-04-06,14.55670,14.62240,14.48820,14.51680
2021-04-07,14.53330,14.60440,14.48325,14.55460
2021-04-08,14.56670,14.59325,14.44445,14.50410
2021-04-09,14.52000,14.62940,14.50005,14.59370
2021-04-12,14.625,14.66915,14.54465,14.56510
2021-04-13,14.58170,14.68815,14.50090,14.52330
2021-04-14,14.53080,14.53625,14.36795,14.38720
2021-04-15,14.39760,14.43935,14.15085,14.15560
2021-04-16,14.20000,14.35185,14.14565,14.30090
2021-04-19,14.34210,14.34210,14.17035,14.21440
2021-04-20,14.22460,14.33985,14.18395,14.29710
2021-04-21,14.30330,14.34010,14.22540,14.24080
2021-04-22,14.24630,14.36650,14.20075,14.29750
2021-04-23,14.30700,14.35725,14.23540,14.26850
2021-04-26,14.30730,14.30730,14.22180,14.27220
2021-04-27,14.27250,14.39230,14.25460,14.36290
2021-04-28,14.34960,14.43970,14.20615,14.22750
2021-04-29,14.24790,14.36365,14.14630,14.30080
2021-04-30,14.31170,14.51880,14.28600,14.49380
2021-05-03,14.53210,14.53210,14.36735,14.39130
2021-05-04,14.39460,14.54455,14.38840,14.45410
2021-05-05,14.5,14.53295,14.34120,14.36170
2021-05-06,14.37630,14.38530,14.18315,14.24010
2021-05-07,14.22045,14.27010,14.049200,14.054100
2021-05-10,14.059300,14.12560,13.96215,14.039000
2021-05-11,14.034600,14.084800,13.94920,13.99430
2021-05-12,14.025800,14.14535,13.95760,14.11380
2021-05-13,14.13050,14.20190,14.055550,14.10750
2021-05-14,14.10530,14.18435,14.020850,14.11080
2021-05-17,14.11830,14.18830,14.088000,14.10790
2021-05-18,14.099400,14.11740,13.96380,13.98750
2021-05-19,14.00014973,14.13190,13.97090,14.10050
2021-05-20,14.10630,14.11840,13.96145,13.96920
2021-05-21,13.99540,14.012800,13.89055,13.95600
2021-05-24,13.95500,14.030300,13.90465,13.91670
2021-05-25,13.91920,13.93625,13.81380,13.85410
2021-05-26,13.86710,13.88055,13.74065,13.76560
2021-05-27,13.77310,13.80670,13.67575,13.75200
2021-05-28,13.76920,13.87940,13.72545,13.75790
2021-05-31,13.77500,13.80500,13.71315,13.71830
2021-06-01,13.72580,13.80075,13.67805,13.74590
2021-06-02,13.74810,13.82095,13.50820,13.51170
2021-06-03,13.52540,13.65870,13.49585,13.63010
2021-06-04,13.63170,13.69025,13.41390,13.43460
2021-06-07,13.40000,13.54280,13.40000,13.49000
2021-06-08,13.49750,13.60930,13.48755,13.56560
2021-06-09,13.54790,13.76790,13.51905,13.75060
2021-06-10,13.74610,13.76850,13.56935,13.59470
2021-06-11,13.59680,13.76515,13.52060,13.67580
2021-06-14,13.69250,13.80720,13.68540,13.76500
2021-06-15,13.78700,13.85805,13.70880,13.76070
2021-06-16,13.77290,14.043350,13.67780,14.0092001
2021-06-17,14.0042000,14.16340,13.93925,14.072000
2021-06-18,14.079500,14.40050,14.058250,14.38060
2021-06-21,14.38810,14.40310,14.20770,14.22960
2021-06-22,14.23920,14.39085,14.14585,14.26250
2021-06-23,14.27170,14.29125,14.14075,14.20750
2021-06-24,14.22855,14.28780,14.15490,14.19130
2021-06-25,14.20380,14.21765,14.019650,14.14120
2021-06-28,14.17230,14.28100,14.13615,14.23500
2021-06-29,14.22480,14.37645,14.21500,14.34660
2021-06-30,14.34830,14.35965,14.21415,14.26760
2021-07-01,14.28260,14.48050,14.23385,14.41740
2021-07-02,14.42240,14.51980,14.21815,14.25030
2021-07-05,14.31880,14.31880,14.20185,14.25810
2021-07-06,14.26370,14.42010,14.16400,14.37910
2021-07-07,14.38160,14.41610,14.24870,14.30460
2021-07-08,14.31790,14.44350,14.28530,14.33170
2021-07-09,14.33910,14.35775,14.16190,14.17460
2021-07-12,14.19600,14.50620,14.19600,14.40580
2021-07-13,14.41040,14.76725,14.38040,14.72790
2021-07-14,14.73280,14.79170,14.44270,14.50710
2021-07-15,14.53500,14.62230,14.44320,14.55700
2021-07-16,14.57210,14.58600,14.33490,14.38580
2021-07-19,14.36370,14.60685,14.36370,14.56480
2021-07-20,14.57080,14.68040,14.50400,14.60040
2021-07-21,14.59590,14.73980,14.53660,14.59580
2021-07-22,14.60330,14.76010,14.50920,14.68300
2021-07-23,14.69830,14.86670,14.67575,14.84250
2021-07-26,14.78750,14.99885,14.76355,14.80690
2021-07-27,14.79830,14.95805,14.76040,14.77910
2021-07-28,14.81260,14.89355,14.70945,14.77450
2021-07-29,14.78200,14.78215,14.52815,14.54940
2021-07-30,14.55705,14.66650,14.52190,14.56220
2021-08-02,14.56040,14.65505,14.37240,14.45460
2021-08-03,14.47250,14.47440,14.29415,14.30880
2021-08-04,14.32000,14.41840,14.22225,14.36520
2021-08-05,14.36500,14.72360,14.33225,14.50290
2021-08-06,14.50910,14.70325,14.44705,14.59270
2021-08-09,14.58980,14.79660,14.57425,14.77830
2021-08-10,14.75030,14.85755,14.73025,14.79160
2021-08-11,14.81400,14.90735,14.61515,14.65110
2021-08-12,14.66370,14.80950,14.63070,14.77800
2021-08-13,14.77210,14.87880,14.68505,14.72070
2021-08-16,14.72905,14.86355,14.6875,14.83180
2021-08-17,14.82710,14.99340,14.78420,14.89330
2021-08-18,14.90855,15.0026999,14.83700,14.93850
2021-08-19,14.92540,15.27375,14.90045,15.20130
2021-08-20,15.21660,15.39635,15.15355,15.29430
2021-08-23,15.30145,15.33940,15.10820,15.11670
2021-08-24,15.15530,15.18765,14.97625,15.0016003
2021-08-25,15.010400,15.059100,14.90110,14.94940
2021-08-26,14.95555,15.012150,14.87755,14.92140
2021-08-27,14.89850,14.95585,14.68770,14.71630
2021-08-30,14.74320,14.74875,14.59145,14.66220
2021-08-31,14.63960,14.69325,14.44630,14.51120
2021-09-01,14.51660,14.54765,14.36185,14.40830
2021-09-02,14.41670,14.49755,14.31165,14.45160
2021-09-03,14.45580,14.49050,14.24810,14.30980
2021-09-06,14.30130,14.37170,14.22625,14.22450
2021-09-07,14.24700,14.35855,14.22405,14.30220
2021-09-08,14.31095,14.36705,14.16105,14.18060
2021-09-09,14.19960,14.24990,14.096900,14.19980
2021-09-10,14.19810,14.23480,14.061200,14.19830
2021-09-13,14.20930,14.26010,14.12575,14.14960
2021-09-14,14.14905,14.34300,14.12465,14.31920
2021-09-15,14.31210,14.48925,14.24470,14.40670
2021-09-16,14.43420,14.62915,14.38055,14.59150
2021-09-17,14.58820,14.79230,14.53400,14.68250
2021-09-20,14.71875,14.86320,14.71875,14.78500
2021-09-21,14.78880,14.90230,14.65685,14.82460
2021-09-22,14.84170,14.88325,14.65425,14.79020
2021-09-23,14.77780,14.86790,14.56620,14.73880
2021-09-24,14.74500,15.040450,14.73450,14.94170
2021-09-27,14.94920,15.10565,14.85940,14.95630
2021-09-28,14.97080,15.17190,14.91085,15.092500
2021-09-29,15.095000,15.22655,14.96585,15.17560
2021-09-30,15.18310,15.25505,14.98295,15.088400
2021-10-01,15.089200,15.14980,14.83910,14.86820
2021-10-04,14.90670,15.078600,14.85050,15.023800
2021-10-05,15.033800,15.11310,14.95310,14.98840
2021-10-06,14.99730,15.20220,14.95415,14.96380
2021-10-07,15.0012999,15.034100,14.81815,14.93000
2021-10-08,14.95645,15.011150,14.78610,14.95320
2021-10-11,14.96070,15.080950,14.89655,15.054300
2021-10-12,15.059400,15.092150,14.90985,14.97550
2021-10-13,14.97710,14.98910,14.78400,14.80390
2021-10-14,14.80690,14.83610,14.70090,14.78460
2021-10-15,14.77870,14.80295,14.59350,14.59430
2021-10-18,14.64000,14.80520,14.60805,14.68160
2021-10-19,14.68180,14.69525,14.50225,14.52240
2021-10-20,14.52970,14.57805,14.35025,14.39250
2021-10-21,14.39810,14.70370,14.37925,14.66750
2021-10-22,14.68545,14.84435,14.56135,14.81750
2021-10-25,14.82500,14.89045,14.67385,14.70460
2021-10-26,14.70310,14.87125,14.65180,14.80110
2021-10-27,14.83415,15.090700,14.80950,15.077500
2021-10-28,15.087100,15.18375,15.044750,15.13150
2021-10-29,15.14310,15.33130,15.11120,15.20380
2021-11-01,15.20880,15.45255,15.20785,15.41720
2021-11-02,15.40570,15.49435,15.34975,15.43180
2021-11-03,15.43850,15.49455,15.23020,15.25890
2021-11-04,15.26145,15.35360,15.14125,15.20750
2021-11-05,15.21090,15.31420,15.013550,15.050400
2021-11-08,15.057900,15.12080,14.89485,14.90830
2021-11-09,14.91420,15.11435,14.86095,15.0092001
2021-11-10,15.033300,15.47555,15.026350,15.41430
2021-11-11,15.42040,15.49220,15.18120,15.29790
2021-11-12,15.29290,15.37880,15.22280,15.35405
2021-11-15,15.33210,15.36360,15.15105,15.22890
2021-11-16,15.24880,15.56160,15.17960,15.50510
2021-11-17,15.50935,15.58290,15.44455,15.49330
2021-11-18,15.50570,15.77050,15.44855,15.57280
2021-11-19,15.64395,15.78940,15.53405,15.71770
2021-11-22,15.72270,15.86675,15.68495,15.85030
2021-11-23,15.84380,15.94400,15.75525,15.82840
2021-11-24,15.81670,15.98210,15.79965,15.89320
2021-11-25,15.88805,15.98325,15.80825,15.95800
2021-11-26,15.94500,16.36830,15.94500,16.30270
2021-11-29,16.30785,16.30785,16.071501,16.14210
2021-11-30,16.14790,16.25095,15.85035,15.87350
2021-12-01,15.90900,16.058201,15.73545,16.029600
2021-12-02,16.024599,16.062250,15.76960,15.92870
2021-12-03,15.94790,16.15045,15.79435,16.076799
2021-12-06,16.082001,16.082951,15.82940,15.88210
2021-12-07,15.90540,16.042549,15.83470,15.83960
2021-12-08,15.84815,15.89990,15.66685,15.69480
2021-12-09,15.71700,16.017401,15.68035,15.92000
2021-12-10,15.92750,16.093250,15.86665,15.97410
2021-12-13,15.97610,16.070200,15.86480,16.021500
2021-12-14,16.031151,16.17480,15.98405,16.089199
2021-12-15,16.12080,16.26960,15.94595,15.97040
2021-12-16,16.000099182,16.042250,15.89710,15.93430
2021-12-17,15.93760,15.98045,15.79895,15.87400
2021-12-20,15.88070,15.96760,15.72755,15.75660
2021-12-21,15.77140,15.89945,15.73175,15.84330
2021-12-22,15.85250,15.92190,15.67245,15.68700
2021-12-23,15.69855,15.82005,15.61020,15.65530
2021-12-24,15.66670,15.68860,15.50620,15.55350
2021-12-27,15.56100,15.57595,15.49735,15.53380
2021-12-28,15.54000,15.83920,15.51980,15.75540
2021-12-29,15.73820,15.97450,15.73075,15.92990
2021-12-30,15.93880,16.026550,15.88045,15.92200
2021-12-31,15.90660,16.00029945,15.87120,15.99210
2022-01-03,16.0037994,16.0091000,15.76140,15.87280
2022-01-04,15.90920,16.080299,15.80760,16.0046997
2022-01-05,16.018400,16.064400,15.70760,15.89620
2022-01-06,15.88680,15.99200,15.66420,15.72750
2022-01-07,15.73325,15.79575,15.55225,15.58750
2022-01-10,15.62670,15.74290,15.56345,15.65890
2022-01-11,15.63120,15.69390,15.50790,15.52500
2022-01-12,15.57600,15.57725,15.28985,15.29400
2022-01-13,15.31170,15.44630,15.26090,15.39960
2022-01-14,15.41040,15.45175,15.26635,15.38460
2022-01-17,15.38960,15.45715,15.32310,15.37970
2022-01-18,15.41680,15.57520,15.35790,15.50210
2022-01-19,15.51800,15.54125,15.27385,15.32630
2022-01-20,15.33055,15.35165,15.096050,15.20160
2022-01-21,15.21535,15.28375,15.059900,15.094100
2022-01-24,15.091900,15.39910,15.081000,15.26430
2022-01-25,15.28500,15.36930,15.20790,15.21830
2022-01-26,15.25040,15.36985,15.11840,15.33110
2022-01-27,15.33725,15.53545,15.21000,15.45960
2022-01-28,15.45835,15.70745,15.42075,15.58040
2022-01-31,15.61000,15.63210,15.32780,15.38080
2022-02-01,15.37880,15.42800,15.20385,15.25780
2022-02-02,15.27210,15.40290,15.21345,15.33400
2022-02-03,15.33425,15.40350,15.23840,15.25410
2022-02-04,15.29250,15.53395,15.22285,15.48360
2022-02-07,15.47070,15.55945,15.39405,15.51000
2022-02-08,15.50360,15.59255,15.33680,15.33850
2022-02-09,15.35785,15.39455,15.16340,15.20680
2022-02-10,15.20510,15.27095,14.97785,15.16140
2022-02-11,15.16780,15.27610,15.056450,15.20070
2022-02-14,15.20960,15.28735,15.088000,15.11850
2022-02-15,15.13250,15.25100,14.99155,15.10810
2022-02-16,15.10290,15.15750,14.97850,14.98780
2022-02-17,14.99710,15.10435,14.90945,14.98740
2022-02-18,14.97520,15.17730,14.92990,15.078400
2022-02-21,15.10725,15.20535,15.039350,15.12320
2022-02-22,15.14170,15.23395,15.013100,15.055800
2022-02-23,15.044200,15.14205,14.97255,15.10710
2022-02-24,15.13500,15.53625,15.086700,15.35540
2022-02-25,15.36320,15.39050,15.10465,15.13810
2022-02-28,15.14560,15.50295,15.14560,15.36140
2022-03-01,15.38915,15.49995,15.25130,15.42240
2022-03-02,15.42320,15.56660,15.28685,15.30710
2022-03-03,15.32115,15.39540,15.15520,15.19750
2022-03-04,15.20830,15.49950,15.18955,15.38910
2022-03-07,15.39660,15.47205,15.24930,15.33540
2022-03-08,15.33960,15.40750,15.20635,15.30010
2022-03-09,15.27940,15.30950,14.97680,15.0015001
2022-03-10,15.0071001,15.16890,14.99700,15.032700
2022-03-11,15.056300,15.12465,14.96870,15.063200
2022-03-14,15.070700,15.14430,15.014500,15.12380
2022-03-15,15.12170,15.18560,15.054900,15.10420
2022-03-16,15.11000,15.14250,14.90655,14.90990
2022-03-17,14.91810,14.98655,14.85180,14.91860
2022-03-18,14.90710,15.033650,14.89585,14.96890
2022-03-21,14.95230,15.011900,14.87225,14.90290
2022-03-22,14.93170,15.0023003,14.78080,14.84600
2022-03-23,14.82415,14.85350,14.73460,14.75340
2022-03-24,14.76000,14.79725,14.51105,14.50810
2022-03-25,14.52385,14.62280,14.47995,14.55630
2022-03-28,14.55580,14.74080,14.50140,14.72980
2022-03-29,14.73730,14.73730,14.49665,14.52920
2022-03-30,14.54625,14.54910,14.42885,14.45830
2022-03-31,14.47520,14.64800,14.40115,14.60380
2022-04-01,14.61920,14.70785,14.53110,14.65750
2022-04-04,14.65210,14.66920,14.56130,14.57960
2022-04-05,14.59290,14.70165,14.51100,14.66940
2022-04-06,14.66440,14.77275,14.60170,14.66290
2022-04-07,14.66305,14.81550,14.64910,14.74150
2022-04-08,14.75800,14.77710,14.61940,14.66940
2022-04-11,14.62455,14.69445,14.55280,14.57830
2022-04-12,14.57790,14.60780,14.45400,14.50420
2022-04-13,14.51880,14.59495,14.44290,14.55540
2022-04-14,14.55670,14.75095,14.50810,14.65620
2022-04-15,14.66200,14.68570,14.58810,14.60760
2022-04-18,14.61510,14.73110,14.59380,14.64170
2022-04-19,14.65710,15.0064497,14.64930,14.94810
2022-04-20,14.96580,15.10315,14.92725,15.016600
2022-04-21,15.044400,15.42815,15.022000,15.39250
2022-04-22,15.38245,15.68350,15.36890,15.63450
2022-04-25,15.59920,15.79870,15.58170,15.67130
2022-04-26,15.68000,15.87230,15.62740,15.83330
2022-04-27,15.82960,15.99405,15.76810,15.89360
2022-04-28,15.90800,16.13520,15.84165,16.022200
2022-04-29,16.029699,16.029699,15.71740,15.80790
2022-05-02,15.81155,16.19755,15.75595,16.11940
2022-05-03,16.14440,16.17350,15.74770,15.76920
2022-05-04,15.77630,15.88000,15.41075,15.44330
2022-05-05,15.44920,16.084351,15.43130,15.98550
2022-05-06,15.98795,16.18135,15.88680,16.0084991
2022-05-09,16.016001,16.27365,16.0077991,16.15500
2022-05-10,16.17900,16.26900,16.053350,16.13790
2022-05-11,16.14540,16.18085,15.98430,16.085699
2022-05-12,16.082100,16.26950,16.054199,16.10080
2022-05-13,16.13170,16.29135,15.97755,16.15330
2022-05-16,16.11670,16.32475,16.11670,16.15510
2022-05-17,16.18550,16.19400,15.88570,15.90460
2022-05-18,15.92220,16.11090,15.87760,16.018299
2022-05-19,16.060600,16.099051,15.76470,15.85090
2022-05-20,15.83670,15.95015,15.78985,15.83320
2022-05-23,15.88440,15.89770,15.63335,15.75150
2022-05-24,15.75990,15.85640,15.62110,15.64290
2022-05-25,15.63200,15.78205,15.55975,15.73080
2022-05-26,15.76380,15.86790,15.68895,15.68480
2022-05-27,15.70680,15.74690,15.53285,15.56880
2022-05-30,15.59130,15.61250,15.44820,15.48430
2022-05-31,15.49180,15.68695,15.47590,15.62580
2022-06-01,15.62880,15.70750,15.48060,15.58390
2022-06-02,15.57710,15.63350,15.44815,15.46950
2022-06-03,15.47660,15.59290,15.37895,15.52960
2022-06-06,15.60000,15.60000,15.29665,15.42920
2022-06-07,15.43330,15.55220,15.32860,15.38420
2022-06-08,15.39420,15.44730,15.25580,15.28250
2022-06-09,15.28480,15.52120,15.16540,15.51040
2022-06-10,15.51055,15.92260,15.39870,15.83050
2022-06-13,15.84950,16.18965,15.81770,16.10250
2022-06-14,16.11140,16.16855,15.97010,16.054100
2022-06-15,16.061600,16.095051,15.71640,15.78290
2022-06-16,15.77610,16.10545,15.74720,15.98510
2022-06-17,15.99470,16.057199,15.85380,15.97080
2022-06-20,15.98670,16.091949,15.94605,16.028500
2022-06-21,16.035999,16.062550,15.82325,15.92040
2022-06-22,15.93120,16.061550,15.85110,15.90670
2022-06-23,15.90830,16.054701,15.90070,15.95270
2022-06-24,15.96650,15.98950,15.75550,15.79900
2022-06-27,15.80000,15.93080,15.76350,15.85630
2022-06-28,15.85650,16.10045,15.80910,16.088400
2022-06-29,16.070999,16.29975,16.026800,16.23050
2022-06-30,16.24000,16.47595,16.17185,16.27200
2022-07-01,16.28020,16.50035,16.27695,16.39580
2022-07-04,16.3125,16.37400,16.23240,16.33020
2022-07-05,16.34945,16.60910,16.21815,16.52830
2022-07-06,16.53680,16.86125,16.50935,16.79870
2022-07-07,16.81080,16.86185,16.67200,16.70190
2022-07-08,16.66860,16.96710,16.66735,16.86250
2022-07-11,16.87000,17.12990,16.83170,17.10630
2022-07-12,17.10000,17.19180,16.93935,17.019600
2022-07-13,17.025400,17.18250,16.85450,16.91170
2022-07-14,16.92580,17.30940,16.91605,17.17230
2022-07-15,17.19930,17.28545,17.043400,17.063400
2022-07-18,17.10230,17.18735,16.96440,17.11700
2022-07-19,17.11815,17.15835,16.95155,17.083099
2022-07-20,17.091499,17.19675,17.032949,17.14850
2022-07-21,17.15160,17.26185,16.99705,17.061600
2022-07-22,17.035400,17.10235,16.78075,16.83040
2022-07-25,16.83790,16.89410,16.71040,16.79490
2022-07-26,16.77940,16.97725,16.68355,16.93540
2022-07-27,16.91630,16.93730,16.65780,16.69520
2022-07-28,16.70670,16.83150,16.47665,16.52260
2022-07-29,16.48555,16.68080,16.38810,16.63890
2022-08-01,16.56170,16.67495,16.41500,16.47290
2022-08-02,16.47000,16.85480,16.43740,16.80520
2022-08-03,16.81330,16.92090,16.67070,16.77320
2022-08-04,16.78790,16.83070,16.59255,16.60620
2022-08-05,16.63210,16.87655,16.54930,16.76360
2022-08-08,16.80000,16.8125,16.57270,16.60630
2022-08-09,16.67470,16.67595,16.55955,16.59050
2022-08-10,16.60080,16.63530,16.11365,16.16590
2022-08-11,16.19380,16.27400,16.10835,16.26650
2022-08-12,16.30470,16.31170,16.15165,16.23520
2022-08-15,16.22585,16.46855,16.18535,16.43680
2022-08-16,16.43370,16.52145,16.34980,16.37160
2022-08-17,16.37630,16.69615,16.35755,16.64460
2022-08-18,16.64920,16.90235,16.62980,16.85490
2022-08-19,16.86520,17.051849,16.86035,16.99340
2022-08-22,16.99985,17.10195,16.97555,16.98610
2022-08-23,16.99705,17.14300,16.90800,16.98290
2022-08-24,16.98830,17.074850,16.91375,16.92810
2022-08-25,16.93905,16.98500,16.70740,16.75880
2022-08-26,16.79680,16.90365,16.71330,16.87040
2022-08-29,16.83960,17.011000,16.78535,16.83670
2022-08-30,16.86190,17.022499,16.74280,16.97410
2022-08-31,16.96830,17.14175,16.88680,17.10690
2022-09-01,17.10220,17.32840,17.085550,17.26960
2022-09-02,17.28420,17.35045,17.18015,17.30080
2022-09-05,17.29670,17.42870,17.12780,17.16990
2022-09-06,17.17740,17.34095,17.054100,17.29440
2022-09-07,17.30125,17.46590,17.23335,17.26570
2022-09-08,17.28205,17.54810,17.21780,17.50570
2022-09-09,17.50730,17.53000,17.21315,17.30250
2022-09-12,17.29750,17.31935,17.048651,17.12440
2022-09-13,17.11170,17.47885,16.99180,17.44970
2022-09-14,17.45490,17.50140,17.35835,17.46890
2022-09-15,17.48065,17.60000,17.43515,17.54630
2022-09-16,17.55020,17.71810,17.54800,17.59880
2022-09-19,17.63790,17.79715,17.60210,17.66330
2022-09-20,17.66630,17.81940,17.62235,17.67420
2022-09-21,17.68325,17.79695,17.53410,17.73160
2022-09-22,17.72340,17.81105,17.44285,17.58310
2022-09-23,17.59060,17.99090,17.55475,17.88950
2022-09-26,17.89450,18.13140,17.89450,18.073799
2022-09-27,18.090401,18.10190,17.84105,18.0053997
2022-09-28,18.014999,18.22435,17.79945,17.84540
2022-09-29,17.88500,18.10855,17.77465,18.026400
2022-09-30,18.0028000,18.15370,17.86315,18.14620
2022-10-03,18.075600,18.11315,17.81995,17.83980
2022-10-04,17.84590,17.86595,17.56940,17.62960
2022-10-05,17.63050,17.90045,17.58775,17.77280
2022-10-06,17.79910,18.018700,17.68810,17.97260
2022-10-07,17.99240,18.17400,17.94885,18.12320
2022-10-10,18.12190,18.23850,18.045500,18.087400
2022-10-11,18.11300,18.22005,17.98700,18.17160
2022-10-12,18.17110,18.33695,18.11895,18.29160
2022-10-13,18.30255,18.58170,18.19610,18.26500
2022-10-14,18.27185,18.37245,18.099850,18.35420
2022-10-17,18.26270,18.32425,17.99925,18.073000
2022-10-18,18.079000,18.19210,17.94600,18.10110
2022-10-19,18.10990,18.34780,18.061350,18.27870
2022-10-20,18.28980,18.36490,18.15165,18.23450
2022-10-21,18.28820,18.53680,18.050200,18.10920
2022-10-24,18.092899,18.46800,18.041100,18.39010
2022-10-25,18.41830,18.50485,18.18180,18.19950
2022-10-26,18.20790,18.25420,17.90275,17.93570
2022-10-27,17.93975,18.10510,17.87450,17.97560
2022-10-28,18.0063000,18.19185,17.90755,18.10620
2022-10-31,18.14690,18.39920,18.11430,18.29030
2022-11-01,18.29780,18.36900,18.060600,18.19160
2022-11-02,18.19910,18.28480,17.98395,18.26000
2022-11-03,18.23700,18.52990,18.20690,18.40570
2022-11-04,18.40660,18.42525,17.87485,17.89060
2022-11-07,18.016251,18.060200,17.68270,17.73280
2022-11-08,17.74650,17.87280,17.65065,17.70140
2022-11-09,17.70770,17.86275,17.65375,17.75070
2022-11-10,17.75910,17.83975,17.34215,17.37030
2022-11-11,17.36790,17.46885,17.20865,17.23140
2022-11-14,17.24155,17.37615,17.20565,17.30130
2022-11-15,17.29830,17.43190,17.10580,17.29960
2022-11-16,17.32255,17.41685,17.20530,17.26090
2022-11-17,17.26785,17.55790,17.20525,17.38370
2022-11-18,17.40160,17.41910,17.21605,17.24070
2022-11-21,17.23340,17.46365,17.22970,17.34305
2022-11-22,17.34295,17.36110,17.23040,17.26270
2022-11-23,17.26030,17.26820,16.95915,16.97920
2022-11-24,16.98035,17.060749,16.90790,17.015051
2022-11-25,17.0065002,17.18605,16.96060,17.083151
2022-11-28,17.16070,17.18780,17.070850,17.14420
2022-11-29,17.14690,17.18930,16.93480,17.0018005
2022-11-30,17.0028000,17.17520,16.89760,17.17520
2022-12-01,17.18670,17.96040,17.065701,17.55470
2022-12-02,17.55505,17.67310,17.26250,17.51045
2022-12-05,17.38080,17.49515,17.15020,17.47380
2022-12-06,17.47750,17.50020,17.25905,17.34410
2022-12-07,17.34260,17.41290,17.061251,17.13705
2022-12-08,17.13940,17.23975,17.094250,17.16270
2022-12-09,17.16660,17.38540,17.094351,17.35765
2022-12-12,17.30540,17.63785,17.24060,17.59870
2022-12-13,17.60000,17.75880,17.21750,17.25310
2022-12-14,17.25370,17.34650,17.062300,17.20350
2022-12-15,17.22025,17.57555,17.10810,17.52235
2022-12-16,17.52235,17.72475,17.42955,17.69075
2022-12-19,17.70670,17.70670,17.19640,17.35660
2022-12-20,17.35425,17.45310,17.24915,17.32225
2022-12-21,17.32155,17.35935,17.13490,17.20355
2022-12-22,17.20175,17.24840,17.063299,17.17920
2022-12-23,17.17870,17.17965,16.96030,16.98470
2022-12-26,17.046301,17.046301,17.0014000,17.013800
2022-12-27,17.013100,17.32640,16.97005,17.26285
2022-12-28,17.26185,17.29125,17.087049,17.11265
2022-12-29,17.11135,17.13660,16.88375,16.90790
2022-12-30,16.90880,17.057350,16.90145,17.019951
2023-01-02,17.038099,17.038099,16.98850,16.98850
2023-01-03,17.012501,17.14820,16.92840,16.99475
2023-01-04,16.99400,17.044100,16.78190,16.91370
2023-01-05,16.91485,17.29660,16.86570,17.18635
2023-01-06,17.20225,17.43500,17.088100,17.10790
2023-01-09,17.15860,17.15860,16.88610,16.90750
2023-01-10,16.90465,17.13900,16.90120,16.99795
2023-01-11,16.99835,17.073900,16.87855,16.93615
2023-01-12,16.93670,16.97210,16.69360,16.72590
2023-01-13,16.72580,16.92875,16.69690,16.80530
2023-01-16,16.87580,17.12370,16.74345,17.032101
2023-01-17,17.032600,17.17240,16.95920,17.053049
2023-01-18,17.060400,17.15050,16.87040,17.13435
2023-01-19,17.13700,17.37665,17.085899,17.26765
2023-01-20,17.26820,17.35670,17.10910,17.11960
2023-01-23,17.12040,17.23345,17.066650,17.21785
2023-01-24,17.21295,17.31320,17.15690,17.17500
2023-01-25,17.18025,17.25920,17.12380,17.12955
2023-01-26,17.13080,17.25530,17.013500,17.19770
2023-01-27,17.19745,17.28305,17.16270,17.21105
2023-01-30,17.22500,17.41630,17.17980,17.41120
2023-01-31,17.41165,17.49105,17.36695,17.41385
2023-02-01,17.41600,17.43410,17.054899,17.066900
2023-02-02,17.073750,17.11935,16.93170,17.086700
2023-02-03,17.084900,17.48530,17.053101,17.46285
2023-02-06,17.50265,17.70540,17.44420,17.66220
2023-02-07,17.66080,17.69255,17.45530,17.57470
2023-02-08,17.57570,17.82810,17.46900,17.75395
2023-02-09,17.75195,17.79305,17.59040,17.79000
2023-02-10,17.79125,17.95710,17.70840,17.90430
2023-02-13,17.94380,18.086149,17.82500,17.86695
2023-02-14,17.86570,17.95750,17.64165,17.88680
2023-02-15,17.88510,18.10545,17.88050,18.041050
2023-02-16,18.040899,18.22805,17.97255,18.13285
2023-02-17,18.13150,18.29440,17.99885,18.038401
2023-02-20,18.0625,18.15215,17.99555,18.098499
2023-02-21,18.098101,18.32210,18.072500,18.26670
2023-02-22,18.26625,18.38640,18.11755,18.24845
2023-02-23,18.24935,18.37240,18.18695,18.20080
2023-02-24,18.19980,18.48875,18.19530,18.42875
2023-02-27,18.42420,18.48760,18.33800,18.42170
2023-02-28,18.42240,18.51495,18.27930,18.35190
2023-03-01,18.35100,18.37875,18.088949,18.16180
2023-03-02,18.16220,18.26000,18.10880,18.20390
2023-03-03,18.20040,18.22085,18.081699,18.13865
2023-03-06,18.14420,18.25925,18.13265,18.25580
2023-03-07,18.25175,18.63345,18.21350,18.61425
2023-03-08,18.61665,18.71900,18.47550,18.61465
2023-03-09,18.61980,18.66750,18.45390,18.52375
2023-03-10,18.52480,18.58090,18.18790,18.34145
2023-03-13,18.34060,18.34060,18.096649,18.20565
2023-03-14,18.20645,18.33145,18.044800,18.12385
2023-03-15,18.11925,18.50140,18.087799,18.40880
2023-03-16,18.40735,18.48260,18.27535,18.40160
2023-03-17,18.40705,18.43825,18.25220,18.39450
2023-03-20,18.37100,18.59975,18.32320,18.51735
2023-03-21,18.51765,18.61260,18.45605,18.54995
2023-03-22,18.55150,18.58700,18.15590,18.27680
2023-03-23,18.27950,18.31935,18.016750,18.11345
2023-03-24,18.11425,18.29190,18.074699,18.16650
2023-03-27,18.18000,18.35485,18.14000,18.31825
2023-03-28,18.31910,18.33620,18.14385,18.15070
2023-03-29,18.15210,18.20685,18.063900,18.11215
2023-03-30,18.11100,18.15110,17.76050,17.82535
2023-03-31,17.81760,17.87705,17.69730,17.80265
2023-04-03,17.76490,17.95800,17.75890,17.82600
2023-04-04,17.875,17.97880,17.75355,17.91805
2023-04-05,17.93250,18.074650,17.85290,18.035400
2023-04-06,18.047300,18.32015,18.047300,18.25080
2023-04-07,18.25330,18.30250,18.16730,18.19940
2023-04-10,18.23540,18.54010,18.20460,18.51040
2023-04-11,18.51790,18.51790,18.24875,18.38195
2023-04-12,18.39440,18.45820,18.23740,18.41480
2023-04-13,18.38660,18.43650,18.030600,18.046000
2023-04-14,18.072399,18.15890,18.0028992,18.091900
2023-04-17,18.095800,18.33315,18.016701,18.31640
2023-04-18,18.29020,18.32900,18.13675,18.16660
2023-04-19,18.17030,18.32160,18.070900,18.17220
2023-04-20,18.19220,18.21020,17.99200,18.036699
2023-04-21,18.046301,18.16275,18.010550,18.083700
2023-04-24,18.10500,18.20500,18.074650,18.13315
2023-04-25,18.14910,18.40140,18.11675,18.34170
2023-04-26,18.34005,18.45605,18.26105,18.39540
2023-04-27,18.42070,18.42070,18.21765,18.29685
2023-04-28,18.29415,18.43360,18.27130,18.27290
2023-05-01,18.28250,18.41260,18.26855,18.40180
2023-05-02,18.40165,18.50690,18.33905,18.46915
2023-05-03,18.47620,18.48380,18.18810,18.28570
2023-05-04,18.27780,18.34795,18.17200,18.29165
2023-05-05,18.29060,18.47945,18.25605,18.41220
2023-05-08,18.39880,18.42770,18.27790,18.31355
2023-05-09,18.32450,18.64975,18.30440,18.63120
2023-05-10,18.62985,18.91185,18.61615,18.85915
2023-05-11,18.87690,19.32230,18.84760,19.17610
2023-05-12,19.20320,19.51495,19.15770,19.32640
2023-05-15,19.12080,19.22030,18.99780,19.033701
2023-05-16,19.036200,19.16770,18.99360,19.073299
2023-05-17,19.10240,19.38055,19.058365,19.25830
2023-05-18,19.18564,19.49310,19.10970,19.33660
2023-05-19,19.34505,19.52500,19.24000,19.45120
2023-05-22,19.42500,19.50510,19.20430,19.22460
2023-05-23,19.22875,19.32530,19.16310,19.20770
2023-05-24,19.17895,19.3125,19.13260,19.24080
2023-05-25,19.22920,19.83250,19.22920,19.80480
2023-05-26,19.64310,19.85638,19.53730,19.65000
2023-05-29,19.66000,19.73510,19.61628,19.67060
2023-05-30,19.67480,20.0029507,19.64249,19.70360
2023-05-31,19.69370,19.85120,19.66560,19.72860
2023-06-01,19.72861,19.92150,19.57480,19.63070
2023-06-02,19.62840,19.65970,19.40420,19.50920
2023-06-05,19.51500,19.58570,19.22230,19.26360
2023-06-06,19.28370,19.36050,19.17530,19.20350
2023-06-07,19.19990,19.30490,18.97600,19.10130
2023-06-08,19.080050,19.11536,18.80200,18.83740
2023-06-09,18.83430,18.90950,18.69305,18.71360
2023-06-12,18.74000,18.77530,18.50990,18.56920
2023-06-13,18.49780,18.67520,18.24055,18.62550
2023-06-14,18.63025,18.64930,18.25070,18.33790
2023-06-15,18.33720,18.47100,18.20405,18.22290
2023-06-16,18.22700,18.30550,18.12720,18.18620
2023-06-19,18.19210,18.27400,18.13500,18.20450
2023-06-20,18.18000,18.46480,18.12720,18.37265
2023-06-21,18.39530,18.45100,18.31260,18.31460
2023-06-22,18.31280,18.57460,18.31050,18.52430
2023-06-23,18.52235,18.77590,18.48490,18.74645
2023-06-26,18.77940,18.77940,18.55170,18.65550
2023-06-27,18.64850,18.67090,18.42990,18.51990
2023-06-28,18.47790,18.75020,18.47550,18.65105
2023-06-29,18.65260,18.88550,18.63810,18.76850
2023-06-30,18.75750,19.044100,18.72850,18.86010
2023-07-03,18.85710,18.89230,18.65520,18.74310
2023-07-04,18.74690,18.79455,18.61180,18.65570
2023-07-05,18.65355,18.82530,18.63600,18.77530
2023-07-06,18.77840,19.15200,18.73390,19.10605
2023-07-07,19.13090,19.15580,18.81160,18.87450
2023-07-10,18.88210,18.95865,18.75830,18.79250
2023-07-11,18.83730,18.85150,18.47900,18.48910
2023-07-12,18.49150,18.53450,18.11850,18.13210
2023-07-13,18.15820,18.18440,17.90170,17.92250
2023-07-14,17.92505,18.17810,17.90740,18.097300
2023-07-17,18.11580,18.20390,17.99860,18.036249
2023-07-18,18.063299,18.072500,17.80530,17.85920
2023-07-19,17.85090,17.98590,17.81770,17.87390
2023-07-20,17.91540,17.98450,17.73670,17.92155
2023-07-21,17.92880,18.068800,17.85780,17.95615
2023-07-24,17.95670,18.048750,17.72300,17.74505
2023-07-25,17.74640,17.79000,17.52110,17.54825
2023-07-26,17.55125,17.72530,17.53750,17.61950
2023-07-27,17.61380,17.88720,17.41950,17.84170
2023-07-28,17.83940,17.98300,17.56855,17.61970
2023-07-31,17.64830,17.89390,17.57070,17.86330
2023-08-01,17.81210,18.34445,17.79290,18.29980
2023-08-02,18.31220,18.58720,18.25730,18.47030
2023-08-03,18.45875,18.78050,18.40890,18.71625
2023-08-04,18.69920,18.75390,18.37770,18.46890
2023-08-07,18.43040,18.75140,18.40480,18.69980
2023-08-08,18.71220,19.0032501,18.69615,18.93380
2023-08-09,18.93550,19.088699,18.83220,18.99300
2023-08-10,19.0053997,19.060200,18.66080,18.84890
2023-08-11,18.84785,18.97670,18.79190,18.95440
2023-08-14,18.93000,19.16560,18.91590,19.077101
2023-08-15,19.096500,19.29930,19.031601,19.14030
2023-08-16,19.13430,19.22110,18.99310,19.17370
2023-08-17,19.17175,19.25435,18.94880,19.071899
2023-08-18,19.076500,19.15730,18.93520,19.00070000
2023-08-21,19.027500,19.076300,18.93820,18.96860
2023-08-22,18.99580,18.99990,18.71480,18.79870
2023-08-23,18.78940,18.82640,18.42440,18.47600
2023-08-24,18.47000,18.83630,18.35230,18.81390
2023-08-25,18.81655,18.88800,18.53350,18.62130
2023-08-28,18.58970,18.74760,18.47450,18.62490
2023-08-29,18.61050,18.68400,18.42860,18.47670
2023-08-30,18.51350,18.70580,18.47020,18.67790
2023-08-31,18.68305,18.94430,18.64280,18.88000
2023-09-01,18.88810,18.90350,18.62150,18.84930
2023-09-04,18.82920,19.14250,18.74270,19.13295
2023-09-05,19.10115,19.28350,19.0053997,19.21070
2023-09-06,19.23880,19.33810,19.10350,19.19870
2023-09-07,19.19995,19.27440,19.11190,19.17930
2023-09-08,19.17840,19.18980,19.023701,19.12690
2023-09-11,19.10440,19.12560,18.82700,18.87340
2023-09-12,18.89360,19.042500,18.85385,18.92290
2023-09-13,18.91380,18.98090,18.76270,18.81260
2023-09-14,18.80830,19.059299,18.76190,19.028099
2023-09-15,19.021000,19.11420,18.95370,19.0070992
2023-09-18,19.020050,19.090200,18.93370,19.014851
2023-09-19,19.013000,19.056400,18.90930,18.93870
2023-09-20,18.93810,18.98930,18.68220,18.83100
2023-09-21,18.81630,19.041800,18.80250,18.95245
2023-09-22,18.94530,18.99030,18.70090,18.76240
2023-09-25,18.76210,18.86030,18.70100,18.77835
2023-09-26,18.80170,19.094000,18.76940,19.079300
2023-09-27,19.079399,19.26060,19.021999,19.21190
2023-09-28,19.16930,19.26560,18.96880,18.98580
2023-09-29,18.97390,19.10290,18.76000,18.92920
2023-10-02,18.88330,19.23010,18.86100,19.20150
2023-10-03,19.20350,19.38330,19.18520,19.30960
2023-10-04,19.31010,19.43230,19.17030,19.33160
2023-10-05,19.33160,19.63920,19.27410,19.50850
2023-10-06,19.50880,19.64090,19.25930,19.29930
2023-10-09,19.36960,19.44500,19.28880,19.31840
2023-10-10,19.31900,19.36980,18.99590,19.0049000
2023-10-11,19.0046005,19.10280,18.78580,18.82950
2023-10-12,18.82830,19.054001,18.77890,19.026899
2023-10-13,19.025801,19.042000,18.84980,19.021999
2023-10-16,18.97580,19.0028000,18.75690,18.77520
2023-10-17,18.77390,18.91850,18.70880,18.79715
2023-10-18,18.79680,19.082899,18.69290,18.99540
2023-10-19,18.99520,19.15930,18.91460,18.99400
2023-10-20,18.99470,19.14820,18.92540,19.0069008
2023-10-23,19.037500,19.14870,18.90230,18.96795
2023-10-24,18.96950,19.13750,18.85310,19.018299
2023-10-25,19.018299,19.19635,18.98200,19.13450
2023-10-26,19.13430,19.27250,18.92750,18.96500
2023-10-27,18.96580,18.99140,18.74150,18.83360
2023-10-30,18.88090,18.88090,18.74260,18.84700
2023-10-31,18.84645,18.94720,18.62400,18.63730
2023-11-01,18.63760,18.74710,18.51355,18.52890
2023-11-02,18.52750,18.56340,18.31350,18.42400
2023-11-03,18.42500,18.47790,18.20600,18.25710
2023-11-06,18.28000,18.36210,18.15650,18.30130
2023-11-07,18.30120,18.43350,18.25890,18.34250
2023-11-08,18.34280,18.54670,18.31960,18.49490
2023-11-09,18.49490,18.68430,18.44080,18.66810
2023-11-10,18.66920,18.80760,18.61805,18.75220
2023-11-13,18.75500,18.80410,18.65020,18.70450
2023-11-14,18.70530,18.78350,18.23470,18.23740
2023-11-15,18.23730,18.27490,18.11060,18.19790
2023-11-16,18.19810,18.42910,18.14950,18.36355
2023-11-17,18.36620,18.43520,18.25950,18.35500
2023-11-20,18.375,18.45690,18.24120,18.34140
2023-11-21,18.34300,18.65770,18.27170,18.61270
2023-11-22,18.61360,18.89790,18.52340,18.88470
2023-11-23,18.88330,18.89790,18.70650,18.80920
2023-11-24,18.80950,18.95820,18.76600,18.82520
2023-11-27,18.83245,18.84990,18.62070,18.65550
2023-11-28,18.65720,18.75780,18.57550,18.58895
2023-11-29,18.58780,18.72900,18.45770,18.69460
2023-11-30,18.69380,18.97150,18.66935,18.84340
2023-12-01,18.84390,18.91390,18.59680,18.61260
2023-12-04,18.69020,18.87445,18.57275,18.83860
2023-12-05,18.83980,19.024099,18.75380,18.99190
2023-12-06,18.99260,19.0084000,18.82380,18.95200
2023-12-07,18.95470,18.99720,18.72630,18.75960
2023-12-08,18.75940,18.99910,18.73460,18.98330
2023-12-11,18.96400,19.14095,18.94250,19.081301
2023-12-12,19.080400,19.11350,18.83960,18.92935
2023-12-13,18.92830,19.10130,18.64120,18.67605
2023-12-14,18.67180,18.72730,18.27240,18.34040
2023-12-15,18.34080,18.43300,18.10785,18.31190
2023-12-18,18.31430,18.66400,18.25480,18.61800
2023-12-19,18.61740,18.64060,18.30690,18.31755
2023-12-20,18.31920,18.40000,18.22715,18.30160
2023-12-21,18.30195,18.42430,18.20920,18.34810
2023-12-22,18.34860,18.53650,18.32820,18.50665
2023-12-25,18.49490,18.49490,18.46670,18.46670
2023-12-26,18.47460,18.74480,18.42080,18.62650
2023-12-27,18.625,18.68400,18.33420,18.38710
2023-12-28,18.38610,18.61450,18.30700,18.54440
2023-12-29,18.54400,18.60510,18.25420,18.30520
2024-01-02,18.39350,18.59320,18.26310,18.56530
2024-01-03,18.56490,18.84030,18.48960,18.72820
2024-01-04,18.72770,18.77680,18.60310,18.70105
2024-01-05,18.70110,18.96220,18.58890,18.67970
2024-01-08,18.67250,18.81260,18.55940,18.58020
2024-01-09,18.58000,18.72620,18.56540,18.68310
2024-01-10,18.68050,18.75570,18.59470,18.71425
2024-01-11,18.71630,18.73690,18.56655,18.65760
2024-01-12,18.65700,18.69610,18.53770,18.66440
2024-01-15,18.61580,18.71700,18.61580,18.67450
2024-01-16,18.67210,19.0062504,18.64800,18.96570
2024-01-17,18.96580,19.18800,18.95060,19.045900
2024-01-18,19.045200,19.12220,18.87460,18.94960
2024-01-19,18.94900,19.082701,18.90310,19.036051
2024-01-22,19.015900,19.21840,19.0044003,19.20330
2024-01-23,19.20360,19.23640,18.98450,19.049101
2024-01-24,19.048800,19.067600,18.79540,18.90760
2024-01-25,18.90980,18.94510,18.81020,18.89120
2024-01-26,18.89070,18.95240,18.72570,18.78550
2024-01-29,18.76140,18.85760,18.74500,18.82040
2024-01-30,18.82100,18.91560,18.78130,18.78300
2024-01-31,18.78280,18.84845,18.57055,18.64420
2024-02-01,18.64470,18.77760,18.56070,18.60130
2024-02-02,18.60130,18.93370,18.55440,18.90980
2024-02-05,18.89570,19.10690,18.85380,19.067949
2024-02-06,19.068399,19.095301,18.81990,18.84720
2024-02-07,18.84690,18.94230,18.80620,18.88330
2024-02-08,18.88310,19.0028000,18.86690,18.97300
2024-02-09,18.97070,19.059799,18.91330,19.043400
2024-02-10,19.042999,19.071100,19.011101,19.056499
2024-02-12,19.020000,19.076300,18.91860,18.92130
2024-02-13,18.92130,19.17370,18.79995,19.17360
2024-02-14,19.17450,19.19310,19.030701,19.059401
2024-02-15,19.058800,19.083401,18.93500,18.95950
2024-02-16,18.96030,18.98685,18.84370,18.87480
2024-02-17,18.87050,18.91015,18.83500,18.89720
2024-02-19,18.83460,19.0067997,18.83460,18.97650
2024-02-20,18.97650,19.080500,18.88395,18.93740
2024-02-21,18.93660,18.96890,18.76100,18.92540
2024-02-22,18.92520,19.18400,18.82430,19.16765
2024-02-23,19.17090,19.38950,19.10750,19.28200
2024-02-24,19.28590,19.32325,19.27150,19.31555
2024-02-26,19.32290,19.35880,19.25160,19.31870
2024-02-27,19.31900,19.32545,19.058800,19.081100
2024-02-28,19.079901,19.32370,19.075300,19.30790
2024-02-29,19.30820,19.32850,19.15770,19.19280
2024-03-01,19.19240,19.24740,19.081751,19.084801
2024-03-02,19.084900,19.12360,19.073400,19.12250
2024-03-04,19.12250,19.13420,19.0039005,19.022650
2024-03-05,19.023399,19.099199,18.89180,18.98445
2024-03-06,18.98600,19.0037994,18.78600,18.82690
2024-03-07,18.82740,18.87300,18.67350,18.68040
2024-03-08,18.68010,18.76890,18.57940,18.73350
2024-03-09,18.73770,18.74920,18.69030,18.73730
2024-03-11,18.82840,18.85585,18.63170,18.67695
2024-03-12,18.67580,18.76640,18.55020,18.66940
2024-03-13,18.66900,18.75730,18.50590,18.58530
2024-03-14,18.58640,18.79495,18.55770,18.73985
2024-03-15,18.73810,18.78550,18.64350,18.77035
2024-03-16,18.77070,18.77520,18.73270,18.75690
2024-03-18,18.76420,19.0013008,18.74760,18.95350
2024-03-19,18.95290,19.032600,18.89340,18.91900
2024-03-20,18.91900,18.97050,18.67110,18.71380
2024-03-21,18.71410,18.87580,18.64730,18.83220
2024-03-22,18.83230,19.068199,18.80450,19.0074501
2024-03-23,19.0074997,19.038401,18.99260,19.038401
2024-03-25,18.98470,19.044001,18.86030,18.89660
2024-03-26,18.89570,19.00079918,18.85270,18.99150
2024-03-27,18.99090,19.0056992,18.87440,18.90190
2024-03-28,18.90080,19.10595,18.88790,18.94130
2024-03-29,18.94130,18.96000,18.87040,18.88590
2024-03-30,18.88000,18.89330,18.84885,18.86670
2024-04-01,18.94550,19.026199,18.79275,18.94810
2024-04-02,18.95000,19.014601,18.74740,18.77690
2024-04-03,18.77480,18.86010,18.64410,18.66970
2024-04-04,18.66870,18.75180,18.57190,18.73555
2024-04-05,18.73700,18.77065,18.58160,18.68420
2024-04-06,18.68340,18.71250,18.64700,18.67430
2024-04-08,18.71000,18.74840,18.53890,18.64075
2024-04-09,18.62450,18.64865,18.41170,18.46330
2024-04-10,18.46290,18.80585,18.43670,18.77600
2024-04-11,18.73030,18.84830,18.68130,18.73700
2024-04-12,18.73485,18.97870,18.65200,18.86260
2024-04-15,18.86970,19.054300,18.79550,18.96870
2024-04-16,18.96960,19.11270,18.95270,19.051001
2024-04-17,19.046101,19.10970,18.91830,19.035999
2024-04-18,19.035601,19.20390,18.92400,19.15170
2024-04-19,19.15110,19.38830,19.054800,19.10240
2024-04-22,19.15080,19.20080,19.054300,19.19270
2024-04-23,19.19580,19.27020,19.093800,19.10340
2024-04-24,19.10640,19.26350,19.076000,19.21600
2024-04-25,19.21060,19.24060,18.92750,19.032499
2024-04-26,19.027100,19.094500,18.72120,18.81235
2024-04-29,18.81000,18.82850,18.61780,18.62560
2024-04-30,18.61945,18.84540,18.61945,18.78650
2024-05-01,18.78390,18.80920,18.54610,18.60160
2024-05-02,18.60140,18.69840,18.49220,18.55250
2024-05-03,18.58260,18.60220,18.39500,18.50590
2024-05-06,18.51370,18.55430,18.37600,18.48045
2024-05-07,18.45500,18.56280,18.42790,18.51620
2024-05-08,18.50250,18.67700,18.47000,18.57130
2024-05-09,18.59000,18.66640,18.43950,18.46600
2024-05-10,18.48530,18.51220,18.38480,18.44910
2024-05-13,18.42030,18.45870,18.30000,18.36720
2024-05-14,18.34290,18.48000,18.34290,18.38890
2024-05-15,18.38490,18.41340,18.25720,18.27920
2024-05-16,18.27960,18.31110,18.17780,18.18860
2024-05-17,18.20330,18.29660,18.13180,18.14220
2024-05-20,18.17090,18.29460,18.10880,18.20660
2024-05-21,18.22250,18.23690,18.028500,18.078501
2024-05-22,18.089600,18.30550,18.033400,18.28490
2024-05-23,18.26220,18.49370,18.23960,18.48020
2024-05-24,18.46625,18.50390,18.36465,18.42710
2024-05-27,18.40080,18.46800,18.32470,18.34730
2024-05-28,18.36900,18.43310,18.26870,18.27995
2024-05-29,18.27970,18.45750,18.22020,18.39700
2024-05-30,18.39350,18.78145,18.36780,18.75435
2024-05-31,18.75085,18.90000,18.63150,18.79760
2024-06-03,18.81940,18.88320,18.49250,18.51070
2024-06-04,18.48070,18.77350,18.48070,18.70905
2024-06-05,18.71040,18.98220,18.65780,18.93860
2024-06-06,18.93330,19.0072002,18.87550,18.96500
2024-06-07,18.93500,19.025200,18.76360,18.87810
2024-06-10,18.90120,18.92710,18.69380,18.72460
2024-06-11,18.73600,18.77960,18.53870,18.59460
2024-06-12,18.60570,18.65740,18.28810,18.38150
2024-06-13,18.37000,18.53665,18.31800,18.42720
2024-06-14,18.42595,18.50480,18.30380,18.35340
2024-06-17,18.38460,18.40230,18.20600,18.25780
2024-06-18,18.25090,18.29340,18.034201,18.046000
2024-06-19,18.046600,18.053499,17.92065,17.96800
2024-06-20,17.97210,18.17750,17.92785,17.97940
2024-06-21,18.0049992,18.014099,17.86870,17.96815
2024-06-24,18.015400,18.24130,17.98730,18.10300
2024-06-25,18.10990,18.27590,18.061449,18.24630
2024-06-26,18.20790,18.34980,18.11150,18.19040
2024-06-27,18.18460,18.51080,18.13350,18.47640
2024-06-28,18.44640,18.52900,18.13575,18.19000
2024-07-01,18.064501,18.41250,17.94155,18.36140
2024-07-02,18.31110,18.66510,18.31110,18.59780
2024-07-03,18.59810,18.65660,18.30260,18.42860
2024-07-04,18.42420,18.45890,18.24120,18.25965
2024-07-05,18.29340,18.31470,18.15270,18.17550
2024-07-08,18.15660,18.23320,18.072100,18.12310
2024-07-09,18.13190,18.22300,18.067801,18.12630
2024-07-10,18.13000,18.16325,18.047199,18.12575
2024-07-11,18.12655,18.13450,17.93660,18.0072002
2024-07-12,18.0072002,18.022699,17.92260,17.94895
2024-07-15,17.99580,18.27940,17.97640,18.19240
2024-07-16,18.20620,18.27970,18.037600,18.079700
2024-07-17,18.10500,18.27375,18.038200,18.19060
2024-07-18,18.22970,18.27970,18.13110,18.26380
2024-07-19,18.26050,18.37290,18.21780,18.26090
2024-07-22,18.22630,18.32860,18.19740,18.26570
2024-07-23,18.27000,18.47720,18.23755,18.38210
2024-07-24,18.39030,18.43520,18.26970,18.36990
2024-07-25,18.32040,18.53190,18.31870,18.37190
2024-07-26,18.35940,18.39630,18.22310,18.31670
2024-07-29,18.31170,18.52365,18.24000,18.43630
2024-07-30,18.44250,18.47485,18.28425,18.33330
2024-07-31,18.32500,18.34585,18.17130,18.18300
2024-08-01,18.21120,18.30470,18.10540,18.27380
2024-08-02,18.26500,18.32875,18.12050,18.27935
2024-08-05,18.27770,18.68770,18.26800,18.52570
2024-08-06,18.51250,18.58960,18.40320,18.49920
2024-08-07,18.45750,18.50650,18.27780,18.41600
2024-08-08,18.38000,18.44605,18.32270,18.36570
2024-08-09,18.35820,18.39210,18.27850,18.32160
2024-08-12,18.30670,18.32250,18.17770,18.25745
2024-08-13,18.23590,18.26750,18.094101,18.10275
2024-08-14,18.11710,18.16050,18.019899,18.073999
2024-08-15,18.061399,18.10150,17.97080,18.0058498
2024-08-16,18.0046005,18.016399,17.85100,17.86500
2024-08-19,17.85710,17.88480,17.67290,17.70335
2024-08-20,17.70460,17.88680,17.70065,17.79440
2024-08-21,17.81750,17.95090,17.77915,17.83430
2024-08-22,17.84790,18.058550,17.82880,18.011801
2024-08-23,17.99690,18.027599,17.69120,17.72500
2024-08-26,17.74480,17.83315,17.68165,17.72190
2024-08-27,17.72000,17.80630,17.68625,17.71220
2024-08-28,17.74630,17.85240,17.70360,17.82160
2024-08-29,17.82250,17.83980,17.67550,17.75710
2024-08-30,17.73780,17.85240,17.59615,17.83035
2024-09-02,17.82580,17.93260,17.79950,17.83020
2024-09-03,17.83560,18.0083008,17.80990,17.98265
2024-09-04,17.98095,18.024099,17.80220,17.86445
2024-09-05,17.86445,17.89075,17.68840,17.71050
2024-09-06,17.71425,17.89575,17.60830,17.86030
2024-09-09,17.83930,17.96000,17.80520,17.87995
2024-09-10,17.88370,17.96620,17.81050,17.94410
2024-09-11,17.94155,17.98890,17.83900,17.90130
2024-09-12,17.89460,18.015200,17.75780,17.77705
2024-09-13,17.78625,17.82690,17.69310,17.75995
2024-09-16,17.73920,17.74260,17.60880,17.61640
2024-09-17,17.62205,17.68600,17.58285,17.60245
2024-09-18,17.63350,17.65490,17.42550,17.54185
2024-09-19,17.55250,17.62590,17.39100,17.50120
2024-09-20,17.49300,17.59690,17.38680,17.42035
2024-09-23,17.44510,17.47600,17.28540,17.34625
2024-09-24,17.34625,17.37710,17.23770,17.26295
2024-09-25,17.27250,17.36050,17.13045,17.27175
2024-09-26,17.20250,17.31865,17.14100,17.16830
2024-09-27,17.17230,17.25580,17.069599,17.11715
2024-09-30,17.11580,17.30210,17.034901,17.27965
2024-10-01,17.28475,17.48630,17.22030,17.40060
2024-10-02,17.39955,17.46500,17.30800,17.35890
2024-10-03,17.35845,17.55500,17.28580,17.51305
2024-10-04,17.51225,17.60510,17.42170,17.49150
2024-10-07,17.48980,17.50140,17.35340,17.38920
2024-10-08,17.38900,17.61120,17.33420,17.57795
2024-10-09,17.57800,17.67580,17.52770,17.65350
2024-10-10,17.65280,17.68480,17.49840,17.51240
2024-10-11,17.51190,17.56180,17.36740,17.38690
2024-10-12,17.38680,17.43130,17.37670,17.39375
2024-10-14,17.40870,17.60170,17.39560,17.59520
2024-10-15,17.59430,17.67400,17.53000,17.65520
2024-10-16,17.65440,17.66870,17.54730,17.64475
2024-10-17,17.64370,17.79710,17.59460,17.68250
2024-10-18,17.68230,17.72750,17.54215,17.61260
2024-10-19,17.61080,17.62420,17.58040,17.59500
2024-10-21,17.59190,17.66250,17.57200,17.61250
2024-10-22,17.61190,17.63620,17.49650,17.53235
2024-10-23,17.53270,17.86835,17.49240,17.78820
2024-10-24,17.78850,17.82195,17.64480,17.66030
2024-10-25,17.66020,17.71650,17.58590,17.68590
2024-10-26,17.68550,17.68860,17.64080,17.65985
2024-10-28,17.63750,17.80100,17.61835,17.70190
2024-10-29,17.70230,17.74910,17.64500,17.65920
2024-10-30,17.65940,17.76240,17.53660,17.64840
2024-10-31,17.64680,17.76120,17.61800,17.62940
2024-11-01,17.62880,17.67200,17.52170,17.65875
2024-11-02,17.65980,17.68100,17.62250,17.65875
2024-11-04,17.56260,17.60655,17.48660,17.51100
2024-11-05,17.51070,17.54750,17.36520,17.38090
2024-11-06,17.38110,17.82460,17.36505,17.61830
2024-11-07,17.61860,17.69950,17.27125,17.33620
2024-11-08,17.33540,17.65830,17.27520,17.60665
2024-11-09,17.60680,17.61805,17.56300,17.58080
2024-11-11,17.61650,17.99230,17.55940,17.94320
2024-11-12,17.94360,18.18555,17.91240,18.14650
2024-11-13,18.14860,18.27660,17.93440,18.24820
2024-11-14,18.24660,18.39570,18.16340,18.23760
2024-11-15,18.23770,18.32630,18.10275,18.22350
2024-11-16,18.22340,18.26070,18.17030,18.19095
2024-11-18,18.19000,18.23370,17.93040,17.94730
2024-11-19,17.94730,18.17660,17.90570,18.039499
2024-11-20,18.042200,18.18610,18.025801,18.10600
2024-11-21,18.10840,18.18140,17.97125,18.10860
2024-11-22,18.10800,18.14270,18.016899,18.12770
2024-11-23,18.12550,18.13560,18.10500,18.11500
2024-11-25,18.046450,18.11870,17.95620,18.035500
2024-11-26,18.034500,18.22890,18.029100,18.1875
2024-11-27,18.18740,18.23880,18.075399,18.19760
2024-11-28,18.19790,18.26760,18.090900,18.10140
2024-11-29,18.10110,18.13220,18.0067997,18.044300
2024-11-30,18.049601,18.073601,18.028400,18.063950
2024-12-02,18.096800,18.23935,18.024599,18.15030
2024-12-03,18.15010,18.19720,18.064699,18.12340
2024-12-04,18.12060,18.18700,18.088100,18.14690
2024-12-05,18.14620,18.18480,18.0081997,18.017401
2024-12-06,18.017300,18.068600,17.95310,18.029600
2024-12-07,18.029400,18.057400,18.010799,18.020000
2024-12-09,18.0016499,18.055401,17.72225,17.76180
2024-12-10,17.76160,17.90390,17.75400,17.81750
2024-12-11,17.81860,17.90810,17.68490,17.70240
2024-12-12,17.70430,17.80700,17.61870,17.79100
2024-12-13,17.79110,17.94370,17.77220,17.88260
2024-12-14,17.88300,17.89090,17.85710,17.85710
2024-12-16,17.85840,17.92340,17.82590,17.85215
2024-12-17,17.85420,18.16980,17.83230,18.093651
2024-12-18,18.093700,18.30650,18.024300,18.30325
2024-12-19,18.30620,18.4375,18.22160,18.41400
2024-12-20,18.41340,18.44110,18.26080,18.28635
2024-12-21,18.28710,18.34645,18.27770,18.30970
2024-12-23,18.26860,18.60900,18.26635,18.55920
2024-12-24,18.55930,18.62490,18.50970,18.60210
2024-12-25,18.67080,18.67635,18.67080,18.67635
2024-12-26,18.67635,18.91090,18.58010,18.87535
2024-12-27,18.87420,18.88015,18.62200,18.66350
2024-12-28,18.66240,18.70510,18.66120,18.69990
2024-12-30,18.69580,18.83925,18.63125,18.80570
2024-12-31,18.80600,18.87470,18.70545,18.86140
2025-01-01,18.87030,18.87030,18.87030,18.87030
2025-01-02,18.78820,18.87120,18.66380,18.73980
2025-01-03,18.74030,18.81770,18.68350,18.77240
2025-01-04,18.77250,18.78340,18.69490,18.73250
2025-01-06,18.77750,18.78720,18.43170,18.57770
2025-01-07,18.57850,18.72050,18.50850,18.69550
2025-01-08,18.69660,18.96770,18.67910,18.93260
2025-01-09,18.93390,18.99360,18.83160,18.94410
2025-01-10,18.94410,19.20970,18.89920,19.12170
2025-01-11,19.12260,19.12970,19.10200,19.10950
2025-01-13,19.12840,19.23070,19.046400,19.064800
2025-01-14,19.064301,19.070601,18.89010,18.94220
2025-01-15,18.94210,18.94900,18.74250,18.76700
2025-01-16,18.76800,18.89650,18.73940,18.81710
2025-01-17,18.81690,18.83530,18.68550,18.73640
2025-01-18,18.73680,18.76700,18.73370,18.75530
2025-01-20,18.73310,18.77840,18.51950,18.51980
2025-01-21,18.52150,18.69710,18.47940,18.51470
2025-01-22,18.51580,18.57810,18.44780,18.48320
2025-01-23,18.48340,18.60550,18.45260,18.47950
2025-01-24,18.47990,18.52340,18.30250,18.41230
2025-01-25,18.41260,18.42610,18.38810,18.40880
2025-01-27,18.44960,18.77620,18.42590,18.75210
2025-01-28,18.75190,18.86990,18.64910,18.66290
2025-01-29,18.66310,18.72800,18.51330,18.54930
2025-01-30,18.54920,18.57560,18.43030,18.45990
2025-01-31,18.46010,18.72860,18.45940,18.68880
2025-02-01,18.69050,18.71220,18.65490,18.67990
2025-02-03,18.91600,19.046900,18.68650,18.80040
2025-02-04,18.80010,18.83720,18.63820,18.66870
2025-02-05,18.66720,18.71500,18.51280,18.56470
2025-02-06,18.56370,18.68350,18.42250,18.42510
2025-02-07,18.42560,18.50700,18.32350,18.40010
2025-02-08,18.40160,18.44020,18.39080,18.39290
2025-02-10,18.63500,18.65560,18.35970,18.44020
2025-02-11,18.43990,18.50990,18.42670,18.48990
2025-02-12,18.48940,18.56650,18.41570,18.52130
2025-02-13,18.52150,18.63450,18.44620,18.53000
2025-02-14,18.53120,18.55140,18.29940,18.35690
2025-02-15,18.35820,18.39330,18.34230,18.34840
2025-02-17,18.39570,18.46490,18.31190,18.41930
2025-02-18,18.41920,18.48400,18.37830,18.39820
2025-02-19,18.39810,18.59380,18.33260,18.53980
2025-02-20,18.53990,18.56130,18.33020,18.33360
2025-02-21,18.33430,18.39490,18.30310,18.37130
2025-02-22,18.37140,18.41490,18.35340,18.35730
2025-02-24,18.38390,18.43460,18.29720,18.37640
2025-02-25,18.37630,18.46250,18.34210,18.41670
2025-02-26,18.41630,18.44850,18.33610,18.41480
2025-02-27,18.41470,18.49780,18.37880,18.45580
2025-02-28,18.45590,18.71150,18.43150,18.70490
2025-03-01,18.70500,18.72530,18.67630,18.68560
2025-03-03,18.68240,18.70470,18.54370,18.64500
2025-03-04,18.64530,18.66850,18.49300,18.49640
2025-03-05,18.49640,18.52960,18.30490,18.31300
2025-03-06,18.31240,18.37790,18.12040,18.14200
2025-03-07,18.14120,18.33690,18.049000,18.27380
2025-03-08,18.27380,18.29710,18.23910,18.23910
2025-03-10,18.28780,18.37090,18.22530,18.34270
2025-03-11,18.34260,18.37670,18.17590,18.22530
2025-03-12,18.22510,18.45490,18.19760,18.32360
2025-03-13,18.32420,18.43790,18.28760,18.31590
2025-03-14,18.31450,18.33600,18.13660,18.17910
2025-03-15,18.18060,18.20160,18.17050,18.17560
2025-03-17,18.23850,18.23850,18.062401,18.096201
2025-03-18,18.095699,18.15670,18.0016994,18.14260
2025-03-19,18.14460,18.28200,18.086500,18.11120
2025-03-20,18.10990,18.24810,18.085300,18.14580
2025-03-21,18.14500,18.24800,18.13070,18.22490
2025-03-22,18.22380,18.23340,18.21060,18.23250
2025-03-24,18.19190,18.25330,18.10130,18.23570
2025-03-25,18.23450,18.28760,18.14670,18.27170
2025-03-26,18.27390,18.29290,18.20290,18.27550
2025-03-27,18.27570,18.34210,18.18980,18.24860
2025-03-28,18.24880,18.44660,18.12180,18.44260
2025-03-29,18.44240,18.44680,18.42440,18.43730
2025-03-31,18.41100,18.46600,18.22300,18.32900
2025-04-01,18.32930,18.51300,18.26850,18.48530
2025-04-02,18.48580,18.84840,18.45620,18.84670
2025-04-03,18.84600,19.017700,18.67060,18.77870
2025-04-04,18.77850,19.22160,18.71400,19.11630
2025-04-05,19.11630,19.13340,19.041700,19.093700
2025-04-07,19.28420,19.67150,19.17310,19.65130
2025-04-08,19.65400,19.79030,19.30590,19.79030
2025-04-09,19.81020,19.93280,19.23220,19.29940
2025-04-10,19.29870,19.61170,19.23770,19.39090
2025-04-11,19.42830,19.51620,19.073900,19.10820
2025-04-12,19.10820,19.11950,19.10820,19.11950
2025-04-14,19.088181,19.14250,18.80500,18.86220
2025-04-15,18.85020,19.097281,18.73000,19.025900
2025-04-16,19.017700,19.072941,18.77050,18.79680
2025-04-17,18.79690,18.89380,18.75720,18.78950
2025-04-18,18.78190,18.89209,18.75020,18.81730
2025-04-19,18.81170,18.81170,18.80990,18.80990
2025-04-21,18.81887,18.84205,18.62130,18.73100
2025-04-22,18.71880,18.77887,18.54000,18.60200
2025-04-23,18.58310,18.69730,18.48140,18.65920
2025-04-24,18.65950,18.84129,18.55130,18.78280
2025-04-25,18.77220,18.91415,18.63480,18.65970
2025-04-26,18.67240,18.71135,18.67240,18.71135
2025-04-28,18.68500,18.75600,18.46750,18.51208
2025-04-29,18.49935,18.59295,18.45690,18.53380
2025-04-30,18.53810,18.65757,18.50380,18.61060
2025-05-01,18.60470,18.70665,18.50600,18.53210
2025-05-02,18.53310,18.62730,18.34040,18.35230
2025-05-03,18.36310,18.37890,18.36310,18.37890
2025-05-05,18.40450,18.42736,18.22000,18.25480
2025-05-06,18.25800,18.30460,18.13040,18.19190
2025-05-07,18.20190,18.34384,18.15670,18.23750
2025-05-08,18.23500,18.33725,18.073799,18.19570
2025-05-09,18.17817,18.29850,18.14370,18.18785
2025-05-12,18.20410,18.34415,18.076300,18.25360
2025-05-13,18.25140,18.46864,18.20880,18.29500
2025-05-14,18.28980,18.37260,18.17380,18.25460
2025-05-15,18.25130,18.28223,17.98200,18.034300
2025-05-16,18.0023003,18.14146,17.97630,18.030300
2025-05-17,18.031200,18.031200,18.031200,18.031200
2025-05-19,18.053169,18.093960,17.97000,18.084999
2025-05-20,18.078180,18.11620,17.89250,17.90790
2025-05-21,17.91830,17.97832,17.84130,17.94941
2025-05-22,17.95006,18.066481,17.90500,18.0074997
2025-05-23,17.99260,18.026199,17.79630,17.83750
2025-05-24,17.83880,17.85840,17.80130,17.85840
2025-05-26,17.82366,17.88770,17.78250,17.85520
2025-05-27,17.83130,17.95882,17.82000,17.93609
2025-05-28,17.92714,18.018101,17.84750,17.91900
2025-05-29,17.91870,18.013149,17.74250,17.80130
2025-05-30,17.79780,18.071770,17.76380,17.99420
2025-05-31,17.98480,17.99220,17.98480,17.99220
2025-06-02,17.95660,17.98837,17.82630,17.84632
2025-06-03,17.84534,17.93621,17.79880,17.84040
2025-06-04,17.85860,17.88650,17.75,17.85980
2025-06-05,17.84520,17.85669,17.67250,17.72230
2025-06-06,17.74980,17.80460,17.69000,17.78980
2025-06-07,17.77880,17.77880,17.76730,17.77880
2025-06-09,17.76010,17.79866,17.68130,17.72130
2025-06-10,17.72140,17.79728,17.65000,17.6875
2025-06-11,17.68488,17.79560,17.65250,17.71690
2025-06-12,17.71690,17.91673,17.66750,17.77325
2025-06-13,17.76050,18.068399,17.73540,17.92610
2025-06-14,17.92630,17.92630,17.92630,17.92630
2025-06-16,17.94410,17.97100,17.71380,17.79624
2025-06-17,17.79626,18.039089,17.75730,18.0094299
2025-06-18,18.011299,18.13921,17.90130,17.99840
2025-06-19,17.98060,18.15370,17.97216,18.017099
2025-06-20,18.015699,18.11120,17.9375,18.024799
2025-06-21,18.010000,18.010000,18.010000,18.010000
2025-06-23,18.067900,18.14595,17.84250,17.87078
2025-06-24,17.87000,17.88327,17.65130,17.74660
2025-06-25,17.74660,17.84420,17.67000,17.74245
2025-06-26,17.74240,17.87350,17.56500,17.83099
2025-06-27,17.83850,17.93450,17.70240,17.80110
2025-06-28,17.79660,17.79660,17.79660,17.79660
2025-06-30,17.77040,17.82030,17.67630,17.69890
2025-07-01,17.72250,17.75860,17.55630,17.58230
2025-07-02,17.58830,17.71040,17.54380,17.56620
2025-07-03,17.55743,17.65351,17.47500,17.49920
2025-07-04,17.50736,17.63616,17.46940,17.58980
2025-07-05,17.56980,17.57000,17.56980,17.56980
2025-07-07,17.59240,17.87390,17.56980,17.84941
2025-07-08,17.84942,17.87080,17.70630,17.80980
2025-07-09,17.78280,17.87230,17.73880,17.81436
2025-07-10,17.81500,17.82980,17.69000,17.72900
2025-07-11,17.73030,17.97445,17.71128,17.93230
2025-07-12,17.92250,17.93230,17.92250,17.93230
2025-07-14,17.90461,17.96666,17.81880,17.90230
2025-07-15,17.89480,17.95070,17.74370,17.93230
2025-07-16,17.91500,17.96150,17.76000,17.83110
2025-07-17,17.80780,17.94016,17.78940,17.81750
2025-07-18,17.82580,17.86340,17.64620,17.69570
2025-07-19,17.72660,17.72660,17.71020,17.72660
2025-07-21,17.70360,17.76470,17.58250,17.60812
2025-07-22,17.60980,17.68037,17.51750,17.54870
2025-07-23,17.53730,17.59150,17.48340,17.52070
2025-07-24,17.53250,17.65750,17.49180,17.61970
2025-07-25,17.62040,17.82095,17.59250,17.75540
2025-07-26,17.75630,17.75630,17.75630,17.75630
2025-07-28,17.74330,17.90830,17.70880,17.86050
2025-07-29,17.86750,17.99098,17.85050,17.86829
2025-07-30,17.86839,18.022400,17.82130,17.97831
2025-07-31,17.98630,18.23465,17.94380,18.20100
2025-08-01,18.21410,18.35891,18.0074997,18.047501
2025-08-02,18.050100,18.050100,18.049900,18.049900
2025-08-04,18.050150,18.072701,17.89500,17.93230
2025-08-05,17.91360,18.053860,17.86250,17.90140
2025-08-06,17.90750,17.97220,17.73500,17.74750
2025-08-07,17.75380,17.83730,17.66380,17.71490
2025-08-08,17.72310,17.75700,17.66630,17.73945
2025-08-09,17.74140,17.74140,17.74140,17.74140
2025-08-11,17.71530,17.79606,17.6875,17.74310
2025-08-12,17.74070,17.76760,17.53000,17.58980
2025-08-13,17.57890,17.61620,17.45750,17.52920
2025-08-14,17.51540,17.67110,17.46750,17.57375
2025-08-15,17.57230,17.63550,17.50380,17.59090
2025-08-16,17.61000,17.61000,17.61000,17.61000
2025-08-18,17.58430,17.67455,17.54500,17.61940
2025-08-19,17.61890,17.69710,17.56500,17.67000
2025-08-20,17.66180,17.72906,17.62460,17.65480
2025-08-21,17.65480,17.76520,17.64420,17.70380
2025-08-22,17.71150,17.74526,17.41160,17.43160
2025-08-23,17.43160,17.43160,17.43160,17.43160
2025-08-25,17.45115,17.63673,17.39660,17.60830
2025-08-26,17.60230,17.68860,17.56350,17.61203
2025-08-27,17.61203,17.78030,17.58510,17.67866
2025-08-28,17.67790,17.72230,17.61000,17.68980
2025-08-29,17.68950,17.77480,17.61270,17.65620
2025-08-30,17.64070,17.65620,17.64070,17.65620
2025-09-01,17.65052,17.66494,17.52630,17.60739
2025-09-02,17.59420,17.78070,17.57630,17.68220
2025-09-03,17.67950,17.77520,17.59000,17.65040
2025-09-04,17.65220,17.81830,17.64280,17.76460
2025-09-05,17.76520,17.79420,17.50380,17.59190
2025-09-06,17.59560,17.60000,17.59560,17.60000
2025-09-08,17.60351,17.63035,17.45750,17.49610
2025-09-09,17.49630,17.55230,17.43880,17.52693
2025-09-10,17.53410,17.59560,17.44260,17.47320
2025-09-11,17.47320,17.56276,17.33890,17.34831
2025-09-12,17.37320,17.42110,17.33000,17.37346
2025-09-13,17.38860,17.38880,17.36470,17.36470
2025-09-15,17.36500,17.39620,17.29750,17.34920
2025-09-16,17.34930,17.40186,17.30380,17.33380
2025-09-17,17.33420,17.42626,17.24750,17.40270
2025-09-18,17.38960,17.48456,17.30750,17.33857
2025-09-19,17.34800,17.41720,17.30000,17.32750
2025-09-20,17.31500,17.35380,17.31500,17.32750
2025-09-22,17.31050,17.37454,17.24880,17.32950
2025-09-23,17.31500,17.38209,17.21500,17.23528
2025-09-24,17.24250,17.36400,17.20380,17.30250
2025-09-25,17.33150,17.48600,17.27380,17.42500
2025-09-26,17.41280,17.48260,17.31270,17.32000
2025-09-29,17.34297,17.35630,17.23750,17.25950
2025-09-30,17.25880,17.31005,17.20990,17.25640
2025-10-01,17.25650,17.28766,17.11630,17.22430
2025-10-02,17.22360,17.34220,17.15630,17.27988
2025-10-03,17.29250,17.32551,17.19000,17.21926
2025-10-04,17.21870,17.21890,17.21000,17.21000
2025-10-06,17.24426,17.30989,17.14130,17.16854
2025-10-07,17.16902,17.23780,17.13050,17.22980
2025-10-08,17.22970,17.26720,17.12230,17.12740
2025-10-09,17.14126,17.24310,17.052500,17.20419
2025-10-10,17.20476,17.49900,17.16340,17.47219
2025-10-11,17.47279,17.50590,17.44480,17.48770
2025-10-13,17.38980,17.41829,17.26000,17.31516
2025-10-14,17.31369,17.49879,17.27270,17.37162
2025-10-15,17.37173,17.39469,17.25720,17.33750
2025-10-16,17.33863,17.36616,17.25,17.32125
2025-10-17,17.32074,17.48507,17.29720,17.34981
2025-10-18,17.35076,17.36940,17.33070,17.35270
2025-10-20,17.37297,17.38360,17.20630,17.24872
2025-10-21,17.25219,17.45830,17.17500,17.40370
2025-10-22,17.41866,17.48415,17.33100,17.40490
2025-10-23,17.40706,17.44650,17.27830,17.32878
2025-10-24,17.32897,17.36840,17.20380,17.23680
2025-10-25,17.23640,17.25446,17.21000,17.24870
2025-10-27,17.20250,17.25950,17.16250,17.22630
2025-10-28,17.22888,17.29124,17.125,17.15730
2025-10-29,17.15758,17.24716,17.071301,17.19570
2025-10-30,17.19469,17.36150,17.14130,17.28180
2025-10-31,17.28303,17.38550,17.23780,17.33165
2025-11-01,17.33363,17.33724,17.30170,17.31430
2025-11-03,17.30358,17.35360,17.26380,17.30476
2025-11-04,17.30501,17.54320,17.28750,17.54030
2025-11-05,17.54063,17.57890,17.37750,17.40235
2025-11-06,17.40235,17.43880,17.29750,17.35650
2025-11-07,17.35480,17.40460,17.27380,17.29263
2025-11-08,17.28997,17.30950,17.27000,17.29170
2025-11-10,17.30316,17.31880,17.11750,17.14500
2025-11-11,17.14490,17.18360,17.11630,17.14330
2025-11-12,17.14060,17.17250,17.026300,17.087120
2025-11-13,17.088400,17.11390,16.9375,17.053400
2025-11-14,17.054640,17.20630,16.99000,17.12874
2025-11-15,17.12790,17.13940,17.067499,17.070240
2025-11-17,17.081011,17.21160,17.030001,17.21016
2025-11-18,17.20930,17.25982,17.14260,17.16458
2025-11-19,17.16230,17.26660,17.11880,17.23545
2025-11-20,17.23330,17.26370,17.12380,17.21531
2025-11-21,17.21510,17.47350,17.1875,17.37973
2025-11-22,17.37971,17.41440,17.35630,17.36640
2025-11-24,17.36370,17.39540,17.25130,17.29459
2025-11-25,17.29492,17.31773,17.19159,17.1991
2025-11-26,17.19938,17.23018,17.09435,17.14024
2025-11-27,17.14019,17.18366,17.11035,17.15545
2025-11-28,17.15558,17.18992,17.08732,17.11226
2025-11-29,17.11225,17.11812,17.10649,17.11483
2025-12-01,17.11697,17.16181,17.06227,17.09029
2025-12-02,17.09033,17.15217,17.07686,17.10713
2025-12-03,17.10714,17.13721,17.02941,17.04554
2025-12-04,17.0455,17.07491,16.94669,16.98937
2025-12-05,16.98916,17.00043,16.90255,16.94788
2025-12-06,16.94761,16.94903,16.92674,16.92947
2025-12-08,16.93671,17.06183,16.92464,17.03278
2025-12-09,17.03248,17.12571,17.01095,17.05445
2025-12-10,17.05415,17.06287,16.95392,16.95792
2025-12-11,16.95729,16.97776,16.82309,16.87197
2025-12-12,16.87144,16.90383,16.82341,16.87533
2025-12-13,16.87535,16.88941,16.86822,16.88667
2025-12-15,16.87323,16.89388,16.76463,16.79456
2025-12-16,16.79395,16.82319,16.71989,16.75137
2025-12-17,16.75133,16.78954,16.69622,16.76851
2025-12-18,16.76815,16.79595,16.7145,16.7451
2025-12-19,16.74474,16.7956,16.71909,16.74945
2025-12-20,16.74941,16.77672,16.74577,16.77618
2025-12-22,16.76909,16.77437,16.6883,16.7227
2025-12-23,16.72233,16.72523,16.66625,16.68641
2025-12-24,16.68613,16.6993,16.61468,16.63253
2025-12-25,16.66381,16.86767,16.65025,16.71471
2025-12-26,16.71066,16.77431,16.61364,16.67511
2025-12-27,16.67542,16.67547,16.65451,16.66652
2025-12-29,16.66773,16.73879,16.62117,16.68715
2025-12-30,16.68688,16.6913,16.57189,16.60773
2025-12-31,16.60769,16.62877,16.53506,16.53906
2026-01-01,16.51138,16.70134,16.4964,16.57247
2026-01-02,16.57199,16.59509,16.47317,16.49779
2026-01-03,16.49767,16.50334,16.49204,16.49643
2026-01-05,16.496,16.54126,16.35237,16.37625
2026-01-06,16.37625,16.4023,16.30548,16.36338
2026-01-07,16.36338,16.48537,16.34643,16.44507
2026-01-08,16.44509,16.55523,16.43792,16.53843
2026-01-09,16.53843,16.58456,16.46597,16.4998
2026-01-10,16.49986,16.51797,16.47676,16.50901
2026-01-11,16.50907,16.54715,16.48272,16.50448
2026-01-12,16.50457,16.51541,16.36742,16.39539
2026-01-13,16.39558,16.4701,16.38236,16.40906
2026-01-14,16.40932,16.44431,16.33599,16.43412
2026-01-15,16.43412,16.43535,16.31605,16.33051
2026-01-16,16.33075,16.471,16.32651,16.41979
2026-01-17,16.4199,16.42549,16.39331,16.41004
2026-01-18,16.41139,16.47498,16.39326,16.46002
2026-01-19,16.45971,16.48376,16.36664,16.39154
2026-01-20,16.39153,16.48556,16.36514,16.42468
2026-01-21,16.42496,16.44214,16.2358,16.2713
2026-01-22,16.27184,16.28764,16.13422,16.14535
2026-01-23,16.14495,16.21575,16.08058,16.12532
2026-01-24,16.1255,16.14391,16.10124,16.10582
2026-01-25,16.10587,16.16299,16.06716,16.10287
2026-01-26,16.10115,16.11591,15.94006,16.03965
2026-01-27,16.03938,16.07366,15.95695,15.97427
2026-01-28,15.97424,15.98702,15.78119,15.87437
2026-01-29,15.87431,15.93298,15.63635,15.7716
2026-01-30,15.77262,16.20577,15.72542,16.11493
2026-01-31,16.11512,16.18535,16.09958,16.15988
2026-02-01,16.16124,16.2138,16.09636,16.1274
2026-02-02,16.12705,16.30822,15.95714,16.10271
2026-02-03,16.10353,16.12399,15.91373,15.98589
2026-02-04,15.98563,16.14229,15.90511,16.06705
2026-02-05,16.06681,16.25136,16.05383,16.20216
2026-02-06,16.20263,16.41744,16.00543,16.03918
2026-02-07,16.03909,16.06296,16.02173,16.02626
2026-02-08,16.02604,16.03592,16.02522,16.02621
2026-02-09,16.011061,16.074169,15.86630,15.88803
2026-02-10,15.88776,15.97546,15.88261,15.94094
2026-02-11,15.94066,15.96416,15.83969,15.87185
2026-02-12,15.87176,15.99007,15.81167,15.94452
2026-02-13,15.94417,16.07575,15.93055,15.9592
2026-02-14,15.95887,15.97594,15.93834,15.96764
2026-02-15,15.96731,16.00301,15.87481,15.94932
2026-02-16,15.94909,16.00047,15.8791,15.97486
2026-02-17,15.97457,16.11217,15.93802,16.0137
2026-02-18,16.01327,16.10766,15.95388,16.08757
2026-02-19,16.08775,16.22341,16.02315,16.1726
2026-02-20,16.17266,16.19632,16.00989,16.04549
2026-02-21,16.04488,16.05214,16.02069,16.03662
2026-02-22,16.03626,16.05637,16.0002,16.04697
2026-02-23,16.04643,16.06097,15.95332,16.01956
2026-02-24,16.0194,16.04773,15.93433,15.96181
2026-02-25,15.9613,15.98874,15.83044,15.84525
2026-02-26,15.84506,16.0061,15.83379,15.91655
2026-02-27,15.91607,15.99852,15.87209,15.91097
2026-02-28,15.91097,15.94033,15.88277,15.89305
2026-03-01,15.89275,16.17733,15.88761,16.0425
2026-03-02,16.02709,16.22006,15.94569,16.04602
2026-03-03,16.04542,16.74250,16.0447,16.47485
2026-03-04,16.47349,16.63035,16.27556,16.32949
2026-03-05,16.32961,16.74656,16.31578,16.73895
2026-03-06,16.73941,16.80809,16.55262,16.5957
2026-03-07,16.59525,16.60512,16.52902,16.56159
2026-03-08,16.56127,16.70621,16.54021,16.6574
2026-03-09,16.6584,16.91378,16.32437,16.36451
2026-03-10,16.36411,16.4522,16.13439,16.30022
2026-03-11,16.30091,16.51058,16.21109,16.47725
2026-03-12,16.477,16.80105,16.45546,16.7948
2026-03-13,16.79399,16.96337,16.72194,16.94048
2026-03-14,16.93985,16.97463,16.85913,16.87877
2026-03-15,16.87848,16.9586,16.792,16.94542
2026-03-16,16.9451,16.95186,16.63372,16.66925
2026-03-17,16.66943,16.77297,16.60417,16.67969
2026-03-18,16.67995,16.96274,16.58154,16.96253
2026-03-19,16.96259,17.09033,16.70144,16.77606
2026-03-20,16.77579,17.1277,16.72264,17.09766
2026-03-21,17.09767,17.13754,16.94093,16.9972
2026-03-22,16.99701,17.09592,16.96687,17.05705
2026-03-23,17.0566,17.24798,16.61249,16.82155
2026-03-24,16.82097,17.13113,16.79884,17.05025
2026-03-25,17.05044,17.05054,16.83627,16.94021
2026-03-26,16.9397,17.16097,16.93173,17.15787
2026-03-27,17.15775,17.21692,17.01442,17.1284
2026-03-28,17.12758,17.14741,17.07481,17.09271
2026-03-29,17.09264,17.1873,17.04647,17.12279
2026-03-30,17.12276,17.21279,17.03605,17.18137
2026-03-31,17.18155,17.22908,16.91142,16.91425
2026-04-01,16.91429,16.95104,16.73437,16.84086
2026-04-02,16.84092,17.05062,16.79213,16.93296
2026-04-03,16.93317,17.01375,16.89127,16.99059
2026-04-04,16.99063,17.00657,16.93746,16.98279
2026-04-05,16.9829,17.0819,16.93991,16.96994
2026-04-06,16.97054,17.03721,16.774,16.86094
2026-04-07,16.86017,16.94924,16.77436,16.80359
2026-04-08,16.80469,16.88982,16.26876,16.39151
2026-04-09,16.39164,16.50602,16.29003,16.3843
2026-04-10,16.38185,16.47256,16.32686,16.40581
2026-04-11,16.40589,16.44173,16.4033,16.40753
2026-04-12,16.40759,16.61734,16.38666,16.53681
2026-04-13,16.53901,16.6201,16.38508,16.42078
2026-04-14,16.42159,16.4469,16.31359,16.34361
2026-04-15,16.3434,16.435,16.31643,16.37486
2026-04-16,16.37451,16.44467,16.31378,16.40944
2026-04-17,16.40993,16.47181,16.14306,16.31152
2026-04-18,16.31197,16.37133,16.29447,16.31537
2026-04-19,16.31529,16.3966,16.25608,16.36991
2026-04-20,16.36986,16.47424,16.30745,16.36579
2026-04-21,16.36618,16.58777,16.34421,16.49669
2026-04-22,16.49634,16.5207,16.40969,16.46834
2026-04-23,16.46803,16.67306,16.44801,16.63706
2026-04-24,16.63695,16.68234,16.50125,16.53491
2026-04-25,16.53521,16.5554,16.5159,16.52676
2026-04-26,16.52659,16.62913,16.50762,16.60328
2026-04-27,16.60365,16.66041,16.46009,16.54188
2026-04-28,16.54128,16.64778,16.50402,16.54319
2026-04-29,16.54293,16.88598,16.52681,16.83439
2026-04-30,16.8342,16.91789,16.64081,16.67175
2026-05-01,16.67274,16.7567,16.54836,16.65579
2026-05-02,16.64145,16.65972,16.63436,16.64145
2026-05-03,16.64362,16.72243,16.54413,16.59062
2026-05-04,16.59728,16.87278,16.52202,16.79556
2026-05-05,16.80516,16.84129,16.61565,16.67152
2026-05-06,16.67135,16.67919,16.27895,16.38666
2026-05-07,16.38606,16.51224,16.23931,16.50657
2026-05-08,16.49404,16.52078,16.34519,16.38197
2026-05-09,16.3778,16.40934,16.342,16.39785
2026-05-10,16.39754,16.45997,16.33827,16.42499
2026-05-11,16.42369,16.49701,16.34055,16.43641
